,stockVWAP,futureVWAP,stockTopBidVol,stockTopAskVol,stockTopBidPrice,stockTopAskPrice,futureTopBidVol,futureTopAskVol,futureTopBidPrice,futureTopAskPrice,stockNextBidVol,stockNextAskVol,stockNextBidPrice,stockNextAskPrice,futureNextBidVol,futureNextAskVol,futureNextBidPrice,futureNextAskPrice,stockTotalBidVol,stockTotalAskVol,futureTotalBidVol,futureTotalAskVol,stockAverageBidPrice,stockAverageAskPrice,futureAverageBidPrice,futureAverageAskPrice,midBasis,FairValue
2017-03-01 09:16:00,229.232,229.229,2471.000,32.000,229.05,229.10,7500.000,2500.000,229.10,229.40,318.000,10.000,229.00,229.25,2500.000,2500.000,229.05,229.50,6154.000,558.000,17500.000,17500.000,228.947,229.350,229.014,229.600,-0.175,0.047
2017-03-01 09:17:00,228.743,228.615,449.000,300.000,228.70,228.95,5000.000,2500.000,228.60,228.70,328.000,1465.000,228.65,229.00,5000.000,2500.000,228.55,228.85,4156.000,6887.000,20000.000,45000.000,228.515,229.075,228.519,228.911,0.175,-0.001
2017-03-01 09:18:00,228.665,228.508,139.000,277.000,228.60,228.65,2500.000,2500.000,228.40,228.65,50.000,203.000,228.45,228.70,2500.000,5000.000,228.35,228.70,3758.000,2213.000,15000.000,17500.000,228.284,228.772,228.292,228.743,0.100,-0.007
2017-03-01 09:19:00,228.344,228.214,5.000,661.000,228.30,228.45,5000.000,5000.000,228.30,228.50,108.000,381.000,228.25,228.50,2500.000,5000.000,228.20,228.65,1638.000,2853.000,15000.000,65000.000,228.141,228.558,228.183,228.812,-0.025,-0.016
2017-03-01 09:20:00,228.238,228.271,1405.000,25.000,228.00,228.10,5000.000,2500.000,228.20,228.45,2500.000,287.000,227.95,228.25,2500.000,5000.000,228.15,228.50,9101.000,1415.000,20000.000,27500.000,227.887,228.344,228.088,228.591,-0.275,-0.010
2017-03-01 09:21:00,228.328,228.472,250.000,3413.000,228.35,228.50,5000.000,2500.000,228.35,228.55,631.000,339.000,228.30,228.55,5000.000,12500.000,228.30,228.65,2110.000,8456.000,22500.000,22500.000,228.238,228.618,228.256,228.672,-0.025,0.029
2017-03-01 09:22:00,228.382,228.496,476.000,76.000,228.35,228.45,5000.000,2500.000,228.35,228.60,310.000,175.000,228.30,228.50,2500.000,2500.000,228.30,228.65,2426.000,2504.000,20000.000,15000.000,228.230,228.601,228.250,228.708,-0.075,0.057
2017-03-01 09:23:00,228.444,228.316,150.000,426.000,228.50,228.55,7500.000,2500.000,228.40,228.60,952.000,910.000,228.35,228.60,2500.000,2500.000,228.30,228.70,3662.000,4808.000,20000.000,50000.000,228.288,228.684,228.281,228.855,0.025,0.056
2017-03-01 09:24:00,228.638,228.554,3311.000,23.000,228.60,228.70,7500.000,2500.000,228.55,228.70,304.000,5.000,228.55,228.75,5000.000,5000.000,228.50,228.85,6053.000,4078.000,20000.000,50000.000,228.531,228.856,228.481,228.903,0.025,0.065
2017-03-01 09:25:00,228.498,228.500,883.000,1340.000,228.40,228.50,10000.000,10000.000,228.40,228.55,2849.000,155.000,228.35,228.60,5000.000,5000.000,228.30,228.60,8497.000,5325.000,27500.000,22500.000,228.298,228.676,228.255,228.622,-0.025,0.062
2017-03-01 09:26:00,228.366,228.317,1633.000,19.000,228.30,228.35,2500.000,37500.000,228.25,228.50,754.000,50.000,228.25,228.50,2500.000,5000.000,228.20,228.55,5020.000,2987.000,22500.000,52500.000,228.211,228.618,228.028,228.543,-0.050,0.050
2017-03-01 09:27:00,228.478,228.453,226.000,277.000,228.50,228.55,5000.000,5000.000,228.45,228.55,1856.000,367.000,228.45,228.60,5000.000,2500.000,228.40,228.75,7049.000,7667.000,25000.000,47500.000,228.337,228.710,228.350,228.847,0.025,0.062
2017-03-01 09:28:00,228.566,228.439,2482.000,23.000,228.50,228.55,2500.000,2500.000,228.50,228.70,349.000,74.000,228.45,228.65,2500.000,5000.000,228.45,228.75,5345.000,2046.000,15000.000,55000.000,228.426,228.755,228.392,228.861,-0.075,0.009
2017-03-01 09:29:00,228.543,228.412,75.000,36.000,228.55,228.60,2500.000,2500.000,228.50,228.70,1795.000,414.000,228.50,228.70,2500.000,2500.000,228.45,228.75,3064.000,4632.000,15000.000,45000.000,228.461,228.786,228.367,228.872,-0.025,-0.043
2017-03-01 09:30:00,228.780,228.798,2411.000,42.000,228.70,228.75,5000.000,35000.000,228.70,228.90,864.000,270.000,228.65,228.80,5000.000,2500.000,228.65,229.00,6921.000,2267.000,25000.000,47500.000,228.600,228.886,228.595,228.945,-0.075,-0.067
2017-03-01 09:31:00,228.576,228.586,2362.000,21.000,228.55,228.65,5000.000,2500.000,228.55,228.75,270.000,121.000,228.50,228.70,5000.000,5000.000,228.50,228.85,4641.000,3683.000,20000.000,42500.000,228.474,228.812,228.456,228.900,-0.050,-0.066
2017-03-01 09:32:00,228.768,228.688,1290.000,70.000,228.65,228.75,7500.000,2500.000,228.70,228.75,300.000,1281.000,228.60,228.80,5000.000,2500.000,228.60,228.85,8535.000,4711.000,27500.000,35000.000,228.508,228.855,228.550,228.918,-0.025,-0.106
2017-03-01 09:33:00,228.680,228.819,22.000,685.000,228.60,228.70,2500.000,7500.000,228.75,228.95,10.000,492.000,228.55,228.75,2500.000,5000.000,228.70,229.00,6034.000,3953.000,17500.000,27500.000,228.494,228.812,228.586,229.068,-0.200,-0.083
2017-03-01 09:34:00,228.869,228.997,2.000,773.000,228.85,228.95,2500.000,2500.000,229.00,229.10,1816.000,3543.000,228.80,229.00,5000.000,10000.000,228.80,229.15,5053.000,7830.000,22500.000,22500.000,228.759,229.041,228.744,229.194,-0.150,-0.075
2017-03-01 09:35:00,229.561,229.700,163.000,29.000,229.45,229.50,2500.000,2500.000,229.60,229.75,364.000,1980.000,229.40,229.55,5000.000,2500.000,229.55,229.80,8844.000,3727.000,17500.000,12500.000,229.301,229.598,229.471,229.850,-0.200,-0.064
2017-03-01 09:36:00,229.783,229.787,900.000,43.000,229.65,229.85,5000.000,2500.000,229.75,229.95,145.000,78.000,229.60,229.90,2500.000,10000.000,229.60,230.00,8237.000,6027.000,17500.000,22500.000,229.505,230.007,229.586,230.067,-0.100,-0.066
2017-03-01 09:37:00,229.507,229.629,6.000,251.000,229.60,229.65,2500.000,10000.000,229.60,229.85,52.000,304.000,229.50,229.70,2500.000,5000.000,229.55,229.90,1138.000,3478.000,12500.000,30000.000,229.382,229.798,229.470,229.942,-0.100,-0.042
2017-03-01 09:38:00,229.625,229.646,880.000,61.000,229.65,229.70,2500.000,2500.000,229.60,229.70,110.000,81.000,229.60,229.80,2500.000,2500.000,229.55,229.75,5158.000,9909.000,15000.000,15000.000,229.520,229.974,229.492,229.817,0.025,-0.070
2017-03-01 09:39:00,229.669,229.757,306.000,364.000,229.65,229.80,2500.000,7500.000,229.70,229.90,160.000,1149.000,229.60,229.85,2500.000,2500.000,229.60,229.95,4885.000,8638.000,15000.000,22500.000,229.497,229.942,229.550,229.978,-0.075,-0.067
2017-03-01 09:40:00,229.719,229.807,504.000,81.000,229.80,229.85,2500.000,2500.000,229.80,229.90,149.000,577.000,229.75,229.90,2500.000,5000.000,229.75,230.00,2079.000,9969.000,12500.000,25000.000,229.674,229.984,229.700,230.145,-0.025,-0.067
2017-03-01 09:41:00,229.750,229.761,59.000,395.000,229.60,229.70,2500.000,2500.000,229.75,229.90,489.000,125.000,229.55,229.75,2500.000,2500.000,229.70,229.95,8189.000,2900.000,12500.000,22500.000,229.452,229.826,229.650,230.022,-0.175,-0.091
2017-03-01 09:42:00,229.622,229.626,9.000,355.000,229.45,229.50,7500.000,5000.000,229.55,229.70,111.000,111.000,229.40,229.55,5000.000,5000.000,229.50,229.90,6456.000,1470.000,20000.000,27500.000,229.260,229.625,229.481,229.918,-0.150,-0.106
2017-03-01 09:43:00,229.357,229.516,2566.000,72.000,229.30,229.35,2500.000,2500.000,229.40,229.60,2000.000,137.000,229.25,229.40,5000.000,7500.000,229.35,229.65,7237.000,2433.000,25000.000,22500.000,229.218,229.516,229.290,229.700,-0.175,-0.068
2017-03-01 09:44:00,229.675,229.750,2313.000,120.000,229.50,229.60,5000.000,2500.000,229.65,229.85,965.000,92.000,229.45,229.65,5000.000,2500.000,229.60,229.90,10770.000,2582.000,22500.000,20000.000,229.378,229.816,229.561,229.963,-0.200,-0.062
2017-03-01 09:45:00,229.768,229.853,424.000,67.000,229.60,229.65,2500.000,2500.000,229.75,229.95,660.000,51.000,229.55,229.70,2500.000,5000.000,229.65,230.00,7475.000,743.000,20000.000,17500.000,229.450,229.802,229.588,230.050,-0.225,-0.041
2017-03-01 09:46:00,229.844,229.975,981.000,196.000,229.75,229.90,7500.000,2500.000,229.80,230.05,1455.000,191.000,229.70,229.95,7500.000,2500.000,229.75,230.10,5956.000,4419.000,32500.000,22500.000,229.633,230.039,229.708,230.194,-0.100,0.012
2017-03-01 09:47:00,230.138,230.217,2500.000,50.000,230.00,230.10,5000.000,2500.000,230.10,230.30,363.000,144.000,229.95,230.15,2500.000,7500.000,230.05,230.40,13119.000,3231.000,30000.000,27500.000,229.890,230.255,229.979,230.455,-0.150,0.043
2017-03-01 09:48:00,230.665,230.633,200.000,772.000,230.60,230.65,5000.000,2500.000,230.55,230.75,1539.000,305.000,230.50,230.70,7500.000,2500.000,230.50,230.85,7903.000,4317.000,27500.000,30000.000,230.366,230.780,230.450,230.950,-0.025,0.040
2017-03-01 09:49:00,230.488,230.536,860.000,1.000,230.50,230.55,7500.000,5000.000,230.50,230.65,210.000,1.000,230.45,230.60,5000.000,5000.000,230.40,230.70,2806.000,2586.000,25000.000,27500.000,230.401,230.737,230.380,230.755,-0.050,0.067
2017-03-01 09:50:00,230.238,230.217,1380.000,15.000,230.20,230.30,5000.000,2500.000,230.15,230.30,111.000,362.000,230.15,230.35,5000.000,2500.000,230.10,230.35,6206.000,5825.000,22500.000,22500.000,230.070,230.467,230.061,230.406,0.025,0.079
2017-03-01 09:51:00,230.081,229.948,9.000,454.000,230.00,230.05,2500.000,5000.000,229.90,230.15,69.000,620.000,229.90,230.10,2500.000,5000.000,229.85,230.20,3349.000,2291.000,17500.000,35000.000,229.777,230.138,229.779,230.264,0.000,0.061
2017-03-01 09:52:00,230.024,229.950,365.000,68.000,229.90,230.05,2500.000,2500.000,229.90,230.10,630.000,267.000,229.85,230.10,2500.000,2500.000,229.85,230.15,7776.000,4546.000,17500.000,25000.000,229.753,230.222,229.793,230.230,-0.025,0.073
2017-03-01 09:53:00,229.909,229.887,412.000,47.000,229.80,229.90,10000.000,2500.000,229.70,229.95,105.000,421.000,229.75,229.95,2500.000,7500.000,229.65,230.05,3867.000,2263.000,30000.000,20000.000,229.616,230.013,229.604,230.094,0.025,0.062
2017-03-01 09:54:00,229.893,229.809,49.000,436.000,229.85,229.90,7500.000,2500.000,229.70,229.90,1360.000,21.000,229.80,229.95,5000.000,10000.000,229.65,229.95,3720.000,2919.000,30000.000,27500.000,229.737,230.010,229.596,230.005,0.075,0.041
2017-03-01 09:55:00,229.972,229.890,22.000,659.000,229.75,229.90,5000.000,2500.000,229.75,230.00,2066.000,309.000,229.70,229.95,7500.000,5000.000,229.70,230.05,7751.000,2069.000,30000.000,22500.000,229.596,229.982,229.658,230.128,-0.050,0.030
2017-03-01 09:56:00,229.673,229.631,10.000,243.000,229.55,229.60,2500.000,32500.000,229.60,229.70,1578.000,39.000,229.50,229.65,7500.000,2500.000,229.50,229.75,8359.000,2206.000,22500.000,45000.000,229.405,229.749,229.456,229.739,-0.075,0.006
2017-03-01 09:57:00,229.475,229.342,104.000,5.000,229.35,229.40,2500.000,50000.000,229.40,229.50,160.000,891.000,229.30,229.50,7500.000,2500.000,229.20,229.55,8671.000,4070.000,25000.000,85000.000,229.197,229.595,229.160,229.574,-0.075,-0.017
2017-03-01 09:58:00,229.408,229.438,899.000,193.000,229.30,229.35,2500.000,2500.000,229.40,229.45,2618.000,149.000,229.25,229.40,7500.000,2500.000,229.20,229.50,10465.000,2270.000,27500.000,12500.000,229.183,229.512,229.159,229.550,-0.100,-0.031
2017-03-01 09:59:00,229.245,229.269,110.000,776.000,229.05,229.25,5000.000,2500.000,229.10,229.30,442.000,296.000,229.00,229.30,2500.000,2500.000,229.05,229.35,10309.000,5520.000,30000.000,15000.000,228.879,229.385,228.996,229.400,-0.050,-0.028
2017-03-01 10:00:00,229.106,229.077,54.000,42.000,229.00,229.05,2500.000,2500.000,229.00,229.20,110.000,17.000,228.95,229.10,5000.000,2500.000,228.95,229.25,2829.000,1010.000,17500.000,20000.000,228.846,229.218,228.893,229.325,-0.075,-0.056
2017-03-01 10:01:00,229.262,229.339,452.000,287.000,229.10,229.25,2500.000,2500.000,229.20,229.40,701.000,73.000,229.05,229.30,5000.000,7500.000,229.15,229.45,9433.000,3764.000,27500.000,20000.000,228.964,229.401,229.095,229.488,-0.125,-0.055
2017-03-01 10:02:00,229.338,229.320,507.000,41.000,229.20,229.30,2500.000,5000.000,229.40,229.50,803.000,905.000,229.15,229.35,7500.000,5000.000,229.30,229.55,12054.000,4455.000,22500.000,52500.000,229.057,229.448,229.250,229.657,-0.200,-0.087
2017-03-01 10:03:00,229.269,229.369,163.000,392.000,229.20,229.25,2500.000,2500.000,229.25,229.45,100.000,148.000,229.15,229.30,5000.000,5000.000,229.20,229.50,5677.000,3362.000,17500.000,15000.000,228.980,229.399,229.150,229.542,-0.125,-0.085
2017-03-01 10:04:00,229.244,229.253,354.000,521.000,229.05,229.20,2500.000,2500.000,229.20,229.35,550.000,184.000,229.00,229.25,5000.000,2500.000,229.10,229.40,9024.000,3437.000,20000.000,20000.000,228.884,229.327,229.050,229.456,-0.150,-0.093
2017-03-01 10:05:00,229.003,229.117,39.000,310.000,228.90,229.05,7500.000,2500.000,229.00,229.20,399.000,130.000,228.85,229.10,2500.000,2500.000,228.95,229.25,6976.000,5310.000,17500.000,12500.000,228.736,229.224,228.929,229.300,-0.125,-0.079
2017-03-01 10:06:00,228.972,229.042,587.000,982.000,228.80,229.00,2500.000,5000.000,229.00,229.10,1240.000,364.000,228.75,229.05,5000.000,2500.000,228.95,229.15,9780.000,4873.000,15000.000,17500.000,228.682,229.122,228.908,229.186,-0.150,-0.073
2017-03-01 10:07:00,228.999,229.142,3857.000,300.000,228.85,229.05,2500.000,2500.000,229.05,229.20,3823.000,267.000,228.80,229.10,2500.000,2500.000,229.00,229.25,16360.000,7177.000,17500.000,15000.000,228.763,229.217,228.943,229.300,-0.175,-0.054
2017-03-01 10:08:00,229.013,229.100,2299.000,631.000,228.85,229.00,2500.000,2500.000,229.05,229.15,3659.000,424.000,228.80,229.05,2500.000,2500.000,229.00,229.20,13672.000,3869.000,17500.000,17500.000,228.757,229.120,228.943,229.257,-0.175,-0.041
2017-03-01 10:09:00,229.136,229.186,99.000,60.000,229.05,229.10,5000.000,7500.000,229.10,229.25,5901.000,468.000,229.00,229.15,2500.000,2500.000,229.05,229.30,15467.000,4863.000,27500.000,25000.000,228.900,229.235,228.995,229.350,-0.100,-0.037
2017-03-01 10:10:00,229.070,229.110,2599.000,1021.000,229.00,229.10,2500.000,2500.000,229.05,229.25,60.000,613.000,228.95,229.20,10000.000,2500.000,229.00,229.30,6260.000,5096.000,27500.000,32500.000,228.907,229.258,228.964,229.381,-0.100,-0.046
2017-03-01 10:11:00,229.068,229.111,3299.000,159.000,229.00,229.05,10000.000,2500.000,229.05,229.25,216.000,568.000,228.95,229.20,10000.000,2500.000,229.00,229.30,7906.000,5398.000,32500.000,35000.000,228.902,229.283,228.985,229.379,-0.125,-0.064
2017-03-01 10:12:00,229.090,229.138,3148.000,1698.000,229.00,229.20,7500.000,2500.000,229.05,229.30,501.000,520.000,228.95,229.25,7500.000,12500.000,229.00,229.35,7196.000,6714.000,27500.000,35000.000,228.919,229.314,228.977,229.396,-0.075,-0.087
2017-03-01 10:13:00,229.046,229.067,2279.000,961.000,229.00,229.15,7500.000,5000.000,229.00,229.20,218.000,1066.000,228.90,229.20,5000.000,5000.000,228.95,229.25,6456.000,6666.000,22500.000,27500.000,228.868,229.259,228.928,229.300,-0.025,-0.123
2017-03-01 10:14:00,228.990,229.023,34.000,624.000,228.90,229.05,2500.000,2500.000,229.00,229.10,882.000,2516.000,228.85,229.10,5000.000,2500.000,228.95,229.15,9193.000,8982.000,15000.000,17500.000,228.747,229.178,228.908,229.221,-0.075,-0.154
2017-03-01 10:15:00,229.086,229.169,4085.000,1433.000,228.85,229.05,2500.000,5000.000,229.10,229.30,2921.000,820.000,228.80,229.10,12500.000,10000.000,229.05,229.35,18340.000,4046.000,30000.000,35000.000,228.741,229.145,229.017,229.414,-0.250,-0.149
2017-03-01 10:16:00,229.166,229.300,801.000,79.000,229.10,229.15,2500.000,5000.000,229.20,229.35,600.000,300.000,229.05,229.20,2500.000,2500.000,229.15,229.40,8809.000,4583.000,22500.000,20000.000,228.973,229.298,229.078,229.444,-0.150,-0.111
2017-03-01 10:17:00,229.265,229.429,657.000,23.000,229.15,229.30,2500.000,5000.000,229.30,229.45,160.000,1248.000,229.10,229.35,15000.000,2500.000,229.25,229.50,11672.000,8469.000,35000.000,17500.000,228.998,229.444,229.207,229.550,-0.150,-0.109
2017-03-01 10:18:00,229.177,229.380,155.000,1284.000,229.15,229.30,2500.000,2500.000,229.25,229.35,50.000,1634.000,229.10,229.35,7500.000,5000.000,229.20,229.45,4699.000,9548.000,32500.000,17500.000,228.982,229.416,229.146,229.486,-0.075,-0.072
2017-03-01 10:19:00,229.189,229.374,288.000,835.000,229.20,229.30,7500.000,2500.000,229.25,229.35,836.000,1241.000,229.15,229.35,5000.000,5000.000,229.20,229.45,4071.000,9100.000,35000.000,17500.000,229.053,229.426,229.157,229.486,-0.050,-0.053
2017-03-01 10:20:00,229.304,229.365,999.000,640.000,229.20,229.40,15000.000,2500.000,229.30,229.50,934.000,1538.000,229.15,229.45,7500.000,2500.000,229.25,229.55,6904.000,7559.000,42500.000,40000.000,229.059,229.512,229.218,229.666,-0.100,-0.056
2017-03-01 10:21:00,229.426,229.370,150.000,438.000,229.25,229.35,2500.000,2500.000,229.35,229.55,1910.000,30.000,229.20,229.40,7500.000,2500.000,229.30,229.60,6602.000,1317.000,22500.000,40000.000,229.120,229.448,229.250,229.688,-0.150,-0.059
2017-03-01 10:22:00,229.206,229.360,499.000,159.000,229.20,229.25,2500.000,2500.000,229.25,229.40,595.000,343.000,229.15,229.30,2500.000,2500.000,229.20,229.45,3745.000,4174.000,22500.000,15000.000,229.057,229.411,229.144,229.508,-0.100,-0.029
2017-03-01 10:23:00,229.326,229.342,799.000,200.000,229.20,229.25,2500.000,2500.000,229.40,229.50,1156.000,321.000,229.15,229.30,5000.000,5000.000,229.30,229.55,11388.000,2314.000,22500.000,40000.000,229.066,229.409,229.250,229.659,-0.225,-0.045
2017-03-01 10:24:00,229.364,229.453,499.000,60.000,229.30,229.45,5000.000,2500.000,229.40,229.60,627.000,795.000,229.25,229.50,12500.000,2500.000,229.35,229.65,5341.000,5769.000,30000.000,42500.000,229.159,229.597,229.317,229.709,-0.125,-0.054
2017-03-01 10:25:00,229.428,229.503,859.000,32.000,229.30,229.45,2500.000,5000.000,229.50,229.65,389.000,664.000,229.25,229.50,12500.000,22500.000,229.40,229.70,8742.000,4140.000,30000.000,52500.000,229.184,229.615,229.358,229.740,-0.200,-0.051
2017-03-01 10:26:00,229.441,229.402,272.000,30.000,229.30,229.35,5000.000,5000.000,229.40,229.60,205.000,666.000,229.20,229.40,5000.000,5000.000,229.35,229.65,8324.000,1904.000,25000.000,57500.000,229.090,229.469,229.310,229.724,-0.175,-0.080
2017-03-01 10:27:00,229.380,229.385,3036.000,358.000,229.15,229.30,5000.000,2500.000,229.40,229.55,2315.000,110.000,229.10,229.40,2500.000,5000.000,229.30,229.60,20714.000,4528.000,25000.000,40000.000,229.029,229.503,229.260,229.684,-0.250,-0.102
2017-03-01 10:28:00,229.256,229.353,2104.000,415.000,229.10,229.20,2500.000,2500.000,229.25,229.40,2565.000,686.000,229.05,229.25,2500.000,5000.000,229.20,229.45,13316.000,2926.000,22500.000,17500.000,228.986,229.311,229.144,229.493,-0.175,-0.112
2017-03-01 10:29:00,229.113,229.244,1773.000,355.000,229.00,229.05,2500.000,2500.000,229.15,229.25,500.000,110.000,228.90,229.15,2500.000,5000.000,229.10,229.30,14592.000,5346.000,25000.000,17500.000,228.829,229.230,229.025,229.343,-0.175,-0.109
2017-03-01 10:30:00,229.069,229.132,287.000,660.000,228.90,229.00,2500.000,2500.000,229.10,229.20,3380.000,10.000,228.85,229.05,12500.000,7500.000,229.00,229.25,13947.000,2107.000,22500.000,20000.000,228.787,229.123,228.978,229.287,-0.200,-0.113
2017-03-01 10:31:00,229.059,229.162,656.000,394.000,229.00,229.05,2500.000,10000.000,229.05,229.25,144.000,634.000,228.95,229.10,15000.000,5000.000,229.00,229.30,5989.000,4468.000,27500.000,25000.000,228.838,229.196,228.968,229.325,-0.125,-0.094
2017-03-01 10:32:00,229.093,229.208,334.000,10.000,229.00,229.10,2500.000,2500.000,229.10,229.20,60.000,110.000,228.95,229.15,5000.000,5000.000,229.05,229.25,8159.000,5624.000,30000.000,15000.000,228.841,229.248,228.992,229.292,-0.100,-0.090
2017-03-01 10:33:00,229.078,229.225,1000.000,290.000,229.05,229.10,2500.000,2500.000,229.10,229.25,1390.000,324.000,229.00,229.15,7500.000,2500.000,229.05,229.30,4127.000,3032.000,32500.000,17500.000,228.954,229.233,229.004,229.350,-0.100,-0.076
2017-03-01 10:34:00,229.142,229.258,1619.000,130.000,229.00,229.15,2500.000,2500.000,229.15,229.30,204.000,50.000,228.95,229.20,5000.000,5000.000,229.10,229.35,10413.000,5507.000,27500.000,20000.000,228.857,229.292,229.036,229.406,-0.150,-0.079
2017-03-01 10:35:00,229.057,229.142,856.000,477.000,229.00,229.05,5000.000,2500.000,229.05,229.25,335.000,185.000,228.90,229.15,12500.000,5000.000,229.00,229.30,7234.000,5354.000,25000.000,22500.000,228.814,229.235,228.980,229.356,-0.125,-0.065
2017-03-01 10:36:00,229.534,229.542,69.000,30.000,229.40,229.45,7500.000,17500.000,229.50,229.70,268.000,141.000,229.35,229.50,2500.000,10000.000,229.45,229.75,5902.000,2259.000,25000.000,55000.000,229.250,229.659,229.410,229.770,-0.175,-0.079
2017-03-01 10:37:00,229.616,229.708,249.000,27.000,229.55,229.65,2500.000,2500.000,229.65,229.75,785.000,539.000,229.50,229.70,2500.000,5000.000,229.60,229.85,5967.000,5634.000,22500.000,25000.000,229.398,229.782,229.533,229.920,-0.100,-0.082
2017-03-01 10:38:00,229.786,229.864,199.000,21.000,229.70,229.75,2500.000,5000.000,229.80,229.95,1027.000,613.000,229.60,229.80,5000.000,7500.000,229.75,230.00,10842.000,4499.000,15000.000,20000.000,229.496,229.901,229.708,230.031,-0.150,-0.097
2017-03-01 10:39:00,230.009,230.139,129.000,110.000,230.00,230.05,2500.000,2500.000,230.10,230.20,392.000,60.000,229.90,230.10,5000.000,2500.000,230.05,230.30,13103.000,11958.000,20000.000,27500.000,229.788,230.215,229.988,230.427,-0.125,-0.088
2017-03-01 10:40:00,229.957,229.974,683.000,528.000,229.75,229.95,2500.000,7500.000,229.90,230.10,522.000,435.000,229.70,230.00,2500.000,2500.000,229.85,230.15,9848.000,4419.000,17500.000,25000.000,229.586,230.093,229.786,230.195,-0.150,-0.126
2017-03-01 10:41:00,229.753,229.831,664.000,520.000,229.65,229.70,2500.000,12500.000,229.75,229.95,699.000,112.000,229.60,229.75,5000.000,5000.000,229.70,230.00,6624.000,2678.000,17500.000,27500.000,229.499,229.839,229.643,230.014,-0.175,-0.136
2017-03-01 10:42:00,229.616,229.722,122.000,294.000,229.65,229.80,5000.000,2500.000,229.65,229.80,784.000,1808.000,229.60,229.85,2500.000,2500.000,229.60,229.85,3680.000,11819.000,25000.000,25000.000,229.511,229.935,229.540,229.915,0.000,-0.147
2017-03-01 10:43:00,229.636,229.790,121.000,486.000,229.65,229.70,10000.000,5000.000,229.70,229.85,354.000,111.000,229.60,229.75,5000.000,5000.000,229.65,229.90,4137.000,6363.000,27500.000,22500.000,229.513,229.919,229.618,229.933,-0.100,-0.155
2017-03-01 10:44:00,229.703,229.790,109.000,248.000,229.60,229.65,2500.000,5000.000,229.65,229.85,300.000,477.000,229.55,229.70,2500.000,5000.000,229.60,229.90,3202.000,1184.000,25000.000,25000.000,229.480,229.730,229.545,229.980,-0.125,-0.171
2017-03-01 10:45:00,229.709,229.912,72.000,678.000,229.70,229.80,2500.000,10000.000,229.75,229.90,498.000,398.000,229.60,229.85,7500.000,2500.000,229.70,230.00,7499.000,9227.000,27500.000,22500.000,229.493,229.947,229.655,230.044,-0.075,-0.160
2017-03-01 10:46:00,229.744,229.871,28.000,752.000,229.65,229.70,2500.000,10000.000,229.75,229.90,448.000,363.000,229.60,229.75,5000.000,2500.000,229.70,229.95,5847.000,3051.000,25000.000,22500.000,229.496,229.815,229.640,229.983,-0.150,-0.160
2017-03-01 10:47:00,229.524,229.688,1161.000,880.000,229.50,229.60,2500.000,5000.000,229.60,229.80,110.000,2475.000,229.45,229.75,2500.000,5000.000,229.55,229.85,4498.000,9348.000,22500.000,27500.000,229.373,229.831,229.478,229.905,-0.150,-0.163
2017-03-01 10:48:00,229.417,229.613,110.000,752.000,229.35,229.50,10000.000,2500.000,229.50,229.70,369.000,364.000,229.30,229.55,2500.000,5000.000,229.45,229.75,6185.000,7900.000,27500.000,22500.000,229.188,229.704,229.423,229.828,-0.175,-0.165
2017-03-01 10:49:00,229.446,229.610,5000.000,641.000,229.25,229.45,5000.000,10000.000,229.50,229.70,2022.000,493.000,229.20,229.50,2500.000,2500.000,229.45,229.75,16460.000,5260.000,25000.000,27500.000,229.151,229.577,229.405,229.818,-0.250,-0.172
2017-03-01 10:50:00,229.502,229.650,394.000,815.000,229.40,229.50,2500.000,7500.000,229.60,229.70,2212.000,1404.000,229.35,229.55,5000.000,2500.000,229.50,229.75,9263.000,5237.000,22500.000,25000.000,229.286,229.597,229.444,229.820,-0.200,-0.165
2017-03-01 10:51:00,229.457,229.588,530.000,180.000,229.35,229.40,5000.000,2500.000,229.50,229.65,26.000,713.000,229.30,229.45,2500.000,5000.000,229.45,229.70,5850.000,2750.000,22500.000,20000.000,229.189,229.516,229.411,229.800,-0.200,-0.161
2017-03-01 10:52:00,229.405,229.580,2.000,465.000,229.25,229.35,7500.000,5000.000,229.40,229.60,500.000,582.000,229.20,229.40,2500.000,2500.000,229.35,229.65,6938.000,3049.000,35000.000,22500.000,229.082,229.454,229.289,229.767,-0.200,-0.136
2017-03-01 10:53:00,229.280,229.488,124.000,145.000,229.25,229.30,2500.000,2500.000,229.40,229.50,448.000,120.000,229.15,229.35,2500.000,2500.000,229.30,229.55,9855.000,7205.000,25000.000,15000.000,229.043,229.463,229.230,229.633,-0.175,-0.134
2017-03-01 10:54:00,229.359,229.557,50.000,204.000,229.25,229.30,10000.000,2500.000,229.35,229.55,304.000,166.000,229.15,229.35,2500.000,5000.000,229.30,229.60,10725.000,3331.000,37500.000,17500.000,229.043,229.460,229.247,229.693,-0.175,-0.110
2017-03-01 10:55:00,229.653,229.767,492.000,733.000,229.50,229.60,15000.000,5000.000,229.60,229.85,120.000,87.000,229.45,229.65,5000.000,2500.000,229.55,229.90,5718.000,2067.000,37500.000,22500.000,229.353,229.706,229.517,229.961,-0.175,-0.116
2017-03-01 10:56:00,229.667,229.781,635.000,30.000,229.55,229.60,2500.000,2500.000,229.75,229.90,262.000,319.000,229.50,229.65,5000.000,2500.000,229.65,229.95,6846.000,1453.000,15000.000,17500.000,229.424,229.757,229.617,230.007,-0.250,-0.101
2017-03-01 10:57:00,230.105,230.153,249.000,30.000,230.00,230.05,5000.000,2500.000,230.05,230.25,888.000,52.000,229.90,230.10,5000.000,2500.000,230.00,230.30,7585.000,2553.000,22500.000,20000.000,229.789,230.213,229.961,230.356,-0.125,-0.112
2017-03-01 10:58:00,229.996,230.197,482.000,220.000,230.00,230.05,2500.000,2500.000,230.10,230.25,60.000,648.000,229.95,230.10,2500.000,2500.000,230.05,230.30,3774.000,5478.000,20000.000,17500.000,229.845,230.198,229.975,230.357,-0.150,-0.092
2017-03-01 10:59:00,230.026,230.102,571.000,139.000,230.00,230.05,2500.000,2500.000,230.10,230.20,50.000,479.000,229.95,230.10,2500.000,10000.000,230.05,230.25,9272.000,7908.000,20000.000,37500.000,229.857,230.221,229.988,230.310,-0.125,-0.088
2017-03-01 11:00:00,229.993,230.136,548.000,411.000,230.00,230.05,2500.000,2500.000,230.05,230.15,110.000,761.000,229.90,230.10,7500.000,2500.000,230.00,230.25,8100.000,9377.000,20000.000,15000.000,229.777,230.210,229.956,230.308,-0.075,-0.062
2017-03-01 11:01:00,230.027,230.064,269.000,902.000,230.00,230.05,7500.000,2500.000,230.00,230.20,560.000,1114.000,229.90,230.10,2500.000,10000.000,229.95,230.25,6287.000,6102.000,20000.000,25000.000,229.786,230.175,229.925,230.305,-0.075,-0.055
2017-03-01 11:02:00,229.940,230.044,440.000,1116.000,230.00,230.05,7500.000,2500.000,230.00,230.10,560.000,1003.000,229.90,230.10,2500.000,2500.000,229.95,230.20,4961.000,9881.000,20000.000,22500.000,229.804,230.196,229.912,230.256,-0.025,-0.043
2017-03-01 11:03:00,229.980,230.079,1008.000,1562.000,230.00,230.05,7500.000,2500.000,230.00,230.20,60.000,895.000,229.95,230.10,2500.000,5000.000,229.95,230.25,2806.000,5304.000,22500.000,25000.000,229.905,230.157,229.906,230.315,-0.075,-0.035
2017-03-01 11:04:00,230.012,230.068,864.000,2006.000,230.00,230.05,5000.000,2500.000,230.00,230.15,560.000,1265.000,229.90,230.10,2500.000,5000.000,229.95,230.20,7031.000,8057.000,20000.000,22500.000,229.803,230.168,229.887,230.256,-0.050,-0.031
2017-03-01 11:05:00,230.021,230.034,417.000,1996.000,230.00,230.05,2500.000,5000.000,229.95,230.15,645.000,1020.000,229.90,230.10,2500.000,5000.000,229.90,230.20,5508.000,6369.000,20000.000,27500.000,229.799,230.153,229.819,230.245,-0.025,-0.020
2017-03-01 11:06:00,230.085,230.090,649.000,1567.000,230.00,230.05,2500.000,15000.000,230.00,230.25,754.000,717.000,229.90,230.10,2500.000,5000.000,229.95,230.30,7842.000,4392.000,17500.000,32500.000,229.806,230.135,229.871,230.315,-0.100,-0.017
2017-03-01 11:07:00,230.086,230.127,49.000,602.000,230.05,230.10,2500.000,2500.000,230.00,230.20,593.000,740.000,230.00,230.15,2500.000,2500.000,229.95,230.25,2691.000,3147.000,20000.000,17500.000,229.908,230.198,229.863,230.314,-0.025,-0.018
2017-03-01 11:08:00,230.009,230.071,454.000,1227.000,230.00,230.05,2500.000,2500.000,230.05,230.15,60.000,291.000,229.95,230.10,2500.000,5000.000,230.00,230.20,3441.000,4406.000,12500.000,17500.000,229.869,230.176,229.950,230.257,-0.075,-0.005
2017-03-01 11:09:00,230.084,230.119,49.000,929.000,230.00,230.05,5000.000,2500.000,230.05,230.25,151.000,200.000,229.95,230.10,5000.000,7500.000,230.00,230.30,2978.000,2837.000,17500.000,22500.000,229.850,230.167,229.971,230.344,-0.125,-0.002
2017-03-01 11:10:00,230.154,230.108,402.000,742.000,230.00,230.05,2500.000,7500.000,230.05,230.25,474.000,200.000,229.90,230.10,7500.000,5000.000,230.00,230.30,7749.000,2710.000,17500.000,27500.000,229.793,230.178,229.964,230.336,-0.125,-0.017
2017-03-01 11:11:00,230.118,230.108,137.000,399.000,230.00,230.05,2500.000,5000.000,230.00,230.20,60.000,178.000,229.95,230.10,2500.000,5000.000,229.95,230.25,2435.000,1126.000,22500.000,22500.000,229.843,230.126,229.878,230.306,-0.075,-0.027
2017-03-01 11:12:00,230.151,230.200,499.000,361.000,230.00,230.05,5000.000,2500.000,230.10,230.25,516.000,174.000,229.95,230.10,7500.000,2500.000,230.05,230.30,5262.000,1074.000,27500.000,17500.000,229.853,230.128,230.009,230.371,-0.150,-0.022
2017-03-01 11:13:00,230.179,230.175,470.000,1558.000,230.00,230.05,2500.000,2500.000,230.10,230.25,738.000,146.000,229.90,230.10,5000.000,7500.000,230.05,230.30,13208.000,2153.000,22500.000,22500.000,229.786,230.084,229.994,230.356,-0.150,-0.046
2017-03-01 11:14:00,230.147,230.168,101.000,551.000,230.00,230.05,2500.000,2500.000,230.10,230.25,798.000,398.000,229.90,230.10,2500.000,7500.000,230.05,230.30,11712.000,2654.000,20000.000,22500.000,229.783,230.175,229.988,230.356,-0.150,-0.064
2017-03-01 11:15:00,230.105,230.131,297.000,1231.000,230.00,230.05,2500.000,2500.000,230.10,230.20,753.000,146.000,229.90,230.10,2500.000,5000.000,230.05,230.25,13064.000,5239.000,17500.000,22500.000,229.782,230.191,229.986,230.311,-0.125,-0.099
2017-03-01 11:16:00,230.159,230.204,89.000,746.000,230.00,230.05,2500.000,7500.000,230.10,230.30,798.000,146.000,229.90,230.10,2500.000,2500.000,230.05,230.35,13031.000,2537.000,30000.000,30000.000,229.780,230.174,229.979,230.412,-0.175,-0.131
2017-03-01 11:17:00,230.147,230.169,170.000,277.000,230.00,230.05,2500.000,2500.000,230.10,230.25,753.000,96.000,229.90,230.10,10000.000,5000.000,230.00,230.30,13112.000,2668.000,22500.000,17500.000,229.782,230.208,229.967,230.357,-0.150,-0.156
2017-03-01 11:18:00,230.059,230.175,500.000,641.000,230.00,230.05,2500.000,2500.000,230.10,230.20,362.000,147.000,229.85,230.10,2500.000,2500.000,230.05,230.25,14675.000,5632.000,22500.000,17500.000,229.758,230.207,229.989,230.300,-0.125,-0.151
2017-03-01 11:19:00,230.320,230.432,777.000,40.000,230.15,230.25,7500.000,2500.000,230.25,230.45,364.000,18.000,230.10,230.30,12500.000,7500.000,230.20,230.50,8524.000,2079.000,37500.000,17500.000,229.997,230.420,230.167,230.557,-0.150,-0.152
2017-03-01 11:20:00,230.015,230.216,237.000,741.000,230.00,230.05,2500.000,2500.000,230.05,230.20,349.000,927.000,229.85,230.10,12500.000,2500.000,230.00,230.30,11159.000,8113.000,27500.000,12500.000,229.753,230.198,229.959,230.340,-0.100,-0.157
2017-03-01 11:21:00,230.144,230.348,329.000,30.000,230.00,230.05,7500.000,2500.000,230.15,230.40,321.000,478.000,229.90,230.10,15000.000,2500.000,230.10,230.45,12577.000,2418.000,42500.000,20000.000,229.795,230.179,230.065,230.506,-0.250,-0.135
2017-03-01 11:22:00,230.068,230.216,221.000,105.000,230.00,230.05,5000.000,2500.000,230.05,230.30,60.000,869.000,229.90,230.10,17500.000,2500.000,230.00,230.40,5974.000,3589.000,32500.000,22500.000,229.777,230.195,229.977,230.467,-0.150,-0.132
2017-03-01 11:23:00,230.080,230.170,41.000,713.000,230.00,230.05,7500.000,2500.000,230.05,230.25,60.000,800.000,229.90,230.10,10000.000,2500.000,230.00,230.30,8137.000,4901.000,32500.000,22500.000,229.766,230.184,229.969,230.433,-0.125,-0.151
2017-03-01 11:24:00,230.033,230.147,168.000,648.000,230.00,230.05,12500.000,2500.000,230.00,230.20,4.000,850.000,229.95,230.10,2500.000,2500.000,229.95,230.25,5405.000,5340.000,30000.000,15000.000,229.770,230.182,229.925,230.308,-0.075,-0.156
2017-03-01 11:25:00,229.917,230.143,432.000,724.000,230.00,230.05,15000.000,2500.000,230.00,230.20,4.000,800.000,229.95,230.10,10000.000,10000.000,229.95,230.25,1542.000,6762.000,37500.000,20000.000,229.864,230.195,229.937,230.281,-0.075,-0.151
2017-03-01 11:26:00,229.976,230.068,4.000,1018.000,229.95,230.05,12500.000,2500.000,230.00,230.10,11.000,845.000,229.90,230.10,2500.000,2500.000,229.95,230.15,5951.000,9012.000,30000.000,17500.000,229.764,230.196,229.925,230.214,-0.050,-0.134
2017-03-01 11:27:00,229.968,230.106,499.000,1652.000,230.00,230.05,12500.000,2500.000,230.00,230.10,4.000,69.000,229.95,230.10,2500.000,2500.000,229.95,230.15,4535.000,8755.000,30000.000,15000.000,229.863,230.195,229.917,230.233,-0.025,-0.110
2017-03-01 11:28:00,230.103,230.289,2159.000,681.000,230.00,230.05,2500.000,5000.000,230.15,230.25,403.000,6.000,229.95,230.10,2500.000,2500.000,230.10,230.30,10350.000,3241.000,30000.000,25000.000,229.869,230.195,230.021,230.435,-0.175,-0.098
2017-03-01 11:29:00,230.067,230.203,117.000,1084.000,230.00,230.05,2500.000,2500.000,230.10,230.20,4.000,56.000,229.95,230.10,7500.000,2500.000,230.05,230.25,5605.000,4348.000,30000.000,15000.000,229.828,230.184,230.000,230.342,-0.125,-0.088
2017-03-01 11:30:00,230.083,230.286,3253.000,501.000,230.00,230.05,2500.000,5000.000,230.10,230.25,177.000,6.000,229.95,230.10,5000.000,2500.000,230.05,230.30,9216.000,3126.000,37500.000,25000.000,229.887,230.201,229.987,230.470,-0.150,-0.072
2017-03-01 11:31:00,230.034,230.041,1662.000,1406.000,230.00,230.05,7500.000,2500.000,230.00,230.15,321.000,501.000,229.85,230.10,2500.000,2500.000,229.95,230.20,12804.000,7039.000,25000.000,30000.000,229.792,230.185,229.915,230.271,-0.050,-0.085
2017-03-01 11:32:00,230.031,230.048,854.000,1424.000,230.00,230.05,7500.000,2500.000,230.00,230.15,321.000,515.000,229.85,230.10,2500.000,5000.000,229.95,230.20,11996.000,7171.000,25000.000,30000.000,229.779,230.185,229.910,230.262,-0.050,-0.089
2017-03-01 11:33:00,230.024,230.155,499.000,1016.000,230.00,230.10,7500.000,2500.000,230.05,230.20,60.000,150.000,229.95,230.15,10000.000,12500.000,230.00,230.30,2816.000,4402.000,30000.000,25000.000,229.867,230.209,229.971,230.335,-0.075,-0.076
2017-03-01 11:34:00,230.314,230.397,1205.000,490.000,230.20,230.25,2500.000,2500.000,230.35,230.40,2946.000,57.000,230.15,230.30,5000.000,2500.000,230.25,230.45,13899.000,4006.000,22500.000,15000.000,230.064,230.386,230.183,230.500,-0.150,-0.076
2017-03-01 11:35:00,230.083,230.210,15.000,1057.000,230.05,230.15,2500.000,2500.000,230.15,230.30,500.000,462.000,230.00,230.20,5000.000,5000.000,230.10,230.35,4205.000,5342.000,25000.000,27500.000,229.936,230.259,230.045,230.418,-0.125,-0.051
2017-03-01 11:36:00,230.104,230.171,370.000,861.000,230.00,230.05,5000.000,2500.000,230.10,230.25,2804.000,60.000,229.90,230.10,5000.000,5000.000,230.05,230.30,13590.000,4698.000,27500.000,25000.000,229.802,230.180,230.005,230.370,-0.150,-0.048
2017-03-01 11:37:00,230.100,230.138,761.000,714.000,230.00,230.10,15000.000,5000.000,230.00,230.25,282.000,831.000,229.90,230.15,2500.000,5000.000,229.95,230.30,7985.000,4735.000,30000.000,22500.000,229.805,230.209,229.938,230.344,-0.075,-0.060
2017-03-01 11:38:00,230.125,230.190,775.000,119.000,230.05,230.10,2500.000,2500.000,230.10,230.25,566.000,200.000,230.00,230.15,5000.000,5000.000,230.05,230.30,5379.000,2536.000,27500.000,22500.000,229.927,230.233,229.991,230.367,-0.100,-0.064
2017-03-01 11:39:00,230.102,230.184,813.000,395.000,230.00,230.05,2500.000,2500.000,230.10,230.25,60.000,22.000,229.95,230.10,2500.000,5000.000,230.05,230.30,7960.000,2662.000,25000.000,22500.000,229.863,230.202,229.985,230.367,-0.150,-0.067
2017-03-01 11:40:00,230.170,230.170,906.000,276.000,230.00,230.10,7500.000,2500.000,230.10,230.25,2782.000,432.000,229.90,230.15,2500.000,2500.000,230.05,230.30,16118.000,3658.000,30000.000,25000.000,229.804,230.227,230.012,230.380,-0.125,-0.082
2017-03-01 11:41:00,230.046,230.103,460.000,616.000,230.00,230.05,2500.000,2500.000,230.05,230.20,282.000,110.000,229.90,230.10,10000.000,5000.000,230.00,230.30,11414.000,7532.000,20000.000,25000.000,229.794,230.203,229.969,230.370,-0.100,-0.085
2017-03-01 11:42:00,229.970,230.065,678.000,1036.000,230.00,230.05,10000.000,2500.000,230.00,230.10,282.000,823.000,229.90,230.10,2500.000,2500.000,229.95,230.25,5741.000,8987.000,22500.000,20000.000,229.801,230.186,229.922,230.312,-0.025,-0.071
2017-03-01 11:43:00,230.123,230.211,649.000,657.000,230.00,230.10,2500.000,2500.000,230.15,230.25,267.000,770.000,229.95,230.15,2500.000,10000.000,230.10,230.30,8087.000,4369.000,27500.000,27500.000,229.849,230.215,230.023,230.355,-0.150,-0.070
2017-03-01 11:44:00,229.993,230.087,901.000,703.000,230.00,230.05,2500.000,2500.000,230.05,230.15,636.000,110.000,229.90,230.10,10000.000,2500.000,230.00,230.25,8140.000,9031.000,20000.000,27500.000,229.801,230.201,229.969,230.295,-0.075,-0.072
2017-03-01 11:45:00,230.008,230.083,804.000,1458.000,230.00,230.05,2500.000,2500.000,230.05,230.15,282.000,110.000,229.90,230.10,10000.000,5000.000,230.00,230.25,9083.000,9932.000,20000.000,30000.000,229.789,230.189,229.969,230.292,-0.075,-0.063
2017-03-01 11:46:00,230.011,230.086,484.000,1129.000,230.00,230.05,5000.000,2500.000,230.05,230.15,332.000,110.000,229.90,230.10,10000.000,5000.000,230.00,230.25,9262.000,9620.000,22500.000,30000.000,229.785,230.194,229.978,230.292,-0.075,-0.055
2017-03-01 11:47:00,229.990,230.012,426.000,1033.000,230.00,230.05,7500.000,5000.000,230.00,230.10,282.000,471.000,229.90,230.10,2500.000,5000.000,229.95,230.25,6699.000,8448.000,17500.000,35000.000,229.784,230.197,229.929,230.282,-0.025,-0.054
2017-03-01 11:48:00,229.977,230.063,500.000,1611.000,230.00,230.05,5000.000,5000.000,230.00,230.10,282.000,172.000,229.90,230.10,2500.000,2500.000,229.95,230.20,6273.000,9216.000,22500.000,25000.000,229.789,230.193,229.889,230.245,-0.025,-0.029
2017-03-01 11:49:00,229.975,230.077,907.000,1247.000,230.00,230.05,5000.000,5000.000,230.00,230.10,332.000,190.000,229.90,230.10,2500.000,2500.000,229.95,230.20,6645.000,8897.000,25000.000,25000.000,229.810,230.198,229.880,230.245,-0.025,-0.035
2017-03-01 11:50:00,230.140,230.168,985.000,64.000,230.00,230.10,5000.000,2500.000,230.05,230.25,215.000,720.000,229.95,230.15,10000.000,12500.000,230.00,230.30,5428.000,1924.000,30000.000,25000.000,229.870,230.216,229.958,230.340,-0.100,-0.054
2017-03-01 11:51:00,230.074,230.111,596.000,632.000,230.00,230.05,10000.000,5000.000,230.00,230.20,332.000,472.000,229.90,230.10,2500.000,5000.000,229.95,230.25,5784.000,3313.000,30000.000,27500.000,229.805,230.157,229.908,230.286,-0.075,-0.073
2017-03-01 11:52:00,229.946,229.960,394.000,30.000,229.80,229.90,2500.000,2500.000,229.90,230.05,2591.000,866.000,229.75,230.00,2500.000,5000.000,229.85,230.10,8950.000,3923.000,17500.000,20000.000,229.670,230.103,229.793,230.162,-0.125,-0.101
2017-03-01 11:53:00,229.703,229.663,738.000,886.000,229.40,229.70,2500.000,2500.000,229.55,229.70,4574.000,883.000,229.35,229.75,5000.000,2500.000,229.50,229.75,15505.000,4611.000,22500.000,15000.000,229.280,229.793,229.433,229.817,-0.075,-0.153
2017-03-01 11:54:00,229.342,229.477,3040.000,24.000,229.15,229.30,2500.000,2500.000,229.35,229.50,384.000,584.000,229.10,229.35,5000.000,2500.000,229.30,229.55,16350.000,3217.000,30000.000,20000.000,229.040,229.450,229.233,229.619,-0.200,-0.166
2017-03-01 11:55:00,229.382,229.506,463.000,270.000,229.25,229.40,5000.000,2500.000,229.35,229.50,873.000,354.000,229.20,229.45,5000.000,2500.000,229.30,229.55,7801.000,4942.000,32500.000,12500.000,229.107,229.522,229.246,229.600,-0.100,-0.176
2017-03-01 11:56:00,229.406,229.539,99.000,229.000,229.40,229.45,5000.000,2500.000,229.40,229.55,427.000,483.000,229.25,229.50,10000.000,5000.000,229.35,229.60,6149.000,4777.000,37500.000,17500.000,229.153,229.596,229.297,229.657,-0.050,-0.181
2017-03-01 11:57:00,229.605,229.756,200.000,21.000,229.50,229.60,5000.000,2500.000,229.60,229.80,68.000,50.000,229.45,229.65,5000.000,2500.000,229.55,229.85,3742.000,2271.000,25000.000,17500.000,229.334,229.759,229.485,229.929,-0.150,-0.204
2017-03-01 11:58:00,229.486,229.711,1439.000,578.000,229.50,229.55,5000.000,2500.000,229.55,229.75,18.000,414.000,229.45,229.65,7500.000,5000.000,229.50,229.80,2792.000,4121.000,30000.000,17500.000,229.422,229.720,229.446,229.871,-0.125,-0.207
2017-03-01 11:59:00,229.457,229.657,312.000,949.000,229.50,229.55,5000.000,2500.000,229.55,229.70,18.000,111.000,229.45,229.60,5000.000,2500.000,229.50,229.75,1679.000,4045.000,22500.000,15000.000,229.369,229.687,229.456,229.800,-0.100,-0.213
2017-03-01 12:00:00,229.632,229.803,399.000,968.000,229.50,229.55,7500.000,2500.000,229.65,229.85,440.000,1.000,229.45,229.60,5000.000,2500.000,229.60,229.90,8705.000,2503.000,25000.000,15000.000,229.346,229.668,229.570,229.983,-0.225,-0.214
2017-03-01 12:01:00,229.568,229.725,200.000,501.000,229.40,229.45,5000.000,2500.000,229.55,229.75,420.000,77.000,229.35,229.50,7500.000,2500.000,229.50,229.80,7639.000,1357.000,22500.000,12500.000,229.237,229.535,229.467,229.910,-0.225,-0.203
2017-03-01 12:02:00,229.625,229.891,949.000,42.000,229.50,229.60,2500.000,5000.000,229.70,229.85,195.000,161.000,229.45,229.70,7500.000,2500.000,229.65,230.00,8660.000,4447.000,25000.000,15000.000,229.377,229.804,229.595,230.008,-0.225,-0.183
2017-03-01 12:03:00,229.635,229.875,645.000,412.000,229.50,229.55,2500.000,5000.000,229.70,229.85,45.000,1.000,229.45,229.60,7500.000,2500.000,229.65,229.95,10711.000,2504.000,25000.000,15000.000,229.346,229.707,229.595,229.992,-0.250,-0.175
2017-03-01 12:04:00,229.626,229.859,604.000,412.000,229.50,229.55,7500.000,7500.000,229.70,229.85,45.000,1.000,229.45,229.60,2500.000,2500.000,229.65,229.95,10670.000,2504.000,25000.000,17500.000,229.357,229.707,229.605,229.979,-0.250,-0.168
2017-03-01 12:05:00,229.616,229.791,1177.000,366.000,229.50,229.55,7500.000,2500.000,229.70,229.80,91.000,1.000,229.45,229.60,5000.000,5000.000,229.60,229.85,10952.000,2797.000,27500.000,15000.000,229.364,229.709,229.582,229.925,-0.225,-0.173
2017-03-01 12:06:00,229.586,229.687,420.000,30.000,229.35,229.50,2500.000,5000.000,229.55,229.75,262.000,279.000,229.30,229.55,7500.000,2500.000,229.50,229.80,9303.000,1293.000,20000.000,17500.000,229.214,229.626,229.456,229.893,-0.225,-0.196
2017-03-01 12:07:00,229.480,229.647,189.000,139.000,229.30,229.35,2500.000,5000.000,229.45,229.65,45.000,110.000,229.25,229.45,10000.000,2500.000,229.40,229.70,6426.000,1763.000,30000.000,15000.000,229.130,229.539,229.338,229.750,-0.225,-0.223
2017-03-01 12:08:00,229.410,229.607,959.000,576.000,229.30,229.35,2500.000,5000.000,229.50,229.65,265.000,60.000,229.25,229.45,2500.000,5000.000,229.45,229.70,8313.000,3629.000,27500.000,22500.000,229.178,229.525,229.382,229.739,-0.250,-0.219
2017-03-01 12:09:00,229.415,229.614,384.000,116.000,229.25,229.30,5000.000,5000.000,229.50,229.65,2523.000,288.000,229.20,229.35,5000.000,5000.000,229.45,229.70,14350.000,2478.000,32500.000,22500.000,229.118,229.504,229.396,229.739,-0.300,-0.221
2017-03-01 12:10:00,229.395,229.596,86.000,521.000,229.25,229.30,10000.000,5000.000,229.50,229.65,14.000,268.000,229.20,229.40,5000.000,5000.000,229.45,229.70,13193.000,5263.000,32500.000,25000.000,229.093,229.478,229.408,229.745,-0.300,-0.216
2017-03-01 12:11:00,229.371,229.589,263.000,30.000,229.20,229.25,7500.000,2500.000,229.50,229.60,5049.000,256.000,229.15,229.30,2500.000,2500.000,229.45,229.65,26411.000,2666.000,27500.000,17500.000,229.044,229.419,229.395,229.729,-0.325,-0.205
2017-03-01 12:12:00,229.311,229.615,199.000,531.000,229.20,229.30,2500.000,2500.000,229.45,229.60,49.000,414.000,229.15,229.35,5000.000,2500.000,229.40,229.65,9607.000,5363.000,30000.000,12500.000,229.048,229.441,229.325,229.700,-0.275,-0.175
2017-03-01 12:13:00,229.501,229.675,249.000,20.000,229.35,229.40,2500.000,2500.000,229.60,229.75,2741.000,60.000,229.25,229.45,5000.000,5000.000,229.55,229.80,15418.000,1564.000,17500.000,17500.000,229.163,229.558,229.507,229.879,-0.300,-0.184
2017-03-01 12:14:00,229.434,229.646,696.000,250.000,229.30,229.35,2500.000,2500.000,229.60,229.70,2773.000,293.000,229.25,229.40,5000.000,2500.000,229.55,229.75,15897.000,3064.000,15000.000,15000.000,229.166,229.477,229.508,229.800,-0.325,-0.195
2017-03-01 12:15:00,229.486,229.658,34.000,1297.000,229.40,229.50,7500.000,10000.000,229.60,229.80,408.000,365.000,229.35,229.55,2500.000,2500.000,229.55,229.85,4332.000,4531.000,20000.000,27500.000,229.220,229.599,229.525,229.900,-0.250,-0.194
2017-03-01 12:16:00,229.339,229.502,99.000,143.000,229.20,229.25,2500.000,2500.000,229.45,229.50,49.000,309.000,229.15,229.30,5000.000,12500.000,229.40,229.60,13678.000,3956.000,25000.000,27500.000,229.029,229.395,229.325,229.645,-0.250,-0.194
2017-03-01 12:17:00,229.321,229.476,84.000,319.000,229.20,229.30,2500.000,5000.000,229.45,229.50,100.000,689.000,229.15,229.35,2500.000,2500.000,229.40,229.55,11551.000,6425.000,22500.000,30000.000,229.027,229.453,229.317,229.637,-0.225,-0.196
2017-03-01 12:18:00,229.362,229.578,68.000,300.000,229.20,229.35,7500.000,2500.000,229.45,229.65,453.000,110.000,229.15,229.40,5000.000,5000.000,229.40,229.70,8932.000,4318.000,32500.000,25000.000,229.045,229.483,229.346,229.750,-0.275,-0.193
2017-03-01 12:19:00,229.222,229.493,3379.000,30.000,229.10,229.15,7500.000,2500.000,229.45,229.50,304.000,921.000,229.05,229.20,2500.000,2500.000,229.40,229.55,24175.000,3431.000,30000.000,20000.000,228.990,229.299,229.342,229.631,-0.350,-0.168
2017-03-01 12:20:00,229.354,229.518,199.000,393.000,229.20,229.30,2500.000,2500.000,229.50,229.55,1000.000,793.000,229.15,229.35,2500.000,2500.000,229.45,229.65,20840.000,7065.000,20000.000,27500.000,229.044,229.447,229.369,229.727,-0.275,-0.166
2017-03-01 12:21:00,229.410,229.573,1125.000,40.000,229.20,229.30,2500.000,2500.000,229.55,229.65,2636.000,54.000,229.15,229.35,2500.000,5000.000,229.50,229.70,31103.000,2854.000,15000.000,22500.000,229.055,229.471,229.433,229.756,-0.350,-0.181
2017-03-01 12:22:00,229.482,229.647,675.000,21.000,229.25,229.40,2500.000,2500.000,229.55,229.70,529.000,110.000,229.20,229.45,5000.000,2500.000,229.50,229.75,13627.000,2006.000,20000.000,17500.000,229.113,229.540,229.444,229.843,-0.300,-0.191
2017-03-01 12:23:00,229.495,229.693,78.000,68.000,229.30,229.35,2500.000,2500.000,229.60,229.70,657.000,110.000,229.25,229.45,2500.000,7500.000,229.55,229.80,16757.000,3437.000,20000.000,17500.000,229.140,229.523,229.494,229.829,-0.325,-0.180
2017-03-01 12:24:00,229.511,229.659,874.000,810.000,229.35,229.45,5000.000,2500.000,229.60,229.65,481.000,2035.000,229.25,229.50,5000.000,2500.000,229.55,229.75,17881.000,5538.000,25000.000,17500.000,229.148,229.548,229.515,229.800,-0.225,-0.184
2017-03-01 12:25:00,229.514,229.669,428.000,560.000,229.35,229.40,2500.000,2500.000,229.60,229.75,60.000,364.000,229.30,229.45,2500.000,7500.000,229.55,229.80,11237.000,2472.000,15000.000,17500.000,229.177,229.506,229.500,229.836,-0.300,-0.203
2017-03-01 12:26:00,229.370,229.610,86.000,30.000,229.25,229.30,2500.000,5000.000,229.45,229.65,25.000,872.000,229.20,229.35,5000.000,5000.000,229.40,229.75,8932.000,3695.000,27500.000,25000.000,229.068,229.448,229.327,229.780,-0.275,-0.193
2017-03-01 12:27:00,229.301,229.514,999.000,467.000,229.15,229.25,2500.000,2500.000,229.40,229.55,2278.000,20.000,229.10,229.30,5000.000,5000.000,229.35,229.60,13474.000,3423.000,27500.000,27500.000,229.027,229.381,229.286,229.732,-0.275,-0.196
2017-03-01 12:28:00,229.322,229.467,2.000,568.000,229.15,229.20,2500.000,5000.000,229.35,229.50,1701.000,409.000,229.10,229.30,7500.000,2500.000,229.30,229.60,11188.000,3231.000,27500.000,25000.000,228.994,229.362,229.250,229.690,-0.250,-0.213
2017-03-01 12:29:00,229.305,229.473,906.000,530.000,229.10,229.15,2500.000,5000.000,229.35,229.50,1506.000,627.000,229.05,229.30,10000.000,2500.000,229.30,229.60,14349.000,3415.000,30000.000,25000.000,228.964,229.347,229.258,229.685,-0.300,-0.234
2017-03-01 12:30:00,229.211,229.461,625.000,1285.000,229.10,229.30,2500.000,5000.000,229.35,229.50,259.000,711.000,229.05,229.35,12500.000,2500.000,229.30,229.60,7332.000,6697.000,30000.000,25000.000,228.973,229.425,229.262,229.700,-0.225,-0.222
2017-03-01 12:31:00,229.208,229.400,234.000,30.000,229.05,229.10,10000.000,2500.000,229.30,229.45,2053.000,821.000,229.00,229.15,7500.000,5000.000,229.25,229.50,15974.000,4236.000,30000.000,17500.000,228.906,229.279,229.233,229.550,-0.300,-0.217
2017-03-01 12:32:00,229.145,229.372,360.000,194.000,229.00,229.05,5000.000,2500.000,229.25,229.35,64.000,314.000,228.95,229.10,7500.000,2500.000,229.20,229.45,16391.000,3914.000,25000.000,15000.000,228.835,229.201,229.155,229.508,-0.275,-0.215
2017-03-01 12:33:00,229.131,229.360,949.000,1053.000,229.00,229.15,2500.000,2500.000,229.25,229.35,60.000,677.000,228.95,229.20,7500.000,2500.000,229.20,229.40,8980.000,6677.000,22500.000,15000.000,228.847,229.251,229.144,229.517,-0.225,-0.231
2017-03-01 12:34:00,228.951,229.225,1179.000,129.000,228.95,229.00,2500.000,2500.000,229.10,229.25,353.000,771.000,228.90,229.05,5000.000,5000.000,229.05,229.30,3763.000,4644.000,27500.000,17500.000,228.837,229.130,228.995,229.350,-0.200,-0.209
2017-03-01 12:35:00,229.128,229.315,669.000,189.000,228.95,229.00,2500.000,2500.000,229.20,229.30,353.000,270.000,228.90,229.05,2500.000,2500.000,229.15,229.35,17730.000,4819.000,27500.000,15000.000,228.775,229.214,229.059,229.417,-0.275,-0.200
2017-03-01 12:36:00,229.204,229.372,2500.000,30.000,229.00,229.10,2500.000,7500.000,229.25,229.40,232.000,1110.000,228.95,229.15,2500.000,2500.000,229.20,229.45,14465.000,1907.000,25000.000,20000.000,228.856,229.197,229.120,229.475,-0.275,-0.199
2017-03-01 12:37:00,229.195,229.413,12.000,60.000,229.10,229.20,2500.000,2500.000,229.30,229.45,99.000,1174.000,229.05,229.25,7500.000,7500.000,229.25,229.50,5705.000,4243.000,27500.000,20000.000,228.939,229.328,229.182,229.550,-0.225,-0.189
2017-03-01 12:38:00,229.093,229.400,66.000,1022.000,229.15,229.20,2500.000,5000.000,229.30,229.45,166.000,573.000,229.10,229.25,10000.000,5000.000,229.25,229.50,937.000,4569.000,27500.000,22500.000,229.028,229.304,229.186,229.550,-0.200,-0.162
2017-03-01 12:39:00,229.321,229.484,1046.000,30.000,229.15,229.25,5000.000,2500.000,229.35,229.50,110.000,683.000,229.10,229.30,5000.000,2500.000,229.30,229.55,10919.000,3265.000,27500.000,12500.000,228.984,229.395,229.259,229.600,-0.225,-0.162
2017-03-01 12:40:00,229.286,229.431,803.000,484.000,229.00,229.15,2500.000,2500.000,229.30,229.45,1778.000,268.000,228.95,229.25,10000.000,2500.000,229.25,229.50,19163.000,2214.000,30000.000,15000.000,228.867,229.300,229.196,229.567,-0.300,-0.179
2017-03-01 12:41:00,229.199,229.362,40.000,495.000,229.00,229.05,5000.000,5000.000,229.25,229.40,164.000,50.000,228.95,229.20,5000.000,5000.000,229.20,229.45,14251.000,4697.000,30000.000,22500.000,228.841,229.275,229.133,229.494,-0.300,-0.199
2017-03-01 12:42:00,229.264,229.432,249.000,153.000,229.10,229.20,5000.000,2500.000,229.35,229.55,3032.000,975.000,229.05,229.25,7500.000,5000.000,229.30,229.60,14728.000,3293.000,27500.000,27500.000,228.973,229.317,229.264,229.673,-0.300,-0.197
2017-03-01 12:43:00,229.346,229.516,14.000,489.000,229.20,229.30,2500.000,2500.000,229.50,229.60,225.000,414.000,229.15,229.35,2500.000,5000.000,229.45,229.65,18927.000,7229.000,15000.000,25000.000,229.039,229.455,229.383,229.705,-0.300,-0.204
2017-03-01 12:44:00,229.300,229.463,99.000,439.000,229.15,229.20,5000.000,2500.000,229.35,229.55,700.000,61.000,229.10,229.25,5000.000,7500.000,229.30,229.60,11726.000,1751.000,25000.000,25000.000,228.957,229.324,229.260,229.690,-0.275,-0.217
2017-03-01 12:45:00,229.338,229.568,30.000,346.000,229.15,229.20,2500.000,2500.000,229.45,229.60,250.000,135.000,229.10,229.30,5000.000,2500.000,229.40,229.65,20680.000,3847.000,25000.000,17500.000,228.997,229.405,229.330,229.700,-0.350,-0.226
2017-03-01 12:46:00,229.266,229.529,200.000,29.000,229.10,229.15,5000.000,5000.000,229.40,229.60,166.000,30.000,229.05,229.20,2500.000,5000.000,229.35,229.65,12485.000,868.000,22500.000,20000.000,228.963,229.286,229.289,229.694,-0.375,-0.217
2017-03-01 12:47:00,229.523,229.683,129.000,320.000,229.40,229.45,2500.000,5000.000,229.65,229.80,160.000,150.000,229.30,229.50,2500.000,5000.000,229.60,229.85,15856.000,4337.000,20000.000,30000.000,229.190,229.603,229.531,229.925,-0.300,-0.225
2017-03-01 12:48:00,229.438,229.644,90.000,285.000,229.30,229.35,2500.000,2500.000,229.60,229.75,364.000,580.000,229.25,229.40,5000.000,2500.000,229.55,229.80,14137.000,3381.000,20000.000,22500.000,229.145,229.492,229.506,229.883,-0.350,-0.221
2017-03-01 12:49:00,229.322,229.547,15.000,61.000,229.20,229.25,2500.000,2500.000,229.45,229.60,568.000,391.000,229.15,229.30,2500.000,5000.000,229.40,229.65,17403.000,4638.000,20000.000,17500.000,228.997,229.396,229.325,229.707,-0.300,-0.220
2017-03-01 12:50:00,229.299,229.575,99.000,70.000,229.25,229.35,10000.000,2500.000,229.50,229.65,84.000,933.000,229.20,229.40,2500.000,2500.000,229.45,229.70,6783.000,7264.000,22500.000,17500.000,229.103,229.485,229.433,229.779,-0.275,-0.200
2017-03-01 12:51:00,229.384,229.600,1738.000,30.000,229.25,229.30,5000.000,5000.000,229.50,229.70,60.000,270.000,229.20,229.35,5000.000,2500.000,229.45,229.75,11249.000,2241.000,17500.000,17500.000,229.109,229.453,229.421,229.829,-0.325,-0.191
2017-03-01 12:52:00,229.417,229.617,15.000,290.000,229.30,229.35,2500.000,5000.000,229.55,229.70,348.000,328.000,229.25,229.40,7500.000,5000.000,229.50,229.75,9261.000,3731.000,17500.000,20000.000,229.127,229.497,229.464,229.781,-0.300,-0.194
2017-03-01 12:53:00,229.379,229.567,159.000,536.000,229.20,229.30,2500.000,2500.000,229.55,229.65,2646.000,678.000,229.15,229.40,5000.000,5000.000,229.50,229.70,20217.000,6674.000,15000.000,22500.000,229.067,229.480,229.458,229.767,-0.350,-0.193
2017-03-01 12:54:00,229.428,229.647,2129.000,328.000,229.30,229.40,2500.000,5000.000,229.65,229.75,2551.000,364.000,229.25,229.45,2500.000,2500.000,229.55,229.80,16896.000,4985.000,17500.000,25000.000,229.193,229.543,229.500,229.860,-0.350,-0.195
2017-03-01 12:55:00,229.457,229.636,249.000,613.000,229.40,229.45,2500.000,2500.000,229.60,229.70,88.000,950.000,229.35,229.50,2500.000,2500.000,229.55,229.75,8312.000,6844.000,17500.000,17500.000,229.167,229.571,229.500,229.829,-0.225,-0.215
2017-03-01 12:56:00,229.445,229.617,90.000,909.000,229.40,229.45,2500.000,2500.000,229.55,229.70,150.000,551.000,229.25,229.50,7500.000,2500.000,229.50,229.75,8423.000,5901.000,20000.000,17500.000,229.124,229.581,229.463,229.829,-0.200,-0.242
2017-03-01 12:57:00,229.358,229.571,59.000,475.000,229.30,229.35,5000.000,2500.000,229.50,229.65,278.000,50.000,229.20,229.40,5000.000,7500.000,229.45,229.70,8060.000,5254.000,17500.000,17500.000,229.078,229.499,229.421,229.736,-0.250,-0.221
2017-03-01 12:58:00,229.196,229.378,350.000,883.000,229.05,229.15,2500.000,2500.000,229.30,229.45,980.000,414.000,229.00,229.20,7500.000,5000.000,229.25,229.50,9952.000,4521.000,20000.000,20000.000,228.878,229.282,229.200,229.569,-0.275,-0.262
2017-03-01 12:59:00,229.086,229.316,268.000,432.000,229.00,229.05,2500.000,2500.000,229.25,229.35,4.000,110.000,228.95,229.10,2500.000,2500.000,229.20,229.40,11347.000,6670.000,20000.000,20000.000,228.815,229.218,229.131,229.456,-0.275,-0.249
2017-03-01 13:00:00,229.062,229.339,99.000,941.000,229.05,229.15,2500.000,2500.000,229.25,229.45,268.000,364.000,229.00,229.20,5000.000,12500.000,229.20,229.50,2438.000,4424.000,20000.000,27500.000,228.882,229.279,229.137,229.555,-0.250,-0.242
2017-03-01 13:01:00,228.995,229.305,268.000,149.000,229.00,229.05,2500.000,2500.000,229.20,229.35,4.000,1100.000,228.95,229.10,5000.000,7500.000,229.15,229.40,3227.000,4834.000,27500.000,27500.000,228.849,229.193,229.064,229.455,-0.250,-0.234
2017-03-01 13:02:00,229.014,229.122,159.000,834.000,228.80,228.95,2500.000,2500.000,229.10,229.15,310.000,1078.000,228.75,229.00,2500.000,5000.000,229.05,229.20,14723.000,5032.000,22500.000,22500.000,228.626,229.060,229.000,229.256,-0.250,-0.241
2017-03-01 13:03:00,228.633,229.017,199.000,532.000,228.60,228.65,7500.000,12500.000,228.80,229.00,60.000,1479.000,228.55,228.70,5000.000,7500.000,228.75,229.05,4584.000,5302.000,65000.000,32500.000,228.436,228.773,228.642,229.065,-0.275,-0.184
2017-03-01 13:04:00,228.523,228.686,612.000,496.000,228.30,228.45,40000.000,5000.000,228.60,228.70,1353.000,542.000,228.25,228.50,2500.000,5000.000,228.55,228.75,19099.000,4472.000,67500.000,25000.000,228.146,228.577,228.546,228.795,-0.275,-0.191
2017-03-01 13:05:00,228.491,228.734,1128.000,304.000,228.40,228.60,7500.000,2500.000,228.65,228.80,749.000,1309.000,228.35,228.65,2500.000,5000.000,228.60,228.85,7094.000,7716.000,30000.000,25000.000,228.273,228.726,228.550,228.915,-0.225,-0.191
2017-03-01 13:06:00,228.450,228.721,1799.000,460.000,228.50,228.55,2500.000,2500.000,228.65,228.75,74.000,357.000,228.45,228.60,2500.000,5000.000,228.60,228.80,3700.000,5871.000,22500.000,20000.000,228.431,228.706,228.528,228.850,-0.175,-0.175
2017-03-01 13:07:00,228.598,228.744,23.000,91.000,228.45,228.50,2500.000,2500.000,228.65,228.75,1027.000,65.000,228.40,228.55,2500.000,2500.000,228.60,228.80,5782.000,1225.000,27500.000,17500.000,228.292,228.636,228.527,228.857,-0.225,-0.186
2017-03-01 13:08:00,228.709,228.807,733.000,266.000,228.50,228.60,2500.000,5000.000,228.75,228.90,196.000,41.000,228.45,228.65,7500.000,2500.000,228.70,228.95,8527.000,879.000,17500.000,20000.000,228.358,228.710,228.664,229.000,-0.275,-0.205
2017-03-01 13:09:00,228.857,229.058,1519.000,100.000,228.65,228.75,5000.000,2500.000,228.95,229.10,1023.000,39.000,228.60,228.80,7500.000,2500.000,228.90,229.15,19942.000,2020.000,27500.000,17500.000,228.504,228.929,228.855,229.207,-0.325,-0.215
2017-03-01 13:10:00,228.769,229.011,2412.000,670.000,228.65,228.75,5000.000,2500.000,228.95,229.05,1273.000,61.000,228.60,228.85,5000.000,5000.000,228.90,229.10,22185.000,12285.000,25000.000,20000.000,228.510,228.975,228.850,229.162,-0.300,-0.210
2017-03-01 13:11:00,228.957,229.145,237.000,104.000,228.80,228.90,2500.000,2500.000,229.10,229.20,797.000,110.000,228.75,228.95,2500.000,5000.000,229.05,229.25,19003.000,7456.000,22500.000,25000.000,228.637,229.012,228.978,229.315,-0.300,-0.215
2017-03-01 13:12:00,229.088,229.289,167.000,10.000,228.90,229.00,2500.000,5000.000,229.15,229.30,110.000,50.000,228.85,229.05,5000.000,2500.000,229.10,229.35,6857.000,1407.000,27500.000,17500.000,228.741,229.159,229.018,229.386,-0.275,-0.204
2017-03-01 13:13:00,228.950,229.143,99.000,242.000,228.85,228.90,7500.000,5000.000,229.00,229.20,74.000,102.000,228.80,228.95,7500.000,2500.000,228.95,229.25,4175.000,2625.000,32500.000,25000.000,228.666,229.012,228.900,229.335,-0.225,-0.200
2017-03-01 13:14:00,228.895,229.144,1066.000,892.000,228.70,228.80,2500.000,7500.000,229.05,229.20,2235.000,105.000,228.65,228.85,7500.000,2500.000,229.00,229.25,23041.000,2548.000,22500.000,20000.000,228.570,228.914,228.956,229.275,-0.375,-0.179
2017-03-01 13:15:00,228.959,229.179,27.000,168.000,228.85,228.95,5000.000,5000.000,229.05,229.25,388.000,2749.000,228.75,229.00,7500.000,5000.000,229.00,229.30,7864.000,4437.000,27500.000,20000.000,228.656,229.032,228.964,229.338,-0.250,-0.179
2017-03-01 13:16:00,228.823,229.038,149.000,874.000,228.80,228.85,2500.000,2500.000,229.00,229.10,372.000,364.000,228.70,228.90,2500.000,5000.000,228.95,229.15,9024.000,7957.000,15000.000,17500.000,228.602,228.981,228.900,229.200,-0.225,-0.169
2017-03-01 13:17:00,228.886,229.031,17.000,569.000,228.70,228.75,2500.000,2500.000,228.95,229.10,1634.000,60.000,228.65,228.90,5000.000,5000.000,228.90,229.15,14546.000,6101.000,20000.000,20000.000,228.529,228.977,228.831,229.206,-0.300,-0.178
2017-03-01 13:18:00,228.844,229.013,15.000,349.000,228.70,228.75,2500.000,2500.000,228.95,229.05,1694.000,409.000,228.65,228.90,5000.000,2500.000,228.90,229.10,14604.000,9055.000,20000.000,17500.000,228.529,228.988,228.831,229.164,-0.275,-0.184
2017-03-01 13:19:00,228.829,228.974,2206.000,260.000,228.65,228.75,2500.000,7500.000,228.90,229.00,320.000,364.000,228.60,228.80,5000.000,5000.000,228.85,229.05,11625.000,2216.000,22500.000,25000.000,228.512,228.880,228.783,229.110,-0.250,-0.214
2017-03-01 13:20:00,228.772,228.989,146.000,626.000,228.70,228.75,2500.000,7500.000,228.90,229.00,370.000,414.000,228.60,228.80,5000.000,5000.000,228.85,229.05,9654.000,5113.000,22500.000,25000.000,228.486,228.905,228.783,229.120,-0.225,-0.221
2017-03-01 13:21:00,228.982,229.150,918.000,50.000,228.80,228.95,2500.000,12500.000,229.15,229.25,1312.000,4590.000,228.75,229.00,2500.000,7500.000,229.05,229.30,17847.000,6442.000,15000.000,32500.000,228.674,229.029,228.992,229.319,-0.325,-0.241
2017-03-01 13:22:00,228.897,229.088,746.000,212.000,228.70,228.85,5000.000,5000.000,229.00,229.20,356.000,425.000,228.65,228.90,2500.000,7500.000,228.95,229.25,17843.000,6205.000,22500.000,27500.000,228.537,228.988,228.900,229.286,-0.325,-0.273
2017-03-01 13:23:00,228.898,229.097,847.000,237.000,228.70,228.85,7500.000,5000.000,229.00,229.20,415.000,111.000,228.65,228.90,5000.000,2500.000,228.95,229.25,18066.000,6030.000,25000.000,25000.000,228.538,228.994,228.915,229.290,-0.325,-0.290
2017-03-01 13:24:00,228.903,229.197,49.000,399.000,228.80,228.85,2500.000,5000.000,229.10,229.25,473.000,68.000,228.75,228.90,2500.000,10000.000,229.05,229.30,17910.000,8031.000,22500.000,22500.000,228.637,228.991,228.983,229.322,-0.350,-0.284
2017-03-01 13:25:00,228.898,229.150,47.000,262.000,228.80,228.85,5000.000,2500.000,229.10,229.20,200.000,68.000,228.75,228.90,2500.000,5000.000,229.05,229.25,15261.000,7373.000,27500.000,25000.000,228.635,228.995,229.000,229.315,-0.325,-0.270
2017-03-01 13:26:00,228.896,229.163,223.000,38.000,228.80,228.85,2500.000,2500.000,229.10,229.20,60.000,128.000,228.75,228.90,2500.000,5000.000,229.05,229.25,15237.000,7945.000,25000.000,22500.000,228.627,228.996,228.990,229.300,-0.325,-0.265
2017-03-01 13:27:00,228.867,229.217,573.000,4533.000,228.90,229.00,2500.000,2500.000,229.15,229.25,500.000,40.000,228.85,229.05,5000.000,5000.000,229.10,229.30,2535.000,9356.000,25000.000,20000.000,228.810,229.094,229.040,229.363,-0.250,-0.242
2017-03-01 13:28:00,228.872,229.160,291.000,915.000,228.90,228.95,2500.000,7500.000,229.10,229.25,817.000,4994.000,228.85,229.00,5000.000,5000.000,229.05,229.30,1686.000,7303.000,22500.000,27500.000,228.816,229.015,228.994,229.350,-0.250,-0.224
2017-03-01 13:29:00,228.911,229.175,129.000,669.000,228.90,228.95,2500.000,7500.000,229.10,229.25,500.000,5493.000,228.85,229.00,7500.000,5000.000,229.05,229.30,3323.000,7556.000,27500.000,27500.000,228.704,229.016,229.000,229.350,-0.250,-0.233
2017-03-01 13:30:00,229.008,229.188,867.000,1563.000,228.90,228.95,2500.000,2500.000,229.15,229.25,604.000,5553.000,228.80,229.00,7500.000,7500.000,229.10,229.30,15988.000,8001.000,25000.000,27500.000,228.693,229.004,229.045,229.364,-0.275,-0.225
2017-03-01 13:31:00,228.961,229.202,865.000,1573.000,228.90,228.95,5000.000,5000.000,229.15,229.25,60.000,5525.000,228.85,229.00,5000.000,2500.000,229.10,229.30,6827.000,8115.000,30000.000,27500.000,228.751,229.005,229.042,229.368,-0.275,-0.209
2017-03-01 13:32:00,229.028,229.265,262.000,682.000,228.90,228.95,2500.000,7500.000,229.20,229.30,250.000,5963.000,228.85,229.00,5000.000,5000.000,229.15,229.35,15760.000,7535.000,27500.000,30000.000,228.732,229.011,229.068,229.387,-0.325,-0.198
2017-03-01 13:33:00,229.018,229.216,2848.000,622.000,228.90,228.95,2500.000,2500.000,229.20,229.25,426.000,5993.000,228.85,229.00,5000.000,7500.000,229.15,229.30,18696.000,7844.000,25000.000,30000.000,228.756,229.013,229.075,229.367,-0.300,-0.209
2017-03-01 13:34:00,229.184,229.491,250.000,543.000,229.20,229.25,2500.000,2500.000,229.40,229.50,273.000,265.000,229.10,229.30,5000.000,2500.000,229.35,229.55,5785.000,6796.000,25000.000,17500.000,229.004,229.403,229.280,229.657,-0.225,-0.184
2017-03-01 13:35:00,229.211,229.354,1272.000,184.000,229.00,229.10,2500.000,2500.000,229.30,229.40,424.000,60.000,228.95,229.15,5000.000,5000.000,229.25,229.45,14033.000,2037.000,17500.000,17500.000,228.837,229.241,229.207,229.500,-0.300,-0.203
2017-03-01 13:36:00,229.364,229.527,174.000,308.000,229.20,229.25,2500.000,2500.000,229.50,229.60,181.000,197.000,229.15,229.30,7500.000,5000.000,229.45,229.65,13400.000,2632.000,17500.000,20000.000,229.027,229.386,229.414,229.713,-0.325,-0.247
2017-03-01 13:37:00,229.227,229.406,97.000,349.000,229.10,229.15,2500.000,2500.000,229.35,229.50,177.000,722.000,229.05,229.20,5000.000,2500.000,229.30,229.55,6173.000,2451.000,20000.000,22500.000,228.931,229.253,229.250,229.633,-0.300,-0.298
2017-03-01 13:38:00,229.095,229.350,147.000,933.000,229.05,229.10,2500.000,5000.000,229.25,229.40,174.000,165.000,229.00,229.15,5000.000,7500.000,229.20,229.45,3214.000,2981.000,22500.000,20000.000,228.852,229.193,229.144,229.475,-0.250,-0.319
2017-03-01 13:39:00,229.180,229.362,143.000,15.000,229.00,229.10,2500.000,2500.000,229.30,229.40,170.000,110.000,228.95,229.15,2500.000,2500.000,229.25,229.45,13871.000,4028.000,17500.000,15000.000,228.825,229.248,229.193,229.508,-0.300,-0.344
2017-03-01 13:40:00,229.064,229.300,1510.000,905.000,229.00,229.05,2500.000,2500.000,229.25,229.30,200.000,60.000,228.90,229.10,5000.000,2500.000,229.20,229.35,16973.000,9094.000,17500.000,12500.000,228.789,229.223,229.143,229.400,-0.250,-0.353
2017-03-01 13:41:00,228.889,229.271,102.000,308.000,229.00,229.05,2500.000,7500.000,229.20,229.30,10.000,135.000,228.95,229.10,2500.000,5000.000,229.15,229.35,1887.000,8859.000,20000.000,22500.000,228.833,229.231,229.069,229.372,-0.225,-0.328
2017-03-01 13:42:00,228.860,229.295,10.000,766.000,229.00,229.05,10000.000,7500.000,229.10,229.30,10.000,45.000,228.95,229.10,2500.000,5000.000,229.05,229.35,681.000,7871.000,50000.000,22500.000,228.841,229.220,228.985,229.372,-0.175,-0.296
2017-03-01 13:43:00,228.936,229.294,44.000,181.000,229.00,229.05,2500.000,2500.000,229.20,229.35,60.000,110.000,228.95,229.15,2500.000,5000.000,229.15,229.40,1562.000,4637.000,22500.000,20000.000,228.841,229.271,229.072,229.463,-0.250,-0.267
2017-03-01 13:44:00,228.948,229.258,7.000,1150.000,229.00,229.05,5000.000,2500.000,229.10,229.25,125.000,409.000,228.90,229.10,2500.000,5000.000,229.05,229.30,3233.000,7251.000,42500.000,20000.000,228.771,229.186,228.971,229.350,-0.150,-0.234
2017-03-01 13:45:00,228.959,229.239,13.000,1550.000,229.00,229.05,2500.000,2500.000,229.10,229.25,125.000,349.000,228.90,229.10,2500.000,5000.000,229.05,229.30,3718.000,7811.000,27500.000,17500.000,228.774,229.179,228.964,229.343,-0.150,-0.211
2017-03-01 13:46:00,228.951,229.209,49.000,686.000,229.00,229.05,2500.000,2500.000,229.10,229.25,125.000,72.000,228.90,229.10,2500.000,2500.000,229.05,229.30,3542.000,6507.000,25000.000,17500.000,228.782,229.200,228.985,229.364,-0.150,-0.190
2017-03-01 13:47:00,228.993,229.266,1192.000,35.000,229.05,229.10,5000.000,2500.000,229.15,229.30,102.000,260.000,229.00,229.15,7500.000,2500.000,229.10,229.35,2756.000,5933.000,35000.000,20000.000,228.964,229.248,229.046,229.425,-0.150,-0.179
2017-03-01 13:48:00,228.968,229.181,49.000,518.000,229.00,229.05,2500.000,2500.000,229.05,229.20,85.000,364.000,228.90,229.10,10000.000,2500.000,229.00,229.25,4508.000,7794.000,35000.000,17500.000,228.770,229.187,228.946,229.314,-0.100,-0.197
2017-03-01 13:49:00,229.060,229.207,7.000,518.000,229.00,229.05,2500.000,2500.000,229.10,229.25,85.000,175.000,228.90,229.10,5000.000,2500.000,229.05,229.30,6452.000,4548.000,22500.000,15000.000,228.772,229.184,228.994,229.367,-0.150,-0.204
2017-03-01 13:50:00,229.036,229.200,7.000,418.000,229.00,229.05,2500.000,2500.000,229.10,229.25,499.000,175.000,228.90,229.10,5000.000,2500.000,229.05,229.30,5508.000,4487.000,22500.000,15000.000,228.786,229.187,229.006,229.367,-0.150,-0.194
2017-03-01 13:51:00,229.131,229.282,49.000,57.000,229.00,229.05,2500.000,5000.000,229.20,229.35,256.000,165.000,228.95,229.10,2500.000,5000.000,229.15,229.40,2984.000,795.000,20000.000,22500.000,228.854,229.167,229.062,229.450,-0.250,-0.202
2017-03-01 13:52:00,228.989,229.211,49.000,929.000,229.00,229.05,2500.000,5000.000,229.15,229.30,220.000,223.000,228.90,229.10,2500.000,5000.000,229.10,229.35,4502.000,6056.000,20000.000,25000.000,228.770,229.198,229.031,229.405,-0.200,-0.193
2017-03-01 13:53:00,228.966,229.268,7.000,579.000,229.00,229.05,2500.000,2500.000,229.20,229.30,135.000,223.000,228.90,229.10,2500.000,5000.000,229.15,229.35,4982.000,7104.000,22500.000,20000.000,228.776,229.218,229.067,229.419,-0.225,-0.171
2017-03-01 13:54:00,229.107,229.288,174.000,564.000,229.00,229.05,7500.000,5000.000,229.15,229.35,25.000,248.000,228.90,229.10,2500.000,2500.000,229.10,229.40,4627.000,2206.000,25000.000,17500.000,228.775,229.158,229.055,229.436,-0.225,-0.179
2017-03-01 13:55:00,229.211,229.323,7.000,362.000,229.00,229.05,2500.000,2500.000,229.25,229.40,952.000,270.000,228.90,229.10,5000.000,2500.000,229.20,229.45,16537.000,843.000,20000.000,17500.000,228.774,229.106,229.156,229.521,-0.300,-0.224
2017-03-01 13:56:00,229.210,229.403,182.000,54.000,229.00,229.05,2500.000,2500.000,229.30,229.45,133.000,425.000,228.95,229.10,7500.000,2500.000,229.25,229.50,12971.000,695.000,22500.000,15000.000,228.825,229.123,229.206,229.558,-0.350,-0.225
2017-03-01 13:57:00,229.145,229.320,12.000,336.000,229.00,229.05,2500.000,2500.000,229.25,229.40,62.000,265.000,228.95,229.10,7500.000,2500.000,229.20,229.45,4752.000,1585.000,20000.000,17500.000,228.817,229.168,229.162,229.521,-0.300,-0.235
2017-03-01 13:58:00,229.229,229.419,179.000,324.000,229.05,229.10,2500.000,2500.000,229.40,229.55,430.000,21.000,229.00,229.15,2500.000,5000.000,229.35,229.60,13985.000,663.000,17500.000,27500.000,228.910,229.162,229.279,229.691,-0.400,-0.237
2017-03-01 13:59:00,229.287,229.510,212.000,50.000,229.20,229.25,7500.000,2500.000,229.50,229.65,2689.000,118.000,229.05,229.30,2500.000,2500.000,229.45,229.70,14171.000,2560.000,20000.000,30000.000,229.005,229.393,229.419,229.787,-0.350,-0.234
2017-03-01 14:00:00,229.142,229.480,214.000,844.000,229.20,229.30,2500.000,5000.000,229.45,229.60,407.000,372.000,229.15,229.35,5000.000,5000.000,229.40,229.65,3040.000,9830.000,20000.000,30000.000,229.042,229.456,229.344,229.721,-0.275,-0.210
2017-03-01 14:01:00,229.361,229.561,160.000,4.000,229.25,229.30,2500.000,2500.000,229.50,229.65,1171.000,36.000,229.20,229.35,10000.000,5000.000,229.45,229.70,6480.000,2484.000,22500.000,22500.000,229.090,229.448,229.417,229.761,-0.300,-0.226
2017-03-01 14:02:00,229.282,229.502,214.000,849.000,229.25,229.30,7500.000,5000.000,229.45,229.65,1111.000,50.000,229.20,229.35,2500.000,5000.000,229.40,229.70,3395.000,3468.000,20000.000,30000.000,229.122,229.411,229.363,229.754,-0.275,-0.234
2017-03-01 14:03:00,229.280,229.486,993.000,1088.000,229.20,229.25,2500.000,5000.000,229.50,229.60,399.000,100.000,229.10,229.35,5000.000,7500.000,229.40,229.65,17410.000,9262.000,20000.000,32500.000,229.019,229.453,229.344,229.712,-0.325,-0.242
2017-03-01 14:04:00,229.212,229.418,2134.000,30.000,229.00,229.05,5000.000,2500.000,229.35,229.55,152.000,357.000,228.95,229.10,5000.000,2500.000,229.30,229.60,16004.000,2217.000,20000.000,22500.000,228.878,229.249,229.269,229.672,-0.425,-0.237
2017-03-01 14:05:00,229.126,229.345,3186.000,393.000,229.00,229.05,2500.000,2500.000,229.30,229.40,62.000,137.000,228.95,229.10,10000.000,5000.000,229.25,229.45,16109.000,6166.000,27500.000,25000.000,228.854,229.256,229.200,229.525,-0.325,-0.231
2017-03-01 14:06:00,229.127,229.408,1928.000,28.000,229.05,229.10,5000.000,2500.000,229.30,229.45,1465.000,25.000,229.00,229.15,10000.000,2500.000,229.25,229.50,8706.000,4481.000,30000.000,17500.000,228.925,229.322,229.208,229.571,-0.300,-0.225
2017-03-01 14:07:00,229.263,229.524,2736.000,4.000,229.10,229.15,7500.000,2500.000,229.45,229.60,2449.000,798.000,229.05,229.25,2500.000,5000.000,229.40,229.65,20926.000,2445.000,27500.000,25000.000,228.995,229.340,229.355,229.715,-0.400,-0.234
2017-03-01 14:08:00,229.257,229.502,123.000,3673.000,229.20,229.25,2500.000,2500.000,229.45,229.55,3587.000,178.000,229.15,229.30,5000.000,5000.000,229.40,229.60,11377.000,9328.000,25000.000,25000.000,229.061,229.354,229.335,229.660,-0.275,-0.220
2017-03-01 14:09:00,229.225,229.404,877.000,10.000,229.10,229.15,5000.000,5000.000,229.40,229.50,222.000,1173.000,229.05,229.20,7500.000,5000.000,229.30,229.55,16787.000,5911.000,27500.000,32500.000,228.946,229.250,229.259,229.619,-0.325,-0.219
2017-03-01 14:10:00,229.149,229.335,1872.000,304.000,229.05,229.10,5000.000,5000.000,229.30,229.45,1534.000,462.000,229.00,229.15,10000.000,7500.000,229.25,229.50,11422.000,5211.000,32500.000,45000.000,228.909,229.202,229.200,229.569,-0.300,-0.209
2017-03-01 14:11:00,229.122,229.377,1375.000,1231.000,229.05,229.10,10000.000,10000.000,229.30,229.50,1534.000,493.000,229.00,229.15,10000.000,10000.000,229.25,229.55,7949.000,5720.000,35000.000,45000.000,228.920,229.179,229.221,229.581,-0.325,-0.189
2017-03-01 14:12:00,229.162,229.467,381.000,948.000,229.05,229.10,2500.000,10000.000,229.40,229.55,3451.000,336.000,229.00,229.15,7500.000,12500.000,229.35,229.60,16854.000,5111.000,32500.000,42500.000,228.929,229.180,229.292,229.629,-0.400,-0.164
2017-03-01 14:13:00,229.173,229.348,1122.000,1196.000,229.05,229.10,2500.000,5000.000,229.30,229.45,1535.000,172.000,229.00,229.15,7500.000,5000.000,229.25,229.50,7732.000,2498.000,27500.000,37500.000,228.913,229.175,229.186,229.560,-0.300,-0.192
2017-03-01 14:14:00,229.241,229.413,1757.000,15.000,229.05,229.10,2500.000,7500.000,229.35,229.50,1535.000,220.000,229.00,229.15,7500.000,10000.000,229.30,229.55,16336.000,616.000,30000.000,37500.000,228.898,229.201,229.246,229.590,-0.350,-0.205
2017-03-01 14:15:00,229.203,229.343,147.000,601.000,229.05,229.10,7500.000,2500.000,229.30,229.45,1328.000,183.000,229.00,229.15,10000.000,10000.000,229.25,229.50,6525.000,1585.000,32500.000,40000.000,228.889,229.187,229.215,229.562,-0.300,-0.221
2017-03-01 14:16:00,229.189,229.341,105.000,530.000,229.05,229.10,10000.000,2500.000,229.30,229.45,3078.000,123.000,229.00,229.15,7500.000,10000.000,229.25,229.50,8064.000,1554.000,32500.000,40000.000,228.916,229.197,229.219,229.562,-0.300,-0.220
2017-03-01 14:17:00,229.188,229.369,639.000,1687.000,229.05,229.10,7500.000,12500.000,229.30,229.50,1828.000,130.000,229.00,229.15,7500.000,12500.000,229.25,229.55,7677.000,2342.000,30000.000,47500.000,228.909,229.134,229.213,229.576,-0.325,-0.252
2017-03-01 14:18:00,228.974,229.288,49.000,715.000,229.05,229.10,10000.000,7500.000,229.20,229.40,1560.000,252.000,229.00,229.15,5000.000,7500.000,229.15,229.45,1997.000,5489.000,40000.000,45000.000,228.974,229.250,229.097,229.503,-0.225,-0.245
2017-03-01 14:19:00,229.036,229.273,27.000,153.000,229.05,229.10,7500.000,7500.000,229.15,229.35,1664.000,618.000,229.00,229.15,7500.000,5000.000,229.10,229.40,3273.000,5010.000,45000.000,37500.000,228.929,229.235,229.039,229.453,-0.175,-0.246
2017-03-01 14:20:00,229.064,229.283,11.000,488.000,229.05,229.10,2500.000,2500.000,229.25,229.35,1564.000,20.000,229.00,229.15,10000.000,7500.000,229.20,229.40,4277.000,4792.000,35000.000,40000.000,228.918,229.236,229.136,229.475,-0.225,-0.250
2017-03-01 14:21:00,229.289,229.436,11.000,46.000,229.05,229.10,2500.000,7500.000,229.35,229.50,1864.000,130.000,229.00,229.20,7500.000,10000.000,229.30,229.55,15091.000,1099.000,30000.000,32500.000,228.883,229.287,229.238,229.577,-0.350,-0.267
2017-03-01 14:22:00,228.982,229.326,473.000,257.000,229.05,229.10,2500.000,7500.000,229.25,229.40,1564.000,436.000,229.00,229.15,10000.000,7500.000,229.20,229.45,2400.000,5259.000,32500.000,35000.000,228.987,229.251,229.142,229.493,-0.250,-0.253
2017-03-01 14:23:00,229.017,229.295,12.000,819.000,229.05,229.10,7500.000,2500.000,229.20,229.30,1564.000,290.000,229.00,229.15,5000.000,5000.000,229.15,229.40,2547.000,6841.000,42500.000,32500.000,228.946,229.202,229.079,229.469,-0.175,-0.237
2017-03-01 14:24:00,229.048,229.287,11.000,587.000,229.05,229.10,2500.000,5000.000,229.20,229.35,2122.000,140.000,229.00,229.15,7500.000,7500.000,229.15,229.40,3904.000,5322.000,35000.000,35000.000,228.938,229.223,229.071,229.454,-0.200,-0.237
2017-03-01 14:25:00,229.049,229.291,11.000,384.000,229.05,229.10,7500.000,2500.000,229.25,229.40,1623.000,1130.000,229.00,229.20,5000.000,10000.000,229.20,229.45,3176.000,5479.000,30000.000,40000.000,228.939,229.270,229.154,229.512,-0.250,-0.219
2017-03-01 14:26:00,229.097,229.329,114.000,82.000,229.05,229.10,2500.000,7500.000,229.25,229.40,1645.000,1105.000,229.00,229.20,7500.000,10000.000,229.20,229.45,4976.000,5197.000,30000.000,35000.000,228.917,229.280,229.137,229.479,-0.250,-0.204
2017-03-01 14:27:00,229.077,229.350,10.000,79.000,229.05,229.10,10000.000,10000.000,229.20,229.40,1560.000,1148.000,229.00,229.20,5000.000,7500.000,229.15,229.45,3948.000,5166.000,47500.000,35000.000,228.917,229.280,229.084,229.475,-0.225,-0.191
2017-03-01 14:28:00,229.114,229.315,189.000,64.000,229.05,229.10,2500.000,10000.000,229.25,229.40,1545.000,1045.000,229.00,229.20,5000.000,7500.000,229.20,229.45,4974.000,4254.000,25000.000,35000.000,228.920,229.276,229.140,229.475,-0.250,-0.200
2017-03-01 14:29:00,229.067,229.306,7.000,353.000,229.05,229.10,2500.000,10000.000,229.25,229.40,1545.000,1045.000,229.00,229.20,5000.000,7500.000,229.20,229.45,3260.000,4691.000,25000.000,37500.000,228.938,229.264,229.135,229.483,-0.250,-0.186
2017-03-01 14:30:00,229.143,229.295,137.000,749.000,229.05,229.10,5000.000,2500.000,229.20,229.35,1611.000,1090.000,229.00,229.20,5000.000,5000.000,229.15,229.40,4462.000,3265.000,45000.000,37500.000,228.921,229.229,229.064,229.483,-0.200,-0.175
2017-03-01 14:31:00,229.123,229.281,49.000,742.000,229.05,229.10,2500.000,2500.000,229.20,229.30,2635.000,45.000,229.00,229.15,5000.000,12500.000,229.15,229.35,4980.000,2673.000,42500.000,37500.000,228.936,229.196,229.047,229.413,-0.175,-0.165
2017-03-01 14:32:00,229.018,229.224,379.000,998.000,229.05,229.10,5000.000,2500.000,229.10,229.25,3407.000,322.000,229.00,229.15,5000.000,7500.000,229.05,229.30,5397.000,8455.000,55000.000,32500.000,228.959,229.242,228.986,229.362,-0.100,-0.143
2017-03-01 14:33:00,229.021,229.265,121.000,1069.000,229.05,229.10,2500.000,2500.000,229.15,229.20,3409.000,45.000,229.00,229.15,7500.000,7500.000,229.10,229.30,4737.000,8828.000,57500.000,32500.000,228.970,229.214,229.004,229.358,-0.100,-0.127
2017-03-01 14:34:00,229.073,229.245,82.000,907.000,229.05,229.10,10000.000,7500.000,229.10,229.30,3409.000,45.000,229.00,229.15,7500.000,7500.000,229.05,229.35,5851.000,4637.000,57500.000,37500.000,228.944,229.244,228.991,229.407,-0.125,-0.128
2017-03-01 14:35:00,229.191,229.288,11.000,362.000,229.05,229.10,2500.000,2500.000,229.25,229.35,3709.000,41.000,229.00,229.15,5000.000,7500.000,229.20,229.40,9844.000,1492.000,30000.000,35000.000,228.920,229.215,229.125,229.471,-0.225,-0.133
2017-03-01 14:36:00,229.208,229.314,204.000,342.000,229.05,229.10,2500.000,7500.000,229.25,229.40,1781.000,68.000,229.00,229.15,5000.000,7500.000,229.20,229.45,7476.000,1115.000,27500.000,35000.000,228.903,229.208,229.132,229.496,-0.250,-0.132
2017-03-01 14:37:00,229.209,229.307,49.000,752.000,229.05,229.15,5000.000,5000.000,229.30,229.40,1481.000,820.000,229.00,229.20,7500.000,7500.000,229.20,229.45,10932.000,3568.000,32500.000,40000.000,228.859,229.236,229.150,229.512,-0.250,-0.147
2017-03-01 14:38:00,229.228,229.388,49.000,32.000,229.05,229.10,10000.000,10000.000,229.30,229.50,1481.000,83.000,229.00,229.15,7500.000,12500.000,229.25,229.55,9266.000,857.000,40000.000,45000.000,228.892,229.245,229.206,229.594,-0.325,-0.146
2017-03-01 14:39:00,229.197,229.376,50.000,797.000,229.05,229.15,5000.000,15000.000,229.30,229.45,1481.000,181.000,229.00,229.20,7500.000,10000.000,229.25,229.50,8024.000,2806.000,37500.000,47500.000,228.914,229.255,229.193,229.529,-0.275,-0.137
2017-03-01 14:40:00,229.197,229.317,49.000,126.000,229.05,229.10,2500.000,5000.000,229.30,229.40,1496.000,1042.000,229.00,229.15,7500.000,10000.000,229.20,229.45,13808.000,2600.000,32500.000,40000.000,228.857,229.200,229.138,229.500,-0.275,-0.149
2017-03-01 14:41:00,229.204,229.303,49.000,67.000,229.05,229.10,2500.000,2500.000,229.30,229.40,1496.000,1067.000,229.00,229.15,5000.000,12500.000,229.20,229.45,13810.000,2178.000,32500.000,45000.000,228.858,229.199,229.131,229.508,-0.275,-0.191
2017-03-01 14:42:00,229.186,229.358,11.000,289.000,229.05,229.10,2500.000,2500.000,229.30,229.45,1658.000,1000.000,229.00,229.15,7500.000,7500.000,229.25,229.50,8316.000,2333.000,20000.000,25000.000,228.900,229.193,229.200,229.545,-0.300,-0.203
2017-03-01 14:43:00,229.178,229.335,11.000,670.000,229.05,229.10,5000.000,2500.000,229.30,229.45,1519.000,1050.000,229.00,229.15,5000.000,7500.000,229.25,229.50,8294.000,2871.000,20000.000,30000.000,228.898,229.183,229.206,229.554,-0.300,-0.221
2017-03-01 14:44:00,229.186,229.320,49.000,642.000,229.05,229.10,5000.000,2500.000,229.30,229.40,1520.000,1050.000,229.00,229.15,5000.000,2500.000,229.25,229.45,14333.000,3482.000,22500.000,27500.000,228.860,229.187,229.206,229.523,-0.275,-0.236
2017-03-01 14:45:00,229.216,229.400,222.000,623.000,229.05,229.10,2500.000,7500.000,229.35,229.50,1820.000,1000.000,229.00,229.15,10000.000,7500.000,229.30,229.55,13516.000,2328.000,22500.000,30000.000,228.892,229.172,229.267,229.588,-0.350,-0.254
2017-03-01 14:46:00,229.179,229.487,50.000,30.000,229.05,229.10,2500.000,5000.000,229.45,229.55,4364.000,89.000,229.00,229.15,5000.000,2500.000,229.35,229.60,14074.000,1128.000,25000.000,22500.000,228.948,229.264,229.305,229.656,-0.425,-0.238
2017-03-01 14:47:00,229.200,229.432,49.000,46.000,229.05,229.10,5000.000,2500.000,229.35,229.50,1519.000,43.000,229.00,229.15,10000.000,2500.000,229.30,229.55,9143.000,1644.000,25000.000,17500.000,228.895,229.260,229.275,229.621,-0.350,-0.247
2017-03-01 14:48:00,229.257,229.502,228.000,146.000,229.10,229.15,5000.000,2500.000,229.40,229.55,50.000,166.000,229.05,229.20,7500.000,2500.000,229.35,229.60,8574.000,1379.000,32500.000,20000.000,228.945,229.286,229.312,229.669,-0.350,-0.259
2017-03-01 14:49:00,229.223,229.433,49.000,777.000,229.05,229.10,7500.000,2500.000,229.35,229.55,1519.000,35.000,229.00,229.15,7500.000,7500.000,229.30,229.60,11760.000,1796.000,25000.000,25000.000,228.885,229.199,229.280,229.655,-0.375,-0.266
2017-03-01 14:50:00,229.211,229.486,48.000,586.000,229.05,229.10,7500.000,10000.000,229.40,229.60,1479.000,35.000,229.00,229.15,5000.000,5000.000,229.35,229.65,12335.000,1266.000,30000.000,32500.000,228.914,229.184,229.317,229.696,-0.425,-0.257
2017-03-01 14:51:00,229.184,229.412,50.000,393.000,229.05,229.10,2500.000,2500.000,229.40,229.50,1434.000,95.000,229.00,229.15,12500.000,5000.000,229.30,229.55,12337.000,2390.000,25000.000,25000.000,228.914,229.232,229.275,229.610,-0.375,-0.271
2017-03-01 14:52:00,229.182,229.461,48.000,585.000,229.05,229.10,5000.000,7500.000,229.40,229.55,1430.000,60.000,229.00,229.15,2500.000,5000.000,229.35,229.60,12286.000,2609.000,25000.000,30000.000,228.914,229.224,229.305,229.642,-0.400,-0.276
2017-03-01 14:53:00,229.211,229.516,50.000,229.000,229.05,229.10,2500.000,7500.000,229.45,229.60,4263.000,106.000,229.00,229.20,2500.000,5000.000,229.40,229.65,11665.000,1409.000,22500.000,25000.000,228.956,229.248,229.300,229.695,-0.450,-0.248
2017-03-01 14:54:00,229.197,229.442,48.000,483.000,229.05,229.15,2500.000,2500.000,229.40,229.50,1763.000,429.000,229.00,229.20,2500.000,5000.000,229.35,229.55,12391.000,4007.000,22500.000,22500.000,228.920,229.258,229.289,229.611,-0.350,-0.233
2017-03-01 14:55:00,229.160,229.389,50.000,1061.000,229.05,229.10,2500.000,2500.000,229.35,229.45,631.000,287.000,229.00,229.15,10000.000,5000.000,229.30,229.50,9239.000,4677.000,22500.000,22500.000,228.879,229.207,229.267,229.556,-0.325,-0.251
2017-03-01 14:56:00,229.307,229.603,452.000,313.000,229.20,229.25,2500.000,2500.000,229.60,229.65,5634.000,5.000,229.15,229.30,10000.000,2500.000,229.45,229.70,18076.000,5735.000,27500.000,20000.000,229.091,229.461,229.405,229.769,-0.400,-0.238
2017-03-01 14:57:00,229.233,229.539,118.000,168.000,229.25,229.30,10000.000,2500.000,229.45,229.60,50.000,464.000,229.20,229.35,5000.000,2500.000,229.40,229.65,5198.000,6753.000,27500.000,17500.000,229.033,229.453,229.373,229.729,-0.250,-0.222
2017-03-01 14:58:00,229.380,229.544,300.000,278.000,229.25,229.30,2500.000,2500.000,229.50,229.65,50.000,110.000,229.20,229.35,5000.000,2500.000,229.45,229.70,13971.000,4253.000,20000.000,25000.000,229.023,229.447,229.394,229.775,-0.300,-0.230
2017-03-01 14:59:00,229.260,229.433,323.000,565.000,229.10,229.15,5000.000,2500.000,229.40,229.50,284.000,300.000,229.05,229.20,5000.000,2500.000,229.35,229.55,10969.000,2318.000,25000.000,25000.000,228.935,229.250,229.310,229.625,-0.325,-0.239
2017-03-01 15:00:00,229.207,229.523,116.000,742.000,229.10,229.15,2500.000,2500.000,229.50,229.55,5668.000,300.000,229.05,229.20,2500.000,10000.000,229.40,229.60,15218.000,2295.000,25000.000,25000.000,229.012,229.247,229.340,229.670,-0.400,-0.212
2017-03-01 15:01:00,229.183,229.417,92.000,142.000,229.05,229.10,2500.000,5000.000,229.35,229.50,257.000,414.000,228.95,229.15,7500.000,5000.000,229.30,229.55,13247.000,2022.000,17500.000,20000.000,228.870,229.228,229.264,229.581,-0.350,-0.210
2017-03-01 15:02:00,229.249,229.472,248.000,231.000,229.10,229.15,5000.000,2500.000,229.40,229.55,110.000,1414.000,229.05,229.20,2500.000,7500.000,229.35,229.60,11976.000,3412.000,20000.000,20000.000,228.929,229.254,229.306,229.637,-0.350,-0.224
2017-03-01 15:03:00,229.217,229.422,52.000,220.000,229.05,229.10,5000.000,7500.000,229.35,229.50,67.000,125.000,229.00,229.15,7500.000,5000.000,229.30,229.55,12574.000,2614.000,22500.000,22500.000,228.875,229.214,229.244,229.578,-0.350,-0.234
2017-03-01 15:04:00,229.193,229.413,50.000,1418.000,229.05,229.10,2500.000,5000.000,229.35,229.50,7.000,125.000,229.00,229.15,10000.000,7500.000,229.30,229.55,11536.000,4115.000,22500.000,25000.000,228.876,229.184,229.239,229.595,-0.350,-0.223
2017-03-01 15:05:00,229.257,229.437,93.000,181.000,229.05,229.15,5000.000,10000.000,229.35,229.50,7.000,955.000,229.00,229.20,7500.000,5000.000,229.30,229.55,12623.000,2731.000,22500.000,25000.000,228.874,229.264,229.244,229.605,-0.325,-0.219
2017-03-01 15:06:00,229.153,229.375,25.000,271.000,229.05,229.10,5000.000,5000.000,229.30,229.45,7.000,439.000,229.00,229.15,10000.000,12500.000,229.25,229.50,6937.000,4352.000,25000.000,25000.000,228.858,229.220,229.205,229.520,-0.300,-0.209
2017-03-01 15:07:00,229.003,229.295,48.000,361.000,229.05,229.10,5000.000,10000.000,229.25,229.40,7.000,379.000,229.00,229.15,5000.000,5000.000,229.20,229.45,2644.000,7447.000,20000.000,32500.000,228.871,229.245,229.162,229.473,-0.250,-0.200
2017-03-01 15:08:00,229.013,229.268,48.000,1022.000,229.05,229.10,2500.000,2500.000,229.25,229.35,60.000,45.000,228.95,229.15,7500.000,2500.000,229.20,229.40,3554.000,7246.000,22500.000,27500.000,228.822,229.224,229.156,229.477,-0.225,-0.192
2017-03-01 15:09:00,229.090,229.258,48.000,1663.000,229.05,229.10,10000.000,2500.000,229.20,229.35,900.000,45.000,228.90,229.15,2500.000,2500.000,229.15,229.40,9912.000,7354.000,30000.000,30000.000,228.784,229.220,229.100,229.483,-0.200,-0.214
2017-03-01 15:10:00,229.093,229.252,48.000,1685.000,229.05,229.10,7500.000,2500.000,229.20,229.35,692.000,185.000,228.90,229.15,5000.000,2500.000,229.15,229.40,9835.000,7182.000,30000.000,32500.000,228.784,229.218,229.096,229.485,-0.200,-0.233
2017-03-01 15:11:00,229.073,229.242,46.000,2137.000,229.05,229.10,2500.000,2500.000,229.20,229.35,414.000,239.000,228.85,229.15,5000.000,7500.000,229.15,229.40,9789.000,7588.000,27500.000,37500.000,228.746,229.204,229.077,229.477,-0.200,-0.247
2017-03-01 15:12:00,229.005,229.252,50.000,1399.000,229.05,229.10,2500.000,2500.000,229.25,229.35,50.000,371.000,229.00,229.15,2500.000,5000.000,229.20,229.40,4214.000,8990.000,22500.000,35000.000,228.819,229.235,229.133,229.486,-0.225,-0.255
2017-03-01 15:13:00,229.038,229.256,50.000,1450.000,229.05,229.10,2500.000,2500.000,229.25,229.35,56.000,788.000,228.90,229.15,5000.000,2500.000,229.20,229.40,10290.000,12509.000,25000.000,37500.000,228.774,229.220,229.130,229.487,-0.225,-0.270
2017-03-01 15:14:00,229.040,229.317,52.000,73.000,229.05,229.10,2500.000,2500.000,229.25,229.40,113.000,260.000,228.90,229.15,10000.000,5000.000,229.20,229.45,8307.000,8965.000,25000.000,27500.000,228.765,229.239,229.150,229.500,-0.250,-0.279
2017-03-01 15:15:00,229.108,229.361,38.000,376.000,229.05,229.10,2500.000,2500.000,229.30,229.45,622.000,163.000,229.00,229.15,10000.000,15000.000,229.25,229.50,7611.000,5489.000,25000.000,32500.000,228.847,229.205,229.205,229.531,-0.300,-0.286
2017-03-01 15:16:00,228.993,229.233,48.000,3369.000,229.05,229.10,2500.000,10000.000,229.20,229.30,172.000,984.000,228.90,229.15,2500.000,5000.000,229.15,229.35,7286.000,16668.000,27500.000,40000.000,228.782,229.198,229.064,229.406,-0.175,-0.287
2017-03-01 15:17:00,229.031,229.320,38.000,2733.000,229.05,229.10,7500.000,2500.000,229.25,229.40,337.000,2808.000,228.90,229.15,5000.000,7500.000,229.20,229.45,8933.000,13804.000,27500.000,27500.000,228.770,229.200,229.164,229.495,-0.250,-0.314
2017-03-01 15:18:00,229.011,229.300,48.000,3178.000,229.05,229.10,2500.000,2500.000,229.25,229.35,339.000,2525.000,228.90,229.15,5000.000,10000.000,229.20,229.40,9527.000,17475.000,30000.000,32500.000,228.775,229.201,229.133,229.454,-0.225,-0.316
2017-03-01 15:19:00,228.958,229.283,81.000,133.000,229.00,229.05,5000.000,5000.000,229.20,229.35,13.000,5776.000,228.95,229.10,7500.000,7500.000,229.15,229.40,5443.000,13173.000,35000.000,32500.000,228.777,229.175,229.093,229.454,-0.250,-0.314
2017-03-01 15:20:00,228.967,229.256,474.000,1.000,228.85,228.90,2500.000,2500.000,229.20,229.30,1452.000,1087.000,228.80,229.00,7500.000,5000.000,229.15,229.35,12145.000,4832.000,35000.000,32500.000,228.738,229.067,229.086,229.415,-0.375,-0.318
2017-03-01 15:21:00,228.862,229.106,2147.000,197.000,228.85,228.90,7500.000,5000.000,229.10,229.30,98.000,225.000,228.70,229.00,2500.000,5000.000,229.05,229.35,9119.000,6749.000,22500.000,45000.000,228.673,229.077,229.006,229.439,-0.325,-0.330
2017-03-01 15:22:00,228.518,228.943,875.000,1.000,228.50,228.55,5000.000,2500.000,228.85,228.95,774.000,50.000,228.45,228.60,2500.000,7500.000,228.80,229.00,8071.000,6799.000,30000.000,25000.000,228.393,228.697,228.742,229.095,-0.375,-0.335
2017-03-01 15:23:00,228.510,228.806,1007.000,29.000,228.50,228.55,5000.000,5000.000,228.75,228.90,310.000,734.000,228.45,228.60,12500.000,5000.000,228.70,228.95,4172.000,5379.000,30000.000,35000.000,228.364,228.677,228.675,228.996,-0.300,-0.333
2017-03-01 15:24:00,228.491,228.807,623.000,363.000,228.40,228.45,15000.000,2500.000,228.70,228.85,350.000,80.000,228.35,228.50,5000.000,10000.000,228.65,228.90,7776.000,3800.000,50000.000,35000.000,228.249,228.584,228.593,228.957,-0.350,-0.336
2017-03-01 15:25:00,228.509,228.820,97.000,100.000,228.40,228.50,5000.000,2500.000,228.75,228.90,873.000,60.000,228.35,228.55,12500.000,7500.000,228.70,228.95,8705.000,3691.000,35000.000,32500.000,228.273,228.669,228.664,229.008,-0.375,-0.260
2017-03-01 15:26:00,228.523,228.827,920.000,1884.000,228.50,228.55,2500.000,2500.000,228.80,228.85,323.000,553.000,228.40,228.60,5000.000,7500.000,228.75,228.90,8659.000,7168.000,30000.000,30000.000,228.326,228.679,228.679,228.967,-0.300,-0.260
2017-03-01 15:27:00,228.418,228.864,746.000,1789.000,228.45,228.55,5000.000,5000.000,228.70,228.90,1357.000,400.000,228.40,228.60,12500.000,2500.000,228.65,228.95,4453.000,11802.000,47500.000,25000.000,228.333,228.716,228.579,228.995,-0.300,-0.260
2017-03-01 15:28:00,228.671,228.958,10.000,96.000,228.60,228.65,5000.000,10000.000,228.90,229.00,1650.000,100.000,228.55,228.70,5000.000,5000.000,228.85,229.05,7752.000,5686.000,22500.000,25000.000,228.462,228.840,228.811,229.080,-0.325,-0.260
2017-03-01 15:29:00,228.486,228.820,57.000,4537.000,228.40,228.50,5000.000,5000.000,228.75,228.85,14.000,154.000,228.35,228.60,5000.000,2500.000,228.65,228.90,8566.000,9713.000,32500.000,22500.000,228.279,228.603,228.588,228.956,-0.350,-0.260
2017-03-01 15:30:00,228.858,228.785,36.000,465.000,228.70,228.75,2500.000,2500.000,228.85,229.25,2298.000,250.000,228.40,228.95,2500.000,7500.000,228.55,229.40,6896.000,2027.000,20000.000,45000.000,228.316,228.967,228.506,229.475,-0.325,-0.260
2017-03-02 09:16:00,229.394,229.400,419.000,200.000,229.35,229.60,2500.000,2500.000,229.30,229.50,417.000,1443.000,229.30,229.65,2500.000,2500.000,229.25,229.55,2421.000,4777.000,17500.000,12500.000,229.265,229.746,229.100,229.660,0.075,-0.007
2017-03-02 09:17:00,229.664,229.720,479.000,35.000,229.65,229.75,2500.000,2500.000,229.60,229.80,968.000,23.000,229.60,229.80,7500.000,2500.000,229.55,229.85,2817.000,3143.000,22500.000,15000.000,229.561,229.963,229.456,229.950,-0.000,0.035
2017-03-02 09:18:00,229.869,229.892,50.000,21.000,229.90,229.95,2500.000,2500.000,229.85,230.05,369.000,70.000,229.85,230.10,2500.000,7500.000,229.75,230.10,1281.000,2601.000,12500.000,20000.000,229.792,230.221,229.710,230.188,-0.025,0.063
2017-03-02 09:19:00,229.845,229.865,778.000,1.000,229.80,229.90,7500.000,2500.000,229.65,229.85,159.000,268.000,229.75,229.95,2500.000,5000.000,229.60,230.00,2111.000,1626.000,27500.000,15000.000,229.717,230.033,229.482,230.050,0.100,0.084
2017-03-02 09:20:00,230.397,230.412,697.000,300.000,230.25,230.35,2500.000,7500.000,230.25,230.50,300.000,201.000,230.20,230.40,5000.000,2500.000,230.20,230.75,3194.000,933.000,17500.000,22500.000,230.145,230.451,230.114,230.711,-0.075,0.074
2017-03-02 09:21:00,230.629,230.547,369.000,385.000,230.60,230.80,5000.000,2500.000,230.55,230.75,419.000,359.000,230.55,230.85,5000.000,2500.000,230.40,230.80,4489.000,7860.000,20000.000,27500.000,230.438,230.961,230.356,230.959,0.050,0.059
2017-03-02 09:22:00,230.640,230.488,600.000,500.000,230.70,230.80,2500.000,2500.000,230.55,230.75,50.000,420.000,230.65,230.90,2500.000,2500.000,230.50,230.80,3420.000,11074.000,12500.000,40000.000,230.558,231.014,230.440,230.950,0.100,0.039
2017-03-02 09:23:00,230.773,230.657,177.000,26.000,230.85,230.90,5000.000,2500.000,230.70,230.80,225.000,3239.000,230.80,230.95,5000.000,10000.000,230.65,230.90,2289.000,9543.000,20000.000,47500.000,230.723,231.038,230.588,230.961,0.125,0.025
2017-03-02 09:24:00,231.432,231.342,629.000,23.000,231.35,231.50,2500.000,2500.000,231.25,231.45,768.000,1.000,231.30,231.55,2500.000,5000.000,231.20,231.50,3871.000,2468.000,20000.000,27500.000,231.259,231.650,231.131,231.627,0.075,-0.007
2017-03-02 09:25:00,231.422,231.490,100.000,314.000,231.50,231.55,7500.000,2500.000,231.40,231.45,339.000,198.000,231.45,231.60,5000.000,2500.000,231.35,231.50,2894.000,8090.000,45000.000,17500.000,231.377,231.718,231.292,231.571,0.100,0.026
2017-03-02 09:26:00,231.255,231.250,354.000,6.000,231.25,231.35,7500.000,2500.000,231.15,231.40,369.000,231.000,231.20,231.45,5000.000,2500.000,231.05,231.45,2236.000,3042.000,25000.000,22500.000,231.148,231.571,231.005,231.633,0.025,0.046
2017-03-02 09:27:00,230.892,230.841,277.000,22.000,230.80,230.85,7500.000,5000.000,230.70,230.95,375.000,2.000,230.75,230.90,5000.000,5000.000,230.65,231.00,2259.000,779.000,22500.000,20000.000,230.670,231.013,230.589,231.094,0.000,0.080
2017-03-02 09:28:00,231.093,231.046,629.000,62.000,230.95,231.15,2500.000,2500.000,230.95,231.20,148.000,403.000,230.90,231.20,2500.000,5000.000,230.90,231.25,5453.000,3888.000,17500.000,17500.000,230.791,231.310,230.779,231.300,-0.025,0.123
2017-03-02 09:29:00,230.862,230.933,53.000,40.000,230.95,231.00,2500.000,2500.000,230.85,231.00,10.000,70.000,230.90,231.05,5000.000,2500.000,230.80,231.10,826.000,3679.000,20000.000,17500.000,230.785,231.156,230.738,231.157,0.050,0.164
2017-03-02 09:30:00,230.472,230.372,435.000,66.000,230.50,230.60,5000.000,7500.000,230.30,230.55,90.000,369.000,230.45,230.65,2500.000,5000.000,230.25,230.60,2575.000,5233.000,15000.000,25000.000,230.412,230.735,230.217,230.665,0.125,0.160
2017-03-02 09:31:00,230.716,230.610,30.000,14.000,230.70,230.75,2500.000,10000.000,230.50,230.75,91.000,52.000,230.60,230.80,7500.000,2500.000,230.40,230.80,2359.000,1793.000,17500.000,20000.000,230.496,230.932,230.371,230.812,0.100,0.181
2017-03-02 09:32:00,230.878,230.660,310.000,46.000,230.65,230.80,5000.000,5000.000,230.70,230.90,1497.000,339.000,230.60,230.90,2500.000,2500.000,230.60,230.95,11185.000,3540.000,15000.000,35000.000,230.498,231.009,230.550,230.993,-0.075,0.161
2017-03-02 09:33:00,230.828,230.565,50.000,419.000,230.70,230.85,10000.000,2500.000,230.55,230.85,135.000,19.000,230.65,230.90,5000.000,2500.000,230.50,230.90,3608.000,2611.000,25000.000,35000.000,230.517,231.005,230.425,231.011,0.075,0.100
2017-03-02 09:34:00,230.871,230.736,25.000,100.000,230.85,230.95,2500.000,2500.000,230.70,230.90,110.000,293.000,230.80,231.00,2500.000,2500.000,230.65,230.95,2902.000,3663.000,20000.000,25000.000,230.681,231.125,230.481,231.000,0.100,0.070
2017-03-02 09:35:00,231.247,231.167,135.000,972.000,231.25,231.30,5000.000,2500.000,231.20,231.35,339.000,24.000,231.20,231.35,2500.000,2500.000,231.10,231.40,3845.000,5907.000,20000.000,32500.000,231.100,231.436,231.050,231.488,0.000,0.058
2017-03-02 09:36:00,231.666,231.459,155.000,1156.000,231.55,231.60,5000.000,5000.000,231.50,231.75,418.000,24.000,231.50,231.65,7500.000,7500.000,231.45,231.80,4143.000,1930.000,25000.000,42500.000,231.398,231.668,231.310,231.865,-0.050,0.021
2017-03-02 09:37:00,231.503,231.385,723.000,1.000,231.30,231.45,5000.000,2500.000,231.35,231.60,887.000,113.000,231.25,231.50,2500.000,2500.000,231.30,231.65,8644.000,2408.000,17500.000,32500.000,231.140,231.630,231.264,231.727,-0.100,-0.028
2017-03-02 09:38:00,231.434,231.474,4.000,111.000,231.45,231.50,2500.000,2500.000,231.40,231.65,30.000,114.000,231.40,231.55,5000.000,2500.000,231.35,231.70,708.000,1293.000,17500.000,25000.000,231.287,231.641,231.300,231.770,-0.050,-0.024
2017-03-02 09:39:00,232.056,232.071,241.000,315.000,232.00,232.05,2500.000,2500.000,232.10,232.20,190.000,317.000,231.95,232.10,7500.000,5000.000,232.00,232.25,9671.000,6351.000,22500.000,25000.000,231.860,232.198,231.894,232.335,-0.125,-0.023
2017-03-02 09:40:00,232.378,232.359,304.000,441.000,232.20,232.25,5000.000,2500.000,232.25,232.50,257.000,17.000,232.15,232.30,2500.000,2500.000,232.20,232.55,10949.000,1980.000,20000.000,20000.000,232.019,232.365,232.144,232.637,-0.150,-0.014
2017-03-02 09:41:00,232.438,232.417,100.000,4057.000,232.40,232.50,7500.000,2500.000,232.40,232.60,584.000,399.000,232.35,232.55,2500.000,2500.000,232.30,232.65,4698.000,8299.000,22500.000,30000.000,232.265,232.574,232.239,232.729,-0.050,-0.021
2017-03-02 09:42:00,232.328,232.453,194.000,1402.000,232.25,232.30,5000.000,5000.000,232.35,232.60,220.000,89.000,232.20,232.35,5000.000,5000.000,232.30,232.65,6379.000,4267.000,22500.000,25000.000,232.088,232.422,232.239,232.695,-0.200,-0.012
2017-03-02 09:43:00,231.690,231.710,410.000,64.000,231.65,231.70,2500.000,2500.000,231.70,231.80,125.000,1063.000,231.60,231.75,2500.000,2500.000,231.55,231.85,4099.000,4412.000,12500.000,12500.000,231.480,231.827,231.520,231.900,-0.075,0.007
2017-03-02 09:44:00,231.971,231.980,110.000,561.000,231.80,231.95,5000.000,5000.000,231.85,232.10,1000.000,201.000,231.75,232.00,2500.000,2500.000,231.80,232.15,7266.000,2819.000,20000.000,17500.000,231.658,232.089,231.719,232.200,-0.100,0.000
2017-03-02 09:45:00,232.105,232.042,140.000,54.000,231.95,232.00,2500.000,2500.000,232.05,232.20,550.000,5.000,231.90,232.05,2500.000,2500.000,232.00,232.35,10728.000,2194.000,12500.000,35000.000,231.778,232.172,231.950,232.421,-0.150,-0.002
2017-03-02 09:46:00,232.169,232.184,58.000,45.000,232.10,232.15,2500.000,2500.000,232.15,232.30,500.000,1083.000,232.05,232.20,2500.000,2500.000,232.10,232.35,6539.000,4322.000,22500.000,25000.000,231.945,232.287,231.989,232.440,-0.100,-0.032
2017-03-02 09:47:00,232.180,232.260,471.000,29.000,232.05,232.15,2500.000,2500.000,232.15,232.35,650.000,595.000,232.00,232.20,7500.000,7500.000,232.10,232.40,9185.000,4154.000,27500.000,22500.000,231.894,232.299,232.009,232.456,-0.150,-0.051
2017-03-02 09:48:00,232.273,232.197,150.000,716.000,232.15,232.20,2500.000,5000.000,232.20,232.40,800.000,628.000,232.10,232.25,2500.000,2500.000,232.15,232.45,8545.000,3443.000,15000.000,32500.000,231.990,232.294,232.083,232.519,-0.125,-0.105
2017-03-02 09:49:00,232.188,232.227,678.000,55.000,232.10,232.20,2500.000,2500.000,232.20,232.35,1511.000,1758.000,232.05,232.25,2500.000,7500.000,232.15,232.40,10066.000,6736.000,25000.000,35000.000,231.972,232.323,232.050,232.468,-0.125,-0.133
2017-03-02 09:50:00,232.063,232.014,77.000,3.000,231.90,231.95,7500.000,2500.000,232.00,232.10,60.000,232.000,231.85,232.00,5000.000,2500.000,231.90,232.15,9826.000,1485.000,22500.000,22500.000,231.741,232.091,231.883,232.311,-0.125,-0.202
2017-03-02 09:51:00,231.953,232.115,127.000,555.000,231.90,231.95,2500.000,5000.000,232.05,232.25,130.000,771.000,231.85,232.00,10000.000,5000.000,232.00,232.30,5648.000,3762.000,25000.000,25000.000,231.775,232.080,231.915,232.360,-0.225,-0.185
2017-03-02 09:52:00,231.949,232.124,1488.000,2147.000,231.85,232.00,7500.000,5000.000,232.05,232.30,2095.000,135.000,231.80,232.05,12500.000,5000.000,232.00,232.40,8677.000,6257.000,27500.000,40000.000,231.750,232.110,231.986,232.459,-0.250,-0.187
2017-03-02 09:53:00,232.115,232.312,1271.000,24.000,232.05,232.10,2500.000,5000.000,232.25,232.40,4600.000,18.000,232.00,232.15,17500.000,17500.000,232.20,232.50,16318.000,8032.000,32500.000,42500.000,231.928,232.250,232.169,232.547,-0.250,-0.160
2017-03-02 09:54:00,232.224,232.402,171.000,574.000,232.30,232.35,10000.000,2500.000,232.35,232.45,976.000,1860.000,232.25,232.40,5000.000,5000.000,232.30,232.50,2227.000,11553.000,32500.000,22500.000,232.205,232.469,232.273,232.578,-0.075,-0.134
2017-03-02 09:55:00,232.258,232.556,280.000,730.000,232.30,232.40,7500.000,5000.000,232.40,232.60,261.000,1818.000,232.25,232.45,12500.000,7500.000,232.35,232.65,2358.000,8365.000,42500.000,25000.000,232.181,232.515,232.297,232.695,-0.150,-0.074
2017-03-02 09:56:00,232.379,232.459,1089.000,129.000,232.30,232.35,5000.000,7500.000,232.45,232.65,712.000,301.000,232.25,232.40,7500.000,2500.000,232.35,232.70,9265.000,4800.000,37500.000,42500.000,232.150,232.505,232.270,232.797,-0.225,-0.035
2017-03-02 09:57:00,232.349,232.530,202.000,164.000,232.40,232.45,2500.000,5000.000,232.45,232.60,1115.000,181.000,232.30,232.50,2500.000,7500.000,232.40,232.65,4492.000,6579.000,27500.000,27500.000,232.229,232.606,232.277,232.705,-0.100,0.023
2017-03-02 09:58:00,232.547,232.609,680.000,6.000,232.50,232.60,5000.000,2500.000,232.60,232.75,1673.000,501.000,232.45,232.70,5000.000,2500.000,232.55,232.80,4953.000,4586.000,25000.000,32500.000,232.408,232.805,232.475,232.892,-0.125,0.032
2017-03-02 09:59:00,232.507,232.559,30.000,497.000,232.55,232.65,5000.000,2500.000,232.40,232.60,1934.000,1050.000,232.50,232.70,5000.000,5000.000,232.35,232.70,3519.000,10803.000,32500.000,22500.000,232.466,232.766,232.288,232.767,0.100,0.025
2017-03-02 10:00:00,232.628,232.624,499.000,50.000,232.60,232.65,2500.000,5000.000,232.55,232.75,919.000,1192.000,232.55,232.70,5000.000,2500.000,232.50,232.80,5974.000,4499.000,22500.000,30000.000,232.498,232.786,232.428,232.863,-0.025,0.009
2017-03-02 10:01:00,232.637,232.521,700.000,100.000,232.65,232.80,2500.000,5000.000,232.60,232.80,368.000,160.000,232.60,232.85,5000.000,2500.000,232.50,232.85,8286.000,17030.000,17500.000,55000.000,232.508,232.961,232.464,232.952,0.025,-0.045
2017-03-02 10:02:00,232.675,232.567,343.000,1476.000,232.65,232.70,2500.000,5000.000,232.65,232.80,444.000,115.000,232.60,232.80,2500.000,5000.000,232.55,232.85,7535.000,9382.000,17500.000,55000.000,232.511,232.887,232.507,232.943,-0.050,-0.097
2017-03-02 10:03:00,232.516,232.534,122.000,290.000,232.55,232.60,2500.000,2500.000,232.50,232.55,4503.000,298.000,232.50,232.65,5000.000,2500.000,232.35,232.65,6780.000,12013.000,27500.000,20000.000,232.459,232.733,232.286,232.725,0.050,-0.082
2017-03-02 10:04:00,232.414,232.500,1161.000,30.000,232.30,232.40,2500.000,2500.000,232.35,232.55,650.000,119.000,232.25,232.45,12500.000,2500.000,232.25,232.60,5361.000,1900.000,37500.000,20000.000,232.199,232.529,232.157,232.650,-0.100,-0.052
2017-03-02 10:05:00,232.406,232.483,249.000,155.000,232.30,232.45,2500.000,2500.000,232.40,232.55,747.000,560.000,232.25,232.50,2500.000,2500.000,232.35,232.60,4646.000,3061.000,30000.000,22500.000,232.179,232.594,232.250,232.661,-0.100,-0.019
2017-03-02 10:06:00,232.246,232.396,100.000,32.000,232.30,232.35,2500.000,2500.000,232.35,232.45,500.000,350.000,232.25,232.40,15000.000,2500.000,232.25,232.60,2399.000,5592.000,27500.000,30000.000,232.162,232.508,232.227,232.683,-0.075,0.014
2017-03-02 10:07:00,232.333,232.490,500.000,61.000,232.35,232.45,2500.000,2500.000,232.35,232.50,500.000,1066.000,232.30,232.50,15000.000,2500.000,232.25,232.55,4002.000,6878.000,42500.000,17500.000,232.212,232.615,232.153,232.607,-0.025,0.038
2017-03-02 10:08:00,232.563,232.501,955.000,179.000,232.35,232.50,5000.000,5000.000,232.45,232.65,843.000,60.000,232.30,232.55,2500.000,5000.000,232.40,232.75,9173.000,1290.000,32500.000,65000.000,232.237,232.648,232.308,232.900,-0.125,-0.007
2017-03-02 10:09:00,232.538,232.477,1.000,340.000,232.45,232.50,7500.000,2500.000,232.35,232.60,589.000,354.000,232.35,232.55,5000.000,7500.000,232.30,232.65,6399.000,2713.000,37500.000,27500.000,232.256,232.620,232.257,232.723,0.000,-0.055
2017-03-02 10:10:00,232.600,232.513,485.000,317.000,232.40,232.50,10000.000,2500.000,232.40,232.60,229.000,22.000,232.35,232.55,2500.000,7500.000,232.35,232.65,11243.000,1683.000,40000.000,37500.000,232.251,232.624,232.300,232.777,-0.050,-0.098
2017-03-02 10:11:00,232.488,232.471,584.000,378.000,232.40,232.45,2500.000,2500.000,232.40,232.55,225.000,391.000,232.35,232.50,2500.000,5000.000,232.30,232.60,9609.000,5252.000,30000.000,22500.000,232.274,232.650,232.242,232.656,-0.050,-0.117
2017-03-02 10:12:00,232.586,232.621,200.000,536.000,232.55,232.60,2500.000,2500.000,232.60,232.75,13.000,550.000,232.50,232.65,5000.000,12500.000,232.55,232.80,2909.000,3228.000,20000.000,32500.000,232.406,232.707,232.494,232.846,-0.100,-0.137
2017-03-02 10:13:00,232.633,232.797,524.000,19.000,232.65,232.80,7500.000,2500.000,232.75,232.95,689.000,506.000,232.60,232.85,2500.000,30000.000,232.70,233.00,5510.000,10443.000,25000.000,47500.000,232.525,232.971,232.650,233.029,-0.125,-0.114
2017-03-02 10:14:00,232.661,232.845,100.000,690.000,232.75,232.80,2500.000,2500.000,232.85,232.95,1052.000,585.000,232.70,232.85,10000.000,32500.000,232.80,233.00,3247.000,11433.000,20000.000,50000.000,232.637,232.960,232.762,233.028,-0.125,-0.099
2017-03-02 10:15:00,232.834,232.960,198.000,1821.000,232.75,232.90,5000.000,2500.000,232.95,233.05,1032.000,1429.000,232.70,232.95,5000.000,15000.000,232.85,233.10,10485.000,12942.000,22500.000,30000.000,232.601,232.991,232.811,233.154,-0.175,-0.140
2017-03-02 10:16:00,233.006,233.084,4053.000,3262.000,232.90,233.00,2500.000,5000.000,233.20,233.25,4852.000,71.000,232.85,233.05,2500.000,5000.000,233.05,233.30,18375.000,7410.000,20000.000,35000.000,232.814,233.093,232.988,233.368,-0.275,-0.157
2017-03-02 10:17:00,233.434,233.569,46.000,579.000,233.30,233.45,2500.000,2500.000,233.50,233.65,3939.000,2586.000,233.25,233.50,2500.000,2500.000,233.45,233.70,12617.000,7088.000,22500.000,22500.000,233.164,233.557,233.389,233.761,-0.200,-0.168
2017-03-02 10:18:00,233.523,233.570,518.000,423.000,233.40,233.45,7500.000,2500.000,233.50,233.65,208.000,2944.000,233.35,233.50,10000.000,2500.000,233.45,233.70,26206.000,8314.000,32500.000,22500.000,233.252,233.565,233.396,233.772,-0.150,-0.170
2017-03-02 10:19:00,233.441,233.550,1046.000,69.000,233.35,233.40,2500.000,2500.000,233.50,233.65,550.000,1061.000,233.30,233.45,2500.000,5000.000,233.45,233.75,30658.000,9706.000,25000.000,27500.000,233.237,233.538,233.290,233.823,-0.200,-0.180
2017-03-02 10:20:00,233.218,233.548,4276.000,1507.000,233.30,233.35,7500.000,5000.000,233.40,233.60,85.000,470.000,233.25,233.40,2500.000,2500.000,233.35,233.65,4715.000,12911.000,35000.000,22500.000,233.287,233.485,233.282,233.717,-0.175,-0.175
2017-03-02 10:21:00,233.136,233.298,66.000,568.000,233.05,233.20,2500.000,2500.000,233.25,233.40,1544.000,1019.000,233.00,233.25,5000.000,7500.000,233.20,233.45,7946.000,7381.000,22500.000,30000.000,232.923,233.320,233.094,233.546,-0.200,-0.171
2017-03-02 10:22:00,233.034,233.223,295.000,1271.000,233.10,233.20,2500.000,5000.000,233.15,233.35,275.000,1871.000,233.05,233.25,2500.000,2500.000,233.05,233.40,1676.000,10033.000,15000.000,17500.000,233.002,233.311,233.008,233.436,-0.100,-0.167
2017-03-02 10:23:00,232.877,232.938,698.000,559.000,232.80,232.95,2500.000,5000.000,232.90,233.10,248.000,963.000,232.75,233.00,5000.000,5000.000,232.85,233.15,5789.000,5501.000,17500.000,25000.000,232.610,233.081,232.779,233.210,-0.125,-0.190
2017-03-02 10:24:00,232.729,232.885,694.000,201.000,232.55,232.70,2500.000,2500.000,232.75,232.90,3327.000,60.000,232.50,232.75,5000.000,2500.000,232.65,232.95,10403.000,2966.000,27500.000,15000.000,232.431,232.836,232.568,233.000,-0.200,-0.205
2017-03-02 10:25:00,232.648,232.953,100.000,171.000,232.75,232.80,2500.000,2500.000,232.80,232.95,894.000,126.000,232.70,232.85,7500.000,5000.000,232.75,233.00,2337.000,9388.000,22500.000,15000.000,232.635,232.969,232.689,233.092,-0.100,-0.179
2017-03-02 10:26:00,232.780,232.924,1000.000,213.000,232.80,232.90,5000.000,5000.000,232.85,233.00,45.000,1471.000,232.75,232.95,5000.000,2500.000,232.80,233.15,3182.000,8226.000,27500.000,30000.000,232.690,233.009,232.732,233.217,-0.075,-0.198
2017-03-02 10:27:00,232.817,232.984,226.000,2844.000,232.85,232.90,2500.000,2500.000,232.85,233.00,411.000,163.000,232.80,232.95,5000.000,2500.000,232.80,233.05,1475.000,6589.000,27500.000,20000.000,232.732,232.978,232.723,233.200,-0.050,-0.237
2017-03-02 10:28:00,232.809,232.988,277.000,554.000,232.65,232.80,2500.000,2500.000,232.85,233.00,1190.000,163.000,232.60,232.85,2500.000,2500.000,232.80,233.05,16304.000,7180.000,17500.000,12500.000,232.513,232.931,232.721,233.120,-0.200,-0.180
2017-03-02 10:29:00,232.674,232.906,119.000,142.000,232.75,232.80,7500.000,5000.000,232.75,232.95,829.000,369.000,232.70,232.85,5000.000,5000.000,232.70,233.00,2462.000,8695.000,22500.000,17500.000,232.638,232.943,232.678,233.093,-0.075,-0.122
2017-03-02 10:30:00,232.598,232.773,714.000,365.000,232.60,232.65,10000.000,2500.000,232.65,232.80,633.000,45.000,232.55,232.75,2500.000,7500.000,232.60,232.85,6852.000,8206.000,40000.000,20000.000,232.499,232.865,232.537,232.900,-0.100,-0.100
2017-03-02 10:31:00,232.646,232.885,714.000,1622.000,232.60,232.75,17500.000,10000.000,232.65,232.90,633.000,105.000,232.55,232.80,2500.000,2500.000,232.60,232.95,7136.000,8537.000,42500.000,22500.000,232.497,232.878,232.559,233.000,-0.100,-0.062
2017-03-02 10:32:00,232.736,233.096,6115.000,843.000,232.70,232.75,12500.000,2500.000,232.70,232.90,2355.000,155.000,232.65,232.80,15000.000,5000.000,232.65,232.95,14237.000,7823.000,340000.000,20000.000,232.618,232.889,232.559,233.056,-0.075,-0.003
2017-03-02 10:33:00,233.252,233.148,6009.000,210.000,233.25,233.30,7500.000,2500.000,233.20,233.35,7987.000,1597.000,233.20,233.35,2500.000,10000.000,233.10,233.40,18804.000,13379.000,22500.000,35000.000,233.185,233.457,233.017,233.464,0.000,-0.041
2017-03-02 10:34:00,233.512,233.452,1682.000,2501.000,233.45,233.50,5000.000,12500.000,233.40,233.50,5563.000,1457.000,233.40,233.55,5000.000,2500.000,233.35,233.55,20561.000,13328.000,25000.000,30000.000,233.322,233.617,233.305,233.567,0.025,-0.076
2017-03-02 10:35:00,232.821,232.885,50.000,159.000,232.80,232.95,2500.000,2500.000,232.80,232.95,250.000,460.000,232.75,233.00,2500.000,12500.000,232.75,233.00,4352.000,7037.000,27500.000,30000.000,232.650,233.102,232.677,233.037,0.000,-0.094
2017-03-02 10:36:00,232.695,232.743,340.000,19.000,232.70,232.75,5000.000,2500.000,232.65,232.75,455.000,1089.000,232.65,232.80,12500.000,7500.000,232.50,232.90,6923.000,10452.000,32500.000,20000.000,232.533,232.902,232.427,232.931,0.025,-0.128
2017-03-02 10:37:00,232.702,232.771,830.000,200.000,232.60,232.65,2500.000,2500.000,232.75,232.80,423.000,107.000,232.55,232.70,5000.000,5000.000,232.65,232.90,13237.000,3565.000,27500.000,20000.000,232.476,232.817,232.518,232.963,-0.150,-0.142
2017-03-02 10:38:00,232.792,232.875,1.000,563.000,232.70,232.80,2500.000,5000.000,232.80,232.95,321.000,50.000,232.60,232.85,2500.000,2500.000,232.75,233.00,13444.000,7775.000,17500.000,17500.000,232.489,232.954,232.650,233.036,-0.125,-0.158
2017-03-02 10:39:00,232.734,232.852,969.000,1165.000,232.60,232.80,2500.000,2500.000,232.80,232.90,492.000,610.000,232.55,232.85,2500.000,5000.000,232.75,232.95,15021.000,9797.000,27500.000,22500.000,232.484,232.944,232.586,233.017,-0.150,-0.158
2017-03-02 10:40:00,232.537,232.691,120.000,32.000,232.55,232.60,5000.000,2500.000,232.65,232.70,4292.000,777.000,232.50,232.65,2500.000,5000.000,232.55,232.85,6621.000,7964.000,22500.000,17500.000,232.455,232.745,232.500,232.886,-0.100,-0.164
2017-03-02 10:41:00,232.539,232.756,5437.000,20941.000,232.50,232.55,2500.000,7500.000,232.70,232.80,314.000,50.000,232.45,232.60,5000.000,2500.000,232.65,232.85,13551.000,23662.000,20000.000,22500.000,232.412,232.568,232.581,232.889,-0.225,-0.142
2017-03-02 10:42:00,232.287,232.424,2273.000,613.000,232.30,232.40,2500.000,5000.000,232.35,232.55,1204.000,1030.000,232.25,232.45,7500.000,2500.000,232.30,232.60,5200.000,9419.000,20000.000,22500.000,232.231,232.513,232.256,232.656,-0.100,-0.151
2017-03-02 10:43:00,232.307,232.469,527.000,209.000,232.30,232.35,7500.000,2500.000,232.35,232.55,1204.000,50.000,232.25,232.45,7500.000,5000.000,232.30,232.60,4526.000,6880.000,27500.000,17500.000,232.181,232.527,232.273,232.657,-0.125,-0.150
2017-03-02 10:44:00,232.400,232.522,1326.000,212.000,232.35,232.40,5000.000,2500.000,232.40,232.60,807.000,1788.000,232.30,232.50,5000.000,5000.000,232.35,232.65,6563.000,6017.000,22500.000,17500.000,232.239,232.563,232.306,232.700,-0.125,-0.142
2017-03-02 10:45:00,232.220,232.400,250.000,204.000,232.05,232.10,10000.000,2500.000,232.25,232.45,6028.000,954.000,232.00,232.25,5000.000,5000.000,232.20,232.50,13542.000,4126.000,32500.000,20000.000,231.939,232.319,232.119,232.575,-0.275,-0.141
2017-03-02 10:46:00,232.227,232.335,120.000,123.000,232.10,232.20,5000.000,2500.000,232.25,232.40,2295.000,458.000,232.05,232.25,5000.000,5000.000,232.20,232.45,11005.000,4387.000,17500.000,15000.000,231.967,232.337,232.171,232.500,-0.175,-0.134
2017-03-02 10:47:00,232.326,232.508,121.000,133.000,232.35,232.40,2500.000,2500.000,232.40,232.60,20.000,367.000,232.30,232.45,2500.000,7500.000,232.35,232.65,2803.000,5295.000,15000.000,17500.000,232.201,232.542,232.292,232.700,-0.125,-0.146
2017-03-02 10:48:00,232.266,232.427,895.000,120.000,232.10,232.20,5000.000,5000.000,232.35,232.45,726.000,1240.000,232.05,232.30,2500.000,2500.000,232.30,232.50,16314.000,4840.000,22500.000,15000.000,231.991,232.387,232.256,232.533,-0.250,-0.152
2017-03-02 10:49:00,232.314,232.396,120.000,448.000,232.25,232.30,2500.000,2500.000,232.30,232.45,500.000,408.000,232.20,232.35,5000.000,2500.000,232.25,232.50,8940.000,6185.000,20000.000,15000.000,232.022,232.435,232.156,232.558,-0.100,-0.174
2017-03-02 10:50:00,232.482,232.653,303.000,113.000,232.40,232.50,2500.000,2500.000,232.55,232.65,60.000,1437.000,232.35,232.55,10000.000,2500.000,232.50,232.70,6056.000,5473.000,25000.000,12500.000,232.241,232.614,232.445,232.750,-0.150,-0.173
2017-03-02 10:51:00,232.340,232.413,413.000,755.000,232.20,232.35,5000.000,2500.000,232.35,232.50,134.000,360.000,232.15,232.40,2500.000,5000.000,232.30,232.55,11502.000,8102.000,17500.000,20000.000,232.011,232.493,232.257,232.594,-0.150,-0.194
2017-03-02 10:52:00,232.294,232.533,119.000,1052.000,232.40,232.50,5000.000,5000.000,232.45,232.55,84.000,3445.000,232.30,232.55,5000.000,2500.000,232.40,232.60,1272.000,9754.000,22500.000,15000.000,232.204,232.608,232.339,232.642,-0.050,-0.198
2017-03-02 10:53:00,232.378,232.572,32.000,1418.000,232.40,232.50,10000.000,2500.000,232.50,232.55,377.000,2117.000,232.30,232.55,5000.000,2500.000,232.45,232.65,4389.000,9401.000,27500.000,12500.000,232.188,232.613,232.423,232.690,-0.075,-0.206
2017-03-02 10:54:00,232.374,232.562,3066.000,142.000,232.30,232.45,10000.000,2500.000,232.45,232.55,364.000,1012.000,232.25,232.50,5000.000,2500.000,232.40,232.65,7267.000,6355.000,30000.000,12500.000,232.204,232.573,232.363,232.690,-0.125,-0.208
2017-03-02 10:55:00,232.370,232.541,2303.000,350.000,232.30,232.45,10000.000,2500.000,232.45,232.55,110.000,1083.000,232.25,232.50,2500.000,2500.000,232.40,232.60,6199.000,6260.000,27500.000,15000.000,232.191,232.567,232.364,232.658,-0.125,-0.205
2017-03-02 10:56:00,232.450,232.627,63.000,417.000,232.35,232.40,5000.000,2500.000,232.55,232.60,1622.000,354.000,232.30,232.50,5000.000,5000.000,232.50,232.70,9670.000,5628.000,22500.000,15000.000,232.213,232.580,232.450,232.733,-0.200,-0.218
2017-03-02 10:57:00,232.295,232.556,1964.000,29.000,232.30,232.40,2500.000,5000.000,232.40,232.55,50.000,978.000,232.25,232.50,7500.000,5000.000,232.35,232.70,3477.000,5466.000,22500.000,17500.000,232.235,232.576,232.300,232.700,-0.125,-0.199
2017-03-02 10:58:00,232.295,232.527,820.000,46.000,232.30,232.45,2500.000,2500.000,232.40,232.55,118.000,434.000,232.25,232.50,7500.000,5000.000,232.35,232.60,2497.000,4191.000,22500.000,15000.000,232.208,232.602,232.300,232.658,-0.100,-0.189
2017-03-02 10:59:00,232.414,232.616,1085.000,484.000,232.35,232.45,7500.000,5000.000,232.45,232.65,1324.000,38.000,232.30,232.50,10000.000,5000.000,232.40,232.75,5013.000,2960.000,30000.000,17500.000,232.257,232.605,232.358,232.764,-0.150,-0.187
2017-03-02 11:00:00,232.381,232.535,1.000,93.000,232.45,232.50,5000.000,2500.000,232.45,232.55,120.000,864.000,232.40,232.55,7500.000,2500.000,232.40,232.60,2210.000,7171.000,27500.000,15000.000,232.306,232.650,232.355,232.667,-0.025,-0.179
2017-03-02 11:01:00,232.396,232.634,715.000,42.000,232.40,232.50,5000.000,2500.000,232.50,232.60,424.000,484.000,232.35,232.60,2500.000,2500.000,232.45,232.70,5856.000,9960.000,27500.000,12500.000,232.273,232.716,232.386,232.740,-0.100,-0.165
2017-03-02 11:02:00,232.470,232.637,220.000,1230.000,232.55,232.60,17500.000,2500.000,232.55,232.75,304.000,217.000,232.45,232.65,5000.000,5000.000,232.50,232.80,2363.000,6691.000,30000.000,20000.000,232.357,232.738,232.492,232.869,-0.075,-0.161
2017-03-02 11:03:00,232.726,232.907,1148.000,30.000,232.70,232.75,10000.000,10000.000,232.75,232.95,50.000,660.000,232.65,232.80,5000.000,2500.000,232.70,233.00,3555.000,2948.000,30000.000,20000.000,232.574,232.905,232.662,233.025,-0.125,-0.159
2017-03-02 11:04:00,232.644,232.838,62.000,382.000,232.70,232.80,2500.000,2500.000,232.75,232.90,100.000,105.000,232.65,232.85,7500.000,7500.000,232.70,232.95,2501.000,7911.000,20000.000,20000.000,232.529,232.959,232.650,232.994,-0.075,-0.144
2017-03-02 11:05:00,232.698,232.810,9.000,423.000,232.65,232.70,5000.000,2500.000,232.70,232.90,213.000,21.000,232.60,232.75,7500.000,7500.000,232.60,232.95,2903.000,2498.000,30000.000,22500.000,232.484,232.847,232.567,232.989,-0.125,-0.137
2017-03-02 11:06:00,232.586,232.759,35.000,164.000,232.55,232.65,5000.000,2500.000,232.65,232.85,410.000,250.000,232.50,232.70,10000.000,2500.000,232.60,232.90,3313.000,3702.000,30000.000,25000.000,232.387,232.817,232.562,232.955,-0.150,-0.135
2017-03-02 11:07:00,232.614,232.759,555.000,151.000,232.55,232.70,5000.000,5000.000,232.65,232.80,1106.000,400.000,232.50,232.75,7500.000,2500.000,232.60,232.85,5297.000,5461.000,35000.000,22500.000,232.421,232.845,232.550,232.911,-0.100,-0.137
2017-03-02 11:08:00,232.666,232.837,205.000,403.000,232.70,232.80,5000.000,5000.000,232.75,232.90,633.000,447.000,232.60,232.85,12500.000,7500.000,232.60,232.95,5718.000,9435.000,35000.000,22500.000,232.504,232.956,232.571,232.989,-0.075,-0.110
2017-03-02 11:09:00,232.736,232.857,115.000,983.000,232.65,232.85,2500.000,2500.000,232.80,232.85,639.000,1740.000,232.60,232.90,5000.000,5000.000,232.75,232.90,12274.000,15256.000,35000.000,22500.000,232.491,232.983,232.596,232.967,-0.075,-0.104
2017-03-02 11:10:00,232.724,232.798,449.000,161.000,232.60,232.75,5000.000,2500.000,232.75,232.85,1704.000,643.000,232.55,232.80,7500.000,2500.000,232.60,232.90,9710.000,5539.000,32500.000,20000.000,232.472,232.896,232.562,232.981,-0.125,-0.131
2017-03-02 11:11:00,232.494,232.657,1595.000,328.000,232.55,232.65,2500.000,5000.000,232.60,232.70,342.000,1376.000,232.50,232.70,5000.000,5000.000,232.55,232.75,5446.000,10523.000,17500.000,20000.000,232.414,232.798,232.500,232.819,-0.050,-0.124
2017-03-02 11:12:00,232.490,232.646,1730.000,449.000,232.55,232.65,2500.000,5000.000,232.60,232.70,342.000,933.000,232.50,232.70,5000.000,2500.000,232.55,232.75,5576.000,10740.000,15000.000,17500.000,232.417,232.802,232.508,232.829,-0.050,-0.112
2017-03-02 11:13:00,232.617,232.653,252.000,236.000,232.55,232.60,2500.000,2500.000,232.55,232.75,342.000,26.000,232.50,232.65,2500.000,2500.000,232.50,232.85,3180.000,2242.000,17500.000,20000.000,232.394,232.731,232.436,232.912,-0.075,-0.136
2017-03-02 11:14:00,232.587,232.679,586.000,156.000,232.55,232.60,2500.000,2500.000,232.55,232.70,242.000,88.000,232.50,232.65,2500.000,2500.000,232.50,232.75,4829.000,3009.000,22500.000,12500.000,232.381,232.742,232.444,232.800,-0.050,-0.156
2017-03-02 11:15:00,232.482,232.690,463.000,166.000,232.60,232.65,2500.000,2500.000,232.55,232.70,46.000,1059.000,232.55,232.70,2500.000,2500.000,232.50,232.75,1480.000,8449.000,25000.000,12500.000,232.486,232.818,232.440,232.800,0.000,-0.172
2017-03-02 11:16:00,232.447,232.577,364.000,250.000,232.35,232.50,2500.000,2500.000,232.45,232.60,773.000,116.000,232.30,232.55,2500.000,2500.000,232.40,232.65,7185.000,4315.000,20000.000,12500.000,232.235,232.683,232.331,232.700,-0.100,-0.165
2017-03-02 11:17:00,232.289,232.381,338.000,601.000,232.10,232.20,2500.000,2500.000,232.25,232.40,577.000,136.000,232.05,232.25,5000.000,2500.000,232.20,232.45,14556.000,2151.000,25000.000,15000.000,231.969,232.292,232.130,232.500,-0.175,-0.175
2017-03-02 11:18:00,232.147,232.308,251.000,144.000,232.05,232.15,2500.000,2500.000,232.15,232.30,4831.000,1733.000,232.00,232.20,5000.000,2500.000,232.05,232.35,8362.000,3887.000,37500.000,12500.000,231.955,232.265,231.997,232.400,-0.125,-0.180
2017-03-02 11:19:00,232.223,232.410,208.000,937.000,232.05,232.20,2500.000,2500.000,232.25,232.40,5389.000,202.000,232.00,232.25,5000.000,2500.000,232.20,232.45,13092.000,4003.000,25000.000,12500.000,231.940,232.315,232.125,232.510,-0.200,-0.180
2017-03-02 11:20:00,232.042,232.333,382.000,420.000,232.05,232.10,2500.000,2500.000,232.10,232.30,4017.000,139.000,232.00,232.15,10000.000,5000.000,232.05,232.35,5189.000,4420.000,42500.000,15000.000,231.987,232.249,231.994,232.433,-0.125,-0.140
2017-03-02 11:21:00,232.348,232.444,2732.000,1006.000,232.25,232.45,2500.000,5000.000,232.40,232.50,819.000,2072.000,232.20,232.50,10000.000,2500.000,232.25,232.55,10866.000,12178.000,25000.000,17500.000,232.118,232.561,232.225,232.621,-0.100,-0.144
2017-03-02 11:22:00,232.323,232.463,1869.000,19.000,232.25,232.35,2500.000,5000.000,232.40,232.50,809.000,235.000,232.20,232.40,12500.000,2500.000,232.25,232.55,9983.000,7455.000,30000.000,17500.000,232.107,232.506,232.221,232.621,-0.150,-0.116
2017-03-02 11:23:00,232.361,232.545,1224.000,383.000,232.40,232.50,2500.000,7500.000,232.40,232.50,100.000,2955.000,232.35,232.55,2500.000,2500.000,232.35,232.65,3246.000,10932.000,32500.000,22500.000,232.304,232.609,232.281,232.661,-0.000,-0.101
2017-03-02 11:24:00,232.401,232.591,200.000,59.000,232.50,232.55,2500.000,2500.000,232.50,232.65,200.000,671.000,232.45,232.60,5000.000,2500.000,232.40,232.70,2522.000,8730.000,25000.000,17500.000,232.381,232.726,232.345,232.757,-0.050,-0.090
2017-03-02 11:25:00,232.459,232.547,150.000,1816.000,232.50,232.60,5000.000,5000.000,232.40,232.55,200.000,2891.000,232.45,232.65,5000.000,2500.000,232.35,232.70,2088.000,10727.000,27500.000,20000.000,232.394,232.689,232.309,232.719,0.075,-0.114
2017-03-02 11:26:00,232.402,232.516,173.000,844.000,232.50,232.55,5000.000,5000.000,232.40,232.55,200.000,388.000,232.45,232.60,7500.000,2500.000,232.35,232.65,2113.000,10648.000,27500.000,20000.000,232.395,232.698,232.314,232.694,0.050,-0.143
2017-03-02 11:27:00,232.550,232.556,204.000,439.000,232.45,232.50,2500.000,2500.000,232.50,232.60,1574.000,98.000,232.40,232.55,2500.000,5000.000,232.45,232.65,8883.000,3584.000,22500.000,22500.000,232.292,232.667,232.367,232.722,-0.075,-0.198
2017-03-02 11:28:00,232.416,232.525,124.000,69.000,232.50,232.55,5000.000,2500.000,232.50,232.60,200.000,59.000,232.45,232.60,10000.000,2500.000,232.35,232.65,2894.000,7854.000,30000.000,20000.000,232.384,232.727,232.329,232.731,-0.025,-0.226
2017-03-02 11:29:00,232.422,232.555,163.000,334.000,232.50,232.55,2500.000,2500.000,232.50,232.60,495.000,80.000,232.45,232.60,2500.000,2500.000,232.40,232.65,3231.000,8187.000,27500.000,20000.000,232.393,232.721,232.332,232.731,-0.025,-0.242
2017-03-02 11:30:00,232.399,232.609,173.000,20.000,232.50,232.55,2500.000,2500.000,232.45,232.60,545.000,76.000,232.45,232.60,7500.000,2500.000,232.40,232.70,2381.000,8213.000,35000.000,20000.000,232.397,232.725,232.332,232.756,0.000,-0.223
2017-03-02 11:31:00,232.182,232.442,239.000,957.000,232.25,232.40,7500.000,5000.000,232.30,232.50,400.000,758.000,232.20,232.45,2500.000,2500.000,232.25,232.60,1794.000,7956.000,25000.000,20000.000,232.134,232.543,232.200,232.637,-0.075,-0.184
2017-03-02 11:32:00,232.178,232.457,696.000,59.000,232.25,232.35,2500.000,2500.000,232.35,232.45,405.000,298.000,232.20,232.40,7500.000,2500.000,232.25,232.50,2695.000,7587.000,25000.000,12500.000,232.144,232.521,232.205,232.580,-0.100,-0.162
2017-03-02 11:33:00,232.187,232.433,199.000,19.000,232.25,232.30,2500.000,2500.000,232.30,232.45,405.000,62.000,232.20,232.35,2500.000,5000.000,232.25,232.50,1533.000,2867.000,22500.000,15000.000,232.151,232.477,232.189,232.558,-0.100,-0.130
2017-03-02 11:34:00,232.202,232.418,319.000,69.000,232.30,232.35,2500.000,2500.000,232.40,232.45,132.000,60.000,232.25,232.40,7500.000,5000.000,232.25,232.50,2542.000,9032.000,25000.000,17500.000,232.169,232.527,232.215,232.571,-0.100,-0.095
2017-03-02 11:35:00,232.352,232.467,407.000,243.000,232.25,232.30,2500.000,2500.000,232.25,232.45,208.000,260.000,232.15,232.35,7500.000,2500.000,232.20,232.50,8376.000,3454.000,32500.000,12500.000,232.022,232.461,232.127,232.560,-0.075,-0.086
2017-03-02 11:36:00,232.197,232.259,581.000,320.000,232.25,232.30,5000.000,5000.000,232.10,232.25,5.000,3073.000,232.10,232.35,12500.000,2500.000,232.05,232.30,6903.000,9892.000,62500.000,22500.000,232.019,232.426,231.994,232.361,0.100,-0.092
2017-03-02 11:37:00,232.198,232.367,133.000,461.000,232.25,232.30,7500.000,2500.000,232.15,232.35,100.000,266.000,232.20,232.35,2500.000,2500.000,232.10,232.40,2461.000,6395.000,55000.000,17500.000,232.095,232.451,232.030,232.457,0.025,-0.079
2017-03-02 11:38:00,232.263,232.354,29.000,87.000,232.15,232.20,2500.000,2500.000,232.20,232.30,100.000,108.000,232.10,232.30,2500.000,2500.000,232.15,232.35,11849.000,5669.000,42500.000,17500.000,232.005,232.411,232.035,232.414,-0.075,-0.055
2017-03-02 11:39:00,232.248,232.289,948.000,432.000,232.15,232.20,2500.000,5000.000,232.15,232.30,100.000,21.000,232.10,232.25,10000.000,2500.000,232.05,232.35,12297.000,4298.000,50000.000,20000.000,232.008,232.368,232.002,232.400,-0.050,-0.053
2017-03-02 11:40:00,232.063,232.129,463.000,102.000,232.05,232.10,15000.000,2500.000,232.00,232.15,6393.000,149.000,232.00,232.15,2500.000,2500.000,231.95,232.20,9555.000,7266.000,35000.000,17500.000,231.963,232.249,231.918,232.300,-0.000,-0.042
2017-03-02 11:41:00,232.047,232.143,8.000,101.000,232.05,232.10,5000.000,5000.000,232.00,232.10,6483.000,173.000,232.00,232.15,2500.000,2500.000,231.95,232.20,9130.000,9698.000,32500.000,17500.000,231.960,232.238,231.892,232.236,0.025,-0.046
2017-03-02 11:42:00,232.046,232.148,4467.000,55.000,232.00,232.10,2500.000,7500.000,232.00,232.10,85.000,121.000,231.95,232.15,2500.000,2500.000,231.95,232.15,8755.000,5753.000,32500.000,20000.000,231.926,232.248,231.869,232.213,0.000,-0.029
2017-03-02 11:43:00,232.058,232.033,145.000,2624.000,232.05,232.10,2500.000,2500.000,231.95,232.00,3979.000,529.000,232.00,232.15,2500.000,2500.000,231.90,232.05,6823.000,9601.000,40000.000,17500.000,231.946,232.196,231.838,232.129,0.100,-0.058
2017-03-02 11:44:00,232.202,232.230,163.000,440.000,232.15,232.30,5000.000,2500.000,232.10,232.25,819.000,945.000,232.10,232.35,10000.000,2500.000,232.05,232.30,6942.000,8538.000,40000.000,17500.000,232.006,232.446,232.006,232.379,0.050,-0.056
2017-03-02 11:45:00,232.209,232.218,338.000,55.000,232.05,232.10,10000.000,2500.000,232.05,232.25,3070.000,88.000,232.00,232.25,7500.000,2500.000,232.00,232.30,6271.000,1771.000,30000.000,12500.000,231.945,232.361,231.979,232.370,-0.075,-0.067
2017-03-02 11:46:00,232.148,232.266,50.000,39.000,232.10,232.15,5000.000,2500.000,232.05,232.25,1992.000,196.000,232.00,232.20,10000.000,2500.000,232.00,232.30,5412.000,2688.000,42500.000,12500.000,231.923,232.313,231.912,232.360,-0.025,-0.099
2017-03-02 11:47:00,231.884,231.897,781.000,323.000,231.90,231.95,5000.000,5000.000,231.80,231.95,455.000,320.000,231.85,232.00,10000.000,5000.000,231.75,232.00,3080.000,3700.000,27500.000,20000.000,231.807,232.099,231.718,232.056,0.050,-0.136
2017-03-02 11:48:00,231.259,231.377,100.000,107.000,231.10,231.20,7500.000,5000.000,231.20,231.35,2508.000,60.000,231.05,231.25,7500.000,5000.000,231.15,231.40,9508.000,2002.000,45000.000,20000.000,230.979,231.338,231.092,231.456,-0.125,-0.131
2017-03-02 11:49:00,231.482,231.505,146.000,19.000,231.30,231.35,2500.000,5000.000,231.40,231.55,84.000,60.000,231.25,231.45,12500.000,5000.000,231.35,231.60,5472.000,1324.000,27500.000,20000.000,231.136,231.550,231.309,231.656,-0.150,-0.148
2017-03-02 11:50:00,231.364,231.427,59.000,69.000,231.15,231.20,2500.000,7500.000,231.35,231.45,426.000,37.000,231.10,231.25,5000.000,5000.000,231.30,231.50,16433.000,689.000,17500.000,20000.000,231.020,231.367,231.243,231.537,-0.225,-0.153
2017-03-02 11:51:00,231.223,231.500,1124.000,240.000,231.10,231.15,5000.000,2500.000,231.25,231.40,480.000,50.000,231.05,231.20,5000.000,5000.000,231.15,231.45,12544.000,2432.000,45000.000,17500.000,230.971,231.316,231.064,231.579,-0.200,-0.119
2017-03-02 11:52:00,231.150,231.348,445.000,65.000,231.10,231.15,2500.000,2500.000,231.15,231.30,1050.000,79.000,231.05,231.20,5000.000,2500.000,231.10,231.35,6830.000,3681.000,45000.000,12500.000,230.983,231.318,231.025,231.410,-0.100,-0.110
2017-03-02 11:53:00,231.319,231.416,442.000,648.000,231.15,231.35,5000.000,2500.000,231.25,231.45,469.000,129.000,231.10,231.40,5000.000,5000.000,231.20,231.50,10859.000,6108.000,22500.000,17500.000,231.001,231.500,231.144,231.629,-0.100,-0.113
2017-03-02 11:54:00,231.398,231.503,327.000,411.000,231.20,231.35,10000.000,2500.000,231.30,231.50,635.000,432.000,231.15,231.40,2500.000,2500.000,231.25,231.55,12561.000,4585.000,32500.000,12500.000,231.025,231.501,231.165,231.620,-0.125,-0.102
2017-03-02 11:55:00,231.285,231.376,63.000,448.000,231.15,231.30,5000.000,5000.000,231.30,231.40,739.000,480.000,231.10,231.35,2500.000,5000.000,231.25,231.45,11992.000,6552.000,25000.000,22500.000,231.003,231.460,231.190,231.511,-0.125,-0.103
2017-03-02 11:56:00,231.184,231.291,190.000,145.000,231.10,231.15,2500.000,2500.000,231.20,231.25,801.000,81.000,231.05,231.20,5000.000,5000.000,231.10,231.30,8949.000,4275.000,47500.000,20000.000,230.960,231.287,231.034,231.375,-0.100,-0.114
2017-03-02 11:57:00,231.183,231.335,2379.000,128.000,231.00,231.20,2500.000,2500.000,231.15,231.25,597.000,319.000,230.95,231.25,7500.000,5000.000,231.10,231.30,10706.000,4460.000,52500.000,15000.000,230.886,231.331,231.019,231.358,-0.100,-0.105
2017-03-02 11:58:00,231.379,231.487,734.000,106.000,231.15,231.35,7500.000,5000.000,231.30,231.50,986.000,271.000,231.10,231.40,10000.000,2500.000,231.25,231.55,11869.000,3535.000,45000.000,22500.000,231.009,231.497,231.122,231.678,-0.150,-0.123
2017-03-02 11:59:00,231.433,231.486,11.000,65.000,231.30,231.35,5000.000,2500.000,231.40,231.55,457.000,5.000,231.20,231.40,7500.000,2500.000,231.35,231.60,7283.000,1714.000,20000.000,15000.000,231.088,231.507,231.325,231.650,-0.150,-0.150
2017-03-02 12:00:00,231.413,231.507,1271.000,179.000,231.25,231.30,2500.000,10000.000,231.35,231.55,295.000,127.000,231.20,231.35,7500.000,2500.000,231.30,231.60,6206.000,1451.000,40000.000,27500.000,231.108,231.460,231.156,231.668,-0.175,-0.166
2017-03-02 12:01:00,231.295,231.455,244.000,132.000,231.10,231.20,2500.000,2500.000,231.30,231.45,981.000,185.000,231.05,231.25,7500.000,2500.000,231.25,231.50,12285.000,805.000,35000.000,15000.000,230.985,231.316,231.136,231.567,-0.225,-0.168
2017-03-02 12:02:00,231.288,231.398,532.000,133.000,231.10,231.20,2500.000,2500.000,231.25,231.40,50.000,77.000,231.05,231.25,7500.000,7500.000,231.20,231.45,10604.000,1833.000,30000.000,20000.000,230.955,231.342,231.121,231.525,-0.175,-0.182
2017-03-02 12:03:00,231.215,231.412,2814.000,242.000,231.05,231.20,5000.000,5000.000,231.25,231.40,3553.000,131.000,231.00,231.25,7500.000,2500.000,231.20,231.45,13526.000,2809.000,35000.000,17500.000,230.966,231.365,231.132,231.493,-0.200,-0.192
2017-03-02 12:04:00,231.184,231.374,977.000,141.000,231.05,231.15,2500.000,2500.000,231.20,231.30,2430.000,431.000,231.00,231.20,10000.000,5000.000,231.15,231.35,12626.000,4747.000,52500.000,25000.000,230.921,231.269,231.069,231.435,-0.150,-0.201
2017-03-02 12:05:00,231.147,231.324,1828.000,421.000,231.00,231.10,2500.000,2500.000,231.15,231.30,143.000,133.000,230.95,231.15,7500.000,7500.000,231.10,231.35,12075.000,3732.000,47500.000,20000.000,230.867,231.230,231.034,231.419,-0.175,-0.192
2017-03-02 12:06:00,231.250,231.417,131.000,40.000,231.10,231.15,5000.000,2500.000,231.20,231.35,1000.000,39.000,231.05,231.20,7500.000,2500.000,231.15,231.40,8551.000,1538.000,45000.000,12500.000,230.943,231.316,231.067,231.460,-0.150,-0.188
2017-03-02 12:07:00,231.210,231.391,4636.000,151.000,231.05,231.20,2500.000,7500.000,231.35,231.45,4402.000,65.000,231.00,231.25,2500.000,7500.000,231.25,231.50,14347.000,3161.000,20000.000,22500.000,230.968,231.366,231.206,231.517,-0.275,-0.183
2017-03-02 12:08:00,231.217,231.464,3113.000,414.000,231.05,231.15,10000.000,2500.000,231.30,231.50,4194.000,108.000,231.00,231.20,2500.000,7500.000,231.25,231.55,12888.000,658.000,32500.000,22500.000,230.972,231.189,231.162,231.661,-0.300,-0.166
2017-03-02 12:09:00,231.212,231.445,2161.000,354.000,231.10,231.15,10000.000,2500.000,231.30,231.45,2104.000,81.000,231.05,231.20,10000.000,2500.000,231.25,231.50,13123.000,1780.000,35000.000,12500.000,231.004,231.287,231.193,231.550,-0.250,-0.162
2017-03-02 12:10:00,231.368,231.500,151.000,20.000,231.25,231.30,2500.000,5000.000,231.50,231.60,2560.000,48.000,231.20,231.35,7500.000,7500.000,231.40,231.65,13204.000,5446.000,20000.000,30000.000,231.107,231.511,231.338,231.729,-0.275,-0.177
2017-03-02 12:11:00,231.426,231.572,12.000,440.000,231.35,231.45,2500.000,5000.000,231.55,231.70,959.000,1366.000,231.30,231.50,7500.000,2500.000,231.50,231.75,8040.000,5903.000,17500.000,27500.000,231.215,231.590,231.436,231.823,-0.225,-0.200
2017-03-02 12:12:00,231.334,231.494,4800.000,127.000,231.20,231.30,2500.000,2500.000,231.50,231.60,2472.000,20.000,231.15,231.35,2500.000,2500.000,231.45,231.65,18030.000,4262.000,17500.000,25000.000,231.094,231.470,231.393,231.735,-0.300,-0.226
2017-03-02 12:13:00,231.361,231.518,2463.000,168.000,231.20,231.25,2500.000,2500.000,231.50,231.65,1829.000,12.000,231.15,231.30,10000.000,5000.000,231.40,231.70,18477.000,3308.000,22500.000,25000.000,231.068,231.473,231.361,231.765,-0.350,-0.275
2017-03-02 12:14:00,231.211,231.425,2333.000,60.000,231.15,231.20,2500.000,5000.000,231.35,231.50,19.000,589.000,231.10,231.25,5000.000,10000.000,231.30,231.55,7741.000,3126.000,25000.000,30000.000,231.059,231.337,231.220,231.596,-0.250,-0.305
2017-03-02 12:15:00,231.320,231.525,113.000,41.000,231.20,231.25,2500.000,2500.000,231.45,231.60,2500.000,60.000,231.15,231.30,10000.000,2500.000,231.40,231.65,13486.000,3774.000,22500.000,17500.000,231.045,231.431,231.367,231.729,-0.300,-0.316
2017-03-02 12:16:00,231.208,231.469,2223.000,559.000,231.05,231.20,2500.000,5000.000,231.30,231.50,4983.000,335.000,231.00,231.25,10000.000,2500.000,231.25,231.55,13498.000,3787.000,32500.000,20000.000,230.962,231.326,231.158,231.613,-0.275,-0.293
2017-03-02 12:17:00,231.099,231.389,44.000,355.000,231.00,231.05,2500.000,2500.000,231.25,231.40,2583.000,141.000,230.95,231.10,5000.000,5000.000,231.20,231.45,11508.000,3611.000,27500.000,20000.000,230.870,231.209,231.127,231.525,-0.300,-0.264
2017-03-02 12:18:00,231.045,231.450,2897.000,94.000,230.90,231.00,5000.000,2500.000,231.20,231.40,2764.000,21.000,230.85,231.05,7500.000,7500.000,231.15,231.45,14895.000,3917.000,45000.000,27500.000,230.800,231.230,231.061,231.605,-0.350,-0.223
2017-03-02 12:19:00,231.041,231.404,15.000,915.000,231.00,231.10,7500.000,10000.000,231.25,231.45,934.000,359.000,230.90,231.15,5000.000,2500.000,231.20,231.65,7880.000,6899.000,30000.000,30000.000,230.822,231.230,231.146,231.658,-0.300,-0.193
2017-03-02 12:20:00,231.175,231.434,710.000,130.000,231.10,231.20,7500.000,5000.000,231.35,231.50,2500.000,1868.000,231.05,231.25,7500.000,7500.000,231.30,231.55,9414.000,5520.000,25000.000,22500.000,230.960,231.316,231.270,231.600,-0.275,-0.227
2017-03-02 12:21:00,231.315,231.463,126.000,702.000,231.15,231.25,7500.000,2500.000,231.40,231.55,3500.000,79.000,231.10,231.30,5000.000,5000.000,231.35,231.60,11496.000,2669.000,27500.000,22500.000,231.019,231.367,231.250,231.689,-0.275,-0.293
2017-03-02 12:22:00,231.285,231.430,162.000,506.000,231.15,231.25,7500.000,2500.000,231.40,231.55,1000.000,94.000,231.10,231.30,7500.000,5000.000,231.35,231.60,8893.000,3639.000,25000.000,25000.000,230.996,231.404,231.280,231.685,-0.275,-0.331
2017-03-02 12:23:00,231.343,231.545,463.000,103.000,231.15,231.20,10000.000,2500.000,231.45,231.65,806.000,96.000,231.10,231.25,5000.000,10000.000,231.40,231.70,15672.000,2116.000,25000.000,25000.000,231.003,231.416,231.335,231.770,-0.375,-0.360
2017-03-02 12:24:00,231.177,231.387,722.000,62.000,231.10,231.20,5000.000,5000.000,231.35,231.50,5.000,250.000,231.05,231.25,2500.000,15000.000,231.30,231.55,5288.000,3849.000,17500.000,30000.000,230.962,231.345,231.264,231.579,-0.275,-0.393
2017-03-02 12:25:00,231.007,231.438,163.000,1151.000,230.90,231.05,7500.000,5000.000,231.20,231.40,165.000,166.000,230.85,231.10,7500.000,5000.000,231.15,231.45,8994.000,6137.000,50000.000,25000.000,230.770,231.196,231.070,231.545,-0.325,-0.365
2017-03-02 12:26:00,230.989,231.463,171.000,341.000,230.85,230.90,7500.000,5000.000,231.20,231.40,3213.000,19.000,230.80,230.95,5000.000,10000.000,231.15,231.45,14468.000,1027.000,52500.000,22500.000,230.744,231.010,231.064,231.489,-0.425,-0.347
2017-03-02 12:27:00,230.976,231.315,360.000,386.000,230.90,230.95,2500.000,2500.000,231.20,231.25,3013.000,1957.000,230.80,231.00,5000.000,2500.000,231.15,231.30,13585.000,5764.000,50000.000,17500.000,230.724,231.067,231.050,231.379,-0.300,-0.318
2017-03-02 12:28:00,230.969,231.315,690.000,673.000,230.85,231.00,2500.000,5000.000,231.15,231.30,500.000,768.000,230.80,231.05,7500.000,5000.000,231.10,231.35,8277.000,5484.000,47500.000,20000.000,230.725,231.117,231.032,231.381,-0.300,-0.280
2017-03-02 12:29:00,230.973,231.348,1421.000,559.000,230.90,231.00,5000.000,5000.000,231.15,231.35,322.000,419.000,230.85,231.05,5000.000,2500.000,231.10,231.40,7489.000,5444.000,47500.000,20000.000,230.779,231.132,231.032,231.438,-0.300,-0.243
2017-03-02 12:30:00,231.082,231.374,519.000,1582.000,231.00,231.15,2500.000,2500.000,231.30,231.40,60.000,956.000,230.95,231.20,7500.000,2500.000,231.25,231.45,7815.000,8449.000,27500.000,20000.000,230.871,231.250,231.200,231.519,-0.275,-0.219
2017-03-02 12:31:00,230.986,231.369,746.000,172.000,230.90,231.05,5000.000,2500.000,231.15,231.35,322.000,589.000,230.85,231.10,5000.000,7500.000,231.10,231.40,8132.000,6815.000,52500.000,25000.000,230.763,231.204,231.024,231.455,-0.275,-0.179
2017-03-02 12:32:00,231.257,231.450,3308.000,70.000,231.20,231.30,2500.000,5000.000,231.40,231.55,2500.000,479.000,231.10,231.35,5000.000,2500.000,231.35,231.60,15422.000,8346.000,17500.000,22500.000,231.057,231.463,231.307,231.706,-0.225,-0.189
2017-03-02 12:33:00,231.246,231.403,1958.000,140.000,231.20,231.30,7500.000,2500.000,231.40,231.50,2864.000,1039.000,231.10,231.35,2500.000,2500.000,231.35,231.55,12688.000,8587.000,17500.000,20000.000,231.044,231.453,231.314,231.625,-0.200,-0.190
2017-03-02 12:34:00,231.159,231.350,321.000,207.000,231.00,231.05,2500.000,5000.000,231.20,231.35,160.000,42.000,230.95,231.10,5000.000,5000.000,231.15,231.40,9244.000,1281.000,45000.000,27500.000,230.850,231.192,231.047,231.450,-0.250,-0.217
2017-03-02 12:35:00,231.009,231.178,66.000,660.000,230.90,231.00,17500.000,7500.000,231.05,231.20,322.000,303.000,230.85,231.05,22500.000,2500.000,231.00,231.25,6223.000,3572.000,55000.000,25000.000,230.760,231.119,230.986,231.325,-0.175,-0.217
2017-03-02 12:36:00,231.004,231.190,745.000,691.000,230.80,231.00,15000.000,2500.000,231.05,231.20,4281.000,794.000,230.75,231.05,25000.000,2500.000,231.00,231.25,12236.000,4179.000,55000.000,17500.000,230.690,231.108,230.975,231.300,-0.225,-0.191
2017-03-02 12:37:00,230.974,231.215,3282.000,1032.000,230.80,231.00,5000.000,2500.000,231.10,231.20,2030.000,741.000,230.75,231.05,15000.000,2500.000,231.05,231.25,12113.000,4667.000,47500.000,17500.000,230.719,231.104,231.013,231.350,-0.250,-0.173
2017-03-02 12:38:00,230.805,230.968,74.000,2711.000,230.75,230.80,10000.000,2500.000,231.05,231.15,264.000,5071.000,230.70,230.85,20000.000,10000.000,231.00,231.20,13883.000,14025.000,45000.000,107500.000,230.602,230.887,230.983,231.305,-0.325,-0.207
2017-03-02 12:39:00,230.499,230.825,1210.000,514.000,230.50,230.70,2500.000,10000.000,230.90,231.00,4889.000,3568.000,230.45,230.75,7500.000,5000.000,230.80,231.05,10993.000,26025.000,25000.000,50000.000,230.415,230.821,230.685,231.148,-0.350,-0.126
2017-03-02 12:40:00,230.314,230.481,15.000,686.000,230.35,230.45,10000.000,5000.000,230.50,230.65,927.000,11526.000,230.30,230.50,5000.000,7500.000,230.45,230.70,3039.000,18868.000,27500.000,65000.000,230.212,230.531,230.423,230.773,-0.175,-0.087
2017-03-02 12:41:00,230.197,230.254,1831.000,1918.000,230.10,230.15,2500.000,5000.000,230.30,230.45,371.000,994.000,230.05,230.20,2500.000,17500.000,230.25,230.50,14049.000,5257.000,25000.000,92500.000,229.991,230.221,230.155,230.562,-0.250,-0.088
2017-03-02 12:42:00,229.624,229.774,612.000,935.000,229.55,229.80,5000.000,2500.000,229.80,229.95,4321.000,2046.000,229.50,229.85,2500.000,2500.000,229.60,230.00,12491.000,17208.000,22500.000,25000.000,229.433,229.939,229.572,230.100,-0.200,-0.063
2017-03-02 12:43:00,230.304,230.634,2111.000,90.000,230.25,230.35,10000.000,7500.000,230.55,230.70,2710.000,1000.000,230.15,230.40,2500.000,5000.000,230.45,230.80,12685.000,7657.000,22500.000,25000.000,230.106,230.494,230.444,230.845,-0.325,0.039
2017-03-02 12:44:00,230.940,230.863,977.000,36.000,230.80,230.90,2500.000,10000.000,230.85,231.00,2009.000,2797.000,230.75,230.95,7500.000,2500.000,230.80,231.05,7508.000,3413.000,22500.000,27500.000,230.684,230.974,230.622,231.105,-0.075,0.028
2017-03-02 12:45:00,230.934,230.907,609.000,1075.000,230.75,230.90,2500.000,7500.000,230.85,231.05,880.000,369.000,230.70,230.95,5000.000,7500.000,230.80,231.10,7050.000,2552.000,22500.000,30000.000,230.626,230.965,230.633,231.142,-0.125,0.028
2017-03-02 12:46:00,230.959,231.021,401.000,41.000,230.75,230.85,5000.000,2500.000,230.90,231.05,1930.000,16.000,230.70,230.90,5000.000,2500.000,230.85,231.10,11722.000,916.000,20000.000,15000.000,230.617,230.952,230.806,231.200,-0.175,0.021
2017-03-02 12:47:00,231.197,231.223,3302.000,120.000,231.00,231.15,5000.000,2500.000,231.20,231.30,1184.000,568.000,230.95,231.20,5000.000,2500.000,231.15,231.35,12174.000,1843.000,20000.000,17500.000,230.905,231.272,231.106,231.429,-0.175,0.015
2017-03-02 12:48:00,231.707,231.529,85.000,70.000,231.60,231.70,5000.000,10000.000,231.60,231.80,79.000,100.000,231.55,231.75,5000.000,5000.000,231.55,231.85,6910.000,3553.000,22500.000,75000.000,231.459,231.853,231.444,231.890,-0.050,-0.028
2017-03-02 12:49:00,231.762,231.735,412.000,185.000,231.75,231.80,10000.000,2500.000,231.70,231.85,1388.000,1983.000,231.70,231.85,2500.000,50000.000,231.65,231.90,9796.000,10739.000,30000.000,62500.000,231.629,231.934,231.600,231.918,0.000,-0.043
2017-03-02 12:50:00,231.559,231.536,23.000,597.000,231.45,231.50,12500.000,5000.000,231.45,231.65,115.000,541.000,231.40,231.55,5000.000,2500.000,231.40,231.70,3850.000,2309.000,32500.000,20000.000,231.278,231.579,231.308,231.750,-0.075,-0.070
2017-03-02 12:51:00,231.364,231.458,515.000,58.000,231.30,231.35,2500.000,5000.000,231.40,231.50,1914.000,220.000,231.25,231.40,2500.000,2500.000,231.35,231.55,5803.000,2535.000,22500.000,22500.000,231.203,231.476,231.239,231.644,-0.125,-0.072
2017-03-02 12:52:00,231.381,231.439,800.000,1384.000,231.30,231.35,5000.000,2500.000,231.40,231.50,406.000,190.000,231.25,231.40,2500.000,2500.000,231.35,231.55,4318.000,2370.000,17500.000,17500.000,231.193,231.407,231.307,231.614,-0.125,-0.074
2017-03-02 12:53:00,231.644,231.679,1306.000,109.000,231.55,231.60,7500.000,2500.000,231.65,231.80,1628.000,18.000,231.50,231.65,5000.000,57500.000,231.60,231.90,6423.000,1741.000,30000.000,75000.000,231.447,231.725,231.537,231.915,-0.150,-0.073
2017-03-02 12:54:00,231.645,231.696,639.000,554.000,231.55,231.60,2500.000,47500.000,231.70,231.80,1907.000,19.000,231.50,231.65,2500.000,5000.000,231.60,231.85,9858.000,3737.000,20000.000,72500.000,231.421,231.725,231.550,231.845,-0.175,-0.051
2017-03-02 12:55:00,231.365,231.477,257.000,186.000,231.35,231.40,5000.000,2500.000,231.40,231.50,299.000,177.000,231.30,231.45,2500.000,2500.000,231.35,231.55,3911.000,4237.000,20000.000,12500.000,231.191,231.564,231.312,231.600,-0.075,-0.022
2017-03-02 12:56:00,231.529,231.632,4700.000,19.000,231.50,231.55,5000.000,10000.000,231.60,231.75,60.000,304.000,231.45,231.65,7500.000,47500.000,231.55,231.80,6530.000,2958.000,30000.000,70000.000,231.452,231.752,231.504,231.809,-0.150,-0.014
2017-03-02 12:57:00,231.535,231.602,805.000,312.000,231.35,231.45,5000.000,10000.000,231.60,231.75,357.000,325.000,231.30,231.50,2500.000,52500.000,231.55,231.80,10874.000,1251.000,22500.000,80000.000,231.233,231.540,231.511,231.819,-0.275,-0.019
2017-03-02 12:58:00,231.494,231.529,637.000,291.000,231.35,231.45,2500.000,5000.000,231.55,231.70,63.000,1376.000,231.30,231.50,7500.000,12500.000,231.50,231.75,6047.000,2461.000,25000.000,80000.000,231.214,231.531,231.450,231.797,-0.225,-0.035
2017-03-02 12:59:00,231.469,231.409,135.000,497.000,231.35,231.40,2500.000,2500.000,231.50,231.60,218.000,177.000,231.30,231.45,10000.000,2500.000,231.45,231.65,6594.000,3112.000,20000.000,67500.000,231.173,231.509,231.419,231.772,-0.175,-0.074
2017-03-02 13:00:00,231.450,231.415,750.000,976.000,231.35,231.40,2500.000,2500.000,231.50,231.60,470.000,241.000,231.30,231.45,2500.000,5000.000,231.45,231.65,7299.000,4100.000,20000.000,70000.000,231.191,231.494,231.394,231.768,-0.175,-0.117
2017-03-02 13:01:00,231.379,231.443,188.000,44.000,231.20,231.25,2500.000,5000.000,231.45,231.50,399.000,137.000,231.15,231.30,10000.000,5000.000,231.30,231.55,13518.000,1359.000,27500.000,25000.000,231.040,231.381,231.236,231.640,-0.250,-0.110
2017-03-02 13:02:00,231.241,231.337,1499.000,19.000,231.05,231.15,2500.000,2500.000,231.20,231.40,2333.000,89.000,231.00,231.20,5000.000,5000.000,231.15,231.45,9305.000,857.000,20000.000,17500.000,230.927,231.306,231.081,231.536,-0.200,-0.125
2017-03-02 13:03:00,231.246,231.360,213.000,677.000,231.15,231.20,2500.000,2500.000,231.20,231.40,940.000,124.000,231.10,231.25,5000.000,5000.000,231.15,231.45,5116.000,2013.000,20000.000,17500.000,231.026,231.303,231.081,231.550,-0.125,-0.167
2017-03-02 13:04:00,231.166,231.300,480.000,359.000,231.10,231.15,7500.000,2500.000,231.15,231.35,670.000,596.000,231.05,231.20,2500.000,2500.000,231.10,231.40,3772.000,2018.000,22500.000,15000.000,230.996,231.250,231.056,231.467,-0.125,-0.164
2017-03-02 13:05:00,231.103,231.279,1145.000,135.000,231.00,231.15,5000.000,5000.000,231.10,231.30,364.000,708.000,230.95,231.20,5000.000,5000.000,231.05,231.35,4169.000,2783.000,25000.000,17500.000,230.895,231.274,230.955,231.429,-0.125,-0.162
2017-03-02 13:06:00,230.816,230.847,63.000,921.000,230.60,230.75,2500.000,5000.000,230.75,230.90,505.000,130.000,230.55,230.80,2500.000,5000.000,230.70,230.95,8579.000,2309.000,20000.000,20000.000,230.452,230.837,230.619,230.988,-0.150,-0.201
2017-03-02 13:07:00,230.672,230.840,63.000,436.000,230.55,230.60,5000.000,5000.000,230.65,230.85,60.000,130.000,230.45,230.65,2500.000,5000.000,230.60,230.90,4779.000,1977.000,20000.000,17500.000,230.326,230.689,230.506,230.979,-0.175,-0.212
2017-03-02 13:08:00,230.658,230.983,242.000,45.000,230.50,230.60,2500.000,2500.000,230.75,230.90,277.000,87.000,230.45,230.65,7500.000,2500.000,230.70,230.95,6346.000,1514.000,25000.000,12500.000,230.378,230.710,230.555,231.080,-0.275,-0.211
2017-03-02 13:09:00,230.813,230.932,1775.000,79.000,230.65,230.75,12500.000,2500.000,230.80,231.00,240.000,22.000,230.55,230.80,2500.000,2500.000,230.75,231.05,7867.000,919.000,22500.000,12500.000,230.506,230.903,230.706,231.180,-0.200,-0.237
2017-03-02 13:10:00,230.749,230.915,918.000,905.000,230.50,230.75,2500.000,5000.000,230.80,231.00,3010.000,454.000,230.45,230.80,10000.000,5000.000,230.75,231.05,8251.000,2424.000,22500.000,27500.000,230.406,230.825,230.672,231.345,-0.275,-0.262
2017-03-02 13:11:00,230.800,231.027,2764.000,655.000,230.55,230.75,10000.000,2500.000,230.90,231.10,2057.000,43.000,230.50,230.80,2500.000,2500.000,230.85,231.15,9306.000,1112.000,20000.000,17500.000,230.462,230.819,230.825,231.386,-0.350,-0.258
2017-03-02 13:12:00,230.738,230.962,629.000,25.000,230.55,230.60,2500.000,2500.000,230.90,231.00,3051.000,27.000,230.50,230.65,2500.000,2500.000,230.85,231.05,15334.000,1602.000,12500.000,20000.000,230.415,230.794,230.770,231.300,-0.375,-0.252
2017-03-02 13:13:00,230.616,230.936,108.000,267.000,230.45,230.55,2500.000,5000.000,230.75,230.90,216.000,96.000,230.40,230.60,2500.000,7500.000,230.65,230.95,12633.000,3357.000,15000.000,20000.000,230.297,230.713,230.592,231.175,-0.325,-0.224
2017-03-02 13:14:00,230.731,230.980,58.000,521.000,230.60,230.70,7500.000,2500.000,230.80,231.00,152.000,50.000,230.50,230.75,5000.000,2500.000,230.75,231.05,5698.000,2580.000,22500.000,15000.000,230.387,230.820,230.678,231.317,-0.250,-0.212
2017-03-02 13:15:00,230.889,231.180,10.000,120.000,230.75,230.85,10000.000,5000.000,231.00,231.20,2500.000,432.000,230.70,230.90,2500.000,7500.000,230.95,231.25,6962.000,2145.000,30000.000,25000.000,230.631,230.969,230.838,231.475,-0.300,-0.186
2017-03-02 13:16:00,231.167,231.375,2676.000,20.000,231.00,231.10,12500.000,2500.000,231.30,231.50,526.000,79.000,230.95,231.15,2500.000,2500.000,231.25,231.55,10377.000,900.000,27500.000,17500.000,230.905,231.250,231.150,231.657,-0.350,-0.173
2017-03-02 13:17:00,231.125,231.318,914.000,250.000,231.00,231.05,5000.000,5000.000,231.25,231.40,2500.000,423.000,230.95,231.10,2500.000,7500.000,231.20,231.45,14636.000,2712.000,17500.000,25000.000,230.832,231.184,231.129,231.575,-0.300,-0.167
2017-03-02 13:18:00,231.142,231.325,791.000,167.000,231.05,231.10,2500.000,2500.000,231.25,231.35,400.000,404.000,231.00,231.15,5000.000,5000.000,231.20,231.45,8008.000,3027.000,20000.000,25000.000,230.924,231.232,231.106,231.570,-0.225,-0.165
2017-03-02 13:19:00,231.132,231.321,101.000,349.000,231.00,231.05,5000.000,7500.000,231.20,231.40,2500.000,148.000,230.90,231.10,2500.000,7500.000,231.15,231.45,12462.000,2134.000,25000.000,27500.000,230.816,231.182,231.015,231.545,-0.275,-0.165
2017-03-02 13:20:00,231.261,231.420,12.000,58.000,231.15,231.20,2500.000,2500.000,231.40,231.55,3617.000,141.000,231.10,231.25,5000.000,2500.000,231.35,231.60,11636.000,2554.000,15000.000,22500.000,231.028,231.366,231.308,231.678,-0.300,-0.176
2017-03-02 13:21:00,231.147,231.289,82.000,533.000,231.00,231.10,2500.000,2500.000,231.20,231.35,2500.000,786.000,230.90,231.15,2500.000,10000.000,231.15,231.40,11519.000,3393.000,20000.000,27500.000,230.814,231.212,231.031,231.527,-0.225,-0.205
2017-03-02 13:22:00,230.929,231.089,2034.000,120.000,230.80,230.90,5000.000,2500.000,231.05,231.20,2500.000,79.000,230.75,230.95,7500.000,5000.000,231.00,231.25,9782.000,2022.000,25000.000,20000.000,230.715,231.042,230.880,231.306,-0.275,-0.221
2017-03-02 13:23:00,230.912,231.085,2463.000,615.000,230.70,230.90,5000.000,7500.000,231.00,231.15,2003.000,587.000,230.65,230.95,2500.000,5000.000,230.95,231.20,10113.000,3143.000,17500.000,25000.000,230.592,230.996,230.843,231.265,-0.275,-0.226
2017-03-02 13:24:00,230.546,230.736,2908.000,60.000,230.35,230.55,7500.000,2500.000,230.65,230.85,3267.000,216.000,230.30,230.60,2500.000,2500.000,230.60,230.90,12923.000,3570.000,17500.000,17500.000,230.256,230.708,230.564,230.964,-0.300,-0.260
2017-03-02 13:25:00,230.642,230.856,2550.000,1785.000,230.50,230.65,7500.000,2500.000,230.80,230.95,1863.000,50.000,230.45,230.70,5000.000,2500.000,230.75,231.00,8699.000,3822.000,25000.000,20000.000,230.412,230.727,230.660,231.069,-0.300,-0.277
2017-03-02 13:26:00,230.667,230.953,139.000,1869.000,230.55,230.65,10000.000,5000.000,230.80,230.95,2564.000,68.000,230.50,230.70,7500.000,2500.000,230.75,231.00,7743.000,3650.000,30000.000,17500.000,230.444,230.724,230.679,231.107,-0.275,-0.270
2017-03-02 13:27:00,230.643,230.883,4810.000,238.000,230.55,230.60,2500.000,2500.000,230.85,230.90,2340.000,1411.000,230.50,230.65,2500.000,2500.000,230.80,230.95,13965.000,3142.000,15000.000,15000.000,230.462,230.706,230.725,231.042,-0.300,-0.277
2017-03-02 13:28:00,230.751,230.950,22.000,314.000,230.60,230.65,2500.000,7500.000,230.85,231.00,904.000,78.000,230.55,230.70,7500.000,5000.000,230.80,231.05,8099.000,1451.000,22500.000,22500.000,230.451,230.769,230.750,231.117,-0.300,-0.282
2017-03-02 13:29:00,230.670,231.029,4869.000,121.000,230.50,230.55,2500.000,7500.000,230.85,231.00,868.000,37.000,230.45,230.65,10000.000,5000.000,230.80,231.05,17184.000,959.000,27500.000,20000.000,230.400,230.711,230.732,231.150,-0.400,-0.272
2017-03-02 13:30:00,230.723,231.025,1312.000,112.000,230.60,230.65,2500.000,5000.000,230.90,231.00,3000.000,81.000,230.55,230.70,7500.000,2500.000,230.85,231.05,10798.000,1287.000,25000.000,15000.000,230.495,230.799,230.800,231.150,-0.325,-0.278
2017-03-02 13:31:00,230.799,231.047,50.000,157.000,230.65,230.70,2500.000,5000.000,230.90,231.00,40.000,80.000,230.60,230.75,7500.000,5000.000,230.85,231.10,8335.000,1974.000,22500.000,17500.000,230.483,230.838,230.806,231.193,-0.275,-0.310
2017-03-02 13:32:00,230.587,230.863,4073.000,352.000,230.40,230.50,2500.000,5000.000,230.80,230.90,4557.000,21.000,230.35,230.55,2500.000,10000.000,230.75,230.95,20025.000,699.000,15000.000,22500.000,230.304,230.571,230.683,231.011,-0.400,-0.338
2017-03-02 13:33:00,230.572,230.796,368.000,688.000,230.40,230.50,5000.000,2500.000,230.75,230.85,3436.000,110.000,230.35,230.60,2500.000,2500.000,230.65,230.90,14847.000,4192.000,17500.000,17500.000,230.288,230.684,230.629,231.000,-0.350,-0.353
2017-03-02 13:34:00,230.544,230.853,53.000,149.000,230.35,230.45,5000.000,5000.000,230.65,230.85,792.000,548.000,230.30,230.50,5000.000,5000.000,230.60,230.90,10652.000,1370.000,25000.000,17500.000,230.219,230.545,230.550,231.007,-0.350,-0.335
2017-03-02 13:35:00,230.457,230.790,988.000,252.000,230.30,230.40,7500.000,2500.000,230.60,230.80,200.000,85.000,230.25,230.45,7500.000,5000.000,230.55,230.85,8235.000,1716.000,35000.000,15000.000,230.185,230.523,230.486,230.917,-0.350,-0.308
2017-03-02 13:36:00,230.306,230.715,450.000,898.000,230.15,230.35,10000.000,2500.000,230.50,230.70,2617.000,218.000,230.10,230.40,10000.000,2500.000,230.45,230.75,8102.000,4600.000,35000.000,15000.000,230.040,230.466,230.339,230.942,-0.350,-0.267
2017-03-02 13:37:00,230.385,230.800,5220.000,1.000,230.25,230.30,2500.000,2500.000,230.65,230.80,3270.000,42.000,230.20,230.35,10000.000,5000.000,230.60,230.85,17061.000,1243.000,22500.000,17500.000,230.168,230.506,230.567,231.029,-0.450,-0.234
2017-03-02 13:38:00,230.439,230.739,1800.000,1.000,230.30,230.40,2500.000,7500.000,230.60,230.80,2400.000,26.000,230.25,230.45,7500.000,2500.000,230.55,230.85,11643.000,2327.000,17500.000,17500.000,230.202,230.553,230.507,230.943,-0.350,-0.210
2017-03-02 13:39:00,230.505,230.721,427.000,19.000,230.40,230.45,2500.000,2500.000,230.65,230.80,2269.000,866.000,230.30,230.50,5000.000,2500.000,230.60,230.85,10771.000,2429.000,20000.000,15000.000,230.237,230.562,230.531,230.908,-0.300,-0.211
2017-03-02 13:40:00,230.404,230.603,1933.000,629.000,230.30,230.40,5000.000,5000.000,230.55,230.70,170.000,327.000,230.25,230.45,5000.000,5000.000,230.50,230.75,7038.000,3554.000,17500.000,22500.000,230.191,230.504,230.464,230.806,-0.275,-0.207
2017-03-02 13:41:00,230.146,230.354,2565.000,774.000,230.00,230.10,2500.000,2500.000,230.25,230.40,164.000,482.000,229.90,230.15,5000.000,2500.000,230.20,230.45,11793.000,3325.000,20000.000,15000.000,229.835,230.198,230.150,230.525,-0.275,-0.213
2017-03-02 13:42:00,230.153,230.400,437.000,4.000,230.00,230.05,5000.000,2500.000,230.30,230.45,1800.000,126.000,229.95,230.10,2500.000,2500.000,230.25,230.50,11995.000,1183.000,20000.000,20000.000,229.867,230.203,230.200,230.613,-0.350,-0.214
2017-03-02 13:43:00,230.112,230.291,22.000,21.000,230.00,230.05,2500.000,2500.000,230.15,230.30,540.000,537.000,229.90,230.10,15000.000,2500.000,230.10,230.40,7531.000,3065.000,37500.000,20000.000,229.767,230.184,230.047,230.469,-0.200,-0.218
2017-03-02 13:44:00,229.920,230.144,1000.000,43.000,229.75,229.80,7500.000,5000.000,230.05,230.20,803.000,38.000,229.70,229.85,10000.000,5000.000,230.00,230.25,12741.000,518.000,27500.000,17500.000,229.617,229.951,229.950,230.279,-0.350,-0.215
2017-03-02 13:45:00,229.828,230.007,2350.000,106.000,229.65,229.75,2500.000,2500.000,229.95,230.10,221.000,391.000,229.60,229.80,10000.000,5000.000,229.90,230.15,14299.000,2176.000,25000.000,25000.000,229.524,229.885,229.860,230.225,-0.325,-0.205
2017-03-02 13:46:00,229.633,229.869,459.000,148.000,229.40,229.55,10000.000,2500.000,229.75,229.95,260.000,113.000,229.35,229.60,2500.000,2500.000,229.70,230.00,12675.000,1447.000,22500.000,17500.000,229.274,229.688,229.650,230.129,-0.375,-0.194
2017-03-02 13:47:00,229.477,229.732,162.000,2332.000,229.40,229.50,7500.000,7500.000,229.60,229.80,160.000,593.000,229.35,229.55,5000.000,2500.000,229.55,229.85,5328.000,5326.000,27500.000,22500.000,229.276,229.570,229.514,229.889,-0.250,-0.174
2017-03-02 13:48:00,229.774,229.969,153.000,10.000,229.60,229.70,7500.000,2500.000,229.85,230.05,3833.000,23.000,229.55,229.75,2500.000,2500.000,229.80,230.10,10620.000,1594.000,27500.000,17500.000,229.475,229.866,229.709,230.164,-0.300,-0.161
2017-03-02 13:49:00,229.909,230.118,463.000,156.000,229.85,229.90,12500.000,2500.000,230.00,230.20,183.000,184.000,229.80,229.95,2500.000,5000.000,229.95,230.25,3990.000,2515.000,30000.000,20000.000,229.723,230.029,229.900,230.306,-0.225,-0.128
2017-03-02 13:50:00,230.132,230.261,379.000,689.000,230.05,230.15,12500.000,2500.000,230.20,230.35,405.000,674.000,230.00,230.20,10000.000,2500.000,230.15,230.40,4621.000,3732.000,35000.000,20000.000,229.921,230.251,230.118,230.475,-0.175,-0.117
2017-03-02 13:51:00,230.074,230.252,44.000,5.000,230.00,230.05,7500.000,2500.000,230.20,230.30,584.000,21.000,229.95,230.10,5000.000,5000.000,230.15,230.35,4262.000,1511.000,27500.000,22500.000,229.888,230.223,230.082,230.422,-0.225,-0.095
2017-03-02 13:52:00,230.252,230.409,200.000,154.000,230.20,230.30,7500.000,2500.000,230.35,230.50,364.000,159.000,230.10,230.35,5000.000,5000.000,230.30,230.55,7551.000,4906.000,20000.000,20000.000,230.028,230.464,230.269,230.650,-0.175,-0.080
2017-03-02 13:53:00,230.395,230.525,171.000,17.000,230.30,230.40,7500.000,5000.000,230.50,230.70,240.000,1004.000,230.25,230.50,2500.000,2500.000,230.45,230.75,4725.000,3436.000,22500.000,27500.000,230.190,230.579,230.356,230.823,-0.250,-0.069
2017-03-02 13:54:00,230.228,230.274,515.000,13.000,230.10,230.15,2500.000,5000.000,230.25,230.45,700.000,170.000,230.05,230.20,2500.000,5000.000,230.20,230.50,6254.000,893.000,15000.000,27500.000,229.985,230.282,230.092,230.545,-0.225,-0.067
2017-03-02 13:55:00,230.330,230.406,5.000,19.000,230.20,230.25,7500.000,2500.000,230.35,230.50,316.000,211.000,230.15,230.30,10000.000,2500.000,230.30,230.55,7102.000,2198.000,25000.000,20000.000,230.035,230.395,230.270,230.613,-0.200,-0.069
2017-03-02 13:56:00,230.246,230.315,11.000,30.000,230.15,230.25,5000.000,2500.000,230.20,230.40,2131.000,605.000,230.10,230.30,5000.000,5000.000,230.15,230.45,5248.000,2887.000,22500.000,20000.000,229.991,230.359,230.106,230.537,-0.100,-0.094
2017-03-02 13:57:00,230.369,230.450,275.000,808.000,230.25,230.35,2500.000,2500.000,230.40,230.55,673.000,221.000,230.20,230.40,2500.000,2500.000,230.35,230.60,7975.000,4126.000,17500.000,20000.000,230.104,230.477,230.300,230.675,-0.175,-0.101
2017-03-02 13:58:00,230.254,230.329,1977.000,119.000,230.10,230.25,2500.000,2500.000,230.25,230.40,364.000,902.000,230.05,230.30,5000.000,2500.000,230.20,230.45,8504.000,3176.000,20000.000,15000.000,229.997,230.360,230.144,230.517,-0.150,-0.110
2017-03-02 13:59:00,230.250,230.287,2579.000,524.000,230.10,230.25,2500.000,2500.000,230.25,230.45,526.000,185.000,230.05,230.30,5000.000,2500.000,230.20,230.50,7769.000,2424.000,20000.000,30000.000,230.015,230.370,230.144,230.696,-0.175,-0.117
2017-03-02 14:00:00,230.311,230.393,664.000,181.000,230.15,230.25,12500.000,2500.000,230.30,230.50,2027.000,199.000,230.10,230.30,2500.000,2500.000,230.25,230.55,7393.000,1569.000,27500.000,25000.000,230.030,230.370,230.223,230.620,-0.200,-0.115
2017-03-02 14:01:00,230.191,230.387,1538.000,12.000,230.10,230.15,5000.000,5000.000,230.30,230.45,60.000,120.000,230.05,230.20,2500.000,7500.000,230.25,230.50,5967.000,1264.000,27500.000,30000.000,230.005,230.310,230.168,230.588,-0.250,-0.106
2017-03-02 14:02:00,230.235,230.352,1266.000,25.000,230.10,230.15,5000.000,7500.000,230.30,230.45,809.000,68.000,230.00,230.20,2500.000,7500.000,230.25,230.50,9488.000,1504.000,25000.000,30000.000,229.917,230.311,230.170,230.546,-0.250,-0.106
2017-03-02 14:03:00,230.197,230.316,299.000,986.000,230.15,230.20,2500.000,2500.000,230.25,230.40,591.000,262.000,230.10,230.25,7500.000,5000.000,230.20,230.45,5300.000,3606.000,22500.000,25000.000,229.986,230.304,230.133,230.500,-0.150,-0.100
2017-03-02 14:04:00,230.196,230.266,512.000,223.000,230.10,230.15,7500.000,5000.000,230.20,230.40,1769.000,552.000,230.00,230.20,5000.000,5000.000,230.15,230.45,7936.000,2502.000,22500.000,25000.000,229.923,230.276,230.117,230.500,-0.175,-0.123
2017-03-02 14:05:00,230.219,230.291,140.000,628.000,230.10,230.20,7500.000,5000.000,230.20,230.40,1724.000,173.000,230.00,230.25,5000.000,5000.000,230.15,230.45,7141.000,2989.000,22500.000,20000.000,229.916,230.318,230.117,230.494,-0.150,-0.146
2017-03-02 14:06:00,230.188,230.341,1795.000,81.000,230.00,230.05,5000.000,2500.000,230.25,230.40,2737.000,24.000,229.95,230.10,2500.000,5000.000,230.20,230.45,13997.000,1227.000,22500.000,17500.000,229.865,230.256,230.117,230.507,-0.300,-0.160
2017-03-02 14:07:00,230.145,230.264,76.000,21.000,230.00,230.10,2500.000,2500.000,230.25,230.35,2750.000,25.000,229.95,230.15,2500.000,2500.000,230.20,230.40,9477.000,3099.000,15000.000,20000.000,229.858,230.249,230.150,230.475,-0.250,-0.165
2017-03-02 14:08:00,230.237,230.322,5178.000,1149.000,230.00,230.25,7500.000,5000.000,230.30,230.40,772.000,992.000,229.95,230.30,2500.000,5000.000,230.20,230.45,12601.000,3830.000,25000.000,25000.000,229.918,230.325,230.145,230.495,-0.225,-0.194
2017-03-02 14:09:00,230.369,230.556,2937.000,330.000,230.20,230.30,10000.000,5000.000,230.50,230.65,369.000,128.000,230.15,230.35,2500.000,5000.000,230.45,230.70,16867.000,3696.000,20000.000,22500.000,230.060,230.450,230.438,230.733,-0.325,-0.172
2017-03-02 14:10:00,230.546,230.732,2988.000,818.000,230.40,230.50,15000.000,2500.000,230.70,230.80,364.000,530.000,230.35,230.55,2500.000,2500.000,230.65,230.85,13403.000,3851.000,30000.000,20000.000,230.284,230.597,230.604,230.919,-0.300,-0.159
2017-03-02 14:11:00,230.960,231.183,2302.000,1682.000,230.95,231.00,7500.000,2500.000,231.10,231.30,1841.000,17.000,230.90,231.05,7500.000,2500.000,231.05,231.35,4639.000,3645.000,27500.000,22500.000,230.914,231.086,231.005,231.433,-0.225,-0.162
2017-03-02 14:12:00,230.967,231.111,18.000,2562.000,230.85,231.00,7500.000,5000.000,231.05,231.25,238.000,81.000,230.80,231.05,5000.000,10000.000,231.00,231.30,6423.000,4780.000,22500.000,25000.000,230.742,231.072,230.933,231.330,-0.225,-0.175
2017-03-02 14:13:00,230.795,231.028,807.000,23.000,230.70,230.80,2500.000,7500.000,231.00,231.15,705.000,138.000,230.60,230.85,5000.000,7500.000,230.95,231.20,11372.000,3960.000,17500.000,27500.000,230.546,230.981,230.850,231.232,-0.325,-0.195
2017-03-02 14:14:00,230.940,231.016,49.000,301.000,230.75,230.90,5000.000,2500.000,231.00,231.15,2520.000,158.000,230.70,230.95,2500.000,5000.000,230.95,231.20,7360.000,2420.000,15000.000,25000.000,230.611,231.014,230.908,231.260,-0.250,-0.226
2017-03-02 14:15:00,230.649,230.768,2193.000,1.000,230.45,230.55,2500.000,2500.000,230.70,230.90,60.000,80.000,230.40,230.60,5000.000,7500.000,230.65,230.95,10370.000,1541.000,20000.000,27500.000,230.297,230.713,230.581,231.014,-0.300,-0.244
2017-03-02 14:16:00,230.601,230.841,2111.000,168.000,230.45,230.50,2500.000,2500.000,230.75,230.85,60.000,14.000,230.40,230.55,5000.000,2500.000,230.65,230.90,12448.000,1458.000,22500.000,17500.000,230.314,230.650,230.589,231.000,-0.325,-0.212
2017-03-02 14:17:00,230.543,230.750,2366.000,247.000,230.40,230.50,2500.000,2500.000,230.70,230.80,266.000,72.000,230.30,230.55,5000.000,2500.000,230.65,230.85,12235.000,2095.000,20000.000,20000.000,230.262,230.633,230.581,230.919,-0.300,-0.203
2017-03-02 14:18:00,230.467,230.800,304.000,41.000,230.30,230.40,5000.000,2500.000,230.70,230.85,6803.000,16.000,230.25,230.45,5000.000,5000.000,230.65,230.90,15656.000,1214.000,20000.000,17500.000,230.210,230.530,230.594,230.986,-0.425,-0.155
2017-03-02 14:19:00,230.524,230.756,126.000,207.000,230.40,230.45,2500.000,5000.000,230.65,230.75,2500.000,910.000,230.35,230.50,2500.000,5000.000,230.55,230.80,10524.000,3557.000,22500.000,20000.000,230.244,230.567,230.472,230.887,-0.275,-0.150
2017-03-02 14:20:00,230.277,230.486,126.000,5.000,230.15,230.20,5000.000,5000.000,230.35,230.55,669.000,63.000,230.10,230.25,2500.000,2500.000,230.30,230.60,7719.000,1337.000,20000.000,15000.000,230.025,230.354,230.213,230.633,-0.275,-0.180
2017-03-02 14:21:00,230.132,230.215,249.000,523.000,230.10,230.15,2500.000,27500.000,230.20,230.30,5.000,981.000,230.05,230.20,2500.000,2500.000,230.15,230.40,5950.000,6153.000,15000.000,45000.000,229.946,230.283,230.083,230.369,-0.125,-0.208
2017-03-02 14:22:00,230.057,230.215,78.000,31.000,229.90,229.95,7500.000,2500.000,230.10,230.30,273.000,21.000,229.85,230.00,5000.000,2500.000,230.05,230.35,6690.000,427.000,25000.000,17500.000,229.775,230.076,229.970,230.500,-0.275,-0.223
2017-03-02 14:23:00,229.946,230.041,5.000,178.000,229.75,229.85,5000.000,7500.000,230.00,230.20,3993.000,355.000,229.70,229.90,2500.000,12500.000,229.95,230.25,9793.000,1069.000,22500.000,35000.000,229.623,229.942,229.828,230.296,-0.300,-0.246
2017-03-02 14:24:00,229.926,230.132,313.000,94.000,229.80,229.85,2500.000,2500.000,230.10,230.25,826.000,63.000,229.70,229.90,2500.000,2500.000,230.05,230.30,11302.000,1731.000,15000.000,20000.000,229.626,230.000,229.975,230.381,-0.350,-0.248
2017-03-02 14:25:00,229.850,230.205,610.000,9.000,229.70,229.75,10000.000,2500.000,230.10,230.25,8562.000,21.000,229.65,229.80,7500.000,5000.000,230.05,230.30,18687.000,333.000,30000.000,17500.000,229.594,229.916,230.029,230.386,-0.450,-0.212
2017-03-02 14:26:00,230.057,230.281,2869.000,63.000,229.90,230.05,2500.000,2500.000,230.20,230.30,454.000,339.000,229.80,230.10,5000.000,7500.000,230.15,230.35,12045.000,3310.000,25000.000,20000.000,229.757,230.201,230.075,230.400,-0.275,-0.223
2017-03-02 14:27:00,230.041,230.274,2761.000,2.000,229.85,229.90,2500.000,2500.000,230.20,230.30,550.000,19.000,229.80,229.95,7500.000,2500.000,230.10,230.35,15829.000,943.000,27500.000,15000.000,229.727,230.118,230.036,230.417,-0.375,-0.220
2017-03-02 14:28:00,230.029,230.241,80.000,24.000,229.90,229.95,2500.000,2500.000,230.10,230.25,700.000,227.000,229.80,230.00,5000.000,2500.000,230.05,230.30,6767.000,1781.000,27500.000,12500.000,229.683,230.106,229.986,230.350,-0.250,-0.226
2017-03-02 14:29:00,230.018,230.237,1071.000,53.000,229.85,229.90,2500.000,5000.000,230.15,230.25,2927.000,1.000,229.80,229.95,5000.000,2500.000,230.10,230.30,14637.000,1497.000,22500.000,15000.000,229.725,230.125,230.039,230.333,-0.325,-0.231
2017-03-02 14:30:00,230.025,230.197,134.000,89.000,229.85,229.90,5000.000,2500.000,230.10,230.20,717.000,18.000,229.80,229.95,7500.000,5000.000,230.05,230.25,8568.000,1191.000,32500.000,15000.000,229.680,230.045,229.988,230.308,-0.275,-0.245
2017-03-02 14:31:00,230.006,230.287,2507.000,171.000,229.85,229.90,2500.000,2500.000,230.20,230.25,1510.000,19.000,229.80,229.95,5000.000,5000.000,230.15,230.40,18266.000,1824.000,25000.000,25000.000,229.734,230.114,230.075,230.455,-0.350,-0.224
2017-03-02 14:32:00,229.936,230.152,2378.000,139.000,229.80,229.85,2500.000,10000.000,230.10,230.20,171.000,133.000,229.75,229.90,2500.000,7500.000,230.05,230.25,10396.000,1183.000,22500.000,30000.000,229.682,229.991,229.978,230.304,-0.325,-0.218
2017-03-02 14:33:00,229.975,230.219,2307.000,73.000,229.85,229.90,2500.000,2500.000,230.15,230.20,2747.000,21.000,229.80,229.95,2500.000,5000.000,230.10,230.25,13089.000,1544.000,25000.000,15000.000,229.745,230.034,230.005,230.292,-0.300,-0.221
2017-03-02 14:34:00,229.920,230.161,3284.000,850.000,229.80,229.85,2500.000,2500.000,230.10,230.25,475.000,27.000,229.75,229.90,7500.000,2500.000,230.05,230.30,10348.000,1622.000,27500.000,20000.000,229.700,229.921,229.973,230.375,-0.350,-0.220
2017-03-02 14:35:00,229.927,230.168,2935.000,81.000,229.80,229.85,2500.000,5000.000,230.10,230.25,420.000,122.000,229.75,229.90,5000.000,2500.000,230.05,230.30,10004.000,1070.000,27500.000,20000.000,229.696,229.979,229.968,230.363,-0.350,-0.240
2017-03-02 14:36:00,229.512,229.690,1126.000,210.000,229.40,229.50,2500.000,7500.000,229.60,229.75,354.000,102.000,229.35,229.55,5000.000,7500.000,229.55,229.80,8125.000,3256.000,22500.000,27500.000,229.274,229.672,229.494,229.868,-0.225,-0.206
2017-03-02 14:37:00,229.530,229.713,1524.000,728.000,229.40,229.55,2500.000,7500.000,229.60,229.75,414.000,79.000,229.35,229.60,7500.000,5000.000,229.55,229.80,9631.000,4920.000,27500.000,20000.000,229.282,229.691,229.509,229.825,-0.200,-0.191
2017-03-02 14:38:00,229.368,229.628,1103.000,471.000,229.25,229.40,2500.000,2500.000,229.45,229.55,699.000,69.000,229.20,229.45,2500.000,5000.000,229.35,229.60,8705.000,4510.000,85000.000,17500.000,229.137,229.562,229.257,229.650,-0.175,-0.162
2017-03-02 14:39:00,229.181,229.416,928.000,140.000,229.00,229.10,20000.000,2500.000,229.25,229.40,3652.000,301.000,228.95,229.15,32500.000,2500.000,229.20,229.45,11402.000,1640.000,87500.000,20000.000,228.877,229.208,229.173,229.512,-0.275,-0.151
2017-03-02 14:40:00,229.175,229.519,6226.000,44.000,229.00,229.10,5000.000,2500.000,229.30,229.45,1671.000,50.000,228.95,229.15,17500.000,7500.000,229.25,229.50,15120.000,315.000,87500.000,22500.000,228.919,229.202,229.183,229.567,-0.325,-0.132
2017-03-02 14:41:00,229.699,229.705,870.000,181.000,229.50,229.60,7500.000,2500.000,229.65,229.80,339.000,18.000,229.45,229.65,2500.000,2500.000,229.60,229.85,16100.000,2082.000,22500.000,27500.000,229.330,229.761,229.561,229.977,-0.175,-0.194
2017-03-02 14:42:00,229.609,229.719,383.000,280.000,229.50,229.60,5000.000,2500.000,229.65,229.80,420.000,262.000,229.45,229.70,10000.000,2500.000,229.60,229.85,7425.000,4951.000,22500.000,17500.000,229.361,229.806,229.578,229.929,-0.175,-0.203
2017-03-02 14:43:00,229.578,229.694,422.000,376.000,229.40,229.50,2500.000,2500.000,229.65,229.75,4642.000,158.000,229.35,229.55,2500.000,2500.000,229.55,229.80,13449.000,1502.000,20000.000,20000.000,229.293,229.574,229.494,229.894,-0.250,-0.224
2017-03-02 14:44:00,229.489,229.671,141.000,70.000,229.35,229.45,12500.000,7500.000,229.50,229.70,3017.000,153.000,229.30,229.50,2500.000,5000.000,229.45,229.75,9228.000,2761.000,45000.000,27500.000,229.229,229.586,229.353,229.818,-0.200,-0.217
2017-03-02 14:45:00,229.389,229.634,2487.000,95.000,229.15,229.30,10000.000,2500.000,229.40,229.55,2655.000,79.000,229.10,229.35,2500.000,5000.000,229.35,229.60,17552.000,1606.000,72500.000,20000.000,229.027,229.442,229.257,229.688,-0.250,-0.206
2017-03-02 14:46:00,229.179,229.497,340.000,471.000,229.05,229.10,20000.000,10000.000,229.25,229.40,2072.000,73.000,229.00,229.15,30000.000,5000.000,229.20,229.45,9109.000,1267.000,95000.000,27500.000,228.940,229.195,229.157,229.541,-0.250,-0.181
2017-03-02 14:47:00,229.109,229.263,436.000,6.000,228.95,229.00,5000.000,7500.000,229.20,229.30,2500.000,509.000,228.90,229.10,32500.000,2500.000,229.10,229.35,13598.000,3799.000,50000.000,25000.000,228.802,229.202,229.077,229.405,-0.275,-0.184
2017-03-02 14:48:00,228.823,229.046,3884.000,47.000,228.75,228.80,2500.000,2500.000,229.05,229.10,716.000,105.000,228.70,228.85,5000.000,2500.000,229.00,229.15,11950.000,3353.000,15000.000,17500.000,228.655,228.984,228.958,229.229,-0.300,-0.194
2017-03-02 14:49:00,229.330,229.477,2772.000,1171.000,229.10,229.35,12500.000,5000.000,229.35,229.60,203.000,335.000,229.05,229.40,7500.000,5000.000,229.30,229.65,9233.000,3834.000,42500.000,37500.000,228.982,229.451,229.256,229.720,-0.250,-0.203
2017-03-02 14:50:00,229.248,229.439,4327.000,48.000,229.10,229.20,2500.000,7500.000,229.40,229.50,105.000,297.000,229.05,229.25,5000.000,2500.000,229.30,229.55,11777.000,1959.000,32500.000,35000.000,229.004,229.342,229.238,229.657,-0.300,-0.195
2017-03-02 14:51:00,229.566,229.756,2760.000,10.000,229.40,229.50,2500.000,5000.000,229.65,229.80,2521.000,60.000,229.35,229.55,7500.000,2500.000,229.60,229.85,14529.000,1745.000,22500.000,20000.000,229.294,229.668,229.539,229.931,-0.275,-0.160
2017-03-02 14:52:00,229.474,229.644,189.000,1749.000,229.45,229.50,5000.000,2500.000,229.60,229.70,310.000,569.000,229.40,229.55,7500.000,2500.000,229.55,229.75,3305.000,4944.000,25000.000,20000.000,229.314,229.584,229.500,229.850,-0.175,-0.142
2017-03-02 14:53:00,229.404,229.675,6539.000,181.000,229.30,229.40,2500.000,2500.000,229.60,229.75,304.000,100.000,229.25,229.45,10000.000,5000.000,229.55,229.80,13659.000,4241.000,22500.000,22500.000,229.229,229.511,229.506,229.900,-0.325,-0.118
2017-03-02 14:54:00,229.430,229.624,185.000,130.000,229.35,229.40,5000.000,7500.000,229.55,229.70,1727.000,151.000,229.30,229.45,2500.000,5000.000,229.50,229.75,9939.000,4431.000,20000.000,22500.000,229.231,229.520,229.463,229.783,-0.250,-0.097
2017-03-02 14:55:00,228.954,229.106,488.000,325.000,228.80,228.90,10000.000,2500.000,229.05,229.20,2874.000,3433.000,228.75,229.00,2500.000,2500.000,229.00,229.25,10871.000,5509.000,37500.000,25000.000,228.674,229.029,228.810,229.345,-0.275,-0.100
2017-03-02 14:56:00,228.633,228.648,115.000,130.000,228.50,228.60,2500.000,7500.000,228.70,228.90,209.000,254.000,228.45,228.65,2500.000,2500.000,228.65,228.95,4859.000,1557.000,15000.000,67500.000,228.390,228.708,228.533,228.994,-0.250,-0.134
2017-03-02 14:57:00,228.628,228.707,199.000,297.000,228.45,228.50,5000.000,5000.000,228.75,228.85,639.000,10.000,228.40,228.55,5000.000,10000.000,228.60,228.90,12250.000,1727.000,20000.000,35000.000,228.279,228.628,228.588,228.954,-0.325,-0.155
2017-03-02 14:58:00,228.582,228.733,2516.000,327.000,228.45,228.50,2500.000,2500.000,228.75,228.85,194.000,121.000,228.40,228.60,10000.000,5000.000,228.65,228.90,11626.000,3569.000,22500.000,35000.000,228.321,228.697,228.611,228.968,-0.325,-0.170
2017-03-02 14:59:00,228.489,228.577,159.000,116.000,228.40,228.45,2500.000,2500.000,228.60,228.75,3937.000,569.000,228.30,228.50,7500.000,5000.000,228.55,228.80,8771.000,2786.000,25000.000,52500.000,228.230,228.569,228.510,228.936,-0.250,-0.200
2017-03-02 15:00:00,228.471,228.639,922.000,208.000,228.35,228.40,12500.000,5000.000,228.60,228.80,2545.000,318.000,228.30,228.45,2500.000,2500.000,228.55,228.85,10397.000,2728.000,30000.000,37500.000,228.212,228.535,228.529,228.947,-0.325,-0.235
2017-03-02 15:01:00,228.819,229.004,253.000,134.000,228.75,228.80,7500.000,2500.000,229.00,229.20,2753.000,53.000,228.70,228.85,7500.000,5000.000,228.95,229.25,7846.000,3232.000,27500.000,30000.000,228.626,228.987,228.864,229.346,-0.325,-0.248
2017-03-02 15:02:00,229.024,229.204,2539.000,2650.000,228.90,229.00,2500.000,2500.000,229.25,229.30,711.000,188.000,228.85,229.05,7500.000,5000.000,229.15,229.35,10226.000,3853.000,25000.000,40000.000,228.810,229.049,229.095,229.469,-0.325,-0.254
2017-03-02 15:03:00,229.382,229.608,2678.000,585.000,229.20,229.40,50000.000,7500.000,229.50,229.70,218.000,2674.000,229.15,229.45,2500.000,5000.000,229.45,229.75,11028.000,6188.000,65000.000,30000.000,229.070,229.480,229.450,229.800,-0.300,-0.306
2017-03-02 15:04:00,229.373,229.615,2723.000,534.000,229.25,229.40,2500.000,5000.000,229.55,229.75,872.000,3762.000,229.20,229.45,7500.000,2500.000,229.50,229.80,9311.000,6881.000,27500.000,30000.000,229.128,229.480,229.445,229.867,-0.325,-0.329
2017-03-02 15:05:00,229.226,229.569,1342.000,152.000,229.25,229.30,5000.000,5000.000,229.50,229.65,3120.000,886.000,229.20,229.35,2500.000,2500.000,229.45,229.70,5881.000,7353.000,17500.000,15000.000,229.182,229.437,229.350,229.733,-0.300,-0.305
2017-03-02 15:06:00,229.300,229.550,746.000,65.000,229.30,229.35,2500.000,5000.000,229.55,229.70,2982.000,123.000,229.25,229.40,15000.000,5000.000,229.50,229.75,5430.000,5750.000,27500.000,30000.000,229.223,229.471,229.427,229.825,-0.300,-0.306
2017-03-02 15:07:00,229.232,229.441,80.000,243.000,229.25,229.30,2500.000,2500.000,229.45,229.60,71.000,38.000,229.20,229.35,2500.000,5000.000,229.40,229.70,5302.000,6775.000,15000.000,27500.000,229.143,229.456,229.325,229.805,-0.250,-0.322
2017-03-02 15:08:00,229.123,229.607,561.000,392.000,229.15,229.25,2500.000,5000.000,229.35,229.50,3226.000,1650.000,229.05,229.30,2500.000,5000.000,229.30,229.55,8181.000,10389.000,72500.000,22500.000,229.003,229.409,229.114,229.639,-0.225,-0.264
2017-03-02 15:09:00,228.965,229.323,133.000,817.000,229.00,229.10,5000.000,2500.000,229.15,229.30,100.000,1206.000,228.90,229.15,52500.000,5000.000,229.10,229.35,4077.000,9870.000,85000.000,17500.000,228.777,229.243,229.054,229.393,-0.175,-0.220
2017-03-02 15:10:00,229.064,229.285,71.000,46.000,228.95,229.00,2500.000,5000.000,229.15,229.30,2160.000,472.000,228.85,229.05,22500.000,7500.000,229.10,229.35,11303.000,2615.000,45000.000,22500.000,228.731,229.138,229.050,229.417,-0.250,-0.224
2017-03-02 15:11:00,228.763,229.018,1365.000,419.000,228.65,228.85,5000.000,7500.000,228.90,229.05,508.000,1188.000,228.60,228.90,5000.000,7500.000,228.85,229.10,9978.000,9669.000,27500.000,27500.000,228.513,228.968,228.791,229.155,-0.225,-0.223
2017-03-02 15:12:00,228.423,228.713,339.000,230.000,228.25,228.35,5000.000,12500.000,228.60,228.65,1206.000,84.000,228.20,228.40,2500.000,5000.000,228.50,228.70,15516.000,3621.000,40000.000,25000.000,228.102,228.495,228.403,228.710,-0.325,-0.204
2017-03-02 15:13:00,228.423,228.615,215.000,203.000,228.30,228.35,7500.000,7500.000,228.45,228.65,700.000,77.000,228.20,228.40,5000.000,7500.000,228.40,228.70,10397.000,2795.000,52500.000,32500.000,228.097,228.482,228.338,228.758,-0.225,-0.203
2017-03-02 15:14:00,228.155,228.294,185.000,129.000,228.05,228.10,2500.000,5000.000,228.15,228.35,1072.000,2184.000,228.00,228.15,10000.000,7500.000,228.10,228.40,5761.000,3311.000,37500.000,27500.000,227.886,228.184,228.037,228.464,-0.175,-0.208
2017-03-02 15:15:00,227.998,228.243,91.000,30.000,227.90,227.95,2500.000,2500.000,228.15,228.25,3041.000,206.000,227.85,228.00,10000.000,7500.000,228.10,228.30,9106.000,2507.000,42500.000,27500.000,227.784,228.100,228.009,228.364,-0.275,-0.190
2017-03-02 15:16:00,227.815,228.065,432.000,398.000,227.80,227.90,25000.000,5000.000,228.00,228.10,240.000,186.000,227.75,227.95,2500.000,15000.000,227.95,228.20,3498.000,5518.000,42500.000,35000.000,227.665,228.024,227.938,228.221,-0.200,-0.166
2017-03-02 15:17:00,227.895,228.091,73.000,297.000,227.85,227.90,2500.000,2500.000,228.05,228.15,1376.000,2628.000,227.80,227.95,5000.000,2500.000,228.00,228.20,5921.000,5183.000,20000.000,20000.000,227.732,227.995,227.900,228.250,-0.225,-0.158
2017-03-02 15:18:00,228.258,228.444,684.000,3.000,228.25,228.35,2500.000,5000.000,228.40,228.50,774.000,225.000,228.20,228.40,10000.000,2500.000,228.35,228.55,6238.000,7702.000,20000.000,20000.000,228.116,228.525,228.319,228.594,-0.150,-0.151
2017-03-02 15:19:00,228.341,228.506,842.000,15.000,228.20,228.40,7500.000,2500.000,228.40,228.55,578.000,60.000,228.15,228.45,2500.000,7500.000,228.35,228.60,8191.000,5375.000,25000.000,17500.000,228.071,228.546,228.300,228.636,-0.175,-0.156
2017-03-02 15:20:00,228.557,228.711,294.000,27.000,228.50,228.60,5000.000,5000.000,228.65,228.80,110.000,837.000,228.45,228.70,7500.000,2500.000,228.60,228.85,5406.000,6202.000,27500.000,27500.000,228.366,228.789,228.559,228.918,-0.175,-0.155
2017-03-02 15:21:00,228.786,228.915,5199.000,35.000,228.75,228.80,2500.000,2500.000,228.90,229.00,61.000,433.000,228.70,228.90,5000.000,12500.000,228.80,229.05,10064.000,5708.000,22500.000,27500.000,228.675,229.015,228.756,229.091,-0.175,-0.177
2017-03-02 15:22:00,228.664,228.821,875.000,47.000,228.65,228.80,5000.000,2500.000,228.75,228.90,268.000,458.000,228.60,228.85,5000.000,2500.000,228.70,228.95,7755.000,11495.000,25000.000,22500.000,228.505,228.975,228.665,229.011,-0.100,-0.233
2017-03-02 15:23:00,228.578,228.727,743.000,126.000,228.40,228.50,5000.000,10000.000,228.65,228.80,2500.000,75.000,228.35,228.55,2500.000,2500.000,228.60,228.85,7158.000,580.000,22500.000,27500.000,228.299,228.606,228.550,228.918,-0.275,-0.271
2017-03-02 15:24:00,228.587,228.775,2478.000,136.000,228.50,228.55,7500.000,5000.000,228.70,228.80,335.000,95.000,228.30,228.60,10000.000,7500.000,228.65,228.90,11709.000,2325.000,32500.000,27500.000,228.251,228.707,228.615,228.941,-0.225,-0.316
2017-03-02 15:25:00,228.649,228.800,1807.000,662.000,228.50,228.65,2500.000,2500.000,228.75,228.90,60.000,276.000,228.45,228.70,5000.000,2500.000,228.70,228.95,10152.000,5486.000,17500.000,20000.000,228.302,228.768,228.657,229.019,-0.250,-0.332
2017-03-02 15:26:00,228.474,228.712,2311.000,186.000,228.30,228.40,2500.000,10000.000,228.70,228.80,240.000,55.000,228.25,228.45,5000.000,2500.000,228.60,228.85,12576.000,1491.000,22500.000,30000.000,228.190,228.537,228.539,228.908,-0.400,-0.332
2017-03-02 15:27:00,228.491,228.928,109.000,1280.000,228.60,228.65,5000.000,7500.000,228.75,229.00,57.000,280.000,228.50,228.70,35000.000,12500.000,228.70,229.05,1436.000,5291.000,60000.000,35000.000,228.346,228.773,228.671,229.082,-0.250,-0.332
2017-03-02 15:28:00,228.434,228.777,250.000,17.000,228.50,228.60,30000.000,2500.000,228.70,228.80,4.000,98.000,228.40,228.65,5000.000,2500.000,228.65,228.85,1722.000,6236.000,55000.000,22500.000,228.292,228.707,228.639,228.928,-0.200,-0.332
2017-03-02 15:29:00,228.407,228.820,2550.000,8.000,228.30,228.40,2500.000,2500.000,228.80,228.85,2550.000,182.000,228.25,228.50,22500.000,2500.000,228.70,228.95,10151.000,3900.000,35000.000,27500.000,228.212,228.684,228.682,229.018,-0.475,-0.332
2017-03-02 15:30:00,228.677,228.904,455.000,304.000,228.35,228.80,20000.000,7500.000,228.70,229.05,100.000,2500.000,228.30,228.90,2500.000,2500.000,228.65,229.15,3156.000,3479.000,35000.000,22500.000,228.144,228.976,228.621,229.183,-0.300,-0.332
2017-03-03 09:16:00,228.199,228.377,2500.000,20.000,228.05,228.15,2500.000,2500.000,228.35,228.40,240.000,240.000,228.00,228.25,2500.000,2500.000,228.05,228.65,6035.000,980.000,15000.000,12500.000,227.991,228.354,228.025,228.660,-0.275,-0.101
2017-03-03 09:17:00,228.379,228.421,113.000,17.000,228.30,228.35,2500.000,5000.000,228.45,228.55,60.000,240.000,228.25,228.40,2500.000,5000.000,228.40,228.65,4561.000,2299.000,12500.000,22500.000,228.169,228.474,228.280,228.739,-0.175,-0.116
2017-03-03 09:18:00,228.507,228.623,310.000,20.000,228.40,228.50,5000.000,2500.000,228.55,228.70,794.000,290.000,228.35,228.60,5000.000,2500.000,228.50,228.75,6127.000,3958.000,17500.000,15000.000,228.262,228.718,228.457,228.875,-0.175,-0.132
2017-03-03 09:19:00,228.886,229.005,1570.000,480.000,228.65,228.95,22500.000,2500.000,228.90,229.05,3509.000,1622.000,228.60,229.00,2500.000,2500.000,228.80,229.20,11680.000,5140.000,35000.000,15000.000,228.551,229.065,228.782,229.308,-0.175,-0.152
2017-03-03 09:20:00,229.135,229.238,22.000,964.000,229.05,229.25,2500.000,5000.000,229.20,229.35,392.000,928.000,229.00,229.30,2500.000,2500.000,229.10,229.40,4163.000,5340.000,12500.000,17500.000,228.905,229.368,229.060,229.443,-0.125,-0.207
2017-03-03 09:21:00,228.850,228.977,10.000,640.000,228.80,228.95,2500.000,2500.000,228.95,229.10,60.000,2809.000,228.75,229.00,2500.000,2500.000,228.85,229.15,4123.000,6727.000,12500.000,15000.000,228.643,229.058,228.770,229.217,-0.150,-0.247
2017-03-03 09:22:00,229.265,229.382,118.000,10.000,229.10,229.20,5000.000,5000.000,229.35,229.50,3036.000,60.000,229.05,229.30,2500.000,5000.000,229.15,229.55,11133.000,3449.000,25000.000,22500.000,228.983,229.413,229.085,229.644,-0.275,-0.232
2017-03-03 09:23:00,229.697,229.890,91.000,500.000,229.60,229.65,7500.000,5000.000,229.80,230.00,3039.000,200.000,229.50,229.70,2500.000,2500.000,229.75,230.10,11516.000,3206.000,17500.000,20000.000,229.424,229.797,229.729,230.131,-0.275,-0.212
2017-03-03 09:24:00,229.658,229.880,680.000,72.000,229.55,229.65,5000.000,5000.000,229.75,229.90,411.000,717.000,229.50,229.70,5000.000,2500.000,229.70,229.95,8334.000,4028.000,30000.000,25000.000,229.416,229.802,229.629,230.030,-0.225,-0.205
2017-03-03 09:25:00,229.207,229.583,49.000,420.000,229.15,229.35,2500.000,2500.000,229.35,229.55,2718.000,1136.000,229.05,229.40,7500.000,5000.000,229.30,229.75,7506.000,8147.000,22500.000,15000.000,228.994,229.475,229.217,229.775,-0.200,-0.151
2017-03-03 09:26:00,229.226,229.553,2.000,8.000,229.15,229.25,5000.000,2500.000,229.35,229.55,718.000,354.000,229.05,229.30,5000.000,2500.000,229.30,229.65,8257.000,4123.000,22500.000,15000.000,228.983,229.405,229.222,229.767,-0.250,-0.105
2017-03-03 09:27:00,229.641,229.685,59.000,8.000,229.50,229.55,2500.000,2500.000,229.70,229.90,50.000,565.000,229.45,229.70,2500.000,2500.000,229.65,229.95,7299.000,4367.000,12500.000,30000.000,229.333,229.801,229.560,230.046,-0.275,-0.080
2017-03-03 09:28:00,229.382,229.473,513.000,8.000,229.30,229.35,2500.000,10000.000,229.45,229.65,223.000,739.000,229.25,229.50,2500.000,2500.000,229.40,229.70,4181.000,3852.000,12500.000,25000.000,229.143,229.599,229.290,229.755,-0.225,-0.080
2017-03-03 09:29:00,229.709,229.897,70.000,794.000,229.70,229.75,2500.000,2500.000,229.80,229.95,116.000,87.000,229.65,229.80,5000.000,10000.000,229.75,230.00,2451.000,3745.000,22500.000,25000.000,229.521,229.885,229.628,230.135,-0.150,-0.074
2017-03-03 09:30:00,229.806,229.912,380.000,87.000,229.65,229.80,5000.000,10000.000,229.85,230.00,670.000,435.000,229.60,229.85,5000.000,2500.000,229.75,230.10,11861.000,5422.000,17500.000,22500.000,229.494,229.972,229.700,230.133,-0.200,-0.086
2017-03-03 09:31:00,229.736,229.832,473.000,362.000,229.55,229.75,2500.000,5000.000,229.80,229.95,300.000,730.000,229.50,229.80,2500.000,2500.000,229.55,230.00,9774.000,4388.000,17500.000,17500.000,229.423,229.878,229.514,230.071,-0.225,-0.115
2017-03-03 09:32:00,229.635,229.555,33.000,8.000,229.55,229.60,5000.000,5000.000,229.55,229.80,303.000,155.000,229.50,229.65,2500.000,2500.000,229.35,229.85,2983.000,1196.000,20000.000,27500.000,229.293,229.761,229.338,229.923,-0.100,-0.154
2017-03-03 09:33:00,229.967,230.059,10.000,169.000,230.00,230.15,5000.000,2500.000,230.00,230.25,392.000,4988.000,229.95,230.20,2500.000,2500.000,229.95,230.30,1687.000,8955.000,22500.000,20000.000,229.866,230.242,229.767,230.369,-0.050,-0.167
2017-03-03 09:34:00,229.714,229.870,16.000,570.000,229.70,229.90,2500.000,7500.000,229.80,229.95,389.000,277.000,229.65,229.95,2500.000,5000.000,229.70,230.00,6438.000,14805.000,17500.000,20000.000,229.536,230.039,229.600,230.019,-0.075,-0.151
2017-03-03 09:35:00,229.460,229.629,478.000,428.000,229.55,229.75,2500.000,10000.000,229.55,229.80,930.000,503.000,229.50,229.80,2500.000,5000.000,229.40,229.85,2947.000,8836.000,20000.000,27500.000,229.431,229.923,229.325,229.882,-0.025,-0.148
2017-03-03 09:36:00,229.746,229.982,406.000,8.000,229.75,229.80,5000.000,2500.000,229.90,230.05,934.000,22.000,229.70,229.85,2500.000,5000.000,229.75,230.25,5624.000,8334.000,17500.000,17500.000,229.610,230.005,229.729,230.286,-0.200,-0.158
2017-03-03 09:37:00,229.997,230.113,334.000,22.000,229.90,229.95,2500.000,2500.000,230.15,230.20,339.000,6424.000,229.85,230.00,2500.000,2500.000,230.10,230.25,13780.000,10310.000,12500.000,17500.000,229.750,230.049,229.990,230.357,-0.250,-0.156
2017-03-03 09:38:00,229.846,230.004,1103.000,1.000,229.70,229.85,2500.000,5000.000,230.00,230.10,3838.000,7001.000,229.65,230.00,2500.000,5000.000,229.85,230.20,13942.000,11299.000,15000.000,20000.000,229.573,230.042,229.800,230.231,-0.275,-0.146
2017-03-03 09:39:00,229.848,229.923,755.000,571.000,229.70,229.90,2500.000,5000.000,229.85,230.00,50.000,370.000,229.65,229.95,2500.000,7500.000,229.80,230.05,7956.000,6911.000,17500.000,20000.000,229.534,230.003,229.721,230.075,-0.125,-0.162
2017-03-03 09:40:00,229.724,229.879,84.000,43.000,229.60,229.70,2500.000,5000.000,229.75,229.95,110.000,231.000,229.55,229.80,2500.000,2500.000,229.70,230.00,5281.000,3850.000,17500.000,17500.000,229.420,229.905,229.636,230.079,-0.200,-0.152
2017-03-03 09:41:00,229.361,229.650,419.000,6.000,229.40,229.50,2500.000,2500.000,229.50,229.60,50.000,1226.000,229.35,229.60,2500.000,2500.000,229.40,229.80,4778.000,11292.000,17500.000,12500.000,229.261,229.726,229.329,229.820,-0.100,-0.110
2017-03-03 09:42:00,229.372,229.477,68.000,4.000,229.50,229.55,5000.000,2500.000,229.40,229.60,100.000,709.000,229.45,229.65,2500.000,2500.000,229.35,229.75,821.000,12659.000,20000.000,30000.000,229.364,229.751,229.294,229.883,0.025,-0.122
2017-03-03 09:43:00,229.574,229.682,66.000,101.000,229.65,229.80,2500.000,2500.000,229.70,229.80,1349.000,1392.000,229.60,229.85,2500.000,2500.000,229.60,229.95,4686.000,17644.000,15000.000,27500.000,229.537,229.966,229.500,230.000,-0.025,-0.115
2017-03-03 09:44:00,229.521,229.673,158.000,475.000,229.65,229.80,2500.000,2500.000,229.60,229.80,110.000,32.000,229.60,229.85,5000.000,2500.000,229.55,229.85,1719.000,17042.000,25000.000,35000.000,229.508,229.972,229.500,229.979,0.025,-0.144
2017-03-03 09:45:00,229.416,229.523,23.000,688.000,229.30,229.40,5000.000,2500.000,229.40,229.65,128.000,50.000,229.25,229.45,2500.000,7500.000,229.30,229.70,2191.000,1579.000,20000.000,17500.000,229.133,229.494,229.269,229.736,-0.175,-0.154
2017-03-03 09:46:00,229.389,229.469,3.000,6.000,229.25,229.35,2500.000,2500.000,229.40,229.55,302.000,431.000,229.20,229.40,2500.000,2500.000,229.30,229.60,5692.000,2549.000,17500.000,15000.000,229.075,229.514,229.250,229.658,-0.175,-0.165
2017-03-03 09:47:00,229.222,229.384,507.000,6.000,229.15,229.20,7500.000,5000.000,229.15,229.40,470.000,91.000,229.10,229.25,10000.000,2500.000,229.10,229.45,3094.000,1031.000,60000.000,20000.000,229.046,229.374,229.029,229.500,-0.100,-0.172
2017-03-03 09:48:00,228.503,228.577,380.000,50.000,228.40,228.60,2500.000,7500.000,228.50,228.75,250.000,516.000,228.35,228.65,2500.000,2500.000,228.45,228.80,2880.000,2699.000,12500.000,20000.000,228.270,228.738,228.370,228.844,-0.125,-0.194
2017-03-03 09:49:00,228.220,228.518,85.000,100.000,228.35,228.45,7500.000,2500.000,228.30,228.45,188.000,949.000,228.30,228.50,5000.000,2500.000,228.25,228.60,786.000,11650.000,27500.000,15000.000,228.223,228.604,228.195,228.683,0.025,-0.153
2017-03-03 09:50:00,228.663,228.819,430.000,370.000,228.55,228.70,5000.000,2500.000,228.65,228.85,420.000,370.000,228.50,228.75,5000.000,12500.000,228.60,229.00,4710.000,3241.000,20000.000,25000.000,228.432,228.812,228.556,229.130,-0.125,-0.129
2017-03-03 09:51:00,228.327,228.464,60.000,6.000,228.20,228.30,2500.000,5000.000,228.30,228.50,268.000,420.000,228.15,228.35,2500.000,7500.000,228.25,228.55,9828.000,4829.000,22500.000,22500.000,228.025,228.473,228.156,228.594,-0.150,-0.133
2017-03-03 09:52:00,229.061,229.259,775.000,10.000,228.95,229.05,10000.000,2500.000,229.10,229.35,50.000,448.000,228.90,229.15,2500.000,5000.000,229.05,229.40,5419.000,3784.000,22500.000,20000.000,228.809,229.236,229.022,229.475,-0.225,-0.111
2017-03-03 09:53:00,228.652,228.837,954.000,25.000,228.55,228.70,2500.000,2500.000,228.70,228.90,859.000,430.000,228.50,228.75,2500.000,5000.000,228.65,228.95,6088.000,3837.000,20000.000,17500.000,228.435,228.855,228.588,229.007,-0.175,-0.127
2017-03-03 09:54:00,228.651,228.740,833.000,17.000,228.50,228.70,2500.000,2500.000,228.65,228.85,198.000,448.000,228.45,228.75,5000.000,5000.000,228.60,228.90,6560.000,3746.000,17500.000,20000.000,228.372,228.857,228.557,228.975,-0.150,-0.150
2017-03-03 09:55:00,228.636,228.674,897.000,250.000,228.45,228.65,2500.000,5000.000,228.55,228.75,200.000,322.000,228.40,228.70,2500.000,5000.000,228.50,228.80,6615.000,3333.000,22500.000,20000.000,228.296,228.799,228.428,228.863,-0.100,-0.184
2017-03-03 09:56:00,228.513,228.670,1083.000,15.000,228.40,228.55,5000.000,5000.000,228.55,228.75,389.000,120.000,228.35,228.60,5000.000,2500.000,228.45,228.80,7073.000,3844.000,20000.000,17500.000,228.277,228.732,228.406,228.921,-0.175,-0.179
2017-03-03 09:57:00,228.696,228.782,462.000,5.000,228.55,228.60,2500.000,2500.000,228.70,228.85,370.000,2.000,228.50,228.65,2500.000,2500.000,228.65,228.90,6869.000,909.000,17500.000,17500.000,228.412,228.769,228.600,228.979,-0.200,-0.195
2017-03-03 09:58:00,228.397,228.661,58.000,94.000,228.40,228.55,5000.000,5000.000,228.50,228.75,207.000,322.000,228.35,228.60,5000.000,7500.000,228.45,228.80,3975.000,7218.000,25000.000,22500.000,228.221,228.736,228.390,228.856,-0.150,-0.169
2017-03-03 09:59:00,228.414,228.619,133.000,78.000,228.45,228.55,2500.000,5000.000,228.55,228.70,235.000,638.000,228.40,228.60,5000.000,5000.000,228.50,228.75,3587.000,8204.000,15000.000,17500.000,228.272,228.724,228.458,228.779,-0.125,-0.161
2017-03-03 10:00:00,228.400,228.608,32.000,556.000,228.30,228.50,2500.000,2500.000,228.45,228.65,144.000,623.000,228.25,228.55,5000.000,2500.000,228.40,228.70,4001.000,4575.000,17500.000,12500.000,228.154,228.615,228.350,228.790,-0.150,-0.141
2017-03-03 10:01:00,228.410,228.540,147.000,10.000,228.25,228.30,5000.000,7500.000,228.40,228.60,420.000,104.000,228.20,228.35,7500.000,2500.000,228.35,228.75,5232.000,473.000,25000.000,25000.000,228.113,228.439,228.315,228.840,-0.225,-0.143
2017-03-03 10:02:00,228.206,228.371,550.000,5.000,228.05,228.10,5000.000,5000.000,228.20,228.40,1884.000,505.000,228.00,228.20,5000.000,2500.000,228.15,228.45,11908.000,2601.000,32500.000,15000.000,227.872,228.315,228.085,228.508,-0.225,-0.146
2017-03-03 10:03:00,227.738,227.873,100.000,2136.000,227.55,227.75,2500.000,2500.000,227.75,227.90,911.000,497.000,227.50,227.80,2500.000,2500.000,227.70,227.95,12472.000,7200.000,17500.000,15000.000,227.395,227.849,227.636,228.050,-0.175,-0.154
2017-03-03 10:04:00,227.934,228.100,3644.000,397.000,227.75,227.95,2500.000,5000.000,228.05,228.15,444.000,939.000,227.70,228.00,5000.000,5000.000,227.95,228.20,13571.000,4608.000,20000.000,20000.000,227.658,228.084,227.912,228.256,-0.250,-0.199
2017-03-03 10:05:00,227.809,227.919,2000.000,99.000,227.70,227.75,2500.000,10000.000,227.85,228.00,3727.000,364.000,227.60,227.85,5000.000,2500.000,227.80,228.05,18652.000,6282.000,17500.000,22500.000,227.531,227.966,227.743,228.078,-0.200,-0.239
2017-03-03 10:06:00,227.833,227.970,2419.000,4.000,227.70,227.75,2500.000,7500.000,227.90,228.00,100.000,10.000,227.65,227.80,2500.000,2500.000,227.85,228.05,15510.000,2774.000,17500.000,20000.000,227.560,227.933,227.779,228.100,-0.225,-0.242
2017-03-03 10:07:00,227.603,227.784,21.000,2257.000,227.45,227.50,5000.000,5000.000,227.55,227.75,813.000,34.000,227.40,227.55,2500.000,7500.000,227.50,227.80,7682.000,3082.000,72500.000,20000.000,227.271,227.537,227.276,227.825,-0.175,-0.224
2017-03-03 10:08:00,227.396,227.573,8.000,31.000,227.30,227.35,2500.000,2500.000,227.50,227.60,2500.000,534.000,227.25,227.40,5000.000,2500.000,227.45,227.65,11973.000,4493.000,17500.000,15000.000,227.161,227.505,227.400,227.717,-0.225,-0.208
2017-03-03 10:09:00,227.293,227.685,118.000,216.000,227.25,227.35,5000.000,2500.000,227.40,227.60,74.000,954.000,227.20,227.40,5000.000,2500.000,227.35,227.65,5277.000,6158.000,75000.000,15000.000,227.088,227.494,227.268,227.717,-0.200,-0.164
2017-03-03 10:10:00,227.444,227.750,3.000,739.000,227.25,227.40,2500.000,2500.000,227.45,227.65,179.000,192.000,227.20,227.45,7500.000,7500.000,227.40,227.70,11269.000,4246.000,75000.000,20000.000,227.085,227.526,227.283,227.769,-0.225,-0.118
2017-03-03 10:11:00,227.233,227.384,18.000,2078.000,227.10,227.25,2500.000,2500.000,227.30,227.45,520.000,301.000,227.05,227.30,12500.000,5000.000,227.25,227.50,12010.000,7918.000,22500.000,17500.000,226.953,227.366,227.217,227.543,-0.200,-0.126
2017-03-03 10:12:00,227.567,227.662,58.000,349.000,227.55,227.65,5000.000,2500.000,227.55,227.75,20.000,339.000,227.45,227.70,7500.000,5000.000,227.50,227.80,5974.000,8842.000,22500.000,17500.000,227.259,227.764,227.472,227.850,-0.050,-0.127
2017-03-03 10:13:00,227.568,227.663,257.000,72.000,227.50,227.60,2500.000,2500.000,227.65,227.75,388.000,258.000,227.45,227.70,2500.000,2500.000,227.55,227.80,5870.000,6029.000,17500.000,20000.000,227.367,227.788,227.507,227.925,-0.150,-0.136
2017-03-03 10:14:00,227.437,227.610,463.000,2266.000,227.35,227.55,2500.000,2500.000,227.50,227.65,463.000,481.000,227.30,227.60,5000.000,5000.000,227.40,227.70,8754.000,9925.000,27500.000,22500.000,227.212,227.684,227.314,227.756,-0.125,-0.152
2017-03-03 10:15:00,227.650,227.724,604.000,150.000,227.45,227.55,2500.000,2500.000,227.65,227.80,1147.000,169.000,227.40,227.60,5000.000,5000.000,227.55,227.85,14073.000,3861.000,22500.000,20000.000,227.301,227.736,227.506,227.938,-0.225,-0.158
2017-03-03 10:16:00,227.510,227.702,138.000,8.000,227.45,227.50,2500.000,2500.000,227.55,227.70,50.000,834.000,227.35,227.55,2500.000,5000.000,227.50,227.75,6063.000,3562.000,32500.000,22500.000,227.251,227.628,227.362,227.894,-0.150,-0.159
2017-03-03 10:17:00,227.496,227.596,100.000,33.000,227.45,227.50,2500.000,2500.000,227.50,227.65,18.000,568.000,227.40,227.55,5000.000,5000.000,227.45,227.70,4475.000,3699.000,17500.000,15000.000,227.220,227.637,227.407,227.758,-0.100,-0.191
2017-03-03 10:18:00,227.526,227.664,269.000,10.000,227.45,227.50,5000.000,2500.000,227.45,227.65,153.000,655.000,227.40,227.55,5000.000,2500.000,227.40,227.70,2502.000,1787.000,35000.000,17500.000,227.284,227.621,227.321,227.764,-0.075,-0.197
2017-03-03 10:19:00,227.376,227.630,174.000,674.000,227.40,227.55,2500.000,5000.000,227.45,227.55,50.000,1009.000,227.30,227.60,2500.000,5000.000,227.40,227.60,6096.000,11547.000,32500.000,22500.000,227.200,227.699,227.296,227.700,-0.025,-0.201
2017-03-03 10:20:00,227.489,227.595,176.000,19.000,227.40,227.45,5000.000,2500.000,227.45,227.65,414.000,22.000,227.35,227.50,7500.000,5000.000,227.40,227.70,2617.000,859.000,35000.000,20000.000,227.275,227.624,227.318,227.800,-0.125,-0.222
2017-03-03 10:21:00,227.393,227.592,78.000,138.000,227.50,227.55,5000.000,2500.000,227.55,227.65,22.000,12.000,227.45,227.60,10000.000,5000.000,227.45,227.70,1824.000,7204.000,25000.000,20000.000,227.353,227.734,227.435,227.756,-0.075,-0.202
2017-03-03 10:22:00,227.481,227.741,37.000,164.000,227.50,227.55,2500.000,5000.000,227.60,227.70,82.000,12.000,227.45,227.60,12500.000,2500.000,227.45,227.75,4860.000,7035.000,42500.000,15000.000,227.330,227.733,227.356,227.800,-0.125,-0.206
2017-03-03 10:23:00,227.561,227.729,334.000,79.000,227.50,227.55,2500.000,5000.000,227.60,227.80,375.000,12.000,227.45,227.60,7500.000,2500.000,227.55,227.85,5133.000,2981.000,22500.000,20000.000,227.344,227.739,227.506,227.931,-0.175,-0.182
2017-03-03 10:24:00,227.619,227.891,13.000,625.000,227.60,227.80,2500.000,7500.000,227.70,227.90,141.000,450.000,227.55,227.85,5000.000,7500.000,227.65,227.95,4365.000,8583.000,30000.000,27500.000,227.422,227.964,227.575,228.036,-0.100,-0.154
2017-03-03 10:25:00,227.657,227.868,248.000,160.000,227.65,227.75,2500.000,7500.000,227.70,227.90,167.000,378.000,227.60,227.80,7500.000,5000.000,227.65,227.95,2203.000,3044.000,27500.000,20000.000,227.517,227.907,227.586,227.988,-0.100,-0.137
2017-03-03 10:26:00,227.801,227.897,505.000,5.000,227.65,227.75,5000.000,2500.000,227.75,227.90,99.000,150.000,227.60,227.80,5000.000,5000.000,227.70,227.95,7422.000,2376.000,27500.000,17500.000,227.493,227.933,227.636,228.007,-0.125,-0.151
2017-03-03 10:27:00,227.606,227.886,108.000,361.000,227.75,227.80,2500.000,2500.000,227.75,227.90,21.000,311.000,227.70,227.85,5000.000,7500.000,227.70,227.95,720.000,8491.000,25000.000,20000.000,227.608,227.972,227.625,228.000,-0.050,-0.124
2017-03-03 10:28:00,227.579,227.631,18.000,181.000,227.60,227.65,5000.000,2500.000,227.55,227.65,22.000,3645.000,227.55,227.75,5000.000,2500.000,227.50,227.70,3110.000,11128.000,27500.000,17500.000,227.461,227.792,227.450,227.757,0.025,-0.135
2017-03-03 10:29:00,227.507,227.638,66.000,61.000,227.55,227.65,2500.000,2500.000,227.55,227.70,1250.000,653.000,227.50,227.75,2500.000,10000.000,227.50,227.75,2481.000,8355.000,20000.000,22500.000,227.444,227.831,227.444,227.800,-0.025,-0.110
2017-03-03 10:30:00,227.562,227.688,372.000,57.000,227.60,227.65,2500.000,2500.000,227.60,227.70,77.000,337.000,227.55,227.75,10000.000,7500.000,227.55,227.75,3067.000,8035.000,32500.000,20000.000,227.479,227.834,227.500,227.794,-0.025,-0.089
2017-03-03 10:31:00,227.444,227.609,90.000,6.000,227.55,227.60,5000.000,2500.000,227.45,227.60,1173.000,50.000,227.50,227.65,10000.000,5000.000,227.40,227.65,2134.000,10470.000,37500.000,20000.000,227.450,227.759,227.327,227.706,0.050,-0.085
2017-03-03 10:32:00,227.439,227.587,992.000,80.000,227.50,227.55,7500.000,2500.000,227.45,227.60,63.000,10.000,227.45,227.65,10000.000,7500.000,227.40,227.65,3695.000,9358.000,40000.000,27500.000,227.391,227.762,227.338,227.709,0.000,-0.085
2017-03-03 10:33:00,227.443,227.548,875.000,11.000,227.50,227.60,2500.000,2500.000,227.45,227.55,63.000,348.000,227.45,227.65,10000.000,2500.000,227.40,227.60,3570.000,11271.000,37500.000,22500.000,227.388,227.743,227.323,227.667,0.050,-0.107
2017-03-03 10:34:00,227.582,227.588,270.000,10.000,227.60,227.70,2500.000,5000.000,227.45,227.60,13.000,3167.000,227.55,227.75,12500.000,7500.000,227.40,227.65,2431.000,7274.000,37500.000,27500.000,227.478,227.798,227.330,227.714,0.125,-0.146
2017-03-03 10:35:00,227.602,227.623,4.000,582.000,227.65,227.70,2500.000,2500.000,227.45,227.60,162.000,3154.000,227.60,227.75,10000.000,7500.000,227.40,227.65,1293.000,7494.000,35000.000,20000.000,227.502,227.790,227.321,227.700,0.150,-0.180
2017-03-03 10:36:00,227.540,227.688,218.000,5.000,227.60,227.65,7500.000,5000.000,227.50,227.70,377.000,417.000,227.55,227.70,5000.000,7500.000,227.45,227.75,2918.000,6020.000,30000.000,20000.000,227.477,227.823,227.417,227.838,0.025,-0.181
2017-03-03 10:37:00,227.558,227.703,1557.000,5.000,227.50,227.55,5000.000,2500.000,227.55,227.70,486.000,52.000,227.45,227.60,2500.000,5000.000,227.50,227.75,4971.000,2295.000,27500.000,17500.000,227.412,227.778,227.436,227.829,-0.100,-0.166
2017-03-03 10:38:00,227.466,227.681,620.000,2.000,227.50,227.55,2500.000,2500.000,227.50,227.70,389.000,9.000,227.45,227.60,5000.000,7500.000,227.45,227.75,2679.000,4376.000,27500.000,17500.000,227.403,227.764,227.395,227.814,-0.075,-0.151
2017-03-03 10:39:00,227.490,227.692,652.000,9.000,227.50,227.60,5000.000,2500.000,227.55,227.70,891.000,783.000,227.45,227.70,5000.000,5000.000,227.50,227.75,3223.000,5827.000,30000.000,15000.000,227.416,227.789,227.442,227.792,-0.075,-0.151
2017-03-03 10:40:00,227.499,227.693,994.000,3.000,227.50,227.60,10000.000,5000.000,227.55,227.75,587.000,150.000,227.45,227.65,7500.000,5000.000,227.50,227.80,3581.000,4092.000,32500.000,20000.000,227.412,227.766,227.469,227.831,-0.100,-0.148
2017-03-03 10:41:00,227.647,227.797,98.000,2.000,227.55,227.60,2500.000,2500.000,227.70,227.85,494.000,159.000,227.50,227.65,2500.000,7500.000,227.65,227.90,6224.000,2321.000,17500.000,20000.000,227.402,227.776,227.586,227.956,-0.200,-0.150
2017-03-03 10:42:00,227.793,227.866,126.000,10.000,227.60,227.65,5000.000,5000.000,227.80,227.90,469.000,277.000,227.55,227.80,2500.000,7500.000,227.75,227.95,13669.000,4408.000,20000.000,20000.000,227.444,227.906,227.694,227.975,-0.225,-0.134
2017-03-03 10:43:00,227.755,227.890,459.000,1.000,227.55,227.60,5000.000,2500.000,227.80,227.90,4776.000,129.000,227.50,227.75,2500.000,7500.000,227.75,227.95,17626.000,3527.000,20000.000,17500.000,227.421,227.853,227.694,228.007,-0.275,-0.144
2017-03-03 10:44:00,227.577,227.781,23.000,730.000,227.55,227.65,2500.000,2500.000,227.70,227.80,103.000,304.000,227.50,227.70,2500.000,2500.000,227.65,227.85,5474.000,9036.000,22500.000,22500.000,227.384,227.769,227.572,227.911,-0.150,-0.137
2017-03-03 10:45:00,227.710,227.887,250.000,410.000,227.75,227.80,2500.000,2500.000,227.80,227.90,847.000,1370.000,227.65,227.85,7500.000,2500.000,227.75,227.95,5122.000,8673.000,22500.000,17500.000,227.541,227.942,227.700,228.021,-0.075,-0.141
2017-03-03 10:46:00,228.016,228.175,329.000,5.000,228.20,228.25,5000.000,2500.000,228.10,228.25,269.000,1372.000,228.05,228.30,5000.000,2500.000,228.05,228.35,1301.000,8667.000,17500.000,17500.000,228.023,228.385,228.007,228.486,0.050,-0.111
2017-03-03 10:47:00,228.232,228.226,18.000,5.000,228.10,228.15,7500.000,5000.000,228.15,228.30,414.000,449.000,228.05,228.20,2500.000,7500.000,228.10,228.35,4130.000,888.000,20000.000,22500.000,227.965,228.265,228.075,228.417,-0.100,-0.129
2017-03-03 10:48:00,228.062,228.247,280.000,1.000,228.10,228.15,2500.000,2500.000,228.15,228.30,381.000,207.000,228.05,228.30,5000.000,7500.000,228.10,228.35,2951.000,5921.000,20000.000,20000.000,227.980,228.437,228.050,228.431,-0.100,-0.128
2017-03-03 10:49:00,228.041,228.210,54.000,405.000,228.10,228.25,5000.000,7500.000,228.15,228.30,447.000,200.000,228.05,228.30,2500.000,2500.000,228.05,228.35,2319.000,7765.000,17500.000,20000.000,227.981,228.408,228.014,228.450,-0.050,-0.132
2017-03-03 10:50:00,227.813,228.013,17.000,581.000,228.00,228.05,2500.000,10000.000,227.90,228.10,114.000,558.000,227.90,228.10,2500.000,2500.000,227.85,228.15,1941.000,9665.000,15000.000,22500.000,227.755,228.223,227.783,228.206,0.025,-0.117
2017-03-03 10:51:00,227.979,227.987,480.000,7.000,227.75,227.90,2500.000,12500.000,227.85,228.05,981.000,389.000,227.70,227.95,2500.000,5000.000,227.80,228.10,8181.000,1550.000,25000.000,32500.000,227.607,228.008,227.695,228.150,-0.125,-0.147
2017-03-03 10:52:00,227.811,227.893,139.000,587.000,227.85,227.90,7500.000,10000.000,227.75,228.00,21.000,79.000,227.80,227.95,2500.000,5000.000,227.70,228.05,2295.000,5449.000,25000.000,27500.000,227.753,228.018,227.650,228.100,0.000,-0.164
2017-03-03 10:53:00,227.849,228.031,216.000,16.000,227.85,227.95,2500.000,2500.000,227.90,228.05,52.000,98.000,227.80,228.00,2500.000,2500.000,227.85,228.10,3637.000,4499.000,27500.000,17500.000,227.724,228.135,227.745,228.186,-0.075,-0.161
2017-03-03 10:54:00,227.777,227.966,20.000,446.000,227.90,227.95,2500.000,5000.000,227.85,228.00,111.000,398.000,227.80,228.00,2500.000,5000.000,227.80,228.05,2458.000,8127.000,20000.000,20000.000,227.741,228.111,227.750,228.144,0.000,-0.150
2017-03-03 10:55:00,227.972,228.097,29.000,7.000,227.95,228.00,2500.000,2500.000,228.00,228.15,1304.000,172.000,227.90,228.10,7500.000,5000.000,227.90,228.20,5713.000,7382.000,27500.000,17500.000,227.797,228.207,227.823,228.271,-0.100,-0.162
2017-03-03 10:56:00,227.822,227.977,18.000,376.000,227.85,227.95,2500.000,2500.000,227.90,228.05,73.000,1490.000,227.80,228.00,5000.000,10000.000,227.80,228.10,2507.000,5474.000,27500.000,22500.000,227.737,228.088,227.736,228.161,-0.075,-0.177
2017-03-03 10:57:00,227.755,227.922,20.000,8.000,227.75,227.80,2500.000,2500.000,227.80,227.95,506.000,50.000,227.65,227.85,5000.000,7500.000,227.75,228.00,6680.000,6201.000,20000.000,20000.000,227.521,227.986,227.688,228.113,-0.100,-0.173
2017-03-03 10:58:00,227.633,227.800,862.000,790.000,227.50,227.70,2500.000,2500.000,227.65,227.80,541.000,45.000,227.45,227.75,7500.000,5000.000,227.60,227.85,4776.000,3423.000,27500.000,15000.000,227.392,227.810,227.545,227.917,-0.125,-0.175
2017-03-03 10:59:00,227.642,227.778,20.000,795.000,227.50,227.60,2500.000,5000.000,227.65,227.75,402.000,224.000,227.40,227.65,2500.000,7500.000,227.55,227.80,11142.000,4595.000,22500.000,22500.000,227.281,227.724,227.483,227.922,-0.150,-0.179
2017-03-03 11:00:00,227.608,227.792,421.000,25.000,227.40,227.50,5000.000,2500.000,227.60,227.80,511.000,26.000,227.35,227.55,5000.000,2500.000,227.55,227.85,14359.000,2049.000,27500.000,17500.000,227.240,227.660,227.505,228.050,-0.250,-0.177
2017-03-03 11:01:00,227.280,227.509,821.000,376.000,227.25,227.30,2500.000,2500.000,227.40,227.55,6.000,766.000,227.20,227.35,2500.000,5000.000,227.35,227.60,6289.000,6155.000,30000.000,25000.000,227.099,227.445,227.267,227.650,-0.200,-0.165
2017-03-03 11:02:00,227.508,227.655,40.000,6.000,227.40,227.45,2500.000,10000.000,227.50,227.70,665.000,436.000,227.35,227.55,5000.000,5000.000,227.45,227.75,4974.000,3134.000,25000.000,27500.000,227.234,227.642,227.395,227.845,-0.175,-0.178
2017-03-03 11:03:00,227.457,227.636,856.000,20.000,227.40,227.55,7500.000,5000.000,227.55,227.70,673.000,980.000,227.35,227.60,7500.000,5000.000,227.50,227.75,8785.000,8929.000,30000.000,25000.000,227.268,227.713,227.471,227.865,-0.150,-0.175
2017-03-03 11:04:00,227.517,227.673,3956.000,574.000,227.40,227.60,2500.000,2500.000,227.55,227.70,220.000,544.000,227.35,227.65,5000.000,2500.000,227.50,227.75,11147.000,8105.000,22500.000,15000.000,227.301,227.732,227.439,227.808,-0.125,-0.183
2017-03-03 11:05:00,227.465,227.640,2442.000,119.000,227.40,227.55,2500.000,5000.000,227.55,227.70,241.000,569.000,227.35,227.60,5000.000,5000.000,227.50,227.75,9827.000,8175.000,25000.000,27500.000,227.287,227.724,227.435,227.882,-0.150,-0.177
2017-03-03 11:06:00,227.438,227.607,370.000,3.000,227.30,227.40,15000.000,5000.000,227.40,227.65,205.000,570.000,227.25,227.45,2500.000,5000.000,227.35,227.70,5544.000,2537.000,37500.000,20000.000,227.140,227.529,227.313,227.775,-0.175,-0.190
2017-03-03 11:07:00,227.388,227.597,101.000,12.000,227.30,227.35,2500.000,5000.000,227.40,227.60,199.000,13.000,227.25,227.40,5000.000,2500.000,227.35,227.65,4606.000,2294.000,32500.000,15000.000,227.125,227.538,227.281,227.692,-0.175,-0.178
2017-03-03 11:08:00,227.469,227.632,7.000,28.000,227.35,227.45,5000.000,2500.000,227.45,227.60,323.000,111.000,227.30,227.50,7500.000,5000.000,227.40,227.70,5601.000,3491.000,35000.000,20000.000,227.173,227.585,227.332,227.806,-0.125,-0.191
2017-03-03 11:09:00,227.463,227.662,18.000,10.000,227.40,227.50,7500.000,7500.000,227.45,227.70,400.000,430.000,227.35,227.55,10000.000,2500.000,227.40,227.75,1601.000,1354.000,37500.000,22500.000,227.265,227.640,227.347,227.850,-0.125,-0.185
2017-03-03 11:10:00,227.498,227.640,66.000,30.000,227.45,227.50,2500.000,2500.000,227.55,227.70,78.000,50.000,227.40,227.60,2500.000,5000.000,227.50,227.75,5638.000,5578.000,17500.000,20000.000,227.269,227.737,227.436,227.875,-0.150,-0.196
2017-03-03 11:11:00,227.333,227.567,198.000,17.000,227.40,227.45,5000.000,5000.000,227.40,227.60,93.000,138.000,227.35,227.50,2500.000,5000.000,227.35,227.65,1214.000,3409.000,27500.000,17500.000,227.275,227.604,227.291,227.700,-0.075,-0.186
2017-03-03 11:12:00,227.359,227.510,120.000,3.000,227.35,227.40,5000.000,2500.000,227.40,227.55,203.000,60.000,227.30,227.45,5000.000,5000.000,227.30,227.60,2701.000,2896.000,32500.000,17500.000,227.189,227.580,227.246,227.693,-0.100,-0.201
2017-03-03 11:13:00,227.383,227.611,194.000,590.000,227.35,227.50,7500.000,2500.000,227.40,227.60,238.000,215.000,227.30,227.55,2500.000,5000.000,227.35,227.65,3133.000,5583.000,30000.000,15000.000,227.196,227.620,227.300,227.742,-0.075,-0.191
2017-03-03 11:14:00,227.482,227.650,933.000,588.000,227.35,227.50,5000.000,7500.000,227.45,227.65,238.000,2.000,227.30,227.55,5000.000,2500.000,227.40,227.70,7200.000,4774.000,27500.000,17500.000,227.197,227.625,227.327,227.743,-0.125,-0.169
2017-03-03 11:15:00,227.415,227.617,734.000,544.000,227.35,227.50,5000.000,2500.000,227.45,227.55,278.000,525.000,227.30,227.55,5000.000,5000.000,227.40,227.65,6552.000,8008.000,27500.000,17500.000,227.189,227.636,227.327,227.707,-0.075,-0.143
2017-03-03 11:16:00,227.282,227.466,156.000,4.000,227.30,227.35,2500.000,2500.000,227.35,227.45,377.000,978.000,227.25,227.40,17500.000,2500.000,227.25,227.50,3104.000,4825.000,35000.000,12500.000,227.166,227.497,227.207,227.580,-0.075,-0.124
2017-03-03 11:17:00,227.281,227.502,521.000,814.000,227.35,227.40,7500.000,2500.000,227.35,227.45,75.000,60.000,227.30,227.45,2500.000,2500.000,227.30,227.60,2935.000,9171.000,32500.000,17500.000,227.210,227.552,227.258,227.657,-0.025,-0.105
2017-03-03 11:18:00,227.364,227.546,475.000,1220.000,227.35,227.45,2500.000,5000.000,227.40,227.55,303.000,86.000,227.30,227.50,5000.000,5000.000,227.30,227.60,3339.000,5179.000,35000.000,22500.000,227.215,227.579,227.243,227.733,-0.075,-0.110
2017-03-03 11:19:00,227.501,227.556,142.000,780.000,227.40,227.45,2500.000,2500.000,227.50,227.65,163.000,26.000,227.35,227.50,5000.000,5000.000,227.45,227.70,6468.000,3125.000,17500.000,22500.000,227.233,227.589,227.407,227.856,-0.150,-0.140
2017-03-03 11:20:00,227.545,227.618,104.000,10.000,227.35,227.50,2500.000,5000.000,227.50,227.65,165.000,589.000,227.30,227.55,2500.000,7500.000,227.45,227.70,8068.000,2561.000,30000.000,25000.000,227.203,227.627,227.312,227.735,-0.150,-0.167
2017-03-03 11:21:00,227.507,227.593,50.000,110.000,227.35,227.40,5000.000,2500.000,227.50,227.60,215.000,10.000,227.30,227.45,2500.000,5000.000,227.40,227.65,7436.000,896.000,32500.000,20000.000,227.204,227.569,227.319,227.700,-0.175,-0.195
2017-03-03 11:22:00,227.510,227.640,72.000,41.000,227.35,227.40,5000.000,2500.000,227.50,227.65,545.000,10.000,227.30,227.45,2500.000,5000.000,227.40,227.70,6620.000,772.000,32500.000,17500.000,227.201,227.582,227.319,227.743,-0.200,-0.214
2017-03-03 11:23:00,227.466,227.669,3126.000,14.000,227.35,227.50,12500.000,5000.000,227.50,227.70,265.000,84.000,227.30,227.55,2500.000,2500.000,227.45,227.75,9096.000,4616.000,42500.000,17500.000,227.246,227.655,227.338,227.786,-0.175,-0.226
2017-03-03 11:24:00,227.487,227.695,73.000,415.000,227.40,227.50,5000.000,2500.000,227.55,227.70,3091.000,74.000,227.35,227.55,5000.000,2500.000,227.50,227.75,8732.000,4983.000,35000.000,17500.000,227.282,227.642,227.354,227.800,-0.175,-0.226
2017-03-03 11:25:00,227.485,227.694,2801.000,200.000,227.40,227.45,7500.000,2500.000,227.55,227.75,536.000,2.000,227.35,227.50,7500.000,7500.000,227.50,227.80,7600.000,1695.000,40000.000,20000.000,227.307,227.623,227.359,227.838,-0.225,-0.234
2017-03-03 11:26:00,227.472,227.697,356.000,4.000,227.40,227.45,2500.000,2500.000,227.55,227.70,187.000,1.000,227.35,227.50,5000.000,5000.000,227.50,227.75,4958.000,2273.000,32500.000,17500.000,227.258,227.638,227.338,227.793,-0.200,-0.230
2017-03-03 11:27:00,227.436,227.664,396.000,4.000,227.40,227.45,2500.000,5000.000,227.55,227.70,167.000,10.000,227.35,227.50,5000.000,2500.000,227.50,227.75,6024.000,4269.000,20000.000,15000.000,227.260,227.630,227.412,227.783,-0.200,-0.220
2017-03-03 11:28:00,227.404,227.663,415.000,15.000,227.40,227.45,5000.000,2500.000,227.50,227.65,167.000,61.000,227.35,227.50,2500.000,5000.000,227.45,227.70,4050.000,4760.000,32500.000,15000.000,227.231,227.630,227.327,227.742,-0.150,-0.198
2017-03-03 11:29:00,227.454,227.662,130.000,790.000,227.55,227.60,2500.000,5000.000,227.55,227.65,540.000,3332.000,227.50,227.65,5000.000,2500.000,227.50,227.70,2744.000,11914.000,22500.000,17500.000,227.408,227.722,227.400,227.750,-0.025,-0.184
2017-03-03 11:30:00,227.440,227.687,17.000,691.000,227.55,227.60,5000.000,2500.000,227.50,227.65,523.000,623.000,227.50,227.65,2500.000,2500.000,227.45,227.70,1193.000,9790.000,32500.000,15000.000,227.438,227.744,227.327,227.775,-0.000,-0.164
2017-03-03 11:31:00,227.470,227.678,1005.000,4.000,227.40,227.55,5000.000,2500.000,227.50,227.65,348.000,421.000,227.35,227.60,2500.000,2500.000,227.45,227.70,8129.000,7737.000,32500.000,17500.000,227.252,227.720,227.327,227.764,-0.100,-0.147
2017-03-03 11:32:00,227.433,227.610,715.000,4.000,227.40,227.50,5000.000,2500.000,227.50,227.60,574.000,1105.000,227.35,227.60,2500.000,2500.000,227.45,227.65,8143.000,10676.000,32500.000,17500.000,227.249,227.718,227.327,227.707,-0.100,-0.114
2017-03-03 11:33:00,227.331,227.482,682.000,804.000,227.40,227.50,2500.000,10000.000,227.35,227.50,120.000,506.000,227.35,227.55,5000.000,2500.000,227.30,227.55,2610.000,7833.000,30000.000,20000.000,227.237,227.633,227.246,227.569,0.025,-0.087
2017-03-03 11:34:00,227.341,227.477,480.000,378.000,227.40,227.45,2500.000,2500.000,227.35,227.45,120.000,759.000,227.35,227.50,5000.000,2500.000,227.30,227.50,2873.000,6423.000,40000.000,15000.000,227.217,227.586,227.222,227.550,0.025,-0.074
2017-03-03 11:35:00,227.245,227.393,15.000,1337.000,227.25,227.35,15000.000,2500.000,227.25,227.40,106.000,475.000,227.20,227.40,2500.000,10000.000,227.20,227.45,4123.000,8996.000,32500.000,20000.000,227.069,227.486,227.169,227.512,-0.025,-0.068
2017-03-03 11:36:00,227.333,227.458,658.000,4.000,227.20,227.35,5000.000,2500.000,227.30,227.40,510.000,788.000,227.15,227.40,15000.000,2500.000,227.25,227.50,14658.000,9267.000,35000.000,12500.000,227.029,227.513,227.196,227.570,-0.075,-0.044
2017-03-03 11:37:00,227.328,227.338,81.000,4.000,227.15,227.20,12500.000,2500.000,227.25,227.35,225.000,23.000,227.10,227.25,2500.000,7500.000,227.20,227.40,14539.000,991.000,32500.000,20000.000,226.997,227.379,227.154,227.438,-0.125,-0.048
2017-03-03 11:38:00,227.287,227.303,31.000,30.000,227.10,227.20,2500.000,5000.000,227.20,227.35,116.000,23.000,227.05,227.25,2500.000,10000.000,227.10,227.40,11037.000,1590.000,22500.000,22500.000,226.962,227.364,227.033,227.444,-0.125,-0.052
2017-03-03 11:39:00,226.734,226.807,399.000,734.000,226.65,226.85,2500.000,12500.000,226.75,226.90,932.000,384.000,226.60,226.90,5000.000,5000.000,226.70,226.95,10340.000,11829.000,22500.000,35000.000,226.501,226.997,226.600,227.021,-0.075,-0.046
2017-03-03 11:40:00,226.860,226.975,936.000,43.000,226.80,226.90,5000.000,5000.000,226.85,227.00,534.000,167.000,226.75,226.95,5000.000,2500.000,226.80,227.10,4957.000,3924.000,27500.000,22500.000,226.689,227.031,226.664,227.172,-0.075,-0.075
2017-03-03 11:41:00,226.957,226.963,962.000,6.000,226.80,226.90,2500.000,7500.000,226.90,227.00,297.000,28.000,226.75,226.95,2500.000,2500.000,226.85,227.05,8705.000,2784.000,17500.000,20000.000,226.652,227.027,226.786,227.088,-0.100,-0.119
2017-03-03 11:42:00,226.935,226.968,80.000,5.000,226.85,226.90,2500.000,10000.000,226.90,227.00,952.000,60.000,226.80,226.95,2500.000,5000.000,226.85,227.05,4480.000,2353.000,20000.000,27500.000,226.702,227.030,226.787,227.114,-0.075,-0.143
2017-03-03 11:43:00,226.917,226.950,20.000,22.000,226.85,226.90,2500.000,7500.000,226.85,227.00,211.000,80.000,226.80,226.95,5000.000,5000.000,226.80,227.05,3171.000,2423.000,22500.000,22500.000,226.682,227.030,226.694,227.083,-0.050,-0.149
2017-03-03 11:44:00,226.807,226.847,55.000,670.000,226.80,226.90,2500.000,2500.000,226.80,226.95,87.000,1544.000,226.75,227.00,5000.000,15000.000,226.75,227.00,3504.000,8472.000,17500.000,30000.000,226.641,227.064,226.679,227.071,-0.025,-0.169
2017-03-03 11:45:00,227.032,227.297,62.000,2.000,227.10,227.15,5000.000,7500.000,227.10,227.30,436.000,1.000,227.05,227.20,10000.000,2500.000,227.05,227.50,1369.000,2722.000,22500.000,17500.000,226.987,227.333,227.028,227.479,-0.075,-0.161
2017-03-03 11:46:00,227.063,227.288,69.000,5.000,227.10,227.15,2500.000,7500.000,227.15,227.30,142.000,237.000,227.05,227.20,5000.000,2500.000,227.10,227.50,2000.000,3511.000,20000.000,22500.000,226.959,227.316,227.056,227.528,-0.100,-0.135
2017-03-03 11:47:00,227.186,227.336,114.000,560.000,227.10,227.20,2500.000,5000.000,227.20,227.35,304.000,536.000,227.05,227.25,10000.000,2500.000,227.10,227.50,4941.000,4220.000,20000.000,15000.000,226.939,227.319,227.075,227.508,-0.125,-0.136
2017-03-03 11:48:00,227.257,227.322,14.000,191.000,227.10,227.20,2500.000,7500.000,227.20,227.35,543.000,536.000,227.05,227.25,2500.000,2500.000,227.15,227.50,5216.000,1846.000,17500.000,22500.000,226.943,227.326,227.100,227.583,-0.125,-0.183
2017-03-03 11:49:00,227.192,227.333,1340.000,20.000,227.00,227.10,2500.000,5000.000,227.20,227.35,370.000,86.000,226.95,227.15,5000.000,2500.000,227.15,227.50,12261.000,1732.000,15000.000,15000.000,226.859,227.249,227.108,227.525,-0.225,-0.198
2017-03-03 11:50:00,227.014,227.239,597.000,20.000,226.90,227.00,2500.000,7500.000,227.05,227.25,364.000,27.000,226.85,227.05,12500.000,2500.000,227.00,227.30,5220.000,2012.000,27500.000,17500.000,226.769,227.191,226.918,227.407,-0.200,-0.219
2017-03-03 11:51:00,227.082,227.176,794.000,6.000,226.85,226.95,2500.000,2500.000,227.05,227.20,783.000,97.000,226.80,227.00,22500.000,7500.000,227.00,227.25,12801.000,641.000,32500.000,20000.000,226.699,227.107,226.965,227.400,-0.225,-0.262
2017-03-03 11:52:00,227.039,227.191,110.000,18.000,226.90,226.95,10000.000,5000.000,227.05,227.25,304.000,188.000,226.85,227.00,17500.000,5000.000,227.00,227.30,4555.000,895.000,35000.000,22500.000,226.755,227.098,226.986,227.444,-0.225,-0.272
2017-03-03 11:53:00,226.926,227.228,225.000,16.000,227.00,227.05,5000.000,5000.000,227.10,227.30,73.000,167.000,226.90,227.10,5000.000,2500.000,227.05,227.45,4006.000,6990.000,22500.000,22500.000,226.806,227.229,227.006,227.528,-0.175,-0.241
2017-03-03 11:54:00,227.007,227.225,2893.000,3.000,226.90,227.05,7500.000,7500.000,227.10,227.25,304.000,127.000,226.85,227.10,5000.000,2500.000,227.05,227.45,12684.000,7511.000,27500.000,22500.000,226.774,227.229,227.014,227.450,-0.200,-0.224
2017-03-03 11:55:00,227.056,227.385,12.000,3.000,227.00,227.05,2500.000,5000.000,227.20,227.35,19.000,58.000,226.95,227.10,5000.000,2500.000,227.15,227.50,9662.000,6338.000,32500.000,17500.000,226.835,227.236,227.073,227.521,-0.250,-0.183
2017-03-03 11:56:00,226.963,227.274,1621.000,25.000,227.00,227.05,2500.000,2500.000,227.10,227.25,19.000,117.000,226.95,227.10,7500.000,5000.000,227.05,227.30,5122.000,7673.000,30000.000,17500.000,226.875,227.228,226.992,227.429,-0.150,-0.156
2017-03-03 11:57:00,226.878,227.077,42.000,10.000,226.85,226.90,2500.000,2500.000,227.00,227.05,10.000,448.000,226.80,226.95,2500.000,5000.000,226.95,227.10,5201.000,6583.000,20000.000,17500.000,226.683,227.022,226.887,227.200,-0.150,-0.111
2017-03-03 11:58:00,226.924,227.072,91.000,2.000,226.75,226.80,2500.000,2500.000,226.95,227.05,265.000,400.000,226.70,226.90,7500.000,5000.000,226.90,227.10,14863.000,3965.000,27500.000,17500.000,226.591,226.995,226.809,227.200,-0.225,-0.110
2017-03-03 11:59:00,226.828,226.964,247.000,45.000,226.70,226.85,2500.000,5000.000,226.90,227.00,167.000,440.000,226.65,226.90,2500.000,5000.000,226.85,227.05,16177.000,10143.000,15000.000,20000.000,226.541,227.010,226.792,227.131,-0.175,-0.120
2017-03-03 12:00:00,226.836,226.956,517.000,80.000,226.65,226.75,5000.000,2500.000,226.85,226.95,1374.000,380.000,226.60,226.85,5000.000,5000.000,226.80,227.00,20257.000,6340.000,25000.000,17500.000,226.501,226.969,226.670,227.071,-0.200,-0.124
2017-03-03 12:01:00,226.413,226.589,1605.000,3.000,226.50,226.55,7500.000,10000.000,226.50,226.65,170.000,170.000,226.45,226.60,5000.000,5000.000,226.45,226.70,3040.000,6865.000,22500.000,22500.000,226.433,226.728,226.394,226.728,-0.050,-0.130
2017-03-03 12:02:00,226.687,226.662,33.000,3.000,226.55,226.60,12500.000,2500.000,226.60,226.80,672.000,42.000,226.50,226.65,5000.000,5000.000,226.55,226.85,4129.000,755.000,27500.000,25000.000,226.404,226.786,226.532,226.925,-0.125,-0.167
2017-03-03 12:03:00,226.552,226.694,7.000,11.000,226.50,226.55,2500.000,2500.000,226.65,226.80,257.000,22.000,226.45,226.60,12500.000,5000.000,226.60,226.85,5970.000,3541.000,22500.000,22500.000,226.356,226.736,226.567,226.922,-0.200,-0.172
2017-03-03 12:04:00,226.657,226.842,3081.000,25.000,226.50,226.65,2500.000,7500.000,226.80,226.95,480.000,27.000,226.45,226.70,7500.000,7500.000,226.70,227.00,13041.000,4069.000,20000.000,27500.000,226.398,226.797,226.637,227.027,-0.300,-0.144
2017-03-03 12:05:00,226.534,226.678,23.000,11.000,226.45,226.50,2500.000,2500.000,226.65,226.75,81.000,233.000,226.40,226.55,10000.000,5000.000,226.60,226.80,10667.000,7734.000,20000.000,20000.000,226.265,226.707,226.544,226.850,-0.225,-0.135
2017-03-03 12:06:00,226.210,226.412,241.000,318.000,226.30,226.35,2500.000,10000.000,226.35,226.55,922.000,1244.000,226.20,226.40,7500.000,7500.000,226.30,226.60,3964.000,10325.000,20000.000,30000.000,226.119,226.497,226.225,226.625,-0.125,-0.113
2017-03-03 12:07:00,226.287,226.447,127.000,3.000,226.25,226.30,2500.000,2500.000,226.40,226.55,553.000,355.000,226.20,226.35,10000.000,10000.000,226.35,226.60,7104.000,6251.000,22500.000,25000.000,226.081,226.469,226.272,226.645,-0.200,-0.107
2017-03-03 12:08:00,226.749,226.915,516.000,1011.000,226.80,226.85,7500.000,5000.000,226.80,226.95,899.000,424.000,226.70,226.90,5000.000,2500.000,226.75,227.00,5694.000,9455.000,25000.000,17500.000,226.635,226.990,226.715,227.093,-0.050,-0.076
2017-03-03 12:09:00,226.198,226.244,53.000,317.000,226.05,226.10,2500.000,10000.000,226.20,226.30,942.000,1.000,226.00,226.15,2500.000,2500.000,226.10,226.35,7351.000,1706.000,20000.000,20000.000,225.890,226.221,226.000,226.363,-0.175,-0.085
2017-03-03 12:10:00,226.693,226.791,1573.000,10.000,226.55,226.60,2500.000,7500.000,226.65,226.85,371.000,100.000,226.50,226.65,10000.000,5000.000,226.60,226.90,6656.000,767.000,30000.000,25000.000,226.421,226.778,226.554,226.975,-0.175,-0.105
2017-03-03 12:11:00,226.307,226.403,12.000,705.000,226.25,226.35,2500.000,12500.000,226.35,226.55,220.000,2370.000,226.20,226.40,5000.000,2500.000,226.30,226.60,3777.000,4904.000,17500.000,30000.000,226.108,226.436,226.257,226.637,-0.150,-0.111
2017-03-03 12:12:00,226.222,226.352,344.000,854.000,226.05,226.10,2500.000,12500.000,226.30,226.40,2742.000,13.000,226.00,226.15,7500.000,2500.000,226.15,226.50,16751.000,1127.000,27500.000,32500.000,225.914,226.136,226.100,226.558,-0.275,-0.103
2017-03-03 12:13:00,225.768,225.776,13.000,430.000,225.55,225.70,2500.000,12500.000,225.70,225.90,101.000,170.000,225.50,225.75,5000.000,7500.000,225.65,225.95,7656.000,2326.000,20000.000,32500.000,225.383,225.807,225.581,225.969,-0.175,-0.149
2017-03-03 12:14:00,225.680,225.771,71.000,103.000,225.55,225.65,2500.000,5000.000,225.70,225.85,517.000,29.000,225.50,225.70,5000.000,10000.000,225.65,225.90,8034.000,3655.000,20000.000,27500.000,225.390,225.808,225.594,225.941,-0.175,-0.149
2017-03-03 12:15:00,225.506,225.703,65.000,812.000,225.50,225.60,2500.000,2500.000,225.60,225.75,1497.000,152.000,225.45,225.65,7500.000,5000.000,225.55,225.80,4403.000,6788.000,25000.000,17500.000,225.381,225.732,225.480,225.843,-0.125,-0.132
2017-03-03 12:16:00,225.533,225.662,350.000,429.000,225.45,225.50,5000.000,2500.000,225.60,225.70,138.000,225.000,225.40,225.55,7500.000,2500.000,225.55,225.75,7921.000,5076.000,25000.000,17500.000,225.285,225.623,225.490,225.807,-0.175,-0.109
2017-03-03 12:17:00,225.538,225.629,108.000,15.000,225.45,225.50,5000.000,2500.000,225.60,225.75,420.000,179.000,225.40,225.55,7500.000,5000.000,225.55,225.80,6935.000,4452.000,22500.000,30000.000,225.277,225.622,225.517,225.863,-0.200,-0.100
2017-03-03 12:18:00,225.416,225.655,602.000,89.000,225.50,225.55,2500.000,2500.000,225.60,225.75,169.000,1260.000,225.45,225.60,10000.000,12500.000,225.55,225.80,1998.000,6496.000,25000.000,27500.000,225.388,225.710,225.505,225.841,-0.150,-0.079
2017-03-03 12:19:00,225.461,225.553,31.000,29.000,225.40,225.45,5000.000,5000.000,225.50,225.65,368.000,363.000,225.35,225.50,7500.000,10000.000,225.45,225.70,4969.000,3856.000,20000.000,25000.000,225.219,225.607,225.412,225.725,-0.150,-0.095
2017-03-03 12:20:00,225.449,225.562,1221.000,33.000,225.40,225.45,2500.000,2500.000,225.50,225.65,50.000,125.000,225.35,225.50,7500.000,10000.000,225.45,225.70,5737.000,3934.000,20000.000,22500.000,225.257,225.612,225.400,225.733,-0.150,-0.096
2017-03-03 12:21:00,225.608,225.622,661.000,6.000,225.45,225.50,2500.000,2500.000,225.65,225.75,1968.000,15.000,225.40,225.55,2500.000,7500.000,225.55,225.80,15150.000,1609.000,15000.000,25000.000,225.311,225.631,225.492,225.860,-0.225,-0.102
2017-03-03 12:22:00,225.645,225.688,49.000,4.000,225.45,225.50,2500.000,2500.000,225.70,225.80,4399.000,25.000,225.40,225.60,2500.000,2500.000,225.65,225.85,18661.000,2665.000,20000.000,32500.000,225.300,225.738,225.531,225.935,-0.275,-0.115
2017-03-03 12:23:00,225.516,225.653,174.000,36.000,225.45,225.50,2500.000,2500.000,225.60,225.75,1260.000,435.000,225.40,225.60,2500.000,2500.000,225.55,225.80,6793.000,5199.000,20000.000,25000.000,225.304,225.717,225.481,225.870,-0.200,-0.111
2017-03-03 12:24:00,225.510,225.679,19.000,89.000,225.50,225.55,2500.000,2500.000,225.65,225.75,2510.000,354.000,225.45,225.60,2500.000,2500.000,225.60,225.80,7459.000,5996.000,20000.000,27500.000,225.391,225.725,225.519,225.868,-0.175,-0.095
2017-03-03 12:25:00,225.544,225.660,269.000,3.000,225.50,225.55,2500.000,2500.000,225.60,225.75,50.000,43.000,225.45,225.60,5000.000,10000.000,225.55,225.80,5603.000,3928.000,22500.000,27500.000,225.340,225.742,225.494,225.850,-0.150,-0.089
2017-03-03 12:26:00,225.818,225.862,150.000,3.000,225.65,225.70,5000.000,2500.000,225.80,226.00,173.000,36.000,225.60,225.75,2500.000,7500.000,225.75,226.05,8790.000,1101.000,17500.000,25000.000,225.494,225.837,225.679,226.155,-0.225,-0.115
2017-03-03 12:27:00,225.688,225.797,282.000,3.000,225.60,225.65,5000.000,5000.000,225.70,225.85,669.000,65.000,225.55,225.70,2500.000,7500.000,225.65,225.95,6269.000,3103.000,20000.000,25000.000,225.435,225.817,225.600,225.985,-0.150,-0.140
2017-03-03 12:28:00,225.804,225.923,183.000,40.000,225.70,225.80,5000.000,5000.000,225.80,226.00,447.000,378.000,225.65,225.90,5000.000,2500.000,225.75,226.05,7253.000,6139.000,20000.000,17500.000,225.524,226.006,225.688,226.121,-0.150,-0.136
2017-03-03 12:29:00,225.953,226.040,109.000,3.000,225.80,225.90,7500.000,5000.000,225.90,226.10,166.000,629.000,225.75,225.95,2500.000,2500.000,225.85,226.15,5232.000,2512.000,22500.000,15000.000,225.622,226.008,225.789,226.192,-0.150,-0.172
2017-03-03 12:30:00,225.938,226.021,32.000,3.000,225.80,225.90,5000.000,2500.000,225.90,226.10,80.000,1534.000,225.75,225.95,2500.000,2500.000,225.85,226.15,5509.000,3487.000,20000.000,15000.000,225.615,225.995,225.775,226.250,-0.150,-0.165
2017-03-03 12:31:00,225.851,226.025,30.000,10.000,225.80,225.85,2500.000,5000.000,225.90,226.10,21.000,400.000,225.75,225.90,2500.000,2500.000,225.85,226.15,4607.000,4390.000,17500.000,17500.000,225.612,225.995,225.757,226.214,-0.175,-0.139
2017-03-03 12:32:00,225.654,225.892,69.000,5.000,225.75,225.80,2500.000,5000.000,225.75,225.95,131.000,69.000,225.70,225.85,2500.000,2500.000,225.70,226.00,2098.000,7418.000,15000.000,15000.000,225.609,225.978,225.642,226.075,-0.075,-0.104
2017-03-03 12:33:00,225.723,225.821,56.000,3.000,225.70,225.75,2500.000,2500.000,225.70,225.85,289.000,9.000,225.65,225.80,2500.000,2500.000,225.65,225.90,4622.000,4159.000,17500.000,12500.000,225.538,225.937,225.586,225.960,-0.050,-0.103
2017-03-03 12:34:00,225.624,225.888,236.000,63.000,225.65,225.75,2500.000,2500.000,225.65,225.85,938.000,370.000,225.60,225.80,5000.000,5000.000,225.60,225.90,3291.000,5574.000,27500.000,15000.000,225.536,225.917,225.523,226.000,-0.050,-0.082
2017-03-03 12:35:00,225.917,225.969,73.000,3.000,225.80,225.90,2500.000,10000.000,225.90,226.05,1573.000,1603.000,225.75,225.95,5000.000,5000.000,225.80,226.10,7636.000,4603.000,17500.000,22500.000,225.649,226.005,225.750,226.139,-0.125,-0.111
2017-03-03 12:36:00,225.869,225.912,78.000,11.000,225.80,225.85,2500.000,2500.000,225.90,226.00,1174.000,50.000,225.75,225.90,5000.000,10000.000,225.80,226.05,6920.000,4126.000,17500.000,22500.000,225.641,226.016,225.750,226.094,-0.125,-0.118
2017-03-03 12:37:00,225.858,225.920,856.000,8.000,225.75,225.80,2500.000,2500.000,225.90,226.00,493.000,13.000,225.70,225.85,2500.000,7500.000,225.80,226.05,8708.000,2301.000,17500.000,20000.000,225.612,225.991,225.743,226.094,-0.175,-0.132
2017-03-03 12:38:00,225.864,225.957,13.000,50.000,225.75,225.80,2500.000,2500.000,225.90,226.00,179.000,50.000,225.70,225.85,2500.000,7500.000,225.85,226.05,7449.000,2327.000,15000.000,20000.000,225.593,225.987,225.783,226.113,-0.175,-0.118
2017-03-03 12:39:00,225.777,225.936,597.000,3.000,225.75,225.80,2500.000,2500.000,225.90,226.00,48.000,59.000,225.70,225.85,2500.000,5000.000,225.80,226.05,6647.000,5480.000,17500.000,17500.000,225.602,225.980,225.729,226.129,-0.175,-0.088
2017-03-03 12:40:00,225.797,225.992,247.000,3.000,225.75,225.80,2500.000,5000.000,225.90,226.05,230.000,50.000,225.70,225.85,2500.000,2500.000,225.85,226.10,6655.000,4714.000,15000.000,15000.000,225.598,225.972,225.775,226.158,-0.200,-0.088
2017-03-03 12:41:00,225.700,225.780,17.000,915.000,225.70,225.75,2500.000,5000.000,225.65,225.80,20.000,749.000,225.65,225.80,5000.000,2500.000,225.60,225.85,2728.000,5015.000,22500.000,15000.000,225.545,225.862,225.528,225.883,-0.000,-0.096
2017-03-03 12:42:00,225.595,225.726,568.000,149.000,225.60,225.65,5000.000,5000.000,225.60,225.75,630.000,69.000,225.55,225.70,2500.000,2500.000,225.55,225.80,3726.000,4069.000,22500.000,20000.000,225.491,225.806,225.489,225.925,-0.050,-0.092
2017-03-03 12:43:00,225.722,225.747,72.000,3.000,225.55,225.65,2500.000,2500.000,225.65,225.80,1161.000,80.000,225.50,225.70,7500.000,5000.000,225.60,225.85,7558.000,1855.000,22500.000,17500.000,225.391,225.832,225.556,225.893,-0.125,-0.128
2017-03-03 12:44:00,225.700,225.709,110.000,3.000,225.60,225.65,5000.000,5000.000,225.70,225.80,378.000,6.000,225.55,225.70,2500.000,7500.000,225.65,225.85,6483.000,2508.000,20000.000,35000.000,225.443,225.825,225.600,225.900,-0.125,-0.152
2017-03-03 12:45:00,226.043,226.238,69.000,482.000,226.10,226.15,5000.000,5000.000,226.15,226.20,19.000,715.000,226.05,226.20,12500.000,2500.000,226.10,226.25,1548.000,6797.000,42500.000,17500.000,225.938,226.269,226.050,226.293,-0.050,-0.156
2017-03-03 12:46:00,225.538,225.658,1129.000,63.000,225.50,225.55,2500.000,5000.000,225.60,225.75,5.000,12.000,225.45,225.60,5000.000,7500.000,225.55,225.80,6935.000,4872.000,20000.000,25000.000,225.357,225.731,225.506,225.840,-0.150,-0.172
2017-03-03 12:47:00,225.642,225.755,1505.000,4.000,225.50,225.55,5000.000,2500.000,225.75,225.90,2844.000,3.000,225.45,225.60,7500.000,7500.000,225.70,225.95,14938.000,1677.000,35000.000,60000.000,225.374,225.713,225.639,226.027,-0.300,-0.177
2017-03-03 12:48:00,225.948,226.152,60.000,3.000,225.80,225.85,2500.000,10000.000,225.90,226.10,304.000,271.000,225.75,226.00,10000.000,5000.000,225.85,226.15,5648.000,3036.000,37500.000,25000.000,225.631,226.118,225.790,226.270,-0.175,-0.160
2017-03-03 12:49:00,225.504,225.631,50.000,694.000,225.55,225.65,5000.000,5000.000,225.60,225.75,701.000,208.000,225.45,225.70,2500.000,5000.000,225.55,225.80,5463.000,11235.000,20000.000,32500.000,225.345,225.795,225.500,225.854,-0.075,-0.162
2017-03-03 12:50:00,225.455,225.674,2323.000,3.000,225.35,225.45,5000.000,2500.000,225.60,225.70,4435.000,162.000,225.30,225.50,10000.000,2500.000,225.55,225.75,16814.000,6560.000,32500.000,20000.000,225.245,225.600,225.515,225.825,-0.250,-0.144
2017-03-03 12:51:00,225.264,225.460,574.000,10.000,225.20,225.30,2500.000,2500.000,225.40,225.50,298.000,154.000,225.15,225.35,2500.000,5000.000,225.35,225.55,22132.000,18208.000,20000.000,17500.000,225.029,225.488,225.300,225.600,-0.200,-0.121
2017-03-03 12:52:00,225.362,225.500,399.000,3.000,225.20,225.25,2500.000,2500.000,225.35,225.50,165.000,328.000,225.15,225.30,12500.000,5000.000,225.30,225.55,17804.000,3514.000,32500.000,15000.000,225.024,225.412,225.242,225.617,-0.200,-0.109
2017-03-03 12:53:00,225.398,225.517,413.000,12072.000,225.40,225.50,2500.000,2500.000,225.55,225.65,873.000,1541.000,225.35,225.55,2500.000,7500.000,225.50,225.70,12064.000,38462.000,22500.000,50000.000,225.247,225.582,225.439,225.838,-0.150,-0.102
2017-03-03 12:54:00,225.564,225.705,674.000,3.000,225.50,225.60,7500.000,2500.000,225.70,225.80,389.000,190.000,225.45,225.65,10000.000,2500.000,225.65,225.85,9042.000,6992.000,32500.000,45000.000,225.370,225.752,225.619,225.981,-0.200,-0.089
2017-03-03 12:55:00,225.436,225.562,188.000,3.000,225.35,225.45,2500.000,7500.000,225.50,225.60,340.000,2739.000,225.30,225.50,7500.000,7500.000,225.45,225.65,6581.000,5291.000,22500.000,27500.000,225.206,225.562,225.389,225.691,-0.150,-0.088
2017-03-03 12:56:00,225.309,225.390,1405.000,22.000,225.15,225.20,2500.000,2500.000,225.25,225.35,2309.000,10.000,225.10,225.25,12500.000,5000.000,225.20,225.40,21646.000,1639.000,32500.000,17500.000,225.016,225.372,225.150,225.493,-0.125,-0.123
2017-03-03 12:57:00,225.419,225.498,79.000,136.000,225.35,225.45,2500.000,2500.000,225.40,225.55,60.000,514.000,225.30,225.50,7500.000,2500.000,225.35,225.60,3639.000,3615.000,27500.000,22500.000,225.186,225.577,225.286,225.656,-0.075,-0.137
2017-03-03 12:58:00,224.903,224.985,255.000,132.000,224.80,224.95,5000.000,2500.000,224.85,225.00,160.000,2166.000,224.70,225.00,12500.000,7500.000,224.80,225.10,7388.000,6136.000,40000.000,25000.000,224.583,225.058,224.750,225.135,-0.050,-0.165
2017-03-03 12:59:00,224.969,225.045,13.000,213.000,225.00,225.05,7500.000,2500.000,225.00,225.05,2.000,179.000,224.95,225.10,7500.000,2500.000,224.85,225.15,3931.000,8388.000,35000.000,20000.000,224.833,225.197,224.829,225.213,0.000,-0.204
2017-03-03 13:00:00,224.904,225.029,89.000,135.000,224.75,224.85,2500.000,2500.000,224.90,225.00,1161.000,147.000,224.70,224.90,12500.000,7500.000,224.85,225.10,11159.000,2944.000,42500.000,27500.000,224.617,224.992,224.794,225.155,-0.150,-0.228
2017-03-03 13:01:00,224.928,225.181,700.000,63.000,224.80,224.85,7500.000,10000.000,225.00,225.10,1330.000,34.000,224.75,224.90,7500.000,7500.000,224.90,225.15,12557.000,2453.000,50000.000,30000.000,224.667,225.001,224.845,225.225,-0.225,-0.199
2017-03-03 13:02:00,224.973,225.122,9.000,104.000,224.95,225.00,10000.000,2500.000,225.00,225.10,19.000,614.000,224.90,225.05,5000.000,7500.000,224.95,225.20,5801.000,6562.000,47500.000,25000.000,224.770,225.159,224.855,225.235,-0.075,-0.183
2017-03-03 13:03:00,224.820,225.043,40.000,38.000,224.85,224.90,2500.000,5000.000,224.90,225.05,1212.000,154.000,224.80,224.95,15000.000,10000.000,224.85,225.10,5713.000,17338.000,45000.000,25000.000,224.702,225.005,224.803,225.150,-0.100,-0.166
2017-03-03 13:04:00,224.751,225.023,735.000,201.000,224.80,224.85,2500.000,2500.000,224.95,225.00,1151.000,114.000,224.75,224.90,12500.000,10000.000,224.90,225.10,9311.000,20683.000,52500.000,40000.000,224.671,225.001,224.833,225.159,-0.150,-0.133
2017-03-03 13:05:00,224.728,224.970,126.000,4173.000,224.75,224.80,2500.000,2500.000,224.90,225.00,196.000,48149.000,224.70,224.85,10000.000,7500.000,224.85,225.05,8919.000,56140.000,37500.000,30000.000,224.611,224.856,224.803,225.121,-0.175,-0.110
2017-03-03 13:06:00,225.045,225.152,15.000,1148.000,224.90,225.00,5000.000,2500.000,225.00,225.15,60.000,303.000,224.85,225.05,7500.000,7500.000,224.95,225.20,7384.000,3641.000,32500.000,25000.000,224.733,225.101,224.885,225.295,-0.125,-0.102
2017-03-03 13:07:00,224.909,224.981,243.000,467.000,224.80,224.95,2500.000,27500.000,224.95,225.00,123.000,3345.000,224.75,225.00,12500.000,5000.000,224.85,225.05,8344.000,7777.000,35000.000,42500.000,224.651,225.044,224.818,225.038,-0.100,-0.080
2017-03-03 13:08:00,224.841,224.977,586.000,56.000,224.70,224.85,2500.000,2500.000,224.90,224.95,2367.000,159.000,224.65,224.90,7500.000,5000.000,224.85,225.05,15592.000,8063.000,30000.000,20000.000,224.561,224.997,224.804,225.088,-0.150,-0.056
2017-03-03 13:09:00,224.927,225.032,60.000,670.000,224.80,224.95,7500.000,10000.000,224.90,225.10,548.000,2270.000,224.75,225.00,7500.000,7500.000,224.85,225.15,7117.000,5739.000,30000.000,25000.000,224.638,225.053,224.817,225.170,-0.125,-0.029
2017-03-03 13:10:00,224.899,225.028,3.000,1.000,224.85,224.95,2500.000,5000.000,224.90,225.05,370.000,1634.000,224.80,225.00,7500.000,7500.000,224.85,225.10,4196.000,4806.000,30000.000,20000.000,224.691,225.083,224.804,225.144,-0.075,-0.027
2017-03-03 13:11:00,224.942,225.010,408.000,11.000,224.80,224.85,7500.000,2500.000,224.90,225.05,639.000,11.000,224.75,224.90,5000.000,12500.000,224.85,225.10,8991.000,1886.000,30000.000,22500.000,224.645,225.007,224.817,225.144,-0.150,-0.032
2017-03-03 13:12:00,224.848,224.810,368.000,9.000,224.65,224.70,5000.000,15000.000,224.75,224.90,752.000,52.000,224.60,224.75,5000.000,2500.000,224.70,224.95,10803.000,190.000,20000.000,30000.000,224.497,224.811,224.669,224.963,-0.150,-0.063
2017-03-03 13:13:00,224.815,224.834,33.000,11.000,224.65,224.70,2500.000,7500.000,224.80,224.90,665.000,60.000,224.60,224.80,7500.000,7500.000,224.75,224.95,14241.000,3126.000,22500.000,32500.000,224.510,224.925,224.706,224.977,-0.175,-0.087
2017-03-03 13:14:00,224.821,224.787,191.000,251.000,224.60,224.65,5000.000,10000.000,224.70,224.90,1438.000,61.000,224.55,224.75,7500.000,7500.000,224.65,224.95,10985.000,576.000,22500.000,27500.000,224.463,224.752,224.583,225.018,-0.175,-0.115
2017-03-03 13:15:00,224.709,224.830,606.000,705.000,224.60,224.75,2500.000,5000.000,224.75,224.85,497.000,569.000,224.55,224.80,5000.000,7500.000,224.70,224.90,8551.000,6158.000,27500.000,27500.000,224.474,224.874,224.627,224.968,-0.125,-0.113
2017-03-03 13:16:00,224.722,224.812,448.000,4.000,224.60,224.65,2500.000,5000.000,224.75,224.90,357.000,12.000,224.55,224.70,5000.000,10000.000,224.65,224.95,10186.000,1981.000,25000.000,25000.000,224.469,224.834,224.535,224.995,-0.200,-0.112
2017-03-03 13:17:00,224.714,224.833,742.000,16.000,224.55,224.60,2500.000,10000.000,224.75,224.90,3331.000,476.000,224.50,224.65,7500.000,10000.000,224.70,224.95,15108.000,2475.000,22500.000,27500.000,224.420,224.798,224.639,224.964,-0.250,-0.101
2017-03-03 13:18:00,225.125,225.261,95.000,480.000,224.95,225.00,2500.000,10000.000,225.15,225.25,267.000,1.000,224.90,225.05,2500.000,2500.000,225.10,225.35,13802.000,2147.000,22500.000,22500.000,224.779,225.123,225.028,225.417,-0.225,-0.083
2017-03-03 13:19:00,224.910,225.021,2040.000,45.000,224.75,224.90,2500.000,7500.000,224.90,225.10,60.000,533.000,224.70,224.95,5000.000,5000.000,224.85,225.15,9975.000,4022.000,20000.000,22500.000,224.631,225.010,224.800,225.194,-0.175,-0.075
2017-03-03 13:20:00,224.954,225.061,2239.000,1688.000,224.85,224.90,10000.000,2500.000,224.95,225.15,627.000,142.000,224.80,224.95,7500.000,15000.000,224.90,225.20,11461.000,4772.000,30000.000,25000.000,224.720,224.980,224.833,225.245,-0.175,-0.071
2017-03-03 13:21:00,224.942,225.028,565.000,406.000,224.80,224.90,10000.000,2500.000,224.95,225.10,2355.000,111.000,224.75,224.95,7500.000,10000.000,224.90,225.15,10379.000,3247.000,27500.000,22500.000,224.677,225.017,224.850,225.222,-0.175,-0.051
2017-03-03 13:22:00,224.929,224.997,258.000,26.000,224.85,224.90,2500.000,2500.000,224.95,225.00,212.000,113.000,224.80,224.95,7500.000,7500.000,224.90,225.10,8658.000,5847.000,20000.000,20000.000,224.683,225.026,224.850,225.144,-0.100,-0.067
2017-03-03 13:23:00,225.084,225.126,132.000,904.000,224.95,225.00,2500.000,10000.000,225.05,225.20,167.000,20.000,224.90,225.05,7500.000,10000.000,225.00,225.25,7324.000,2947.000,22500.000,30000.000,224.771,225.105,224.950,225.304,-0.150,-0.084
2017-03-03 13:24:00,225.082,225.153,979.000,654.000,224.95,225.00,2500.000,12500.000,225.05,225.20,357.000,20.000,224.90,225.05,2500.000,2500.000,225.00,225.35,8295.000,2599.000,22500.000,27500.000,224.791,225.112,224.906,225.336,-0.150,-0.112
2017-03-03 13:25:00,224.998,225.085,543.000,845.000,224.95,225.00,12500.000,2500.000,225.00,225.10,307.000,27.000,224.90,225.05,5000.000,12500.000,224.95,225.20,5433.000,4824.000,32500.000,25000.000,224.793,225.131,224.904,225.245,-0.075,-0.139
2017-03-03 13:26:00,225.128,225.117,201.000,618.000,224.95,225.00,10000.000,2500.000,225.05,225.20,220.000,28.000,224.90,225.05,7500.000,10000.000,225.00,225.25,8293.000,1486.000,25000.000,20000.000,224.774,225.091,224.955,225.294,-0.150,-0.175
2017-03-03 13:27:00,224.997,225.144,394.000,90.000,224.90,224.95,7500.000,10000.000,225.05,225.20,676.000,552.000,224.85,225.00,7500.000,2500.000,225.00,225.25,8106.000,2646.000,25000.000,20000.000,224.770,225.107,224.975,225.269,-0.200,-0.181
2017-03-03 13:28:00,224.993,225.121,1121.000,39.000,224.85,224.90,2500.000,2500.000,225.05,225.10,888.000,21.000,224.80,224.95,7500.000,7500.000,225.00,225.20,10259.000,891.000,22500.000,20000.000,224.734,225.027,224.939,225.244,-0.200,-0.188
2017-03-03 13:29:00,224.840,225.050,378.000,87.000,224.75,224.85,2500.000,2500.000,224.95,225.10,1048.000,102.000,224.70,224.90,5000.000,10000.000,224.90,225.15,8507.000,4175.000,22500.000,22500.000,224.644,224.996,224.839,225.228,-0.225,-0.190
2017-03-03 13:30:00,224.920,225.141,161.000,53.000,224.85,224.90,2500.000,7500.000,225.05,225.15,50.000,243.000,224.80,224.95,5000.000,2500.000,225.00,225.20,6244.000,3488.000,22500.000,17500.000,224.710,225.047,224.928,225.229,-0.225,-0.184
2017-03-03 13:31:00,224.951,225.119,523.000,89.000,224.85,224.90,2500.000,10000.000,225.05,225.20,611.000,180.000,224.80,224.95,2500.000,10000.000,225.00,225.25,7285.000,2390.000,20000.000,32500.000,224.724,225.030,224.919,225.308,-0.250,-0.179
2017-03-03 13:32:00,225.041,225.219,1817.000,16.000,225.00,225.05,2500.000,2500.000,225.15,225.30,445.000,216.000,224.95,225.10,7500.000,5000.000,225.10,225.35,9124.000,5467.000,27500.000,25000.000,224.887,225.213,225.041,225.410,-0.200,-0.180
2017-03-03 13:33:00,224.956,225.116,1162.000,10.000,224.90,224.95,5000.000,2500.000,225.05,225.20,93.000,209.000,224.85,225.00,10000.000,7500.000,225.00,225.25,5702.000,2602.000,30000.000,25000.000,224.786,225.129,224.900,225.295,-0.200,-0.174
2017-03-03 13:34:00,225.015,225.238,189.000,17.000,225.00,225.05,2500.000,7500.000,225.15,225.30,22.000,254.000,224.95,225.10,7500.000,7500.000,225.10,225.35,5485.000,5745.000,22500.000,27500.000,224.849,225.213,225.028,225.409,-0.200,-0.173
2017-03-03 13:35:00,224.890,225.081,37.000,150.000,224.95,225.00,2500.000,2500.000,225.00,225.15,446.000,189.000,224.90,225.05,5000.000,7500.000,224.95,225.20,1588.000,4991.000,22500.000,22500.000,224.823,225.135,224.867,225.239,-0.100,-0.151
2017-03-03 13:36:00,224.863,225.007,75.000,12.000,224.75,224.85,2500.000,5000.000,224.90,225.05,110.000,62.000,224.70,224.90,5000.000,10000.000,224.85,225.10,8688.000,4403.000,25000.000,25000.000,224.596,225.013,224.800,225.150,-0.175,-0.158
2017-03-03 13:37:00,224.922,225.102,339.000,251.000,224.90,224.95,5000.000,5000.000,225.00,225.15,2583.000,174.000,224.85,225.00,7500.000,5000.000,224.95,225.20,6435.000,4694.000,27500.000,22500.000,224.803,225.100,224.886,225.306,-0.150,-0.148
2017-03-03 13:38:00,225.323,225.456,354.000,260.000,225.15,225.25,7500.000,10000.000,225.30,225.50,383.000,228.000,225.10,225.35,7500.000,5000.000,225.25,225.55,9631.000,4182.000,35000.000,25000.000,224.984,225.451,225.146,225.605,-0.200,-0.150
2017-03-03 13:39:00,225.169,225.386,2669.000,20.000,225.05,225.10,2500.000,2500.000,225.25,225.35,1091.000,107.000,225.00,225.15,5000.000,7500.000,225.20,225.40,9644.000,702.000,30000.000,25000.000,224.963,225.238,225.096,225.515,-0.225,-0.136
2017-03-03 13:40:00,225.076,225.156,2265.000,2671.000,225.00,225.10,7500.000,2500.000,225.15,225.30,309.000,367.000,224.95,225.15,7500.000,5000.000,225.00,225.35,7804.000,6958.000,32500.000,32500.000,224.874,225.193,224.942,225.412,-0.175,-0.173
2017-03-03 13:41:00,225.009,225.186,37.000,168.000,225.00,225.05,2500.000,7500.000,225.15,225.30,5.000,3049.000,224.95,225.10,2500.000,10000.000,225.10,225.35,4756.000,7800.000,20000.000,35000.000,224.814,225.180,225.031,225.386,-0.200,-0.169
2017-03-03 13:42:00,225.204,225.333,70.000,104.000,225.10,225.15,10000.000,5000.000,225.25,225.45,374.000,113.000,225.05,225.20,5000.000,7500.000,225.10,225.50,5964.000,2700.000,25000.000,20000.000,224.925,225.313,225.105,225.544,-0.225,-0.167
2017-03-03 13:43:00,225.100,225.242,11.000,831.000,225.10,225.15,5000.000,2500.000,225.20,225.35,1610.000,350.000,225.05,225.20,5000.000,10000.000,225.10,225.40,3961.000,5889.000,22500.000,25000.000,224.970,225.272,225.061,225.465,-0.150,-0.169
2017-03-03 13:44:00,225.198,225.350,236.000,224.000,225.10,225.15,5000.000,2500.000,225.25,225.40,1610.000,18.000,225.05,225.20,2500.000,7500.000,225.10,225.45,7655.000,3016.000,22500.000,17500.000,224.952,225.307,225.056,225.507,-0.200,-0.172
2017-03-03 13:45:00,224.995,225.257,58.000,921.000,225.05,225.10,12500.000,2500.000,225.15,225.30,701.000,185.000,225.00,225.15,5000.000,7500.000,225.10,225.35,1812.000,5900.000,32500.000,17500.000,224.927,225.225,225.031,225.386,-0.150,-0.153
2017-03-03 13:46:00,225.210,225.370,397.000,770.000,225.05,225.10,5000.000,5000.000,225.25,225.45,413.000,88.000,225.00,225.15,7500.000,7500.000,225.20,225.50,6623.000,1191.000,27500.000,22500.000,224.903,225.146,225.132,225.533,-0.275,-0.137
2017-03-03 13:47:00,225.008,225.126,444.000,914.000,224.85,225.00,2500.000,5000.000,225.15,225.20,4112.000,352.000,224.80,225.10,5000.000,10000.000,225.05,225.25,16674.000,9128.000,20000.000,27500.000,224.724,225.191,224.988,225.286,-0.250,-0.141
2017-03-03 13:48:00,224.873,225.025,479.000,60.000,224.90,224.95,12500.000,2500.000,225.00,225.15,100.000,2269.000,224.85,225.00,2500.000,7500.000,224.85,225.20,2673.000,5405.000,27500.000,27500.000,224.778,225.076,224.868,225.250,-0.150,-0.139
2017-03-03 13:49:00,224.897,225.063,614.000,267.000,224.90,224.95,5000.000,7500.000,225.00,225.15,1022.000,2156.000,224.85,225.00,5000.000,7500.000,224.95,225.20,4303.000,5829.000,22500.000,25000.000,224.793,225.071,224.839,225.220,-0.150,-0.126
2017-03-03 13:50:00,224.889,225.058,463.000,23.000,224.90,224.95,5000.000,10000.000,225.00,225.15,1022.000,2345.000,224.85,225.00,5000.000,7500.000,224.95,225.20,3992.000,5979.000,22500.000,27500.000,224.791,225.075,224.844,225.232,-0.150,-0.104
2017-03-03 13:51:00,224.853,224.935,221.000,383.000,224.65,224.75,7500.000,12500.000,224.80,225.00,1327.000,147.000,224.60,224.85,2500.000,10000.000,224.75,225.05,14764.000,4113.000,35000.000,32500.000,224.496,224.953,224.668,225.058,-0.200,-0.102
2017-03-03 13:52:00,224.724,224.862,2176.000,34.000,224.55,224.60,2500.000,2500.000,224.80,224.90,5334.000,34.000,224.50,224.70,7500.000,5000.000,224.75,224.95,22342.000,2956.000,30000.000,22500.000,224.427,224.809,224.658,225.000,-0.275,-0.079
2017-03-03 13:53:00,224.715,224.856,747.000,8.000,224.60,224.65,7500.000,2500.000,224.80,224.90,1008.000,51.000,224.55,224.70,10000.000,7500.000,224.70,225.00,14520.000,3170.000,35000.000,27500.000,224.475,224.811,224.614,225.045,-0.225,-0.062
2017-03-03 13:54:00,224.708,224.809,576.000,197.000,224.60,224.70,2500.000,2500.000,224.75,224.80,5862.000,2718.000,224.50,224.75,17500.000,7500.000,224.70,224.90,14949.000,6165.000,35000.000,22500.000,224.440,224.796,224.614,224.933,-0.125,-0.059
2017-03-03 13:55:00,224.674,224.733,209.000,78.000,224.60,224.65,15000.000,5000.000,224.70,224.80,21.000,145.000,224.55,224.70,5000.000,5000.000,224.65,224.85,8777.000,4085.000,32500.000,25000.000,224.470,224.802,224.600,224.905,-0.125,-0.049
2017-03-03 13:56:00,224.771,224.844,2047.000,47.000,224.65,224.70,2500.000,5000.000,224.80,224.90,1482.000,441.000,224.60,224.75,5000.000,7500.000,224.75,224.95,15371.000,3678.000,27500.000,32500.000,224.514,224.846,224.668,225.042,-0.175,-0.045
2017-03-03 13:57:00,224.752,224.773,687.000,67.000,224.65,224.70,5000.000,2500.000,224.75,224.85,71.000,441.000,224.60,224.75,5000.000,2500.000,224.70,224.90,9429.000,3800.000,25000.000,25000.000,224.502,224.839,224.580,224.975,-0.125,-0.053
2017-03-03 13:58:00,224.710,224.765,467.000,106.000,224.60,224.70,10000.000,2500.000,224.70,224.85,75.000,615.000,224.55,224.75,2500.000,7500.000,224.55,224.90,8415.000,4187.000,32500.000,25000.000,224.467,224.839,224.519,224.975,-0.125,-0.047
2017-03-03 13:59:00,224.684,224.771,2163.000,23.000,224.55,224.60,2500.000,2500.000,224.75,224.80,3882.000,15.000,224.50,224.65,5000.000,7500.000,224.70,224.85,16672.000,1493.000,22500.000,25000.000,224.438,224.774,224.594,224.910,-0.200,-0.032
2017-03-03 14:00:00,224.675,224.687,1254.000,938.000,224.55,224.70,5000.000,7500.000,224.60,224.75,3573.000,2728.000,224.50,224.75,5000.000,7500.000,224.50,224.80,10722.000,7172.000,35000.000,30000.000,224.434,224.785,224.400,224.842,-0.050,-0.060
2017-03-03 14:01:00,224.679,224.731,2073.000,11.000,224.55,224.60,2500.000,5000.000,224.70,224.80,3364.000,61.000,224.50,224.70,2500.000,10000.000,224.65,224.85,13213.000,3816.000,22500.000,30000.000,224.428,224.820,224.550,224.887,-0.175,-0.081
2017-03-03 14:02:00,224.808,224.867,1507.000,648.000,224.70,224.75,2500.000,10000.000,224.80,224.95,50.000,128.000,224.65,224.80,5000.000,10000.000,224.75,225.00,9200.000,3330.000,20000.000,32500.000,224.551,224.893,224.656,225.062,-0.150,-0.104
2017-03-03 14:03:00,224.814,224.838,648.000,408.000,224.70,224.75,7500.000,2500.000,224.80,224.95,50.000,128.000,224.65,224.80,2500.000,10000.000,224.65,225.00,9422.000,3250.000,25000.000,27500.000,224.541,224.912,224.630,225.086,-0.150,-0.108
2017-03-03 14:04:00,224.801,224.817,95.000,135.000,224.70,224.75,2500.000,7500.000,224.80,224.90,18.000,228.000,224.65,224.80,5000.000,7500.000,224.75,224.95,8273.000,3627.000,17500.000,32500.000,224.531,224.916,224.671,225.035,-0.125,-0.120
2017-03-03 14:05:00,224.875,225.025,701.000,1280.000,224.85,224.95,5000.000,7500.000,225.00,225.10,41.000,2244.000,224.80,225.00,5000.000,7500.000,224.90,225.15,5152.000,9095.000,25000.000,30000.000,224.692,225.058,224.865,225.192,-0.150,-0.091
2017-03-03 14:06:00,224.883,225.038,1099.000,208.000,224.85,224.90,2500.000,7500.000,225.00,225.10,2944.000,1022.000,224.80,224.95,5000.000,10000.000,224.95,225.15,9022.000,7950.000,20000.000,32500.000,224.735,225.017,224.887,225.181,-0.175,-0.085
2017-03-03 14:07:00,224.767,224.944,495.000,16.000,224.75,224.80,2500.000,2500.000,224.90,225.05,98.000,3.000,224.70,224.85,2500.000,2500.000,224.85,225.10,7368.000,7772.000,20000.000,22500.000,224.574,224.981,224.781,225.183,-0.200,-0.078
2017-03-03 14:08:00,224.808,224.850,232.000,7.000,224.70,224.75,7500.000,10000.000,224.80,224.95,1945.000,60.000,224.65,224.80,7500.000,2500.000,224.65,225.00,15240.000,3952.000,32500.000,27500.000,224.567,224.931,224.600,225.041,-0.150,-0.103
2017-03-03 14:09:00,224.766,224.840,494.000,675.000,224.75,224.85,5000.000,7500.000,224.80,224.95,70.000,1164.000,224.70,224.90,7500.000,2500.000,224.65,225.00,6340.000,10494.000,25000.000,25000.000,224.599,224.976,224.620,225.050,-0.075,-0.105
2017-03-03 14:10:00,224.699,224.704,171.000,33.000,224.65,224.70,2500.000,7500.000,224.65,224.85,40.000,474.000,224.60,224.75,2500.000,5000.000,224.55,224.90,6862.000,4858.000,27500.000,32500.000,224.512,224.846,224.473,224.954,-0.075,-0.157
2017-03-03 14:11:00,224.599,224.726,150.000,12.000,224.55,224.60,2500.000,7500.000,224.65,224.80,4129.000,79.000,224.50,224.65,7500.000,2500.000,224.60,224.85,8756.000,5316.000,30000.000,32500.000,224.437,224.830,224.542,224.892,-0.150,-0.161
2017-03-03 14:12:00,224.541,224.682,420.000,17.000,224.50,224.55,2500.000,2500.000,224.60,224.75,94.000,199.000,224.45,224.65,5000.000,2500.000,224.55,224.80,4834.000,4760.000,22500.000,20000.000,224.370,224.747,224.483,224.875,-0.150,-0.160
2017-03-03 14:13:00,224.599,224.765,217.000,56.000,224.65,224.70,2500.000,2500.000,224.70,224.85,103.000,773.000,224.60,224.75,7500.000,5000.000,224.60,224.90,1245.000,3380.000,27500.000,22500.000,224.522,224.835,224.555,224.967,-0.100,-0.155
2017-03-03 14:14:00,224.748,224.833,152.000,21.000,224.70,224.75,2500.000,2500.000,224.80,224.90,102.000,55.000,224.65,224.80,2500.000,2500.000,224.75,224.95,4739.000,3713.000,22500.000,22500.000,224.525,224.929,224.650,225.050,-0.125,-0.175
2017-03-03 14:15:00,224.652,224.919,211.000,70.000,224.75,224.80,5000.000,7500.000,224.85,225.05,42.000,110.000,224.70,224.85,5000.000,5000.000,224.80,225.10,1392.000,5959.000,22500.000,30000.000,224.607,224.966,224.761,225.146,-0.175,-0.150
2017-03-03 14:16:00,224.746,224.891,21.000,5.000,224.70,224.75,5000.000,2500.000,224.80,225.00,286.000,100.000,224.65,224.80,10000.000,7500.000,224.75,225.05,4261.000,3111.000,30000.000,27500.000,224.540,224.929,224.683,225.145,-0.175,-0.165
2017-03-03 14:17:00,224.787,224.924,2092.000,117.000,224.65,224.70,2500.000,5000.000,224.85,225.00,458.000,13.000,224.60,224.75,2500.000,5000.000,224.80,225.05,10754.000,1788.000,22500.000,25000.000,224.512,224.869,224.700,225.090,-0.250,-0.178
2017-03-03 14:18:00,224.894,225.033,351.000,940.000,224.85,224.90,2500.000,7500.000,225.00,225.15,179.000,1940.000,224.80,224.95,2500.000,2500.000,224.95,225.20,5029.000,5983.000,20000.000,32500.000,224.692,224.995,224.881,225.262,-0.200,-0.185
2017-03-03 14:19:00,225.060,225.245,2119.000,1062.000,225.00,225.10,5000.000,5000.000,225.15,225.35,342.000,148.000,224.95,225.15,7500.000,17500.000,225.10,225.45,5244.000,4004.000,30000.000,45000.000,224.912,225.208,225.037,225.494,-0.200,-0.187
2017-03-03 14:20:00,225.366,225.507,206.000,223.000,225.30,225.35,7500.000,2500.000,225.40,225.60,558.000,315.000,225.25,225.40,7500.000,7500.000,225.35,225.70,2187.000,1308.000,27500.000,27500.000,225.176,225.466,225.318,225.750,-0.175,-0.200
2017-03-03 14:21:00,225.133,225.357,269.000,763.000,225.15,225.20,2500.000,2500.000,225.30,225.40,40.000,245.000,225.10,225.25,2500.000,5000.000,225.20,225.45,2955.000,5616.000,25000.000,25000.000,225.007,225.328,225.115,225.505,-0.175,-0.199
2017-03-03 14:22:00,225.042,225.240,1648.000,214.000,224.95,225.00,2500.000,7500.000,225.15,225.25,1254.000,537.000,224.90,225.10,2500.000,2500.000,225.10,225.35,12420.000,7115.000,35000.000,27500.000,224.804,225.214,224.936,225.368,-0.225,-0.173
2017-03-03 14:23:00,225.014,225.190,19.000,43.000,224.85,224.90,2500.000,2500.000,225.05,225.20,170.000,61.000,224.80,224.95,5000.000,5000.000,225.00,225.25,7198.000,1590.000,30000.000,22500.000,224.667,225.050,224.921,225.328,-0.250,-0.159
2017-03-03 14:24:00,225.178,225.374,2931.000,420.000,225.00,225.15,2500.000,7500.000,225.25,225.45,366.000,10.000,224.95,225.20,7500.000,7500.000,225.20,225.50,10340.000,2818.000,27500.000,25000.000,224.882,225.305,225.141,225.530,-0.275,-0.153
2017-03-03 14:25:00,225.089,225.292,656.000,321.000,225.10,225.15,2500.000,5000.000,225.20,225.40,1884.000,283.000,225.05,225.20,2500.000,2500.000,225.15,225.45,4299.000,4022.000,20000.000,25000.000,225.033,225.298,225.081,225.490,-0.175,-0.147
2017-03-03 14:26:00,225.160,225.379,1538.000,92.000,225.15,225.20,5000.000,2500.000,225.30,225.45,1618.000,171.000,225.10,225.25,7500.000,7500.000,225.25,225.50,5318.000,4154.000,27500.000,25000.000,225.066,225.350,225.186,225.575,-0.200,-0.144
2017-03-03 14:27:00,225.399,225.469,1064.000,117.000,225.25,225.30,5000.000,2500.000,225.45,225.60,445.000,14.000,225.20,225.35,5000.000,5000.000,225.35,225.65,8834.000,2169.000,32500.000,32500.000,225.113,225.522,225.273,225.727,-0.250,-0.177
2017-03-03 14:28:00,225.360,225.466,362.000,308.000,225.30,225.35,2500.000,2500.000,225.45,225.60,137.000,652.000,225.25,225.40,5000.000,10000.000,225.40,225.65,5345.000,3886.000,25000.000,30000.000,225.145,225.488,225.235,225.713,-0.200,-0.180
2017-03-03 14:29:00,225.259,225.424,163.000,96.000,225.20,225.25,5000.000,10000.000,225.30,225.50,265.000,433.000,225.15,225.30,2500.000,5000.000,225.25,225.55,5324.000,3601.000,25000.000,22500.000,225.047,225.403,225.200,225.561,-0.175,-0.183
2017-03-03 14:30:00,225.131,225.307,2000.000,128.000,225.00,225.10,5000.000,2500.000,225.25,225.35,513.000,51.000,224.95,225.15,5000.000,10000.000,225.20,225.40,9978.000,3339.000,25000.000,27500.000,224.876,225.246,225.120,225.505,-0.250,-0.159
2017-03-03 14:31:00,225.199,225.400,1870.000,65.000,225.20,225.25,2500.000,2500.000,225.35,225.40,271.000,416.000,225.15,225.30,7500.000,2500.000,225.30,225.55,4606.000,5317.000,22500.000,22500.000,225.099,225.383,225.233,225.606,-0.150,-0.158
2017-03-03 14:32:00,225.275,225.512,3541.000,221.000,225.30,225.35,7500.000,2500.000,225.45,225.55,456.000,1404.000,225.25,225.40,2500.000,2500.000,225.35,225.60,5350.000,6744.000,27500.000,15000.000,225.252,225.472,225.282,225.650,-0.175,-0.149
2017-03-03 14:33:00,225.310,225.432,831.000,3488.000,225.35,225.40,5000.000,2500.000,225.45,225.60,349.000,129.000,225.25,225.45,2500.000,7500.000,225.35,225.65,3360.000,7957.000,25000.000,30000.000,225.214,225.491,225.250,225.725,-0.150,-0.162
2017-03-03 14:34:00,225.565,225.746,839.000,286.000,225.60,225.65,7500.000,2500.000,225.65,225.85,2156.000,554.000,225.55,225.70,10000.000,5000.000,225.55,225.90,3690.000,4922.000,32500.000,25000.000,225.539,225.794,225.523,225.980,-0.125,-0.162
2017-03-03 14:35:00,225.598,225.653,438.000,683.000,225.60,225.65,2500.000,2500.000,225.65,225.80,11.000,359.000,225.55,225.70,5000.000,5000.000,225.60,225.85,3571.000,5181.000,17500.000,32500.000,225.459,225.786,225.543,225.935,-0.100,-0.188
2017-03-03 14:36:00,225.365,225.564,1693.000,125.000,225.25,225.40,5000.000,5000.000,225.40,225.60,689.000,1056.000,225.20,225.45,2500.000,2500.000,225.35,225.65,6319.000,3620.000,35000.000,27500.000,225.149,225.522,225.261,225.795,-0.175,-0.204
2017-03-03 14:37:00,225.369,225.559,371.000,56.000,225.25,225.30,5000.000,2500.000,225.40,225.55,489.000,441.000,225.20,225.40,10000.000,2500.000,225.35,225.60,6321.000,2769.000,30000.000,12500.000,225.108,225.504,225.304,225.670,-0.200,-0.203
2017-03-03 14:38:00,225.378,225.567,2088.000,48.000,225.20,225.25,2500.000,2500.000,225.45,225.60,345.000,77.000,225.15,225.30,7500.000,2500.000,225.40,225.70,20473.000,1567.000,22500.000,15000.000,225.045,225.423,225.339,225.758,-0.300,-0.185
2017-03-03 14:39:00,225.074,225.252,2131.000,68.000,225.00,225.10,7500.000,10000.000,225.10,225.30,60.000,495.000,224.95,225.15,2500.000,5000.000,225.05,225.35,5676.000,3213.000,32500.000,22500.000,224.906,225.238,224.973,225.361,-0.150,-0.185
2017-03-03 14:40:00,225.175,225.363,1768.000,69.000,225.05,225.10,5000.000,2500.000,225.25,225.35,1236.000,35.000,225.00,225.15,5000.000,2500.000,225.15,225.40,8352.000,1555.000,35000.000,15000.000,224.926,225.242,225.086,225.450,-0.225,-0.177
2017-03-03 14:41:00,225.033,225.312,242.000,112.000,225.05,225.10,5000.000,5000.000,225.15,225.30,1349.000,522.000,225.00,225.15,2500.000,2500.000,225.10,225.40,3250.000,5027.000,32500.000,20000.000,224.936,225.234,224.988,225.425,-0.150,-0.152
2017-03-03 14:42:00,225.144,225.326,116.000,430.000,225.10,225.15,2500.000,2500.000,225.20,225.30,957.000,809.000,225.00,225.20,12500.000,2500.000,225.15,225.40,4857.000,3905.000,32500.000,15000.000,224.899,225.259,225.069,225.450,-0.125,-0.141
2017-03-03 14:43:00,225.296,225.393,2988.000,333.000,225.20,225.25,15000.000,2500.000,225.35,225.45,331.000,71.000,225.10,225.30,2500.000,2500.000,225.30,225.60,10648.000,2844.000,27500.000,25000.000,225.042,225.393,225.286,225.680,-0.175,-0.157
2017-03-03 14:44:00,225.473,225.652,1129.000,93.000,225.50,225.55,10000.000,7500.000,225.60,225.75,2782.000,681.000,225.45,225.60,2500.000,7500.000,225.55,225.80,4475.000,4705.000,30000.000,37500.000,225.447,225.701,225.463,225.887,-0.150,-0.175
2017-03-03 14:45:00,225.501,225.650,134.000,12.000,225.35,225.40,2500.000,5000.000,225.55,225.70,343.000,33.000,225.30,225.45,7500.000,5000.000,225.50,225.80,6355.000,972.000,22500.000,22500.000,225.205,225.543,225.444,225.828,-0.250,-0.186
2017-03-03 14:46:00,225.404,225.555,43.000,15.000,225.40,225.45,2500.000,2500.000,225.55,225.70,61.000,2510.000,225.35,225.50,7500.000,2500.000,225.50,225.75,2123.000,4453.000,20000.000,30000.000,225.242,225.544,225.456,225.833,-0.200,-0.201
2017-03-03 14:47:00,225.367,225.493,258.000,305.000,225.30,225.35,2500.000,2500.000,225.35,225.55,388.000,532.000,225.15,225.40,5000.000,2500.000,225.30,225.60,7512.000,4119.000,22500.000,15000.000,225.031,225.476,225.211,225.650,-0.125,-0.218
2017-03-03 14:48:00,225.383,225.561,188.000,57.000,225.20,225.25,2500.000,2500.000,225.40,225.60,1451.000,76.000,225.15,225.30,10000.000,2500.000,225.35,225.70,7845.000,505.000,27500.000,17500.000,225.048,225.355,225.314,225.750,-0.275,-0.226
2017-03-03 14:49:00,225.358,225.627,249.000,473.000,225.35,225.40,10000.000,2500.000,225.50,225.65,3.000,264.000,225.30,225.45,10000.000,2500.000,225.45,225.80,4915.000,5516.000,30000.000,20000.000,225.142,225.530,225.429,225.850,-0.200,-0.194
2017-03-03 14:50:00,225.406,225.612,251.000,2505.000,225.45,225.50,5000.000,2500.000,225.55,225.70,102.000,664.000,225.40,225.55,12500.000,5000.000,225.50,225.75,1112.000,6765.000,27500.000,25000.000,225.342,225.577,225.477,225.815,-0.150,-0.185
2017-03-03 14:51:00,225.358,225.583,95.000,19.000,225.30,225.35,10000.000,2500.000,225.50,225.65,110.000,118.000,225.25,225.40,10000.000,7500.000,225.45,225.70,4651.000,3112.000,27500.000,17500.000,225.152,225.501,225.423,225.736,-0.250,-0.183
2017-03-03 14:52:00,225.336,225.547,1247.000,269.000,225.30,225.35,2500.000,2500.000,225.50,225.60,5329.000,138.000,225.25,225.40,10000.000,2500.000,225.45,225.65,9720.000,5212.000,22500.000,17500.000,225.221,225.489,225.394,225.750,-0.225,-0.175
2017-03-03 14:53:00,225.442,225.662,5635.000,141.000,225.35,225.40,2500.000,2500.000,225.60,225.75,378.000,232.000,225.30,225.45,15000.000,5000.000,225.55,225.80,14964.000,4079.000,27500.000,22500.000,225.247,225.529,225.486,225.867,-0.300,-0.179
2017-03-03 14:54:00,225.803,225.911,142.000,559.000,225.65,225.70,2500.000,5000.000,225.90,226.00,323.000,100.000,225.60,225.75,7500.000,7500.000,225.80,226.05,12070.000,2563.000,25000.000,30000.000,225.486,225.836,225.740,226.133,-0.275,-0.193
2017-03-03 14:55:00,225.755,225.917,800.000,305.000,225.80,225.85,5000.000,5000.000,225.90,226.05,221.000,879.000,225.75,225.90,5000.000,10000.000,225.85,226.10,3236.000,8468.000,20000.000,32500.000,225.685,225.976,225.800,226.215,-0.150,-0.210
2017-03-03 14:56:00,225.901,226.116,896.000,90.000,225.85,225.90,2500.000,7500.000,226.05,226.25,100.000,17.000,225.80,225.95,7500.000,2500.000,226.00,226.30,4237.000,2949.000,22500.000,32500.000,225.737,226.011,225.956,226.342,-0.275,-0.206
2017-03-03 14:57:00,225.881,226.053,2544.000,667.000,225.85,225.90,5000.000,5000.000,226.00,226.10,110.000,777.000,225.80,225.95,7500.000,5000.000,225.95,226.15,7074.000,5148.000,22500.000,20000.000,225.768,226.008,225.917,226.181,-0.175,-0.186
2017-03-03 14:58:00,225.671,225.910,1746.000,443.000,225.60,225.65,2500.000,7500.000,225.75,225.95,1928.000,210.000,225.55,225.80,12500.000,2500.000,225.70,226.00,5617.000,3363.000,30000.000,20000.000,225.525,225.870,225.633,226.050,-0.225,-0.178
2017-03-03 14:59:00,225.693,225.869,1520.000,459.000,225.60,225.65,5000.000,12500.000,225.70,225.90,45.000,404.000,225.50,225.70,7500.000,5000.000,225.65,226.00,5833.000,2320.000,35000.000,32500.000,225.424,225.757,225.529,226.046,-0.175,-0.181
2017-03-03 15:00:00,225.499,225.746,2500.000,517.000,225.50,225.60,10000.000,2500.000,225.65,225.75,64.000,1089.000,225.45,225.65,2500.000,2500.000,225.60,225.80,4185.000,6114.000,42500.000,20000.000,225.437,225.713,225.476,225.869,-0.150,-0.154
2017-03-03 15:01:00,225.621,225.817,1533.000,473.000,225.60,225.65,2500.000,2500.000,225.75,225.85,1894.000,298.000,225.55,225.70,2500.000,10000.000,225.70,225.90,4892.000,3354.000,25000.000,25000.000,225.534,225.768,225.595,225.935,-0.175,-0.141
2017-03-03 15:02:00,225.681,225.753,2415.000,112.000,225.70,225.75,10000.000,7500.000,225.75,225.95,2669.000,458.000,225.65,225.80,2500.000,12500.000,225.70,226.00,6718.000,6850.000,27500.000,47500.000,225.646,225.889,225.614,226.095,-0.125,-0.154
2017-03-03 15:03:00,225.600,225.800,384.000,51.000,225.60,225.65,2500.000,2500.000,225.75,225.90,770.000,80.000,225.55,225.70,10000.000,10000.000,225.70,225.95,2750.000,2931.000,25000.000,30000.000,225.496,225.794,225.625,226.004,-0.200,-0.161
2017-03-03 15:04:00,225.473,225.665,2166.000,73.000,225.50,225.55,7500.000,5000.000,225.60,225.75,60.000,405.000,225.45,225.60,2500.000,10000.000,225.55,225.80,3666.000,3943.000,30000.000,37500.000,225.439,225.704,225.492,225.877,-0.150,-0.163
2017-03-03 15:05:00,225.460,225.572,505.000,100.000,225.45,225.50,10000.000,5000.000,225.50,225.70,2050.000,597.000,225.40,225.55,5000.000,10000.000,225.35,225.75,5255.000,3809.000,30000.000,27500.000,225.365,225.629,225.350,225.777,-0.125,-0.203
2017-03-03 15:06:00,225.343,225.475,1882.000,82.000,225.25,225.35,7500.000,2500.000,225.40,225.55,336.000,1925.000,225.20,225.40,12500.000,12500.000,225.35,225.60,7735.000,4546.000,32500.000,27500.000,225.141,225.454,225.304,225.632,-0.175,-0.221
2017-03-03 15:07:00,225.288,225.423,80.000,782.000,225.20,225.35,2500.000,2500.000,225.35,225.45,370.000,802.000,225.15,225.40,7500.000,10000.000,225.30,225.50,8719.000,9098.000,27500.000,27500.000,225.038,225.477,225.200,225.541,-0.125,-0.257
2017-03-03 15:08:00,225.070,225.306,1347.000,33.000,225.10,225.15,7500.000,2500.000,225.20,225.35,222.000,195.000,225.00,225.20,10000.000,2500.000,225.10,225.40,4379.000,4854.000,42500.000,25000.000,224.953,225.304,225.047,225.465,-0.150,-0.249
2017-03-03 15:09:00,225.497,225.698,1702.000,3850.000,225.45,225.50,2500.000,2500.000,225.65,225.75,584.000,175.000,225.35,225.55,27500.000,7500.000,225.60,225.80,7806.000,7207.000,47500.000,35000.000,225.285,225.569,225.539,225.889,-0.225,-0.247
2017-03-03 15:10:00,225.407,225.719,1640.000,314.000,225.50,225.55,5000.000,5000.000,225.65,225.75,50.000,648.000,225.40,225.60,32500.000,2500.000,225.60,225.80,3251.000,7235.000,52500.000,27500.000,225.397,225.694,225.562,225.891,-0.175,-0.238
2017-03-03 15:11:00,225.410,225.633,599.000,995.000,225.40,225.45,25000.000,2500.000,225.60,225.65,1000.000,2068.000,225.30,225.50,5000.000,2500.000,225.55,225.70,4190.000,5404.000,42500.000,22500.000,225.230,225.529,225.544,225.756,-0.200,-0.216
2017-03-03 15:12:00,225.434,225.750,1245.000,705.000,225.50,225.55,2500.000,7500.000,225.65,225.80,229.000,1123.000,225.45,225.60,32500.000,5000.000,225.60,225.85,3114.000,8442.000,45000.000,27500.000,225.406,225.694,225.578,225.900,-0.200,-0.204
2017-03-03 15:13:00,225.522,225.717,428.000,67.000,225.35,225.40,2500.000,7500.000,225.60,225.75,354.000,157.000,225.30,225.50,10000.000,5000.000,225.55,225.80,8607.000,2202.000,32500.000,25000.000,225.195,225.592,225.488,225.865,-0.300,-0.226
2017-03-03 15:14:00,225.537,225.727,282.000,1078.000,225.50,225.55,5000.000,7500.000,225.65,225.80,5265.000,634.000,225.40,225.60,7500.000,2500.000,225.60,225.85,14163.000,8116.000,27500.000,22500.000,225.334,225.697,225.527,225.900,-0.200,-0.256
2017-03-03 15:15:00,225.565,225.830,205.000,664.000,225.55,225.60,2500.000,7500.000,225.70,225.85,202.000,322.000,225.50,225.65,10000.000,2500.000,225.65,225.90,7806.000,8559.000,35000.000,20000.000,225.321,225.739,225.554,225.931,-0.200,-0.270
2017-03-03 15:16:00,225.574,225.685,802.000,311.000,225.45,225.50,2500.000,2500.000,225.65,225.70,300.000,285.000,225.40,225.55,10000.000,10000.000,225.60,225.75,10571.000,4037.000,22500.000,20000.000,225.281,225.625,225.561,225.781,-0.200,-0.309
2017-03-03 15:17:00,225.440,225.694,2263.000,305.000,225.40,225.45,2500.000,5000.000,225.60,225.70,2065.000,888.000,225.35,225.50,12500.000,2500.000,225.55,225.75,6925.000,3676.000,45000.000,22500.000,225.325,225.571,225.500,225.817,-0.225,-0.316
2017-03-03 15:18:00,225.527,225.835,958.000,488.000,225.55,225.60,2500.000,5000.000,225.75,225.80,842.000,1132.000,225.50,225.65,2500.000,7500.000,225.70,225.90,4843.000,8875.000,42500.000,32500.000,225.432,225.727,225.609,225.958,-0.200,-0.315
2017-03-03 15:19:00,225.400,225.743,463.000,853.000,225.45,225.50,15000.000,7500.000,225.60,225.75,500.000,216.000,225.40,225.55,15000.000,2500.000,225.55,225.80,1537.000,4606.000,62500.000,25000.000,225.379,225.607,225.518,225.830,-0.200,-0.275
2017-03-03 15:20:00,225.267,225.602,300.000,200.000,225.25,225.30,5000.000,2500.000,225.45,225.60,1175.000,455.000,225.20,225.35,10000.000,2500.000,225.40,225.65,7684.000,7086.000,45000.000,17500.000,225.073,225.458,225.344,225.714,-0.250,-0.235
2017-03-03 15:21:00,225.522,225.824,50.000,234.000,225.45,225.55,5000.000,5000.000,225.70,225.85,57.000,227.000,225.40,225.60,10000.000,25000.000,225.65,225.90,4512.000,3010.000,65000.000,47500.000,225.328,225.703,225.581,225.924,-0.275,-0.227
2017-03-03 15:22:00,225.456,225.749,785.000,971.000,225.55,225.60,2500.000,2500.000,225.70,225.75,66.000,862.000,225.45,225.65,10000.000,2500.000,225.60,225.80,1964.000,6942.000,60000.000,35000.000,225.430,225.718,225.519,225.886,-0.150,-0.196
2017-03-03 15:23:00,225.518,225.821,1351.000,226.000,225.50,225.55,2500.000,7500.000,225.70,225.85,94.000,784.000,225.45,225.60,7500.000,20000.000,225.65,225.90,4451.000,3815.000,57500.000,47500.000,225.396,225.692,225.563,225.929,-0.250,-0.179
2017-03-03 15:24:00,225.485,225.626,20.000,492.000,225.45,225.50,10000.000,5000.000,225.55,225.70,339.000,147.000,225.40,225.55,15000.000,7500.000,225.50,225.75,3565.000,2788.000,50000.000,40000.000,225.345,225.619,225.458,225.831,-0.150,-0.172
2017-03-03 15:25:00,225.494,225.630,1190.000,342.000,225.40,225.45,5000.000,2500.000,225.50,225.60,50.000,3181.000,225.35,225.50,5000.000,7500.000,225.45,225.65,13396.000,7158.000,50000.000,30000.000,225.249,225.556,225.373,225.733,-0.125,-0.160
2017-03-03 15:26:00,225.353,225.613,2230.000,1114.000,225.40,225.45,2500.000,2500.000,225.55,225.65,169.000,2560.000,225.35,225.50,7500.000,5000.000,225.50,225.70,3022.000,7174.000,42500.000,35000.000,225.359,225.556,225.421,225.789,-0.175,-0.160
2017-03-03 15:27:00,225.336,225.475,185.000,230.000,225.35,225.40,2500.000,2500.000,225.40,225.50,2261.000,906.000,225.30,225.45,5000.000,7500.000,225.35,225.55,3203.000,4963.000,40000.000,30000.000,225.273,225.505,225.278,225.621,-0.075,-0.160
2017-03-03 15:28:00,225.335,225.553,23.000,102.000,225.40,225.45,5000.000,5000.000,225.45,225.60,151.000,296.000,225.35,225.50,10000.000,7500.000,225.40,225.65,873.000,2477.000,45000.000,35000.000,225.251,225.608,225.339,225.700,-0.100,-0.160
2017-03-03 15:29:00,225.329,225.440,14.000,476.000,225.15,225.20,2500.000,5000.000,225.30,225.45,403.000,114.000,225.10,225.25,12500.000,2500.000,225.25,225.50,6777.000,943.000,47500.000,25000.000,224.930,225.252,225.176,225.565,-0.200,-0.160
2017-03-03 15:30:00,225.039,225.114,276.000,213.000,225.00,225.05,17500.000,2500.000,225.00,225.25,14.000,313.000,224.95,225.10,2500.000,2500.000,224.75,225.35,680.000,731.000,27500.000,17500.000,224.860,225.127,224.882,225.550,-0.100,-0.160
2017-03-06 09:16:00,225.201,225.125,84.000,347.000,225.05,225.10,2500.000,2500.000,225.10,225.25,908.000,556.000,224.90,225.15,2500.000,2500.000,225.05,225.30,9019.000,1147.000,15000.000,15000.000,224.813,225.167,224.942,225.383,-0.100,-0.051
2017-03-06 09:17:00,225.148,225.296,260.000,60.000,225.00,225.10,5000.000,2500.000,225.10,225.30,25.000,767.000,224.90,225.15,2500.000,2500.000,225.05,225.45,6857.000,1880.000,20000.000,12500.000,224.825,225.191,225.000,225.510,-0.150,-0.048
2017-03-06 09:18:00,225.026,225.083,1011.000,371.000,224.85,225.05,2500.000,5000.000,225.00,225.25,414.000,273.000,224.80,225.10,2500.000,2500.000,224.75,225.30,4447.000,1659.000,15000.000,15000.000,224.773,225.145,224.733,225.367,-0.175,-0.065
2017-03-06 09:19:00,225.103,225.115,421.000,2.000,224.90,225.00,5000.000,2500.000,225.00,225.20,60.000,16.000,224.85,225.05,5000.000,5000.000,224.95,225.25,9096.000,1352.000,17500.000,15000.000,224.742,225.170,224.900,225.333,-0.150,-0.096
2017-03-06 09:20:00,225.263,225.254,9.000,215.000,225.15,225.20,2500.000,2500.000,225.20,225.35,421.000,5.000,225.10,225.25,2500.000,5000.000,225.10,225.40,8273.000,4662.000,15000.000,15000.000,224.973,225.419,225.033,225.442,-0.100,-0.149
2017-03-06 09:21:00,225.434,225.480,389.000,311.000,225.25,225.40,7500.000,2500.000,225.40,225.55,1010.000,118.000,225.20,225.45,5000.000,5000.000,225.35,225.60,11929.000,2786.000,20000.000,17500.000,225.141,225.537,225.331,225.707,-0.150,-0.151
2017-03-06 09:22:00,225.089,225.220,850.000,5.000,225.00,225.05,2500.000,2500.000,225.20,225.40,5643.000,367.000,224.95,225.10,7500.000,2500.000,225.00,225.45,10625.000,3257.000,20000.000,17500.000,224.902,225.152,224.919,225.500,-0.275,-0.143
2017-03-06 09:23:00,225.178,225.323,1281.000,95.000,225.00,225.10,2500.000,2500.000,225.20,225.40,5886.000,694.000,224.95,225.15,5000.000,2500.000,225.15,225.45,14176.000,1326.000,20000.000,17500.000,224.896,225.195,225.081,225.500,-0.250,-0.144
2017-03-06 09:24:00,225.274,225.441,60.000,444.000,225.20,225.40,5000.000,2500.000,225.30,225.50,354.000,854.000,225.15,225.45,2500.000,2500.000,225.25,225.70,6138.000,8307.000,20000.000,20000.000,225.040,225.537,225.188,225.794,-0.100,-0.123
2017-03-06 09:25:00,225.077,225.335,365.000,505.000,225.05,225.15,5000.000,5000.000,225.10,225.35,94.000,337.000,225.00,225.20,5000.000,7500.000,225.05,225.45,4212.000,6882.000,32500.000,25000.000,224.878,225.272,224.935,225.555,-0.125,-0.082
2017-03-06 09:26:00,224.945,225.002,1.000,58.000,224.90,224.95,7500.000,2500.000,225.00,225.10,60.000,1858.000,224.80,225.00,2500.000,2500.000,224.95,225.20,11414.000,6603.000,22500.000,30000.000,224.723,225.084,224.878,225.271,-0.125,-0.085
2017-03-06 09:27:00,225.142,225.234,870.000,361.000,225.00,225.10,10000.000,5000.000,225.10,225.25,110.000,12.000,224.95,225.15,5000.000,2500.000,225.05,225.40,10600.000,3630.000,32500.000,22500.000,224.850,225.274,225.023,225.428,-0.125,-0.089
2017-03-06 09:28:00,225.208,225.357,647.000,563.000,225.15,225.35,10000.000,2500.000,225.25,225.40,1047.000,847.000,225.10,225.40,5000.000,5000.000,225.20,225.45,6419.000,8998.000,22500.000,15000.000,225.028,225.480,225.189,225.533,-0.075,-0.071
2017-03-06 09:29:00,225.083,225.142,384.000,425.000,225.00,225.15,2500.000,2500.000,225.05,225.20,272.000,1070.000,224.95,225.20,2500.000,5000.000,225.00,225.25,6498.000,6902.000,17500.000,15000.000,224.841,225.281,224.950,225.292,-0.050,-0.076
2017-03-06 09:30:00,225.404,225.457,51.000,165.000,225.30,225.40,7500.000,2500.000,225.35,225.50,1493.000,111.000,225.25,225.45,7500.000,2500.000,225.30,225.65,9554.000,5769.000,30000.000,22500.000,225.135,225.564,225.229,225.761,-0.075,-0.079
2017-03-06 09:31:00,225.363,225.435,10.000,330.000,225.30,225.45,5000.000,2500.000,225.35,225.50,976.000,1.000,225.25,225.50,2500.000,7500.000,225.30,225.60,6151.000,7484.000,15000.000,17500.000,225.137,225.592,225.267,225.643,-0.050,-0.099
2017-03-06 09:32:00,225.015,225.127,256.000,503.000,225.05,225.10,2500.000,5000.000,225.05,225.20,208.000,52.000,225.00,225.15,2500.000,2500.000,225.00,225.25,3248.000,6428.000,17500.000,15000.000,224.889,225.260,224.836,225.300,-0.050,-0.086
2017-03-06 09:33:00,225.406,225.463,101.000,3.000,225.25,225.35,10000.000,2500.000,225.35,225.55,354.000,117.000,225.20,225.40,5000.000,2500.000,225.30,225.60,10879.000,3680.000,32500.000,15000.000,225.092,225.494,225.154,225.683,-0.150,-0.099
2017-03-06 09:34:00,225.199,225.284,25.000,421.000,225.15,225.25,5000.000,2500.000,225.20,225.40,198.000,871.000,225.05,225.30,2500.000,2500.000,225.15,225.45,6351.000,5707.000,20000.000,20000.000,224.952,225.376,225.050,225.556,-0.100,-0.114
2017-03-06 09:35:00,226.042,226.114,60.000,73.000,225.90,225.95,5000.000,2500.000,226.00,226.15,373.000,135.000,225.85,226.00,5000.000,2500.000,225.95,226.20,9695.000,2020.000,20000.000,15000.000,225.741,226.131,225.894,226.317,-0.150,-0.117
2017-03-06 09:36:00,225.885,226.056,395.000,17.000,225.80,225.85,5000.000,2500.000,225.95,226.10,65.000,1.000,225.75,225.90,2500.000,5000.000,225.90,226.25,5796.000,1825.000,20000.000,20000.000,225.679,226.036,225.856,226.294,-0.200,-0.104
2017-03-06 09:37:00,226.020,226.063,51.000,143.000,225.90,226.00,2500.000,2500.000,225.95,226.15,1030.000,147.000,225.85,226.05,5000.000,2500.000,225.90,226.20,5645.000,3062.000,20000.000,17500.000,225.738,226.141,225.831,226.271,-0.100,-0.114
2017-03-06 09:38:00,226.050,226.175,3338.000,13.000,226.00,226.05,2500.000,2500.000,226.10,226.25,371.000,168.000,225.95,226.15,5000.000,2500.000,226.05,226.30,8720.000,5532.000,22500.000,22500.000,225.910,226.239,225.972,226.378,-0.150,-0.101
2017-03-06 09:39:00,226.049,226.206,235.000,102.000,226.05,226.10,2500.000,2500.000,226.10,226.20,192.000,353.000,226.00,226.15,2500.000,2500.000,226.05,226.25,5669.000,8356.000,25000.000,15000.000,225.875,226.254,225.965,226.308,-0.075,-0.080
2017-03-06 09:40:00,226.186,226.274,190.000,56.000,226.05,226.10,2500.000,2500.000,226.25,226.30,4035.000,192.000,226.00,226.15,25000.000,2500.000,226.20,226.35,11719.000,1547.000,37500.000,20000.000,225.928,226.239,226.160,226.431,-0.200,-0.079
2017-03-06 09:41:00,226.273,226.381,132.000,300.000,226.20,226.25,2500.000,5000.000,226.35,226.45,50.000,143.000,226.15,226.30,2500.000,5000.000,226.30,226.50,7183.000,3726.000,15000.000,25000.000,226.057,226.407,226.242,226.575,-0.175,-0.068
2017-03-06 09:42:00,226.259,226.350,260.000,77.000,226.25,226.35,2500.000,2500.000,226.35,226.45,50.000,17.000,226.20,226.40,2500.000,7500.000,226.30,226.50,6395.000,8815.000,12500.000,27500.000,226.091,226.522,226.250,226.586,-0.100,-0.044
2017-03-06 09:43:00,226.249,226.312,108.000,8.000,226.20,226.25,5000.000,2500.000,226.20,226.35,110.000,4.000,226.10,226.30,5000.000,2500.000,226.15,226.40,7393.000,4760.000,30000.000,20000.000,225.971,226.431,226.079,226.475,-0.050,-0.030
2017-03-06 09:44:00,226.254,226.306,726.000,169.000,226.20,226.35,2500.000,2500.000,226.30,226.35,750.000,672.000,226.15,226.40,5000.000,2500.000,226.20,226.40,10969.000,13492.000,22500.000,22500.000,226.051,226.496,226.139,226.461,-0.050,-0.018
2017-03-06 09:45:00,226.193,226.276,310.000,467.000,226.20,226.35,7500.000,5000.000,226.20,226.35,750.000,672.000,226.15,226.40,2500.000,2500.000,226.10,226.40,6247.000,14886.000,35000.000,27500.000,226.037,226.490,226.043,226.459,-0.000,-0.016
2017-03-06 09:46:00,226.160,226.214,157.000,50.000,226.20,226.30,2500.000,2500.000,226.25,226.30,753.000,819.000,226.10,226.35,2500.000,2500.000,226.15,226.35,9435.000,15104.000,22500.000,32500.000,226.013,226.463,226.061,226.450,-0.025,-0.030
2017-03-06 09:47:00,226.280,226.250,906.000,1393.000,226.25,226.40,2500.000,5000.000,226.35,226.40,1564.000,575.000,226.20,226.45,2500.000,2500.000,226.25,226.45,9956.000,16182.000,15000.000,45000.000,226.133,226.516,226.167,226.528,-0.050,-0.047
2017-03-06 09:48:00,226.264,226.257,646.000,708.000,226.35,226.40,2500.000,5000.000,226.30,226.40,100.000,575.000,226.30,226.45,2500.000,2500.000,226.15,226.45,2174.000,14619.000,25000.000,42500.000,226.233,226.524,226.070,226.521,0.025,-0.059
2017-03-06 09:49:00,226.326,226.315,414.000,37.000,226.35,226.40,5000.000,5000.000,226.35,226.45,170.000,585.000,226.30,226.45,2500.000,20000.000,226.25,226.50,4071.000,9582.000,17500.000,47500.000,226.194,226.521,226.214,226.561,-0.025,-0.066
2017-03-06 09:50:00,226.156,226.230,316.000,180.000,226.20,226.35,7500.000,5000.000,226.10,226.35,45.000,2236.000,226.15,226.40,2500.000,2500.000,226.05,226.40,4721.000,17667.000,32500.000,30000.000,226.041,226.488,225.992,226.467,0.050,-0.089
2017-03-06 09:51:00,226.162,226.287,75.000,150.000,226.25,226.30,10000.000,5000.000,226.20,226.40,686.000,831.000,226.20,226.35,5000.000,2500.000,226.15,226.45,3303.000,11324.000,37500.000,40000.000,226.102,226.471,226.100,226.512,-0.025,-0.087
2017-03-06 09:52:00,226.039,226.092,124.000,145.000,226.20,226.30,2500.000,5000.000,226.05,226.30,105.000,1274.000,226.10,226.35,7500.000,2500.000,226.00,226.35,1920.000,15439.000,25000.000,40000.000,226.008,226.462,225.945,226.431,0.075,-0.102
2017-03-06 09:53:00,226.165,226.217,60.000,380.000,226.20,226.30,2500.000,2500.000,226.15,226.35,535.000,110.000,226.15,226.35,5000.000,7500.000,226.10,226.40,5241.000,11851.000,25000.000,35000.000,226.035,226.468,226.030,226.464,0.000,-0.111
2017-03-06 09:54:00,226.022,226.050,491.000,1396.000,226.05,226.25,5000.000,2500.000,226.00,226.20,673.000,2871.000,226.00,226.30,2500.000,7500.000,225.95,226.25,3162.000,13006.000,17500.000,25000.000,225.926,226.364,225.914,226.315,0.050,-0.127
2017-03-06 09:55:00,225.946,226.134,52.000,70.000,225.90,225.95,2500.000,5000.000,226.05,226.15,482.000,110.000,225.85,226.10,2500.000,2500.000,226.00,226.20,9615.000,9584.000,27500.000,20000.000,225.781,226.226,225.891,226.269,-0.175,-0.123
2017-03-06 09:56:00,225.732,225.847,13.000,401.000,225.65,225.80,2500.000,5000.000,225.70,225.90,629.000,269.000,225.60,225.85,5000.000,2500.000,225.65,225.95,7821.000,7415.000,20000.000,20000.000,225.482,225.967,225.594,226.088,-0.075,-0.118
2017-03-06 09:57:00,225.847,225.971,105.000,522.000,225.80,225.90,10000.000,5000.000,225.90,226.00,371.000,1186.000,225.70,225.95,2500.000,2500.000,225.85,226.05,7467.000,6477.000,20000.000,15000.000,225.631,226.007,225.819,226.142,-0.100,-0.114
2017-03-06 09:58:00,226.191,226.288,617.000,860.000,226.10,226.20,2500.000,5000.000,226.20,226.40,421.000,896.000,226.05,226.25,15000.000,12500.000,226.15,226.50,6403.000,4102.000,30000.000,35000.000,225.976,226.318,226.100,226.554,-0.150,-0.140
2017-03-06 09:59:00,226.145,226.254,507.000,515.000,226.15,226.20,5000.000,2500.000,226.15,226.35,70.000,525.000,226.10,226.25,10000.000,2500.000,226.10,226.45,2196.000,3006.000,27500.000,30000.000,226.029,226.333,226.064,226.537,-0.075,-0.146
2017-03-06 10:00:00,226.224,226.393,373.000,252.000,226.25,226.35,5000.000,2500.000,226.30,226.45,363.000,699.000,226.20,226.40,2500.000,10000.000,226.25,226.50,6284.000,14079.000,25000.000,30000.000,226.084,226.507,226.185,226.600,-0.075,-0.143
2017-03-06 10:01:00,226.388,226.477,10.000,1147.000,226.35,226.45,2500.000,5000.000,226.40,226.60,51.000,1499.000,226.25,226.50,2500.000,2500.000,226.35,226.65,4889.000,5719.000,15000.000,17500.000,226.149,226.554,226.292,226.700,-0.100,-0.134
2017-03-06 10:02:00,226.321,226.427,160.000,116.000,226.35,226.40,5000.000,2500.000,226.35,226.45,840.000,1203.000,226.20,226.45,2500.000,2500.000,226.30,226.65,7967.000,9600.000,17500.000,20000.000,226.101,226.522,226.250,226.706,-0.025,-0.130
2017-03-06 10:03:00,226.181,226.406,11.000,56.000,226.25,226.35,5000.000,2500.000,226.25,226.35,387.000,878.000,226.20,226.40,5000.000,2500.000,226.20,226.65,2726.000,12315.000,22500.000,17500.000,226.082,226.494,226.128,226.686,0.000,-0.081
2017-03-06 10:04:00,226.152,226.292,412.000,3.000,226.20,226.25,2500.000,2500.000,226.15,226.30,110.000,186.000,226.10,226.35,2500.000,5000.000,226.10,226.50,6540.000,11301.000,15000.000,15000.000,226.011,226.463,226.050,226.517,-0.000,-0.075
2017-03-06 10:05:00,226.304,226.458,285.000,1175.000,226.45,226.50,2500.000,2500.000,226.35,226.50,431.000,1928.000,226.30,226.55,5000.000,2500.000,226.30,226.60,2515.000,12746.000,17500.000,15000.000,226.242,226.618,226.243,226.658,0.050,-0.071
2017-03-06 10:06:00,226.442,226.490,792.000,1548.000,226.50,226.55,5000.000,2500.000,226.45,226.55,132.000,2562.000,226.45,226.60,2500.000,2500.000,226.40,226.65,3034.000,10840.000,22500.000,27500.000,226.383,226.671,226.333,226.732,0.025,-0.077
2017-03-06 10:07:00,227.015,227.097,483.000,34.000,226.90,227.00,10000.000,2500.000,227.00,227.10,1014.000,45.000,226.85,227.05,2500.000,2500.000,226.95,227.20,10667.000,4019.000,25000.000,15000.000,226.772,227.186,226.915,227.242,-0.100,-0.100
2017-03-06 10:08:00,227.025,227.007,476.000,19.000,226.90,226.95,5000.000,15000.000,226.90,227.10,596.000,318.000,226.80,227.00,5000.000,2500.000,226.85,227.15,6966.000,2067.000,22500.000,27500.000,226.685,227.088,226.794,227.155,-0.075,-0.129
2017-03-06 10:09:00,226.527,226.633,1449.000,35.000,226.50,226.65,2500.000,2500.000,226.55,226.75,247.000,425.000,226.45,226.70,7500.000,7500.000,226.50,226.80,5635.000,6983.000,22500.000,22500.000,226.385,226.816,226.428,226.839,-0.075,-0.131
2017-03-06 10:10:00,226.597,226.735,29.000,646.000,226.60,226.70,5000.000,2500.000,226.60,226.80,1495.000,870.000,226.50,226.75,2500.000,5000.000,226.55,226.85,5903.000,7779.000,25000.000,17500.000,226.409,226.843,226.455,226.900,-0.050,-0.123
2017-03-06 10:11:00,226.851,226.929,181.000,211.000,226.80,226.90,2500.000,2500.000,226.85,227.00,85.000,429.000,226.75,226.95,5000.000,2500.000,226.80,227.05,3071.000,3624.000,20000.000,15000.000,226.640,227.025,226.738,227.108,-0.075,-0.151
2017-03-06 10:12:00,226.804,227.000,80.000,10.000,226.75,226.85,2500.000,5000.000,226.85,227.00,850.000,41.000,226.70,226.90,2500.000,10000.000,226.80,227.05,5622.000,6165.000,25000.000,27500.000,226.600,227.064,226.720,227.150,-0.125,-0.154
2017-03-06 10:13:00,226.637,226.766,795.000,719.000,226.70,226.80,2500.000,2500.000,226.70,226.80,1021.000,520.000,226.60,226.85,7500.000,5000.000,226.65,226.90,5532.000,12250.000,22500.000,25000.000,226.525,226.949,226.594,226.945,0.000,-0.155
2017-03-06 10:14:00,226.545,226.658,213.000,14.000,226.50,226.55,2500.000,2500.000,226.60,226.75,165.000,50.000,226.45,226.65,2500.000,5000.000,226.55,226.80,3364.000,3015.000,15000.000,17500.000,226.379,226.748,226.500,226.857,-0.150,-0.147
2017-03-06 10:15:00,226.658,226.757,29.000,2.000,226.60,226.65,2500.000,2500.000,226.70,226.85,852.000,158.000,226.55,226.70,5000.000,5000.000,226.60,226.90,4227.000,2090.000,17500.000,17500.000,226.475,226.830,226.536,226.943,-0.150,-0.163
2017-03-06 10:16:00,226.688,226.903,64.000,1226.000,226.80,226.85,5000.000,5000.000,226.80,226.95,848.000,423.000,226.70,226.90,7500.000,2500.000,226.75,227.00,2841.000,11512.000,22500.000,17500.000,226.622,226.989,226.711,227.079,-0.050,-0.139
2017-03-06 10:17:00,226.634,226.847,1068.000,2.000,226.70,226.80,5000.000,2500.000,226.75,226.90,55.000,126.000,226.65,226.85,5000.000,5000.000,226.70,226.95,3731.000,9845.000,20000.000,17500.000,226.568,226.979,226.656,227.014,-0.075,-0.127
2017-03-06 10:18:00,226.630,226.766,676.000,9.000,226.70,226.75,5000.000,5000.000,226.70,226.85,55.000,3.000,226.65,226.80,2500.000,5000.000,226.65,226.90,2785.000,6092.000,17500.000,22500.000,226.566,226.936,226.614,226.950,-0.050,-0.103
2017-03-06 10:19:00,226.737,226.806,374.000,40.000,226.70,226.75,2500.000,2500.000,226.75,226.85,115.000,275.000,226.65,226.80,2500.000,2500.000,226.70,226.90,3833.000,3031.000,20000.000,20000.000,226.546,226.926,226.631,226.956,-0.075,-0.118
2017-03-06 10:20:00,226.621,226.803,2.000,239.000,226.75,226.80,5000.000,5000.000,226.70,226.80,340.000,392.000,226.70,226.85,5000.000,5000.000,226.65,226.90,1250.000,13104.000,25000.000,17500.000,226.598,226.961,226.610,226.914,0.025,-0.104
2017-03-06 10:21:00,226.533,226.626,60.000,1.000,226.60,226.65,5000.000,10000.000,226.60,226.70,50.000,445.000,226.55,226.70,2500.000,7500.000,226.50,226.75,2034.000,6842.000,20000.000,27500.000,226.445,226.798,226.463,226.777,-0.025,-0.100
2017-03-06 10:22:00,226.417,226.572,554.000,1.000,226.50,226.55,2500.000,7500.000,226.50,226.65,55.000,64.000,226.45,226.60,2500.000,2500.000,226.45,226.70,2011.000,5460.000,20000.000,25000.000,226.373,226.729,226.306,226.750,-0.050,-0.090
2017-03-06 10:23:00,226.365,226.381,815.000,16.000,226.20,226.30,5000.000,12500.000,226.20,226.45,235.000,27.000,226.15,226.35,5000.000,5000.000,226.15,226.50,5065.000,1251.000,22500.000,30000.000,226.050,226.478,226.106,226.658,-0.075,-0.106
2017-03-06 10:24:00,226.209,226.352,324.000,154.000,226.20,226.30,2500.000,10000.000,226.25,226.40,374.000,77.000,226.10,226.35,2500.000,7500.000,226.20,226.45,7267.000,7138.000,22500.000,35000.000,226.015,226.475,226.128,226.532,-0.075,-0.097
2017-03-06 10:25:00,226.320,226.433,41.000,105.000,226.25,226.30,2500.000,2500.000,226.30,226.45,265.000,77.000,226.20,226.35,5000.000,15000.000,226.25,226.50,7289.000,3816.000,22500.000,27500.000,226.030,226.474,226.194,226.618,-0.100,-0.056
2017-03-06 10:26:00,226.041,226.113,70.000,60.000,226.10,226.15,7500.000,5000.000,226.05,226.25,997.000,660.000,226.00,226.20,7500.000,7500.000,226.00,226.30,3793.000,6200.000,30000.000,30000.000,225.900,226.319,225.921,226.354,-0.025,-0.034
2017-03-06 10:27:00,225.956,226.059,54.000,17.000,225.90,226.00,7500.000,10000.000,226.00,226.15,5.000,110.000,225.85,226.05,2500.000,5000.000,225.95,226.20,3051.000,2698.000,17500.000,25000.000,225.758,226.154,225.929,226.225,-0.125,-0.011
2017-03-06 10:28:00,225.867,225.965,652.000,60.000,225.90,225.95,2500.000,7500.000,225.90,226.05,424.000,1627.000,225.85,226.00,2500.000,7500.000,225.85,226.10,4357.000,7083.000,20000.000,30000.000,225.790,226.102,225.738,226.133,-0.050,-0.006
2017-03-06 10:29:00,225.822,225.920,26.000,13.000,225.80,225.85,7500.000,2500.000,225.85,226.00,2074.000,116.000,225.75,225.95,5000.000,2500.000,225.80,226.05,6538.000,7027.000,27500.000,30000.000,225.689,226.053,225.745,226.125,-0.100,0.006
2017-03-06 10:30:00,225.899,225.811,23.000,1742.000,225.85,226.00,5000.000,2500.000,225.80,225.95,1050.000,4238.000,225.80,226.05,5000.000,2500.000,225.75,226.00,6908.000,12363.000,17500.000,30000.000,225.714,226.083,225.721,226.067,0.050,-0.038
2017-03-06 10:31:00,225.744,225.703,6.000,6.000,225.60,225.65,2500.000,2500.000,225.65,225.80,213.000,316.000,225.55,225.70,5000.000,2500.000,225.60,225.85,7436.000,1290.000,20000.000,27500.000,225.461,225.763,225.544,225.909,-0.100,-0.054
2017-03-06 10:32:00,225.530,225.520,867.000,138.000,225.40,225.45,10000.000,2500.000,225.50,225.60,3253.000,106.000,225.35,225.50,2500.000,2500.000,225.45,225.65,11190.000,1044.000,27500.000,27500.000,225.296,225.575,225.391,225.723,-0.125,-0.066
2017-03-06 10:33:00,225.399,225.470,226.000,15.000,225.40,225.45,2500.000,5000.000,225.40,225.55,465.000,257.000,225.35,225.50,2500.000,5000.000,225.35,225.60,5320.000,5396.000,22500.000,27500.000,225.267,225.632,225.272,225.650,-0.050,-0.086
2017-03-06 10:34:00,225.385,225.426,862.000,199.000,225.30,225.40,2500.000,7500.000,225.40,225.55,3005.000,115.000,225.25,225.50,2500.000,5000.000,225.35,225.60,8953.000,5514.000,15000.000,27500.000,225.197,225.626,225.283,225.641,-0.125,-0.110
2017-03-06 10:35:00,225.227,225.359,714.000,6.000,225.25,225.30,2500.000,2500.000,225.20,225.40,25.000,63.000,225.20,225.35,5000.000,7500.000,225.15,225.45,4120.000,6067.000,25000.000,17500.000,225.093,225.479,225.090,225.500,-0.025,-0.080
2017-03-06 10:36:00,225.410,225.447,166.000,109.000,225.35,225.40,2500.000,2500.000,225.35,225.50,160.000,391.000,225.30,225.45,2500.000,7500.000,225.30,225.55,4140.000,2718.000,22500.000,20000.000,225.204,225.546,225.244,225.619,-0.050,-0.104
2017-03-06 10:37:00,225.587,225.635,2552.000,8.000,225.45,225.50,2500.000,2500.000,225.60,225.70,1260.000,178.000,225.40,225.55,5000.000,2500.000,225.45,225.75,12850.000,1979.000,17500.000,15000.000,225.320,225.646,225.421,225.900,-0.175,-0.123
2017-03-06 10:38:00,225.517,225.688,2318.000,825.000,225.40,225.50,2500.000,2500.000,225.50,225.65,2500.000,393.000,225.35,225.55,5000.000,5000.000,225.45,225.70,12586.000,4690.000,17500.000,15000.000,225.254,225.611,225.393,225.883,-0.125,-0.116
2017-03-06 10:39:00,225.490,225.650,276.000,114.000,225.50,225.60,5000.000,2500.000,225.60,225.70,2510.000,393.000,225.45,225.65,7500.000,2500.000,225.50,225.75,5828.000,8172.000,25000.000,15000.000,225.400,225.759,225.470,225.817,-0.100,-0.116
2017-03-06 10:40:00,225.765,225.750,2501.000,403.000,225.55,225.70,2500.000,5000.000,225.70,225.85,60.000,368.000,225.50,225.75,2500.000,7500.000,225.60,225.90,10723.000,2005.000,20000.000,27500.000,225.426,225.801,225.525,225.950,-0.150,-0.140
2017-03-06 10:41:00,225.665,225.821,54.000,737.000,225.70,225.75,2500.000,2500.000,225.70,225.90,255.000,1169.000,225.60,225.80,5000.000,10000.000,225.65,225.95,3954.000,5901.000,20000.000,22500.000,225.536,225.875,225.575,226.050,-0.075,-0.138
2017-03-06 10:42:00,225.632,225.771,243.000,320.000,225.60,225.75,2500.000,5000.000,225.70,225.85,2871.000,1460.000,225.55,225.80,2500.000,2500.000,225.65,225.90,6754.000,8257.000,15000.000,20000.000,225.494,225.902,225.600,225.963,-0.100,-0.149
2017-03-06 10:43:00,225.664,225.804,186.000,411.000,225.65,225.75,2500.000,2500.000,225.70,225.85,3152.000,1090.000,225.55,225.80,2500.000,2500.000,225.65,225.90,7324.000,6815.000,17500.000,15000.000,225.495,225.895,225.586,225.958,-0.075,-0.146
2017-03-06 10:44:00,225.659,225.821,174.000,6.000,225.70,225.75,2500.000,2500.000,225.70,225.85,63.000,1090.000,225.65,225.80,2500.000,2500.000,225.65,225.90,4041.000,7858.000,17500.000,12500.000,225.554,225.913,225.586,225.960,-0.050,-0.121
2017-03-06 10:45:00,225.699,225.800,128.000,7.000,225.65,225.75,2500.000,2500.000,225.75,225.85,2750.000,1292.000,225.60,225.80,5000.000,2500.000,225.70,225.90,9841.000,8013.000,15000.000,15000.000,225.531,225.911,225.658,225.958,-0.100,-0.101
2017-03-06 10:46:00,225.655,225.804,178.000,1316.000,225.65,225.80,2500.000,2500.000,225.75,225.85,2750.000,930.000,225.60,225.85,2500.000,5000.000,225.70,225.95,8602.000,14844.000,12500.000,17500.000,225.526,225.950,225.650,226.000,-0.075,-0.071
2017-03-06 10:47:00,225.624,225.817,138.000,457.000,225.65,225.70,2500.000,2500.000,225.60,225.70,250.000,717.000,225.60,225.75,5000.000,5000.000,225.55,225.90,5237.000,10285.000,22500.000,15000.000,225.457,225.818,225.461,226.008,0.025,-0.050
2017-03-06 10:48:00,225.889,226.012,2365.000,204.000,225.85,225.90,2500.000,2500.000,225.90,226.10,50.000,116.000,225.80,225.95,5000.000,5000.000,225.85,226.15,5447.000,3488.000,15000.000,15000.000,225.757,226.024,225.792,226.233,-0.125,-0.044
2017-03-06 10:49:00,225.781,225.820,24.000,83.000,225.70,225.80,2500.000,7500.000,225.75,225.95,373.000,418.000,225.65,225.90,2500.000,2500.000,225.70,226.00,7573.000,6704.000,15000.000,22500.000,225.555,226.010,225.608,226.067,-0.100,-0.051
2017-03-06 10:50:00,225.916,225.918,560.000,27.000,225.75,225.85,5000.000,5000.000,225.80,226.05,2957.000,421.000,225.65,225.95,2500.000,2500.000,225.75,226.15,11075.000,3522.000,17500.000,17500.000,225.571,226.042,225.643,226.193,-0.125,-0.061
2017-03-06 10:51:00,225.839,225.837,696.000,97.000,225.60,225.75,2500.000,7500.000,225.75,225.95,700.000,63.000,225.55,225.80,2500.000,2500.000,225.70,226.00,9569.000,1207.000,15000.000,22500.000,225.464,225.882,225.592,226.094,-0.175,-0.079
2017-03-06 10:52:00,225.972,226.062,29.000,296.000,225.85,225.95,2500.000,2500.000,226.00,226.10,3.000,369.000,225.80,226.00,5000.000,5000.000,225.90,226.20,9256.000,5075.000,15000.000,15000.000,225.685,226.087,225.858,226.267,-0.150,-0.049
2017-03-06 10:53:00,225.954,226.047,260.000,522.000,225.85,225.90,2500.000,5000.000,226.00,226.10,1038.000,472.000,225.80,225.95,5000.000,5000.000,225.90,226.15,11827.000,4633.000,20000.000,20000.000,225.706,226.024,225.819,226.219,-0.175,-0.057
2017-03-06 10:54:00,225.959,226.032,166.000,9.000,225.80,225.90,2500.000,2500.000,226.00,226.10,3566.000,357.000,225.75,225.95,5000.000,12500.000,225.90,226.15,12664.000,2995.000,22500.000,27500.000,225.672,226.035,225.789,226.241,-0.200,-0.069
2017-03-06 10:55:00,225.963,226.016,2249.000,41.000,225.75,225.95,2500.000,2500.000,226.00,226.10,899.000,1637.000,225.70,226.00,5000.000,7500.000,225.90,226.15,16150.000,5072.000,20000.000,20000.000,225.629,226.083,225.825,226.194,-0.200,-0.071
2017-03-06 10:56:00,225.886,225.972,412.000,48.000,225.80,225.90,2500.000,2500.000,225.90,226.05,1426.000,64.000,225.75,225.95,7500.000,5000.000,225.85,226.10,5673.000,3255.000,20000.000,20000.000,225.682,226.043,225.750,226.169,-0.125,-0.062
2017-03-06 10:57:00,225.952,225.894,48.000,153.000,225.80,225.90,2500.000,2500.000,225.90,226.05,1705.000,64.000,225.75,225.95,2500.000,12500.000,225.85,226.10,6327.000,1659.000,15000.000,27500.000,225.675,226.027,225.717,226.150,-0.125,-0.065
2017-03-06 10:58:00,225.792,225.921,1.000,855.000,225.85,225.95,5000.000,10000.000,225.85,226.05,1371.000,1307.000,225.75,226.00,2500.000,5000.000,225.80,226.10,3785.000,8745.000,17500.000,25000.000,225.669,226.087,225.693,226.135,-0.050,-0.068
2017-03-06 10:59:00,225.754,225.888,1533.000,458.000,225.75,225.95,2500.000,2500.000,225.85,226.00,281.000,676.000,225.70,226.00,2500.000,5000.000,225.80,226.05,5469.000,9987.000,15000.000,17500.000,225.647,226.110,225.642,226.093,-0.075,-0.082
2017-03-06 11:00:00,225.820,225.881,439.000,74.000,225.80,225.95,2500.000,2500.000,225.90,226.05,1449.000,637.000,225.75,226.00,5000.000,7500.000,225.85,226.10,5360.000,7398.000,15000.000,25000.000,225.683,226.110,225.775,226.165,-0.100,-0.089
2017-03-06 11:01:00,225.814,225.859,1114.000,4.000,225.80,225.95,5000.000,10000.000,225.85,226.05,1449.000,428.000,225.75,226.00,2500.000,5000.000,225.80,226.10,5357.000,7106.000,15000.000,27500.000,225.698,226.115,225.700,226.155,-0.075,-0.109
2017-03-06 11:02:00,225.752,225.709,590.000,2.000,225.75,225.80,2500.000,2500.000,225.80,225.95,408.000,373.000,225.70,225.90,2500.000,10000.000,225.75,226.00,3815.000,5127.000,12500.000,27500.000,225.627,226.006,225.540,226.050,-0.100,-0.143
2017-03-06 11:03:00,225.794,225.933,83.000,689.000,225.80,225.95,2500.000,5000.000,225.90,226.05,399.000,455.000,225.75,226.00,5000.000,12500.000,225.85,226.10,3834.000,8048.000,17500.000,27500.000,225.655,226.100,225.779,226.141,-0.100,-0.140
2017-03-06 11:04:00,225.959,226.162,1698.000,94.000,226.00,226.05,2500.000,2500.000,226.10,226.20,87.000,41.000,225.95,226.10,7500.000,5000.000,226.05,226.30,4441.000,6755.000,22500.000,17500.000,225.901,226.217,225.967,226.350,-0.125,-0.108
2017-03-06 11:05:00,226.127,226.228,419.000,233.000,226.05,226.20,5000.000,2500.000,226.20,226.30,3111.000,332.000,226.00,226.25,5000.000,2500.000,226.15,226.40,9362.000,7522.000,17500.000,22500.000,225.929,226.364,226.121,226.461,-0.125,-0.119
2017-03-06 11:06:00,226.059,226.203,2534.000,1119.000,226.10,226.20,5000.000,5000.000,226.20,226.25,467.000,1761.000,226.05,226.25,2500.000,2500.000,226.15,226.35,4753.000,11039.000,20000.000,27500.000,226.039,226.328,226.100,226.423,-0.075,-0.126
2017-03-06 11:07:00,225.972,226.100,115.000,62.000,225.90,226.00,2500.000,2500.000,226.05,226.15,371.000,190.000,225.85,226.10,7500.000,7500.000,226.00,226.20,10506.000,9557.000,17500.000,17500.000,225.747,226.231,225.943,226.257,-0.150,-0.128
2017-03-06 11:08:00,226.022,226.143,1440.000,12.000,225.95,226.00,10000.000,2500.000,226.05,226.20,2911.000,1.000,225.90,226.05,7500.000,2500.000,226.00,226.25,9142.000,3108.000,25000.000,12500.000,225.845,226.174,225.960,226.320,-0.150,-0.117
2017-03-06 11:09:00,226.150,226.194,502.000,8.000,226.05,226.15,5000.000,2500.000,226.15,226.30,390.000,1131.000,226.00,226.20,7500.000,2500.000,226.10,226.35,6724.000,3489.000,22500.000,20000.000,225.924,226.292,226.067,226.438,-0.125,-0.148
2017-03-06 11:10:00,226.128,226.286,214.000,855.000,226.15,226.20,5000.000,2500.000,226.20,226.30,519.000,115.000,226.05,226.25,7500.000,5000.000,226.15,226.45,5661.000,6658.000,22500.000,22500.000,225.971,226.350,226.122,226.494,-0.075,-0.161
2017-03-06 11:11:00,226.088,226.264,78.000,19.000,226.10,226.15,5000.000,2500.000,226.15,226.30,657.000,891.000,226.05,226.20,7500.000,5000.000,226.10,226.45,2285.000,3334.000,22500.000,22500.000,225.965,226.297,226.067,226.506,-0.100,-0.161
2017-03-06 11:12:00,225.979,226.119,112.000,251.000,226.00,226.10,5000.000,2500.000,226.00,226.20,431.000,202.000,225.90,226.15,2500.000,2500.000,225.95,226.25,5203.000,8188.000,17500.000,15000.000,225.788,226.253,225.879,226.317,-0.050,-0.130
2017-03-06 11:13:00,226.071,226.138,431.000,863.000,225.90,226.00,5000.000,5000.000,226.05,226.25,531.000,419.000,225.85,226.10,10000.000,5000.000,226.00,226.30,10667.000,4284.000,27500.000,25000.000,225.756,226.170,225.945,226.395,-0.200,-0.148
2017-03-06 11:14:00,225.992,226.190,431.000,699.000,226.00,226.15,7500.000,5000.000,226.10,226.25,60.000,1142.000,225.95,226.20,2500.000,2500.000,226.05,226.30,3901.000,9781.000,20000.000,17500.000,225.847,226.282,226.006,226.400,-0.100,-0.140
2017-03-06 11:15:00,225.851,226.075,2.000,525.000,225.90,226.00,5000.000,2500.000,226.00,226.10,391.000,871.000,225.85,226.05,2500.000,5000.000,225.95,226.25,2544.000,7588.000,15000.000,15000.000,225.755,226.148,225.900,226.283,-0.100,-0.116
2017-03-06 11:16:00,225.867,226.042,288.000,94.000,226.00,226.05,5000.000,2500.000,226.00,226.15,1.000,1047.000,225.95,226.10,2500.000,2500.000,225.95,226.20,1139.000,10602.000,15000.000,17500.000,225.874,226.216,225.883,226.257,-0.050,-0.095
2017-03-06 11:17:00,225.990,225.979,382.000,47.000,225.85,225.95,2500.000,5000.000,225.95,226.10,300.000,3.000,225.80,226.00,5000.000,2500.000,225.90,226.15,7508.000,2770.000,15000.000,20000.000,225.696,226.118,225.833,226.200,-0.125,-0.090
2017-03-06 11:18:00,225.940,226.094,280.000,2.000,226.00,226.05,5000.000,7500.000,226.00,226.20,331.000,258.000,225.85,226.10,7500.000,7500.000,225.95,226.25,5354.000,6499.000,22500.000,22500.000,225.761,226.220,225.889,226.278,-0.075,-0.049
2017-03-06 11:19:00,225.960,226.121,91.000,225.000,226.05,226.10,7500.000,2500.000,226.05,226.20,265.000,44.000,226.00,226.15,5000.000,7500.000,226.00,226.25,1038.000,6646.000,22500.000,20000.000,225.927,226.231,225.967,226.338,-0.050,-0.023
2017-03-06 11:20:00,226.016,226.117,4045.000,13.000,226.10,226.15,7500.000,2500.000,226.05,226.20,63.000,1782.000,226.05,226.20,7500.000,7500.000,226.00,226.25,4831.000,12359.000,25000.000,20000.000,226.077,226.296,225.960,226.319,0.000,0.013
2017-03-06 11:21:00,225.712,225.783,58.000,155.000,225.80,225.85,2500.000,5000.000,225.75,225.90,465.000,711.000,225.75,225.90,2500.000,7500.000,225.70,225.95,2678.000,10279.000,12500.000,25000.000,225.671,226.007,225.640,226.005,-0.000,0.055
2017-03-06 11:22:00,225.748,225.711,1206.000,438.000,225.75,225.85,2500.000,7500.000,225.65,225.80,525.000,3211.000,225.70,225.90,5000.000,5000.000,225.60,225.85,5027.000,9352.000,15000.000,20000.000,225.639,225.967,225.533,225.881,0.075,0.070
2017-03-06 11:23:00,225.734,225.682,1118.000,106.000,225.75,225.80,2500.000,7500.000,225.65,225.80,485.000,442.000,225.70,225.85,5000.000,5000.000,225.60,225.85,5099.000,7355.000,17500.000,25000.000,225.635,225.941,225.521,225.885,0.050,0.081
2017-03-06 11:24:00,225.754,225.784,85.000,446.000,225.80,225.85,2500.000,5000.000,225.70,225.80,1051.000,407.000,225.75,225.90,5000.000,2500.000,225.65,225.90,3678.000,9150.000,20000.000,20000.000,225.678,225.983,225.562,225.931,0.075,0.112
2017-03-06 11:25:00,225.745,225.669,958.000,22.000,225.75,225.80,5000.000,10000.000,225.60,225.75,485.000,2961.000,225.70,225.85,2500.000,2500.000,225.55,225.80,5019.000,7089.000,17500.000,22500.000,225.631,225.928,225.500,225.844,0.100,0.126
2017-03-06 11:26:00,225.753,225.615,1793.000,3319.000,225.75,225.80,5000.000,7500.000,225.55,225.70,385.000,934.000,225.70,225.85,5000.000,5000.000,225.50,225.80,5694.000,8431.000,22500.000,27500.000,225.648,225.897,225.400,225.864,0.150,0.135
2017-03-06 11:27:00,225.766,225.653,1397.000,2307.000,225.75,225.80,12500.000,5000.000,225.60,225.70,485.000,479.000,225.70,225.85,2500.000,2500.000,225.55,225.75,6206.000,7030.000,25000.000,17500.000,225.635,225.915,225.530,225.829,0.125,0.147
2017-03-06 11:28:00,225.724,225.617,985.000,635.000,225.75,225.80,2500.000,7500.000,225.55,225.65,460.000,2574.000,225.70,225.85,5000.000,5000.000,225.50,225.75,4965.000,9289.000,20000.000,25000.000,225.632,225.930,225.381,225.815,0.175,0.148
2017-03-06 11:29:00,225.733,225.608,740.000,126.000,225.75,225.80,2500.000,7500.000,225.55,225.65,460.000,2559.000,225.70,225.85,2500.000,5000.000,225.50,225.75,5383.000,8765.000,20000.000,25000.000,225.619,225.938,225.400,225.815,0.175,0.158
2017-03-06 11:30:00,225.707,225.559,1520.000,24.000,225.65,225.70,2500.000,7500.000,225.50,225.65,510.000,1946.000,225.60,225.85,7500.000,2500.000,225.45,225.70,8917.000,8479.000,20000.000,20000.000,225.531,225.948,225.363,225.762,0.100,0.145
2017-03-06 11:31:00,225.831,225.650,2.000,1716.000,225.85,225.90,2500.000,7500.000,225.65,225.80,481.000,102.000,225.75,225.95,5000.000,2500.000,225.60,225.85,3585.000,6498.000,15000.000,32500.000,225.662,225.997,225.558,225.912,0.150,0.110
2017-03-06 11:32:00,225.736,225.562,222.000,852.000,225.70,225.80,7500.000,12500.000,225.50,225.65,100.000,2226.000,225.65,225.85,5000.000,5000.000,225.45,225.70,5774.000,7913.000,22500.000,30000.000,225.539,225.929,225.406,225.762,0.175,0.106
2017-03-06 11:33:00,225.714,225.603,315.000,750.000,225.70,225.80,5000.000,7500.000,225.50,225.65,160.000,1649.000,225.65,225.85,10000.000,2500.000,225.45,225.70,4474.000,7251.000,25000.000,20000.000,225.542,225.937,225.405,225.775,0.175,0.094
2017-03-06 11:34:00,225.722,225.547,476.000,41.000,225.70,225.75,2500.000,10000.000,225.45,225.60,100.000,2121.000,225.65,225.80,2500.000,2500.000,225.40,225.65,2616.000,3530.000,22500.000,20000.000,225.578,225.838,225.317,225.669,0.200,0.092
2017-03-06 11:35:00,225.446,225.363,590.000,2593.000,225.35,225.60,5000.000,7500.000,225.25,225.40,614.000,579.000,225.30,225.65,7500.000,5000.000,225.20,225.45,6249.000,8716.000,25000.000,22500.000,225.230,225.700,225.155,225.500,0.150,0.095
2017-03-06 11:36:00,225.398,225.393,235.000,547.000,225.40,225.50,5000.000,7500.000,225.20,225.35,5.000,1431.000,225.35,225.55,2500.000,2500.000,225.15,225.40,1994.000,4924.000,27500.000,22500.000,225.257,225.601,225.077,225.478,0.175,0.132
2017-03-06 11:37:00,225.401,225.247,561.000,27.000,225.20,225.25,2500.000,10000.000,225.15,225.25,1555.000,5.000,225.15,225.30,5000.000,10000.000,225.05,225.30,13866.000,456.000,20000.000,27500.000,225.036,225.423,225.000,225.373,0.025,0.111
2017-03-06 11:38:00,225.430,225.375,402.000,53.000,225.35,225.45,2500.000,7500.000,225.30,225.35,713.000,442.000,225.30,225.50,2500.000,2500.000,225.25,225.40,6434.000,3689.000,12500.000,17500.000,225.232,225.611,225.200,225.514,0.075,0.087
2017-03-06 11:39:00,225.379,225.216,224.000,840.000,225.20,225.35,2500.000,17500.000,225.10,225.30,188.000,394.000,225.15,225.40,7500.000,2500.000,225.05,225.35,10281.000,5069.000,22500.000,32500.000,225.019,225.477,224.989,225.446,0.075,0.020
2017-03-06 11:40:00,225.229,225.130,2077.000,7.000,225.05,225.15,2500.000,2500.000,225.10,225.15,7875.000,178.000,225.00,225.25,2500.000,10000.000,225.05,225.20,16516.000,2451.000,17500.000,20000.000,224.967,225.348,225.000,225.238,-0.025,-0.004
2017-03-06 11:41:00,225.296,225.107,46.000,95.000,225.10,225.15,2500.000,5000.000,225.05,225.15,2073.000,65.000,225.05,225.25,5000.000,5000.000,225.00,225.20,13799.000,1327.000,17500.000,20000.000,224.972,225.342,224.950,225.244,0.025,-0.029
2017-03-06 11:42:00,224.755,224.707,67.000,6.000,224.70,224.75,2500.000,5000.000,224.65,224.75,70.000,461.000,224.60,224.80,5000.000,2500.000,224.60,224.80,5616.000,2975.000,20000.000,17500.000,224.506,224.909,224.550,224.843,0.025,-0.037
2017-03-06 11:43:00,225.205,225.269,4.000,3.000,225.05,225.10,5000.000,7500.000,225.05,225.25,30.000,135.000,225.00,225.15,5000.000,2500.000,225.00,225.30,3232.000,649.000,22500.000,17500.000,224.883,225.249,224.950,225.429,-0.075,-0.025
2017-03-06 11:44:00,225.057,225.230,652.000,16.000,225.10,225.25,2500.000,2500.000,225.10,225.25,370.000,374.000,225.05,225.30,5000.000,5000.000,225.05,225.30,2302.000,5654.000,22500.000,15000.000,225.020,225.403,225.006,225.392,0.000,0.012
2017-03-06 11:45:00,225.033,225.053,184.000,561.000,225.00,225.10,7500.000,5000.000,224.95,225.15,110.000,169.000,224.90,225.15,7500.000,5000.000,224.90,225.20,4437.000,4643.000,25000.000,22500.000,224.778,225.253,224.850,225.267,0.000,-0.026
2017-03-06 11:46:00,224.982,224.922,43.000,537.000,224.85,225.00,2500.000,2500.000,224.90,225.00,727.000,555.000,224.80,225.05,5000.000,7500.000,224.85,225.05,9419.000,5964.000,17500.000,22500.000,224.704,225.127,224.750,225.111,-0.025,-0.033
2017-03-06 11:47:00,224.943,224.935,751.000,412.000,224.85,225.00,2500.000,5000.000,224.90,225.05,378.000,111.000,224.80,225.05,7500.000,7500.000,224.85,225.10,6442.000,5328.000,17500.000,25000.000,224.695,225.163,224.786,225.150,-0.050,-0.021
2017-03-06 11:48:00,225.014,225.013,666.000,253.000,224.85,224.90,2500.000,7500.000,224.95,225.10,928.000,45.000,224.80,225.00,7500.000,5000.000,224.90,225.15,9430.000,2070.000,22500.000,25000.000,224.713,225.099,224.783,225.210,-0.150,-0.010
2017-03-06 11:49:00,225.034,225.025,1041.000,73.000,224.85,225.00,2500.000,10000.000,224.95,225.10,939.000,359.000,224.80,225.05,5000.000,5000.000,224.90,225.15,10517.000,3476.000,20000.000,25000.000,224.707,225.143,224.831,225.185,-0.100,-0.023
2017-03-06 11:50:00,225.052,225.262,98.000,338.000,225.15,225.25,5000.000,2500.000,225.15,225.25,35.000,691.000,225.10,225.30,5000.000,5000.000,225.10,225.30,933.000,8599.000,25000.000,15000.000,225.020,225.383,225.050,225.417,-0.000,0.006
2017-03-06 11:51:00,225.181,225.153,9.000,40.000,225.00,225.05,7500.000,2500.000,225.05,225.20,110.000,162.000,224.95,225.15,12500.000,5000.000,225.00,225.25,8994.000,2727.000,30000.000,20000.000,224.820,225.247,224.967,225.375,-0.100,0.009
2017-03-06 11:52:00,225.075,225.010,46.000,138.000,224.90,224.95,10000.000,2500.000,225.00,225.10,2087.000,118.000,224.85,225.00,2500.000,5000.000,224.95,225.15,14579.000,2820.000,22500.000,27500.000,224.756,225.136,224.922,225.227,-0.125,0.004
2017-03-06 11:53:00,224.832,224.772,431.000,1.000,224.65,224.70,2500.000,2500.000,224.75,224.85,760.000,15.000,224.60,224.80,5000.000,5000.000,224.70,224.95,16120.000,3097.000,20000.000,25000.000,224.500,224.918,224.619,225.015,-0.125,-0.005
2017-03-06 11:54:00,224.864,224.922,7.000,1616.000,224.90,225.00,2500.000,5000.000,224.90,225.00,373.000,1869.000,224.85,225.05,5000.000,2500.000,224.85,225.05,2531.000,9993.000,17500.000,22500.000,224.753,225.108,224.807,225.111,-0.000,-0.007
2017-03-06 11:55:00,224.917,224.983,8.000,925.000,224.95,225.00,7500.000,2500.000,224.90,225.00,373.000,90.000,224.85,225.05,7500.000,5000.000,224.85,225.10,4694.000,7558.000,22500.000,15000.000,224.760,225.127,224.833,225.133,0.025,0.016
2017-03-06 11:56:00,225.089,225.045,69.000,113.000,224.90,225.00,7500.000,2500.000,224.95,225.10,1057.000,35.000,224.85,225.05,5000.000,5000.000,224.90,225.15,11175.000,1963.000,30000.000,20000.000,224.753,225.143,224.871,225.206,-0.075,0.003
2017-03-06 11:57:00,225.140,225.097,5.000,166.000,224.95,225.00,5000.000,2500.000,225.00,225.15,60.000,2.000,224.90,225.05,7500.000,5000.000,224.95,225.20,12823.000,1733.000,25000.000,17500.000,224.767,225.130,224.915,225.250,-0.100,-0.009
2017-03-06 11:58:00,225.176,225.164,5.000,354.000,225.05,225.10,7500.000,2500.000,225.10,225.20,932.000,160.000,225.00,225.15,5000.000,5000.000,225.05,225.25,8802.000,3393.000,25000.000,20000.000,224.874,225.233,225.015,225.306,-0.075,-0.012
2017-03-06 11:59:00,225.173,225.241,283.000,10.000,225.10,225.15,12500.000,2500.000,225.15,225.25,60.000,53.000,225.05,225.20,5000.000,2500.000,225.10,225.30,5332.000,2481.000,30000.000,12500.000,224.953,225.343,225.079,225.350,-0.075,-0.007
2017-03-06 12:00:00,225.134,225.084,1.000,260.000,224.95,225.00,2500.000,2500.000,225.00,225.15,2000.000,6.000,224.90,225.05,10000.000,7500.000,224.95,225.20,13061.000,1375.000,25000.000,22500.000,224.782,225.142,224.900,225.250,-0.100,-0.020
2017-03-06 12:01:00,225.124,225.148,273.000,175.000,224.95,225.00,7500.000,2500.000,225.05,225.20,2153.000,1.000,224.90,225.05,10000.000,7500.000,225.00,225.25,15143.000,1235.000,30000.000,20000.000,224.799,225.152,224.979,225.287,-0.150,-0.018
2017-03-06 12:02:00,225.125,225.139,266.000,330.000,224.95,225.00,7500.000,5000.000,225.00,225.20,2153.000,4.000,224.90,225.05,7500.000,5000.000,224.95,225.25,12053.000,1326.000,25000.000,20000.000,224.791,225.132,224.905,225.338,-0.125,-0.020
2017-03-06 12:03:00,225.044,225.050,374.000,432.000,224.95,225.00,5000.000,5000.000,225.00,225.15,2600.000,485.000,224.90,225.10,7500.000,2500.000,224.95,225.20,14723.000,7254.000,22500.000,22500.000,224.776,225.190,224.894,225.250,-0.100,-0.026
2017-03-06 12:04:00,224.929,224.972,1368.000,1842.000,224.80,224.90,2500.000,2500.000,224.95,225.05,507.000,1113.000,224.75,225.00,2500.000,10000.000,224.85,225.10,12509.000,7197.000,17500.000,22500.000,224.685,225.036,224.807,225.144,-0.150,-0.033
2017-03-06 12:05:00,225.000,225.015,31.000,840.000,224.85,225.00,5000.000,2500.000,224.95,225.10,1367.000,539.000,224.80,225.05,2500.000,7500.000,224.90,225.15,9605.000,5577.000,20000.000,22500.000,224.691,225.125,224.850,225.200,-0.100,-0.035
2017-03-06 12:06:00,225.024,225.038,2341.000,1194.000,224.90,225.00,2500.000,7500.000,225.00,225.15,2592.000,321.000,224.85,225.05,5000.000,2500.000,224.90,225.20,15735.000,5818.000,17500.000,25000.000,224.786,225.120,224.857,225.255,-0.125,-0.045
2017-03-06 12:07:00,225.012,225.035,2421.000,1086.000,224.90,225.00,5000.000,5000.000,225.00,225.10,2837.000,321.000,224.85,225.05,5000.000,7500.000,224.90,225.15,14700.000,6150.000,22500.000,27500.000,224.791,225.119,224.872,225.227,-0.100,-0.045
2017-03-06 12:08:00,225.042,225.076,2341.000,1092.000,224.95,225.00,10000.000,2500.000,225.00,225.15,710.000,77.000,224.90,225.05,2500.000,2500.000,224.95,225.20,12156.000,5513.000,22500.000,20000.000,224.810,225.126,224.928,225.275,-0.100,-0.042
2017-03-06 12:09:00,225.020,225.100,2520.000,1185.000,224.90,225.00,10000.000,2500.000,225.05,225.15,471.000,66.000,224.85,225.05,10000.000,5000.000,225.00,225.20,14714.000,5143.000,30000.000,25000.000,224.798,225.113,224.983,225.270,-0.150,-0.032
2017-03-06 12:10:00,225.032,225.055,955.000,765.000,224.90,225.00,2500.000,2500.000,225.05,225.10,648.000,759.000,224.85,225.05,10000.000,5000.000,225.00,225.15,14326.000,5033.000,22500.000,25000.000,224.784,225.105,224.961,225.215,-0.125,-0.031
2017-03-06 12:11:00,225.032,225.094,3889.000,398.000,224.90,225.00,5000.000,2500.000,225.05,225.15,637.000,66.000,224.85,225.05,5000.000,7500.000,225.00,225.20,17249.000,4204.000,20000.000,22500.000,224.804,225.129,224.969,225.261,-0.150,-0.018
2017-03-06 12:12:00,225.073,225.100,1042.000,294.000,224.95,225.00,5000.000,2500.000,225.05,225.15,3135.000,64.000,224.90,225.05,7500.000,2500.000,225.00,225.20,17133.000,4261.000,22500.000,20000.000,224.813,225.133,224.972,225.281,-0.125,-0.024
2017-03-06 12:13:00,225.087,225.107,542.000,26.000,224.95,225.00,7500.000,2500.000,225.05,225.15,55.000,60.000,224.90,225.05,7500.000,5000.000,225.00,225.20,14881.000,4165.000,27500.000,22500.000,224.785,225.140,224.955,225.272,-0.125,-0.031
2017-03-06 12:14:00,225.063,225.092,3013.000,373.000,224.95,225.00,10000.000,5000.000,225.05,225.15,155.000,66.000,224.90,225.05,5000.000,5000.000,225.00,225.20,15866.000,4849.000,22500.000,22500.000,224.813,225.130,224.989,225.261,-0.125,-0.036
2017-03-06 12:15:00,225.032,225.050,413.000,715.000,224.95,225.00,5000.000,2500.000,225.05,225.10,155.000,256.000,224.90,225.05,10000.000,10000.000,225.00,225.15,13849.000,5711.000,22500.000,27500.000,224.771,225.115,224.978,225.200,-0.100,-0.063
2017-03-06 12:16:00,225.021,225.018,570.000,356.000,224.90,225.00,5000.000,2500.000,225.00,225.10,1563.000,420.000,224.80,225.05,5000.000,7500.000,224.95,225.15,15295.000,5516.000,20000.000,27500.000,224.727,225.121,224.906,225.209,-0.100,-0.109
2017-03-06 12:17:00,225.042,225.097,5560.000,273.000,224.90,225.00,2500.000,7500.000,225.05,225.15,146.000,63.000,224.85,225.05,10000.000,7500.000,225.00,225.20,20410.000,4247.000,22500.000,27500.000,224.801,225.132,224.939,225.245,-0.150,-0.133
2017-03-06 12:18:00,225.048,225.102,2405.000,122.000,224.95,225.00,5000.000,7500.000,225.05,225.15,556.000,64.000,224.90,225.05,10000.000,2500.000,225.00,225.20,17665.000,4237.000,25000.000,25000.000,224.792,225.137,224.950,225.255,-0.125,-0.133
2017-03-06 12:19:00,225.066,225.123,2626.000,19.000,224.95,225.00,7500.000,10000.000,225.10,225.15,556.000,1214.000,224.90,225.10,5000.000,5000.000,225.05,225.20,18921.000,8083.000,27500.000,27500.000,224.816,225.194,225.018,225.227,-0.150,-0.124
2017-03-06 12:20:00,225.080,225.232,6943.000,7.000,225.00,225.05,2500.000,5000.000,225.15,225.20,20.000,993.000,224.95,225.10,2500.000,7500.000,225.10,225.30,18496.000,4865.000,25000.000,25000.000,224.908,225.207,225.025,225.355,-0.150,-0.094
2017-03-06 12:21:00,225.119,225.347,829.000,251.000,225.00,225.05,2500.000,5000.000,225.20,225.30,5203.000,259.000,224.95,225.10,2500.000,5000.000,225.15,225.35,15364.000,2964.000,25000.000,17500.000,224.878,225.207,225.075,225.421,-0.225,-0.057
2017-03-06 12:22:00,225.189,225.366,691.000,10.000,225.10,225.15,2500.000,2500.000,225.25,225.40,477.000,339.000,225.05,225.20,10000.000,2500.000,225.20,225.45,8751.000,2921.000,25000.000,15000.000,224.973,225.323,225.155,225.500,-0.200,-0.043
2017-03-06 12:23:00,224.973,225.025,176.000,882.000,224.90,224.95,7500.000,2500.000,225.00,225.10,1213.000,1372.000,224.80,225.00,2500.000,5000.000,224.95,225.15,12778.000,6010.000,20000.000,25000.000,224.720,225.063,224.912,225.205,-0.125,-0.059
2017-03-06 12:24:00,225.098,225.108,26.000,56.000,224.95,225.00,2500.000,5000.000,225.05,225.15,250.000,63.000,224.90,225.05,12500.000,7500.000,225.00,225.20,8985.000,2066.000,25000.000,22500.000,224.782,225.159,224.945,225.228,-0.125,-0.062
2017-03-06 12:25:00,225.094,225.097,26.000,330.000,224.95,225.00,2500.000,5000.000,225.05,225.15,250.000,61.000,224.90,225.05,7500.000,10000.000,225.00,225.20,8985.000,2363.000,20000.000,25000.000,224.782,225.140,224.963,225.235,-0.125,-0.065
2017-03-06 12:26:00,224.953,224.995,250.000,896.000,224.90,224.95,5000.000,2500.000,225.00,225.05,1213.000,587.000,224.80,225.00,2500.000,5000.000,224.95,225.10,13602.000,7151.000,22500.000,32500.000,224.719,225.097,224.889,225.169,-0.100,-0.063
2017-03-06 12:27:00,224.950,225.058,101.000,3701.000,224.90,224.95,5000.000,5000.000,225.00,225.10,2500.000,1068.000,224.85,225.00,2500.000,12500.000,224.95,225.15,8647.000,8120.000,22500.000,27500.000,224.784,225.024,224.894,225.177,-0.125,-0.049
2017-03-06 12:28:00,225.015,225.147,369.000,1044.000,224.90,224.95,7500.000,5000.000,225.05,225.15,207.000,291.000,224.85,225.00,7500.000,5000.000,225.00,225.25,10979.000,3411.000,27500.000,20000.000,224.763,225.067,224.936,225.306,-0.175,-0.041
2017-03-06 12:29:00,225.053,225.076,1020.000,245.000,224.95,225.00,10000.000,2500.000,225.00,225.10,465.000,308.000,224.90,225.05,2500.000,7500.000,224.95,225.15,8561.000,3772.000,25000.000,17500.000,224.792,225.135,224.910,225.186,-0.075,-0.056
2017-03-06 12:30:00,225.049,225.069,1078.000,570.000,224.95,225.00,7500.000,2500.000,225.00,225.10,815.000,368.000,224.90,225.05,2500.000,7500.000,224.95,225.15,8769.000,4097.000,22500.000,17500.000,224.797,225.123,224.911,225.186,-0.075,-0.070
2017-03-06 12:31:00,225.009,225.042,1078.000,145.000,224.95,225.00,12500.000,2500.000,225.00,225.10,865.000,63.000,224.90,225.05,5000.000,7500.000,224.95,225.15,9165.000,5761.000,30000.000,20000.000,224.798,225.168,224.892,225.213,-0.075,-0.075
2017-03-06 12:32:00,225.007,225.042,579.000,98.000,224.95,225.00,12500.000,2500.000,225.00,225.10,1015.000,64.000,224.90,225.05,5000.000,7500.000,224.95,225.15,8566.000,5735.000,30000.000,20000.000,224.791,225.169,224.892,225.213,-0.075,-0.079
2017-03-06 12:33:00,224.974,225.068,333.000,406.000,225.00,225.10,15000.000,5000.000,225.00,225.10,517.000,2194.000,224.95,225.15,5000.000,2500.000,224.95,225.15,3127.000,9620.000,32500.000,15000.000,224.880,225.206,224.900,225.183,0.000,-0.092
2017-03-06 12:34:00,225.078,225.174,526.000,195.000,225.00,225.10,5000.000,2500.000,225.10,225.20,916.000,293.000,224.95,225.20,7500.000,2500.000,225.05,225.25,8144.000,6721.000,27500.000,15000.000,224.874,225.306,224.982,225.317,-0.100,-0.088
2017-03-06 12:35:00,225.231,225.325,307.000,61.000,225.25,225.30,5000.000,2500.000,225.30,225.35,110.000,544.000,225.20,225.35,2500.000,2500.000,225.25,225.40,5534.000,9640.000,20000.000,15000.000,225.075,225.459,225.200,225.467,-0.050,-0.079
2017-03-06 12:36:00,225.382,225.438,2452.000,784.000,225.35,225.40,2500.000,2500.000,225.45,225.55,50.000,151.000,225.30,225.45,2500.000,5000.000,225.40,225.60,7615.000,5243.000,15000.000,27500.000,225.254,225.534,225.333,225.677,-0.125,-0.089
2017-03-06 12:37:00,225.262,225.318,141.000,25.000,225.25,225.30,2500.000,2500.000,225.30,225.40,110.000,65.000,225.20,225.35,2500.000,5000.000,225.25,225.45,3854.000,4952.000,15000.000,20000.000,225.072,225.457,225.200,225.519,-0.075,-0.101
2017-03-06 12:38:00,225.243,225.400,63.000,9.000,225.30,225.35,12500.000,2500.000,225.30,225.50,239.000,946.000,225.25,225.40,5000.000,5000.000,225.25,225.55,1303.000,3711.000,32500.000,22500.000,225.166,225.491,225.169,225.600,-0.075,-0.099
2017-03-06 12:39:00,225.104,225.179,3.000,21.000,225.05,225.10,2500.000,2500.000,225.10,225.25,2660.000,742.000,225.00,225.20,7500.000,5000.000,225.05,225.30,7624.000,6028.000,27500.000,20000.000,224.918,225.322,224.941,225.356,-0.100,-0.082
2017-03-06 12:40:00,225.044,225.093,2103.000,20.000,225.00,225.05,2500.000,2500.000,225.05,225.20,517.000,522.000,224.95,225.15,7500.000,5000.000,225.00,225.25,8079.000,6610.000,20000.000,17500.000,224.877,225.259,224.887,225.293,-0.100,-0.102
2017-03-06 12:41:00,225.066,225.175,1944.000,32.000,225.00,225.05,2500.000,2500.000,225.05,225.20,517.000,375.000,224.95,225.15,12500.000,2500.000,225.00,225.25,7665.000,4828.000,27500.000,12500.000,224.874,225.267,224.918,225.300,-0.100,-0.105
2017-03-06 12:42:00,225.031,225.144,1139.000,21.000,225.00,225.05,2500.000,2500.000,225.05,225.20,517.000,591.000,224.95,225.15,10000.000,2500.000,225.00,225.25,6342.000,6712.000,25000.000,15000.000,224.859,225.259,224.910,225.317,-0.100,-0.096
2017-03-06 12:43:00,225.102,225.250,5.000,264.000,225.10,225.20,5000.000,2500.000,225.15,225.30,374.000,345.000,225.00,225.25,5000.000,5000.000,225.10,225.35,3878.000,4839.000,27500.000,17500.000,224.897,225.352,225.041,225.407,-0.075,-0.071
2017-03-06 12:44:00,225.106,225.095,1149.000,5.000,224.95,225.00,12500.000,2500.000,225.00,225.15,365.000,64.000,224.90,225.05,5000.000,5000.000,224.95,225.20,9784.000,1741.000,27500.000,20000.000,224.787,225.167,224.918,225.281,-0.100,-0.088
2017-03-06 12:45:00,224.987,225.138,294.000,259.000,225.00,225.10,10000.000,2500.000,225.05,225.15,1226.000,429.000,224.95,225.15,15000.000,7500.000,225.00,225.25,3859.000,7116.000,32500.000,20000.000,224.882,225.238,224.992,225.306,-0.050,-0.060
2017-03-06 12:46:00,224.997,225.122,7.000,3.000,225.00,225.05,2500.000,5000.000,225.05,225.15,855.000,74.000,224.95,225.10,7500.000,2500.000,225.00,225.20,6188.000,7159.000,20000.000,20000.000,224.840,225.237,224.956,225.262,-0.075,-0.041
2017-03-06 12:47:00,224.976,225.041,48.000,420.000,225.00,225.10,7500.000,5000.000,225.00,225.10,1251.000,390.000,224.95,225.15,2500.000,2500.000,224.95,225.15,3325.000,8466.000,20000.000,22500.000,224.878,225.221,224.912,225.233,0.000,-0.034
2017-03-06 12:48:00,225.023,225.047,604.000,118.000,224.95,225.00,10000.000,2500.000,225.00,225.10,440.000,453.000,224.90,225.10,2500.000,5000.000,224.95,225.15,9731.000,7994.000,22500.000,20000.000,224.781,225.210,224.922,225.225,-0.075,-0.034
2017-03-06 12:49:00,225.001,225.077,404.000,338.000,225.00,225.10,2500.000,2500.000,225.05,225.10,2765.000,1619.000,224.95,225.15,15000.000,2500.000,225.00,225.15,5503.000,9374.000,30000.000,20000.000,224.907,225.211,224.942,225.238,-0.025,-0.023
2017-03-06 12:50:00,225.084,225.095,2582.000,45.000,225.00,225.05,5000.000,2500.000,225.05,225.10,1265.000,63.000,224.95,225.15,10000.000,2500.000,225.00,225.15,10483.000,5915.000,27500.000,20000.000,224.884,225.227,224.941,225.262,-0.050,-0.023
2017-03-06 12:51:00,225.034,225.063,1485.000,22.000,225.00,225.05,10000.000,5000.000,225.00,225.10,1265.000,213.000,224.95,225.15,2500.000,2500.000,224.95,225.20,6394.000,6274.000,25000.000,22500.000,224.896,225.226,224.900,225.267,-0.025,-0.018
2017-03-06 12:52:00,225.028,225.058,408.000,982.000,225.00,225.10,10000.000,5000.000,225.00,225.10,1215.000,1610.000,224.95,225.15,2500.000,2500.000,224.95,225.20,5485.000,8492.000,25000.000,22500.000,224.874,225.199,224.900,225.256,0.000,-0.002
2017-03-06 12:53:00,224.991,225.018,514.000,29.000,224.95,225.00,2500.000,2500.000,224.95,225.05,390.000,64.000,224.90,225.05,2500.000,2500.000,224.90,225.10,6433.000,5743.000,15000.000,12500.000,224.788,225.150,224.842,225.150,-0.025,-0.022
2017-03-06 12:54:00,224.927,224.947,14.000,1308.000,224.90,225.00,2500.000,2500.000,224.90,225.05,25.000,580.000,224.85,225.05,2500.000,2500.000,224.85,225.10,4857.000,6997.000,17500.000,20000.000,224.762,225.119,224.800,225.181,-0.025,-0.039
2017-03-06 12:55:00,224.822,224.832,381.000,68.000,224.80,224.90,5000.000,2500.000,224.80,224.90,1054.000,483.000,224.75,224.95,2500.000,5000.000,224.75,225.00,5278.000,8017.000,15000.000,20000.000,224.671,225.015,224.717,225.088,0.000,-0.052
2017-03-06 12:56:00,224.826,224.829,201.000,60.000,224.80,224.90,2500.000,2500.000,224.80,224.90,1206.000,520.000,224.75,224.95,2500.000,5000.000,224.75,225.00,5400.000,7857.000,15000.000,20000.000,224.668,225.015,224.683,225.088,0.000,-0.069
2017-03-06 12:57:00,224.829,224.781,277.000,4641.000,224.80,225.00,5000.000,2500.000,224.75,224.90,616.000,2119.000,224.75,225.05,5000.000,5000.000,224.70,225.00,4547.000,12991.000,17500.000,22500.000,224.658,225.081,224.650,225.100,0.075,-0.100
2017-03-06 12:58:00,224.808,224.933,19.000,1.000,224.90,224.95,7500.000,2500.000,224.85,225.00,100.000,1836.000,224.85,225.00,7500.000,2500.000,224.80,225.05,1481.000,8127.000,22500.000,15000.000,224.754,225.095,224.783,225.117,0.000,-0.104
2017-03-06 12:59:00,224.773,224.876,933.000,1.000,224.75,224.85,2500.000,12500.000,224.80,224.95,565.000,1.000,224.70,224.90,5000.000,2500.000,224.75,225.00,5069.000,5261.000,17500.000,25000.000,224.624,225.023,224.693,225.055,-0.075,-0.112
2017-03-06 13:00:00,224.494,224.569,3423.000,480.000,224.50,224.55,5000.000,2500.000,224.55,224.65,664.000,382.000,224.45,224.60,10000.000,2500.000,224.50,224.70,10356.000,10172.000,32500.000,27500.000,224.391,224.724,224.396,224.791,-0.075,-0.127
2017-03-06 13:01:00,225.246,225.334,18.000,1027.000,225.35,225.40,7500.000,2500.000,225.25,225.40,221.000,1838.000,225.25,225.45,7500.000,5000.000,225.20,225.45,2356.000,13345.000,27500.000,20000.000,225.169,225.508,225.173,225.537,0.050,-0.128
2017-03-06 13:02:00,224.858,224.964,2777.000,554.000,224.85,225.05,5000.000,5000.000,224.90,225.10,50.000,308.000,224.80,225.10,2500.000,5000.000,224.85,225.15,6309.000,10981.000,15000.000,20000.000,224.758,225.205,224.775,225.231,-0.050,-0.114
2017-03-06 13:03:00,224.849,224.996,165.000,265.000,224.95,225.00,2500.000,2500.000,224.95,225.05,371.000,425.000,224.85,225.05,2500.000,2500.000,224.90,225.10,3331.000,9028.000,15000.000,20000.000,224.768,225.158,224.850,225.206,-0.025,-0.110
2017-03-06 13:04:00,224.941,225.085,1575.000,299.000,224.80,225.00,2500.000,2500.000,224.95,225.10,747.000,437.000,224.75,225.05,2500.000,5000.000,224.90,225.15,7842.000,4759.000,17500.000,15000.000,224.676,225.160,224.829,225.275,-0.125,-0.106
2017-03-06 13:05:00,224.641,224.787,1030.000,1499.000,224.60,224.80,2500.000,2500.000,224.70,224.85,371.000,923.000,224.55,224.85,2500.000,5000.000,224.65,224.90,9031.000,12875.000,20000.000,20000.000,224.490,224.948,224.575,224.950,-0.075,-0.098
2017-03-06 13:06:00,224.691,224.787,8.000,60.000,224.60,224.70,5000.000,2500.000,224.65,224.85,3719.000,421.000,224.50,224.75,10000.000,2500.000,224.60,224.90,6980.000,3079.000,30000.000,17500.000,224.443,224.821,224.558,225.000,-0.100,-0.095
2017-03-06 13:07:00,224.850,224.889,2546.000,80.000,224.65,224.80,5000.000,5000.000,224.80,225.05,247.000,222.000,224.60,224.85,2500.000,2500.000,224.75,225.10,15397.000,3512.000,15000.000,20000.000,224.520,224.954,224.700,225.162,-0.200,-0.089
2017-03-06 13:08:00,224.659,224.782,3432.000,222.000,224.50,224.70,2500.000,2500.000,224.70,224.80,4368.000,753.000,224.45,224.75,2500.000,2500.000,224.65,224.90,15034.000,6403.000,17500.000,17500.000,224.411,224.848,224.571,224.950,-0.150,-0.072
2017-03-06 13:09:00,224.649,224.775,51.000,431.000,224.65,224.70,2500.000,5000.000,224.60,224.85,87.000,317.000,224.55,224.75,7500.000,2500.000,224.55,224.90,4653.000,4510.000,25000.000,15000.000,224.481,224.831,224.465,224.933,-0.050,-0.068
2017-03-06 13:10:00,224.637,224.741,86.000,725.000,224.60,224.75,2500.000,5000.000,224.65,224.85,80.000,1270.000,224.55,224.80,2500.000,2500.000,224.60,224.90,5175.000,6974.000,20000.000,22500.000,224.477,224.889,224.531,224.950,-0.075,-0.047
2017-03-06 13:11:00,224.767,224.850,5054.000,593.000,224.65,224.85,2500.000,2500.000,224.80,224.95,219.000,805.000,224.60,224.90,2500.000,2500.000,224.75,225.00,15584.000,11508.000,15000.000,20000.000,224.536,225.001,224.692,225.056,-0.125,-0.024
2017-03-06 13:12:00,224.708,224.718,82.000,364.000,224.70,224.75,2500.000,2500.000,224.65,224.85,50.000,1180.000,224.55,224.80,2500.000,7500.000,224.60,224.90,8260.000,5452.000,17500.000,25000.000,224.483,224.890,224.529,224.950,-0.025,-0.040
2017-03-06 13:13:00,224.794,224.834,171.000,431.000,224.70,224.85,5000.000,5000.000,224.75,224.95,110.000,267.000,224.65,224.90,5000.000,7500.000,224.70,225.00,9309.000,8166.000,22500.000,25000.000,224.540,225.002,224.617,225.040,-0.075,-0.056
2017-03-06 13:14:00,224.816,224.919,195.000,571.000,224.80,224.95,2500.000,2500.000,224.90,225.00,2510.000,2552.000,224.75,225.00,5000.000,2500.000,224.85,225.05,6710.000,11019.000,15000.000,25000.000,224.689,225.084,224.808,225.170,-0.075,-0.046
2017-03-06 13:15:00,224.808,224.808,561.000,746.000,224.70,224.90,2500.000,7500.000,224.80,224.95,4027.000,706.000,224.65,224.95,5000.000,7500.000,224.75,225.00,12847.000,12101.000,15000.000,30000.000,224.566,225.032,224.692,225.042,-0.075,-0.070
2017-03-06 13:16:00,224.852,224.818,485.000,50.000,224.70,224.85,2500.000,2500.000,224.80,225.00,2688.000,421.000,224.65,224.90,5000.000,5000.000,224.75,225.05,11346.000,5321.000,20000.000,27500.000,224.554,225.007,224.619,225.127,-0.125,-0.113
2017-03-06 13:17:00,224.673,224.763,2933.000,481.000,224.55,224.80,7500.000,2500.000,224.70,224.90,3152.000,977.000,224.50,224.85,2500.000,5000.000,224.65,224.95,13914.000,11188.000,22500.000,25000.000,224.444,224.967,224.578,225.000,-0.125,-0.120
2017-03-06 13:18:00,224.642,224.763,2507.000,1619.000,224.55,224.80,7500.000,2500.000,224.70,224.85,3107.000,751.000,224.50,224.85,2500.000,7500.000,224.65,224.95,13104.000,14261.000,22500.000,25000.000,224.443,224.952,224.578,224.995,-0.100,-0.111
2017-03-06 13:19:00,224.805,224.856,84.000,210.000,224.70,224.80,7500.000,5000.000,224.80,224.95,2680.000,222.000,224.65,224.85,7500.000,2500.000,224.75,225.00,13519.000,7190.000,22500.000,22500.000,224.549,224.970,224.733,225.056,-0.125,-0.118
2017-03-06 13:20:00,224.738,224.859,315.000,855.000,224.60,224.85,2500.000,7500.000,224.80,224.95,1028.000,504.000,224.55,224.90,7500.000,2500.000,224.75,225.00,13856.000,11453.000,17500.000,22500.000,224.481,224.992,224.714,225.028,-0.150,-0.107
2017-03-06 13:21:00,224.664,224.846,2584.000,60.000,224.55,224.65,2500.000,7500.000,224.70,224.90,2850.000,222.000,224.50,224.70,5000.000,7500.000,224.65,224.95,14484.000,4791.000,30000.000,27500.000,224.440,224.825,224.579,225.000,-0.200,-0.081
2017-03-06 13:22:00,224.700,224.827,2606.000,50.000,224.60,224.70,7500.000,2500.000,224.75,224.90,404.000,222.000,224.55,224.75,2500.000,5000.000,224.70,224.95,12898.000,5878.000,25000.000,25000.000,224.489,224.845,224.610,225.030,-0.175,-0.066
2017-03-06 13:23:00,224.721,224.797,2555.000,60.000,224.60,224.75,7500.000,2500.000,224.75,224.90,60.000,425.000,224.55,224.80,5000.000,2500.000,224.70,224.95,10471.000,5988.000,20000.000,22500.000,224.482,224.887,224.681,225.006,-0.150,-0.077
2017-03-06 13:24:00,224.644,224.727,205.000,156.000,224.60,224.65,2500.000,7500.000,224.65,224.85,4614.000,675.000,224.50,224.70,5000.000,7500.000,224.60,224.90,10493.000,4994.000,22500.000,32500.000,224.442,224.798,224.533,224.962,-0.125,-0.079
2017-03-06 13:25:00,224.743,224.810,2504.000,25.000,224.60,224.70,5000.000,5000.000,224.75,224.90,629.000,222.000,224.55,224.75,2500.000,7500.000,224.70,225.00,14066.000,3335.000,15000.000,22500.000,224.489,224.846,224.667,225.017,-0.175,-0.083
2017-03-06 13:26:00,224.730,224.782,7.000,60.000,224.65,224.75,2500.000,2500.000,224.75,224.85,2560.000,1249.000,224.60,224.80,2500.000,7500.000,224.65,224.90,11633.000,8117.000,22500.000,25000.000,224.512,224.895,224.572,224.955,-0.100,-0.089
2017-03-06 13:27:00,224.709,224.760,606.000,500.000,224.60,224.70,7500.000,10000.000,224.65,224.85,180.000,481.000,224.55,224.75,5000.000,7500.000,224.60,224.90,9369.000,4726.000,30000.000,30000.000,224.473,224.825,224.554,224.933,-0.100,-0.104
2017-03-06 13:28:00,224.640,224.774,180.000,1151.000,224.60,224.80,10000.000,5000.000,224.65,224.85,209.000,692.000,224.55,224.85,5000.000,7500.000,224.60,224.90,9471.000,14303.000,30000.000,22500.000,224.464,224.955,224.562,224.933,-0.050,-0.108
2017-03-06 13:29:00,224.848,224.939,2617.000,250.000,224.75,224.90,7500.000,2500.000,224.90,225.00,735.000,150.000,224.70,224.95,7500.000,2500.000,224.85,225.10,11936.000,8161.000,22500.000,22500.000,224.634,225.048,224.833,225.167,-0.125,-0.100
2017-03-06 13:30:00,224.700,224.789,5574.000,743.000,224.55,224.75,5000.000,2500.000,224.70,224.85,2469.000,1357.000,224.50,224.80,2500.000,7500.000,224.65,224.95,16971.000,8460.000,22500.000,22500.000,224.458,224.884,224.561,224.983,-0.125,-0.084
2017-03-06 13:31:00,224.763,224.843,2133.000,51.000,224.70,224.75,7500.000,5000.000,224.80,224.95,2500.000,957.000,224.65,224.85,5000.000,5000.000,224.75,225.00,13248.000,8968.000,22500.000,27500.000,224.574,224.966,224.717,225.086,-0.150,-0.076
2017-03-06 13:32:00,224.771,224.895,1508.000,50.000,224.75,224.80,5000.000,2500.000,224.85,225.00,2500.000,60.000,224.70,224.85,10000.000,5000.000,224.80,225.05,9488.000,6932.000,25000.000,25000.000,224.640,224.969,224.770,225.120,-0.150,-0.074
2017-03-06 13:33:00,224.769,224.926,764.000,16.000,224.75,224.80,7500.000,5000.000,224.85,225.00,2500.000,60.000,224.70,224.85,10000.000,2500.000,224.80,225.05,8754.000,6951.000,30000.000,22500.000,224.631,224.970,224.762,225.111,-0.150,-0.055
2017-03-06 13:34:00,224.649,224.700,788.000,823.000,224.60,224.70,2500.000,2500.000,224.70,224.75,2580.000,2086.000,224.55,224.75,2500.000,7500.000,224.60,224.80,11662.000,10763.000,20000.000,22500.000,224.489,224.827,224.544,224.850,-0.075,-0.060
2017-03-06 13:35:00,224.509,224.515,2296.000,962.000,224.50,224.60,2500.000,2500.000,224.55,224.65,639.000,968.000,224.45,224.65,7500.000,2500.000,224.50,224.70,9490.000,12495.000,17500.000,25000.000,224.395,224.740,224.436,224.780,-0.050,-0.075
2017-03-06 13:36:00,224.687,224.730,2231.000,221.000,224.55,224.70,5000.000,2500.000,224.65,224.85,2500.000,222.000,224.50,224.75,2500.000,5000.000,224.60,224.95,9929.000,3680.000,22500.000,27500.000,224.459,224.843,224.528,225.045,-0.125,-0.086
2017-03-06 13:37:00,224.643,224.756,404.000,219.000,224.60,224.70,2500.000,2500.000,224.70,224.80,3955.000,282.000,224.55,224.75,2500.000,5000.000,224.65,224.85,8774.000,7055.000,17500.000,25000.000,224.496,224.856,224.579,224.950,-0.100,-0.074
2017-03-06 13:38:00,224.589,224.650,207.000,588.000,224.60,224.70,2500.000,2500.000,224.60,224.75,60.000,815.000,224.50,224.75,7500.000,5000.000,224.55,224.80,6085.000,9691.000,22500.000,20000.000,224.379,224.843,224.494,224.869,-0.025,-0.072
2017-03-06 13:39:00,224.764,224.844,1567.000,152.000,224.70,224.80,5000.000,2500.000,224.85,224.95,399.000,481.000,224.65,224.85,5000.000,2500.000,224.80,225.00,11231.000,8531.000,17500.000,25000.000,224.564,224.962,224.757,225.115,-0.150,-0.091
2017-03-06 13:40:00,224.803,224.881,1634.000,421.000,224.70,224.85,2500.000,5000.000,224.85,225.00,399.000,1103.000,224.65,224.90,5000.000,7500.000,224.80,225.10,11913.000,9436.000,15000.000,30000.000,224.561,224.980,224.742,225.146,-0.150,-0.101
2017-03-06 13:41:00,224.760,224.862,3.000,195.000,224.65,224.70,5000.000,7500.000,224.70,224.95,980.000,418.000,224.60,224.80,2500.000,2500.000,224.65,225.00,5518.000,3300.000,22500.000,20000.000,224.494,224.882,224.578,225.025,-0.150,-0.101
2017-03-06 13:42:00,224.756,224.806,20.000,30.000,224.65,224.70,2500.000,2500.000,224.75,224.90,181.000,272.000,224.55,224.80,5000.000,5000.000,224.70,224.95,9483.000,4148.000,17500.000,25000.000,224.458,224.907,224.657,225.085,-0.150,-0.106
2017-03-06 13:43:00,224.766,224.817,2301.000,40.000,224.55,224.75,10000.000,5000.000,224.70,224.95,820.000,80.000,224.50,224.80,2500.000,2500.000,224.65,225.05,12472.000,3443.000,22500.000,22500.000,224.429,224.916,224.633,225.100,-0.175,-0.106
2017-03-06 13:44:00,224.702,224.876,852.000,92.000,224.60,224.80,5000.000,2500.000,224.80,224.95,2759.000,642.000,224.55,224.85,7500.000,5000.000,224.75,225.10,12266.000,9536.000,22500.000,25000.000,224.492,224.963,224.700,225.195,-0.175,-0.088
2017-03-06 13:45:00,224.716,224.843,6019.000,722.000,224.65,224.80,7500.000,2500.000,224.80,224.95,2824.000,400.000,224.55,224.85,2500.000,2500.000,224.75,225.00,16971.000,10114.000,17500.000,20000.000,224.542,224.955,224.729,225.062,-0.150,-0.068
2017-03-06 13:46:00,224.713,224.814,268.000,905.000,224.70,224.80,2500.000,2500.000,224.80,224.90,2500.000,967.000,224.65,224.85,5000.000,2500.000,224.75,224.95,10392.000,12819.000,15000.000,20000.000,224.580,224.956,224.708,225.019,-0.100,-0.063
2017-03-06 13:47:00,224.779,224.853,2493.000,100.000,224.70,224.80,2500.000,2500.000,224.85,224.95,300.000,400.000,224.65,224.85,2500.000,5000.000,224.80,225.05,14770.000,9412.000,12500.000,25000.000,224.565,224.965,224.750,225.110,-0.150,-0.062
2017-03-06 13:48:00,224.802,224.856,4270.000,100.000,224.70,224.80,2500.000,5000.000,224.85,225.00,60.000,410.000,224.65,224.85,2500.000,5000.000,224.80,225.05,15707.000,6919.000,12500.000,27500.000,224.580,224.968,224.750,225.105,-0.175,-0.067
2017-03-06 13:49:00,224.875,224.958,550.000,330.000,224.80,225.00,7500.000,7500.000,224.90,225.10,2722.000,350.000,224.75,225.05,10000.000,10000.000,224.85,225.15,7582.000,7516.000,27500.000,37500.000,224.695,225.158,224.832,225.197,-0.100,-0.057
2017-03-06 13:50:00,224.942,224.969,551.000,1.000,224.80,224.90,10000.000,2500.000,224.90,225.10,3722.000,153.000,224.75,224.95,12500.000,10000.000,224.85,225.15,8432.000,1585.000,35000.000,32500.000,224.702,225.055,224.804,225.208,-0.150,-0.053
2017-03-06 13:51:00,224.906,224.982,910.000,150.000,224.90,224.95,5000.000,2500.000,224.95,225.05,5534.000,683.000,224.80,225.00,7500.000,2500.000,224.90,225.10,11487.000,6857.000,32500.000,30000.000,224.766,225.117,224.838,225.171,-0.075,-0.044
2017-03-06 13:52:00,224.916,224.984,28.000,696.000,224.85,225.00,7500.000,2500.000,224.95,225.10,2846.000,201.000,224.80,225.05,5000.000,2500.000,224.90,225.15,8479.000,7778.000,25000.000,30000.000,224.734,225.152,224.875,225.225,-0.100,-0.030
2017-03-06 13:53:00,224.903,224.988,4392.000,2327.000,224.80,225.00,2500.000,2500.000,224.95,225.10,1173.000,1605.000,224.75,225.05,7500.000,10000.000,224.90,225.15,12562.000,10813.000,25000.000,35000.000,224.709,225.116,224.850,225.196,-0.125,-0.022
2017-03-06 13:54:00,224.940,224.974,5098.000,1587.000,224.85,225.00,5000.000,2500.000,224.95,225.10,3636.000,373.000,224.80,225.05,2500.000,10000.000,224.90,225.15,14737.000,8891.000,22500.000,35000.000,224.774,225.134,224.850,225.200,-0.100,-0.021
2017-03-06 13:55:00,224.973,224.979,41.000,161.000,224.95,225.00,2500.000,2500.000,224.95,225.10,4771.000,373.000,224.85,225.05,5000.000,10000.000,224.90,225.15,10804.000,6071.000,25000.000,35000.000,224.794,225.165,224.830,225.211,-0.050,-0.012
2017-03-06 13:56:00,224.935,224.962,1602.000,402.000,224.85,225.00,5000.000,2500.000,224.95,225.10,2560.000,119.000,224.80,225.05,5000.000,10000.000,224.90,225.15,9995.000,7123.000,25000.000,37500.000,224.741,225.160,224.855,225.213,-0.100,-0.020
2017-03-06 13:57:00,224.958,224.956,1389.000,694.000,224.85,224.95,7500.000,5000.000,224.95,225.10,2657.000,367.000,224.80,225.00,2500.000,10000.000,224.90,225.15,9866.000,4089.000,22500.000,40000.000,224.740,225.090,224.861,225.200,-0.125,-0.020
2017-03-06 13:58:00,225.015,225.063,153.000,64.000,225.00,225.10,5000.000,5000.000,225.05,225.15,3104.000,206.000,224.90,225.15,2500.000,7500.000,225.00,225.20,11480.000,11280.000,20000.000,27500.000,224.822,225.253,224.925,225.250,-0.050,-0.010
2017-03-06 13:59:00,224.952,224.976,2132.000,13.000,224.85,225.00,5000.000,5000.000,224.95,225.10,2935.000,56.000,224.80,225.05,2500.000,5000.000,224.90,225.15,12006.000,6383.000,22500.000,30000.000,224.749,225.178,224.850,225.213,-0.100,-0.006
2017-03-06 14:00:00,225.009,224.970,172.000,1085.000,225.00,225.10,5000.000,2500.000,224.95,225.05,1261.000,3264.000,224.90,225.15,2500.000,2500.000,224.90,225.10,7344.000,11900.000,25000.000,25000.000,224.802,225.194,224.835,225.180,0.050,-0.023
2017-03-06 14:01:00,225.024,225.093,163.000,5.000,225.05,225.10,7500.000,2500.000,225.05,225.15,511.000,222.000,224.95,225.15,5000.000,10000.000,225.00,225.20,7994.000,9297.000,27500.000,25000.000,224.861,225.262,224.945,225.245,-0.025,-0.020
2017-03-06 14:02:00,224.980,224.979,746.000,224.000,224.90,225.00,2500.000,7500.000,224.95,225.10,60.000,414.000,224.85,225.10,2500.000,7500.000,224.90,225.15,11475.000,9418.000,20000.000,32500.000,224.762,225.218,224.838,225.192,-0.075,-0.028
2017-03-06 14:03:00,224.833,224.829,761.000,6.000,224.75,224.90,5000.000,2500.000,224.85,225.00,3012.000,880.000,224.70,225.00,2500.000,2500.000,224.80,225.05,10601.000,9550.000,17500.000,30000.000,224.643,225.112,224.736,225.150,-0.100,-0.022
2017-03-06 14:04:00,224.804,224.812,56.000,481.000,224.75,224.95,5000.000,2500.000,224.85,225.00,3012.000,834.000,224.70,225.00,2500.000,2500.000,224.80,225.05,8618.000,11175.000,15000.000,35000.000,224.632,225.099,224.767,225.154,-0.075,-0.024
2017-03-06 14:05:00,224.862,224.904,2664.000,721.000,224.75,224.95,2500.000,7500.000,224.90,225.05,657.000,464.000,224.70,225.00,10000.000,5000.000,224.85,225.10,11101.000,8546.000,22500.000,40000.000,224.639,225.098,224.794,225.153,-0.125,-0.022
2017-03-06 14:06:00,224.799,224.852,493.000,459.000,224.75,224.90,5000.000,5000.000,224.80,224.90,2722.000,421.000,224.65,224.95,2500.000,7500.000,224.75,225.00,11135.000,12234.000,27500.000,30000.000,224.572,225.014,224.659,225.042,-0.025,-0.015
2017-03-06 14:07:00,224.854,224.893,568.000,100.000,224.75,224.90,5000.000,2500.000,224.85,225.00,3177.000,621.000,224.70,224.95,7500.000,5000.000,224.80,225.10,10017.000,6174.000,22500.000,32500.000,224.638,225.052,224.767,225.162,-0.100,-0.016
2017-03-06 14:08:00,224.837,224.806,2764.000,431.000,224.65,224.85,2500.000,7500.000,224.80,224.95,1306.000,150.000,224.60,224.90,2500.000,7500.000,224.75,225.00,17083.000,6875.000,20000.000,42500.000,224.529,224.995,224.675,225.088,-0.125,-0.024
2017-03-06 14:09:00,224.793,224.807,4884.000,431.000,224.65,224.85,2500.000,5000.000,224.80,224.95,1366.000,385.000,224.60,224.90,2500.000,7500.000,224.75,225.00,18060.000,9965.000,20000.000,32500.000,224.543,225.003,224.675,225.069,-0.125,-0.040
2017-03-06 14:10:00,224.812,224.848,72.000,695.000,224.70,224.90,2500.000,5000.000,224.85,224.95,2230.000,2363.000,224.65,224.95,5000.000,7500.000,224.80,225.00,12861.000,12681.000,22500.000,45000.000,224.556,225.023,224.744,225.108,-0.100,-0.033
2017-03-06 14:11:00,224.774,224.792,38.000,60.000,224.70,224.80,5000.000,2500.000,224.80,224.90,3746.000,222.000,224.65,224.85,7500.000,7500.000,224.70,225.00,12287.000,7858.000,25000.000,35000.000,224.568,224.974,224.670,225.079,-0.100,-0.024
2017-03-06 14:12:00,224.781,224.824,1029.000,421.000,224.65,224.85,7500.000,2500.000,224.80,224.95,1306.000,871.000,224.60,224.90,5000.000,7500.000,224.75,225.00,14202.000,10389.000,25000.000,32500.000,224.515,224.997,224.725,225.081,-0.125,-0.022
2017-03-06 14:13:00,224.810,224.819,5149.000,1032.000,224.65,224.90,7500.000,2500.000,224.80,224.95,1206.000,1980.000,224.60,224.95,5000.000,5000.000,224.75,225.00,18229.000,12635.000,27500.000,37500.000,224.545,225.021,224.705,225.117,-0.100,-0.034
2017-03-06 14:14:00,224.773,224.867,4722.000,33.000,224.65,224.85,7500.000,2500.000,224.80,224.90,984.000,666.000,224.60,224.90,2500.000,2500.000,224.75,224.95,17585.000,11714.000,22500.000,15000.000,224.542,225.004,224.722,225.000,-0.100,-0.032
2017-03-06 14:15:00,224.769,224.769,1723.000,660.000,224.70,224.90,5000.000,2500.000,224.75,224.95,2550.000,1876.000,224.65,224.95,7500.000,7500.000,224.70,225.00,9771.000,12533.000,20000.000,32500.000,224.580,225.027,224.675,225.088,-0.050,-0.046
2017-03-06 14:16:00,224.795,224.766,1524.000,10.000,224.65,224.80,7500.000,10000.000,224.75,224.95,330.000,222.000,224.60,224.85,7500.000,7500.000,224.70,225.00,9567.000,4107.000,27500.000,42500.000,224.518,224.975,224.618,225.082,-0.125,-0.076
2017-03-06 14:17:00,224.842,224.879,3939.000,364.000,224.70,224.90,2500.000,10000.000,224.85,225.00,501.000,706.000,224.65,224.95,5000.000,7500.000,224.80,225.10,13970.000,8708.000,22500.000,47500.000,224.587,225.032,224.744,225.132,-0.125,-0.092
2017-03-06 14:18:00,224.863,224.928,2931.000,60.000,224.75,224.90,5000.000,7500.000,224.90,225.00,2428.000,1008.000,224.70,224.95,5000.000,2500.000,224.85,225.10,14492.000,8605.000,22500.000,35000.000,224.640,225.033,224.800,225.146,-0.125,-0.092
2017-03-06 14:19:00,224.847,224.935,2560.000,1.000,224.75,224.85,5000.000,7500.000,224.90,225.00,2428.000,23.000,224.70,224.90,5000.000,5000.000,224.85,225.10,14121.000,6356.000,22500.000,35000.000,224.637,225.010,224.806,225.132,-0.150,-0.085
2017-03-06 14:20:00,224.849,224.920,1968.000,1768.000,224.75,224.90,7500.000,5000.000,224.90,225.00,2117.000,447.000,224.70,224.95,5000.000,2500.000,224.85,225.05,13139.000,10288.000,25000.000,32500.000,224.630,225.018,224.805,225.115,-0.125,-0.086
2017-03-06 14:21:00,224.805,224.923,484.000,760.000,224.80,224.90,5000.000,5000.000,224.90,225.00,1216.000,507.000,224.75,224.95,5000.000,2500.000,224.85,225.05,5719.000,9280.000,25000.000,30000.000,224.676,225.031,224.795,225.129,-0.100,-0.075
2017-03-06 14:22:00,224.801,224.919,521.000,1152.000,224.80,224.90,2500.000,5000.000,224.90,225.00,1216.000,614.000,224.75,224.95,5000.000,2500.000,224.85,225.05,5552.000,9829.000,22500.000,30000.000,224.677,225.024,224.783,225.129,-0.100,-0.063
2017-03-06 14:23:00,224.830,224.898,194.000,1040.000,224.85,224.90,2500.000,5000.000,224.90,225.00,353.000,447.000,224.80,224.95,5000.000,2500.000,224.85,225.05,4476.000,9550.000,20000.000,32500.000,224.693,225.027,224.794,225.131,-0.075,-0.069
2017-03-06 14:24:00,224.843,224.895,245.000,1044.000,224.85,224.90,2500.000,5000.000,224.90,225.00,353.000,447.000,224.80,224.95,5000.000,2500.000,224.85,225.05,4856.000,8276.000,20000.000,32500.000,224.695,225.031,224.800,225.131,-0.075,-0.065
2017-03-06 14:25:00,224.793,224.867,513.000,1467.000,224.80,224.90,2500.000,2500.000,224.85,224.95,1208.000,410.000,224.75,224.95,5000.000,5000.000,224.80,225.00,5683.000,12056.000,20000.000,25000.000,224.658,225.025,224.750,225.080,-0.050,-0.042
2017-03-06 14:26:00,224.856,224.921,1763.000,747.000,224.75,224.90,7500.000,5000.000,224.90,225.00,1138.000,276.000,224.70,224.95,5000.000,2500.000,224.85,225.05,11354.000,7671.000,27500.000,32500.000,224.628,225.040,224.805,225.127,-0.125,-0.043
2017-03-06 14:27:00,224.853,224.911,3078.000,1108.000,224.75,224.90,2500.000,5000.000,224.90,225.00,317.000,276.000,224.70,224.95,2500.000,2500.000,224.85,225.05,12235.000,8532.000,22500.000,32500.000,224.634,225.030,224.789,225.127,-0.125,-0.031
2017-03-06 14:28:00,224.900,224.996,1037.000,226.000,224.85,224.95,7500.000,10000.000,224.95,225.10,1388.000,1323.000,224.80,225.00,2500.000,5000.000,224.90,225.15,6832.000,6063.000,27500.000,35000.000,224.739,225.082,224.823,225.182,-0.125,-0.003
2017-03-06 14:29:00,225.085,225.117,731.000,66.000,224.95,225.00,5000.000,7500.000,225.10,225.20,516.000,948.000,224.90,225.15,5000.000,7500.000,225.00,225.30,15481.000,8242.000,20000.000,32500.000,224.811,225.246,224.975,225.327,-0.175,-0.017
2017-03-06 14:30:00,225.152,225.113,130.000,52.000,225.05,225.10,5000.000,2500.000,225.20,225.35,3251.000,163.000,225.00,225.20,2500.000,7500.000,225.10,225.45,10135.000,4956.000,17500.000,47500.000,224.927,225.293,225.064,225.545,-0.200,-0.005
2017-03-06 14:31:00,225.274,225.342,898.000,412.000,225.30,225.35,2500.000,2500.000,225.35,225.50,110.000,51.000,225.20,225.40,5000.000,5000.000,225.30,225.55,4607.000,5372.000,17500.000,45000.000,225.139,225.498,225.243,225.611,-0.100,0.026
2017-03-06 14:32:00,225.220,225.221,1.000,11.000,225.15,225.20,2500.000,2500.000,225.20,225.35,281.000,430.000,225.05,225.25,2500.000,7500.000,225.15,225.40,7041.000,2772.000,15000.000,27500.000,224.976,225.343,225.100,225.455,-0.100,-0.012
2017-03-06 14:33:00,225.200,225.152,176.000,514.000,225.05,225.25,7500.000,7500.000,225.20,225.40,1849.000,659.000,225.00,225.30,5000.000,5000.000,225.15,225.45,10310.000,6724.000,20000.000,50000.000,224.915,225.385,225.113,225.528,-0.150,-0.057
2017-03-06 14:34:00,225.057,225.161,1106.000,82.000,225.05,225.10,2500.000,2500.000,225.15,225.20,2049.000,503.000,225.00,225.15,5000.000,2500.000,225.10,225.30,7685.000,7566.000,15000.000,20000.000,224.936,225.253,225.058,225.363,-0.100,-0.035
2017-03-06 14:35:00,225.169,225.068,1260.000,108.000,225.10,225.25,2500.000,5000.000,225.20,225.40,161.000,158.000,225.05,225.30,5000.000,5000.000,225.15,225.45,5717.000,4776.000,15000.000,47500.000,224.985,225.415,225.042,225.550,-0.125,-0.069
2017-03-06 14:36:00,225.191,225.106,309.000,857.000,225.05,225.20,7500.000,5000.000,225.15,225.40,250.000,613.000,225.00,225.25,2500.000,7500.000,225.10,225.45,5739.000,3739.000,22500.000,45000.000,224.896,225.311,224.978,225.539,-0.150,-0.121
2017-03-06 14:37:00,225.024,225.214,2358.000,304.000,225.05,225.10,2500.000,2500.000,225.20,225.25,100.000,214.000,225.00,225.15,2500.000,2500.000,225.15,225.35,7115.000,9433.000,15000.000,20000.000,224.957,225.253,225.067,225.400,-0.150,-0.107
2017-03-06 14:38:00,225.065,225.240,444.000,1468.000,225.10,225.20,2500.000,5000.000,225.20,225.35,105.000,543.000,225.00,225.25,2500.000,5000.000,225.15,225.40,5376.000,9702.000,15000.000,22500.000,224.925,225.339,225.050,225.433,-0.125,-0.113
2017-03-06 14:39:00,225.122,225.119,81.000,144.000,225.05,225.10,2500.000,7500.000,225.20,225.40,15.000,1.000,225.00,225.15,2500.000,2500.000,225.15,225.45,3511.000,2145.000,17500.000,42500.000,224.902,225.235,225.021,225.547,-0.225,-0.148
2017-03-06 14:40:00,225.079,225.148,1638.000,85.000,225.05,225.10,7500.000,7500.000,225.10,225.30,4640.000,272.000,225.00,225.15,2500.000,2500.000,225.05,225.35,12591.000,5587.000,22500.000,27500.000,224.907,225.233,224.978,225.405,-0.125,-0.152
2017-03-06 14:41:00,224.995,225.168,3757.000,201.000,225.00,225.05,2500.000,7500.000,225.10,225.25,2308.000,304.000,224.85,225.10,2500.000,5000.000,225.05,225.30,12419.000,6430.000,22500.000,25000.000,224.850,225.218,224.911,225.335,-0.150,-0.149
2017-03-06 14:42:00,224.960,225.083,107.000,429.000,224.85,224.95,5000.000,7500.000,225.00,225.20,2570.000,106.000,224.75,225.00,2500.000,5000.000,224.95,225.25,7018.000,2488.000,20000.000,30000.000,224.684,225.099,224.887,225.304,-0.200,-0.153
2017-03-06 14:43:00,224.916,225.121,2417.000,648.000,224.90,224.95,2500.000,5000.000,225.05,225.15,2123.000,480.000,224.85,225.00,7500.000,5000.000,225.00,225.20,7831.000,5472.000,25000.000,22500.000,224.834,225.077,224.905,225.250,-0.175,-0.136
2017-03-06 14:44:00,224.568,224.740,2500.000,1166.000,224.60,224.75,2500.000,7500.000,224.70,224.85,1959.000,1089.000,224.50,224.80,12500.000,7500.000,224.65,224.90,7129.000,12591.000,30000.000,35000.000,224.486,224.886,224.604,224.946,-0.100,-0.117
2017-03-06 14:45:00,224.511,224.597,2708.000,980.000,224.45,224.50,7500.000,2500.000,224.60,224.65,215.000,339.000,224.40,224.55,2500.000,5000.000,224.55,224.70,11641.000,6780.000,20000.000,22500.000,224.324,224.636,224.494,224.750,-0.150,-0.118
2017-03-06 14:46:00,224.803,224.961,267.000,292.000,224.80,224.85,2500.000,5000.000,224.90,225.05,233.000,500.000,224.75,224.90,2500.000,7500.000,224.85,225.10,5654.000,6865.000,20000.000,27500.000,224.667,224.996,224.794,225.173,-0.150,-0.101
2017-03-06 14:47:00,224.823,224.963,4985.000,500.000,224.65,224.80,2500.000,5000.000,224.90,225.05,3213.000,287.000,224.60,224.85,5000.000,7500.000,224.85,225.10,20333.000,5873.000,20000.000,27500.000,224.532,224.959,224.800,225.150,-0.250,-0.113
2017-03-06 14:48:00,225.064,225.188,216.000,1437.000,225.10,225.15,2500.000,2500.000,225.20,225.30,1369.000,909.000,225.05,225.20,5000.000,10000.000,225.15,225.35,4761.000,9961.000,20000.000,40000.000,224.986,225.282,225.081,225.428,-0.125,-0.128
2017-03-06 14:49:00,224.962,225.038,7.000,1776.000,224.90,225.00,5000.000,7500.000,225.00,225.15,97.000,452.000,224.85,225.05,2500.000,12500.000,224.95,225.20,7430.000,7271.000,17500.000,35000.000,224.753,225.127,224.914,225.246,-0.125,-0.162
2017-03-06 14:50:00,224.916,225.007,3224.000,1542.000,224.85,225.00,10000.000,2500.000,225.00,225.10,565.000,397.000,224.80,225.05,2500.000,2500.000,224.95,225.15,12032.000,10407.000,22500.000,30000.000,224.761,225.134,224.922,225.221,-0.125,-0.185
2017-03-06 14:51:00,225.130,225.205,2838.000,125.000,225.00,225.15,2500.000,2500.000,225.20,225.35,2638.000,782.000,224.95,225.20,2500.000,2500.000,225.15,225.40,12089.000,5643.000,20000.000,32500.000,224.900,225.278,225.062,225.473,-0.200,-0.225
2017-03-06 14:52:00,224.881,225.081,132.000,862.000,224.90,224.95,10000.000,2500.000,225.00,225.10,2680.000,1799.000,224.85,225.00,2500.000,2500.000,224.95,225.15,5671.000,8709.000,27500.000,17500.000,224.798,225.081,224.900,225.207,-0.125,-0.225
2017-03-06 14:53:00,225.011,225.210,2342.000,965.000,225.00,225.05,2500.000,5000.000,225.15,225.30,621.000,337.000,224.95,225.10,12500.000,2500.000,225.10,225.35,8538.000,6183.000,30000.000,32500.000,224.926,225.196,225.050,225.462,-0.200,-0.228
2017-03-06 14:54:00,224.960,225.207,365.000,260.000,225.00,225.05,2500.000,10000.000,225.10,225.25,5.000,144.000,224.90,225.10,2500.000,2500.000,225.05,225.30,4997.000,6913.000,32500.000,25000.000,224.823,225.202,225.000,225.330,-0.150,-0.223
2017-03-06 14:55:00,224.714,224.918,3.000,421.000,224.70,224.85,5000.000,2500.000,224.85,225.00,2875.000,522.000,224.60,224.90,5000.000,7500.000,224.80,225.05,8068.000,9762.000,22500.000,25000.000,224.527,225.002,224.750,225.095,-0.150,-0.209
2017-03-06 14:56:00,224.677,224.952,121.000,1005.000,224.65,224.80,2500.000,10000.000,224.85,225.00,2831.000,2083.000,224.60,224.85,5000.000,7500.000,224.80,225.05,6376.000,9377.000,25000.000,25000.000,224.543,224.929,224.735,225.060,-0.200,-0.196
2017-03-06 14:57:00,224.613,224.815,3437.000,338.000,224.55,224.70,2500.000,2500.000,224.75,224.85,2053.000,1460.000,224.50,224.75,10000.000,5000.000,224.65,224.90,9371.000,7886.000,37500.000,22500.000,224.471,224.835,224.613,224.961,-0.175,-0.182
2017-03-06 14:58:00,224.685,224.898,501.000,928.000,224.70,224.80,12500.000,2500.000,224.80,224.90,2871.000,2158.000,224.65,224.85,15000.000,2500.000,224.75,224.95,8188.000,14098.000,47500.000,20000.000,224.591,224.946,224.716,225.006,-0.100,-0.180
2017-03-06 14:59:00,224.728,224.948,481.000,808.000,224.70,224.85,7500.000,7500.000,224.80,225.00,2556.000,389.000,224.65,224.90,15000.000,2500.000,224.75,225.05,7333.000,9799.000,35000.000,20000.000,224.584,225.000,224.718,225.088,-0.125,-0.181
2017-03-06 15:00:00,224.829,224.963,2.000,421.000,224.80,224.95,7500.000,10000.000,224.90,225.10,431.000,1494.000,224.75,225.00,2500.000,10000.000,224.85,225.15,5979.000,8928.000,30000.000,45000.000,224.668,225.091,224.800,225.236,-0.125,-0.195
2017-03-06 15:01:00,224.886,225.092,114.000,428.000,224.95,225.00,5000.000,7500.000,225.05,225.15,79.000,1486.000,224.85,225.05,5000.000,5000.000,225.00,225.20,4851.000,9059.000,20000.000,27500.000,224.770,225.148,224.956,225.232,-0.125,-0.200
2017-03-06 15:02:00,225.122,225.254,136.000,231.000,225.10,225.15,7500.000,2500.000,225.20,225.35,1254.000,720.000,225.00,225.20,7500.000,5000.000,225.15,225.40,6009.000,4260.000,32500.000,37500.000,224.924,225.300,225.092,225.473,-0.150,-0.233
2017-03-06 15:03:00,225.053,225.257,2.000,853.000,225.10,225.20,2500.000,2500.000,225.15,225.30,153.000,1061.000,225.05,225.25,2500.000,2500.000,225.10,225.35,2642.000,10577.000,30000.000,20000.000,224.937,225.324,224.983,225.406,-0.075,-0.239
2017-03-06 15:04:00,225.013,225.241,1394.000,168.000,225.05,225.10,2500.000,2500.000,225.10,225.25,619.000,275.000,225.00,225.15,7500.000,7500.000,225.05,225.30,4562.000,8995.000,37500.000,17500.000,224.933,225.240,224.980,225.336,-0.100,-0.222
2017-03-06 15:05:00,224.829,225.032,2370.000,124.000,224.85,224.90,12500.000,2500.000,225.00,225.10,448.000,976.000,224.80,225.00,2500.000,5000.000,224.95,225.15,5956.000,8834.000,25000.000,25000.000,224.777,225.088,224.940,225.215,-0.175,-0.202
2017-03-06 15:06:00,224.953,225.188,2690.000,40.000,224.90,224.95,2500.000,12500.000,225.10,225.25,2186.000,70.000,224.85,225.00,2500.000,2500.000,225.05,225.30,8399.000,2836.000,22500.000,30000.000,224.821,225.122,225.000,225.392,-0.250,-0.167
2017-03-06 15:07:00,224.930,225.224,1546.000,73.000,225.00,225.05,2500.000,10000.000,225.10,225.25,1906.000,653.000,224.95,225.10,2500.000,2500.000,225.05,225.30,4927.000,8866.000,27500.000,20000.000,224.932,225.225,224.982,225.325,-0.150,-0.139
2017-03-06 15:08:00,225.058,225.295,797.000,72.000,225.05,225.10,2500.000,2500.000,225.20,225.35,476.000,607.000,225.00,225.20,7500.000,7500.000,225.15,225.40,6649.000,7433.000,30000.000,25000.000,224.937,225.319,225.075,225.470,-0.200,-0.117
2017-03-06 15:09:00,225.003,225.144,1641.000,114.000,224.95,225.00,2500.000,2500.000,225.05,225.15,100.000,341.000,224.90,225.05,12500.000,2500.000,225.00,225.20,9161.000,6734.000,27500.000,15000.000,224.805,225.140,224.950,225.250,-0.125,-0.134
2017-03-06 15:10:00,225.197,225.300,8.000,290.000,225.15,225.25,2500.000,5000.000,225.25,225.35,2486.000,1065.000,225.05,225.30,2500.000,5000.000,225.15,225.45,15378.000,10558.000,27500.000,32500.000,224.985,225.397,225.064,225.500,-0.100,-0.147
2017-03-06 15:11:00,225.215,225.276,150.000,2175.000,225.15,225.20,2500.000,5000.000,225.20,225.35,663.000,285.000,225.05,225.25,7500.000,7500.000,225.15,225.40,12839.000,8219.000,27500.000,30000.000,224.965,225.286,225.073,225.458,-0.100,-0.147
2017-03-06 15:12:00,225.081,225.236,85.000,160.000,225.05,225.10,2500.000,5000.000,225.15,225.30,4514.000,2.000,225.00,225.15,7500.000,2500.000,225.10,225.35,11853.000,9623.000,30000.000,25000.000,224.924,225.247,225.042,225.420,-0.150,-0.145
2017-03-06 15:13:00,225.121,225.247,314.000,39.000,225.10,225.15,5000.000,2500.000,225.15,225.25,1038.000,3111.000,225.05,225.20,5000.000,7500.000,225.10,225.30,6023.000,7886.000,30000.000,17500.000,224.953,225.263,225.046,225.336,-0.075,-0.143
2017-03-06 15:14:00,224.987,225.211,27.000,594.000,225.05,225.10,5000.000,12500.000,225.05,225.25,1084.000,61.000,225.00,225.15,15000.000,2500.000,225.00,225.30,2944.000,8923.000,42500.000,25000.000,224.922,225.243,224.915,225.320,-0.075,-0.115
2017-03-06 15:15:00,225.093,225.260,62.000,37.000,225.05,225.10,2500.000,10000.000,225.15,225.30,1359.000,363.000,225.00,225.15,2500.000,5000.000,225.10,225.35,9931.000,8097.000,32500.000,27500.000,224.899,225.252,225.023,225.386,-0.150,-0.088
2017-03-06 15:16:00,224.988,225.048,2738.000,117.000,224.85,224.90,15000.000,5000.000,225.00,225.10,3531.000,150.000,224.80,225.00,7500.000,5000.000,224.85,225.15,15037.000,2654.000,40000.000,22500.000,224.754,225.081,224.863,225.200,-0.175,-0.087
2017-03-06 15:17:00,224.989,225.136,3731.000,156.000,224.90,225.00,2500.000,2500.000,225.05,225.15,501.000,63.000,224.85,225.05,10000.000,2500.000,225.00,225.20,11324.000,4568.000,30000.000,15000.000,224.805,225.172,224.921,225.258,-0.150,-0.075
2017-03-06 15:18:00,224.983,225.098,1361.000,559.000,225.00,225.05,2500.000,5000.000,225.05,225.20,17.000,70.000,224.95,225.10,10000.000,10000.000,225.00,225.25,4687.000,6087.000,30000.000,40000.000,224.894,225.199,224.933,225.316,-0.100,-0.060
2017-03-06 15:19:00,225.013,225.096,2005.000,81.000,224.90,224.95,7500.000,2500.000,225.05,225.15,3800.000,356.000,224.85,225.00,7500.000,5000.000,225.00,225.25,13156.000,1921.000,37500.000,32500.000,224.799,225.099,224.920,225.335,-0.175,-0.045
2017-03-06 15:20:00,224.991,225.027,821.000,68.000,224.85,224.95,10000.000,5000.000,225.00,225.10,4548.000,1410.000,224.80,225.00,12500.000,10000.000,224.85,225.15,15640.000,4604.000,40000.000,30000.000,224.732,225.073,224.841,225.200,-0.150,-0.033
2017-03-06 15:21:00,224.929,224.980,911.000,1653.000,224.85,224.90,2500.000,2500.000,224.90,225.05,1833.000,471.000,224.80,224.95,7500.000,10000.000,224.85,225.10,12226.000,5344.000,25000.000,25000.000,224.692,224.998,224.795,225.145,-0.100,-0.033
2017-03-06 15:22:00,224.972,225.059,685.000,937.000,224.90,225.00,17500.000,2500.000,225.00,225.10,6076.000,885.000,224.85,225.05,5000.000,10000.000,224.90,225.15,10673.000,5824.000,42500.000,25000.000,224.800,225.111,224.894,225.195,-0.100,-0.056
2017-03-06 15:23:00,224.975,225.015,1587.000,653.000,224.90,224.95,7500.000,5000.000,225.00,225.05,4026.000,1038.000,224.85,225.00,5000.000,7500.000,224.90,225.10,10056.000,4163.000,35000.000,30000.000,224.800,225.055,224.857,225.154,-0.100,-0.080
2017-03-06 15:24:00,224.919,224.932,1172.000,124.000,224.85,224.90,5000.000,7500.000,224.85,225.00,100.000,160.000,224.80,224.95,2500.000,2500.000,224.80,225.05,6237.000,2889.000,27500.000,27500.000,224.733,225.042,224.727,225.109,-0.050,-0.096
2017-03-06 15:25:00,224.806,224.780,28.000,252.000,224.80,224.85,2500.000,5000.000,224.70,224.85,154.000,189.000,224.75,224.90,12500.000,7500.000,224.60,224.90,6196.000,6743.000,35000.000,27500.000,224.684,224.991,224.554,224.945,0.050,-0.097
2017-03-06 15:26:00,224.817,224.868,827.000,638.000,224.70,224.75,7500.000,2500.000,224.75,224.85,534.000,250.000,224.65,224.80,2500.000,2500.000,224.70,224.90,4768.000,1582.000,37500.000,17500.000,224.570,224.821,224.623,224.964,-0.075,-0.097
2017-03-06 15:27:00,224.744,224.945,2007.000,132.000,224.75,224.80,5000.000,5000.000,224.90,224.95,173.000,254.000,224.70,224.85,7500.000,2500.000,224.85,225.00,5564.000,5226.000,30000.000,22500.000,224.655,224.967,224.783,225.067,-0.150,-0.097
2017-03-06 15:28:00,224.767,224.929,1709.000,520.000,224.85,224.90,7500.000,2500.000,224.85,225.00,512.000,602.000,224.80,224.95,2500.000,5000.000,224.80,225.05,2525.000,5282.000,32500.000,27500.000,224.817,225.020,224.719,225.127,-0.050,-0.097
2017-03-06 15:29:00,224.802,224.890,2533.000,136.000,224.75,224.80,2500.000,10000.000,224.90,225.00,37.000,196.000,224.70,224.85,7500.000,2500.000,224.85,225.05,7562.000,3615.000,22500.000,42500.000,224.666,224.921,224.789,225.126,-0.175,-0.097
2017-03-06 15:30:00,224.960,224.943,834.000,100.000,224.75,224.90,5000.000,12500.000,225.00,225.10,10.000,215.000,224.65,224.95,2500.000,2500.000,224.90,225.20,6078.000,1395.000,17500.000,55000.000,224.558,225.032,224.864,225.291,-0.225,-0.097
2017-03-07 09:16:00,225.439,225.323,50.000,23.000,225.25,225.30,2500.000,2500.000,225.05,225.40,1320.000,107.000,225.20,225.40,12500.000,2500.000,225.00,225.45,6088.000,893.000,25000.000,12500.000,224.893,225.484,224.905,225.560,0.050,0.014
2017-03-07 09:17:00,225.119,225.083,2422.000,7.000,225.10,225.20,2500.000,2500.000,225.00,225.20,60.000,3.000,225.05,225.25,5000.000,5000.000,224.95,225.25,3802.000,3126.000,15000.000,15000.000,225.042,225.351,224.808,225.358,0.050,0.037
2017-03-07 09:18:00,224.943,224.905,110.000,136.000,224.90,225.00,2500.000,2500.000,224.75,225.05,384.000,222.000,224.85,225.10,2500.000,2500.000,224.70,225.10,1967.000,2058.000,15000.000,12500.000,224.791,225.208,224.592,225.150,0.050,0.017
2017-03-07 09:19:00,224.911,224.954,8.000,340.000,224.95,225.00,5000.000,2500.000,224.80,225.00,62.000,431.000,224.85,225.05,2500.000,2500.000,224.70,225.05,1170.000,2241.000,22500.000,12500.000,224.744,225.124,224.606,225.120,0.075,0.048
2017-03-07 09:20:00,224.817,224.700,404.000,289.000,224.80,224.85,2500.000,5000.000,224.60,224.85,110.000,34.000,224.70,224.90,7500.000,2500.000,224.55,224.90,2059.000,1607.000,20000.000,17500.000,224.650,224.975,224.431,224.943,0.100,0.050
2017-03-07 09:21:00,225.043,225.123,482.000,400.000,225.00,225.20,5000.000,2500.000,224.90,225.10,566.000,1369.000,224.95,225.30,2500.000,2500.000,224.85,225.25,3132.000,6268.000,25000.000,12500.000,224.878,225.365,224.735,225.280,0.100,0.073
2017-03-07 09:22:00,224.885,224.732,62.000,29.000,224.80,224.85,5000.000,7500.000,224.60,224.90,160.000,436.000,224.75,224.90,5000.000,5000.000,224.55,224.95,1931.000,1036.000,22500.000,27500.000,224.658,224.965,224.456,224.991,0.075,0.030
2017-03-07 09:23:00,224.893,224.957,62.000,160.000,224.85,224.90,2500.000,5000.000,224.75,224.95,150.000,64.000,224.80,225.00,2500.000,2500.000,224.70,225.05,2453.000,2416.000,20000.000,15000.000,224.692,225.121,224.625,225.100,0.025,0.056
2017-03-07 09:24:00,224.935,224.823,26.000,51.000,224.90,225.00,2500.000,7500.000,224.75,224.95,109.000,68.000,224.85,225.05,2500.000,5000.000,224.70,225.00,2224.000,2197.000,12500.000,20000.000,224.770,225.163,224.620,225.037,0.100,0.052
2017-03-07 09:25:00,224.610,224.482,654.000,105.000,224.40,224.50,2500.000,2500.000,224.35,224.50,709.000,36.000,224.35,224.55,2500.000,2500.000,224.30,224.70,9775.000,998.000,12500.000,15000.000,224.256,224.622,224.250,224.783,0.025,0.041
2017-03-07 09:26:00,224.428,224.391,434.000,1204.000,224.25,224.45,5000.000,7500.000,224.25,224.40,1130.000,155.000,224.20,224.50,2500.000,2500.000,224.15,224.50,8759.000,4250.000,22500.000,20000.000,224.126,224.573,224.100,224.562,0.025,0.062
2017-03-07 09:27:00,224.296,224.362,25.000,25.000,224.10,224.25,2500.000,2500.000,224.15,224.40,829.000,161.000,224.05,224.30,2500.000,2500.000,224.05,224.60,9962.000,2568.000,17500.000,15000.000,223.959,224.421,223.993,224.675,-0.100,0.098
2017-03-07 09:28:00,224.191,224.123,1414.000,24.000,224.00,224.10,2500.000,10000.000,223.95,224.25,70.000,80.000,223.95,224.15,2500.000,2500.000,223.90,224.30,5225.000,618.000,17500.000,20000.000,223.868,224.259,223.736,224.356,-0.050,0.111
2017-03-07 09:29:00,224.124,224.033,1043.000,562.000,224.00,224.15,2500.000,2500.000,224.00,224.15,150.000,400.000,223.95,224.20,2500.000,7500.000,223.95,224.20,7246.000,4401.000,15000.000,22500.000,223.872,224.279,223.833,224.261,-0.000,0.115
2017-03-07 09:30:00,224.225,224.150,42.000,24.000,224.15,224.20,2500.000,12500.000,224.05,224.30,1.000,19.000,224.10,224.25,5000.000,2500.000,224.00,224.35,1627.000,941.000,17500.000,25000.000,223.992,224.354,223.929,224.370,0.000,0.124
2017-03-07 09:31:00,224.181,224.041,42.000,40.000,224.10,224.20,2500.000,5000.000,224.05,224.20,647.000,60.000,224.05,224.25,2500.000,2500.000,223.95,224.25,4798.000,2680.000,15000.000,25000.000,223.986,224.357,223.875,224.390,0.025,0.100
2017-03-07 09:32:00,224.154,224.036,276.000,647.000,224.10,224.20,2500.000,15000.000,223.95,224.20,100.000,385.000,224.05,224.25,2500.000,7500.000,223.90,224.25,3961.000,3480.000,15000.000,30000.000,223.988,224.325,223.817,224.267,0.075,0.086
2017-03-07 09:33:00,224.126,223.994,50.000,63.000,224.10,224.15,2500.000,2500.000,223.90,224.05,2901.000,126.000,224.00,224.20,2500.000,7500.000,223.80,224.20,5820.000,3330.000,20000.000,22500.000,223.935,224.319,223.744,224.228,0.150,0.056
2017-03-07 09:34:00,224.012,223.903,12.000,687.000,224.05,224.15,2500.000,5000.000,223.80,224.00,2622.000,976.000,224.00,224.20,2500.000,2500.000,223.75,224.05,4053.000,8966.000,20000.000,20000.000,223.961,224.290,223.688,224.106,0.200,0.022
2017-03-07 09:35:00,224.193,224.071,199.000,421.000,224.25,224.35,5000.000,7500.000,223.90,224.10,200.000,310.000,224.15,224.40,2500.000,2500.000,223.85,224.15,4595.000,12510.000,25000.000,17500.000,224.027,224.480,223.800,224.200,0.300,-0.026
2017-03-07 09:36:00,224.591,224.573,132.000,181.000,224.55,224.60,5000.000,2500.000,224.40,224.60,371.000,68.000,224.50,224.65,5000.000,2500.000,224.35,224.75,3047.000,2417.000,22500.000,15000.000,224.419,224.735,224.300,224.850,0.075,-0.058
2017-03-07 09:37:00,224.678,224.628,42.000,69.000,224.65,224.75,5000.000,5000.000,224.45,224.70,110.000,135.000,224.55,224.80,2500.000,5000.000,224.35,224.75,2777.000,2600.000,22500.000,22500.000,224.433,224.930,224.289,224.894,0.125,-0.097
2017-03-07 09:38:00,224.906,224.925,1367.000,100.000,224.70,224.85,5000.000,5000.000,224.75,225.05,1066.000,1119.000,224.65,224.90,5000.000,7500.000,224.70,225.10,12319.000,3445.000,20000.000,20000.000,224.556,224.958,224.656,225.144,-0.125,-0.126
2017-03-07 09:39:00,224.952,225.014,150.000,2362.000,224.90,225.00,5000.000,5000.000,224.85,225.10,100.000,215.000,224.85,225.05,2500.000,2500.000,224.75,225.15,3002.000,4504.000,20000.000,15000.000,224.687,225.070,224.719,225.208,-0.025,-0.116
2017-03-07 09:40:00,224.934,225.050,33.000,3455.000,224.95,225.00,2500.000,5000.000,224.90,225.15,1000.000,93.000,224.90,225.05,5000.000,5000.000,224.80,225.20,1587.000,5628.000,25000.000,20000.000,224.866,225.058,224.735,225.238,-0.050,-0.069
2017-03-07 09:41:00,224.921,225.065,591.000,514.000,224.90,224.95,2500.000,5000.000,224.90,225.15,100.000,540.000,224.85,225.00,2500.000,2500.000,224.80,225.20,2997.000,2723.000,25000.000,17500.000,224.810,225.083,224.735,225.243,-0.100,-0.047
2017-03-07 09:42:00,224.907,225.050,471.000,736.000,224.75,224.95,2500.000,2500.000,224.90,225.10,338.000,474.000,224.70,225.00,2500.000,2500.000,224.80,225.15,7537.000,4025.000,25000.000,15000.000,224.643,225.075,224.725,225.208,-0.150,-0.043
2017-03-07 09:43:00,224.751,224.913,30.000,549.000,224.80,224.90,2500.000,5000.000,224.80,225.05,50.000,617.000,224.75,224.95,2500.000,15000.000,224.75,225.10,794.000,3437.000,20000.000,27500.000,224.661,225.016,224.688,225.118,-0.075,-0.045
2017-03-07 09:44:00,224.795,224.810,226.000,1313.000,224.60,224.75,2500.000,2500.000,224.80,224.95,3547.000,115.000,224.55,224.80,5000.000,2500.000,224.70,225.00,13111.000,2782.000,20000.000,32500.000,224.495,224.836,224.637,225.092,-0.200,-0.062
2017-03-07 09:45:00,224.759,224.639,103.000,993.000,224.60,224.70,2500.000,2500.000,224.70,224.90,464.000,591.000,224.50,224.75,5000.000,2500.000,224.50,224.95,10803.000,3093.000,25000.000,32500.000,224.412,224.783,224.435,225.046,-0.150,-0.110
2017-03-07 09:46:00,224.760,224.794,1644.000,45.000,224.65,224.70,2500.000,2500.000,224.75,224.85,42.000,60.000,224.60,224.75,5000.000,2500.000,224.60,224.95,6760.000,1960.000,20000.000,22500.000,224.516,224.845,224.544,225.056,-0.125,-0.121
2017-03-07 09:47:00,224.746,224.869,37.000,101.000,224.70,224.75,2500.000,2500.000,224.75,224.85,1941.000,639.000,224.65,224.80,5000.000,2500.000,224.60,224.95,5289.000,3588.000,25000.000,15000.000,224.575,224.893,224.540,225.033,-0.075,-0.137
2017-03-07 09:48:00,224.983,225.156,62.000,544.000,224.90,224.95,2500.000,2500.000,225.00,225.15,814.000,1557.000,224.80,225.00,2500.000,5000.000,224.95,225.20,9200.000,4265.000,27500.000,15000.000,224.707,225.062,224.859,225.242,-0.150,-0.148
2017-03-07 09:49:00,225.045,225.146,430.000,119.000,224.95,225.00,5000.000,2500.000,225.00,225.15,2.000,54.000,224.90,225.05,2500.000,2500.000,224.95,225.20,4532.000,2494.000,20000.000,12500.000,224.775,225.143,224.894,225.290,-0.100,-0.160
2017-03-07 09:50:00,225.014,225.134,76.000,186.000,224.95,225.00,2500.000,2500.000,225.00,225.15,152.000,33.000,224.90,225.05,2500.000,2500.000,224.95,225.25,3307.000,2540.000,22500.000,17500.000,224.776,225.144,224.878,225.321,-0.100,-0.154
2017-03-07 09:51:00,225.060,225.147,241.000,576.000,224.95,225.00,2500.000,2500.000,225.10,225.15,152.000,52.000,224.90,225.05,5000.000,5000.000,225.00,225.25,9794.000,3753.000,22500.000,17500.000,224.797,225.133,224.906,225.314,-0.150,-0.168
2017-03-07 09:52:00,225.011,225.215,49.000,24.000,225.00,225.05,5000.000,2500.000,225.05,225.25,421.000,210.000,224.95,225.10,17500.000,5000.000,225.00,225.30,3697.000,4041.000,35000.000,15000.000,224.835,225.226,224.954,225.342,-0.125,-0.151
2017-03-07 09:53:00,225.166,225.393,42.000,1335.000,225.25,225.35,5000.000,2500.000,225.20,225.35,100.000,1158.000,225.20,225.40,2500.000,2500.000,225.15,225.45,781.000,8999.000,32500.000,20000.000,225.103,225.463,225.058,225.531,0.025,-0.104
2017-03-07 09:54:00,225.430,225.592,820.000,46.000,225.45,225.50,5000.000,7500.000,225.40,225.55,481.000,110.000,225.35,225.55,7500.000,5000.000,225.35,225.85,3781.000,4147.000,32500.000,30000.000,225.300,225.636,225.292,225.846,-0.000,-0.087
2017-03-07 09:55:00,225.424,225.514,163.000,96.000,225.25,225.30,5000.000,7500.000,225.30,225.55,1570.000,46.000,225.20,225.35,7500.000,2500.000,225.25,225.65,12143.000,2445.000,32500.000,20000.000,225.047,225.522,225.169,225.706,-0.150,-0.078
2017-03-07 09:56:00,225.341,225.500,100.000,35.000,225.35,225.45,5000.000,2500.000,225.35,225.50,519.000,939.000,225.30,225.50,7500.000,5000.000,225.30,225.55,2867.000,5405.000,35000.000,15000.000,225.232,225.580,225.236,225.592,-0.025,-0.058
2017-03-07 09:57:00,225.570,225.688,160.000,40.000,225.60,225.70,7500.000,5000.000,225.60,225.80,550.000,555.000,225.55,225.75,5000.000,2500.000,225.55,225.85,2270.000,4279.000,32500.000,27500.000,225.490,225.858,225.500,225.923,-0.050,-0.051
2017-03-07 09:58:00,225.714,225.707,32.000,89.000,225.70,225.75,7500.000,5000.000,225.70,225.80,1843.000,704.000,225.60,225.80,2500.000,2500.000,225.60,225.85,7934.000,7347.000,25000.000,27500.000,225.501,225.887,225.565,225.927,-0.025,-0.037
2017-03-07 09:59:00,225.665,225.739,150.000,528.000,225.75,225.80,2500.000,2500.000,225.70,225.80,321.000,50.000,225.70,225.85,7500.000,2500.000,225.60,225.85,2652.000,10346.000,27500.000,27500.000,225.611,225.955,225.545,225.950,0.025,-0.043
2017-03-07 10:00:00,225.525,225.571,860.000,660.000,225.50,225.60,2500.000,7500.000,225.50,225.60,217.000,322.000,225.45,225.65,5000.000,2500.000,225.40,225.70,3991.000,4572.000,25000.000,22500.000,225.387,225.738,225.355,225.739,0.000,-0.066
2017-03-07 10:01:00,225.476,225.534,376.000,348.000,225.35,225.50,5000.000,5000.000,225.35,225.50,500.000,73.000,225.30,225.55,5000.000,5000.000,225.30,225.60,7070.000,4052.000,30000.000,17500.000,225.218,225.646,225.238,225.636,0.000,-0.093
2017-03-07 10:02:00,225.474,225.559,138.000,113.000,225.40,225.50,2500.000,5000.000,225.35,225.50,577.000,73.000,225.35,225.55,5000.000,2500.000,225.30,225.70,5068.000,3825.000,25000.000,17500.000,225.253,225.655,225.225,225.721,0.025,-0.084
2017-03-07 10:03:00,225.592,225.514,37.000,89.000,225.45,225.50,2500.000,2500.000,225.40,225.55,135.000,23.000,225.40,225.55,2500.000,5000.000,225.35,225.65,3627.000,906.000,17500.000,17500.000,225.283,225.658,225.271,225.686,-0.000,-0.159
2017-03-07 10:04:00,225.417,225.522,2.000,147.000,225.30,225.35,7500.000,2500.000,225.40,225.55,95.000,89.000,225.25,225.40,7500.000,5000.000,225.35,225.60,7121.000,2210.000,47500.000,27500.000,225.143,225.525,225.289,225.668,-0.150,-0.172
2017-03-07 10:05:00,225.552,225.709,42.000,635.000,225.50,225.60,2500.000,17500.000,225.60,225.70,60.000,728.000,225.45,225.65,5000.000,20000.000,225.55,225.75,5747.000,7295.000,45000.000,47500.000,225.325,225.724,225.453,225.761,-0.100,-0.169
2017-03-07 10:06:00,225.233,225.428,193.000,247.000,225.30,225.40,2500.000,2500.000,225.35,225.50,650.000,192.000,225.25,225.45,7500.000,2500.000,225.30,225.55,4031.000,10364.000,20000.000,20000.000,225.193,225.574,225.256,225.625,-0.075,-0.150
2017-03-07 10:07:00,225.484,225.525,519.000,60.000,225.30,225.40,5000.000,5000.000,225.40,225.50,5600.000,60.000,225.25,225.45,7500.000,5000.000,225.35,225.55,23383.000,3853.000,42500.000,22500.000,225.162,225.547,225.294,225.617,-0.100,-0.156
2017-03-07 10:08:00,224.919,225.217,189.000,42.000,225.00,225.10,2500.000,5000.000,225.05,225.30,10.000,50.000,224.95,225.15,15000.000,2500.000,225.00,225.35,4430.000,13044.000,32500.000,20000.000,224.843,225.296,224.954,225.425,-0.125,-0.138
2017-03-07 10:09:00,225.328,225.499,412.000,12006.000,225.30,225.40,7500.000,15000.000,225.35,225.45,5300.000,660.000,225.20,225.45,15000.000,15000.000,225.30,225.50,19135.000,28486.000,70000.000,42500.000,225.122,225.477,225.234,225.535,-0.050,-0.135
2017-03-07 10:10:00,225.147,225.287,645.000,25.000,225.00,225.10,17500.000,2500.000,225.20,225.30,1808.000,41.000,224.95,225.15,7500.000,5000.000,225.15,225.40,9258.000,1621.000,47500.000,30000.000,224.902,225.241,225.129,225.450,-0.200,-0.123
2017-03-07 10:11:00,225.252,225.355,67.000,224.000,225.35,225.40,17500.000,10000.000,225.20,225.35,2582.000,1037.000,225.25,225.45,5000.000,7500.000,225.15,225.40,5468.000,23746.000,47500.000,25000.000,225.207,225.504,225.118,225.430,0.100,-0.129
2017-03-07 10:12:00,224.755,224.824,304.000,477.000,224.65,224.70,5000.000,5000.000,224.80,224.95,648.000,44.000,224.60,224.75,2500.000,2500.000,224.75,225.00,11219.000,4466.000,20000.000,27500.000,224.514,224.800,224.681,225.105,-0.200,-0.130
2017-03-07 10:13:00,225.003,225.212,22.000,289.000,224.90,224.95,2500.000,10000.000,225.00,225.15,2550.000,1599.000,224.85,225.00,5000.000,2500.000,224.95,225.20,11022.000,4090.000,42500.000,20000.000,224.764,225.070,224.847,225.250,-0.150,-0.096
2017-03-07 10:14:00,224.918,225.074,101.000,970.000,224.85,224.90,2500.000,2500.000,224.95,225.05,4600.000,472.000,224.80,224.95,52500.000,2500.000,224.90,225.10,11339.000,6828.000,67500.000,15000.000,224.721,225.016,224.876,225.175,-0.125,-0.089
2017-03-07 10:15:00,224.880,224.959,500.000,50.000,224.80,224.85,45000.000,2500.000,224.90,225.00,3150.000,145.000,224.75,224.90,5000.000,5000.000,224.85,225.05,13117.000,5315.000,65000.000,22500.000,224.672,225.010,224.846,225.117,-0.125,-0.077
2017-03-07 10:16:00,225.274,225.409,42.000,138.000,225.20,225.30,2500.000,2500.000,225.30,225.35,2500.000,522.000,225.15,225.35,2500.000,2500.000,225.25,225.50,12045.000,9472.000,25000.000,17500.000,225.041,225.460,225.165,225.550,-0.075,-0.057
2017-03-07 10:17:00,225.254,225.328,2287.000,175.000,225.15,225.20,2500.000,2500.000,225.30,225.40,67.000,520.000,225.10,225.30,15000.000,17500.000,225.20,225.45,13258.000,6169.000,27500.000,30000.000,225.021,225.395,225.141,225.488,-0.175,-0.042
2017-03-07 10:18:00,225.369,225.409,1275.000,749.000,225.15,225.30,7500.000,7500.000,225.30,225.50,339.000,441.000,225.10,225.35,2500.000,2500.000,225.25,225.55,12385.000,2841.000,22500.000,20000.000,225.011,225.385,225.217,225.575,-0.175,-0.040
2017-03-07 10:19:00,225.360,225.477,421.000,354.000,225.20,225.30,10000.000,5000.000,225.40,225.55,643.000,1.000,225.15,225.35,7500.000,7500.000,225.35,225.60,10943.000,2948.000,27500.000,22500.000,225.057,225.447,225.327,225.628,-0.225,-0.020
2017-03-07 10:20:00,225.308,225.328,1999.000,86.000,225.25,225.30,2500.000,5000.000,225.30,225.45,2500.000,330.000,225.15,225.35,2500.000,5000.000,225.25,225.50,9817.000,3993.000,15000.000,25000.000,225.096,225.454,225.183,225.540,-0.100,-0.005
2017-03-07 10:21:00,225.311,225.347,3566.000,147.000,225.25,225.30,2500.000,5000.000,225.30,225.45,2644.000,908.000,225.15,225.35,2500.000,10000.000,225.25,225.50,12364.000,4162.000,15000.000,25000.000,225.119,225.441,225.200,225.535,-0.100,0.007
2017-03-07 10:22:00,225.329,225.329,1441.000,136.000,225.25,225.30,5000.000,5000.000,225.20,225.40,2000.000,1311.000,225.20,225.35,2500.000,2500.000,225.15,225.45,11487.000,4553.000,25000.000,22500.000,225.091,225.426,225.075,225.489,-0.025,0.018
2017-03-07 10:23:00,225.351,225.377,453.000,939.000,225.30,225.35,2500.000,5000.000,225.30,225.45,500.000,681.000,225.20,225.40,7500.000,10000.000,225.25,225.50,7200.000,4256.000,22500.000,27500.000,225.125,225.475,225.211,225.550,-0.050,0.002
2017-03-07 10:24:00,225.296,225.312,1850.000,1469.000,225.20,225.30,2500.000,7500.000,225.20,225.40,722.000,1132.000,225.10,225.35,2500.000,5000.000,225.15,225.45,12256.000,5937.000,22500.000,30000.000,225.045,225.407,225.067,225.496,-0.050,-0.015
2017-03-07 10:25:00,225.351,225.297,347.000,652.000,225.30,225.35,2500.000,5000.000,225.25,225.40,430.000,1201.000,225.20,225.40,7500.000,2500.000,225.20,225.45,6604.000,4411.000,20000.000,27500.000,225.107,225.473,225.162,225.509,-0.000,-0.065
2017-03-07 10:26:00,225.390,225.364,997.000,393.000,225.20,225.35,2500.000,2500.000,225.30,225.45,3285.000,1181.000,225.15,225.40,5000.000,10000.000,225.25,225.50,12228.000,3476.000,17500.000,27500.000,225.073,225.466,225.200,225.559,-0.100,-0.079
2017-03-07 10:27:00,225.306,225.252,318.000,262.000,225.20,225.25,5000.000,5000.000,225.15,225.35,60.000,528.000,225.15,225.30,7500.000,2500.000,225.10,225.40,7057.000,3665.000,27500.000,25000.000,225.023,225.375,225.050,225.465,-0.025,-0.106
2017-03-07 10:28:00,225.003,225.108,512.000,579.000,224.85,225.00,2500.000,5000.000,225.10,225.20,2785.000,100.000,224.80,225.05,7500.000,7500.000,224.95,225.25,11370.000,3350.000,20000.000,25000.000,224.746,225.124,224.919,225.320,-0.225,-0.127
2017-03-07 10:29:00,224.990,225.093,2262.000,60.000,224.85,225.00,2500.000,5000.000,225.00,225.10,1312.000,388.000,224.80,225.05,2500.000,2500.000,224.95,225.15,9253.000,4149.000,17500.000,20000.000,224.738,225.132,224.871,225.269,-0.125,-0.133
2017-03-07 10:30:00,225.051,225.246,1983.000,104.000,225.00,225.05,7500.000,2500.000,225.15,225.30,1515.000,630.000,224.95,225.10,5000.000,2500.000,225.10,225.40,9561.000,5146.000,20000.000,15000.000,224.879,225.221,225.081,225.450,-0.200,-0.109
2017-03-07 10:31:00,225.055,225.100,941.000,827.000,224.80,225.00,7500.000,2500.000,225.00,225.20,1962.000,50.000,224.70,225.05,5000.000,5000.000,224.95,225.25,15424.000,3115.000,22500.000,20000.000,224.615,225.118,224.894,225.363,-0.200,-0.121
2017-03-07 10:32:00,224.981,225.059,396.000,1332.000,224.95,225.00,5000.000,2500.000,225.00,225.10,100.000,713.000,224.90,225.05,7500.000,2500.000,224.95,225.15,4040.000,5112.000,22500.000,17500.000,224.813,225.092,224.889,225.236,-0.075,-0.138
2017-03-07 10:33:00,225.191,225.403,1835.000,287.000,225.10,225.20,2500.000,2500.000,225.25,225.45,60.000,50.000,225.05,225.25,7500.000,7500.000,225.20,225.50,7145.000,3757.000,22500.000,17500.000,224.969,225.376,225.139,225.564,-0.200,-0.111
2017-03-07 10:34:00,225.150,225.282,341.000,28.000,225.10,225.15,2500.000,2500.000,225.20,225.35,2660.000,50.000,225.05,225.25,5000.000,2500.000,225.15,225.40,5682.000,3999.000,22500.000,20000.000,224.994,225.367,225.044,225.469,-0.150,-0.091
2017-03-07 10:35:00,224.890,224.967,566.000,1500.000,224.80,224.85,2500.000,2500.000,224.95,225.00,500.000,753.000,224.75,224.95,2500.000,5000.000,224.85,225.10,7369.000,6880.000,17500.000,20000.000,224.648,224.999,224.800,225.144,-0.150,-0.083
2017-03-07 10:36:00,224.861,224.965,25.000,550.000,224.80,224.85,5000.000,2500.000,224.85,225.00,350.000,110.000,224.75,224.95,10000.000,2500.000,224.80,225.05,4092.000,3710.000,27500.000,15000.000,224.682,225.006,224.764,225.108,-0.100,-0.072
2017-03-07 10:37:00,224.862,225.026,248.000,85.000,224.75,224.80,2500.000,7500.000,224.85,225.00,3120.000,506.000,224.70,224.85,2500.000,5000.000,224.80,225.05,9674.000,3738.000,27500.000,20000.000,224.621,224.987,224.727,225.106,-0.150,-0.030
2017-03-07 10:38:00,224.941,225.022,196.000,55.000,224.80,224.85,2500.000,5000.000,224.90,225.00,810.000,444.000,224.75,224.95,5000.000,2500.000,224.85,225.10,9056.000,3689.000,25000.000,15000.000,224.651,225.021,224.800,225.117,-0.125,-0.008
2017-03-07 10:39:00,224.866,224.894,2447.000,1070.000,224.70,224.75,2500.000,2500.000,224.80,224.90,60.000,744.000,224.65,224.90,2500.000,5000.000,224.75,224.95,13218.000,4834.000,25000.000,20000.000,224.566,224.932,224.685,225.019,-0.125,-0.012
2017-03-07 10:40:00,224.903,224.940,2480.000,1089.000,224.65,224.90,2500.000,2500.000,224.80,224.95,2837.000,354.000,224.60,224.95,10000.000,7500.000,224.70,225.00,15240.000,5519.000,30000.000,20000.000,224.530,225.023,224.592,225.131,-0.100,-0.009
2017-03-07 10:41:00,224.772,224.822,1629.000,979.000,224.65,224.70,2500.000,2500.000,224.70,224.80,110.000,1010.000,224.60,224.80,2500.000,2500.000,224.65,224.90,11280.000,4536.000,25000.000,15000.000,224.528,224.847,224.590,224.942,-0.075,-0.012
2017-03-07 10:42:00,224.777,224.730,1160.000,250.000,224.65,224.70,2500.000,5000.000,224.65,224.80,110.000,300.000,224.60,224.80,5000.000,2500.000,224.60,224.85,9345.000,3528.000,20000.000,17500.000,224.513,224.893,224.519,224.921,-0.050,-0.012
2017-03-07 10:43:00,224.835,224.808,96.000,333.000,224.70,224.80,2500.000,2500.000,224.75,224.85,960.000,392.000,224.65,224.85,5000.000,5000.000,224.70,224.95,10131.000,3495.000,15000.000,17500.000,224.571,224.936,224.658,224.986,-0.050,-0.013
2017-03-07 10:44:00,224.681,224.726,408.000,897.000,224.55,224.65,2500.000,2500.000,224.65,224.80,6408.000,1539.000,224.50,224.70,5000.000,12500.000,224.60,224.85,12552.000,4102.000,22500.000,25000.000,224.447,224.737,224.528,224.880,-0.125,0.007
2017-03-07 10:45:00,224.949,224.971,1569.000,258.000,224.75,224.90,7500.000,2500.000,224.85,225.00,5266.000,400.000,224.70,224.95,7500.000,2500.000,224.80,225.10,14106.000,2466.000,25000.000,17500.000,224.646,225.018,224.780,225.193,-0.100,0.010
2017-03-07 10:46:00,224.700,224.766,95.000,339.000,224.60,224.65,2500.000,2500.000,224.65,224.80,6492.000,169.000,224.50,224.70,7500.000,2500.000,224.60,224.85,13915.000,2921.000,25000.000,15000.000,224.438,224.805,224.535,224.900,-0.100,0.004
2017-03-07 10:47:00,224.903,224.856,987.000,747.000,224.65,224.85,2500.000,5000.000,224.70,224.95,2521.000,626.000,224.60,224.90,5000.000,5000.000,224.65,225.00,14548.000,3040.000,22500.000,20000.000,224.523,224.953,224.556,225.044,-0.075,-0.020
2017-03-07 10:48:00,224.908,224.885,803.000,362.000,224.70,224.80,12500.000,5000.000,224.75,224.95,616.000,392.000,224.65,224.85,2500.000,5000.000,224.70,225.00,16261.000,1909.000,30000.000,20000.000,224.556,224.902,224.667,225.037,-0.100,-0.049
2017-03-07 10:49:00,224.881,224.829,417.000,777.000,224.70,224.80,10000.000,2500.000,224.75,224.90,777.000,575.000,224.65,224.85,5000.000,2500.000,224.70,224.95,14706.000,3191.000,30000.000,22500.000,224.556,224.911,224.662,225.011,-0.075,-0.068
2017-03-07 10:50:00,224.881,224.885,388.000,203.000,224.75,224.80,2500.000,2500.000,224.85,224.95,4707.000,272.000,224.70,224.90,7500.000,5000.000,224.75,225.00,12173.000,3660.000,25000.000,25000.000,224.631,225.004,224.705,225.140,-0.125,-0.077
2017-03-07 10:51:00,224.911,225.009,587.000,155.000,224.80,224.90,2500.000,2500.000,224.90,225.00,2546.000,70.000,224.70,224.95,5000.000,7500.000,224.85,225.10,10813.000,3604.000,17500.000,22500.000,224.643,225.038,224.800,225.239,-0.100,-0.074
2017-03-07 10:52:00,224.959,225.030,388.000,349.000,224.75,224.90,2500.000,7500.000,224.90,225.10,2546.000,143.000,224.70,224.95,5000.000,2500.000,224.85,225.15,10614.000,1794.000,17500.000,20000.000,224.638,225.006,224.800,225.281,-0.175,-0.087
2017-03-07 10:53:00,225.060,225.183,290.000,431.000,224.95,225.00,2500.000,7500.000,225.00,225.25,3682.000,364.000,224.90,225.10,7500.000,5000.000,224.95,225.30,12550.000,4488.000,30000.000,27500.000,224.794,225.203,224.879,225.400,-0.150,-0.074
2017-03-07 10:54:00,225.037,225.080,1699.000,176.000,224.90,225.00,5000.000,2500.000,224.95,225.10,50.000,19.000,224.85,225.05,2500.000,5000.000,224.90,225.15,7132.000,1964.000,32500.000,17500.000,224.782,225.156,224.842,225.207,-0.075,-0.095
2017-03-07 10:55:00,225.037,225.089,1131.000,680.000,224.90,225.00,5000.000,5000.000,224.95,225.10,50.000,20.000,224.85,225.05,2500.000,2500.000,224.90,225.15,7363.000,2499.000,30000.000,15000.000,224.774,225.124,224.850,225.183,-0.075,-0.096
2017-03-07 10:56:00,224.818,224.900,2223.000,794.000,224.70,224.80,7500.000,2500.000,224.85,224.90,756.000,83.000,224.65,224.85,5000.000,7500.000,224.80,224.95,12640.000,5229.000,27500.000,17500.000,224.579,224.931,224.764,224.986,-0.125,-0.090
2017-03-07 10:57:00,224.835,224.974,616.000,117.000,224.80,224.85,10000.000,2500.000,224.85,224.95,371.000,1091.000,224.75,224.90,5000.000,2500.000,224.80,225.00,7070.000,6486.000,32500.000,15000.000,224.661,224.981,224.754,225.100,-0.075,-0.068
2017-03-07 10:58:00,224.827,224.883,451.000,1453.000,224.75,224.85,2500.000,2500.000,224.80,224.95,1775.000,1661.000,224.70,224.90,7500.000,2500.000,224.75,225.00,8879.000,8282.000,20000.000,17500.000,224.603,224.955,224.713,225.086,-0.075,-0.075
2017-03-07 10:59:00,224.853,225.003,254.000,147.000,224.75,224.80,2500.000,2500.000,224.85,225.00,2467.000,18.000,224.70,224.85,7500.000,5000.000,224.80,225.05,8936.000,2556.000,25000.000,17500.000,224.623,224.955,224.740,225.136,-0.150,-0.060
2017-03-07 11:00:00,224.880,224.936,1633.000,1143.000,224.70,224.80,2500.000,7500.000,224.80,224.95,506.000,80.000,224.65,224.85,5000.000,2500.000,224.75,225.00,14014.000,3330.000,27500.000,17500.000,224.552,224.907,224.673,225.043,-0.125,-0.057
2017-03-07 11:01:00,224.844,224.896,805.000,1214.000,224.70,224.80,2500.000,2500.000,224.80,224.95,435.000,130.000,224.65,224.85,5000.000,2500.000,224.75,225.00,12821.000,5420.000,17500.000,15000.000,224.542,224.927,224.707,225.075,-0.125,-0.068
2017-03-07 11:02:00,224.855,224.878,54.000,688.000,224.75,224.80,2500.000,5000.000,224.80,224.95,805.000,130.000,224.70,224.85,2500.000,10000.000,224.75,225.00,6352.000,3103.000,15000.000,25000.000,224.581,224.929,224.700,225.075,-0.100,-0.093
2017-03-07 11:03:00,224.800,224.892,521.000,505.000,224.55,224.75,2500.000,12500.000,224.70,224.90,3183.000,249.000,224.50,224.80,2500.000,2500.000,224.65,224.95,12099.000,1915.000,22500.000,22500.000,224.444,224.858,224.567,224.989,-0.150,-0.089
2017-03-07 11:04:00,224.686,224.764,1732.000,998.000,224.50,224.70,2500.000,5000.000,224.65,224.80,510.000,693.000,224.45,224.75,7500.000,7500.000,224.60,224.85,9937.000,4265.000,25000.000,20000.000,224.390,224.802,224.545,224.887,-0.125,-0.087
2017-03-07 11:05:00,224.727,224.766,1663.000,622.000,224.55,224.70,2500.000,5000.000,224.65,224.80,1395.000,664.000,224.50,224.75,10000.000,5000.000,224.60,224.85,11379.000,3920.000,27500.000,20000.000,224.424,224.812,224.550,224.894,-0.100,-0.099
2017-03-07 11:06:00,224.315,224.422,21.000,671.000,224.25,224.40,2500.000,2500.000,224.35,224.50,300.000,366.000,224.20,224.45,5000.000,5000.000,224.30,224.55,9110.000,11444.000,20000.000,20000.000,224.086,224.533,224.250,224.606,-0.100,-0.094
2017-03-07 11:07:00,224.308,224.457,3833.000,548.000,224.10,224.30,5000.000,5000.000,224.30,224.45,4871.000,131.000,224.05,224.35,10000.000,7500.000,224.25,224.50,20900.000,4154.000,32500.000,22500.000,224.023,224.439,224.196,224.556,-0.175,-0.078
2017-03-07 11:08:00,224.346,224.417,50.000,104.000,224.20,224.25,5000.000,7500.000,224.25,224.45,1869.000,460.000,224.15,224.30,7500.000,5000.000,224.20,224.50,17273.000,3739.000,25000.000,20000.000,224.038,224.408,224.165,224.575,-0.125,-0.087
2017-03-07 11:09:00,224.336,224.406,151.000,133.000,224.20,224.25,2500.000,5000.000,224.30,224.40,635.000,481.000,224.15,224.30,2500.000,2500.000,224.25,224.45,18095.000,4507.000,22500.000,17500.000,224.039,224.413,224.183,224.514,-0.125,-0.078
2017-03-07 11:10:00,224.396,224.497,1500.000,648.000,224.25,224.30,5000.000,10000.000,224.40,224.60,1338.000,20.000,224.20,224.35,2500.000,2500.000,224.35,224.65,13649.000,1690.000,15000.000,22500.000,224.125,224.386,224.317,224.711,-0.225,-0.073
2017-03-07 11:11:00,224.494,224.574,1400.000,526.000,224.35,224.50,5000.000,5000.000,224.50,224.65,273.000,725.000,224.30,224.55,2500.000,5000.000,224.45,224.70,9124.000,4087.000,20000.000,22500.000,224.241,224.614,224.369,224.756,-0.150,-0.063
2017-03-07 11:12:00,224.695,224.764,3629.000,159.000,224.55,224.70,7500.000,2500.000,224.70,224.80,372.000,719.000,224.50,224.75,5000.000,7500.000,224.65,224.90,11383.000,4041.000,25000.000,20000.000,224.460,224.822,224.585,224.956,-0.125,-0.039
2017-03-07 11:13:00,224.549,224.663,580.000,249.000,224.50,224.55,7500.000,5000.000,224.55,224.75,95.000,66.000,224.45,224.60,7500.000,5000.000,224.50,224.80,5533.000,3847.000,27500.000,20000.000,224.349,224.720,224.441,224.856,-0.125,-0.017
2017-03-07 11:14:00,224.537,224.566,804.000,702.000,224.40,224.50,2500.000,5000.000,224.45,224.65,257.000,342.000,224.35,224.55,2500.000,7500.000,224.40,224.70,6150.000,3103.000,17500.000,22500.000,224.237,224.612,224.336,224.789,-0.100,-0.023
2017-03-07 11:15:00,224.459,224.534,5729.000,171.000,224.40,224.45,2500.000,2500.000,224.45,224.55,222.000,678.000,224.35,224.50,2500.000,5000.000,224.40,224.60,10945.000,4214.000,20000.000,20000.000,224.312,224.597,224.338,224.688,-0.075,-0.018
2017-03-07 11:16:00,224.558,224.588,2037.000,528.000,224.45,224.50,7500.000,2500.000,224.50,224.60,5111.000,82.000,224.40,224.55,5000.000,5000.000,224.45,224.70,14586.000,3672.000,22500.000,20000.000,224.333,224.626,224.422,224.806,-0.075,-0.025
2017-03-07 11:17:00,224.707,224.656,421.000,691.000,224.50,224.70,2500.000,7500.000,224.55,224.75,745.000,1031.000,224.45,224.75,5000.000,2500.000,224.50,224.80,11088.000,4343.000,20000.000,20000.000,224.372,224.803,224.431,224.856,-0.050,-0.040
2017-03-07 11:18:00,224.838,224.843,750.000,1.000,224.60,224.70,10000.000,5000.000,224.70,224.90,257.000,82.000,224.55,224.75,5000.000,5000.000,224.65,224.95,12940.000,2197.000,30000.000,20000.000,224.437,224.930,224.621,225.000,-0.150,-0.041
2017-03-07 11:19:00,224.656,224.710,508.000,361.000,224.55,224.60,7500.000,5000.000,224.60,224.75,200.000,144.000,224.50,224.65,7500.000,5000.000,224.55,224.80,11076.000,4676.000,32500.000,17500.000,224.391,224.738,224.481,224.829,-0.100,-0.031
2017-03-07 11:20:00,224.481,224.531,4901.000,193.000,224.40,224.45,7500.000,2500.000,224.45,224.60,750.000,138.000,224.35,224.50,7500.000,7500.000,224.40,224.65,11229.000,3372.000,25000.000,20000.000,224.305,224.584,224.355,224.700,-0.100,-0.043
2017-03-07 11:21:00,224.394,224.459,100.000,276.000,224.30,224.40,7500.000,5000.000,224.30,224.50,1320.000,785.000,224.20,224.45,10000.000,7500.000,224.25,224.55,8312.000,4771.000,35000.000,22500.000,224.100,224.532,224.154,224.589,-0.050,-0.037
2017-03-07 11:22:00,224.386,224.414,1020.000,668.000,224.20,224.35,5000.000,2500.000,224.30,224.40,1301.000,637.000,224.15,224.40,10000.000,2500.000,224.25,224.45,17471.000,6552.000,35000.000,17500.000,224.041,224.492,224.146,224.521,-0.075,-0.051
2017-03-07 11:23:00,224.302,224.309,767.000,614.000,224.15,224.20,2500.000,2500.000,224.25,224.35,1417.000,64.000,224.10,224.25,12500.000,5000.000,224.20,224.40,16378.000,2164.000,22500.000,17500.000,224.013,224.311,224.172,224.443,-0.125,-0.065
2017-03-07 11:24:00,224.300,224.306,953.000,637.000,224.15,224.20,2500.000,5000.000,224.25,224.35,1688.000,62.000,224.10,224.25,5000.000,5000.000,224.20,224.40,16947.000,2185.000,20000.000,20000.000,224.017,224.309,224.156,224.431,-0.125,-0.077
2017-03-07 11:25:00,224.339,224.450,1254.000,208.000,224.15,224.30,10000.000,2500.000,224.30,224.45,1527.000,125.000,224.10,224.35,5000.000,5000.000,224.25,224.50,18375.000,4574.000,27500.000,20000.000,224.025,224.456,224.214,224.625,-0.150,-0.061
2017-03-07 11:26:00,224.332,224.367,3090.000,208.000,224.15,224.30,5000.000,2500.000,224.30,224.40,1527.000,125.000,224.10,224.35,5000.000,2500.000,224.25,224.45,20336.000,4912.000,25000.000,20000.000,224.035,224.459,224.195,224.506,-0.125,-0.078
2017-03-07 11:27:00,224.326,224.424,620.000,158.000,224.25,224.30,2500.000,2500.000,224.35,224.45,2600.000,145.000,224.20,224.35,5000.000,5000.000,224.30,224.50,10160.000,4349.000,22500.000,20000.000,224.123,224.458,224.239,224.581,-0.125,-0.081
2017-03-07 11:28:00,224.299,224.375,1258.000,133.000,224.10,224.30,2500.000,2500.000,224.30,224.40,4968.000,195.000,224.05,224.35,5000.000,2500.000,224.25,224.45,18865.000,4815.000,22500.000,22500.000,224.010,224.461,224.183,224.550,-0.150,-0.086
2017-03-07 11:29:00,224.317,224.383,1005.000,668.000,224.15,224.25,2500.000,2500.000,224.30,224.40,545.000,650.000,224.10,224.30,5000.000,7500.000,224.25,224.45,18250.000,3855.000,22500.000,22500.000,224.020,224.378,224.183,224.533,-0.150,-0.091
2017-03-07 11:30:00,224.270,224.302,623.000,723.000,224.15,224.20,5000.000,5000.000,224.20,224.30,80.000,802.000,224.10,224.25,5000.000,5000.000,224.15,224.35,11466.000,4210.000,32500.000,20000.000,223.995,224.313,224.081,224.387,-0.075,-0.103
2017-03-07 11:31:00,224.392,224.510,383.000,431.000,224.25,224.40,2500.000,2500.000,224.40,224.45,1670.000,1006.000,224.20,224.45,7500.000,2500.000,224.35,224.55,10111.000,5386.000,22500.000,15000.000,224.123,224.512,224.300,224.675,-0.100,-0.082
2017-03-07 11:32:00,224.476,224.590,482.000,173.000,224.30,224.40,2500.000,5000.000,224.45,224.60,930.000,83.000,224.25,224.45,5000.000,2500.000,224.40,224.65,8430.000,1242.000,30000.000,22500.000,224.180,224.521,224.338,224.839,-0.175,-0.069
2017-03-07 11:33:00,224.393,224.491,1841.000,82.000,224.20,224.25,10000.000,7500.000,224.35,224.50,1831.000,195.000,224.15,224.30,2500.000,2500.000,224.30,224.55,19594.000,2086.000,32500.000,22500.000,224.059,224.463,224.262,224.694,-0.200,-0.044
2017-03-07 11:34:00,224.600,224.692,3750.000,10.000,224.50,224.55,2500.000,7500.000,224.60,224.75,541.000,67.000,224.45,224.60,2500.000,7500.000,224.55,224.80,11251.000,2264.000,20000.000,25000.000,224.396,224.719,224.494,224.860,-0.150,-0.037
2017-03-07 11:35:00,224.583,224.675,2396.000,225.000,224.50,224.55,2500.000,5000.000,224.55,224.70,1800.000,108.000,224.35,224.60,2500.000,5000.000,224.50,224.75,14787.000,3144.000,27500.000,22500.000,224.309,224.721,224.432,224.828,-0.100,-0.023
2017-03-07 11:36:00,224.496,224.510,1847.000,1578.000,224.35,224.55,5000.000,2500.000,224.45,224.55,260.000,1139.000,224.30,224.60,10000.000,2500.000,224.40,224.60,10304.000,6756.000,32500.000,20000.000,224.231,224.666,224.354,224.669,-0.050,-0.022
2017-03-07 11:37:00,224.545,224.597,5012.000,1334.000,224.35,224.55,2500.000,2500.000,224.50,224.60,821.000,511.000,224.30,224.60,5000.000,2500.000,224.45,224.65,17298.000,5149.000,27500.000,17500.000,224.263,224.664,224.377,224.721,-0.100,-0.016
2017-03-07 11:38:00,224.540,224.512,2226.000,1561.000,224.35,224.55,2500.000,2500.000,224.45,224.55,422.000,1361.000,224.30,224.60,5000.000,2500.000,224.40,224.60,12305.000,5709.000,30000.000,20000.000,224.227,224.646,224.338,224.669,-0.050,-0.032
2017-03-07 11:39:00,224.479,224.532,500.000,1426.000,224.40,224.55,2500.000,10000.000,224.40,224.60,1757.000,340.000,224.35,224.60,10000.000,2500.000,224.35,224.65,5200.000,4892.000,27500.000,22500.000,224.288,224.665,224.309,224.683,-0.025,-0.038
2017-03-07 11:40:00,224.547,224.572,1487.000,859.000,224.35,224.55,5000.000,2500.000,224.45,224.60,422.000,401.000,224.30,224.60,5000.000,2500.000,224.40,224.65,11405.000,4389.000,27500.000,17500.000,224.228,224.679,224.350,224.721,-0.075,-0.046
2017-03-07 11:41:00,224.530,224.535,631.000,406.000,224.35,224.50,5000.000,5000.000,224.40,224.60,422.000,803.000,224.30,224.55,12500.000,2500.000,224.35,224.65,6012.000,2631.000,30000.000,20000.000,224.197,224.601,224.321,224.706,-0.075,-0.046
2017-03-07 11:42:00,224.557,224.582,850.000,537.000,224.35,224.50,7500.000,5000.000,224.45,224.60,200.000,572.000,224.30,224.55,5000.000,2500.000,224.40,224.65,9845.000,2522.000,35000.000,20000.000,224.215,224.601,224.354,224.706,-0.100,-0.046
2017-03-07 11:43:00,224.499,224.548,94.000,1407.000,224.30,224.50,2500.000,2500.000,224.40,224.55,526.000,464.000,224.25,224.55,10000.000,7500.000,224.35,224.60,7343.000,3938.000,32500.000,20000.000,224.150,224.584,224.296,224.681,-0.075,-0.049
2017-03-07 11:44:00,224.518,224.605,114.000,83.000,224.40,224.45,2500.000,5000.000,224.45,224.55,100.000,620.000,224.30,224.50,2500.000,2500.000,224.40,224.60,8296.000,2374.000,32500.000,17500.000,224.201,224.570,224.323,224.686,-0.075,-0.039
2017-03-07 11:45:00,224.507,224.571,469.000,1033.000,224.25,224.50,2500.000,2500.000,224.40,224.55,1153.000,229.000,224.20,224.55,10000.000,7500.000,224.35,224.60,11104.000,3753.000,35000.000,25000.000,224.123,224.596,224.296,224.780,-0.100,-0.025
2017-03-07 11:46:00,224.481,224.487,3.000,1030.000,224.25,224.45,10000.000,2500.000,224.35,224.50,1488.000,478.000,224.20,224.50,7500.000,7500.000,224.30,224.55,11236.000,3961.000,37500.000,20000.000,224.104,224.548,224.273,224.631,-0.075,-0.044
2017-03-07 11:47:00,224.460,224.485,248.000,1317.000,224.25,224.45,7500.000,10000.000,224.35,224.50,3977.000,437.000,224.20,224.50,10000.000,5000.000,224.30,224.55,11532.000,4226.000,35000.000,22500.000,224.129,224.542,224.271,224.600,-0.075,-0.065
2017-03-07 11:48:00,224.498,224.560,3764.000,862.000,224.20,224.45,2500.000,7500.000,224.40,224.50,3282.000,451.000,224.15,224.50,7500.000,2500.000,224.35,224.55,20324.000,3810.000,35000.000,17500.000,224.077,224.553,224.289,224.621,-0.125,-0.074
2017-03-07 11:49:00,224.434,224.474,2175.000,1438.000,224.20,224.40,7500.000,5000.000,224.35,224.45,579.000,862.000,224.15,224.45,5000.000,2500.000,224.30,224.50,18871.000,6442.000,42500.000,15000.000,224.054,224.493,224.244,224.533,-0.100,-0.080
2017-03-07 11:50:00,224.456,224.447,1084.000,1589.000,224.20,224.40,2500.000,5000.000,224.30,224.45,247.000,251.000,224.15,224.45,7500.000,2500.000,224.25,224.50,18454.000,5961.000,32500.000,17500.000,224.031,224.492,224.192,224.550,-0.075,-0.099
2017-03-07 11:51:00,224.338,224.438,58.000,630.000,224.15,224.30,2500.000,2500.000,224.30,224.40,619.000,294.000,224.10,224.35,5000.000,7500.000,224.25,224.45,18569.000,5536.000,32500.000,20000.000,224.015,224.439,224.177,224.512,-0.125,-0.094
2017-03-07 11:52:00,224.224,224.358,3710.000,681.000,224.05,224.20,2500.000,7500.000,224.25,224.35,12053.000,815.000,224.00,224.25,5000.000,5000.000,224.20,224.40,21631.000,3321.000,27500.000,20000.000,223.985,224.294,224.132,224.444,-0.175,-0.070
2017-03-07 11:53:00,224.260,224.363,2027.000,626.000,224.10,224.20,5000.000,7500.000,224.20,224.35,2402.000,936.000,224.05,224.25,5000.000,5000.000,224.15,224.40,18682.000,3617.000,37500.000,20000.000,223.991,224.297,224.080,224.425,-0.125,-0.057
2017-03-07 11:54:00,224.296,224.367,1215.000,81.000,224.10,224.25,2500.000,7500.000,224.20,224.35,2402.000,488.000,224.05,224.30,5000.000,5000.000,224.15,224.40,17733.000,3522.000,37500.000,20000.000,223.986,224.398,224.073,224.425,-0.100,-0.053
2017-03-07 11:55:00,224.279,224.363,404.000,196.000,224.10,224.20,5000.000,10000.000,224.20,224.35,2402.000,241.000,224.05,224.25,2500.000,5000.000,224.15,224.40,16678.000,2086.000,37500.000,22500.000,223.982,224.331,224.070,224.417,-0.125,-0.065
2017-03-07 11:56:00,224.292,224.370,1657.000,435.000,224.15,224.20,5000.000,2500.000,224.20,224.35,750.000,275.000,224.10,224.25,2500.000,5000.000,224.15,224.40,15948.000,2584.000,37500.000,17500.000,224.014,224.329,224.073,224.450,-0.100,-0.067
2017-03-07 11:57:00,224.262,224.276,194.000,663.000,224.10,224.20,2500.000,7500.000,224.15,224.30,2402.000,275.000,224.05,224.25,10000.000,5000.000,224.10,224.35,14202.000,3151.000,35000.000,22500.000,223.977,224.316,224.046,224.372,-0.075,-0.076
2017-03-07 11:58:00,224.261,224.300,1069.000,511.000,224.15,224.20,5000.000,2500.000,224.15,224.30,1700.000,191.000,224.10,224.25,10000.000,5000.000,224.10,224.35,10577.000,2915.000,42500.000,17500.000,224.024,224.326,224.050,224.393,-0.050,-0.084
2017-03-07 11:59:00,224.167,224.220,5808.000,200.000,224.00,224.10,7500.000,2500.000,224.10,224.25,1361.000,1005.000,223.95,224.20,5000.000,10000.000,224.05,224.30,14759.000,2625.000,35000.000,22500.000,223.913,224.258,224.011,224.344,-0.125,-0.085
2017-03-07 12:00:00,224.167,224.310,1913.000,684.000,224.05,224.10,7500.000,10000.000,224.10,224.30,6003.000,108.000,224.00,224.15,5000.000,5000.000,224.05,224.35,13242.000,1962.000,37500.000,22500.000,223.952,224.194,224.010,224.411,-0.125,-0.072
2017-03-07 12:01:00,224.335,224.423,810.000,69.000,224.15,224.20,2500.000,2500.000,224.25,224.35,1881.000,60.000,224.10,224.30,2500.000,2500.000,224.20,224.40,17088.000,2741.000,42500.000,12500.000,224.009,224.401,224.094,224.460,-0.125,-0.087
2017-03-07 12:02:00,224.256,224.312,110.000,129.000,224.15,224.20,2500.000,2500.000,224.15,224.30,138.000,223.000,224.10,224.25,17500.000,7500.000,224.10,224.35,9539.000,2502.000,42500.000,17500.000,223.969,224.342,224.056,224.407,-0.050,-0.098
2017-03-07 12:03:00,224.249,224.327,243.000,346.000,224.05,224.20,2500.000,2500.000,224.15,224.30,5813.000,169.000,224.00,224.25,12500.000,5000.000,224.10,224.35,14076.000,2657.000,40000.000,15000.000,223.939,224.333,224.047,224.417,-0.100,-0.112
2017-03-07 12:04:00,224.147,224.205,5571.000,963.000,224.00,224.15,10000.000,2500.000,224.10,224.20,58.000,1398.000,223.95,224.20,2500.000,5000.000,224.05,224.25,12815.000,5267.000,37500.000,15000.000,223.910,224.228,224.017,224.292,-0.075,-0.130
2017-03-07 12:05:00,224.102,224.180,5073.000,89.000,224.00,224.10,5000.000,2500.000,224.05,224.20,118.000,60.000,223.95,224.15,20000.000,7500.000,224.00,224.25,10737.000,4094.000,37500.000,17500.000,223.907,224.238,223.977,224.300,-0.075,-0.111
2017-03-07 12:06:00,224.243,224.407,278.000,193.000,224.05,224.20,2500.000,7500.000,224.20,224.35,5817.000,280.000,224.00,224.25,5000.000,2500.000,224.15,224.40,13054.000,1969.000,32500.000,17500.000,223.955,224.346,224.073,224.464,-0.150,-0.085
2017-03-07 12:07:00,224.194,224.306,2583.000,459.000,224.05,224.15,5000.000,7500.000,224.10,224.25,5008.000,197.000,224.00,224.20,2500.000,2500.000,224.05,224.30,13410.000,2946.000,27500.000,17500.000,223.948,224.271,224.000,224.407,-0.075,-0.067
2017-03-07 12:08:00,224.296,224.442,226.000,132.000,224.15,224.20,7500.000,2500.000,224.20,224.30,2559.000,70.000,224.10,224.25,7500.000,2500.000,224.15,224.50,13588.000,2017.000,32500.000,12500.000,224.010,224.355,224.092,224.570,-0.075,-0.027
2017-03-07 12:09:00,224.552,224.700,1216.000,731.000,224.35,224.50,5000.000,2500.000,224.50,224.60,1074.000,121.000,224.30,224.55,2500.000,2500.000,224.45,224.75,13084.000,2570.000,20000.000,15000.000,224.237,224.605,224.400,224.933,-0.125,-0.012
2017-03-07 12:10:00,224.457,224.442,365.000,919.000,224.20,224.40,2500.000,2500.000,224.25,224.40,222.000,893.000,224.15,224.45,2500.000,2500.000,224.20,224.55,17724.000,5672.000,20000.000,12500.000,224.031,224.494,224.150,224.640,-0.025,-0.005
2017-03-07 12:11:00,224.223,224.255,1861.000,61.000,224.10,224.20,2500.000,2500.000,224.10,224.25,1385.000,738.000,224.05,224.25,10000.000,5000.000,224.05,224.30,10368.000,2691.000,32500.000,15000.000,224.010,224.332,223.988,224.383,-0.025,-0.009
2017-03-07 12:12:00,224.428,224.450,3.000,598.000,224.30,224.45,5000.000,2500.000,224.30,224.50,1499.000,630.000,224.25,224.50,2500.000,2500.000,224.20,224.55,5333.000,3280.000,20000.000,12500.000,224.175,224.559,224.156,224.620,-0.025,-0.029
2017-03-07 12:13:00,224.219,224.166,1788.000,60.000,224.05,224.20,2500.000,2500.000,224.10,224.25,5936.000,1321.000,224.00,224.25,2500.000,5000.000,224.05,224.30,13152.000,3499.000,22500.000,25000.000,223.955,224.318,224.000,224.365,-0.050,-0.043
2017-03-07 12:14:00,224.138,224.211,1595.000,400.000,224.05,224.10,2500.000,2500.000,224.05,224.20,5298.000,389.000,224.00,224.20,15000.000,2500.000,224.00,224.25,8832.000,3047.000,37500.000,20000.000,223.984,224.257,223.930,224.381,-0.050,-0.039
2017-03-07 12:15:00,224.248,224.198,502.000,727.000,224.05,224.20,5000.000,2500.000,224.10,224.20,5683.000,565.000,224.00,224.25,2500.000,2500.000,224.05,224.25,15232.000,3258.000,32500.000,20000.000,223.937,224.305,224.004,224.363,-0.025,-0.066
2017-03-07 12:16:00,224.239,224.292,414.000,948.000,224.05,224.20,5000.000,2500.000,224.15,224.25,10040.000,544.000,224.00,224.25,2500.000,5000.000,224.10,224.35,18105.000,3484.000,30000.000,17500.000,223.954,224.304,224.037,224.414,-0.075,-0.087
2017-03-07 12:17:00,224.161,224.284,2556.000,42.000,224.05,224.10,2500.000,5000.000,224.20,224.30,8540.000,121.000,224.00,224.15,7500.000,2500.000,224.05,224.35,19838.000,1563.000,35000.000,20000.000,223.968,224.249,224.011,224.450,-0.175,-0.092
2017-03-07 12:18:00,224.250,224.266,1532.000,470.000,224.10,224.20,2500.000,2500.000,224.15,224.25,2524.000,794.000,224.05,224.25,5000.000,2500.000,224.05,224.35,16761.000,3663.000,37500.000,17500.000,223.993,224.311,224.000,224.421,-0.050,-0.103
2017-03-07 12:19:00,224.262,224.312,787.000,913.000,224.10,224.20,5000.000,2500.000,224.15,224.30,2624.000,554.000,224.05,224.25,2500.000,5000.000,224.10,224.35,16626.000,3188.000,40000.000,20000.000,223.988,224.298,224.031,224.431,-0.075,-0.104
2017-03-07 12:20:00,224.134,224.222,150.000,85.000,224.05,224.10,7500.000,2500.000,224.05,224.20,5512.000,144.000,224.00,224.15,15000.000,2500.000,224.00,224.30,11168.000,3593.000,42500.000,15000.000,223.942,224.245,223.971,224.350,-0.050,-0.112
2017-03-07 12:21:00,224.179,224.335,2101.000,70.000,224.05,224.10,2500.000,2500.000,224.15,224.30,8689.000,84.000,224.00,224.15,7500.000,2500.000,224.10,224.35,18720.000,1165.000,45000.000,20000.000,223.954,224.242,224.028,224.456,-0.150,-0.091
2017-03-07 12:22:00,224.164,224.315,3537.000,70.000,224.05,224.10,7500.000,2500.000,224.15,224.30,8320.000,84.000,224.00,224.15,7500.000,2500.000,224.10,224.35,18391.000,1327.000,45000.000,20000.000,223.967,224.243,224.047,224.456,-0.150,-0.072
2017-03-07 12:23:00,224.236,224.304,2438.000,910.000,224.05,224.20,7500.000,2500.000,224.15,224.30,9475.000,685.000,224.00,224.25,2500.000,5000.000,224.10,224.35,19942.000,3723.000,50000.000,20000.000,223.960,224.305,224.037,224.419,-0.100,-0.067
2017-03-07 12:24:00,224.161,224.221,932.000,531.000,224.05,224.10,15000.000,2500.000,224.05,224.25,6635.000,231.000,224.00,224.15,25000.000,2500.000,224.00,224.30,12917.000,1941.000,57500.000,20000.000,223.957,224.201,223.967,224.381,-0.075,-0.074
2017-03-07 12:25:00,224.156,224.282,393.000,361.000,224.05,224.10,7500.000,5000.000,224.05,224.30,6136.000,209.000,224.00,224.15,30000.000,5000.000,224.00,224.35,9024.000,1329.000,57500.000,20000.000,223.966,224.188,223.959,224.412,-0.100,-0.035
2017-03-07 12:26:00,224.154,224.202,506.000,273.000,224.05,224.10,12500.000,2500.000,224.05,224.25,5351.000,230.000,224.00,224.15,22500.000,5000.000,224.00,224.30,8693.000,1358.000,47500.000,20000.000,223.963,224.209,223.992,224.369,-0.075,-0.046
2017-03-07 12:27:00,224.069,224.127,4027.000,503.000,224.05,224.10,17500.000,2500.000,224.00,224.15,4986.000,154.000,224.00,224.15,5000.000,5000.000,223.95,224.25,9814.000,4769.000,42500.000,27500.000,224.011,224.227,223.921,224.327,-0.000,-0.036
2017-03-07 12:28:00,223.842,223.883,2121.000,419.000,223.70,223.80,7500.000,5000.000,223.85,223.95,48.000,240.000,223.65,223.85,5000.000,10000.000,223.80,224.00,14491.000,4455.000,27500.000,32500.000,223.568,223.951,223.764,224.046,-0.150,-0.059
2017-03-07 12:29:00,223.876,223.972,2770.000,101.000,223.75,223.85,10000.000,2500.000,223.85,224.00,1909.000,594.000,223.70,223.90,10000.000,2500.000,223.80,224.05,12909.000,4432.000,35000.000,15000.000,223.630,223.999,223.757,224.133,-0.125,-0.014
2017-03-07 12:30:00,224.456,224.388,50.000,1023.000,224.40,224.50,2500.000,2500.000,224.25,224.45,1175.000,257.000,224.35,224.55,12500.000,2500.000,224.20,224.50,4791.000,4716.000,27500.000,15000.000,224.264,224.626,224.100,224.583,0.100,-0.012
2017-03-07 12:31:00,224.360,224.462,61.000,131.000,224.40,224.45,5000.000,2500.000,224.25,224.45,199.000,1090.000,224.35,224.50,2500.000,2500.000,224.20,224.50,1478.000,4038.000,27500.000,15000.000,224.251,224.609,224.145,224.617,0.075,0.030
2017-03-07 12:32:00,223.842,223.847,2203.000,185.000,223.70,223.80,5000.000,2500.000,223.80,223.95,402.000,1533.000,223.65,223.85,2500.000,2500.000,223.75,224.00,15636.000,5810.000,20000.000,25000.000,223.556,223.935,223.688,224.075,-0.125,0.035
2017-03-07 12:33:00,224.371,224.529,478.000,220.000,224.30,224.40,10000.000,2500.000,224.30,224.50,900.000,839.000,224.20,224.45,2500.000,2500.000,224.25,224.55,6657.000,5383.000,30000.000,12500.000,224.097,224.509,224.179,224.660,-0.050,0.068
2017-03-07 12:34:00,224.427,224.297,695.000,583.000,224.20,224.40,2500.000,2500.000,224.25,224.40,562.000,486.000,224.15,224.45,2500.000,7500.000,224.20,224.45,10304.000,4001.000,17500.000,25000.000,224.042,224.511,224.114,224.500,-0.025,0.046
2017-03-07 12:35:00,224.242,224.163,176.000,60.000,224.05,224.20,2500.000,2500.000,224.10,224.25,50.000,185.000,224.00,224.25,7500.000,2500.000,224.05,224.30,6439.000,2455.000,20000.000,17500.000,223.876,224.356,224.006,224.407,-0.050,0.017
2017-03-07 12:36:00,224.351,224.247,50.000,50.000,224.20,224.25,2500.000,2500.000,224.20,224.40,918.000,204.000,224.15,224.30,5000.000,5000.000,224.15,224.45,6871.000,1524.000,15000.000,22500.000,224.035,224.388,224.067,224.517,-0.075,-0.021
2017-03-07 12:37:00,224.301,224.280,749.000,345.000,224.10,224.25,2500.000,5000.000,224.20,224.40,710.000,189.000,224.05,224.30,5000.000,5000.000,224.15,224.45,8399.000,1717.000,15000.000,22500.000,223.986,224.358,224.108,224.506,-0.125,-0.031
2017-03-07 12:38:00,224.242,224.234,504.000,993.000,224.05,224.20,2500.000,2500.000,224.20,224.35,1806.000,651.000,224.00,224.25,5000.000,5000.000,224.15,224.40,9764.000,2767.000,17500.000,22500.000,223.931,224.281,224.071,224.461,-0.150,-0.044
2017-03-07 12:39:00,224.238,224.218,1702.000,1013.000,224.05,224.20,5000.000,2500.000,224.15,224.35,963.000,788.000,224.00,224.25,2500.000,5000.000,224.10,224.40,9129.000,2932.000,15000.000,20000.000,223.928,224.274,224.067,224.456,-0.125,-0.067
2017-03-07 12:40:00,224.141,224.208,1127.000,25.000,224.05,224.10,2500.000,2500.000,224.15,224.20,1190.000,561.000,224.00,224.15,2500.000,2500.000,224.10,224.30,9437.000,4069.000,17500.000,15000.000,223.915,224.230,224.043,224.350,-0.100,-0.077
2017-03-07 12:41:00,224.150,224.234,670.000,80.000,224.05,224.10,2500.000,2500.000,224.10,224.20,401.000,221.000,224.00,224.15,5000.000,5000.000,224.05,224.30,7479.000,3612.000,25000.000,15000.000,223.886,224.237,223.975,224.333,-0.075,-0.077
2017-03-07 12:42:00,224.154,224.187,18.000,421.000,224.05,224.10,5000.000,2500.000,224.10,224.20,401.000,271.000,224.00,224.15,5000.000,2500.000,224.05,224.25,7344.000,3972.000,22500.000,15000.000,223.872,224.224,224.006,224.317,-0.075,-0.067
2017-03-07 12:43:00,224.131,224.187,119.000,20.000,223.95,224.10,5000.000,2500.000,224.10,224.20,771.000,271.000,223.90,224.15,5000.000,2500.000,224.05,224.25,11839.000,3889.000,22500.000,15000.000,223.813,224.239,224.006,224.317,-0.125,-0.059
2017-03-07 12:44:00,224.112,224.208,4230.000,419.000,224.00,224.10,7500.000,2500.000,224.10,224.20,10.000,221.000,223.95,224.15,7500.000,5000.000,224.05,224.30,12209.000,4627.000,30000.000,15000.000,223.895,224.232,223.979,224.333,-0.100,-0.045
2017-03-07 12:45:00,224.044,224.159,2937.000,440.000,224.00,224.10,2500.000,2500.000,224.00,224.20,10.000,590.000,223.95,224.15,5000.000,2500.000,223.95,224.25,5942.000,4998.000,25000.000,15000.000,223.913,224.226,223.855,224.317,-0.050,-0.048
2017-03-07 12:46:00,224.113,224.200,1048.000,205.000,224.00,224.10,2500.000,2500.000,224.05,224.20,10.000,175.000,223.95,224.15,5000.000,5000.000,224.00,224.30,7066.000,3891.000,22500.000,15000.000,223.845,224.245,223.894,224.333,-0.075,-0.042
2017-03-07 12:47:00,224.179,224.162,200.000,60.000,224.10,224.15,2500.000,2500.000,224.10,224.20,2406.000,519.000,224.00,224.20,2500.000,2500.000,224.05,224.25,8416.000,3970.000,17500.000,15000.000,223.907,224.267,223.986,224.317,-0.025,-0.057
2017-03-07 12:48:00,224.175,224.186,1898.000,494.000,224.00,224.15,2500.000,2500.000,224.10,224.20,314.000,934.000,223.95,224.20,2500.000,2500.000,224.05,224.25,10151.000,3771.000,20000.000,15000.000,223.873,224.251,223.975,224.317,-0.075,-0.063
2017-03-07 12:49:00,224.147,224.176,1147.000,1992.000,224.00,224.15,5000.000,2500.000,224.05,224.20,314.000,884.000,223.95,224.20,7500.000,2500.000,224.00,224.25,7760.000,5219.000,30000.000,17500.000,223.856,224.222,223.908,224.300,-0.050,-0.097
2017-03-07 12:50:00,224.063,224.195,300.000,10.000,224.05,224.10,5000.000,2500.000,224.05,224.20,918.000,2252.000,224.00,224.15,7500.000,2500.000,224.00,224.25,3850.000,5683.000,32500.000,15000.000,223.912,224.206,223.896,224.300,-0.050,-0.083
2017-03-07 12:51:00,224.123,224.178,474.000,120.000,224.00,224.10,5000.000,2500.000,224.05,224.20,314.000,466.000,223.95,224.15,7500.000,2500.000,224.00,224.25,7033.000,3985.000,30000.000,15000.000,223.835,224.229,223.892,224.317,-0.075,-0.079
2017-03-07 12:52:00,223.987,224.044,668.000,4.000,223.80,223.85,2500.000,5000.000,223.85,224.05,252.000,60.000,223.75,223.95,10000.000,2500.000,223.80,224.10,7811.000,1470.000,25000.000,17500.000,223.649,224.033,223.730,224.207,-0.125,-0.068
2017-03-07 12:53:00,224.003,224.047,190.000,539.000,223.80,223.95,2500.000,5000.000,223.90,224.05,349.000,571.000,223.75,224.00,2500.000,2500.000,223.85,224.10,9849.000,2947.000,22500.000,17500.000,223.653,224.060,223.800,224.236,-0.100,-0.074
2017-03-07 12:54:00,224.024,224.220,677.000,163.000,223.85,223.95,2500.000,5000.000,224.05,224.15,3597.000,519.000,223.80,224.00,5000.000,2500.000,224.00,224.20,13782.000,1355.000,20000.000,17500.000,223.748,224.052,223.956,224.471,-0.200,-0.059
2017-03-07 12:55:00,223.933,223.997,1771.000,1415.000,223.75,223.90,5000.000,5000.000,223.85,224.05,1261.000,731.000,223.70,223.95,7500.000,5000.000,223.80,224.10,12326.000,4737.000,22500.000,20000.000,223.616,223.980,223.761,224.169,-0.125,-0.066
2017-03-07 12:56:00,224.115,224.150,200.000,62.000,224.00,224.05,2500.000,2500.000,224.05,224.15,364.000,60.000,223.90,224.10,5000.000,2500.000,224.00,224.20,12982.000,3956.000,17500.000,15000.000,223.783,224.222,223.957,224.342,-0.075,-0.070
2017-03-07 12:57:00,224.016,224.017,2614.000,2195.000,223.85,224.00,2500.000,7500.000,223.90,224.10,1506.000,653.000,223.80,224.05,2500.000,5000.000,223.85,224.15,12504.000,5248.000,17500.000,20000.000,223.730,224.083,223.800,224.194,-0.075,-0.073
2017-03-07 12:58:00,223.985,224.057,290.000,501.000,223.85,223.90,5000.000,7500.000,223.90,224.10,471.000,82.000,223.80,223.95,2500.000,2500.000,223.85,224.15,8376.000,2683.000,17500.000,17500.000,223.693,223.991,223.814,224.264,-0.125,-0.064
2017-03-07 12:59:00,223.909,224.033,110.000,584.000,223.80,223.90,7500.000,5000.000,223.85,224.00,1150.000,327.000,223.75,223.95,7500.000,5000.000,223.80,224.10,7777.000,5011.000,27500.000,17500.000,223.650,224.011,223.759,224.157,-0.075,-0.047
2017-03-07 13:00:00,223.954,224.050,18.000,584.000,223.85,223.90,5000.000,2500.000,223.90,224.10,464.000,61.000,223.80,223.95,5000.000,2500.000,223.85,224.15,9010.000,4108.000,20000.000,12500.000,223.702,224.002,223.819,224.240,-0.125,-0.044
2017-03-07 13:01:00,223.992,224.047,200.000,239.000,223.85,223.95,2500.000,2500.000,223.95,224.10,1062.000,2333.000,223.80,224.00,5000.000,2500.000,223.90,224.15,11449.000,4422.000,20000.000,17500.000,223.717,224.043,223.850,224.236,-0.125,-0.061
2017-03-07 13:02:00,224.020,224.037,148.000,2751.000,223.85,224.00,2500.000,2500.000,223.95,224.10,2962.000,526.000,223.80,224.05,5000.000,5000.000,223.90,224.15,11746.000,5708.000,20000.000,20000.000,223.711,224.073,223.850,224.225,-0.100,-0.056
2017-03-07 13:03:00,223.983,224.009,463.000,313.000,223.85,223.95,5000.000,2500.000,223.90,224.05,2962.000,866.000,223.80,224.00,7500.000,2500.000,223.85,224.10,8728.000,3479.000,25000.000,15000.000,223.722,224.055,223.815,224.150,-0.075,-0.077
2017-03-07 13:04:00,224.398,224.439,274.000,111.000,224.20,224.25,10000.000,5000.000,224.30,224.50,354.000,62.000,224.15,224.30,5000.000,2500.000,224.25,224.55,9293.000,609.000,27500.000,17500.000,224.030,224.375,224.173,224.614,-0.175,-0.083
2017-03-07 13:05:00,224.281,224.362,192.000,539.000,224.10,224.25,2500.000,2500.000,224.25,224.40,478.000,243.000,224.05,224.30,2500.000,7500.000,224.20,224.45,9948.000,2975.000,20000.000,22500.000,223.977,224.377,224.125,224.511,-0.150,-0.078
2017-03-07 13:06:00,224.471,224.612,37.000,484.000,224.50,224.55,5000.000,2500.000,224.50,224.70,428.000,180.000,224.45,224.60,7500.000,5000.000,224.45,224.75,1539.000,2712.000,25000.000,17500.000,224.372,224.696,224.370,224.836,-0.075,-0.064
2017-03-07 13:07:00,224.595,224.588,222.000,900.000,224.45,224.50,2500.000,2500.000,224.50,224.55,500.000,161.000,224.40,224.55,2500.000,5000.000,224.45,224.65,9157.000,3288.000,17500.000,15000.000,224.267,224.600,224.371,224.692,-0.050,-0.075
2017-03-07 13:08:00,224.447,224.576,10.000,626.000,224.50,224.55,5000.000,2500.000,224.45,224.65,365.000,219.000,224.45,224.60,2500.000,2500.000,224.40,224.70,1545.000,3966.000,25000.000,17500.000,224.371,224.693,224.300,224.757,-0.025,-0.046
2017-03-07 13:09:00,224.593,224.661,294.000,42.000,224.60,224.65,5000.000,2500.000,224.55,224.65,273.000,282.000,224.55,224.70,5000.000,2500.000,224.50,224.75,2800.000,3678.000,22500.000,12500.000,224.460,224.807,224.428,224.790,0.025,-0.010
2017-03-07 13:10:00,224.592,224.650,253.000,416.000,224.60,224.65,5000.000,2500.000,224.55,224.65,273.000,339.000,224.55,224.70,5000.000,2500.000,224.50,224.75,2759.000,4180.000,20000.000,12500.000,224.458,224.791,224.463,224.790,0.025,0.006
2017-03-07 13:11:00,224.577,224.647,901.000,267.000,224.40,224.50,2500.000,2500.000,224.50,224.65,1555.000,994.000,224.35,224.55,5000.000,5000.000,224.45,224.75,10558.000,1871.000,22500.000,15000.000,224.277,224.583,224.339,224.783,-0.125,0.035
2017-03-07 13:12:00,224.453,224.503,1897.000,176.000,224.40,224.45,7500.000,2500.000,224.40,224.55,663.000,132.000,224.25,224.50,2500.000,2500.000,224.35,224.60,8425.000,3446.000,22500.000,15000.000,224.209,224.574,224.311,224.650,-0.050,0.052
2017-03-07 13:13:00,224.482,224.465,718.000,176.000,224.40,224.45,5000.000,2500.000,224.40,224.55,530.000,242.000,224.25,224.50,2500.000,2500.000,224.35,224.60,8515.000,2885.000,17500.000,15000.000,224.172,224.582,224.286,224.650,-0.050,0.069
2017-03-07 13:14:00,225.093,224.982,983.000,151.000,224.90,225.10,2500.000,7500.000,224.90,225.00,561.000,149.000,224.85,225.15,2500.000,2500.000,224.85,225.05,10917.000,4836.000,22500.000,20000.000,224.738,225.242,224.783,225.081,0.050,0.056
2017-03-07 13:15:00,225.086,225.060,1703.000,55.000,225.00,225.10,5000.000,2500.000,224.95,225.05,339.000,170.000,224.95,225.15,2500.000,2500.000,224.90,225.10,4809.000,2500.000,25000.000,12500.000,224.902,225.229,224.835,225.150,0.050,0.060
2017-03-07 13:16:00,225.161,225.085,1593.000,191.000,225.00,225.10,5000.000,2500.000,224.95,225.10,339.000,189.000,224.95,225.15,2500.000,5000.000,224.90,225.15,5926.000,1070.000,27500.000,15000.000,224.892,225.202,224.841,225.192,0.025,0.057
2017-03-07 13:17:00,225.090,225.060,999.000,516.000,225.00,225.05,2500.000,2500.000,224.90,225.05,60.000,178.000,224.95,225.10,2500.000,5000.000,224.85,225.10,4128.000,1844.000,32500.000,17500.000,224.874,225.153,224.777,225.157,0.050,0.080
2017-03-07 13:18:00,225.069,224.967,645.000,9.000,224.85,225.00,2500.000,2500.000,224.85,225.00,964.000,41.000,224.80,225.05,7500.000,5000.000,224.80,225.05,8428.000,1031.000,27500.000,17500.000,224.734,225.169,224.755,225.100,0.000,0.076
2017-03-07 13:19:00,224.960,224.915,924.000,50.000,224.75,224.90,2500.000,2500.000,224.80,224.95,1389.000,221.000,224.70,225.00,7500.000,5000.000,224.75,225.00,8222.000,2700.000,25000.000,17500.000,224.611,225.115,224.690,225.043,-0.050,0.081
2017-03-07 13:20:00,224.903,224.855,176.000,310.000,224.75,224.85,2500.000,7500.000,224.75,224.90,1498.000,277.000,224.70,224.90,5000.000,5000.000,224.65,224.95,5322.000,1462.000,27500.000,22500.000,224.626,224.958,224.577,224.972,-0.025,0.079
2017-03-07 13:21:00,224.887,224.829,5.000,233.000,224.80,224.85,2500.000,2500.000,224.70,224.85,166.000,129.000,224.75,224.90,5000.000,2500.000,224.65,224.90,2960.000,1546.000,30000.000,17500.000,224.656,224.969,224.583,224.957,0.050,0.082
2017-03-07 13:22:00,225.139,224.993,251.000,1149.000,225.00,225.10,2500.000,5000.000,224.85,225.00,272.000,580.000,224.90,225.15,5000.000,5000.000,224.80,225.05,10154.000,4904.000,37500.000,20000.000,224.779,225.199,224.737,225.081,0.125,0.054
2017-03-07 13:23:00,225.062,224.978,1438.000,1533.000,225.00,225.10,10000.000,2500.000,224.85,225.05,414.000,202.000,224.95,225.15,5000.000,5000.000,224.80,225.10,5597.000,4921.000,35000.000,22500.000,224.897,225.198,224.764,225.167,0.100,0.025
2017-03-07 13:24:00,225.148,225.077,22.000,306.000,225.10,225.15,7500.000,2500.000,224.90,225.10,145.000,1651.000,225.05,225.20,5000.000,2500.000,224.85,225.15,3317.000,3558.000,37500.000,17500.000,224.935,225.257,224.800,225.229,0.125,0.016
2017-03-07 13:25:00,225.082,225.046,1.000,32.000,225.00,225.05,5000.000,5000.000,224.85,225.05,364.000,578.000,224.95,225.10,12500.000,5000.000,224.80,225.10,4839.000,2429.000,42500.000,22500.000,224.865,225.172,224.735,225.211,0.075,0.017
2017-03-07 13:26:00,225.021,224.950,1350.000,405.000,224.90,225.00,2500.000,2500.000,224.85,225.00,643.000,75.000,224.85,225.05,2500.000,7500.000,224.80,225.05,7279.000,2399.000,25000.000,20000.000,224.789,225.153,224.750,225.119,0.025,0.009
2017-03-07 13:27:00,225.053,225.045,2247.000,83.000,225.00,225.05,12500.000,7500.000,224.85,225.05,304.000,127.000,224.95,225.10,7500.000,5000.000,224.80,225.10,5778.000,2309.000,47500.000,25000.000,224.920,225.190,224.747,225.190,0.075,0.011
2017-03-07 13:28:00,225.057,225.118,1103.000,294.000,225.00,225.05,5000.000,2500.000,224.90,225.10,354.000,190.000,224.95,225.10,7500.000,2500.000,224.85,225.15,4519.000,2824.000,45000.000,17500.000,224.893,225.183,224.764,225.221,0.025,0.049
2017-03-07 13:29:00,225.062,225.035,1558.000,216.000,225.00,225.05,2500.000,5000.000,224.90,225.10,354.000,161.000,224.95,225.10,12500.000,2500.000,224.85,225.15,5614.000,2700.000,25000.000,17500.000,224.894,225.182,224.815,225.207,0.025,0.056
2017-03-07 13:30:00,225.031,224.989,1398.000,1493.000,225.00,225.05,5000.000,2500.000,224.85,225.00,922.000,211.000,224.90,225.10,10000.000,5000.000,224.80,225.10,9083.000,6978.000,30000.000,17500.000,224.818,225.187,224.762,225.143,0.100,0.064
2017-03-07 13:31:00,225.073,225.042,1373.000,1543.000,225.00,225.05,5000.000,5000.000,224.90,225.10,304.000,161.000,224.95,225.10,7500.000,2500.000,224.85,225.15,4786.000,2797.000,27500.000,17500.000,224.898,225.111,224.814,225.214,0.025,0.082
2017-03-07 13:32:00,225.069,225.056,1265.000,1464.000,225.00,225.05,5000.000,2500.000,224.90,225.10,304.000,160.000,224.95,225.10,5000.000,2500.000,224.85,225.15,4331.000,2657.000,27500.000,17500.000,224.901,225.111,224.809,225.257,0.025,0.107
2017-03-07 13:33:00,225.142,225.013,1050.000,964.000,225.00,225.05,7500.000,5000.000,224.85,225.05,551.000,160.000,224.90,225.10,5000.000,5000.000,224.80,225.10,8598.000,2157.000,37500.000,20000.000,224.803,225.125,224.750,225.162,0.075,0.117
2017-03-07 13:34:00,225.082,225.017,129.000,764.000,225.00,225.05,5000.000,2500.000,224.90,225.05,60.000,321.000,224.95,225.10,2500.000,5000.000,224.85,225.10,2946.000,2068.000,25000.000,20000.000,224.854,225.129,224.785,225.175,0.050,0.151
2017-03-07 13:35:00,225.102,225.023,1533.000,564.000,225.00,225.05,5000.000,5000.000,225.00,225.10,921.000,271.000,224.95,225.10,2500.000,2500.000,224.95,225.15,6633.000,1945.000,15000.000,22500.000,224.899,225.153,224.917,225.217,-0.025,0.181
2017-03-07 13:36:00,225.049,224.925,67.000,163.000,225.00,225.05,2500.000,5000.000,224.80,224.95,583.000,301.000,224.90,225.10,5000.000,2500.000,224.75,225.05,7385.000,5167.000,25000.000,20000.000,224.772,225.207,224.695,225.081,0.150,0.195
2017-03-07 13:37:00,225.045,224.908,1342.000,396.000,225.00,225.05,2500.000,7500.000,224.80,224.95,212.000,478.000,224.90,225.10,5000.000,2500.000,224.75,225.00,8055.000,5238.000,25000.000,22500.000,224.807,225.197,224.705,225.072,0.150,0.220
2017-03-07 13:38:00,225.048,224.868,2230.000,491.000,225.00,225.05,5000.000,2500.000,224.75,224.90,212.000,409.000,224.90,225.10,2500.000,2500.000,224.70,224.95,9050.000,5414.000,27500.000,20000.000,224.827,225.185,224.641,225.025,0.200,0.253
2017-03-07 13:39:00,224.987,224.754,2426.000,981.000,225.00,225.05,7500.000,2500.000,224.65,224.85,162.000,1525.000,224.90,225.10,10000.000,10000.000,224.60,224.90,7915.000,10771.000,32500.000,30000.000,224.836,225.158,224.562,224.963,0.275,0.272
2017-03-07 13:40:00,225.000,224.769,638.000,2225.000,225.00,225.05,2500.000,2500.000,224.70,224.80,162.000,316.000,224.90,225.10,7500.000,7500.000,224.65,224.85,7144.000,10766.000,30000.000,22500.000,224.790,225.152,224.596,224.911,0.275,0.266
2017-03-07 13:41:00,224.987,224.794,8.000,474.000,225.00,225.05,5000.000,2500.000,224.70,224.90,526.000,366.000,224.95,225.10,5000.000,2500.000,224.65,224.95,2695.000,6529.000,22500.000,20000.000,224.865,225.144,224.600,225.037,0.225,0.264
2017-03-07 13:42:00,224.985,224.722,156.000,546.000,225.00,225.05,7500.000,2500.000,224.70,224.90,304.000,368.000,224.95,225.10,2500.000,2500.000,224.65,224.95,2397.000,6493.000,20000.000,30000.000,224.854,225.143,224.619,225.050,0.225,0.244
2017-03-07 13:43:00,225.073,224.727,169.000,1.000,224.95,225.00,2500.000,2500.000,224.75,224.95,829.000,60.000,224.90,225.10,5000.000,7500.000,224.70,225.00,7400.000,4579.000,20000.000,45000.000,224.784,225.155,224.625,225.106,0.125,0.217
2017-03-07 13:44:00,225.047,224.722,444.000,79.000,225.00,225.10,2500.000,2500.000,224.75,224.95,60.000,3260.000,224.95,225.15,5000.000,10000.000,224.70,225.00,2503.000,4136.000,20000.000,47500.000,224.867,225.165,224.613,225.100,0.200,0.177
2017-03-07 13:45:00,225.002,224.798,62.000,285.000,224.90,225.00,2500.000,5000.000,224.75,224.95,564.000,58.000,224.85,225.05,5000.000,7500.000,224.70,225.00,6776.000,3774.000,22500.000,45000.000,224.763,225.141,224.650,225.108,0.100,0.164
2017-03-07 13:46:00,224.830,224.647,125.000,74.000,224.70,224.75,2500.000,5000.000,224.60,224.75,559.000,62.000,224.65,224.80,2500.000,5000.000,224.55,224.80,6865.000,2670.000,20000.000,25000.000,224.544,224.979,224.488,224.885,0.050,0.175
2017-03-07 13:47:00,224.823,224.659,123.000,282.000,224.70,224.80,2500.000,5000.000,224.55,224.75,911.000,113.000,224.60,224.85,5000.000,5000.000,224.50,224.80,7550.000,2529.000,20000.000,20000.000,224.517,224.963,224.438,224.831,0.100,0.195
2017-03-07 13:48:00,224.837,224.629,443.000,245.000,224.65,224.80,2500.000,5000.000,224.55,224.75,3611.000,41.000,224.60,224.85,5000.000,5000.000,224.50,224.80,11714.000,2471.000,15000.000,20000.000,224.538,224.967,224.458,224.831,0.075,0.190
2017-03-07 13:49:00,224.749,224.620,2275.000,692.000,224.60,224.70,2500.000,7500.000,224.45,224.65,142.000,167.000,224.55,224.75,5000.000,2500.000,224.40,224.70,5829.000,1774.000,35000.000,20000.000,224.499,224.791,224.293,224.738,0.100,0.192
2017-03-07 13:50:00,224.744,224.608,1214.000,682.000,224.60,224.70,2500.000,5000.000,224.45,224.60,142.000,167.000,224.55,224.75,5000.000,5000.000,224.40,224.65,4933.000,1824.000,25000.000,20000.000,224.472,224.783,224.315,224.719,0.125,0.202
2017-03-07 13:51:00,224.851,224.613,725.000,60.000,224.65,224.85,2500.000,2500.000,224.55,224.70,1424.000,312.000,224.60,224.90,5000.000,2500.000,224.50,224.75,8115.000,2902.000,17500.000,20000.000,224.528,224.987,224.457,224.875,0.125,0.170
2017-03-07 13:52:00,224.988,224.726,585.000,500.000,224.75,224.95,20000.000,2500.000,224.70,224.80,339.000,1298.000,224.70,225.00,2500.000,5000.000,224.65,224.85,10337.000,3731.000,35000.000,32500.000,224.590,225.051,224.636,224.969,0.100,0.139
2017-03-07 13:53:00,225.044,224.861,243.000,505.000,224.90,225.00,10000.000,2500.000,224.90,225.05,1099.000,105.000,224.85,225.05,2500.000,12500.000,224.85,225.10,16216.000,7022.000,25000.000,42500.000,224.735,225.101,224.750,225.165,-0.025,0.089
2017-03-07 13:54:00,224.851,224.710,304.000,526.000,224.75,224.90,2500.000,7500.000,224.70,224.90,50.000,311.000,224.70,224.95,2500.000,7500.000,224.65,224.95,9190.000,7895.000,17500.000,35000.000,224.567,225.071,224.550,225.014,0.025,0.067
2017-03-07 13:55:00,224.854,224.667,543.000,685.000,224.60,224.80,12500.000,2500.000,224.60,224.80,372.000,148.000,224.55,224.85,2500.000,5000.000,224.55,224.85,14849.000,3362.000,25000.000,25000.000,224.459,224.933,224.540,224.925,-0.000,0.037
2017-03-07 13:56:00,224.702,224.625,2307.000,45.000,224.50,224.65,7500.000,5000.000,224.60,224.75,5655.000,418.000,224.45,224.70,5000.000,2500.000,224.55,224.80,14654.000,1264.000,22500.000,27500.000,224.420,224.769,224.517,224.905,-0.100,0.015
2017-03-07 13:57:00,224.733,224.627,345.000,542.000,224.50,224.70,2500.000,5000.000,224.60,224.75,3641.000,352.000,224.45,224.75,2500.000,2500.000,224.55,224.80,10790.000,2080.000,12500.000,20000.000,224.401,224.811,224.480,224.850,-0.075,-0.019
2017-03-07 13:58:00,224.608,224.675,20.000,1569.000,224.45,224.50,10000.000,5000.000,224.55,224.70,2232.000,110.000,224.40,224.55,7500.000,2500.000,224.50,224.75,13063.000,2178.000,37500.000,17500.000,224.308,224.542,224.373,224.814,-0.150,0.001
2017-03-07 13:59:00,224.539,224.507,379.000,1689.000,224.40,224.50,5000.000,2500.000,224.50,224.60,3029.000,509.000,224.30,224.55,2500.000,2500.000,224.45,224.65,12562.000,3720.000,15000.000,20000.000,224.246,224.558,224.400,224.775,-0.100,0.002
2017-03-07 14:00:00,224.488,224.453,952.000,2120.000,224.25,224.50,2500.000,2500.000,224.40,224.60,5616.000,663.000,224.20,224.55,2500.000,7500.000,224.35,224.65,11848.000,4295.000,15000.000,22500.000,224.157,224.552,224.258,224.722,-0.125,-0.003
2017-03-07 14:01:00,224.425,224.457,6114.000,390.000,224.25,224.45,2500.000,2500.000,224.45,224.55,1095.000,2393.000,224.20,224.50,5000.000,5000.000,224.35,224.60,11632.000,4295.000,15000.000,20000.000,224.182,224.527,224.317,224.688,-0.150,0.005
2017-03-07 14:02:00,224.428,224.491,2150.000,137.000,224.35,224.40,2500.000,2500.000,224.45,224.55,441.000,178.000,224.30,224.45,2500.000,5000.000,224.40,224.60,10797.000,3680.000,12500.000,15000.000,224.252,224.529,224.350,224.642,-0.125,0.009
2017-03-07 14:03:00,224.538,224.504,154.000,1617.000,224.40,224.50,2500.000,7500.000,224.50,224.60,1843.000,451.000,224.35,224.55,5000.000,2500.000,224.40,224.65,9974.000,3640.000,15000.000,20000.000,224.292,224.555,224.350,224.688,-0.100,-0.007
2017-03-07 14:04:00,224.538,224.504,81.000,1610.000,224.40,224.50,2500.000,7500.000,224.50,224.60,1964.000,432.000,224.35,224.55,5000.000,2500.000,224.40,224.65,10022.000,3614.000,15000.000,20000.000,224.292,224.555,224.350,224.688,-0.100,-0.025
2017-03-07 14:05:00,224.524,224.514,1251.000,1758.000,224.35,224.50,2500.000,5000.000,224.50,224.60,5142.000,432.000,224.30,224.55,5000.000,2500.000,224.45,224.65,12729.000,3762.000,15000.000,20000.000,224.259,224.553,224.392,224.700,-0.125,-0.032
2017-03-07 14:06:00,224.527,224.517,580.000,1546.000,224.35,224.50,2500.000,5000.000,224.50,224.60,5063.000,432.000,224.30,224.55,2500.000,2500.000,224.45,224.65,11979.000,3550.000,12500.000,17500.000,224.254,224.556,224.390,224.700,-0.125,-0.035
2017-03-07 14:07:00,224.352,224.394,561.000,1074.000,224.15,224.35,5000.000,7500.000,224.25,224.45,1161.000,1376.000,224.10,224.40,7500.000,2500.000,224.20,224.50,15907.000,6721.000,25000.000,17500.000,224.024,224.459,224.160,224.529,-0.100,-0.031
2017-03-07 14:08:00,224.409,224.456,2494.000,863.000,224.30,224.40,2500.000,7500.000,224.40,224.55,5530.000,60.000,224.20,224.45,2500.000,2500.000,224.35,224.60,12675.000,3783.000,17500.000,27500.000,224.173,224.512,224.293,224.686,-0.125,-0.032
2017-03-07 14:09:00,224.374,224.433,1869.000,418.000,224.30,224.35,5000.000,2500.000,224.30,224.45,157.000,244.000,224.20,224.40,2500.000,2500.000,224.25,224.50,10321.000,4410.000,25000.000,20000.000,224.129,224.479,224.175,224.581,-0.050,-0.029
2017-03-07 14:10:00,224.368,224.391,911.000,608.000,224.30,224.35,5000.000,2500.000,224.30,224.45,157.000,312.000,224.20,224.40,7500.000,2500.000,224.25,224.50,9104.000,4618.000,22500.000,20000.000,224.116,224.477,224.211,224.581,-0.050,-0.031
2017-03-07 14:11:00,224.399,224.403,67.000,780.000,224.30,224.35,2500.000,5000.000,224.30,224.45,142.000,312.000,224.15,224.40,2500.000,5000.000,224.25,224.50,15194.000,5252.000,20000.000,20000.000,224.046,224.470,224.188,224.562,-0.050,-0.033
2017-03-07 14:12:00,224.382,224.403,636.000,464.000,224.15,224.35,5000.000,5000.000,224.30,224.45,5971.000,219.000,224.10,224.40,2500.000,2500.000,224.25,224.50,18398.000,4307.000,22500.000,20000.000,224.035,224.476,224.194,224.594,-0.125,-0.045
2017-03-07 14:13:00,224.500,224.553,699.000,1075.000,224.30,224.50,2500.000,5000.000,224.40,224.60,529.000,304.000,224.25,224.55,5000.000,2500.000,224.35,224.65,9304.000,3512.000,25000.000,20000.000,224.191,224.589,224.295,224.781,-0.100,-0.056
2017-03-07 14:14:00,224.528,224.570,2720.000,936.000,224.35,224.50,5000.000,2500.000,224.50,224.60,5073.000,170.000,224.30,224.55,7500.000,5000.000,224.40,224.65,15055.000,3179.000,27500.000,22500.000,224.265,224.595,224.364,224.772,-0.125,-0.065
2017-03-07 14:15:00,224.441,224.477,2149.000,683.000,224.35,224.45,2500.000,2500.000,224.40,224.50,40.000,1708.000,224.30,224.50,5000.000,5000.000,224.35,224.55,10393.000,7507.000,20000.000,17500.000,224.222,224.618,224.300,224.614,-0.050,-0.075
2017-03-07 14:16:00,224.446,224.461,1012.000,680.000,224.35,224.45,5000.000,5000.000,224.40,224.55,5759.000,1426.000,224.20,224.50,5000.000,5000.000,224.35,224.60,12746.000,4543.000,22500.000,25000.000,224.164,224.545,224.306,224.685,-0.075,-0.091
2017-03-07 14:17:00,224.474,224.555,2652.000,849.000,224.35,224.45,2500.000,7500.000,224.50,224.60,4923.000,1376.000,224.30,224.50,2500.000,2500.000,224.45,224.65,15988.000,4407.000,20000.000,27500.000,224.266,224.543,224.394,224.750,-0.150,-0.095
2017-03-07 14:18:00,224.473,224.580,2519.000,849.000,224.35,224.45,5000.000,5000.000,224.50,224.60,4923.000,1003.000,224.30,224.50,2500.000,5000.000,224.45,224.65,14564.000,4034.000,25000.000,25000.000,224.266,224.547,224.400,224.760,-0.150,-0.099
2017-03-07 14:19:00,224.492,224.579,2387.000,582.000,224.40,224.45,7500.000,5000.000,224.50,224.60,1842.000,1103.000,224.35,224.50,2500.000,2500.000,224.45,224.65,13975.000,3868.000,27500.000,25000.000,224.304,224.552,224.409,224.765,-0.125,-0.098
2017-03-07 14:20:00,224.548,224.634,2422.000,587.000,224.40,224.50,2500.000,5000.000,224.55,224.65,6195.000,120.000,224.35,224.55,7500.000,2500.000,224.50,224.70,17658.000,2380.000,25000.000,22500.000,224.286,224.613,224.450,224.828,-0.150,-0.062
2017-03-07 14:21:00,224.580,224.677,1019.000,703.000,224.45,224.50,7500.000,2500.000,224.55,224.70,565.000,82.000,224.40,224.55,12500.000,5000.000,224.50,224.75,14962.000,4036.000,37500.000,17500.000,224.311,224.680,224.467,224.800,-0.150,-0.047
2017-03-07 14:22:00,224.574,224.674,7439.000,550.000,224.45,224.50,5000.000,2500.000,224.65,224.75,1064.000,62.000,224.40,224.55,7500.000,2500.000,224.60,224.80,18547.000,3543.000,27500.000,30000.000,224.351,224.690,224.564,224.917,-0.225,-0.026
2017-03-07 14:23:00,224.551,224.675,5636.000,65.000,224.40,224.55,7500.000,2500.000,224.60,224.75,1755.000,79.000,224.35,224.60,5000.000,5000.000,224.55,224.80,14084.000,3594.000,25000.000,20000.000,224.319,224.711,224.525,224.863,-0.200,-0.008
2017-03-07 14:24:00,224.612,224.697,63.000,122.000,224.55,224.60,2500.000,2500.000,224.65,224.75,1675.000,506.000,224.50,224.65,2500.000,5000.000,224.60,224.80,8493.000,3930.000,20000.000,20000.000,224.449,224.731,224.544,224.863,-0.125,0.004
2017-03-07 14:25:00,224.782,224.688,73.000,130.000,224.65,224.70,7500.000,2500.000,224.70,224.80,1.000,728.000,224.60,224.75,2500.000,7500.000,224.65,224.90,7799.000,2131.000,22500.000,37500.000,224.507,224.791,224.589,224.970,-0.075,-0.028
2017-03-07 14:26:00,224.886,224.908,480.000,550.000,224.80,224.90,5000.000,2500.000,224.85,224.95,63.000,480.000,224.70,224.95,7500.000,2500.000,224.80,225.00,8671.000,5072.000,35000.000,25000.000,224.628,225.007,224.636,225.085,-0.050,-0.052
2017-03-07 14:27:00,224.757,224.753,139.000,611.000,224.55,224.70,2500.000,5000.000,224.65,224.85,469.000,398.000,224.50,224.75,2500.000,7500.000,224.60,224.90,9002.000,1952.000,20000.000,22500.000,224.430,224.788,224.544,224.928,-0.125,-0.061
2017-03-07 14:28:00,224.639,224.674,1833.000,912.000,224.50,224.65,5000.000,2500.000,224.55,224.70,537.000,842.000,224.45,224.70,5000.000,2500.000,224.50,224.75,9257.000,5079.000,25000.000,17500.000,224.385,224.739,224.435,224.843,-0.050,-0.072
2017-03-07 14:29:00,224.586,224.609,718.000,70.000,224.50,224.55,5000.000,2500.000,224.55,224.65,166.000,123.000,224.45,224.60,7500.000,2500.000,224.50,224.70,8267.000,3170.000,22500.000,17500.000,224.365,224.721,224.467,224.814,-0.075,-0.062
2017-03-07 14:30:00,224.558,224.621,663.000,69.000,224.40,224.55,2500.000,2500.000,224.55,224.60,5854.000,912.000,224.35,224.60,2500.000,5000.000,224.50,224.70,12831.000,3817.000,17500.000,17500.000,224.303,224.690,224.443,224.786,-0.100,-0.052
2017-03-07 14:31:00,224.410,224.553,4715.000,256.000,224.25,224.35,2500.000,5000.000,224.45,224.60,917.000,164.000,224.20,224.40,5000.000,2500.000,224.40,224.65,10887.000,1708.000,17500.000,20000.000,224.168,224.527,224.343,224.762,-0.225,-0.026
2017-03-07 14:32:00,224.781,224.821,375.000,30.000,224.55,224.70,2500.000,2500.000,224.75,224.90,7041.000,83.000,224.50,224.75,5000.000,2500.000,224.70,224.95,16729.000,1934.000,25000.000,22500.000,224.426,224.844,224.585,225.033,-0.200,0.005
2017-03-07 14:33:00,224.685,224.776,1539.000,385.000,224.60,224.65,2500.000,12500.000,224.70,224.85,4933.000,139.000,224.55,224.70,5000.000,5000.000,224.65,224.90,12422.000,2953.000,25000.000,32500.000,224.514,224.781,224.565,224.935,-0.150,0.022
2017-03-07 14:34:00,224.629,224.600,4527.000,946.000,224.45,224.60,2500.000,2500.000,224.55,224.65,60.000,892.000,224.40,224.65,12500.000,5000.000,224.50,224.70,20446.000,5526.000,25000.000,20000.000,224.343,224.709,224.465,224.769,-0.075,0.020
2017-03-07 14:35:00,224.628,224.640,3905.000,634.000,224.45,224.60,2500.000,2500.000,224.55,224.65,540.000,902.000,224.40,224.65,20000.000,5000.000,224.50,224.75,19313.000,5309.000,32500.000,20000.000,224.341,224.718,224.458,224.800,-0.075,0.011
2017-03-07 14:36:00,224.659,224.674,2613.000,109.000,224.50,224.60,2500.000,2500.000,224.60,224.75,1175.000,23.000,224.45,224.65,7500.000,7500.000,224.55,224.80,16563.000,2691.000,30000.000,27500.000,224.388,224.770,224.500,224.845,-0.125,0.007
2017-03-07 14:37:00,224.708,224.595,100.000,987.000,224.55,224.65,2500.000,2500.000,224.55,224.65,195.000,1107.000,224.50,224.70,20000.000,5000.000,224.50,224.70,12020.000,5364.000,32500.000,22500.000,224.383,224.737,224.458,224.772,0.000,0.006
2017-03-07 14:38:00,224.601,224.607,100.000,203.000,224.50,224.55,32500.000,7500.000,224.50,224.65,4236.000,101.000,224.45,224.60,2500.000,5000.000,224.45,224.70,14441.000,3916.000,50000.000,22500.000,224.380,224.702,224.433,224.733,-0.050,0.010
2017-03-07 14:39:00,224.609,224.587,829.000,766.000,224.45,224.50,32500.000,5000.000,224.50,224.65,2021.000,245.000,224.40,224.55,2500.000,5000.000,224.45,224.70,17966.000,4252.000,50000.000,27500.000,224.313,224.674,224.433,224.791,-0.100,-0.013
2017-03-07 14:40:00,224.517,224.577,2021.000,11.000,224.40,224.45,32500.000,2500.000,224.50,224.60,5153.000,710.000,224.35,224.50,2500.000,5000.000,224.45,224.65,18077.000,2389.000,45000.000,15000.000,224.301,224.578,224.467,224.692,-0.125,-0.009
2017-03-07 14:41:00,224.531,224.567,3887.000,346.000,224.40,224.45,30000.000,2500.000,224.50,224.60,7745.000,364.000,224.35,224.50,5000.000,5000.000,224.45,224.65,22738.000,2843.000,42500.000,17500.000,224.313,224.600,224.468,224.693,-0.125,-0.002
2017-03-07 14:42:00,224.782,224.671,692.000,789.000,224.55,224.75,2500.000,5000.000,224.65,224.85,2594.000,518.000,224.50,224.80,2500.000,7500.000,224.60,224.90,12215.000,4045.000,25000.000,45000.000,224.400,224.872,224.520,225.000,-0.100,-0.020
2017-03-07 14:43:00,224.682,224.670,189.000,100.000,224.50,224.65,2500.000,7500.000,224.60,224.80,364.000,558.000,224.45,224.70,5000.000,5000.000,224.55,224.85,10333.000,3389.000,32500.000,35000.000,224.365,224.781,224.458,224.911,-0.125,-0.006
2017-03-07 14:44:00,224.680,224.771,719.000,745.000,224.50,224.65,2500.000,2500.000,224.70,224.80,656.000,229.000,224.45,224.70,5000.000,5000.000,224.65,224.85,13217.000,4405.000,35000.000,30000.000,224.373,224.758,224.557,224.929,-0.175,0.010
2017-03-07 14:45:00,224.831,224.873,1037.000,267.000,224.80,224.85,12500.000,7500.000,224.85,225.00,100.000,350.000,224.75,224.90,5000.000,2500.000,224.80,225.05,7374.000,4945.000,25000.000,35000.000,224.699,224.999,224.785,225.093,-0.100,0.025
2017-03-07 14:46:00,225.284,225.285,163.000,60.000,225.25,225.30,5000.000,22500.000,225.25,225.40,100.000,304.000,225.20,225.35,5000.000,2500.000,225.20,225.45,7251.000,5633.000,22500.000,37500.000,225.108,225.468,225.083,225.453,-0.050,0.019
2017-03-07 14:47:00,225.011,224.986,2812.000,162.000,224.85,225.00,2500.000,7500.000,224.95,225.10,3438.000,402.000,224.80,225.05,5000.000,10000.000,224.90,225.15,12065.000,2920.000,20000.000,35000.000,224.768,225.135,224.825,225.179,-0.100,0.010
2017-03-07 14:48:00,224.974,224.894,96.000,1320.000,224.85,224.95,7500.000,10000.000,224.85,225.05,1475.000,1076.000,224.80,225.00,2500.000,10000.000,224.80,225.10,8240.000,4134.000,20000.000,40000.000,224.725,225.028,224.769,225.131,-0.050,-0.022
2017-03-07 14:49:00,225.007,225.018,2585.000,623.000,224.90,225.00,5000.000,5000.000,224.95,225.10,2777.000,124.000,224.85,225.05,5000.000,5000.000,224.90,225.15,10379.000,2704.000,25000.000,25000.000,224.832,225.128,224.810,225.195,-0.075,-0.037
2017-03-07 14:50:00,225.017,224.984,2007.000,519.000,224.90,225.00,5000.000,7500.000,224.90,225.10,465.000,431.000,224.85,225.05,2500.000,2500.000,224.85,225.15,8904.000,2907.000,22500.000,25000.000,224.805,225.123,224.761,225.185,-0.050,-0.046
2017-03-07 14:51:00,225.017,225.050,4094.000,677.000,224.90,225.00,2500.000,2500.000,225.00,225.10,3484.000,127.000,224.85,225.05,12500.000,2500.000,224.95,225.15,13163.000,2893.000,30000.000,25000.000,224.829,225.128,224.883,225.210,-0.100,-0.072
2017-03-07 14:52:00,225.019,225.036,1799.000,619.000,224.90,225.00,2500.000,2500.000,224.95,225.10,2601.000,124.000,224.85,225.05,5000.000,2500.000,224.90,225.15,11627.000,3171.000,22500.000,22500.000,224.811,225.137,224.822,225.206,-0.075,-0.080
2017-03-07 14:53:00,224.948,225.029,2966.000,1544.000,224.85,225.00,5000.000,2500.000,224.95,225.10,2500.000,382.000,224.80,225.05,2500.000,10000.000,224.90,225.15,7397.000,4310.000,22500.000,30000.000,224.791,225.093,224.811,225.229,-0.100,-0.087
2017-03-07 14:54:00,224.742,224.832,2512.000,1112.000,224.60,224.70,5000.000,7500.000,224.70,224.85,4079.000,61.000,224.55,224.75,5000.000,10000.000,224.65,224.90,11512.000,2021.000,37500.000,32500.000,224.521,224.769,224.563,224.942,-0.125,-0.079
2017-03-07 14:55:00,224.670,224.680,175.000,401.000,224.55,224.60,2500.000,5000.000,224.55,224.70,1372.000,238.000,224.50,224.65,25000.000,2500.000,224.50,224.75,13539.000,4570.000,47500.000,22500.000,224.395,224.734,224.458,224.806,-0.050,-0.075
2017-03-07 14:56:00,224.746,224.910,2947.000,418.000,224.60,224.70,10000.000,7500.000,224.70,224.90,2888.000,58.000,224.55,224.75,7500.000,2500.000,224.65,224.95,10695.000,2021.000,55000.000,20000.000,224.523,224.875,224.582,224.988,-0.150,-0.030
2017-03-07 14:57:00,224.738,224.795,88.000,869.000,224.60,224.70,5000.000,5000.000,224.65,224.80,2101.000,201.000,224.55,224.75,10000.000,5000.000,224.60,224.85,9240.000,2944.000,50000.000,25000.000,224.487,224.796,224.540,224.885,-0.075,0.004
2017-03-07 14:58:00,224.717,224.830,1783.000,190.000,224.60,224.70,2500.000,5000.000,224.70,224.80,2836.000,83.000,224.55,224.75,5000.000,2500.000,224.65,224.85,9399.000,2688.000,50000.000,25000.000,224.511,224.832,224.558,224.895,-0.100,0.001
2017-03-07 14:59:00,224.680,224.728,457.000,189.000,224.60,224.70,5000.000,7500.000,224.65,224.75,1553.000,422.000,224.55,224.75,10000.000,5000.000,224.60,224.80,8951.000,5082.000,42500.000,30000.000,224.490,224.850,224.547,224.850,-0.050,-0.020
2017-03-07 15:00:00,224.888,224.879,206.000,441.000,224.80,224.85,2500.000,2500.000,224.85,225.00,1280.000,200.000,224.75,224.95,5000.000,5000.000,224.80,225.05,6527.000,3986.000,20000.000,27500.000,224.687,225.009,224.756,225.127,-0.100,-0.032
2017-03-07 15:01:00,225.017,224.958,227.000,151.000,224.95,225.00,2500.000,5000.000,224.95,225.10,3724.000,561.000,224.85,225.05,7500.000,7500.000,224.90,225.15,10582.000,3435.000,17500.000,32500.000,224.802,225.138,224.843,225.192,-0.050,-0.074
2017-03-07 15:02:00,224.937,224.824,871.000,1074.000,224.85,224.95,5000.000,10000.000,224.85,224.90,120.000,2883.000,224.80,225.00,2500.000,12500.000,224.80,225.05,8916.000,7908.000,15000.000,52500.000,224.721,225.023,224.767,225.119,0.025,-0.117
2017-03-07 15:03:00,224.801,224.931,360.000,580.000,224.70,224.80,5000.000,5000.000,224.75,224.90,126.000,182.000,224.65,224.85,10000.000,7500.000,224.70,224.95,7873.000,4297.000,67500.000,30000.000,224.566,224.943,224.594,225.000,-0.075,-0.094
2017-03-07 15:04:00,224.694,224.845,2127.000,268.000,224.60,224.65,2500.000,2500.000,224.70,224.80,2792.000,60.000,224.55,224.70,10000.000,5000.000,224.65,224.85,9721.000,1700.000,50000.000,22500.000,224.516,224.787,224.567,224.906,-0.125,-0.077
2017-03-07 15:05:00,224.800,224.853,86.000,213.000,224.65,224.75,7500.000,5000.000,224.70,224.85,3474.000,290.000,224.60,224.80,10000.000,10000.000,224.65,224.90,10415.000,2347.000,50000.000,25000.000,224.538,224.873,224.577,224.935,-0.075,-0.086
2017-03-07 15:06:00,224.704,224.852,2287.000,7.000,224.60,224.65,7500.000,2500.000,224.70,224.85,2831.000,58.000,224.55,224.70,10000.000,10000.000,224.65,224.90,10159.000,1176.000,50000.000,25000.000,224.515,224.816,224.577,224.940,-0.150,-0.066
2017-03-07 15:07:00,224.715,224.817,2862.000,637.000,224.60,224.65,2500.000,7500.000,224.70,224.80,2726.000,136.000,224.55,224.70,12500.000,7500.000,224.65,224.85,13343.000,3307.000,52500.000,30000.000,224.509,224.796,224.571,224.879,-0.125,-0.054
2017-03-07 15:08:00,224.800,224.815,2266.000,139.000,224.65,224.70,2500.000,2500.000,224.75,224.85,5338.000,160.000,224.60,224.80,15000.000,10000.000,224.70,224.90,15158.000,2349.000,37500.000,27500.000,224.549,224.882,224.660,224.955,-0.125,-0.053
2017-03-07 15:09:00,224.789,224.858,414.000,54.000,224.75,224.80,2500.000,2500.000,224.75,224.90,160.000,250.000,224.65,224.85,15000.000,10000.000,224.70,224.95,10336.000,5616.000,37500.000,25000.000,224.571,224.971,224.653,225.000,-0.050,-0.045
2017-03-07 15:10:00,224.749,224.847,2916.000,100.000,224.60,224.70,10000.000,2500.000,224.70,224.85,2965.000,66.000,224.55,224.75,10000.000,7500.000,224.65,224.90,12764.000,1484.000,52500.000,25000.000,224.518,224.838,224.583,224.955,-0.125,-0.028
2017-03-07 15:11:00,224.828,224.875,1732.000,119.000,224.70,224.75,5000.000,7500.000,224.75,224.90,335.000,39.000,224.65,224.80,12500.000,2500.000,224.70,224.95,10815.000,1832.000,37500.000,22500.000,224.575,224.896,224.657,224.989,-0.100,-0.026
2017-03-07 15:12:00,224.885,224.927,24.000,189.000,224.80,224.85,5000.000,15000.000,224.85,225.00,736.000,701.000,224.75,224.90,15000.000,5000.000,224.80,225.05,4769.000,2895.000,35000.000,35000.000,224.638,224.975,224.771,225.075,-0.100,-0.034
2017-03-07 15:13:00,224.791,224.802,1871.000,396.000,224.65,224.75,2500.000,2500.000,224.75,224.85,1524.000,141.000,224.60,224.80,10000.000,7500.000,224.70,224.90,10095.000,3100.000,35000.000,32500.000,224.527,224.875,224.650,224.958,-0.100,-0.044
2017-03-07 15:14:00,224.790,224.820,685.000,148.000,224.70,224.80,7500.000,7500.000,224.75,224.90,1639.000,103.000,224.65,224.85,7500.000,5000.000,224.70,224.95,9189.000,4653.000,35000.000,35000.000,224.578,224.970,224.661,225.000,-0.075,-0.038
2017-03-07 15:15:00,224.800,224.810,109.000,235.000,224.75,224.80,10000.000,2500.000,224.75,224.90,500.000,122.000,224.70,224.85,7500.000,7500.000,224.70,224.95,7385.000,4809.000,32500.000,32500.000,224.609,224.965,224.669,225.012,-0.050,-0.047
2017-03-07 15:16:00,224.810,224.850,331.000,76.000,224.70,224.75,10000.000,5000.000,224.70,224.85,1708.000,103.000,224.65,224.80,7500.000,10000.000,224.65,224.90,8587.000,2165.000,57500.000,32500.000,224.572,224.907,224.561,224.946,-0.050,-0.036
2017-03-07 15:17:00,224.781,224.864,170.000,211.000,224.70,224.75,5000.000,5000.000,224.70,224.85,1060.000,173.000,224.65,224.80,12500.000,7500.000,224.65,224.90,4933.000,2066.000,55000.000,27500.000,224.573,224.899,224.559,224.941,-0.050,-0.009
2017-03-07 15:18:00,224.729,224.789,1053.000,842.000,224.60,224.70,2500.000,7500.000,224.70,224.80,125.000,855.000,224.55,224.75,5000.000,12500.000,224.65,224.85,7478.000,3287.000,50000.000,45000.000,224.478,224.783,224.548,224.892,-0.100,0.006
2017-03-07 15:19:00,224.757,224.751,116.000,151.000,224.65,224.70,12500.000,2500.000,224.65,224.80,3369.000,180.000,224.55,224.75,7500.000,10000.000,224.60,224.85,12499.000,2330.000,55000.000,37500.000,224.490,224.835,224.548,224.920,-0.050,-0.031
2017-03-07 15:20:00,224.724,224.781,3695.000,96.000,224.55,224.65,5000.000,5000.000,224.70,224.75,2558.000,159.000,224.50,224.70,2500.000,5000.000,224.65,224.80,18405.000,2234.000,50000.000,30000.000,224.438,224.792,224.548,224.871,-0.125,0.003
2017-03-07 15:21:00,224.774,224.760,2678.000,90.000,224.75,224.80,5000.000,2500.000,224.75,224.85,504.000,19.000,224.70,224.85,2500.000,5000.000,224.70,224.90,11122.000,7884.000,20000.000,30000.000,224.627,224.985,224.650,224.967,-0.025,0.029
2017-03-07 15:22:00,225.078,225.024,3658.000,363.000,225.05,225.10,2500.000,2500.000,225.00,225.10,364.000,19.000,224.95,225.15,7500.000,10000.000,224.95,225.20,8932.000,4661.000,17500.000,30000.000,224.930,225.243,224.914,225.242,0.025,0.024
2017-03-07 15:23:00,224.959,224.943,425.000,894.000,224.95,225.00,12500.000,12500.000,224.90,225.10,585.000,1277.000,224.80,225.05,2500.000,10000.000,224.85,225.15,5804.000,4388.000,25000.000,45000.000,224.755,225.084,224.815,225.175,-0.025,0.034
2017-03-07 15:24:00,224.784,224.967,253.000,23.000,224.80,224.85,2500.000,5000.000,224.90,225.05,889.000,50.000,224.75,224.90,10000.000,7500.000,224.85,225.10,1715.000,2213.000,30000.000,37500.000,224.713,224.985,224.783,225.143,-0.150,0.082
2017-03-07 15:25:00,224.966,224.854,1162.000,152.000,224.95,225.00,2500.000,5000.000,224.85,225.00,1187.000,214.000,224.85,225.05,10000.000,5000.000,224.80,225.05,5352.000,3831.000,22500.000,40000.000,224.792,225.149,224.756,225.131,0.050,-0.050
2017-03-07 15:26:00,224.979,224.834,2369.000,627.000,224.95,225.00,7500.000,2500.000,224.80,224.90,1202.000,2495.000,224.80,225.05,7500.000,7500.000,224.75,224.95,7282.000,3947.000,30000.000,32500.000,224.778,225.070,224.704,225.015,0.125,-0.050
2017-03-07 15:27:00,224.932,224.902,182.000,152.000,224.95,225.00,5000.000,12500.000,224.85,225.00,13.000,110.000,224.85,225.05,10000.000,7500.000,224.80,225.05,3560.000,4535.000,35000.000,47500.000,224.730,225.158,224.743,225.100,0.050,-0.050
2017-03-07 15:28:00,224.849,224.785,14.000,113.000,224.70,224.85,2500.000,7500.000,224.75,224.85,2032.000,290.000,224.65,224.90,5000.000,2500.000,224.70,224.90,5297.000,1826.000,27500.000,32500.000,224.567,224.960,224.641,224.962,-0.025,-0.050
2017-03-07 15:29:00,224.931,224.871,1312.000,119.000,224.90,224.95,2500.000,5000.000,224.65,224.80,300.000,210.000,224.85,225.00,10000.000,5000.000,224.60,224.85,1721.000,544.000,130000.000,25000.000,224.877,225.021,224.512,224.910,0.200,-0.050
2017-03-07 15:30:00,224.890,225.443,100.000,96.000,224.85,224.90,2500.000,7500.000,224.75,225.20,100.000,500.000,224.80,225.10,2500.000,2500.000,224.70,225.30,900.000,1355.000,115000.000,20000.000,224.630,225.159,224.517,225.363,-0.100,-0.050
2017-03-08 09:16:00,225.278,225.237,486.000,3.000,225.10,225.30,2500.000,7500.000,225.25,225.40,180.000,429.000,225.05,225.35,2500.000,2500.000,225.20,225.45,5721.000,2651.000,12500.000,25000.000,224.972,225.443,225.030,225.650,-0.125,-0.002
2017-03-08 09:17:00,225.222,225.311,2175.000,401.000,225.00,225.20,5000.000,5000.000,225.15,225.40,177.000,290.000,224.95,225.25,2500.000,2500.000,225.05,225.45,9161.000,2432.000,20000.000,15000.000,224.888,225.315,224.975,225.492,-0.175,0.027
2017-03-08 09:18:00,225.262,225.412,2469.000,3.000,225.10,225.15,5000.000,2500.000,225.25,225.50,680.000,3.000,225.05,225.20,2500.000,5000.000,225.20,225.75,12951.000,1100.000,15000.000,17500.000,225.000,225.338,225.167,225.771,-0.250,0.077
2017-03-08 09:19:00,225.375,225.285,104.000,765.000,225.30,225.35,2500.000,2500.000,225.25,225.45,35.000,639.000,225.20,225.40,2500.000,2500.000,225.15,225.55,7833.000,5202.000,15000.000,17500.000,225.010,225.472,225.000,225.643,-0.025,0.065
2017-03-08 09:20:00,225.196,225.137,593.000,7.000,225.05,225.10,2500.000,2500.000,225.10,225.25,7620.000,300.000,225.00,225.20,2500.000,7500.000,225.05,225.35,14806.000,2338.000,15000.000,22500.000,224.954,225.308,224.925,225.428,-0.100,0.054
2017-03-08 09:21:00,225.514,225.436,599.000,72.000,225.35,225.50,2500.000,2500.000,225.40,225.60,1287.000,272.000,225.30,225.55,5000.000,7500.000,225.30,225.65,10686.000,4005.000,15000.000,20000.000,225.219,225.649,225.242,225.688,-0.075,0.046
2017-03-08 09:22:00,225.552,225.493,199.000,103.000,225.40,225.50,7500.000,2500.000,225.40,225.60,382.000,222.000,225.35,225.55,2500.000,2500.000,225.35,225.70,10042.000,2650.000,20000.000,17500.000,225.268,225.651,225.269,225.750,-0.050,0.061
2017-03-08 09:23:00,225.647,225.546,1807.000,586.000,225.40,225.70,2500.000,2500.000,225.45,225.70,2746.000,375.000,225.35,225.75,2500.000,2500.000,225.30,225.75,15615.000,6704.000,17500.000,15000.000,225.285,225.845,225.214,225.817,-0.025,0.054
2017-03-08 09:24:00,225.482,225.453,1711.000,195.000,225.40,225.50,5000.000,2500.000,225.40,225.60,1663.000,436.000,225.35,225.60,2500.000,5000.000,225.30,225.65,10241.000,6393.000,17500.000,20000.000,225.301,225.719,225.243,225.700,-0.050,0.070
2017-03-08 09:25:00,225.699,225.695,158.000,203.000,225.55,225.60,7500.000,2500.000,225.65,225.80,4526.000,200.000,225.50,225.70,2500.000,5000.000,225.60,225.85,12372.000,3259.000,25000.000,25000.000,225.450,225.850,225.565,225.925,-0.150,0.086
2017-03-08 09:26:00,225.341,225.304,476.000,429.000,225.15,225.35,2500.000,2500.000,225.20,225.40,647.000,282.000,225.10,225.40,2500.000,2500.000,225.15,225.45,15143.000,6659.000,17500.000,17500.000,225.012,225.493,225.021,225.500,-0.050,0.092
2017-03-08 09:27:00,225.408,225.277,721.000,110.000,225.20,225.40,2500.000,5000.000,225.15,225.40,378.000,304.000,225.15,225.45,2500.000,5000.000,225.10,225.50,12744.000,6126.000,17500.000,20000.000,225.030,225.529,225.000,225.531,0.025,0.084
2017-03-08 09:28:00,225.301,225.234,5025.000,16.000,225.20,225.25,5000.000,2500.000,225.15,225.30,485.000,1152.000,225.15,225.40,2500.000,2500.000,225.05,225.40,18597.000,10572.000,22500.000,17500.000,225.074,225.509,224.978,225.464,-0.000,0.072
2017-03-08 09:29:00,225.328,225.217,4897.000,571.000,225.25,225.40,2500.000,2500.000,225.15,225.30,2064.000,521.000,225.20,225.45,5000.000,2500.000,225.10,225.35,11868.000,9176.000,17500.000,20000.000,225.169,225.519,225.043,225.500,0.100,0.083
2017-03-08 09:30:00,225.782,225.700,3.000,115.000,225.75,225.80,5000.000,2500.000,225.60,225.85,2125.000,304.000,225.70,225.85,5000.000,5000.000,225.55,225.90,7782.000,5924.000,20000.000,22500.000,225.629,225.951,225.506,225.967,0.050,0.063
2017-03-08 09:31:00,225.782,225.715,982.000,551.000,225.70,225.90,7500.000,2500.000,225.60,225.80,492.000,2725.000,225.65,225.95,2500.000,2500.000,225.55,225.90,9754.000,11713.000,22500.000,20000.000,225.590,226.007,225.506,225.956,0.100,0.044
2017-03-08 09:32:00,225.249,225.156,915.000,875.000,225.20,225.25,5000.000,2500.000,225.10,225.25,100.000,110.000,225.15,225.30,10000.000,7500.000,225.00,225.30,7780.000,6497.000,25000.000,20000.000,225.047,225.386,224.975,225.344,0.050,0.036
2017-03-08 09:33:00,224.973,224.967,5670.000,392.000,225.00,225.05,5000.000,2500.000,224.90,225.10,68.000,1247.000,224.95,225.10,2500.000,2500.000,224.85,225.15,7379.000,7217.000,20000.000,25000.000,224.961,225.197,224.800,225.220,0.025,0.040
2017-03-08 09:34:00,225.352,225.185,467.000,7.000,225.20,225.25,2500.000,2500.000,225.20,225.35,168.000,486.000,225.15,225.35,2500.000,5000.000,225.10,225.40,16170.000,5777.000,15000.000,27500.000,225.029,225.475,225.042,225.500,-0.050,0.011
2017-03-08 09:35:00,225.261,225.279,2876.000,10.000,225.10,225.20,2500.000,2500.000,225.25,225.40,3739.000,203.000,225.05,225.25,2500.000,5000.000,225.20,225.45,19964.000,1323.000,12500.000,22500.000,225.019,225.351,225.150,225.494,-0.175,0.015
2017-03-08 09:36:00,225.295,225.325,277.000,112.000,225.40,225.45,2500.000,7500.000,225.25,225.50,221.000,652.000,225.35,225.50,2500.000,2500.000,225.20,225.60,1482.000,6251.000,15000.000,30000.000,225.289,225.618,225.142,225.675,0.050,0.068
2017-03-08 09:37:00,225.592,225.537,160.000,1.000,225.55,225.65,2500.000,7500.000,225.45,225.75,288.000,465.000,225.50,225.70,5000.000,7500.000,225.40,225.80,2517.000,2685.000,20000.000,30000.000,225.416,225.788,225.312,225.850,0.000,0.113
2017-03-08 09:38:00,225.732,225.702,731.000,245.000,225.55,225.70,2500.000,5000.000,225.65,225.80,4838.000,1275.000,225.50,225.75,2500.000,2500.000,225.60,225.85,15760.000,3839.000,25000.000,25000.000,225.447,225.811,225.430,225.915,-0.100,0.140
2017-03-08 09:39:00,225.723,225.702,1706.000,50.000,225.65,225.70,2500.000,2500.000,225.65,225.80,389.000,1916.000,225.60,225.75,2500.000,2500.000,225.60,225.85,10388.000,6643.000,25000.000,25000.000,225.506,225.815,225.485,225.930,-0.050,0.158
2017-03-08 09:40:00,226.354,226.353,10.000,304.000,226.40,226.50,5000.000,2500.000,226.25,226.40,1529.000,3488.000,226.30,226.55,5000.000,12500.000,226.20,226.50,3936.000,9394.000,22500.000,25000.000,226.228,226.610,226.150,226.555,0.125,0.186
2017-03-08 09:41:00,227.118,226.882,1104.000,104.000,227.05,227.15,2500.000,5000.000,226.90,226.95,2792.000,9.000,227.00,227.20,10000.000,7500.000,226.75,227.00,6571.000,3218.000,25000.000,30000.000,226.965,227.320,226.710,227.125,0.175,0.163
2017-03-08 09:42:00,227.207,226.932,472.000,494.000,227.10,227.20,2500.000,2500.000,226.80,227.00,354.000,110.000,227.05,227.30,12500.000,2500.000,226.75,227.05,6200.000,4299.000,25000.000,17500.000,226.979,227.367,226.710,227.157,0.250,0.118
2017-03-08 09:43:00,226.607,226.442,294.000,1205.000,226.55,226.75,5000.000,7500.000,226.30,226.60,1146.000,310.000,226.50,226.80,5000.000,2500.000,226.25,226.65,3934.000,5330.000,22500.000,25000.000,226.433,226.885,226.194,226.695,0.200,0.117
2017-03-08 09:44:00,226.497,226.383,649.000,2400.000,226.40,226.50,5000.000,5000.000,226.20,226.45,697.000,122.000,226.35,226.55,5000.000,5000.000,226.15,226.50,4677.000,3883.000,32500.000,20000.000,226.274,226.558,226.096,226.544,0.125,0.103
2017-03-08 09:45:00,226.514,226.371,659.000,50.000,226.35,226.40,2500.000,5000.000,226.30,226.40,357.000,936.000,226.30,226.50,2500.000,2500.000,226.25,226.45,9776.000,2635.000,20000.000,22500.000,226.207,226.568,226.169,226.517,0.025,0.108
2017-03-08 09:46:00,226.132,226.015,58.000,7.000,226.10,226.15,7500.000,2500.000,226.00,226.05,600.000,827.000,226.05,226.20,2500.000,2500.000,225.90,226.10,5332.000,5064.000,17500.000,15000.000,225.970,226.273,225.886,226.250,0.100,0.132
2017-03-08 09:47:00,226.421,226.367,627.000,111.000,226.40,226.45,2500.000,5000.000,226.15,226.40,636.000,70.000,226.35,226.50,7500.000,7500.000,226.10,226.50,2393.000,1709.000,35000.000,22500.000,226.315,226.589,226.036,226.522,0.150,0.170
2017-03-08 09:48:00,226.620,226.463,191.000,71.000,226.45,226.50,2500.000,5000.000,226.40,226.50,739.000,412.000,226.40,226.55,2500.000,2500.000,226.35,226.60,10739.000,2777.000,20000.000,20000.000,226.290,226.706,226.244,226.644,0.025,0.161
2017-03-08 09:49:00,226.429,226.383,683.000,53.000,226.35,226.40,2500.000,5000.000,226.25,226.45,27.000,122.000,226.30,226.50,5000.000,7500.000,226.15,226.50,6759.000,4176.000,25000.000,20000.000,226.151,226.598,226.090,226.531,0.025,0.165
2017-03-08 09:50:00,226.738,226.571,63.000,649.000,226.55,226.75,2500.000,2500.000,226.50,226.70,431.000,689.000,226.50,226.80,5000.000,5000.000,226.40,226.75,5454.000,3223.000,17500.000,17500.000,226.387,226.858,226.343,226.800,0.050,0.145
2017-03-08 09:51:00,226.711,226.472,414.000,440.000,226.45,226.65,2500.000,2500.000,226.40,226.60,534.000,395.000,226.40,226.70,2500.000,5000.000,226.35,226.65,12515.000,3155.000,17500.000,22500.000,226.293,226.772,226.286,226.706,0.050,0.088
2017-03-08 09:52:00,226.860,226.621,126.000,123.000,226.70,226.75,2500.000,2500.000,226.60,226.70,486.000,80.000,226.60,226.80,2500.000,2500.000,226.50,226.75,8287.000,1334.000,15000.000,15000.000,226.487,226.876,226.433,226.808,0.075,0.028
2017-03-08 09:53:00,227.057,226.942,35.000,3655.000,226.90,227.00,7500.000,2500.000,226.95,227.10,428.000,100.000,226.85,227.05,5000.000,5000.000,226.85,227.15,10509.000,4768.000,20000.000,27500.000,226.754,227.038,226.850,227.227,-0.075,0.010
2017-03-08 09:54:00,227.027,226.961,100.000,90.000,226.90,226.95,10000.000,2500.000,226.90,227.10,679.000,1103.000,226.85,227.00,2500.000,5000.000,226.85,227.15,8107.000,1783.000,22500.000,25000.000,226.776,227.040,226.833,227.225,-0.075,-0.009
2017-03-08 09:55:00,227.033,226.970,229.000,2.000,226.85,226.95,10000.000,5000.000,226.90,227.05,332.000,940.000,226.80,227.00,7500.000,5000.000,226.80,227.10,10363.000,2125.000,35000.000,27500.000,226.708,227.056,226.771,227.159,-0.075,-0.050
2017-03-08 09:56:00,226.965,227.011,2723.000,26.000,226.80,226.85,2500.000,12500.000,226.95,227.10,4139.000,1112.000,226.75,227.00,7500.000,10000.000,226.90,227.15,12909.000,1943.000,30000.000,40000.000,226.725,227.047,226.846,227.184,-0.200,-0.044
2017-03-08 09:57:00,226.928,226.986,91.000,2.000,226.85,226.90,7500.000,2500.000,226.85,227.05,3170.000,2581.000,226.80,226.95,2500.000,5000.000,226.80,227.10,9521.000,4508.000,30000.000,22500.000,226.745,226.986,226.733,227.156,-0.075,-0.061
2017-03-08 09:58:00,226.999,226.975,428.000,2271.000,226.90,226.95,10000.000,2500.000,226.90,227.00,223.000,1431.000,226.85,227.00,10000.000,2500.000,226.85,227.05,10082.000,5477.000,32500.000,17500.000,226.764,227.013,226.827,227.107,-0.025,-0.050
2017-03-08 09:59:00,226.891,226.921,2308.000,1005.000,226.80,226.90,5000.000,2500.000,226.85,226.95,2388.000,735.000,226.75,226.95,5000.000,5000.000,226.75,227.00,13419.000,8602.000,32500.000,20000.000,226.692,226.991,226.696,227.062,-0.050,-0.027
2017-03-08 10:00:00,226.803,226.943,5906.000,9.000,226.70,226.75,5000.000,5000.000,226.85,227.00,1391.000,12.000,226.65,226.80,5000.000,5000.000,226.75,227.05,17404.000,4091.000,30000.000,22500.000,226.608,226.989,226.700,227.089,-0.200,-0.007
2017-03-08 10:01:00,226.838,226.853,836.000,200.000,226.70,226.75,2500.000,5000.000,226.75,226.90,10.000,1000.000,226.65,226.80,2500.000,2500.000,226.70,226.95,10849.000,2893.000,25000.000,20000.000,226.546,226.857,226.645,226.988,-0.100,0.010
2017-03-08 10:02:00,226.791,226.937,3563.000,44.000,226.70,226.80,10000.000,5000.000,226.85,227.05,319.000,150.000,226.65,226.85,2500.000,7500.000,226.80,227.10,14464.000,7022.000,25000.000,22500.000,226.593,226.946,226.745,227.139,-0.200,0.036
2017-03-08 10:03:00,226.756,226.679,15.000,300.000,226.65,226.70,5000.000,12500.000,226.70,226.85,2720.000,60.000,226.60,226.75,7500.000,7500.000,226.60,226.90,11779.000,3612.000,20000.000,32500.000,226.511,226.863,226.525,226.923,-0.100,0.041
2017-03-08 10:04:00,226.533,226.444,50.000,63.000,226.40,226.55,7500.000,2500.000,226.45,226.60,478.000,768.000,226.35,226.60,2500.000,5000.000,226.40,226.65,9023.000,5242.000,20000.000,25000.000,226.244,226.716,226.300,226.750,-0.050,0.030
2017-03-08 10:05:00,226.470,226.513,89.000,421.000,226.40,226.45,2500.000,5000.000,226.40,226.55,501.000,474.000,226.35,226.50,5000.000,7500.000,226.35,226.60,4804.000,2884.000,17500.000,20000.000,226.269,226.564,226.300,226.675,-0.050,0.049
2017-03-08 10:06:00,226.588,226.517,91.000,24.000,226.45,226.50,2500.000,2500.000,226.45,226.60,405.000,19.000,226.35,226.55,5000.000,2500.000,226.40,226.65,8910.000,1704.000,20000.000,17500.000,226.249,226.648,226.344,226.714,-0.050,0.063
2017-03-08 10:07:00,226.433,226.447,144.000,1170.000,226.25,226.40,2500.000,5000.000,226.35,226.50,5547.000,213.000,226.20,226.45,7500.000,5000.000,226.30,226.55,13438.000,3571.000,22500.000,20000.000,226.141,226.503,226.256,226.606,-0.100,0.074
2017-03-08 10:08:00,226.375,226.270,436.000,269.000,226.20,226.30,2500.000,2500.000,226.25,226.40,1124.000,160.000,226.15,226.35,5000.000,2500.000,226.20,226.45,17591.000,4154.000,15000.000,22500.000,226.051,226.441,226.158,226.528,-0.075,0.064
2017-03-08 10:09:00,226.383,226.352,691.000,188.000,226.20,226.30,7500.000,2500.000,226.25,226.45,2226.000,60.000,226.15,226.35,5000.000,7500.000,226.20,226.50,19661.000,3471.000,27500.000,22500.000,226.058,226.450,226.109,226.539,-0.100,0.076
2017-03-08 10:10:00,226.313,226.259,716.000,174.000,226.20,226.30,7500.000,2500.000,226.20,226.30,1330.000,339.000,226.15,226.35,2500.000,2500.000,226.15,226.35,14576.000,7240.000,22500.000,17500.000,226.049,226.465,226.100,226.421,0.000,0.096
2017-03-08 10:11:00,226.448,226.308,98.000,1121.000,226.25,226.40,2500.000,5000.000,226.25,226.45,1018.000,131.000,226.20,226.45,5000.000,7500.000,226.20,226.50,10315.000,3128.000,17500.000,27500.000,226.110,226.506,226.121,226.545,-0.025,0.115
2017-03-08 10:12:00,226.559,226.521,177.000,81.000,226.40,226.45,10000.000,2500.000,226.40,226.60,442.000,150.000,226.35,226.50,10000.000,2500.000,226.35,226.65,7850.000,1002.000,30000.000,17500.000,226.253,226.587,226.338,226.721,-0.075,0.152
2017-03-08 10:13:00,226.480,226.421,627.000,162.000,226.25,226.40,7500.000,2500.000,226.30,226.50,420.000,60.000,226.20,226.45,7500.000,2500.000,226.25,226.55,13797.000,2049.000,27500.000,20000.000,226.115,226.537,226.191,226.637,-0.075,0.163
2017-03-08 10:14:00,226.589,226.500,131.000,412.000,226.45,226.50,5000.000,5000.000,226.50,226.60,267.000,220.000,226.40,226.60,5000.000,2500.000,226.40,226.65,13758.000,5115.000,20000.000,22500.000,226.299,226.708,226.381,226.722,-0.075,0.171
2017-03-08 10:15:00,226.525,226.373,401.000,1.000,226.30,226.40,5000.000,5000.000,226.30,226.50,218.000,807.000,226.25,226.50,7500.000,7500.000,226.25,226.55,10925.000,2060.000,22500.000,27500.000,226.157,226.577,226.200,226.614,-0.050,0.163
2017-03-08 10:16:00,226.346,226.109,251.000,52.000,226.15,226.20,5000.000,2500.000,226.10,226.25,60.000,222.000,226.10,226.25,5000.000,5000.000,226.05,226.30,11850.000,987.000,17500.000,22500.000,225.979,226.306,225.993,226.367,0.000,0.124
2017-03-08 10:17:00,226.473,226.247,500.000,905.000,226.40,226.45,2500.000,5000.000,226.25,226.45,355.000,529.000,226.35,226.50,2500.000,7500.000,226.20,226.50,3897.000,3071.000,17500.000,30000.000,226.258,226.528,226.093,226.546,0.075,0.101
2017-03-08 10:18:00,226.388,226.277,225.000,14.000,226.20,226.25,7500.000,10000.000,226.20,226.35,739.000,866.000,226.15,226.35,10000.000,5000.000,226.15,226.40,17111.000,3872.000,32500.000,32500.000,226.037,226.444,226.108,226.438,-0.050,0.073
2017-03-08 10:19:00,226.641,226.511,495.000,2237.000,226.60,226.70,7500.000,2500.000,226.40,226.50,1744.000,2207.000,226.55,226.75,7500.000,7500.000,226.35,226.55,4906.000,7708.000,47500.000,22500.000,226.481,226.773,226.295,226.589,0.200,0.077
2017-03-08 10:20:00,226.599,226.489,174.000,2963.000,226.60,226.70,7500.000,2500.000,226.35,226.50,364.000,726.000,226.55,226.75,7500.000,7500.000,226.30,226.60,2241.000,7245.000,35000.000,20000.000,226.461,226.775,226.225,226.637,0.225,0.086
2017-03-08 10:21:00,226.458,226.415,324.000,15.000,226.35,226.40,10000.000,2500.000,226.20,226.35,398.000,506.000,226.30,226.45,17500.000,2500.000,226.15,226.45,6607.000,2767.000,65000.000,17500.000,226.215,226.565,226.067,226.493,0.100,0.089
2017-03-08 10:22:00,226.097,225.984,1091.000,648.000,226.05,226.10,22500.000,5000.000,225.95,226.15,2391.000,500.000,226.00,226.15,5000.000,10000.000,225.90,226.20,5811.000,3422.000,37500.000,50000.000,225.957,226.215,225.907,226.273,0.025,0.084
2017-03-08 10:23:00,226.090,226.123,2318.000,100.000,226.00,226.10,2500.000,2500.000,226.15,226.20,1075.000,498.000,225.95,226.15,2500.000,7500.000,226.00,226.25,10969.000,5024.000,20000.000,30000.000,225.907,226.235,225.944,226.325,-0.125,0.114
2017-03-08 10:24:00,226.250,226.097,1453.000,1191.000,226.15,226.20,5000.000,15000.000,226.20,226.30,2154.000,304.000,226.10,226.25,2500.000,15000.000,226.05,226.35,11964.000,4076.000,20000.000,55000.000,226.029,226.308,226.000,226.389,-0.075,0.094
2017-03-08 10:25:00,226.251,226.095,732.000,2927.000,226.25,226.30,2500.000,2500.000,226.20,226.30,1419.000,2699.000,226.15,226.35,2500.000,5000.000,226.10,226.35,11275.000,13959.000,15000.000,40000.000,226.067,226.408,226.042,226.434,0.025,0.083
2017-03-08 10:26:00,226.376,226.322,170.000,125.000,226.20,226.30,2500.000,2500.000,226.25,226.40,956.000,540.000,226.15,226.35,7500.000,7500.000,226.20,226.45,15407.000,3541.000,27500.000,30000.000,226.052,226.438,226.145,226.496,-0.075,0.092
2017-03-08 10:27:00,226.284,226.194,50.000,60.000,226.15,226.30,2500.000,2500.000,226.20,226.40,376.000,209.000,226.10,226.35,2500.000,10000.000,226.15,226.45,12844.000,6699.000,12500.000,32500.000,226.011,226.463,226.070,226.500,-0.075,0.086
2017-03-08 10:28:00,226.232,226.118,4.000,448.000,226.10,226.25,5000.000,7500.000,226.10,226.35,2555.000,1110.000,226.05,226.30,2500.000,5000.000,226.05,226.40,10335.000,6009.000,15000.000,35000.000,225.974,226.365,226.000,226.457,-0.050,0.073
2017-03-08 10:29:00,226.141,226.084,247.000,677.000,226.00,226.15,2500.000,2500.000,226.00,226.20,2424.000,356.000,225.95,226.20,5000.000,7500.000,225.95,226.25,9640.000,4770.000,17500.000,22500.000,225.873,226.283,225.893,226.306,-0.025,0.064
2017-03-08 10:30:00,226.195,226.094,62.000,472.000,226.10,226.20,2500.000,7500.000,226.05,226.20,243.000,389.000,226.05,226.25,2500.000,7500.000,226.00,226.25,8882.000,6864.000,15000.000,25000.000,225.923,226.341,225.950,226.280,0.025,0.034
2017-03-08 10:31:00,226.264,226.170,346.000,702.000,226.10,226.30,10000.000,2500.000,226.10,226.35,2799.000,1111.000,226.05,226.35,7500.000,5000.000,226.05,226.40,10067.000,5330.000,25000.000,32500.000,225.990,226.411,226.040,226.477,-0.025,0.013
2017-03-08 10:32:00,226.228,226.168,158.000,23.000,226.10,226.20,7500.000,7500.000,226.10,226.35,2913.000,1482.000,226.05,226.30,7500.000,5000.000,226.05,226.40,9997.000,5126.000,25000.000,37500.000,225.988,226.381,226.030,226.460,-0.075,0.022
2017-03-08 10:33:00,226.274,226.224,2451.000,50.000,226.15,226.25,5000.000,2500.000,226.15,226.35,447.000,638.000,226.10,226.30,5000.000,2500.000,226.10,226.40,11418.000,3989.000,25000.000,27500.000,226.032,226.393,226.045,226.468,-0.050,0.040
2017-03-08 10:34:00,226.300,226.285,209.000,105.000,226.20,226.25,15000.000,2500.000,226.20,226.40,1017.000,490.000,226.15,226.30,2500.000,7500.000,226.15,226.45,8444.000,3319.000,30000.000,30000.000,226.054,226.394,226.129,226.500,-0.075,0.077
2017-03-08 10:35:00,225.849,225.896,825.000,106.000,225.80,225.85,2500.000,2500.000,225.85,225.95,73.000,542.000,225.75,225.90,5000.000,2500.000,225.80,226.00,6278.000,5605.000,15000.000,15000.000,225.637,225.985,225.750,226.075,-0.075,0.093
2017-03-08 10:36:00,226.202,226.213,475.000,16.000,226.10,226.25,17500.000,10000.000,226.10,226.30,2048.000,552.000,226.05,226.30,5000.000,7500.000,226.05,226.35,10912.000,7399.000,50000.000,40000.000,225.968,226.414,226.012,226.406,-0.025,0.092
2017-03-08 10:37:00,226.456,226.354,500.000,323.000,226.40,226.50,5000.000,2500.000,226.25,226.40,594.000,2919.000,226.35,226.55,15000.000,5000.000,226.20,226.45,6174.000,6972.000,37500.000,27500.000,226.272,226.595,226.163,226.514,0.125,0.061
2017-03-08 10:38:00,226.236,226.098,200.000,392.000,226.20,226.25,5000.000,12500.000,226.00,226.15,208.000,404.000,226.15,226.35,5000.000,20000.000,225.95,226.20,5676.000,7454.000,32500.000,40000.000,226.033,226.436,225.900,226.213,0.150,0.032
2017-03-08 10:39:00,226.301,226.100,876.000,798.000,226.20,226.25,2500.000,5000.000,226.05,226.15,2475.000,10.000,226.15,226.35,5000.000,2500.000,226.00,226.20,10372.000,5064.000,15000.000,17500.000,226.083,226.420,225.958,226.250,0.125,-0.010
2017-03-08 10:40:00,226.272,226.240,3.000,157.000,226.20,226.35,2500.000,5000.000,226.05,226.20,111.000,546.000,226.15,226.40,7500.000,10000.000,226.00,226.25,5408.000,6459.000,42500.000,22500.000,226.026,226.489,225.906,226.283,0.150,-0.006
2017-03-08 10:41:00,225.974,225.988,148.000,1.000,225.80,225.85,7500.000,2500.000,225.90,226.05,2980.000,827.000,225.75,225.95,2500.000,7500.000,225.85,226.10,11448.000,2311.000,32500.000,27500.000,225.667,226.014,225.800,226.155,-0.150,0.013
2017-03-08 10:42:00,226.120,226.172,389.000,60.000,226.05,226.15,2500.000,5000.000,226.05,226.25,100.000,526.000,226.00,226.20,10000.000,5000.000,226.00,226.30,4171.000,3192.000,25000.000,20000.000,225.908,226.304,225.925,226.338,-0.050,0.042
2017-03-08 10:43:00,226.160,226.167,510.000,965.000,226.00,226.20,2500.000,2500.000,226.10,226.20,2664.000,1749.000,225.95,226.25,2500.000,2500.000,226.05,226.25,9492.000,6045.000,20000.000,17500.000,225.883,226.287,225.988,226.357,-0.050,0.044
2017-03-08 10:44:00,226.157,226.165,25.000,10.000,226.10,226.15,2500.000,2500.000,226.10,226.25,520.000,120.000,226.05,226.20,5000.000,2500.000,226.05,226.30,6197.000,3120.000,25000.000,17500.000,225.980,226.319,225.955,226.379,-0.050,0.073
2017-03-08 10:45:00,226.252,226.200,68.000,88.000,226.15,226.20,5000.000,2500.000,226.15,226.30,476.000,122.000,226.10,226.25,5000.000,5000.000,226.10,226.35,7475.000,2671.000,25000.000,32500.000,226.016,226.328,226.050,226.465,-0.050,0.072
2017-03-08 10:46:00,226.274,226.196,79.000,58.000,226.15,226.20,5000.000,2500.000,226.15,226.30,2621.000,72.000,226.05,226.25,7500.000,5000.000,226.10,226.35,11095.000,2089.000,25000.000,32500.000,225.970,226.322,226.055,226.465,-0.050,0.094
2017-03-08 10:47:00,226.263,226.171,19.000,41.000,226.10,226.15,5000.000,5000.000,226.15,226.30,2111.000,530.000,226.05,226.25,5000.000,7500.000,226.10,226.35,10132.000,2588.000,25000.000,35000.000,225.965,226.317,226.050,226.421,-0.100,0.094
2017-03-08 10:48:00,226.271,226.267,1457.000,263.000,226.20,226.25,2500.000,2500.000,226.30,226.40,2500.000,72.000,226.15,226.30,2500.000,7500.000,226.20,226.45,12896.000,3933.000,17500.000,35000.000,226.061,226.404,226.157,226.504,-0.125,0.117
2017-03-08 10:49:00,226.203,226.068,350.000,66.000,226.00,226.10,7500.000,10000.000,226.00,226.25,1055.000,404.000,225.90,226.15,2500.000,5000.000,225.95,226.30,13066.000,1687.000,20000.000,27500.000,225.800,226.221,225.875,226.332,-0.075,0.095
2017-03-08 10:50:00,226.155,226.109,22.000,844.000,226.05,226.15,5000.000,2500.000,226.05,226.20,1780.000,703.000,226.00,226.20,10000.000,5000.000,226.00,226.25,6670.000,3637.000,22500.000,20000.000,225.927,226.262,225.961,226.300,-0.025,0.095
2017-03-08 10:51:00,226.234,226.041,1854.000,759.000,226.00,226.20,7500.000,7500.000,226.05,226.25,1266.000,330.000,225.95,226.25,7500.000,5000.000,226.00,226.30,10950.000,2645.000,22500.000,35000.000,225.881,226.318,225.939,226.393,-0.050,0.051
2017-03-08 10:52:00,226.111,226.018,417.000,670.000,226.00,226.10,2500.000,5000.000,226.00,226.10,1286.000,632.000,225.90,226.15,2500.000,7500.000,225.95,226.15,13377.000,6421.000,15000.000,27500.000,225.801,226.237,225.892,226.232,0.000,0.030
2017-03-08 10:53:00,225.805,225.685,2437.000,1164.000,225.70,225.90,5000.000,7500.000,225.55,225.75,164.000,711.000,225.65,225.95,7500.000,2500.000,225.50,225.80,7638.000,8275.000,22500.000,20000.000,225.580,226.031,225.422,225.912,0.150,0.021
2017-03-08 10:54:00,225.844,225.817,624.000,647.000,225.75,225.90,10000.000,5000.000,225.65,225.85,806.000,172.000,225.70,225.95,7500.000,2500.000,225.60,225.90,5847.000,4845.000,32500.000,17500.000,225.608,226.045,225.565,225.971,0.075,0.032
2017-03-08 10:55:00,226.000,225.956,2749.000,160.000,225.85,226.10,10000.000,5000.000,225.85,226.05,250.000,1508.000,225.80,226.15,7500.000,5000.000,225.80,226.10,11879.000,8231.000,25000.000,20000.000,225.742,226.250,225.780,226.156,0.025,0.031
2017-03-08 10:56:00,225.492,225.520,2074.000,358.000,225.50,225.55,5000.000,5000.000,225.30,225.50,170.000,878.000,225.45,225.60,5000.000,2500.000,225.25,225.55,5879.000,5435.000,37500.000,20000.000,225.424,225.704,225.160,225.706,0.125,0.085
2017-03-08 10:57:00,225.447,225.456,750.000,536.000,225.35,225.55,7500.000,10000.000,225.25,225.45,1129.000,773.000,225.30,225.60,10000.000,2500.000,225.20,225.50,7125.000,6944.000,37500.000,22500.000,225.216,225.698,225.103,225.611,0.100,0.112
2017-03-08 10:58:00,225.348,225.276,153.000,440.000,225.35,225.40,2500.000,10000.000,225.15,225.35,9.000,235.000,225.30,225.45,12500.000,2500.000,225.10,225.40,3126.000,4226.000,27500.000,20000.000,225.195,225.554,225.014,225.412,0.125,0.129
2017-03-08 10:59:00,225.365,225.281,274.000,10.000,225.30,225.45,2500.000,7500.000,225.15,225.35,329.000,160.000,225.25,225.50,12500.000,5000.000,225.10,225.40,4978.000,4897.000,25000.000,20000.000,225.166,225.608,225.060,225.431,0.125,0.141
2017-03-08 11:00:00,225.342,225.303,75.000,2.000,225.30,225.40,10000.000,5000.000,225.15,225.35,526.000,89.000,225.25,225.45,7500.000,2500.000,225.10,225.40,3935.000,3211.000,30000.000,15000.000,225.173,225.585,225.071,225.450,0.100,0.177
2017-03-08 11:01:00,225.426,225.184,60.000,476.000,225.20,225.40,7500.000,2500.000,225.10,225.25,1664.000,458.000,225.15,225.45,5000.000,2500.000,225.05,225.30,16477.000,6112.000,25000.000,15000.000,225.047,225.514,224.990,225.417,0.125,0.168
2017-03-08 11:02:00,225.560,225.436,832.000,10.000,225.35,225.45,10000.000,7500.000,225.30,225.50,3364.000,535.000,225.30,225.55,5000.000,2500.000,225.25,225.55,13081.000,2216.000,30000.000,22500.000,225.233,225.606,225.213,225.628,-0.000,0.194
2017-03-08 11:03:00,225.206,225.050,1042.000,680.000,225.10,225.30,7500.000,2500.000,225.00,225.15,1251.000,478.000,225.05,225.35,2500.000,5000.000,224.95,225.20,10862.000,8775.000,17500.000,22500.000,224.996,225.439,224.929,225.333,0.125,0.170
2017-03-08 11:04:00,224.656,224.512,1038.000,55.000,224.65,224.75,5000.000,5000.000,224.40,224.60,400.000,1794.000,224.60,224.85,5000.000,2500.000,224.35,224.65,3794.000,5977.000,17500.000,15000.000,224.535,224.949,224.314,224.692,0.200,0.196
2017-03-08 11:05:00,224.870,224.650,60.000,500.000,224.85,224.95,2500.000,5000.000,224.60,224.80,1562.000,556.000,224.80,225.00,2500.000,2500.000,224.55,224.85,3136.000,3700.000,15000.000,17500.000,224.755,225.079,224.450,224.900,0.200,0.172
2017-03-08 11:06:00,224.853,224.657,1559.000,222.000,224.80,224.95,2500.000,2500.000,224.60,224.75,327.000,176.000,224.75,225.00,5000.000,2500.000,224.55,224.80,4287.000,3840.000,22500.000,15000.000,224.712,225.103,224.356,224.850,0.200,0.159
2017-03-08 11:07:00,224.844,224.589,661.000,169.000,224.70,224.80,2500.000,5000.000,224.50,224.70,455.000,580.000,224.65,224.90,2500.000,5000.000,224.45,224.75,9419.000,5556.000,17500.000,17500.000,224.534,224.990,224.300,224.779,0.150,0.113
2017-03-08 11:08:00,224.733,224.697,111.000,596.000,224.75,224.95,7500.000,2500.000,224.55,224.75,211.000,3962.000,224.70,225.00,2500.000,2500.000,224.50,224.80,1978.000,8479.000,27500.000,12500.000,224.613,225.049,224.318,224.850,0.200,0.133
2017-03-08 11:09:00,225.066,224.793,9.000,851.000,224.95,225.00,5000.000,5000.000,224.75,224.95,100.000,100.000,224.90,225.05,5000.000,5000.000,224.70,225.00,5016.000,2697.000,17500.000,20000.000,224.763,225.108,224.593,225.088,0.125,0.093
2017-03-08 11:10:00,225.171,225.069,91.000,1962.000,225.20,225.25,10000.000,2500.000,224.95,225.15,2.000,1305.000,225.15,225.30,7500.000,2500.000,224.90,225.20,2605.000,7475.000,30000.000,15000.000,225.039,225.363,224.854,225.283,0.175,0.092
2017-03-08 11:11:00,225.056,224.925,355.000,861.000,225.00,225.10,2500.000,5000.000,224.85,225.05,301.000,510.000,224.95,225.15,5000.000,2500.000,224.80,225.10,6318.000,6381.000,17500.000,17500.000,224.860,225.226,224.729,225.150,0.100,0.082
2017-03-08 11:12:00,225.038,225.016,40.000,162.000,225.00,225.05,2500.000,5000.000,224.85,225.05,449.000,631.000,224.90,225.10,7500.000,2500.000,224.80,225.10,9362.000,6234.000,22500.000,17500.000,224.796,225.212,224.678,225.214,0.075,0.101
2017-03-08 11:13:00,225.053,224.915,317.000,199.000,224.85,224.95,5000.000,2500.000,224.80,225.00,3101.000,141.000,224.80,225.00,7500.000,5000.000,224.75,225.05,11302.000,1039.000,25000.000,17500.000,224.718,225.066,224.630,225.157,-0.000,0.073
2017-03-08 11:14:00,224.654,224.582,4472.000,415.000,224.50,224.65,2500.000,2500.000,224.50,224.65,1567.000,211.000,224.45,224.70,2500.000,2500.000,224.40,224.70,13618.000,4128.000,15000.000,12500.000,224.405,224.794,224.342,224.750,-0.000,0.079
2017-03-08 11:15:00,224.581,224.484,50.000,167.000,224.50,224.55,2500.000,2500.000,224.40,224.55,70.000,45.000,224.45,224.60,10000.000,5000.000,224.35,224.60,4403.000,1779.000,20000.000,20000.000,224.378,224.692,224.319,224.731,0.050,0.105
2017-03-08 11:16:00,224.524,224.441,198.000,756.000,224.35,224.50,2500.000,2500.000,224.30,224.50,2989.000,180.000,224.30,224.55,7500.000,2500.000,224.25,224.55,9856.000,3958.000,25000.000,17500.000,224.209,224.617,224.190,224.657,0.025,0.120
2017-03-08 11:17:00,224.341,224.228,190.000,2665.000,224.35,224.40,2500.000,2500.000,224.15,224.30,581.000,155.000,224.30,224.45,10000.000,2500.000,224.10,224.35,5824.000,9908.000,27500.000,17500.000,224.168,224.503,224.036,224.429,0.150,0.117
2017-03-08 11:18:00,224.363,224.365,1.000,2870.000,224.35,224.40,7500.000,5000.000,224.20,224.40,506.000,100.000,224.25,224.45,7500.000,5000.000,224.15,224.45,5197.000,6466.000,37500.000,22500.000,224.183,224.484,224.100,224.489,0.075,0.110
2017-03-08 11:19:00,224.408,224.303,2901.000,65.000,224.20,224.30,5000.000,5000.000,224.20,224.35,614.000,200.000,224.15,224.35,2500.000,2500.000,224.15,224.40,20416.000,2589.000,25000.000,20000.000,224.052,224.414,224.080,224.456,-0.025,0.087
2017-03-08 11:20:00,224.208,223.981,140.000,651.000,224.15,224.20,2500.000,2500.000,223.95,224.00,950.000,2291.000,224.10,224.25,5000.000,2500.000,223.90,224.05,9801.000,8275.000,17500.000,15000.000,224.000,224.310,223.829,224.133,0.200,0.065
2017-03-08 11:21:00,223.824,223.669,154.000,486.000,223.65,223.85,2500.000,7500.000,223.65,223.85,372.000,410.000,223.60,223.90,5000.000,5000.000,223.60,223.90,11672.000,6564.000,20000.000,25000.000,223.502,223.985,223.375,223.935,0.000,0.050
2017-03-08 11:22:00,224.048,223.950,504.000,406.000,223.85,224.00,2500.000,2500.000,223.90,224.00,301.000,160.000,223.80,224.05,2500.000,2500.000,223.85,224.05,13929.000,3593.000,17500.000,12500.000,223.716,224.138,223.629,224.100,-0.025,0.073
2017-03-08 11:23:00,224.418,224.453,1.000,1426.000,224.50,224.55,12500.000,2500.000,224.35,224.50,81.000,622.000,224.45,224.60,5000.000,2500.000,224.30,224.60,2380.000,8845.000,27500.000,17500.000,224.269,224.678,224.273,224.657,0.100,0.114
2017-03-08 11:24:00,224.541,224.553,60.000,971.000,224.50,224.55,7500.000,5000.000,224.45,224.65,182.000,155.000,224.45,224.60,5000.000,5000.000,224.40,224.70,4009.000,4054.000,22500.000,22500.000,224.320,224.696,224.322,224.756,-0.025,0.137
2017-03-08 11:25:00,224.816,224.700,31.000,138.000,224.70,224.75,5000.000,2500.000,224.65,224.80,152.000,75.000,224.65,224.80,2500.000,2500.000,224.60,224.85,7575.000,3343.000,15000.000,17500.000,224.509,224.916,224.542,224.986,-0.000,0.116
2017-03-08 11:26:00,224.657,224.575,60.000,320.000,224.55,224.65,2500.000,7500.000,224.50,224.70,627.000,2877.000,224.50,224.70,5000.000,2500.000,224.45,224.75,7027.000,5779.000,15000.000,20000.000,224.375,224.746,224.400,224.781,0.000,0.139
2017-03-08 11:27:00,224.660,224.447,540.000,376.000,224.45,224.60,2500.000,5000.000,224.40,224.55,470.000,1130.000,224.40,224.65,5000.000,5000.000,224.35,224.60,13997.000,4539.000,17500.000,22500.000,224.287,224.708,224.250,224.661,0.050,0.111
2017-03-08 11:28:00,224.611,224.443,339.000,261.000,224.50,224.55,2500.000,2500.000,224.45,224.60,539.000,513.000,224.45,224.60,2500.000,7500.000,224.40,224.65,9315.000,3870.000,12500.000,22500.000,224.331,224.698,224.310,224.706,0.000,0.087
2017-03-08 11:29:00,224.541,224.432,539.000,191.000,224.40,224.45,2500.000,2500.000,224.40,224.55,160.000,63.000,224.35,224.55,5000.000,2500.000,224.35,224.60,9986.000,3046.000,15000.000,20000.000,224.267,224.651,224.308,224.675,-0.050,0.087
2017-03-08 11:30:00,224.488,224.481,474.000,452.000,224.50,224.55,7500.000,5000.000,224.40,224.60,60.000,90.000,224.45,224.60,5000.000,5000.000,224.35,224.65,3190.000,4189.000,20000.000,20000.000,224.367,224.710,224.312,224.694,0.025,0.068
2017-03-08 11:31:00,224.255,224.058,548.000,314.000,224.10,224.25,2500.000,7500.000,224.00,224.20,894.000,123.000,224.05,224.30,2500.000,2500.000,223.95,224.25,9325.000,3408.000,12500.000,17500.000,223.981,224.407,223.840,224.271,0.075,0.039
2017-03-08 11:32:00,224.187,224.109,179.000,1176.000,224.15,224.30,2500.000,10000.000,224.10,224.30,1500.000,814.000,224.10,224.35,2500.000,2500.000,224.05,224.35,7664.000,10988.000,12500.000,27500.000,224.000,224.447,223.950,224.400,0.025,0.022
2017-03-08 11:33:00,224.280,224.237,194.000,385.000,224.25,224.30,5000.000,2500.000,224.20,224.35,177.000,696.000,224.20,224.35,2500.000,5000.000,224.15,224.40,7393.000,7208.000,15000.000,22500.000,224.084,224.460,224.117,224.467,0.000,0.025
2017-03-08 11:34:00,224.284,224.176,484.000,545.000,224.25,224.30,10000.000,10000.000,224.15,224.35,177.000,483.000,224.20,224.35,2500.000,2500.000,224.10,224.40,8085.000,6208.000,20000.000,32500.000,224.041,224.457,224.069,224.496,0.025,0.009
2017-03-08 11:35:00,224.285,224.369,2.000,456.000,224.40,224.45,2500.000,7500.000,224.30,224.45,101.000,682.000,224.35,224.50,5000.000,2500.000,224.25,224.50,1131.000,8925.000,20000.000,20000.000,224.241,224.606,224.137,224.550,0.050,0.032
2017-03-08 11:36:00,224.271,224.223,97.000,100.000,224.35,224.40,5000.000,7500.000,224.15,224.35,241.000,750.000,224.30,224.45,2500.000,2500.000,224.10,224.40,1318.000,7350.000,15000.000,17500.000,224.222,224.525,224.025,224.421,0.125,0.043
2017-03-08 11:37:00,224.267,224.275,306.000,786.000,224.30,224.45,2500.000,5000.000,224.20,224.35,60.000,3938.000,224.25,224.50,7500.000,5000.000,224.15,224.40,2403.000,10850.000,17500.000,17500.000,224.175,224.551,224.100,224.436,0.100,0.067
2017-03-08 11:38:00,224.611,224.550,750.000,233.000,224.60,224.75,2500.000,5000.000,224.45,224.65,714.000,4223.000,224.55,224.80,5000.000,5000.000,224.40,224.70,6060.000,12500.000,15000.000,17500.000,224.476,224.867,224.342,224.757,0.125,0.025
2017-03-08 11:39:00,224.302,224.276,220.000,82.000,224.30,224.40,2500.000,5000.000,224.20,224.35,1058.000,246.000,224.25,224.45,7500.000,7500.000,224.15,224.40,5350.000,8805.000,20000.000,22500.000,224.178,224.531,224.100,224.450,0.075,0.012
2017-03-08 11:40:00,224.457,224.425,437.000,978.000,224.50,224.60,7500.000,5000.000,224.35,224.55,735.000,160.000,224.45,224.65,10000.000,2500.000,224.30,224.60,3145.000,9429.000,27500.000,17500.000,224.388,224.727,224.200,224.650,0.100,0.004
2017-03-08 11:41:00,224.550,224.446,179.000,1056.000,224.55,224.60,2500.000,2500.000,224.40,224.50,616.000,8130.000,224.50,224.70,2500.000,7500.000,224.35,224.55,4821.000,13876.000,15000.000,17500.000,224.399,224.733,224.300,224.586,0.125,-0.048
2017-03-08 11:42:00,224.552,224.438,1186.000,975.000,224.55,224.60,2500.000,7500.000,224.40,224.55,616.000,1400.000,224.50,224.65,2500.000,2500.000,224.35,224.60,5489.000,8293.000,17500.000,25000.000,224.425,224.714,224.300,224.660,0.100,-0.061
2017-03-08 11:43:00,223.878,224.030,50.000,596.000,223.85,224.00,2500.000,2500.000,223.75,223.90,779.000,875.000,223.80,224.05,2500.000,7500.000,223.70,223.95,5741.000,9728.000,70000.000,22500.000,223.704,224.131,223.529,224.033,0.100,-0.035
2017-03-08 11:44:00,223.812,223.852,250.000,10.000,223.70,223.75,7500.000,2500.000,223.60,223.75,620.000,8.000,223.60,223.80,5000.000,12500.000,223.55,223.80,12719.000,3736.000,117500.000,27500.000,223.495,223.905,223.396,223.864,0.050,-0.046
2017-03-08 11:45:00,223.472,223.477,1361.000,1575.000,223.50,223.55,17500.000,2500.000,223.50,223.55,160.000,533.000,223.45,223.60,2500.000,5000.000,223.45,223.60,7203.000,11762.000,30000.000,35000.000,223.375,223.702,223.442,223.686,0.000,-0.051
2017-03-08 11:46:00,223.345,223.501,150.000,376.000,223.35,223.40,7500.000,2500.000,223.35,223.55,2500.000,2376.000,223.30,223.45,5000.000,10000.000,223.30,223.60,6013.000,8180.000,65000.000,32500.000,223.193,223.515,223.260,223.677,-0.075,-0.036
2017-03-08 11:47:00,223.775,223.729,199.000,80.000,223.70,223.75,7500.000,2500.000,223.70,223.85,249.000,670.000,223.65,223.80,7500.000,2500.000,223.65,223.90,7525.000,3819.000,22500.000,25000.000,223.563,223.895,223.622,224.040,-0.050,-0.066
2017-03-08 11:48:00,223.955,223.975,192.000,1086.000,223.80,224.00,5000.000,2500.000,223.90,224.10,2560.000,1240.000,223.75,224.05,2500.000,5000.000,223.85,224.15,7830.000,5415.000,15000.000,20000.000,223.669,224.099,223.800,224.287,-0.100,-0.082
2017-03-08 11:49:00,223.919,224.015,14.000,500.000,223.90,223.95,10000.000,5000.000,223.90,224.10,24.000,995.000,223.85,224.00,5000.000,5000.000,223.85,224.15,3230.000,4135.000,22500.000,20000.000,223.751,224.072,223.828,224.231,-0.075,-0.082
2017-03-08 11:50:00,223.904,223.933,175.000,427.000,223.80,223.90,10000.000,2500.000,223.85,224.05,476.000,600.000,223.75,223.95,5000.000,7500.000,223.80,224.10,6371.000,3696.000,22500.000,22500.000,223.670,224.014,223.756,224.239,-0.100,-0.099
2017-03-08 11:51:00,224.223,224.306,386.000,660.000,224.05,224.25,7500.000,2500.000,224.15,224.35,5000.000,439.000,224.00,224.30,32500.000,5000.000,224.10,224.40,11103.000,5402.000,47500.000,17500.000,223.933,224.373,224.076,224.457,-0.100,-0.089
2017-03-08 11:52:00,224.210,224.310,2945.000,1000.000,224.10,224.20,5000.000,2500.000,224.20,224.30,2961.000,514.000,224.05,224.25,10000.000,5000.000,224.15,224.35,11058.000,4574.000,55000.000,17500.000,224.005,224.296,224.077,224.400,-0.100,-0.073
2017-03-08 11:53:00,224.181,224.283,3.000,965.000,224.15,224.20,7500.000,2500.000,224.15,224.30,94.000,614.000,224.10,224.25,35000.000,2500.000,224.10,224.35,3635.000,4647.000,50000.000,15000.000,224.004,224.298,224.088,224.400,-0.050,-0.064
2017-03-08 11:54:00,224.187,224.284,1503.000,875.000,224.10,224.20,7500.000,2500.000,224.15,224.30,2874.000,219.000,224.05,224.25,32500.000,2500.000,224.10,224.35,9104.000,4535.000,47500.000,15000.000,224.013,224.312,224.092,224.400,-0.075,-0.055
2017-03-08 11:55:00,224.134,224.246,1360.000,718.000,224.10,224.15,2500.000,2500.000,224.15,224.25,2874.000,2000.000,224.05,224.20,32500.000,2500.000,224.10,224.30,8620.000,6278.000,42500.000,15000.000,224.013,224.257,224.085,224.350,-0.075,-0.033
2017-03-08 11:56:00,224.414,224.450,238.000,200.000,224.40,224.45,2500.000,2500.000,224.35,224.50,15.000,849.000,224.35,224.50,7500.000,2500.000,224.30,224.55,6591.000,7862.000,25000.000,20000.000,224.237,224.603,224.250,224.662,0.000,-0.032
2017-03-08 11:57:00,224.408,224.425,558.000,125.000,224.30,224.45,2500.000,2500.000,224.40,224.50,5043.000,654.000,224.25,224.50,7500.000,2500.000,224.35,224.55,11597.000,6630.000,20000.000,20000.000,224.188,224.612,224.306,224.662,-0.075,-0.042
2017-03-08 11:58:00,224.351,224.409,256.000,134.000,224.30,224.45,5000.000,2500.000,224.30,224.45,364.000,1019.000,224.20,224.50,10000.000,5000.000,224.25,224.50,7515.000,7502.000,25000.000,15000.000,224.116,224.584,224.220,224.558,0.000,-0.044
2017-03-08 11:59:00,224.328,224.379,593.000,746.000,224.30,224.50,2500.000,2500.000,224.30,224.45,162.000,1104.000,224.25,224.55,10000.000,5000.000,224.25,224.50,4059.000,8361.000,25000.000,22500.000,224.177,224.615,224.195,224.628,0.025,-0.046
2017-03-08 12:00:00,224.589,224.592,630.000,65.000,224.45,224.55,7500.000,5000.000,224.50,224.70,830.000,187.000,224.40,224.60,7500.000,2500.000,224.45,224.75,8364.000,2478.000,25000.000,20000.000,224.319,224.722,224.410,224.812,-0.100,-0.055
2017-03-08 12:01:00,224.505,224.534,196.000,402.000,224.50,224.60,5000.000,5000.000,224.45,224.60,476.000,744.000,224.40,224.65,5000.000,2500.000,224.40,224.65,6835.000,9437.000,22500.000,17500.000,224.293,224.731,224.328,224.700,0.025,-0.057
2017-03-08 12:02:00,224.429,224.500,136.000,20.000,224.40,224.50,7500.000,2500.000,224.40,224.55,364.000,261.000,224.30,224.55,7500.000,2500.000,224.35,224.60,7241.000,6240.000,22500.000,12500.000,224.211,224.666,224.328,224.650,-0.025,-0.047
2017-03-08 12:03:00,224.469,224.535,45.000,20.000,224.40,224.50,2500.000,2500.000,224.45,224.55,3503.000,2.000,224.30,224.55,5000.000,2500.000,224.40,224.60,11328.000,6183.000,20000.000,12500.000,224.224,224.670,224.350,224.650,-0.050,-0.049
2017-03-08 12:04:00,224.485,224.547,835.000,27.000,224.35,224.45,10000.000,2500.000,224.40,224.60,676.000,394.000,224.30,224.50,5000.000,2500.000,224.35,224.65,8499.000,2553.000,25000.000,12500.000,224.224,224.617,224.315,224.700,-0.100,-0.051
2017-03-08 12:05:00,224.476,224.524,87.000,636.000,224.40,224.50,5000.000,5000.000,224.40,224.60,60.000,268.000,224.35,224.55,5000.000,2500.000,224.35,224.65,4486.000,3752.000,22500.000,20000.000,224.255,224.625,224.294,224.744,-0.050,-0.045
2017-03-08 12:06:00,224.499,224.537,144.000,26.000,224.35,224.45,2500.000,5000.000,224.45,224.60,3515.000,303.000,224.30,224.50,10000.000,2500.000,224.40,224.65,11006.000,2681.000,22500.000,17500.000,224.224,224.619,224.367,224.700,-0.125,-0.055
2017-03-08 12:07:00,224.573,224.597,521.000,4.000,224.45,224.55,2500.000,2500.000,224.55,224.70,3028.000,202.000,224.40,224.60,7500.000,2500.000,224.50,224.75,12577.000,5182.000,20000.000,20000.000,224.309,224.712,224.456,224.825,-0.125,-0.057
2017-03-08 12:08:00,224.610,224.684,86.000,346.000,224.60,224.70,7500.000,5000.000,224.60,224.80,86.000,444.000,224.55,224.75,2500.000,5000.000,224.55,224.85,3594.000,5585.000,22500.000,25000.000,224.454,224.841,224.517,224.895,-0.050,-0.054
2017-03-08 12:09:00,224.658,224.728,519.000,74.000,224.65,224.75,7500.000,7500.000,224.65,224.85,60.000,164.000,224.55,224.80,5000.000,7500.000,224.60,224.90,5165.000,5161.000,20000.000,25000.000,224.479,224.912,224.562,224.940,-0.050,-0.035
2017-03-08 12:10:00,224.707,224.726,197.000,250.000,224.65,224.70,10000.000,2500.000,224.65,224.85,304.000,74.000,224.55,224.75,5000.000,5000.000,224.60,224.90,6524.000,3078.000,22500.000,20000.000,224.467,224.866,224.572,224.963,-0.075,-0.040
2017-03-08 12:11:00,224.586,224.675,49.000,241.000,224.55,224.70,2500.000,2500.000,224.55,224.65,273.000,2467.000,224.50,224.75,7500.000,5000.000,224.50,224.75,6089.000,10537.000,30000.000,20000.000,224.402,224.816,224.400,224.812,0.025,-0.027
2017-03-08 12:12:00,224.540,224.571,36.000,50.000,224.50,224.65,2500.000,2500.000,224.50,224.60,160.000,454.000,224.45,224.70,5000.000,5000.000,224.45,224.65,6169.000,9236.000,20000.000,15000.000,224.351,224.782,224.375,224.692,0.025,0.008
2017-03-08 12:13:00,224.540,224.600,34.000,50.000,224.50,224.65,2500.000,2500.000,224.50,224.60,160.000,878.000,224.45,224.70,5000.000,5000.000,224.45,224.65,6267.000,9610.000,22500.000,15000.000,224.352,224.778,224.361,224.708,0.025,0.022
2017-03-08 12:14:00,224.586,224.562,559.000,198.000,224.50,224.70,10000.000,5000.000,224.45,224.65,476.000,555.000,224.45,224.75,5000.000,2500.000,224.40,224.70,6829.000,8071.000,27500.000,15000.000,224.347,224.839,224.314,224.733,0.050,0.039
2017-03-08 12:15:00,224.565,224.608,5.000,508.000,224.65,224.75,2500.000,2500.000,224.55,224.65,42.000,2983.000,224.60,224.80,2500.000,2500.000,224.50,224.70,972.000,10689.000,17500.000,15000.000,224.479,224.868,224.450,224.758,0.100,0.076
2017-03-08 12:16:00,224.614,224.642,496.000,60.000,224.55,224.75,5000.000,2500.000,224.55,224.70,1130.000,217.000,224.50,224.80,5000.000,7500.000,224.50,224.80,7074.000,8946.000,22500.000,22500.000,224.417,224.899,224.461,224.856,0.025,0.106
2017-03-08 12:17:00,224.573,224.426,193.000,2517.000,224.50,224.65,2500.000,12500.000,224.40,224.50,305.000,1376.000,224.40,224.70,5000.000,5000.000,224.35,224.60,9217.000,11499.000,15000.000,27500.000,224.271,224.743,224.258,224.586,0.125,0.109
2017-03-08 12:18:00,224.121,224.111,634.000,151.000,224.10,224.25,7500.000,10000.000,224.00,224.15,166.000,225.000,224.05,224.35,5000.000,2500.000,223.95,224.25,4180.000,6971.000,25000.000,20000.000,223.973,224.457,223.870,224.250,0.100,0.147
2017-03-08 12:19:00,224.154,224.047,181.000,151.000,224.15,224.25,7500.000,7500.000,223.95,224.15,411.000,376.000,224.10,224.30,2500.000,2500.000,223.90,224.20,3156.000,4960.000,17500.000,20000.000,224.000,224.403,223.879,224.287,0.150,0.154
2017-03-08 12:20:00,224.167,224.024,280.000,139.000,224.15,224.25,5000.000,17500.000,223.95,224.10,376.000,376.000,224.10,224.30,2500.000,5000.000,223.90,224.15,3559.000,5287.000,17500.000,30000.000,224.003,224.388,223.850,224.154,0.175,0.162
2017-03-08 12:21:00,224.151,224.028,177.000,180.000,224.20,224.25,2500.000,10000.000,223.95,224.10,100.000,304.000,224.15,224.30,5000.000,5000.000,223.90,224.15,2502.000,6703.000,17500.000,22500.000,224.043,224.394,223.850,224.167,0.200,0.177
2017-03-08 12:22:00,224.072,223.909,662.000,2.000,224.05,224.25,2500.000,2500.000,223.85,224.00,1322.000,606.000,224.00,224.30,5000.000,2500.000,223.80,224.05,5788.000,8747.000,17500.000,22500.000,223.942,224.416,223.757,224.139,0.225,0.196
2017-03-08 12:23:00,224.064,223.868,603.000,176.000,224.10,224.25,2500.000,7500.000,223.80,224.00,655.000,910.000,224.05,224.30,2500.000,2500.000,223.75,224.05,3938.000,9254.000,17500.000,25000.000,223.996,224.409,223.636,224.115,0.275,0.183
2017-03-08 12:24:00,224.163,224.018,452.000,27.000,224.15,224.25,5000.000,2500.000,223.85,224.05,259.000,3.000,224.10,224.30,5000.000,10000.000,223.80,224.10,4261.000,5623.000,27500.000,22500.000,224.012,224.408,223.745,224.183,0.250,0.200
2017-03-08 12:25:00,224.099,223.920,13.000,566.000,224.20,224.25,5000.000,7500.000,223.80,224.00,99.000,606.000,224.10,224.30,12500.000,5000.000,223.75,224.05,3082.000,9327.000,30000.000,27500.000,223.987,224.408,223.708,224.109,0.325,0.196
2017-03-08 12:26:00,224.066,223.864,60.000,1433.000,224.05,224.25,2500.000,7500.000,223.80,223.95,1487.000,307.000,224.00,224.30,2500.000,7500.000,223.75,224.00,5322.000,11138.000,17500.000,27500.000,223.929,224.379,223.686,224.041,0.275,0.175
2017-03-08 12:27:00,224.176,223.918,64.000,2.000,224.10,224.25,2500.000,10000.000,223.85,224.05,60.000,163.000,224.05,224.30,5000.000,10000.000,223.80,224.10,3823.000,3351.000,15000.000,32500.000,223.964,224.413,223.758,224.204,0.225,0.153
2017-03-08 12:28:00,224.100,223.971,470.000,63.000,224.10,224.30,2500.000,2500.000,223.90,224.05,703.000,703.000,224.05,224.35,2500.000,10000.000,223.85,224.10,4563.000,7969.000,17500.000,25000.000,223.995,224.474,223.779,224.250,0.225,0.158
2017-03-08 12:29:00,224.216,223.986,126.000,60.000,224.10,224.25,5000.000,7500.000,223.85,224.05,376.000,479.000,224.05,224.30,7500.000,10000.000,223.80,224.10,4105.000,2687.000,25000.000,27500.000,223.973,224.379,223.765,224.186,0.225,0.144
2017-03-08 12:30:00,224.102,223.942,61.000,218.000,224.15,224.25,2500.000,2500.000,223.85,224.00,160.000,1082.000,224.10,224.30,7500.000,7500.000,223.80,224.05,3586.000,9041.000,25000.000,25000.000,223.993,224.420,223.755,224.150,0.275,0.132
2017-03-08 12:31:00,224.121,224.025,151.000,673.000,224.15,224.30,2500.000,5000.000,223.85,224.05,224.000,1048.000,224.10,224.35,7500.000,5000.000,223.80,224.10,3676.000,9219.000,25000.000,20000.000,223.998,224.461,223.755,224.225,0.275,0.138
2017-03-08 12:32:00,224.166,224.017,622.000,1.000,224.15,224.30,2500.000,5000.000,223.90,224.05,124.000,1512.000,224.10,224.35,7500.000,7500.000,223.85,224.10,4760.000,7394.000,22500.000,22500.000,224.011,224.460,223.811,224.211,0.250,0.152
2017-03-08 12:33:00,224.142,223.983,430.000,369.000,224.05,224.15,2500.000,5000.000,223.85,224.00,1049.000,3.000,224.00,224.20,7500.000,2500.000,223.80,224.05,4844.000,2448.000,22500.000,15000.000,223.937,224.298,223.750,224.125,0.175,0.138
2017-03-08 12:34:00,224.121,223.963,60.000,366.000,224.05,224.15,2500.000,5000.000,223.85,223.95,1613.000,63.000,224.00,224.20,7500.000,5000.000,223.80,224.00,4887.000,3240.000,22500.000,17500.000,223.939,224.290,223.756,224.086,0.200,0.114
2017-03-08 12:35:00,224.205,224.108,652.000,3.000,224.20,224.25,2500.000,2500.000,224.05,224.10,401.000,153.000,224.15,224.35,2500.000,2500.000,223.95,224.15,4391.000,5760.000,17500.000,12500.000,224.056,224.472,223.886,224.220,0.150,0.122
2017-03-08 12:36:00,224.280,224.153,358.000,83.000,224.20,224.25,7500.000,2500.000,224.00,224.20,122.000,53.000,224.15,224.35,5000.000,2500.000,223.95,224.25,4492.000,2932.000,22500.000,17500.000,224.046,224.480,223.917,224.450,0.125,0.123
2017-03-08 12:37:00,224.317,224.096,58.000,19.000,224.15,224.25,2500.000,2500.000,224.00,224.10,392.000,90.000,224.10,224.30,5000.000,5000.000,223.95,224.15,5866.000,1460.000,20000.000,15000.000,224.006,224.390,223.887,224.208,0.150,0.096
2017-03-08 12:38:00,224.310,224.224,128.000,63.000,224.30,224.35,15000.000,5000.000,224.10,224.30,793.000,3.000,224.20,224.40,5000.000,2500.000,224.05,224.35,3374.000,2473.000,30000.000,17500.000,224.117,224.529,224.012,224.414,0.125,0.082
2017-03-08 12:39:00,224.641,224.603,252.000,593.000,224.60,224.80,2500.000,5000.000,224.45,224.65,715.000,578.000,224.55,224.85,7500.000,2500.000,224.40,224.70,5193.000,7357.000,22500.000,22500.000,224.478,224.958,224.356,224.894,0.150,0.082
2017-03-08 12:40:00,224.690,224.553,600.000,2767.000,224.60,224.70,5000.000,2500.000,224.45,224.60,399.000,151.000,224.55,224.75,2500.000,7500.000,224.40,224.65,4577.000,4235.000,20000.000,20000.000,224.475,224.755,224.350,224.750,0.125,0.068
2017-03-08 12:41:00,224.669,224.539,88.000,892.000,224.60,224.65,2500.000,2500.000,224.40,224.55,621.000,2050.000,224.50,224.70,5000.000,5000.000,224.35,224.60,5781.000,3813.000,27500.000,17500.000,224.416,224.718,224.291,224.671,0.150,0.057
2017-03-08 12:42:00,224.517,224.428,100.000,647.000,224.55,224.60,2500.000,2500.000,224.35,224.45,299.000,1440.000,224.45,224.65,5000.000,5000.000,224.30,224.50,3433.000,6499.000,22500.000,17500.000,224.368,224.702,224.256,224.564,0.175,0.057
2017-03-08 12:43:00,224.512,224.495,77.000,1305.000,224.55,224.65,2500.000,5000.000,224.35,224.45,299.000,2480.000,224.45,224.70,7500.000,2500.000,224.30,224.50,3566.000,8886.000,35000.000,20000.000,224.366,224.755,224.196,224.594,0.200,0.068
2017-03-08 12:44:00,224.610,224.571,90.000,860.000,224.60,224.65,2500.000,2500.000,224.45,224.55,414.000,2517.000,224.55,224.70,2500.000,2500.000,224.40,224.60,3774.000,5997.000,20000.000,15000.000,224.461,224.753,224.325,224.683,0.125,0.035
2017-03-08 12:45:00,224.620,224.553,133.000,30.000,224.55,224.60,2500.000,5000.000,224.45,224.55,639.000,435.000,224.50,224.65,5000.000,2500.000,224.35,224.60,5698.000,3556.000,22500.000,15000.000,224.420,224.708,224.300,224.667,0.075,0.024
2017-03-08 12:46:00,224.615,224.540,112.000,33.000,224.55,224.60,2500.000,5000.000,224.45,224.55,339.000,435.000,224.50,224.65,5000.000,2500.000,224.35,224.60,5377.000,3715.000,22500.000,15000.000,224.415,224.710,224.300,224.667,0.075,0.022
2017-03-08 12:47:00,224.619,224.530,68.000,579.000,224.55,224.60,2500.000,2500.000,224.45,224.55,339.000,472.000,224.50,224.65,5000.000,2500.000,224.35,224.60,5334.000,3819.000,22500.000,15000.000,224.413,224.695,224.300,224.717,0.075,0.015
2017-03-08 12:48:00,224.798,224.728,372.000,424.000,224.65,224.70,5000.000,2500.000,224.65,224.80,589.000,13.000,224.60,224.75,5000.000,2500.000,224.60,224.85,11494.000,1789.000,22500.000,17500.000,224.508,224.834,224.561,224.929,-0.050,0.012
2017-03-08 12:49:00,224.648,224.772,60.000,842.000,224.75,224.85,5000.000,5000.000,224.65,224.80,2.000,1019.000,224.70,224.90,5000.000,5000.000,224.60,224.85,802.000,10898.000,25000.000,20000.000,224.600,224.978,224.540,224.912,0.075,0.044
2017-03-08 12:50:00,224.629,224.619,677.000,85.000,224.50,224.65,5000.000,2500.000,224.45,224.60,533.000,831.000,224.45,224.70,2500.000,2500.000,224.40,224.65,8655.000,6101.000,27500.000,17500.000,224.336,224.784,224.323,224.729,0.050,0.038
2017-03-08 12:51:00,224.622,224.554,685.000,110.000,224.45,224.50,2500.000,5000.000,224.50,224.60,489.000,621.000,224.40,224.65,2500.000,2500.000,224.45,224.65,15198.000,5519.000,15000.000,17500.000,224.310,224.738,224.400,224.700,-0.075,0.048
2017-03-08 12:52:00,224.587,224.535,581.000,105.000,224.45,224.50,2500.000,5000.000,224.50,224.60,549.000,2.000,224.40,224.60,2500.000,5000.000,224.45,224.65,15006.000,4649.000,12500.000,20000.000,224.310,224.735,224.400,224.694,-0.075,0.055
2017-03-08 12:53:00,224.667,224.612,579.000,2.000,224.45,224.60,2500.000,5000.000,224.50,224.65,489.000,266.000,224.40,224.65,5000.000,7500.000,224.45,224.70,14944.000,3018.000,22500.000,20000.000,224.310,224.744,224.378,224.744,-0.050,0.048
2017-03-08 12:54:00,224.324,224.289,145.000,60.000,224.20,224.30,2500.000,2500.000,224.15,224.25,96.000,635.000,224.15,224.35,12500.000,2500.000,224.10,224.30,10377.000,5914.000,32500.000,12500.000,224.017,224.454,224.050,224.390,0.050,0.049
2017-03-08 12:55:00,224.350,224.373,234.000,2.000,224.30,224.40,10000.000,7500.000,224.20,224.40,160.000,38.000,224.25,224.45,5000.000,2500.000,224.15,224.45,1465.000,1231.000,40000.000,20000.000,224.173,224.561,224.069,224.525,0.050,0.055
2017-03-08 12:56:00,224.601,224.482,540.000,744.000,224.35,224.60,2500.000,2500.000,224.35,224.50,364.000,529.000,224.30,224.65,7500.000,2500.000,224.30,224.60,11383.000,4182.000,25000.000,17500.000,224.217,224.708,224.245,224.650,0.050,0.027
2017-03-08 12:57:00,224.594,224.508,413.000,50.000,224.40,224.55,2500.000,2500.000,224.40,224.55,440.000,635.000,224.35,224.60,10000.000,5000.000,224.35,224.60,10927.000,3319.000,27500.000,17500.000,224.250,224.706,224.295,224.650,0.000,0.002
2017-03-08 12:58:00,224.592,224.568,255.000,107.000,224.45,224.55,5000.000,7500.000,224.40,224.60,540.000,425.000,224.40,224.60,2500.000,5000.000,224.35,224.65,9462.000,4327.000,32500.000,22500.000,224.266,224.719,224.192,224.700,0.000,-0.006
2017-03-08 12:59:00,224.661,224.620,492.000,46.000,224.45,224.55,2500.000,7500.000,224.45,224.65,158.000,252.000,224.40,224.60,5000.000,5000.000,224.40,224.70,10197.000,1339.000,30000.000,25000.000,224.295,224.679,224.275,224.795,-0.050,-0.027
2017-03-08 13:00:00,224.599,224.594,3006.000,27.000,224.55,224.60,5000.000,2500.000,224.45,224.65,100.000,135.000,224.50,224.65,5000.000,5000.000,224.40,224.70,4764.000,1557.000,25000.000,17500.000,224.484,224.756,224.335,224.814,0.025,0.009
2017-03-08 13:01:00,224.571,224.592,2902.000,23.000,224.55,224.60,2500.000,5000.000,224.45,224.60,100.000,366.000,224.50,224.65,5000.000,5000.000,224.40,224.65,4660.000,2761.000,27500.000,17500.000,224.483,224.742,224.309,224.693,0.050,0.032
2017-03-08 13:02:00,224.475,224.513,103.000,511.000,224.50,224.60,2500.000,2500.000,224.35,224.50,24.000,979.000,224.45,224.65,5000.000,5000.000,224.30,224.55,2049.000,6138.000,40000.000,17500.000,224.344,224.718,224.134,224.607,0.125,0.050
2017-03-08 13:03:00,224.515,224.530,46.000,626.000,224.55,224.60,2500.000,7500.000,224.35,224.50,110.000,809.000,224.50,224.65,5000.000,2500.000,224.30,224.55,1391.000,4856.000,37500.000,20000.000,224.373,224.710,224.177,224.588,0.150,0.065
2017-03-08 13:04:00,224.360,224.427,63.000,328.000,224.50,224.55,5000.000,2500.000,224.30,224.45,24.000,776.000,224.45,224.60,5000.000,10000.000,224.25,224.50,253.000,6447.000,35000.000,20000.000,224.373,224.702,224.161,224.537,0.150,0.082
2017-03-08 13:05:00,224.440,224.254,799.000,878.000,224.20,224.45,12500.000,5000.000,224.15,224.30,1302.000,1177.000,224.15,224.50,15000.000,2500.000,224.10,224.35,11642.000,5393.000,42500.000,22500.000,224.045,224.567,224.082,224.411,0.100,0.044
2017-03-08 13:06:00,224.347,224.254,30.000,988.000,224.25,224.40,5000.000,2500.000,224.15,224.25,186.000,1108.000,224.20,224.45,15000.000,5000.000,224.10,224.30,4375.000,5117.000,42500.000,20000.000,224.092,224.483,224.059,224.394,0.125,0.017
2017-03-08 13:07:00,224.327,224.275,185.000,1526.000,224.30,224.40,2500.000,2500.000,224.15,224.25,28.000,653.000,224.25,224.45,12500.000,2500.000,224.10,224.30,2629.000,5235.000,42500.000,17500.000,224.164,224.478,224.044,224.407,0.150,0.026
2017-03-08 13:08:00,224.330,224.267,78.000,1522.000,224.30,224.40,2500.000,2500.000,224.15,224.25,28.000,804.000,224.25,224.45,12500.000,2500.000,224.10,224.30,2661.000,5368.000,40000.000,17500.000,224.154,224.478,224.047,224.407,0.150,0.024
2017-03-08 13:09:00,224.303,224.288,69.000,199.000,224.25,224.30,2500.000,2500.000,224.15,224.25,473.000,10.000,224.20,224.35,12500.000,2500.000,224.10,224.30,5090.000,3526.000,47500.000,17500.000,224.102,224.455,224.037,224.407,0.075,0.015
2017-03-08 13:10:00,224.403,224.404,63.000,116.000,224.30,224.35,2500.000,5000.000,224.20,224.35,60.000,275.000,224.25,224.40,10000.000,5000.000,224.15,224.40,3215.000,1286.000,47500.000,22500.000,224.153,224.482,224.061,224.500,0.050,0.022
2017-03-08 13:11:00,224.285,224.327,2.000,5.000,224.25,224.30,7500.000,2500.000,224.15,224.30,523.000,152.000,224.20,224.35,12500.000,5000.000,224.10,224.35,3204.000,2808.000,47500.000,17500.000,224.085,224.471,224.053,224.436,0.050,0.044
2017-03-08 13:12:00,224.090,223.991,2067.000,1264.000,224.00,224.15,5000.000,5000.000,223.85,224.00,374.000,1645.000,223.90,224.20,15000.000,2500.000,223.80,224.05,9222.000,7754.000,40000.000,17500.000,223.826,224.251,223.759,224.086,0.150,0.015
2017-03-08 13:13:00,224.095,224.044,2050.000,901.000,224.00,224.15,7500.000,5000.000,223.85,224.00,374.000,1090.000,223.90,224.20,10000.000,5000.000,223.80,224.10,9077.000,6864.000,45000.000,17500.000,223.828,224.260,223.753,224.129,0.150,-0.003
2017-03-08 13:14:00,224.250,224.282,81.000,2.000,224.20,224.25,2500.000,2500.000,224.10,224.25,364.000,286.000,224.10,224.30,5000.000,2500.000,224.05,224.30,5497.000,3200.000,35000.000,12500.000,223.996,224.417,223.968,224.350,0.050,-0.035
2017-03-08 13:15:00,224.276,224.239,789.000,377.000,224.10,224.30,5000.000,5000.000,224.10,224.30,543.000,417.000,224.05,224.35,7500.000,5000.000,224.05,224.35,8224.000,3496.000,35000.000,22500.000,223.987,224.445,223.961,224.406,-0.000,-0.062
2017-03-08 13:16:00,224.279,224.214,50.000,103.000,224.10,224.20,2500.000,5000.000,224.10,224.30,2126.000,565.000,224.00,224.30,15000.000,2500.000,224.05,224.35,11385.000,2969.000,32500.000,22500.000,223.922,224.402,223.985,224.422,-0.050,-0.077
2017-03-08 13:17:00,224.186,224.233,333.000,60.000,224.10,224.25,10000.000,2500.000,224.10,224.25,362.000,654.000,224.05,224.30,5000.000,2500.000,224.05,224.30,6047.000,4972.000,30000.000,15000.000,223.977,224.391,224.012,224.383,0.000,-0.061
2017-03-08 13:18:00,224.386,224.426,1008.000,2.000,224.20,224.35,7500.000,7500.000,224.30,224.50,3076.000,413.000,224.15,224.40,7500.000,2500.000,224.25,224.55,10940.000,2617.000,27500.000,20000.000,224.081,224.507,224.200,224.600,-0.125,-0.062
2017-03-08 13:19:00,224.318,224.507,250.000,140.000,224.25,224.30,7500.000,2500.000,224.30,224.50,154.000,135.000,224.20,224.35,7500.000,5000.000,224.25,224.55,7152.000,4168.000,37500.000,15000.000,224.099,224.460,224.133,224.617,-0.125,-0.030
2017-03-08 13:20:00,224.431,224.529,241.000,693.000,224.40,224.50,7500.000,2500.000,224.35,224.55,460.000,881.000,224.30,224.55,7500.000,2500.000,224.30,224.60,4963.000,5696.000,27500.000,15000.000,224.206,224.612,224.255,224.708,-0.000,-0.018
2017-03-08 13:21:00,224.566,224.575,51.000,10.000,224.50,224.55,2500.000,2500.000,224.50,224.65,210.000,1325.000,224.40,224.60,2500.000,5000.000,224.40,224.70,11277.000,6197.000,22500.000,27500.000,224.283,224.709,224.328,224.859,-0.050,-0.024
2017-03-08 13:22:00,224.575,224.542,121.000,997.000,224.55,224.60,2500.000,7500.000,224.50,224.70,60.000,130.000,224.50,224.65,5000.000,5000.000,224.45,224.75,4410.000,4345.000,17500.000,30000.000,224.348,224.720,224.379,224.858,-0.025,-0.030
2017-03-08 13:23:00,224.724,224.770,873.000,246.000,224.70,224.75,2500.000,2500.000,224.70,224.85,560.000,125.000,224.60,224.80,2500.000,2500.000,224.65,224.90,9469.000,6606.000,17500.000,20000.000,224.524,224.902,224.571,224.963,-0.050,-0.016
2017-03-08 13:24:00,224.671,224.702,490.000,5.000,224.55,224.65,2500.000,7500.000,224.60,224.80,446.000,160.000,224.50,224.70,5000.000,2500.000,224.55,224.85,7499.000,3088.000,25000.000,25000.000,224.409,224.820,224.490,224.905,-0.100,-0.021
2017-03-08 13:25:00,224.580,224.618,402.000,404.000,224.50,224.60,2500.000,2500.000,224.50,224.60,383.000,1148.000,224.40,224.65,2500.000,5000.000,224.45,224.65,10977.000,7622.000,27500.000,15000.000,224.295,224.726,224.368,224.692,0.000,-0.018
2017-03-08 13:26:00,224.563,224.603,403.000,743.000,224.50,224.60,2500.000,7500.000,224.45,224.60,233.000,573.000,224.40,224.65,5000.000,2500.000,224.40,224.65,7534.000,6447.000,27500.000,17500.000,224.293,224.722,224.345,224.700,0.025,-0.017
2017-03-08 13:27:00,224.585,224.582,300.000,1017.000,224.50,224.60,5000.000,7500.000,224.45,224.60,233.000,773.000,224.40,224.65,5000.000,5000.000,224.40,224.65,9205.000,6921.000,27500.000,20000.000,224.282,224.718,224.359,224.694,0.025,-0.033
2017-03-08 13:28:00,224.584,224.559,1464.000,965.000,224.40,224.60,5000.000,2500.000,224.45,224.60,439.000,67.000,224.35,224.65,5000.000,7500.000,224.40,224.65,13313.000,6328.000,25000.000,17500.000,224.269,224.726,224.355,224.686,-0.025,-0.050
2017-03-08 13:29:00,224.656,224.710,3432.000,383.000,224.45,224.65,2500.000,5000.000,224.60,224.75,1928.000,298.000,224.40,224.70,2500.000,2500.000,224.55,224.80,13370.000,3643.000,27500.000,22500.000,224.346,224.804,224.477,224.900,-0.125,-0.064
2017-03-08 13:30:00,224.721,224.743,163.000,72.000,224.65,224.70,2500.000,2500.000,224.65,224.80,2940.000,430.000,224.50,224.75,12500.000,7500.000,224.60,224.85,10352.000,3474.000,32500.000,25000.000,224.421,224.857,224.542,224.920,-0.050,-0.069
2017-03-08 13:31:00,224.613,224.648,3.000,933.000,224.45,224.65,12500.000,7500.000,224.50,224.70,1236.000,808.000,224.40,224.70,5000.000,2500.000,224.45,224.75,11067.000,7104.000,32500.000,20000.000,224.305,224.770,224.400,224.800,-0.050,-0.081
2017-03-08 13:32:00,224.648,224.726,426.000,561.000,224.50,224.60,5000.000,2500.000,224.60,224.75,2717.000,691.000,224.45,224.70,5000.000,5000.000,224.55,224.80,10385.000,4528.000,27500.000,15000.000,224.376,224.781,224.505,224.842,-0.125,-0.086
2017-03-08 13:33:00,224.663,224.722,2787.000,359.000,224.50,224.60,2500.000,2500.000,224.65,224.80,339.000,591.000,224.45,224.70,7500.000,10000.000,224.60,224.85,12308.000,3776.000,25000.000,25000.000,224.382,224.786,224.550,224.905,-0.175,-0.117
2017-03-08 13:34:00,224.559,224.685,103.000,1139.000,224.55,224.60,5000.000,7500.000,224.55,224.75,35.000,333.000,224.50,224.65,15000.000,2500.000,224.50,224.80,5088.000,5076.000,30000.000,20000.000,224.382,224.716,224.475,224.825,-0.075,-0.134
2017-03-08 13:35:00,224.609,224.655,63.000,335.000,224.50,224.60,5000.000,2500.000,224.55,224.70,3506.000,238.000,224.40,224.65,12500.000,7500.000,224.50,224.75,12164.000,5827.000,30000.000,20000.000,224.299,224.741,224.471,224.794,-0.075,-0.161
2017-03-08 13:36:00,224.624,224.720,713.000,346.000,224.50,224.60,7500.000,2500.000,224.60,224.75,2379.000,62.000,224.45,224.65,7500.000,5000.000,224.55,224.80,8211.000,3028.000,32500.000,17500.000,224.380,224.737,224.515,224.843,-0.125,-0.175
2017-03-08 13:37:00,224.676,224.780,11.000,670.000,224.65,224.70,10000.000,7500.000,224.65,224.85,2842.000,374.000,224.50,224.75,5000.000,5000.000,224.60,224.90,8217.000,5460.000,32500.000,25000.000,224.411,224.831,224.562,224.935,-0.075,-0.180
2017-03-08 13:38:00,224.695,224.907,2218.000,898.000,224.60,224.70,2500.000,5000.000,224.75,224.90,703.000,274.000,224.50,224.75,5000.000,7500.000,224.70,224.95,11893.000,5199.000,35000.000,22500.000,224.448,224.829,224.586,224.989,-0.175,-0.165
2017-03-08 13:39:00,224.786,225.000,379.000,701.000,224.65,224.85,7500.000,7500.000,224.85,225.05,758.000,677.000,224.60,224.90,7500.000,5000.000,224.80,225.10,13302.000,9015.000,27500.000,25000.000,224.518,225.003,224.773,225.230,-0.200,-0.159
2017-03-08 13:40:00,224.892,225.070,2926.000,60.000,224.80,224.90,7500.000,2500.000,224.95,225.10,700.000,474.000,224.75,224.95,10000.000,7500.000,224.90,225.15,13859.000,5166.000,35000.000,20000.000,224.662,225.056,224.861,225.188,-0.175,-0.159
2017-03-08 13:41:00,225.125,225.292,60.000,603.000,225.05,225.15,5000.000,2500.000,225.20,225.35,1148.000,62.000,225.00,225.20,2500.000,5000.000,225.15,225.40,10719.000,8590.000,25000.000,20000.000,224.893,225.302,225.095,225.463,-0.175,-0.162
2017-03-08 13:42:00,225.193,225.324,13.000,35.000,225.15,225.20,2500.000,5000.000,225.25,225.35,2902.000,2439.000,225.10,225.25,5000.000,5000.000,225.20,225.40,10047.000,8813.000,22500.000,20000.000,225.010,225.324,225.139,225.431,-0.125,-0.165
2017-03-08 13:43:00,225.056,225.190,683.000,997.000,225.00,225.10,2500.000,2500.000,225.10,225.20,484.000,475.000,224.90,225.15,2500.000,2500.000,225.05,225.25,8633.000,8423.000,30000.000,20000.000,224.796,225.208,224.992,225.325,-0.100,-0.174
2017-03-08 13:44:00,225.070,225.254,112.000,948.000,225.00,225.15,2500.000,5000.000,225.15,225.25,436.000,1584.000,224.95,225.20,10000.000,2500.000,225.10,225.30,7515.000,10258.000,37500.000,25000.000,224.844,225.252,225.037,225.380,-0.125,-0.165
2017-03-08 13:45:00,225.049,225.231,4934.000,300.000,225.00,225.10,5000.000,2500.000,225.15,225.20,160.000,989.000,224.95,225.15,7500.000,2500.000,225.10,225.25,11620.000,10298.000,52500.000,20000.000,224.902,225.218,225.019,225.319,-0.125,-0.149
2017-03-08 13:46:00,225.018,225.200,3148.000,182.000,225.00,225.10,10000.000,2500.000,225.10,225.20,8.000,285.000,224.95,225.15,7500.000,2500.000,225.05,225.25,6786.000,8746.000,55000.000,17500.000,224.899,225.223,225.002,225.350,-0.100,-0.135
2017-03-08 13:47:00,225.178,225.320,376.000,18.000,225.05,225.20,12500.000,2500.000,225.15,225.35,7517.000,222.000,225.00,225.25,7500.000,2500.000,225.10,225.40,13581.000,6220.000,40000.000,17500.000,224.945,225.349,225.062,225.450,-0.125,-0.141
2017-03-08 13:48:00,225.031,225.212,2099.000,53.000,225.00,225.10,12500.000,12500.000,225.10,225.30,1376.000,304.000,224.95,225.15,7500.000,10000.000,225.05,225.35,7330.000,6757.000,45000.000,37500.000,224.890,225.264,225.014,225.387,-0.150,-0.139
2017-03-08 13:49:00,225.303,225.444,436.000,14.000,225.10,225.15,7500.000,2500.000,225.30,225.45,718.000,50.000,225.05,225.20,7500.000,5000.000,225.25,225.50,27389.000,910.000,40000.000,20000.000,224.983,225.355,225.119,225.569,-0.250,-0.133
2017-03-08 13:50:00,225.216,225.315,133.000,60.000,225.15,225.20,2500.000,5000.000,225.25,225.30,4670.000,354.000,225.10,225.25,2500.000,2500.000,225.20,225.35,11399.000,5983.000,25000.000,17500.000,225.035,225.323,225.125,225.393,-0.100,-0.153
2017-03-08 13:51:00,225.185,225.298,84.000,232.000,225.20,225.25,2500.000,2500.000,225.20,225.35,2041.000,379.000,225.15,225.30,7500.000,2500.000,225.15,225.40,5185.000,6857.000,35000.000,25000.000,225.111,225.381,225.086,225.485,-0.050,-0.153
2017-03-08 13:52:00,225.069,225.238,2705.000,100.000,225.00,225.10,2500.000,2500.000,225.15,225.20,1339.000,3430.000,224.95,225.20,2500.000,2500.000,225.10,225.25,11783.000,10972.000,30000.000,12500.000,224.887,225.277,225.021,225.300,-0.125,-0.146
2017-03-08 13:53:00,225.119,225.292,2578.000,100.000,225.00,225.10,5000.000,2500.000,225.15,225.30,1399.000,500.000,224.95,225.15,7500.000,2500.000,225.10,225.35,11656.000,4007.000,32500.000,15000.000,224.886,225.260,225.035,225.400,-0.175,-0.144
2017-03-08 13:54:00,225.214,225.325,436.000,29.000,225.05,225.20,2500.000,2500.000,225.20,225.35,11981.000,45.000,225.00,225.25,5000.000,2500.000,225.15,225.40,20933.000,5437.000,22500.000,17500.000,224.953,225.354,225.083,225.486,-0.150,-0.159
2017-03-08 13:55:00,225.179,225.380,389.000,920.000,225.30,225.35,2500.000,5000.000,225.25,225.40,412.000,2816.000,225.20,225.40,7500.000,2500.000,225.20,225.45,2452.000,12729.000,30000.000,25000.000,225.142,225.480,225.092,225.525,-0.000,-0.144
2017-03-08 13:56:00,225.501,225.613,3044.000,1130.000,225.50,225.60,2500.000,2500.000,225.55,225.65,160.000,3271.000,225.40,225.65,5000.000,2500.000,225.50,225.70,10389.000,14288.000,20000.000,17500.000,225.336,225.719,225.444,225.793,-0.050,-0.140
2017-03-08 13:57:00,225.549,225.683,443.000,2201.000,225.60,225.65,2500.000,5000.000,225.60,225.70,2694.000,3091.000,225.50,225.70,2500.000,5000.000,225.55,225.75,6158.000,11845.000,17500.000,20000.000,225.447,225.768,225.471,225.831,-0.025,-0.131
2017-03-08 13:58:00,225.362,225.523,330.000,435.000,225.40,225.55,5000.000,2500.000,225.40,225.60,60.000,2951.000,225.35,225.60,2500.000,5000.000,225.35,225.65,3485.000,10771.000,17500.000,15000.000,225.265,225.693,225.314,225.717,-0.025,-0.107
2017-03-08 13:59:00,225.235,225.423,1130.000,536.000,225.05,225.35,2500.000,7500.000,225.20,225.40,3045.000,571.000,225.00,225.40,7500.000,7500.000,225.15,225.45,14848.000,10338.000,40000.000,25000.000,224.931,225.501,225.056,225.490,-0.100,-0.087
2017-03-08 14:00:00,225.075,225.198,462.000,215.000,225.10,225.15,7500.000,5000.000,225.10,225.20,28.000,3276.000,225.05,225.20,2500.000,2500.000,225.05,225.25,5475.000,11392.000,37500.000,22500.000,224.963,225.277,224.993,225.306,-0.025,-0.081
2017-03-08 14:01:00,225.069,225.162,452.000,3146.000,225.10,225.15,2500.000,5000.000,225.05,225.15,20.000,687.000,225.05,225.20,10000.000,2500.000,225.00,225.20,3809.000,11594.000,35000.000,15000.000,224.976,225.248,224.911,225.233,0.025,-0.097
2017-03-08 14:02:00,225.043,225.134,276.000,13.000,224.95,225.00,7500.000,2500.000,225.00,225.15,564.000,160.000,224.90,225.10,2500.000,2500.000,224.95,225.20,7716.000,5375.000,27500.000,12500.000,224.795,225.187,224.909,225.250,-0.100,-0.109
2017-03-08 14:03:00,225.039,225.081,2.000,773.000,224.95,225.00,5000.000,5000.000,225.00,225.10,236.000,149.000,224.90,225.05,2500.000,5000.000,224.95,225.15,7598.000,5052.000,25000.000,20000.000,224.783,225.103,224.900,225.194,-0.075,-0.144
2017-03-08 14:04:00,225.126,225.214,850.000,686.000,224.95,225.20,5000.000,2500.000,225.05,225.25,997.000,1542.000,224.90,225.25,5000.000,2500.000,225.00,225.30,11508.000,8277.000,27500.000,17500.000,224.798,225.339,224.927,225.407,-0.075,-0.167
2017-03-08 14:05:00,225.081,225.175,310.000,826.000,225.00,225.15,2500.000,2500.000,225.10,225.25,1016.000,876.000,224.95,225.20,5000.000,2500.000,225.05,225.30,5328.000,5789.000,17500.000,17500.000,224.855,225.266,225.007,225.429,-0.100,-0.188
2017-03-08 14:06:00,224.844,225.017,88.000,536.000,224.85,224.95,2500.000,10000.000,224.90,225.05,13.000,308.000,224.80,225.00,5000.000,7500.000,224.85,225.10,2919.000,6965.000,27500.000,30000.000,224.666,225.077,224.786,225.142,-0.075,-0.191
2017-03-08 14:07:00,224.797,224.947,4.000,578.000,224.85,224.90,2500.000,2500.000,224.90,224.95,1006.000,3218.000,224.70,224.95,5000.000,5000.000,224.85,225.00,7560.000,12004.000,20000.000,17500.000,224.598,225.019,224.781,225.043,-0.050,-0.186
2017-03-08 14:08:00,224.501,224.715,392.000,160.000,224.60,224.65,2500.000,2500.000,224.60,224.70,145.000,3972.000,224.55,224.70,2500.000,7500.000,224.55,224.80,1608.000,13775.000,25000.000,17500.000,224.504,224.778,224.495,224.836,-0.025,-0.160
2017-03-08 14:09:00,224.616,224.821,40.000,132.000,224.65,224.75,2500.000,2500.000,224.70,224.85,200.000,680.000,224.60,224.80,10000.000,2500.000,224.65,224.90,2516.000,6982.000,25000.000,17500.000,224.506,224.883,224.605,224.971,-0.075,-0.144
2017-03-08 14:10:00,224.564,224.765,733.000,1075.000,224.60,224.80,5000.000,7500.000,224.65,224.85,1077.000,1605.000,224.55,224.85,2500.000,5000.000,224.60,224.90,4231.000,13294.000,25000.000,25000.000,224.495,224.944,224.545,224.940,-0.050,-0.129
2017-03-08 14:11:00,224.398,224.584,689.000,665.000,224.30,224.50,7500.000,2500.000,224.40,224.60,1078.000,222.000,224.25,224.55,2500.000,5000.000,224.35,224.65,7159.000,7617.000,30000.000,17500.000,224.152,224.637,224.287,224.721,-0.100,-0.128
2017-03-08 14:12:00,224.346,224.469,833.000,400.000,224.30,224.40,5000.000,2500.000,224.35,224.50,301.000,365.000,224.20,224.45,5000.000,7500.000,224.30,224.55,8288.000,7588.000,22500.000,17500.000,224.099,224.535,224.256,224.614,-0.075,-0.155
2017-03-08 14:13:00,224.431,224.519,1256.000,85.000,224.30,224.45,5000.000,2500.000,224.40,224.55,48.000,172.000,224.25,224.50,5000.000,2500.000,224.35,224.60,8672.000,5025.000,20000.000,12500.000,224.149,224.611,224.312,224.670,-0.100,-0.146
2017-03-08 14:14:00,224.441,224.564,30.000,2.000,224.30,224.45,2500.000,2500.000,224.45,224.60,643.000,551.000,224.25,224.50,2500.000,2500.000,224.40,224.65,9004.000,5176.000,20000.000,15000.000,224.138,224.607,224.312,224.717,-0.150,-0.155
2017-03-08 14:15:00,224.442,224.568,519.000,994.000,224.35,224.55,2500.000,2500.000,224.50,224.60,339.000,833.000,224.30,224.60,2500.000,5000.000,224.45,224.65,10158.000,10343.000,17500.000,17500.000,224.201,224.710,224.371,224.693,-0.100,-0.158
2017-03-08 14:16:00,224.369,224.553,637.000,378.000,224.35,224.45,2500.000,2500.000,224.40,224.55,60.000,85.000,224.30,224.50,7500.000,2500.000,224.35,224.60,4099.000,6073.000,25000.000,12500.000,224.206,224.583,224.300,224.680,-0.075,-0.155
2017-03-08 14:17:00,224.318,224.574,103.000,607.000,224.45,224.55,2500.000,5000.000,224.40,224.60,636.000,3244.000,224.35,224.60,10000.000,2500.000,224.35,224.65,2064.000,14113.000,27500.000,15000.000,224.274,224.687,224.286,224.708,0.000,-0.138
2017-03-08 14:18:00,224.582,224.627,100.000,3934.000,224.60,224.70,5000.000,2500.000,224.55,224.70,97.000,1190.000,224.55,224.75,5000.000,2500.000,224.50,224.75,3440.000,10906.000,17500.000,15000.000,224.382,224.782,224.471,224.817,0.025,-0.160
2017-03-08 14:19:00,224.556,224.719,435.000,436.000,224.55,224.75,2500.000,2500.000,224.60,224.80,476.000,812.000,224.50,224.80,5000.000,5000.000,224.55,224.85,4840.000,10547.000,22500.000,22500.000,224.404,224.901,224.467,224.961,-0.050,-0.150
2017-03-08 14:20:00,224.797,224.941,527.000,138.000,224.75,224.85,2500.000,7500.000,224.80,225.00,726.000,10.000,224.70,224.90,5000.000,5000.000,224.75,225.05,4358.000,3891.000,20000.000,20000.000,224.617,225.011,224.681,225.106,-0.100,-0.135
2017-03-08 14:21:00,224.612,224.782,244.000,816.000,224.70,224.80,2500.000,5000.000,224.65,224.85,60.000,3101.000,224.65,224.85,5000.000,2500.000,224.60,224.90,2498.000,16104.000,27500.000,22500.000,224.535,224.942,224.527,224.961,0.000,-0.148
2017-03-08 14:22:00,224.557,224.725,569.000,1938.000,224.50,224.70,5000.000,7500.000,224.55,224.75,1372.000,369.000,224.45,224.75,5000.000,5000.000,224.50,224.80,5514.000,7780.000,32500.000,22500.000,224.393,224.821,224.423,224.850,-0.050,-0.152
2017-03-08 14:23:00,224.678,224.833,60.000,378.000,224.65,224.80,2500.000,5000.000,224.70,224.90,476.000,435.000,224.60,224.85,5000.000,2500.000,224.65,224.95,5285.000,7648.000,22500.000,22500.000,224.496,224.962,224.589,225.044,-0.075,-0.171
2017-03-08 14:24:00,224.780,224.892,625.000,565.000,224.65,224.85,2500.000,5000.000,224.75,224.95,1015.000,130.000,224.60,224.90,2500.000,10000.000,224.70,225.00,8619.000,6781.000,20000.000,25000.000,224.505,224.994,224.631,225.085,-0.100,-0.182
2017-03-08 14:25:00,224.839,224.907,627.000,10.000,224.70,224.85,2500.000,5000.000,224.80,224.95,715.000,132.000,224.65,224.90,5000.000,7500.000,224.75,225.00,10133.000,5729.000,17500.000,20000.000,224.545,225.005,224.707,225.075,-0.100,-0.198
2017-03-08 14:26:00,224.592,224.829,579.000,996.000,224.60,224.80,2500.000,5000.000,224.65,224.85,1316.000,598.000,224.55,224.85,2500.000,2500.000,224.60,224.90,6094.000,12465.000,22500.000,20000.000,224.493,224.962,224.528,224.994,-0.050,-0.175
2017-03-08 14:27:00,224.535,224.723,1846.000,917.000,224.50,224.70,2500.000,10000.000,224.55,224.70,60.000,246.000,224.45,224.75,5000.000,2500.000,224.50,224.75,4378.000,6797.000,37500.000,27500.000,224.418,224.824,224.400,224.845,-0.025,-0.162
2017-03-08 14:28:00,224.762,225.012,117.000,1618.000,224.85,224.95,5000.000,5000.000,224.85,225.00,436.000,1708.000,224.75,225.00,5000.000,2500.000,224.80,225.05,3006.000,11267.000,27500.000,15000.000,224.669,225.081,224.727,225.092,-0.025,-0.134
2017-03-08 14:29:00,224.830,224.995,536.000,155.000,224.70,224.90,2500.000,2500.000,224.80,224.95,937.000,1746.000,224.65,224.95,10000.000,7500.000,224.75,225.00,10731.000,9314.000,35000.000,20000.000,224.540,225.035,224.675,225.119,-0.075,-0.133
2017-03-08 14:30:00,224.807,224.955,263.000,960.000,224.65,224.90,7500.000,2500.000,224.75,224.95,943.000,1864.000,224.60,224.95,2500.000,7500.000,224.70,225.00,11872.000,10237.000,35000.000,20000.000,224.501,225.023,224.625,225.100,-0.075,-0.130
2017-03-08 14:31:00,224.805,224.931,100.000,477.000,224.65,224.75,7500.000,2500.000,224.75,224.95,943.000,222.000,224.60,224.85,2500.000,10000.000,224.70,225.00,12123.000,5609.000,32500.000,20000.000,224.501,224.953,224.623,225.044,-0.150,-0.142
2017-03-08 14:32:00,224.876,224.998,584.000,2.000,224.70,224.85,5000.000,5000.000,224.80,225.00,715.000,179.000,224.65,224.90,10000.000,2500.000,224.75,225.05,12507.000,5390.000,37500.000,15000.000,224.531,225.004,224.657,225.100,-0.125,-0.131
2017-03-08 14:33:00,224.863,224.975,339.000,600.000,224.70,224.85,2500.000,7500.000,224.85,225.00,752.000,545.000,224.65,224.90,10000.000,2500.000,224.80,225.05,12030.000,6104.000,27500.000,22500.000,224.538,224.982,224.750,225.150,-0.150,-0.136
2017-03-08 14:34:00,224.990,225.150,2695.000,51.000,224.90,225.00,2500.000,5000.000,225.05,225.20,222.000,492.000,224.85,225.10,12500.000,5000.000,225.00,225.25,12298.000,8643.000,22500.000,17500.000,224.770,225.215,224.972,225.293,-0.175,-0.145
2017-03-08 14:35:00,225.161,225.293,113.000,354.000,225.20,225.30,2500.000,2500.000,225.20,225.30,2564.000,1499.000,225.10,225.35,5000.000,2500.000,225.15,225.35,7105.000,12413.000,32500.000,20000.000,225.026,225.442,225.077,225.419,0.000,-0.143
2017-03-08 14:36:00,225.059,225.242,876.000,404.000,224.90,225.00,7500.000,2500.000,225.05,225.25,3050.000,2.000,224.85,225.10,10000.000,5000.000,225.00,225.30,14387.000,5274.000,42500.000,20000.000,224.768,225.216,224.900,225.394,-0.200,-0.123
2017-03-08 14:37:00,225.148,225.214,1832.000,364.000,225.10,225.20,7500.000,2500.000,225.10,225.30,4458.000,1463.000,225.00,225.25,2500.000,5000.000,225.05,225.35,11389.000,8531.000,30000.000,22500.000,224.953,225.315,225.017,225.411,-0.050,-0.123
2017-03-08 14:38:00,225.120,225.257,965.000,200.000,225.10,225.15,5000.000,2500.000,225.10,225.30,4458.000,528.000,225.00,225.20,5000.000,5000.000,225.05,225.35,13369.000,7600.000,35000.000,22500.000,224.908,225.293,224.986,225.456,-0.075,-0.127
2017-03-08 14:39:00,224.960,225.165,2060.000,1384.000,225.00,225.05,10000.000,2500.000,225.00,225.10,2315.000,4091.000,224.90,225.10,2500.000,2500.000,224.95,225.15,10855.000,15558.000,45000.000,12500.000,224.856,225.180,224.878,225.210,-0.025,-0.093
2017-03-08 14:40:00,225.178,225.303,556.000,530.000,225.15,225.20,2500.000,2500.000,225.20,225.35,2145.000,550.000,225.10,225.25,5000.000,5000.000,225.15,225.40,8232.000,7298.000,22500.000,20000.000,225.029,225.335,225.072,225.444,-0.100,-0.088
2017-03-08 14:41:00,225.113,225.195,374.000,2878.000,225.05,225.20,2500.000,2500.000,225.10,225.20,2526.000,1242.000,225.00,225.25,5000.000,5000.000,225.05,225.30,9105.000,12200.000,27500.000,22500.000,224.915,225.302,224.982,225.356,-0.025,-0.075
2017-03-08 14:42:00,225.122,225.186,459.000,3004.000,225.10,225.20,2500.000,2500.000,225.10,225.20,2526.000,3141.000,225.00,225.25,5000.000,2500.000,225.05,225.30,9190.000,12985.000,30000.000,22500.000,224.920,225.289,225.004,225.367,-0.000,-0.077
2017-03-08 14:43:00,225.085,225.242,1451.000,123.000,225.10,225.20,2500.000,2500.000,225.15,225.30,2500.000,2666.000,225.05,225.25,10000.000,10000.000,225.10,225.35,6020.000,11243.000,32500.000,30000.000,225.028,225.315,225.031,225.400,-0.075,-0.060
2017-03-08 14:44:00,225.127,225.163,2373.000,5.000,224.95,225.00,5000.000,5000.000,225.05,225.25,2500.000,76.000,224.90,225.15,12500.000,2500.000,225.00,225.30,16849.000,4153.000,32500.000,25000.000,224.827,225.254,224.965,225.360,-0.175,-0.073
2017-03-08 14:45:00,225.038,225.139,1851.000,3579.000,225.00,225.10,12500.000,2500.000,225.00,225.10,4803.000,860.000,224.90,225.15,10000.000,2500.000,224.95,225.20,13813.000,12944.000,50000.000,20000.000,224.860,225.196,224.900,225.250,0.000,-0.064
2017-03-08 14:46:00,225.216,225.232,2186.000,1196.000,225.05,225.20,2500.000,5000.000,225.15,225.30,4728.000,500.000,225.00,225.25,5000.000,5000.000,225.10,225.35,17058.000,6288.000,27500.000,27500.000,224.930,225.316,225.027,225.409,-0.100,-0.076
2017-03-08 14:47:00,225.142,225.218,4197.000,696.000,225.00,225.20,12500.000,2500.000,225.10,225.25,2647.000,884.000,224.95,225.25,2500.000,7500.000,225.05,225.30,14956.000,8288.000,40000.000,22500.000,224.901,225.341,225.009,225.350,-0.075,-0.066
2017-03-08 14:48:00,225.135,225.207,354.000,10.000,225.05,225.10,5000.000,2500.000,225.10,225.25,4114.000,686.000,225.00,225.20,2500.000,10000.000,225.05,225.30,12054.000,7296.000,32500.000,25000.000,224.931,225.282,224.988,225.345,-0.100,-0.074
2017-03-08 14:49:00,225.125,225.227,63.000,902.000,225.10,225.20,2500.000,2500.000,225.10,225.25,243.000,3201.000,225.05,225.25,7500.000,10000.000,225.05,225.30,8105.000,11051.000,37500.000,22500.000,224.974,225.323,224.990,225.344,-0.025,-0.073
2017-03-08 14:50:00,225.114,225.172,55.000,805.000,225.05,225.15,5000.000,2500.000,225.05,225.20,1666.000,3433.000,225.00,225.20,15000.000,2500.000,225.00,225.25,11538.000,10705.000,37500.000,20000.000,224.911,225.274,224.960,225.300,-0.025,-0.076
2017-03-08 14:51:00,225.094,225.169,986.000,240.000,225.00,225.10,5000.000,5000.000,225.05,225.20,2081.000,355.000,224.95,225.15,15000.000,5000.000,225.00,225.25,10890.000,5887.000,37500.000,22500.000,224.892,225.216,224.960,225.283,-0.075,-0.082
2017-03-08 14:52:00,225.136,225.160,2049.000,197.000,224.95,225.10,10000.000,7500.000,225.05,225.20,2722.000,295.000,224.90,225.15,10000.000,5000.000,225.00,225.25,16726.000,4581.000,37500.000,25000.000,224.826,225.236,224.967,225.275,-0.100,-0.112
2017-03-08 14:53:00,225.003,225.112,4110.000,4.000,224.90,225.00,10000.000,5000.000,225.00,225.10,2877.000,60.000,224.85,225.05,5000.000,7500.000,224.95,225.15,14257.000,5718.000,45000.000,27500.000,224.804,225.132,224.869,225.182,-0.100,-0.112
2017-03-08 14:54:00,224.998,225.095,24.000,3402.000,224.95,225.05,10000.000,2500.000,225.00,225.05,1533.000,984.000,224.90,225.10,2500.000,5000.000,224.95,225.10,9691.000,12074.000,47500.000,22500.000,224.807,225.159,224.861,225.156,-0.025,-0.105
2017-03-08 14:55:00,224.913,224.989,2462.000,876.000,224.75,224.90,5000.000,2500.000,224.85,225.00,314.000,476.000,224.70,224.95,17500.000,5000.000,224.80,225.05,9859.000,3945.000,40000.000,17500.000,224.629,225.008,224.759,225.093,-0.100,-0.104
2017-03-08 14:56:00,224.891,224.993,2601.000,500.000,224.85,224.90,7500.000,7500.000,224.90,225.00,400.000,960.000,224.80,224.95,2500.000,5000.000,224.85,225.05,6178.000,4719.000,27500.000,22500.000,224.752,224.998,224.791,225.078,-0.075,-0.096
2017-03-08 14:57:00,224.920,225.097,165.000,17.000,224.90,224.95,2500.000,2500.000,224.95,225.10,2104.000,1081.000,224.85,225.00,10000.000,5000.000,224.90,225.15,5592.000,5016.000,32500.000,15000.000,224.790,225.087,224.842,225.192,-0.100,-0.070
2017-03-08 14:58:00,224.976,225.086,510.000,30.000,224.95,225.00,10000.000,5000.000,224.95,225.10,160.000,2722.000,224.90,225.10,12500.000,5000.000,224.90,225.15,9408.000,11615.000,47500.000,22500.000,224.803,225.201,224.858,225.189,-0.050,-0.069
2017-03-08 14:59:00,225.120,225.179,766.000,271.000,224.95,225.15,5000.000,2500.000,225.05,225.20,3098.000,953.000,224.90,225.20,7500.000,7500.000,225.00,225.30,12285.000,7112.000,35000.000,25000.000,224.805,225.284,224.943,225.355,-0.075,-0.074
2017-03-08 15:00:00,225.069,225.138,378.000,112.000,224.90,224.95,15000.000,2500.000,225.00,225.15,2782.000,14.000,224.85,225.00,7500.000,5000.000,224.95,225.20,12625.000,1588.000,50000.000,22500.000,224.776,225.166,224.900,225.261,-0.150,-0.081
2017-03-08 15:01:00,225.218,225.281,170.000,3007.000,225.25,225.30,2500.000,2500.000,225.20,225.30,601.000,339.000,225.10,225.35,7500.000,2500.000,225.15,225.35,9939.000,12965.000,42500.000,30000.000,225.015,225.423,225.071,225.429,0.025,-0.095
2017-03-08 15:02:00,225.301,225.348,340.000,100.000,225.20,225.35,7500.000,2500.000,225.20,225.40,595.000,3420.000,225.15,225.40,10000.000,10000.000,225.15,225.45,12042.000,11412.000,40000.000,27500.000,225.033,225.477,225.091,225.486,-0.025,-0.126
2017-03-08 15:03:00,225.012,225.120,462.000,2194.000,224.90,225.00,10000.000,2500.000,225.00,225.10,6695.000,128.000,224.85,225.05,5000.000,5000.000,224.95,225.15,16787.000,7584.000,40000.000,17500.000,224.793,225.096,224.897,225.221,-0.100,-0.135
2017-03-08 15:04:00,225.027,225.113,1027.000,229.000,224.90,225.00,10000.000,2500.000,225.00,225.10,6918.000,60.000,224.85,225.05,2500.000,5000.000,224.95,225.15,17815.000,5315.000,40000.000,17500.000,224.797,225.129,224.894,225.200,-0.100,-0.144
2017-03-08 15:05:00,225.025,225.127,163.000,643.000,224.95,225.00,7500.000,2500.000,225.00,225.10,248.000,60.000,224.90,225.05,2500.000,5000.000,224.95,225.15,10630.000,6496.000,37500.000,17500.000,224.803,225.125,224.887,225.200,-0.075,-0.164
2017-03-08 15:06:00,225.041,225.171,640.000,196.000,224.95,225.00,2500.000,2500.000,225.05,225.20,3824.000,60.000,224.90,225.10,37500.000,5000.000,225.00,225.25,12155.000,6040.000,55000.000,27500.000,224.828,225.215,224.973,225.341,-0.150,-0.169
2017-03-08 15:07:00,224.983,225.187,380.000,228.000,224.95,225.00,2500.000,2500.000,225.05,225.10,3102.000,300.000,224.90,225.05,32500.000,2500.000,225.00,225.20,9667.000,7721.000,60000.000,15000.000,224.831,225.137,224.952,225.242,-0.100,-0.144
2017-03-08 15:08:00,225.085,225.238,763.000,500.000,224.95,225.00,2500.000,2500.000,225.10,225.25,1107.000,212.000,224.90,225.05,5000.000,7500.000,225.05,225.30,13807.000,3418.000,55000.000,27500.000,224.796,225.144,224.989,225.359,-0.200,-0.133
2017-03-08 15:09:00,224.988,225.118,1090.000,2661.000,224.95,225.00,15000.000,7500.000,225.00,225.10,722.000,2912.000,224.90,225.05,2500.000,5000.000,224.95,225.15,9271.000,10560.000,55000.000,22500.000,224.812,225.093,224.900,225.183,-0.075,-0.116
2017-03-08 15:10:00,225.173,225.376,263.000,500.000,225.10,225.15,10000.000,22500.000,225.35,225.40,148.000,1776.000,225.05,225.20,12500.000,2500.000,225.25,225.45,17779.000,9445.000,37500.000,45000.000,224.962,225.294,225.230,225.489,-0.250,-0.101
2017-03-08 15:11:00,225.187,225.343,3148.000,100.000,225.15,225.25,2500.000,5000.000,225.30,225.40,2500.000,3076.000,225.10,225.35,10000.000,2500.000,225.25,225.45,11561.000,11907.000,25000.000,30000.000,225.062,225.446,225.205,225.496,-0.150,-0.102
2017-03-08 15:12:00,225.231,225.308,361.000,16.000,225.20,225.25,7500.000,2500.000,225.25,225.35,1056.000,5256.000,225.15,225.30,12500.000,5000.000,225.20,225.40,8444.000,10209.000,35000.000,27500.000,225.067,225.345,225.164,225.468,-0.075,-0.096
2017-03-08 15:13:00,225.445,225.542,189.000,2692.000,225.45,225.50,2500.000,7500.000,225.50,225.60,2556.000,2900.000,225.35,225.55,7500.000,7500.000,225.45,225.65,6750.000,10295.000,22500.000,27500.000,225.292,225.576,225.411,225.686,-0.075,-0.088
2017-03-08 15:14:00,225.486,225.532,253.000,1142.000,225.45,225.50,5000.000,5000.000,225.55,225.60,2555.000,202.000,225.40,225.55,10000.000,7500.000,225.45,225.65,6753.000,6291.000,22500.000,27500.000,225.322,225.616,225.439,225.691,-0.100,-0.098
2017-03-08 15:15:00,225.479,225.604,122.000,75.000,225.45,225.55,10000.000,7500.000,225.55,225.70,492.000,1270.000,225.40,225.60,7500.000,7500.000,225.50,225.75,4878.000,6273.000,25000.000,32500.000,225.288,225.702,225.480,225.865,-0.125,-0.072
2017-03-08 15:16:00,225.232,225.396,2507.000,60.000,225.20,225.35,5000.000,5000.000,225.30,225.45,200.000,1215.000,225.15,225.40,7500.000,7500.000,225.25,225.50,5999.000,7899.000,30000.000,27500.000,225.099,225.485,225.192,225.532,-0.100,-0.037
2017-03-08 15:17:00,225.463,225.508,51.000,348.000,225.45,225.50,5000.000,2500.000,225.50,225.60,664.000,692.000,225.40,225.55,5000.000,2500.000,225.45,225.65,5676.000,6382.000,20000.000,27500.000,225.324,225.632,225.419,225.718,-0.075,-0.027
2017-03-08 15:18:00,225.447,225.505,3889.000,442.000,225.40,225.50,5000.000,2500.000,225.40,225.50,271.000,1372.000,225.35,225.55,2500.000,2500.000,225.35,225.60,8604.000,8054.000,30000.000,20000.000,225.312,225.603,225.258,225.669,-0.000,0.002
2017-03-08 15:19:00,225.453,225.553,2409.000,318.000,225.40,225.45,5000.000,5000.000,225.50,225.60,2771.000,254.000,225.35,225.50,5000.000,2500.000,225.45,225.65,10734.000,5197.000,25000.000,25000.000,225.304,225.590,225.360,225.695,-0.125,0.024
2017-03-08 15:20:00,225.430,225.424,906.000,694.000,225.40,225.55,5000.000,2500.000,225.35,225.50,71.000,4583.000,225.35,225.60,2500.000,5000.000,225.30,225.60,5198.000,10460.000,22500.000,25000.000,225.243,225.657,225.250,225.665,0.050,0.011
2017-03-08 15:21:00,225.602,225.590,4779.000,1065.000,225.55,225.70,5000.000,7500.000,225.50,225.70,1331.000,1041.000,225.50,225.75,5000.000,2500.000,225.45,225.75,7989.000,6557.000,17500.000,20000.000,225.504,225.823,225.421,225.775,0.025,0.001
2017-03-08 15:22:00,225.607,225.603,2098.000,500.000,225.65,225.80,10000.000,2500.000,225.50,225.65,259.000,4284.000,225.60,225.85,2500.000,5000.000,225.45,225.70,4020.000,13304.000,27500.000,17500.000,225.579,225.923,225.418,225.750,0.150,0.031
2017-03-08 15:23:00,225.683,225.595,660.000,7.000,225.70,225.75,2500.000,2500.000,225.55,225.70,131.000,932.000,225.65,225.80,5000.000,2500.000,225.50,225.75,2666.000,4976.000,22500.000,25000.000,225.572,225.871,225.400,225.830,0.100,0.026
2017-03-08 15:24:00,225.838,225.831,1726.000,836.000,225.85,226.00,12500.000,5000.000,225.75,225.90,431.000,479.000,225.80,226.05,7500.000,5000.000,225.70,225.95,2623.000,4181.000,37500.000,30000.000,225.814,226.136,225.647,225.996,0.100,0.051
2017-03-08 15:25:00,225.576,225.632,70.000,208.000,225.45,225.50,7500.000,5000.000,225.55,225.70,190.000,782.000,225.40,225.60,7500.000,5000.000,225.50,225.75,4766.000,2804.000,27500.000,22500.000,225.267,225.687,225.473,225.794,-0.150,0.159
2017-03-08 15:26:00,225.214,225.250,393.000,430.000,225.20,225.25,7500.000,5000.000,225.10,225.25,14.000,3049.000,225.15,225.30,12500.000,2500.000,225.05,225.35,3101.000,4958.000,65000.000,35000.000,225.022,225.328,225.006,225.396,0.050,0.159
2017-03-08 15:27:00,225.344,225.190,325.000,561.000,225.20,225.35,2500.000,2500.000,225.05,225.15,200.000,300.000,225.15,225.40,37500.000,5000.000,225.00,225.25,3588.000,2805.000,55000.000,17500.000,225.040,225.467,224.980,225.300,0.175,0.159
2017-03-08 15:28:00,225.056,224.995,7.000,302.000,224.95,225.00,2500.000,12500.000,224.90,225.00,2450.000,210.000,224.90,225.15,2500.000,2500.000,224.85,225.05,2895.000,1223.000,27500.000,27500.000,224.881,225.190,224.759,225.082,0.025,0.159
2017-03-08 15:29:00,224.750,224.616,887.000,1698.000,224.90,225.00,12500.000,7500.000,224.55,224.65,205.000,67.000,224.80,225.05,2500.000,12500.000,224.50,224.70,1396.000,7375.000,27500.000,27500.000,224.813,225.195,224.468,224.718,0.350,0.159
2017-03-08 15:30:00,224.961,224.476,100.000,330.000,224.70,225.00,5000.000,12500.000,224.25,224.75,10.000,67.000,224.60,225.05,2500.000,5000.000,224.10,224.80,805.000,657.000,22500.000,25000.000,224.528,225.125,223.994,224.835,0.350,0.159
2017-03-09 09:16:00,224.181,224.262,386.000,51.000,224.05,224.25,2500.000,2500.000,224.15,224.35,465.000,200.000,224.00,224.30,5000.000,2500.000,224.10,224.40,1826.000,1380.000,17500.000,12500.000,223.947,224.425,223.921,224.510,-0.100,-0.018
2017-03-09 09:17:00,224.135,224.350,3106.000,1.000,224.05,224.25,2500.000,5000.000,224.20,224.40,3923.000,165.000,224.00,224.30,2500.000,5000.000,224.15,224.50,8175.000,4980.000,17500.000,20000.000,224.004,224.476,223.979,224.581,-0.150,0.080
2017-03-09 09:18:00,225.038,224.950,100.000,428.000,225.00,225.10,20000.000,5000.000,224.85,225.15,481.000,50.000,224.90,225.15,2500.000,5000.000,224.75,225.20,2446.000,2289.000,35000.000,27500.000,224.831,225.217,224.714,225.327,0.050,0.084
2017-03-09 09:19:00,225.233,225.100,196.000,549.000,225.10,225.15,2500.000,2500.000,225.00,225.25,272.000,50.000,225.00,225.20,2500.000,5000.000,224.95,225.30,4769.000,1454.000,20000.000,20000.000,224.889,225.248,224.706,225.356,0.000,0.083
2017-03-09 09:20:00,225.074,225.108,245.000,60.000,225.00,225.05,7500.000,2500.000,224.95,225.15,1988.000,376.000,224.90,225.10,5000.000,2500.000,224.80,225.25,9987.000,3935.000,32500.000,15000.000,224.815,225.211,224.677,225.300,-0.025,0.125
2017-03-09 09:21:00,225.360,225.423,2413.000,1.000,225.25,225.30,2500.000,5000.000,225.30,225.50,3377.000,1200.000,225.20,225.40,2500.000,2500.000,225.25,225.55,10166.000,3006.000,17500.000,15000.000,225.156,225.484,225.114,225.583,-0.125,0.170
2017-03-09 09:22:00,225.965,225.692,486.000,1.000,225.85,225.95,10000.000,2500.000,225.80,225.95,1237.000,4787.000,225.80,226.05,2500.000,7500.000,225.70,226.00,13327.000,10783.000,20000.000,27500.000,225.733,226.153,225.594,226.123,0.025,0.153
2017-03-09 09:23:00,225.856,225.744,50.000,556.000,225.75,225.90,5000.000,2500.000,225.70,225.90,500.000,161.000,225.70,225.95,2500.000,5000.000,225.65,226.00,10488.000,7531.000,17500.000,25000.000,225.620,226.036,225.571,226.100,0.025,0.133
2017-03-09 09:24:00,225.820,225.694,730.000,110.000,225.70,225.90,10000.000,2500.000,225.60,225.85,382.000,376.000,225.65,225.95,5000.000,2500.000,225.50,225.90,10207.000,9149.000,25000.000,20000.000,225.545,226.042,225.465,226.000,0.075,0.115
2017-03-09 09:25:00,226.115,225.936,44.000,50.000,226.10,226.15,2500.000,2500.000,225.95,226.10,286.000,362.000,226.05,226.20,2500.000,5000.000,225.85,226.20,2779.000,3375.000,12500.000,22500.000,225.927,226.307,225.760,226.328,0.100,0.103
2017-03-09 09:26:00,226.116,225.953,640.000,2.000,226.00,226.20,5000.000,5000.000,225.85,226.15,406.000,388.000,225.95,226.25,2500.000,2500.000,225.75,226.20,4511.000,3760.000,17500.000,20000.000,225.852,226.363,225.693,226.250,0.100,0.095
2017-03-09 09:27:00,226.143,225.955,649.000,210.000,226.00,226.20,2500.000,2500.000,225.90,226.10,421.000,248.000,225.95,226.25,2500.000,2500.000,225.75,226.15,8420.000,5798.000,12500.000,12500.000,225.847,226.360,225.700,226.210,0.100,0.102
2017-03-09 09:28:00,225.912,225.900,100.000,7.000,226.05,226.15,2500.000,5000.000,225.80,226.05,50.000,202.000,225.95,226.20,2500.000,2500.000,225.75,226.10,1223.000,5499.000,15000.000,20000.000,225.857,226.324,225.692,226.144,0.175,0.173
2017-03-09 09:29:00,225.960,225.925,110.000,135.000,226.15,226.20,5000.000,2500.000,225.80,226.10,354.000,159.000,226.05,226.25,5000.000,2500.000,225.75,226.15,1247.000,6270.000,17500.000,17500.000,226.003,226.364,225.707,226.207,0.225,0.214
2017-03-09 09:30:00,225.955,225.836,880.000,42.000,225.90,226.00,2500.000,5000.000,225.70,225.95,364.000,265.000,225.85,226.15,5000.000,2500.000,225.65,226.05,4873.000,6029.000,20000.000,25000.000,225.784,226.241,225.581,226.135,0.125,0.228
2017-03-09 09:31:00,226.201,226.080,95.000,657.000,226.25,226.30,2500.000,5000.000,226.10,226.25,70.000,60.000,226.20,226.35,7500.000,7500.000,226.00,226.30,2956.000,7564.000,20000.000,30000.000,226.070,226.459,225.944,226.358,0.100,0.225
2017-03-09 09:32:00,226.572,226.350,272.000,5.000,226.50,226.55,2500.000,12500.000,226.30,226.50,60.000,651.000,226.40,226.60,2500.000,2500.000,226.25,226.55,7820.000,4723.000,15000.000,30000.000,226.269,226.693,226.200,226.575,0.125,0.230
2017-03-09 09:33:00,226.416,226.048,10.000,32.000,226.20,226.30,5000.000,5000.000,226.05,226.30,426.000,10.000,226.15,226.35,5000.000,2500.000,226.00,226.35,6460.000,1028.000,17500.000,37500.000,226.026,226.451,225.964,226.437,0.075,0.207
2017-03-09 09:34:00,226.257,226.015,773.000,492.000,226.30,226.35,5000.000,5000.000,226.00,226.20,332.000,127.000,226.20,226.40,2500.000,5000.000,225.80,226.25,3093.000,5082.000,20000.000,22500.000,226.134,226.483,225.787,226.294,0.225,0.207
2017-03-09 09:35:00,226.387,226.200,432.000,6.000,226.30,226.40,2500.000,2500.000,226.20,226.30,898.000,505.000,226.25,226.45,2500.000,5000.000,226.10,226.40,8115.000,5114.000,27500.000,40000.000,226.159,226.558,226.000,226.469,0.100,0.233
2017-03-09 09:36:00,226.308,226.200,377.000,933.000,226.30,226.50,7500.000,2500.000,226.10,226.30,608.000,238.000,226.25,226.55,12500.000,2500.000,226.00,226.40,3382.000,7675.000,37500.000,27500.000,226.181,226.629,225.913,226.477,0.200,0.259
2017-03-09 09:37:00,226.594,226.348,584.000,75.000,226.45,226.65,7500.000,12500.000,226.25,226.50,520.000,402.000,226.40,226.70,7500.000,2500.000,226.20,226.60,7398.000,5254.000,27500.000,35000.000,226.292,226.807,226.136,226.625,0.175,0.266
2017-03-09 09:38:00,226.546,226.291,110.000,195.000,226.40,226.45,2500.000,10000.000,226.20,226.45,110.000,5.000,226.35,226.50,2500.000,15000.000,226.10,226.50,4643.000,965.000,22500.000,35000.000,226.250,226.564,226.028,226.529,0.100,0.280
2017-03-09 09:39:00,226.592,226.353,593.000,578.000,226.60,226.70,5000.000,7500.000,226.25,226.45,420.000,1594.000,226.50,226.75,2500.000,7500.000,226.20,226.50,3432.000,5903.000,22500.000,22500.000,226.418,226.808,226.061,226.517,0.300,0.298
2017-03-09 09:40:00,226.529,226.211,500.000,24.000,226.40,226.50,2500.000,2500.000,226.20,226.35,707.000,1742.000,226.35,226.65,2500.000,5000.000,226.15,226.40,8168.000,6348.000,17500.000,27500.000,226.265,226.728,226.043,226.459,0.175,0.292
2017-03-09 09:41:00,226.337,226.100,695.000,3.000,226.25,226.40,5000.000,2500.000,226.05,226.20,926.000,60.000,226.20,226.45,5000.000,2500.000,226.00,226.30,4945.000,4351.000,22500.000,17500.000,226.121,226.532,225.928,226.371,0.200,0.277
2017-03-09 09:42:00,226.751,226.466,62.000,105.000,226.80,226.85,5000.000,2500.000,226.60,226.70,304.000,369.000,226.75,226.90,2500.000,5000.000,226.50,226.75,4342.000,10045.000,15000.000,77500.000,226.663,227.001,226.417,226.808,0.175,0.276
2017-03-09 09:43:00,226.952,226.633,7.000,840.000,227.00,227.05,2500.000,7500.000,226.70,226.80,1041.000,1.000,226.90,227.10,2500.000,5000.000,226.65,226.95,6280.000,9404.000,12500.000,45000.000,226.793,227.222,226.540,227.006,0.275,0.262
2017-03-09 09:44:00,226.973,226.642,50.000,47.000,226.90,226.95,5000.000,2500.000,226.65,226.80,470.000,266.000,226.85,227.00,5000.000,2500.000,226.60,226.90,5749.000,3003.000,25000.000,35000.000,226.759,227.103,226.490,226.986,0.200,0.228
2017-03-09 09:45:00,226.634,226.347,40.000,375.000,226.55,226.70,5000.000,5000.000,226.25,226.50,191.000,542.000,226.45,226.75,2500.000,5000.000,226.20,226.60,3086.000,2722.000,15000.000,22500.000,226.358,226.809,226.167,226.622,0.250,0.209
2017-03-09 09:46:00,226.380,226.218,491.000,63.000,226.30,226.50,5000.000,2500.000,226.05,226.30,394.000,223.000,226.25,226.55,10000.000,5000.000,226.00,226.35,4405.000,4193.000,25000.000,17500.000,226.176,226.676,225.935,226.421,0.225,0.223
2017-03-09 09:47:00,226.295,226.017,550.000,54.000,226.30,226.35,2500.000,2500.000,226.00,226.15,58.000,468.000,226.25,226.45,2500.000,7500.000,225.80,226.20,2914.000,4818.000,22500.000,22500.000,226.175,226.538,225.711,226.244,0.250,0.218
2017-03-09 09:48:00,226.375,226.125,30.000,82.000,226.40,226.55,2500.000,2500.000,226.10,226.25,698.000,875.000,226.35,226.60,7500.000,5000.000,226.00,226.30,3768.000,10141.000,17500.000,17500.000,226.261,226.692,225.929,226.350,0.300,0.222
2017-03-09 09:49:00,225.827,225.666,959.000,105.000,225.85,226.05,5000.000,5000.000,225.55,225.80,647.000,286.000,225.80,226.10,5000.000,2500.000,225.50,225.85,4439.000,10102.000,25000.000,22500.000,225.744,226.217,225.390,225.911,0.275,0.247
2017-03-09 09:50:00,225.544,225.350,5.000,698.000,225.60,225.75,5000.000,5000.000,225.20,225.50,282.000,160.000,225.55,225.80,2500.000,5000.000,225.10,225.55,1663.000,6361.000,25000.000,25000.000,225.459,225.897,225.050,225.645,0.325,0.259
2017-03-09 09:51:00,225.746,225.517,530.000,3.000,225.70,225.75,2500.000,2500.000,225.40,225.55,1131.000,104.000,225.65,225.80,2500.000,2500.000,225.35,225.60,7122.000,4593.000,17500.000,12500.000,225.551,225.942,225.279,225.650,0.250,0.230
2017-03-09 09:52:00,225.806,225.550,33.000,1.000,225.85,225.90,2500.000,2500.000,225.55,225.70,510.000,277.000,225.80,225.95,5000.000,10000.000,225.50,225.75,2441.000,5055.000,15000.000,25000.000,225.697,226.063,225.408,225.845,0.250,0.218
2017-03-09 09:53:00,225.930,225.662,675.000,1042.000,225.85,226.00,15000.000,5000.000,225.55,225.85,476.000,60.000,225.80,226.05,2500.000,5000.000,225.50,225.95,3406.000,3430.000,25000.000,27500.000,225.728,226.111,225.480,226.009,0.225,0.202
2017-03-09 09:54:00,225.920,225.632,54.000,547.000,225.90,226.00,2500.000,7500.000,225.60,225.80,278.000,367.000,225.80,226.05,2500.000,5000.000,225.50,225.85,4378.000,5205.000,17500.000,25000.000,225.673,226.151,225.364,225.895,0.250,0.175
2017-03-09 09:55:00,225.910,225.658,10.000,76.000,225.85,225.95,2500.000,5000.000,225.60,225.80,1190.000,152.000,225.80,226.00,5000.000,2500.000,225.50,225.85,4506.000,3586.000,22500.000,22500.000,225.705,226.122,225.372,225.911,0.200,0.169
2017-03-09 09:56:00,226.121,226.034,134.000,3.000,226.10,226.15,7500.000,2500.000,225.90,226.10,326.000,85.000,226.05,226.25,5000.000,2500.000,225.85,226.15,2403.000,2862.000,25000.000,15000.000,225.968,226.354,225.810,226.250,0.125,0.207
2017-03-09 09:57:00,226.081,225.883,710.000,2.000,226.00,226.05,2500.000,5000.000,225.75,225.95,307.000,327.000,225.95,226.10,7500.000,2500.000,225.70,226.00,3547.000,1657.000,20000.000,17500.000,225.864,226.196,225.637,226.086,0.175,0.211
2017-03-09 09:58:00,226.215,226.029,13.000,13.000,226.15,226.20,12500.000,5000.000,225.85,226.10,160.000,1.000,226.10,226.25,2500.000,2500.000,225.80,226.15,1695.000,779.000,27500.000,15000.000,226.017,226.390,225.773,226.208,0.200,0.185
2017-03-09 09:59:00,225.957,225.803,207.000,548.000,225.95,226.10,2500.000,5000.000,225.65,225.90,345.000,307.000,225.90,226.15,5000.000,5000.000,225.60,225.95,3202.000,6120.000,20000.000,20000.000,225.793,226.249,225.512,226.056,0.250,0.166
2017-03-09 10:00:00,226.075,225.853,602.000,3.000,225.95,226.00,2500.000,5000.000,225.70,225.90,583.000,2.000,225.90,226.05,2500.000,5000.000,225.65,225.95,5095.000,1147.000,20000.000,20000.000,225.807,226.179,225.556,226.069,0.175,0.149
2017-03-09 10:01:00,225.904,225.625,208.000,696.000,225.85,226.00,7500.000,5000.000,225.50,225.70,501.000,506.000,225.80,226.05,5000.000,2500.000,225.45,225.75,3310.000,5376.000,20000.000,15000.000,225.698,226.098,225.419,225.817,0.325,0.145
2017-03-09 10:02:00,225.845,225.630,877.000,99.000,225.80,225.90,2500.000,2500.000,225.55,225.70,376.000,77.000,225.75,225.95,5000.000,7500.000,225.50,225.75,5881.000,5247.000,17500.000,20000.000,225.674,226.058,225.400,225.825,0.225,0.143
2017-03-09 10:03:00,225.903,225.847,33.000,3.000,226.00,226.05,2500.000,2500.000,225.70,225.85,151.000,135.000,225.95,226.10,5000.000,5000.000,225.65,225.90,2009.000,7528.000,20000.000,17500.000,225.830,226.231,225.581,226.043,0.250,0.161
2017-03-09 10:04:00,225.842,225.783,51.000,98.000,225.95,226.00,7500.000,5000.000,225.60,225.80,100.000,192.000,225.90,226.05,5000.000,5000.000,225.55,225.85,1084.000,4444.000,27500.000,17500.000,225.821,226.177,225.505,225.914,0.275,0.196
2017-03-09 10:05:00,225.896,225.759,635.000,50.000,225.85,226.05,2500.000,5000.000,225.60,225.80,917.000,276.000,225.80,226.10,2500.000,5000.000,225.55,225.85,6904.000,9029.000,20000.000,22500.000,225.720,226.221,225.475,225.956,0.250,0.199
2017-03-09 10:06:00,225.862,225.605,280.000,23.000,225.90,225.95,7500.000,5000.000,225.50,225.70,100.000,15.000,225.85,226.00,7500.000,5000.000,225.45,225.75,3154.000,5739.000,27500.000,22500.000,225.773,226.106,225.418,225.817,0.325,0.193
2017-03-09 10:07:00,225.724,225.520,50.000,722.000,225.70,225.85,5000.000,2500.000,225.40,225.55,668.000,911.000,225.65,225.90,2500.000,5000.000,225.35,225.60,5378.000,10527.000,22500.000,15000.000,225.539,225.973,225.289,225.642,0.300,0.183
2017-03-09 10:08:00,225.612,225.467,507.000,146.000,225.60,225.75,5000.000,5000.000,225.30,225.50,205.000,328.000,225.55,225.80,7500.000,2500.000,225.25,225.55,4399.000,7346.000,30000.000,15000.000,225.470,225.898,225.200,225.600,0.275,0.188
2017-03-09 10:09:00,225.626,225.391,50.000,3.000,225.65,225.70,2500.000,7500.000,225.30,225.45,576.000,101.000,225.55,225.75,2500.000,5000.000,225.25,225.50,4426.000,5359.000,17500.000,25000.000,225.465,225.846,225.186,225.590,0.300,0.170
2017-03-09 10:10:00,225.729,225.576,789.000,33.000,225.65,225.80,7500.000,5000.000,225.35,225.55,500.000,155.000,225.60,225.85,2500.000,7500.000,225.30,225.60,8183.000,7195.000,40000.000,22500.000,225.508,225.963,225.225,225.678,0.275,0.186
2017-03-09 10:11:00,225.717,225.488,95.000,15.000,225.65,225.70,2500.000,2500.000,225.35,225.50,650.000,353.000,225.60,225.75,2500.000,5000.000,225.30,225.55,7236.000,4255.000,27500.000,22500.000,225.494,225.871,225.218,225.639,0.250,0.195
2017-03-09 10:12:00,225.609,225.458,749.000,193.000,225.55,225.65,2500.000,5000.000,225.35,225.45,1316.000,4.000,225.50,225.70,5000.000,7500.000,225.25,225.50,7577.000,5363.000,22500.000,22500.000,225.419,225.835,225.200,225.622,0.200,0.221
2017-03-09 10:13:00,225.666,225.495,532.000,50.000,225.60,225.70,2500.000,7500.000,225.30,225.50,360.000,8.000,225.55,225.75,7500.000,5000.000,225.25,225.55,5487.000,3655.000,30000.000,22500.000,225.467,225.884,225.200,225.644,0.250,0.245
2017-03-09 10:14:00,225.631,225.483,562.000,4.000,225.60,225.70,5000.000,2500.000,225.30,225.45,970.000,51.000,225.55,225.75,7500.000,5000.000,225.25,225.50,4916.000,5079.000,37500.000,20000.000,225.480,225.853,225.170,225.662,0.275,0.275
2017-03-09 10:15:00,225.511,225.280,1232.000,38.000,225.40,225.50,7500.000,5000.000,225.10,225.30,646.000,6.000,225.35,225.55,2500.000,7500.000,225.05,225.35,9957.000,3855.000,30000.000,20000.000,225.275,225.681,225.000,225.438,0.250,0.283
2017-03-09 10:16:00,225.332,225.058,522.000,164.000,225.25,225.35,5000.000,2500.000,224.90,225.10,745.000,107.000,225.20,225.40,12500.000,5000.000,224.85,225.15,5270.000,3921.000,32500.000,15000.000,225.104,225.489,224.785,225.192,0.300,0.284
2017-03-09 10:17:00,225.226,224.943,160.000,142.000,225.25,225.30,2500.000,2500.000,224.80,224.95,695.000,2702.000,225.20,225.35,12500.000,10000.000,224.75,225.00,2878.000,6479.000,32500.000,22500.000,225.109,225.419,224.704,225.089,0.400,0.267
2017-03-09 10:18:00,225.143,224.855,272.000,2.000,225.15,225.20,5000.000,7500.000,224.70,224.90,720.000,3.000,225.10,225.25,2500.000,2500.000,224.65,224.95,3617.000,5051.000,25000.000,22500.000,225.036,225.329,224.550,225.061,0.375,0.261
2017-03-09 10:19:00,225.191,224.893,150.000,520.000,225.15,225.30,2500.000,5000.000,224.75,224.95,325.000,2507.000,225.10,225.35,2500.000,7500.000,224.70,225.00,6295.000,9343.000,25000.000,25000.000,225.005,225.430,224.580,225.100,0.375,0.236
2017-03-09 10:20:00,225.174,224.905,352.000,57.000,225.15,225.30,7500.000,7500.000,224.70,224.95,375.000,2957.000,225.10,225.35,7500.000,10000.000,224.60,225.00,5278.000,9019.000,40000.000,32500.000,225.012,225.430,224.562,225.127,0.400,0.218
2017-03-09 10:21:00,225.270,224.988,162.000,30.000,225.20,225.30,7500.000,2500.000,224.85,225.00,858.000,56.000,225.15,225.35,12500.000,2500.000,224.75,225.05,8821.000,7846.000,37500.000,12500.000,225.033,225.451,224.730,225.100,0.325,0.179
2017-03-09 10:22:00,225.291,225.097,133.000,396.000,225.30,225.45,2500.000,5000.000,225.00,225.15,260.000,956.000,225.25,225.50,2500.000,5000.000,224.90,225.20,3089.000,8283.000,25000.000,20000.000,225.163,225.570,224.835,225.231,0.300,0.217
2017-03-09 10:23:00,225.536,225.277,872.000,10.000,225.50,225.65,2500.000,2500.000,225.25,225.40,1127.000,1830.000,225.45,225.75,7500.000,5000.000,225.10,225.45,4677.000,7644.000,17500.000,20000.000,225.409,225.814,225.079,225.519,0.250,0.293
2017-03-09 10:24:00,225.653,225.476,51.000,108.000,225.65,225.75,2500.000,5000.000,225.35,225.55,490.000,58.000,225.60,225.80,5000.000,2500.000,225.30,225.60,4285.000,5387.000,22500.000,20000.000,225.509,225.936,225.256,225.681,0.250,0.295
2017-03-09 10:25:00,225.663,225.484,848.000,4.000,225.50,225.60,5000.000,2500.000,225.25,225.45,820.000,187.000,225.45,225.65,10000.000,2500.000,225.20,225.50,5161.000,808.000,35000.000,12500.000,225.391,225.731,225.114,225.590,0.200,0.282
2017-03-09 10:26:00,225.534,225.450,294.000,115.000,225.60,225.70,2500.000,5000.000,225.25,225.45,160.000,225.000,225.55,225.75,12500.000,2500.000,225.20,225.50,1741.000,6229.000,35000.000,17500.000,225.461,225.851,225.146,225.586,0.300,0.254
2017-03-09 10:27:00,226.412,226.025,3473.000,1328.000,226.40,226.50,7500.000,7500.000,225.95,226.00,550.000,2166.000,226.35,226.55,2500.000,2500.000,225.90,226.10,8678.000,11314.000,22500.000,17500.000,226.312,226.623,225.861,226.114,0.475,0.186
2017-03-09 10:28:00,226.314,225.675,25.000,513.000,226.30,226.35,7500.000,25000.000,225.65,225.80,252.000,2862.000,226.15,226.40,5000.000,7500.000,225.55,225.85,10813.000,9645.000,22500.000,42500.000,226.019,226.485,225.506,225.844,0.600,0.098
2017-03-09 10:29:00,225.521,225.333,199.000,1598.000,225.45,225.50,2500.000,10000.000,225.25,225.35,3291.000,2850.000,225.40,225.55,5000.000,7500.000,225.20,225.40,11651.000,7923.000,37500.000,30000.000,225.321,225.589,225.097,225.433,0.175,0.101
2017-03-09 10:30:00,225.139,225.027,454.000,231.000,225.05,225.15,10000.000,5000.000,225.00,225.15,4674.000,2824.000,225.00,225.20,5000.000,2500.000,224.95,225.20,11736.000,7145.000,22500.000,32500.000,224.946,225.252,224.939,225.273,0.025,0.083
2017-03-09 10:31:00,225.194,225.249,3954.000,2.000,225.15,225.20,2500.000,7500.000,225.20,225.25,439.000,444.000,225.10,225.25,47500.000,15000.000,225.15,225.30,14045.000,7487.000,65000.000,40000.000,225.047,225.360,225.123,225.328,-0.050,0.125
2017-03-09 10:32:00,225.570,225.520,78.000,800.000,225.60,225.70,22500.000,2500.000,225.50,225.60,222.000,3349.000,225.55,225.80,2500.000,7500.000,225.40,225.65,1816.000,8462.000,37500.000,30000.000,225.473,225.841,225.427,225.700,0.100,0.135
2017-03-09 10:33:00,225.554,225.356,876.000,2500.000,225.50,225.70,5000.000,5000.000,225.30,225.50,1637.000,1094.000,225.45,225.75,7500.000,2500.000,225.25,225.55,5623.000,8842.000,20000.000,20000.000,225.402,225.802,225.200,225.613,0.200,0.122
2017-03-09 10:34:00,225.611,225.411,55.000,2757.000,225.60,225.65,2500.000,2500.000,225.30,225.45,876.000,341.000,225.50,225.70,12500.000,2500.000,225.25,225.50,5402.000,7753.000,22500.000,12500.000,225.406,225.735,225.222,225.550,0.250,0.082
2017-03-09 10:35:00,225.336,225.314,595.000,90.000,225.30,225.45,7500.000,2500.000,225.15,225.35,832.000,15.000,225.25,225.50,7500.000,5000.000,225.10,225.40,4722.000,5972.000,30000.000,15000.000,225.186,225.594,225.017,225.442,0.125,0.080
2017-03-09 10:36:00,225.359,225.203,50.000,179.000,225.40,225.45,2500.000,5000.000,225.15,225.30,160.000,2253.000,225.30,225.50,2500.000,2500.000,225.10,225.35,2773.000,5971.000,17500.000,20000.000,225.186,225.561,225.021,225.412,0.200,0.066
2017-03-09 10:37:00,225.321,225.224,687.000,55.000,225.25,225.40,2500.000,2500.000,225.10,225.25,936.000,2241.000,225.20,225.45,7500.000,5000.000,225.05,225.30,6609.000,7154.000,25000.000,17500.000,225.109,225.532,224.955,225.371,0.150,0.052
2017-03-09 10:38:00,225.341,225.208,570.000,553.000,225.20,225.40,5000.000,2500.000,225.05,225.25,540.000,2540.000,225.15,225.45,5000.000,5000.000,225.00,225.30,8833.000,7542.000,27500.000,20000.000,225.039,225.516,224.918,225.406,0.150,0.066
2017-03-09 10:39:00,225.163,225.162,727.000,154.000,225.10,225.25,10000.000,2500.000,225.05,225.20,2070.000,86.000,225.05,225.30,5000.000,2500.000,225.00,225.25,7699.000,5909.000,30000.000,20000.000,225.013,225.396,224.963,225.338,0.050,0.156
2017-03-09 10:40:00,225.225,225.209,153.000,4.000,225.30,225.35,2500.000,2500.000,225.10,225.25,1610.000,377.000,225.25,225.40,10000.000,5000.000,225.05,225.30,3572.000,8121.000,22500.000,17500.000,225.161,225.483,225.017,225.414,0.150,0.217
2017-03-09 10:41:00,225.477,225.394,303.000,406.000,225.50,225.65,5000.000,2500.000,225.30,225.45,160.000,440.000,225.45,225.70,7500.000,2500.000,225.25,225.50,3878.000,9361.000,25000.000,17500.000,225.354,225.806,225.215,225.571,0.200,0.244
2017-03-09 10:42:00,225.687,225.657,760.000,70.000,225.75,225.85,7500.000,2500.000,225.50,225.70,160.000,361.000,225.70,225.90,5000.000,5000.000,225.45,225.75,2300.000,6551.000,32500.000,17500.000,225.646,226.007,225.296,225.829,0.200,0.305
2017-03-09 10:43:00,225.994,225.793,1910.000,55.000,226.00,226.15,2500.000,2500.000,225.70,225.85,100.000,762.000,225.95,226.20,5000.000,2500.000,225.65,225.90,4833.000,10935.000,20000.000,17500.000,225.899,226.269,225.588,225.971,0.300,0.296
2017-03-09 10:44:00,226.311,225.861,925.000,18.000,226.25,226.35,2500.000,2500.000,225.85,226.00,1015.000,612.000,226.20,226.40,5000.000,2500.000,225.80,226.05,4407.000,2958.000,17500.000,17500.000,226.146,226.501,225.650,226.114,0.375,0.255
2017-03-09 10:45:00,226.196,225.876,1029.000,558.000,226.10,226.30,5000.000,2500.000,225.80,225.90,1873.000,3091.000,226.05,226.35,5000.000,2500.000,225.75,225.95,8656.000,8944.000,25000.000,17500.000,225.993,226.409,225.655,226.007,0.350,0.234
2017-03-09 10:46:00,226.091,225.874,1176.000,41.000,226.00,226.15,7500.000,2500.000,225.70,225.90,1210.000,1690.000,225.95,226.20,5000.000,5000.000,225.65,225.95,9075.000,6347.000,30000.000,17500.000,225.890,226.301,225.596,226.007,0.275,0.212
2017-03-09 10:47:00,226.127,225.788,834.000,123.000,225.95,226.05,2500.000,5000.000,225.75,225.90,2042.000,1762.000,225.90,226.10,5000.000,5000.000,225.70,225.95,10728.000,2201.000,15000.000,27500.000,225.825,226.108,225.658,226.055,0.175,0.184
2017-03-09 10:48:00,225.878,225.725,709.000,1.000,225.75,225.90,2500.000,2500.000,225.60,225.75,2766.000,311.000,225.70,225.95,7500.000,5000.000,225.55,225.80,8293.000,3918.000,27500.000,17500.000,225.652,226.026,225.459,225.893,0.150,0.201
2017-03-09 10:49:00,225.980,225.731,261.000,1552.000,225.85,225.95,5000.000,5000.000,225.60,225.85,365.000,307.000,225.80,226.00,2500.000,2500.000,225.55,225.90,7660.000,4225.000,20000.000,20000.000,225.688,226.058,225.494,226.019,0.175,0.163
2017-03-09 10:50:00,225.960,225.746,142.000,2338.000,225.85,225.95,2500.000,5000.000,225.65,225.80,375.000,311.000,225.80,226.00,5000.000,2500.000,225.60,225.85,7399.000,5308.000,17500.000,17500.000,225.697,226.040,225.550,225.929,0.175,0.143
2017-03-09 10:51:00,225.744,225.638,425.000,1.000,225.70,225.80,2500.000,5000.000,225.50,225.70,1437.000,478.000,225.65,225.85,2500.000,7500.000,225.45,225.75,7115.000,5234.000,20000.000,22500.000,225.537,225.958,225.375,225.844,0.150,0.152
2017-03-09 10:52:00,225.635,225.437,3.000,467.000,225.55,225.65,2500.000,2500.000,225.30,225.50,350.000,482.000,225.50,225.70,5000.000,5000.000,225.25,225.55,5025.000,3239.000,20000.000,17500.000,225.371,225.758,225.188,225.607,0.200,0.116
2017-03-09 10:53:00,225.763,225.523,313.000,202.000,225.70,225.75,2500.000,2500.000,225.55,225.60,160.000,6.000,225.65,225.80,2500.000,2500.000,225.40,225.65,6700.000,4192.000,15000.000,17500.000,225.541,225.921,225.358,225.729,0.150,0.105
2017-03-09 10:54:00,225.492,225.437,406.000,577.000,225.35,225.55,10000.000,2500.000,225.25,225.45,376.000,476.000,225.30,225.60,7500.000,5000.000,225.20,225.50,8400.000,5363.000,30000.000,17500.000,225.222,225.700,225.175,225.657,0.100,0.120
2017-03-09 10:55:00,225.294,225.180,756.000,24.000,225.10,225.25,5000.000,2500.000,225.15,225.20,1748.000,958.000,225.05,225.30,5000.000,2500.000,225.10,225.25,15225.000,3057.000,22500.000,15000.000,224.995,225.358,225.028,225.308,0.000,0.113
2017-03-09 10:56:00,225.397,225.247,63.000,3.000,225.20,225.35,2500.000,2500.000,225.15,225.30,434.000,633.000,225.15,225.40,12500.000,2500.000,225.10,225.35,11324.000,4353.000,25000.000,17500.000,225.026,225.483,225.065,225.400,0.050,0.083
2017-03-09 10:57:00,225.299,225.280,160.000,3.000,225.25,225.35,7500.000,2500.000,225.15,225.35,566.000,222.000,225.20,225.40,10000.000,2500.000,225.10,225.40,4459.000,4557.000,42500.000,20000.000,225.087,225.510,225.000,225.488,0.050,0.076
2017-03-09 10:58:00,225.347,225.161,506.000,492.000,225.15,225.35,2500.000,5000.000,225.10,225.30,584.000,898.000,225.10,225.40,2500.000,7500.000,225.05,225.35,11174.000,5582.000,25000.000,32500.000,224.988,225.481,224.960,225.412,0.050,0.009
2017-03-09 10:59:00,225.326,225.198,4.000,1035.000,225.20,225.35,2500.000,2500.000,225.15,225.20,897.000,926.000,225.15,225.40,2500.000,2500.000,225.05,225.25,10812.000,8396.000,42500.000,20000.000,225.036,225.466,224.979,225.319,0.100,-0.016
2017-03-09 11:00:00,225.353,225.274,271.000,150.000,225.30,225.35,15000.000,5000.000,225.25,225.35,476.000,227.000,225.25,225.40,2500.000,2500.000,225.15,225.40,6209.000,4040.000,32500.000,30000.000,225.162,225.505,225.146,225.450,0.025,-0.038
2017-03-09 11:01:00,225.275,225.275,102.000,510.000,225.25,225.35,5000.000,2500.000,225.05,225.25,4.000,1242.000,225.20,225.40,10000.000,5000.000,225.00,225.30,5479.000,7502.000,42500.000,17500.000,225.014,225.478,224.868,225.407,0.150,-0.038
2017-03-09 11:02:00,225.220,225.236,82.000,461.000,225.25,225.35,2500.000,2500.000,225.10,225.30,4.000,866.000,225.20,225.40,2500.000,5000.000,225.05,225.35,1814.000,5585.000,22500.000,22500.000,225.071,225.480,224.956,225.433,0.100,-0.021
2017-03-09 11:03:00,225.162,225.310,25.000,50.000,225.25,225.30,2500.000,2500.000,225.10,225.30,4.000,533.000,225.20,225.35,2500.000,2500.000,225.05,225.35,983.000,4776.000,25000.000,12500.000,225.078,225.451,224.960,225.440,0.075,0.024
2017-03-09 11:04:00,225.214,225.207,63.000,60.000,225.30,225.35,7500.000,2500.000,225.10,225.25,26.000,295.000,225.25,225.40,2500.000,5000.000,225.05,225.30,933.000,4886.000,22500.000,15000.000,225.132,225.495,225.022,225.358,0.150,0.047
2017-03-09 11:05:00,225.326,225.358,526.000,4.000,225.30,225.40,10000.000,2500.000,225.20,225.40,586.000,534.000,225.25,225.45,7500.000,5000.000,225.15,225.45,2195.000,2274.000,30000.000,15000.000,225.194,225.546,225.108,225.508,0.050,0.067
2017-03-09 11:06:00,225.336,225.338,676.000,115.000,225.35,225.40,5000.000,2500.000,225.20,225.40,639.000,339.000,225.30,225.45,10000.000,12500.000,225.15,225.45,2021.000,1953.000,27500.000,22500.000,225.290,225.542,225.105,225.489,0.075,0.093
2017-03-09 11:07:00,225.387,225.320,173.000,53.000,225.30,225.35,5000.000,2500.000,225.20,225.35,26.000,300.000,225.25,225.45,2500.000,2500.000,225.15,225.40,5777.000,4800.000,22500.000,15000.000,225.127,225.536,225.089,225.483,0.050,0.111
2017-03-09 11:08:00,225.347,225.268,26.000,43.000,225.25,225.30,2500.000,5000.000,225.20,225.30,583.000,5.000,225.20,225.35,5000.000,2500.000,225.10,225.35,7386.000,2813.000,22500.000,20000.000,225.099,225.475,225.050,225.419,0.025,0.115
2017-03-09 11:09:00,225.383,225.262,583.000,33.000,225.20,225.25,2500.000,2500.000,225.20,225.35,3631.000,2.000,225.15,225.30,2500.000,2500.000,225.15,225.40,19602.000,566.000,20000.000,22500.000,225.057,225.426,225.056,225.450,-0.050,0.109
2017-03-09 11:10:00,225.362,225.291,598.000,283.000,225.35,225.40,5000.000,2500.000,225.25,225.40,103.000,127.000,225.25,225.45,5000.000,12500.000,225.20,225.45,5826.000,5375.000,17500.000,25000.000,225.163,225.535,225.171,225.490,0.050,0.108
2017-03-09 11:11:00,225.453,225.327,1339.000,26.000,225.35,225.40,2500.000,2500.000,225.35,225.45,2600.000,244.000,225.30,225.45,2500.000,2500.000,225.25,225.50,13167.000,3164.000,12500.000,20000.000,225.236,225.552,225.210,225.569,-0.025,0.090
2017-03-09 11:12:00,225.456,225.297,717.000,69.000,225.35,225.40,2500.000,5000.000,225.35,225.45,2660.000,27.000,225.30,225.45,5000.000,2500.000,225.25,225.50,12327.000,2998.000,15000.000,27500.000,225.231,225.558,225.200,225.564,-0.025,0.056
2017-03-09 11:13:00,225.262,225.164,383.000,59.000,225.10,225.15,2500.000,2500.000,225.05,225.25,520.000,173.000,225.05,225.20,10000.000,5000.000,225.00,225.30,9882.000,2088.000,25000.000,20000.000,224.966,225.354,224.955,225.363,-0.025,0.034
2017-03-09 11:14:00,225.267,225.174,572.000,23.000,225.10,225.20,5000.000,2500.000,225.05,225.25,520.000,4.000,225.05,225.25,10000.000,5000.000,225.00,225.30,8971.000,1576.000,27500.000,20000.000,224.972,225.376,224.964,225.350,-0.000,0.046
2017-03-09 11:15:00,225.387,225.325,176.000,37.000,225.20,225.25,2500.000,7500.000,225.20,225.40,2670.000,10.000,225.15,225.30,7500.000,10000.000,225.15,225.45,16722.000,365.000,22500.000,27500.000,225.056,225.415,225.089,225.495,-0.075,0.063
2017-03-09 11:16:00,225.302,225.265,3029.000,7.000,225.15,225.25,2500.000,2500.000,225.20,225.35,2800.000,261.000,225.10,225.35,7500.000,7500.000,225.15,225.40,17388.000,5139.000,22500.000,27500.000,225.047,225.461,225.089,225.445,-0.075,0.069
2017-03-09 11:17:00,224.942,224.955,4962.000,56.000,224.85,224.95,2500.000,5000.000,224.90,225.05,2650.000,886.000,224.80,225.00,7500.000,5000.000,224.85,225.10,13747.000,5379.000,32500.000,42500.000,224.763,225.100,224.788,225.147,-0.075,0.094
2017-03-09 11:18:00,225.469,225.480,289.000,384.000,225.55,225.60,5000.000,2500.000,225.35,225.50,346.000,361.000,225.50,225.65,5000.000,2500.000,225.30,225.55,2048.000,7550.000,22500.000,15000.000,225.463,225.740,225.256,225.667,0.150,0.101
2017-03-09 11:19:00,225.246,225.092,876.000,540.000,225.05,225.25,2500.000,10000.000,225.00,225.20,3251.000,765.000,225.00,225.30,2500.000,7500.000,224.95,225.25,12743.000,5028.000,20000.000,27500.000,224.935,225.355,224.881,225.273,0.050,0.108
2017-03-09 11:20:00,225.136,224.988,99.000,194.000,225.05,225.10,2500.000,2500.000,225.05,225.15,1367.000,298.000,225.00,225.15,5000.000,7500.000,225.00,225.20,11307.000,4674.000,20000.000,65000.000,224.916,225.251,224.931,225.298,-0.025,0.082
2017-03-09 11:21:00,225.201,225.132,2600.000,37.000,225.10,225.15,5000.000,5000.000,225.15,225.25,250.000,43.000,225.05,225.20,5000.000,7500.000,225.05,225.30,14218.000,3151.000,27500.000,35000.000,224.988,225.324,224.977,225.375,-0.075,0.095
2017-03-09 11:22:00,225.327,225.217,142.000,10.000,225.20,225.25,2500.000,7500.000,225.15,225.30,400.000,63.000,225.15,225.30,5000.000,12500.000,225.10,225.35,14022.000,4527.000,27500.000,32500.000,225.029,225.416,225.036,225.385,-0.000,0.106
2017-03-09 11:23:00,225.309,225.283,299.000,60.000,225.20,225.30,7500.000,2500.000,225.10,225.30,575.000,989.000,225.15,225.35,2500.000,12500.000,225.05,225.35,12518.000,7684.000,57500.000,25000.000,225.030,225.454,224.937,225.390,0.050,0.125
2017-03-09 11:24:00,225.260,225.072,667.000,186.000,225.05,225.20,2500.000,2500.000,225.05,225.15,9316.000,442.000,225.00,225.25,2500.000,5000.000,225.00,225.20,22343.000,2947.000,15000.000,25000.000,224.947,225.319,224.933,225.245,0.025,0.120
2017-03-09 11:25:00,225.025,225.006,3795.000,32.000,225.00,225.05,2500.000,2500.000,224.85,225.00,1450.000,3.000,224.95,225.10,10000.000,5000.000,224.80,225.05,9245.000,5048.000,30000.000,15000.000,224.914,225.228,224.754,225.133,0.100,0.130
2017-03-09 11:26:00,225.197,225.066,268.000,30.000,225.05,225.10,2500.000,10000.000,224.95,225.15,3316.000,9.000,225.00,225.15,2500.000,2500.000,224.90,225.20,13008.000,1904.000,17500.000,22500.000,224.913,225.227,224.821,225.239,0.025,0.113
2017-03-09 11:27:00,225.123,224.959,2988.000,27.000,225.00,225.10,2500.000,2500.000,224.85,225.00,1250.000,655.000,224.95,225.15,5000.000,5000.000,224.80,225.05,12873.000,4892.000,22500.000,17500.000,224.885,225.218,224.744,225.100,0.125,0.111
2017-03-09 11:28:00,225.104,224.980,6564.000,37.000,225.00,225.05,2500.000,5000.000,224.95,225.00,1425.000,539.000,224.95,225.15,2500.000,2500.000,224.85,225.05,17665.000,4976.000,20000.000,17500.000,224.914,225.224,224.775,225.086,0.050,0.106
2017-03-09 11:29:00,225.103,224.941,5554.000,47.000,225.00,225.10,2500.000,2500.000,224.85,225.00,1250.000,284.000,224.95,225.15,5000.000,5000.000,224.80,225.05,13269.000,4925.000,20000.000,20000.000,224.912,225.229,224.744,225.106,0.125,0.096
2017-03-09 11:30:00,225.057,224.989,5454.000,105.000,225.00,225.05,10000.000,2500.000,224.90,225.00,1291.000,1.000,224.95,225.10,7500.000,2500.000,224.85,225.05,13598.000,4463.000,30000.000,15000.000,224.918,225.219,224.812,225.108,0.075,0.109
2017-03-09 11:31:00,225.053,225.003,5974.000,476.000,225.00,225.05,5000.000,2500.000,224.90,225.00,1150.000,1.000,224.95,225.10,2500.000,5000.000,224.85,225.05,16061.000,6273.000,22500.000,17500.000,224.912,225.216,224.783,225.129,0.075,0.122
2017-03-09 11:32:00,225.135,224.982,5273.000,63.000,225.00,225.15,5000.000,2500.000,224.90,225.00,850.000,1756.000,224.95,225.20,2500.000,5000.000,224.85,225.05,17063.000,7854.000,22500.000,20000.000,224.900,225.264,224.783,225.156,0.125,0.115
2017-03-09 11:33:00,225.071,224.972,4809.000,53.000,225.00,225.05,7500.000,2500.000,224.85,225.00,850.000,1.000,224.95,225.10,7500.000,5000.000,224.80,225.05,16260.000,5797.000,27500.000,17500.000,224.891,225.227,224.768,225.121,0.100,0.113
2017-03-09 11:34:00,225.124,225.013,3429.000,81.000,225.00,225.05,5000.000,5000.000,224.95,225.00,1021.000,258.000,224.95,225.15,5000.000,2500.000,224.90,225.05,18259.000,5929.000,30000.000,17500.000,224.884,225.231,224.833,225.093,0.050,0.127
2017-03-09 11:35:00,225.186,225.053,542.000,24.000,225.05,225.15,7500.000,2500.000,224.95,225.10,3429.000,1014.000,225.00,225.20,7500.000,7500.000,224.90,225.15,13426.000,4248.000,30000.000,20000.000,224.924,225.299,224.850,225.200,0.075,0.124
2017-03-09 11:36:00,225.241,225.128,60.000,540.000,225.10,225.20,5000.000,2500.000,225.00,225.15,213.000,2.000,225.05,225.25,5000.000,5000.000,224.95,225.20,10915.000,3850.000,27500.000,17500.000,224.958,225.345,224.905,225.264,0.075,0.126
2017-03-09 11:37:00,225.265,225.145,356.000,65.000,225.05,225.10,2500.000,5000.000,225.05,225.15,6805.000,457.000,225.00,225.25,5000.000,2500.000,225.00,225.20,22092.000,3736.000,25000.000,22500.000,224.923,225.345,224.925,225.278,-0.025,0.121
2017-03-09 11:38:00,225.211,225.125,52.000,31.000,225.05,225.10,5000.000,5000.000,225.05,225.15,6225.000,283.000,225.00,225.20,2500.000,2500.000,225.00,225.20,20178.000,4418.000,25000.000,30000.000,224.921,225.296,224.930,225.267,-0.025,0.122
2017-03-09 11:39:00,225.163,224.979,2443.000,1373.000,225.00,225.15,10000.000,2500.000,224.90,225.00,850.000,1035.000,224.95,225.20,10000.000,2500.000,224.85,225.05,16133.000,7148.000,32500.000,15000.000,224.875,225.240,224.815,225.133,0.125,0.096
2017-03-09 11:40:00,225.094,224.979,1868.000,57.000,225.00,225.05,2500.000,5000.000,224.95,225.00,880.000,921.000,224.95,225.10,5000.000,2500.000,224.90,225.05,18295.000,6312.000,25000.000,22500.000,224.869,225.206,224.850,225.150,0.050,0.108
2017-03-09 11:41:00,225.068,224.942,5299.000,57.000,225.00,225.05,7500.000,2500.000,224.85,225.00,880.000,922.000,224.95,225.10,5000.000,5000.000,224.80,225.05,18789.000,7771.000,25000.000,25000.000,224.888,225.210,224.760,225.225,0.100,0.115
2017-03-09 11:42:00,225.115,225.021,4757.000,57.000,225.00,225.05,15000.000,2500.000,224.85,225.05,1080.000,222.000,224.95,225.10,7500.000,2500.000,224.80,225.10,18447.000,3239.000,45000.000,20000.000,224.885,225.218,224.769,225.188,0.075,0.126
2017-03-09 11:43:00,225.105,225.012,3093.000,20.000,225.00,225.05,5000.000,5000.000,224.85,225.00,1080.000,219.000,224.95,225.10,5000.000,7500.000,224.80,225.05,19333.000,5608.000,37500.000,25000.000,224.864,225.225,224.743,225.140,0.100,0.136
2017-03-09 11:44:00,225.098,225.043,4740.000,15.000,225.00,225.05,2500.000,5000.000,224.85,225.00,1080.000,155.000,224.95,225.10,2500.000,7500.000,224.80,225.05,19537.000,5336.000,30000.000,22500.000,224.877,225.226,224.729,225.144,0.100,0.154
2017-03-09 11:45:00,225.172,225.000,4312.000,564.000,225.00,225.15,10000.000,2500.000,224.85,225.00,1080.000,1410.000,224.95,225.20,10000.000,7500.000,224.80,225.05,19315.000,7345.000,40000.000,20000.000,224.874,225.251,224.766,225.137,0.150,0.150
2017-03-09 11:46:00,225.077,224.915,4490.000,34.000,225.00,225.05,12500.000,2500.000,224.80,224.95,1080.000,123.000,224.95,225.10,2500.000,5000.000,224.75,225.00,16738.000,5746.000,30000.000,20000.000,224.887,225.224,224.729,225.106,0.150,0.151
2017-03-09 11:47:00,225.097,224.950,3982.000,123.000,225.00,225.05,10000.000,2500.000,224.85,224.95,1080.000,64.000,224.95,225.10,10000.000,5000.000,224.80,225.00,19206.000,5775.000,32500.000,20000.000,224.872,225.222,224.773,225.106,0.125,0.158
2017-03-09 11:48:00,225.093,224.947,4313.000,118.000,225.00,225.05,7500.000,2500.000,224.90,224.95,1235.000,64.000,224.95,225.10,5000.000,2500.000,224.85,225.00,20431.000,5763.000,30000.000,17500.000,224.882,225.223,224.817,225.093,0.100,0.170
2017-03-09 11:49:00,225.098,224.954,3653.000,168.000,225.00,225.05,15000.000,2500.000,224.85,225.00,1239.000,64.000,224.95,225.10,15000.000,5000.000,224.80,225.05,18989.000,5475.000,40000.000,17500.000,224.873,225.226,224.781,225.121,0.100,0.170
2017-03-09 11:50:00,225.096,224.945,2970.000,38.000,225.00,225.05,7500.000,2500.000,224.85,224.95,1080.000,64.000,224.95,225.10,12500.000,2500.000,224.80,225.00,18147.000,5823.000,35000.000,17500.000,224.867,225.223,224.764,225.093,0.125,0.195
2017-03-09 11:51:00,225.084,224.917,3177.000,87.000,225.00,225.05,15000.000,2500.000,224.80,224.95,1080.000,64.000,224.95,225.10,5000.000,5000.000,224.75,225.00,15520.000,4985.000,37500.000,20000.000,224.880,225.234,224.727,225.081,0.150,0.187
2017-03-09 11:52:00,225.098,224.913,2201.000,57.000,225.00,225.05,10000.000,5000.000,224.80,224.95,1080.000,64.000,224.95,225.10,2500.000,7500.000,224.75,225.00,16908.000,5377.000,25000.000,22500.000,224.865,225.225,224.720,225.083,0.150,0.184
2017-03-09 11:53:00,225.110,224.907,1080.000,41.000,224.95,225.00,15000.000,5000.000,224.80,224.95,4930.000,60.000,224.90,225.05,2500.000,7500.000,224.75,225.00,24596.000,1548.000,30000.000,22500.000,224.818,225.181,224.738,225.083,0.100,0.160
2017-03-09 11:54:00,225.048,224.905,598.000,281.000,224.95,225.00,7500.000,5000.000,224.75,224.95,5430.000,237.000,224.90,225.05,5000.000,7500.000,224.70,225.00,16419.000,4079.000,27500.000,25000.000,224.842,225.145,224.664,225.120,0.125,0.163
2017-03-09 11:55:00,225.057,224.780,671.000,316.000,224.95,225.00,2500.000,2500.000,224.75,224.90,5430.000,150.000,224.90,225.05,5000.000,5000.000,224.70,224.95,17799.000,4041.000,20000.000,30000.000,224.836,225.141,224.656,225.125,0.150,0.128
2017-03-09 11:56:00,225.108,224.980,850.000,404.000,224.95,225.00,7500.000,5000.000,224.85,225.00,5430.000,5.000,224.90,225.05,7500.000,2500.000,224.80,225.05,23910.000,1441.000,30000.000,20000.000,224.824,225.139,224.767,225.162,0.050,0.120
2017-03-09 11:57:00,225.101,224.931,1358.000,404.000,224.95,225.00,7500.000,5000.000,224.80,225.00,5430.000,5.000,224.90,225.05,7500.000,2500.000,224.75,225.05,20126.000,1441.000,25000.000,20000.000,224.828,225.139,224.725,225.162,0.075,0.105
2017-03-09 11:58:00,225.073,224.992,3498.000,391.000,224.95,225.00,5000.000,2500.000,224.85,225.00,3630.000,5.000,224.90,225.05,12500.000,2500.000,224.80,225.05,21014.000,2893.000,37500.000,22500.000,224.840,225.144,224.760,225.211,0.050,0.112
2017-03-09 11:59:00,225.096,224.940,2720.000,356.000,224.95,225.00,10000.000,7500.000,224.80,225.00,3630.000,5.000,224.90,225.05,17500.000,2500.000,224.75,225.05,19471.000,1610.000,45000.000,27500.000,224.830,225.143,224.725,225.118,0.075,0.102
2017-03-09 12:00:00,225.096,224.989,1788.000,286.000,224.95,225.00,7500.000,2500.000,224.85,225.00,5230.000,5.000,224.90,225.05,10000.000,2500.000,224.80,225.05,20775.000,1387.000,40000.000,17500.000,224.835,225.152,224.759,225.157,0.050,0.101
2017-03-09 12:01:00,225.113,225.028,1440.000,295.000,224.95,225.00,5000.000,2500.000,224.95,225.10,8065.000,5.000,224.90,225.05,2500.000,2500.000,224.90,225.15,26709.000,750.000,20000.000,20000.000,224.830,225.109,224.838,225.238,-0.050,0.107
2017-03-09 12:02:00,225.077,224.979,1423.000,633.000,224.95,225.00,2500.000,5000.000,224.85,225.00,5230.000,171.000,224.90,225.05,5000.000,2500.000,224.80,225.05,18350.000,2374.000,27500.000,25000.000,224.841,225.121,224.741,225.205,0.050,0.116
2017-03-09 12:03:00,225.096,224.980,3070.000,1112.000,224.95,225.00,5000.000,2500.000,224.90,225.05,3630.000,5.000,224.90,225.05,5000.000,2500.000,224.85,225.10,24033.000,2361.000,27500.000,22500.000,224.830,225.096,224.795,225.183,-0.000,0.113
2017-03-09 12:04:00,225.095,224.989,2977.000,759.000,224.95,225.00,2500.000,2500.000,224.95,225.05,6126.000,5.000,224.90,225.05,2500.000,2500.000,224.90,225.10,26807.000,2026.000,22500.000,25000.000,224.835,225.115,224.822,225.180,-0.025,0.113
2017-03-09 12:05:00,225.087,224.984,3673.000,833.000,224.95,225.00,2500.000,2500.000,224.95,225.05,6126.000,5.000,224.90,225.05,5000.000,2500.000,224.90,225.10,25882.000,2100.000,22500.000,25000.000,224.843,225.111,224.833,225.180,-0.025,0.116
2017-03-09 12:06:00,225.075,224.963,3087.000,873.000,224.95,225.00,2500.000,5000.000,224.95,225.00,6126.000,5.000,224.90,225.05,2500.000,2500.000,224.90,225.10,26693.000,4028.000,20000.000,30000.000,224.836,225.134,224.825,225.167,0.000,0.113
2017-03-09 12:07:00,225.052,224.910,3165.000,1503.000,224.95,225.00,5000.000,10000.000,224.85,225.05,3630.000,219.000,224.90,225.05,5000.000,5000.000,224.80,225.10,16405.000,3582.000,27500.000,37500.000,224.856,225.088,224.750,225.167,0.025,0.102
2017-03-09 12:08:00,225.055,224.954,2428.000,2169.000,224.95,225.00,7500.000,2500.000,224.85,225.05,3630.000,5.000,224.90,225.05,7500.000,5000.000,224.80,225.10,15668.000,3787.000,35000.000,30000.000,224.852,225.074,224.761,225.162,0.025,0.100
2017-03-09 12:09:00,225.061,224.955,1993.000,783.000,224.95,225.00,5000.000,2500.000,224.85,225.05,3630.000,5.000,224.90,225.05,7500.000,5000.000,224.80,225.10,15687.000,2750.000,30000.000,25000.000,224.847,225.129,224.754,225.175,0.025,0.095
2017-03-09 12:10:00,225.046,224.928,2445.000,101.000,224.95,225.00,7500.000,5000.000,224.80,225.00,3630.000,453.000,224.90,225.05,7500.000,7500.000,224.75,225.05,13406.000,2732.000,30000.000,27500.000,224.855,225.145,224.721,225.173,0.075,0.084
2017-03-09 12:11:00,225.089,224.994,2445.000,38.000,224.95,225.00,2500.000,2500.000,224.90,225.05,3130.000,101.000,224.90,225.05,10000.000,2500.000,224.85,225.10,17882.000,1731.000,32500.000,27500.000,224.831,225.176,224.796,225.191,-0.000,0.067
2017-03-09 12:12:00,225.090,225.000,2295.000,134.000,224.95,225.00,5000.000,5000.000,224.90,225.05,3130.000,35.000,224.90,225.05,10000.000,2500.000,224.85,225.10,17822.000,1757.000,35000.000,27500.000,224.829,225.171,224.804,225.182,-0.000,0.048
2017-03-09 12:13:00,225.090,224.998,2180.000,166.000,224.95,225.00,7500.000,5000.000,224.90,225.05,3160.000,35.000,224.90,225.05,7500.000,2500.000,224.85,225.10,17725.000,1813.000,35000.000,27500.000,224.829,225.167,224.807,225.182,-0.000,0.039
2017-03-09 12:14:00,225.087,225.008,2280.000,451.000,224.95,225.00,5000.000,5000.000,224.90,225.05,3160.000,35.000,224.90,225.05,7500.000,2500.000,224.85,225.10,17832.000,2123.000,37500.000,27500.000,224.829,225.144,224.800,225.182,-0.000,0.044
2017-03-09 12:15:00,225.103,225.037,3796.000,304.000,224.95,225.00,2500.000,2500.000,224.95,225.05,3130.000,35.000,224.90,225.05,2500.000,2500.000,224.90,225.10,24107.000,1810.000,32500.000,27500.000,224.824,225.146,224.819,225.191,-0.025,0.061
2017-03-09 12:16:00,225.078,225.072,3294.000,308.000,224.95,225.00,2500.000,2500.000,224.95,225.10,5630.000,35.000,224.90,225.05,5000.000,10000.000,224.90,225.15,22177.000,2804.000,32500.000,30000.000,224.837,225.147,224.827,225.233,-0.050,0.087
2017-03-09 12:17:00,225.076,225.081,3292.000,769.000,224.95,225.00,2500.000,2500.000,224.95,225.10,5630.000,35.000,224.90,225.05,5000.000,10000.000,224.90,225.15,22333.000,3266.000,32500.000,32500.000,224.837,225.126,224.831,225.246,-0.050,0.115
2017-03-09 12:18:00,225.091,225.040,5792.000,770.000,224.95,225.00,5000.000,2500.000,225.00,225.10,3469.000,35.000,224.90,225.05,5000.000,2500.000,224.90,225.15,26458.000,2087.000,35000.000,27500.000,224.839,225.115,224.850,225.227,-0.075,0.132
2017-03-09 12:19:00,225.078,224.977,3165.000,1292.000,224.95,225.00,2500.000,7500.000,224.90,225.05,3130.000,65.000,224.90,225.05,7500.000,5000.000,224.85,225.10,18870.000,3525.000,35000.000,35000.000,224.829,225.107,224.789,225.157,-0.000,0.139
2017-03-09 12:20:00,225.004,224.854,3152.000,1749.000,224.95,225.00,5000.000,7500.000,224.80,224.95,3130.000,708.000,224.90,225.05,7500.000,10000.000,224.75,225.00,11680.000,5594.000,30000.000,35000.000,224.876,225.092,224.696,225.046,0.100,0.123
2017-03-09 12:21:00,225.069,224.932,930.000,2519.000,224.95,225.00,2500.000,2500.000,224.90,224.95,3130.000,177.000,224.90,225.05,7500.000,7500.000,224.80,225.00,15705.000,5197.000,27500.000,20000.000,224.817,225.076,224.750,225.044,0.050,0.119
2017-03-09 12:22:00,225.059,224.925,1930.000,1131.000,224.95,225.00,2500.000,7500.000,224.85,225.00,3130.000,26.000,224.90,225.05,5000.000,2500.000,224.80,225.05,13474.000,3323.000,27500.000,32500.000,224.838,225.106,224.736,225.123,0.050,0.118
2017-03-09 12:23:00,225.076,224.941,850.000,67.000,224.95,225.00,10000.000,5000.000,224.85,225.00,4230.000,5.000,224.90,225.05,7500.000,2500.000,224.80,225.05,13493.000,1799.000,32500.000,25000.000,224.835,225.170,224.769,225.090,0.050,0.124
2017-03-09 12:24:00,225.083,224.945,800.000,41.000,224.95,225.00,12500.000,7500.000,224.85,225.00,563.000,5.000,224.90,225.05,7500.000,12500.000,224.80,225.10,10576.000,1908.000,37500.000,35000.000,224.813,225.171,224.770,225.125,0.050,0.127
2017-03-09 12:25:00,225.037,224.968,372.000,5.000,225.00,225.05,5000.000,10000.000,224.90,225.00,700.000,4.000,224.95,225.10,2500.000,2500.000,224.85,225.05,9747.000,6553.000,30000.000,32500.000,224.868,225.228,224.783,225.108,0.075,0.146
2017-03-09 12:26:00,225.079,224.961,700.000,50.000,224.95,225.00,2500.000,2500.000,224.85,225.00,3203.000,7.000,224.90,225.05,7500.000,2500.000,224.80,225.05,12814.000,1936.000,30000.000,27500.000,224.825,225.178,224.742,225.168,0.050,0.157
2017-03-09 12:27:00,225.082,224.950,285.000,117.000,224.95,225.00,2500.000,2500.000,224.85,225.00,3203.000,5.000,224.90,225.05,7500.000,2500.000,224.80,225.05,13877.000,2001.000,27500.000,25000.000,224.824,225.172,224.750,225.135,0.050,0.168
2017-03-09 12:28:00,225.071,224.906,1255.000,231.000,224.95,225.00,5000.000,2500.000,224.80,224.95,3203.000,6.000,224.90,225.05,7500.000,5000.000,224.75,225.00,13058.000,2296.000,27500.000,17500.000,224.831,225.155,224.718,225.086,0.100,0.169
2017-03-09 12:29:00,225.093,224.942,814.000,4.000,224.95,225.00,2500.000,2500.000,224.85,225.00,2303.000,5.000,224.90,225.05,5000.000,2500.000,224.80,225.05,12223.000,1380.000,22500.000,22500.000,224.821,225.182,224.750,225.144,0.050,0.166
2017-03-09 12:30:00,225.063,224.900,306.000,1257.000,224.95,225.00,2500.000,5000.000,224.80,224.95,2303.000,163.000,224.90,225.05,7500.000,10000.000,224.75,225.00,11046.000,3597.000,25000.000,25000.000,224.816,225.105,224.690,225.070,0.100,0.167
2017-03-09 12:31:00,225.062,224.888,704.000,1102.000,224.95,225.00,2500.000,2500.000,224.80,224.90,2303.000,5.000,224.90,225.05,7500.000,2500.000,224.75,224.95,11616.000,3630.000,25000.000,17500.000,224.820,225.107,224.690,225.021,0.125,0.163
2017-03-09 12:32:00,225.075,224.889,299.000,107.000,224.95,225.00,5000.000,2500.000,224.80,224.95,2303.000,5.000,224.90,225.05,5000.000,10000.000,224.75,225.00,11344.000,2331.000,25000.000,22500.000,224.815,225.164,224.695,225.067,0.100,0.153
2017-03-09 12:33:00,225.081,224.912,1110.000,558.000,224.95,225.00,5000.000,2500.000,224.85,225.00,1803.000,5.000,224.90,225.05,5000.000,2500.000,224.80,225.05,12002.000,2129.000,25000.000,25000.000,224.821,225.141,224.765,225.140,0.050,0.135
2017-03-09 12:34:00,225.096,224.958,609.000,515.000,224.95,225.00,2500.000,5000.000,224.95,225.00,4642.000,5.000,224.90,225.05,5000.000,2500.000,224.85,225.05,19214.000,1940.000,22500.000,22500.000,224.825,225.144,224.800,225.117,0.000,0.122
2017-03-09 12:35:00,225.097,224.928,160.000,320.000,224.95,225.00,2500.000,5000.000,224.85,225.00,1803.000,5.000,224.90,225.05,5000.000,2500.000,224.80,225.05,10982.000,1612.000,22500.000,22500.000,224.810,225.148,224.744,225.117,0.050,0.097
2017-03-09 12:36:00,225.095,224.942,417.000,362.000,224.95,225.00,2500.000,5000.000,224.85,225.00,1803.000,5.000,224.90,225.05,5000.000,2500.000,224.80,225.05,11101.000,1654.000,22500.000,25000.000,224.812,225.144,224.744,225.165,0.050,0.081
2017-03-09 12:37:00,225.090,224.952,997.000,375.000,224.95,225.00,5000.000,7500.000,224.85,225.00,1803.000,5.000,224.90,225.05,5000.000,2500.000,224.80,225.05,11681.000,1667.000,27500.000,22500.000,224.819,225.143,224.764,225.161,0.050,0.071
2017-03-09 12:38:00,225.108,225.032,499.000,517.000,224.95,225.00,7500.000,2500.000,224.95,225.10,4642.000,5.000,224.90,225.05,10000.000,2500.000,224.90,225.15,17943.000,1309.000,27500.000,20000.000,224.822,225.110,224.873,225.219,-0.050,0.074
2017-03-09 12:39:00,225.108,225.033,400.000,210.000,225.00,225.05,2500.000,2500.000,224.90,225.10,509.000,627.000,224.95,225.15,5000.000,10000.000,224.85,225.15,10192.000,5697.000,27500.000,25000.000,224.854,225.233,224.764,225.190,0.025,0.074
2017-03-09 12:40:00,225.078,225.035,938.000,53.000,224.95,225.00,5000.000,10000.000,224.95,225.15,5065.000,4.000,224.90,225.10,2500.000,7500.000,224.90,225.20,17339.000,4825.000,20000.000,30000.000,224.832,225.234,224.850,225.254,-0.075,0.093
2017-03-09 12:41:00,225.055,224.983,75.000,185.000,224.95,225.00,2500.000,2500.000,224.90,225.05,2803.000,370.000,224.90,225.10,5000.000,2500.000,224.85,225.10,15633.000,7440.000,22500.000,22500.000,224.813,225.221,224.778,225.156,-0.000,0.093
2017-03-09 12:42:00,225.062,224.974,897.000,71.000,224.90,224.95,5000.000,2500.000,224.90,225.05,4281.000,72.000,224.85,225.00,5000.000,7500.000,224.85,225.10,18927.000,1119.000,25000.000,27500.000,224.770,225.104,224.790,225.145,-0.050,0.091
2017-03-09 12:43:00,225.013,224.924,223.000,5.000,224.90,224.95,2500.000,5000.000,224.85,225.00,2019.000,132.000,224.85,225.00,5000.000,5000.000,224.80,225.05,12205.000,2943.000,22500.000,25000.000,224.766,225.130,224.750,225.085,0.000,0.081
2017-03-09 12:44:00,225.003,224.928,205.000,250.000,224.90,224.95,2500.000,2500.000,224.90,225.00,4286.000,360.000,224.85,225.00,2500.000,7500.000,224.85,225.05,14125.000,3635.000,25000.000,32500.000,224.780,225.106,224.785,225.115,-0.025,0.069
2017-03-09 12:45:00,225.084,224.945,2513.000,385.000,224.90,225.00,2500.000,2500.000,224.95,225.05,2183.000,62.000,224.85,225.05,2500.000,5000.000,224.85,225.10,20093.000,2438.000,22500.000,30000.000,224.778,225.131,224.789,225.175,-0.050,0.040
2017-03-09 12:46:00,225.188,225.115,969.000,8.000,225.10,225.15,2500.000,2500.000,225.10,225.25,2278.000,105.000,225.05,225.20,5000.000,2500.000,225.05,225.30,8796.000,2142.000,17500.000,25000.000,224.997,225.331,224.979,225.385,-0.050,0.051
2017-03-09 12:47:00,225.313,225.234,1241.000,1124.000,225.25,225.40,5000.000,2500.000,225.25,225.35,1966.000,2214.000,225.20,225.45,5000.000,2500.000,225.20,225.40,7946.000,9847.000,20000.000,20000.000,225.138,225.497,225.137,225.481,0.025,0.044
2017-03-09 12:48:00,225.034,224.994,572.000,51.000,224.90,225.00,2500.000,2500.000,224.90,225.10,3977.000,314.000,224.85,225.10,2500.000,7500.000,224.85,225.15,15354.000,6501.000,20000.000,25000.000,224.783,225.226,224.794,225.235,-0.050,0.046
2017-03-09 12:49:00,225.080,225.064,1702.000,120.000,224.95,225.00,5000.000,5000.000,225.00,225.10,1157.000,10.000,224.90,225.10,5000.000,7500.000,224.90,225.15,16055.000,5003.000,27500.000,27500.000,224.820,225.224,224.855,225.223,-0.075,0.053
2017-03-09 12:50:00,225.071,225.077,549.000,82.000,224.95,225.00,5000.000,5000.000,224.95,225.15,2554.000,10.000,224.90,225.10,10000.000,2500.000,224.90,225.20,12387.000,4116.000,27500.000,22500.000,224.827,225.229,224.859,225.261,-0.075,0.053
2017-03-09 12:51:00,225.230,225.103,539.000,863.000,225.05,225.20,2500.000,7500.000,225.10,225.20,60.000,869.000,225.00,225.25,2500.000,5000.000,225.00,225.25,11582.000,5101.000,12500.000,25000.000,224.896,225.303,224.960,225.325,-0.025,0.032
2017-03-09 12:52:00,225.079,225.032,1345.000,2.000,224.90,225.00,2500.000,2500.000,224.95,225.10,2198.000,79.000,224.85,225.10,5000.000,2500.000,224.90,225.15,19228.000,5059.000,22500.000,20000.000,224.775,225.225,224.839,225.219,-0.075,0.030
2017-03-09 12:53:00,225.075,225.025,1582.000,2.000,224.90,224.95,7500.000,2500.000,224.90,225.10,2716.000,3.000,224.85,225.00,7500.000,2500.000,224.85,225.15,15287.000,1404.000,30000.000,20000.000,224.779,225.172,224.812,225.219,-0.075,0.024
2017-03-09 12:54:00,225.143,225.096,2113.000,12.000,225.00,225.10,2500.000,2500.000,225.05,225.20,60.000,5.000,224.95,225.15,2500.000,5000.000,225.00,225.25,15251.000,4330.000,12500.000,17500.000,224.873,225.255,224.950,225.300,-0.075,0.034
2017-03-09 12:55:00,225.094,225.097,3554.000,51.000,224.90,225.00,2500.000,5000.000,224.95,225.15,2241.000,8.000,224.85,225.05,7500.000,2500.000,224.90,225.20,21141.000,1046.000,22500.000,17500.000,224.787,225.174,224.844,225.250,-0.100,0.059
2017-03-09 12:56:00,225.162,225.140,1051.000,1640.000,225.10,225.25,2500.000,2500.000,225.15,225.25,60.000,909.000,225.05,225.30,2500.000,5000.000,225.05,225.30,6184.000,7460.000,15000.000,22500.000,224.982,225.358,225.000,225.361,-0.025,0.076
2017-03-09 12:57:00,225.069,225.035,2207.000,195.000,224.90,225.05,2500.000,2500.000,224.95,225.10,2245.000,7.000,224.85,225.10,5000.000,5000.000,224.90,225.15,17759.000,5043.000,22500.000,20000.000,224.785,225.220,224.833,225.219,-0.050,0.096
2017-03-09 12:58:00,225.174,225.154,964.000,436.000,224.95,225.15,5000.000,2500.000,225.00,225.20,1759.000,1000.000,224.90,225.20,5000.000,2500.000,224.95,225.25,17456.000,5761.000,22500.000,12500.000,224.811,225.274,224.906,225.300,-0.050,0.122
2017-03-09 12:59:00,225.077,224.979,792.000,5.000,224.90,225.00,5000.000,2500.000,224.90,225.05,2612.000,115.000,224.85,225.05,5000.000,2500.000,224.85,225.10,16132.000,2661.000,25000.000,22500.000,224.769,225.148,224.810,225.194,-0.025,0.119
2017-03-09 13:00:00,225.076,224.956,181.000,444.000,224.90,225.00,5000.000,5000.000,224.85,225.00,2024.000,395.000,224.85,225.05,7500.000,5000.000,224.80,225.05,12744.000,3064.000,25000.000,17500.000,224.756,225.106,224.765,225.079,0.025,0.100
2017-03-09 13:01:00,225.174,225.064,85.000,7.000,225.00,225.15,5000.000,2500.000,225.00,225.20,892.000,105.000,224.95,225.20,5000.000,5000.000,224.95,225.25,8628.000,3306.000,20000.000,25000.000,224.847,225.314,224.906,225.365,-0.025,0.085
2017-03-09 13:02:00,225.273,225.141,87.000,6.000,225.15,225.20,2500.000,2500.000,225.20,225.25,60.000,210.000,225.10,225.30,5000.000,2500.000,225.10,225.30,11240.000,5359.000,17500.000,25000.000,224.994,225.405,225.050,225.415,-0.050,0.075
2017-03-09 13:03:00,225.293,225.144,147.000,51.000,225.15,225.20,2500.000,2500.000,225.20,225.30,536.000,589.000,225.10,225.30,2500.000,2500.000,225.15,225.35,11639.000,4040.000,15000.000,27500.000,225.000,225.411,225.075,225.441,-0.075,0.065
2017-03-09 13:04:00,225.158,225.075,21.000,51.000,225.00,225.05,2500.000,2500.000,225.00,225.15,2662.000,60.000,224.95,225.15,2500.000,2500.000,224.95,225.20,11957.000,3157.000,12500.000,12500.000,224.860,225.251,224.900,225.250,-0.050,0.060
2017-03-09 13:05:00,225.000,224.975,4524.000,51.000,224.85,224.90,2500.000,2500.000,224.90,225.00,2473.000,287.000,224.80,225.00,2500.000,5000.000,224.85,225.10,21478.000,3057.000,20000.000,20000.000,224.744,225.121,224.775,225.162,-0.075,0.068
2017-03-09 13:06:00,225.163,225.125,2674.000,51.000,225.00,225.05,2500.000,2500.000,225.05,225.20,220.000,103.000,224.95,225.10,5000.000,7500.000,225.00,225.25,11858.000,1493.000,22500.000,22500.000,224.884,225.256,224.928,225.322,-0.100,0.074
2017-03-09 13:07:00,225.222,225.142,2893.000,434.000,224.95,225.20,2500.000,2500.000,225.10,225.25,344.000,165.000,224.90,225.25,2500.000,2500.000,225.05,225.30,17244.000,4208.000,20000.000,25000.000,224.830,225.330,224.988,225.415,-0.100,0.076
2017-03-09 13:08:00,225.281,225.183,1994.000,6.000,225.20,225.25,2500.000,2500.000,225.25,225.30,2240.000,473.000,225.10,225.30,5000.000,2500.000,225.15,225.35,13366.000,4326.000,20000.000,25000.000,225.032,225.411,225.081,225.440,-0.050,0.078
2017-03-09 13:09:00,225.217,225.156,1496.000,488.000,225.10,225.25,5000.000,2500.000,225.15,225.30,330.000,572.000,225.05,225.30,5000.000,2500.000,225.10,225.35,9529.000,5215.000,20000.000,25000.000,224.992,225.392,225.044,225.435,-0.050,0.085
2017-03-09 13:10:00,225.288,225.224,92.000,502.000,225.20,225.30,5000.000,2500.000,225.20,225.40,1673.000,255.000,225.15,225.35,5000.000,5000.000,225.15,225.45,8287.000,5328.000,17500.000,25000.000,225.058,225.451,225.093,225.510,-0.050,0.086
2017-03-09 13:11:00,225.275,225.209,49.000,20.000,225.20,225.25,5000.000,2500.000,225.20,225.35,1513.000,439.000,225.15,225.30,5000.000,2500.000,225.15,225.40,7280.000,3614.000,17500.000,22500.000,225.057,225.413,225.093,225.467,-0.050,0.076
2017-03-09 13:12:00,225.254,225.162,1453.000,2.000,225.10,225.20,5000.000,2500.000,225.15,225.25,175.000,90.000,225.05,225.25,2500.000,2500.000,225.10,225.30,12219.000,2433.000,15000.000,17500.000,224.984,225.355,225.042,225.350,-0.050,0.066
2017-03-09 13:13:00,225.254,225.148,194.000,15.000,225.05,225.10,2500.000,7500.000,225.05,225.25,1615.000,221.000,225.00,225.20,7500.000,2500.000,225.00,225.30,12422.000,1598.000,27500.000,25000.000,224.900,225.292,224.909,225.355,-0.075,0.071
2017-03-09 13:14:00,225.223,225.130,4672.000,54.000,224.95,225.15,2500.000,5000.000,225.10,225.25,394.000,469.000,224.90,225.25,2500.000,2500.000,225.05,225.30,21814.000,3936.000,15000.000,22500.000,224.841,225.344,225.000,225.367,-0.125,0.074
2017-03-09 13:15:00,225.198,225.126,1374.000,33.000,225.05,225.15,2500.000,7500.000,225.10,225.25,2542.000,222.000,224.95,225.20,2500.000,5000.000,225.05,225.30,18202.000,3804.000,15000.000,27500.000,224.878,225.323,225.000,225.345,-0.075,0.066
2017-03-09 13:16:00,225.038,225.020,1448.000,5.000,224.95,225.00,5000.000,2500.000,224.90,225.10,55.000,140.000,224.90,225.05,12500.000,5000.000,224.85,225.15,9848.000,3631.000,30000.000,25000.000,224.822,225.157,224.821,225.240,-0.025,0.078
2017-03-09 13:17:00,225.056,225.012,35.000,51.000,224.95,225.00,2500.000,2500.000,224.95,225.05,3315.000,44.000,224.90,225.10,5000.000,5000.000,224.90,225.15,15261.000,6773.000,25000.000,25000.000,224.819,225.226,224.840,225.225,-0.025,0.106
2017-03-09 13:18:00,225.050,224.921,2185.000,50.000,224.85,224.90,7500.000,2500.000,224.85,225.00,4673.000,643.000,224.80,225.05,5000.000,7500.000,224.80,225.05,19460.000,3694.000,22500.000,20000.000,224.727,225.124,224.778,225.100,-0.050,0.084
2017-03-09 13:19:00,225.056,224.950,546.000,1.000,224.85,224.95,5000.000,2500.000,224.90,225.05,2173.000,2.000,224.80,225.00,7500.000,2500.000,224.85,225.10,16902.000,3510.000,22500.000,25000.000,224.712,225.149,224.817,225.210,-0.075,0.077
2017-03-09 13:20:00,225.084,225.050,16.000,402.000,225.00,225.10,5000.000,2500.000,224.95,225.15,250.000,730.000,224.95,225.15,5000.000,2500.000,224.90,225.20,5998.000,5676.000,20000.000,20000.000,224.815,225.229,224.856,225.281,0.000,0.078
2017-03-09 13:21:00,225.155,225.076,1498.000,864.000,225.00,225.15,2500.000,2500.000,225.05,225.20,319.000,100.000,224.95,225.20,5000.000,5000.000,225.00,225.25,12668.000,6033.000,17500.000,25000.000,224.859,225.281,224.943,225.320,-0.050,0.054
2017-03-09 13:22:00,225.589,225.405,972.000,35.000,225.40,225.50,10000.000,2500.000,225.35,225.55,1443.000,10.000,225.35,225.55,5000.000,2500.000,225.30,225.60,9096.000,943.000,27500.000,22500.000,225.274,225.666,225.205,225.650,-0.000,0.024
2017-03-09 13:23:00,225.568,225.550,1385.000,134.000,225.40,225.50,2500.000,2500.000,225.45,225.65,889.000,11.000,225.35,225.55,10000.000,2500.000,225.40,225.70,11994.000,1773.000,25000.000,15000.000,225.285,225.647,225.290,225.758,-0.100,0.027
2017-03-09 13:24:00,225.439,225.367,1922.000,11.000,225.25,225.35,7500.000,2500.000,225.30,225.45,639.000,9.000,225.20,225.40,5000.000,5000.000,225.25,225.50,10513.000,300.000,20000.000,17500.000,225.152,225.466,225.213,225.557,-0.075,0.021
2017-03-09 13:25:00,225.471,225.432,98.000,9.000,225.30,225.40,10000.000,2500.000,225.35,225.50,304.000,63.000,225.25,225.45,7500.000,2500.000,225.30,225.55,7032.000,1177.000,25000.000,17500.000,225.175,225.551,225.280,225.650,-0.075,0.030
2017-03-09 13:26:00,225.439,225.486,1999.000,366.000,225.35,225.40,2500.000,5000.000,225.40,225.55,6689.000,4.000,225.25,225.45,2500.000,2500.000,225.35,225.60,13036.000,2068.000,17500.000,17500.000,225.220,225.517,225.293,225.650,-0.100,0.054
2017-03-09 13:27:00,225.437,225.400,796.000,630.000,225.25,225.40,5000.000,2500.000,225.30,225.50,300.000,602.000,225.20,225.45,5000.000,5000.000,225.25,225.55,10121.000,2811.000,17500.000,15000.000,225.134,225.497,225.200,225.600,-0.075,0.051
2017-03-09 13:28:00,225.313,225.279,80.000,16.000,225.15,225.25,2500.000,2500.000,225.20,225.35,6455.000,184.000,225.05,225.30,2500.000,5000.000,225.15,225.40,16404.000,1765.000,22500.000,25000.000,224.992,225.379,225.067,225.455,-0.075,0.067
2017-03-09 13:29:00,225.248,225.207,865.000,467.000,225.05,225.20,5000.000,2500.000,225.10,225.25,85.000,324.000,225.00,225.25,7500.000,2500.000,225.05,225.30,9839.000,2312.000,30000.000,22500.000,224.927,225.324,224.992,225.400,-0.050,0.089
2017-03-09 13:30:00,225.325,225.242,500.000,692.000,225.25,225.30,7500.000,2500.000,225.15,225.25,365.000,439.000,225.10,225.35,7500.000,5000.000,225.10,225.35,10584.000,4894.000,27500.000,17500.000,224.996,225.430,225.073,225.393,0.075,0.098
2017-03-09 13:31:00,225.268,225.193,60.000,1.000,225.05,225.10,7500.000,5000.000,225.05,225.20,1862.000,749.000,225.00,225.25,5000.000,5000.000,225.00,225.25,9631.000,2226.000,35000.000,20000.000,224.900,225.335,224.936,225.306,-0.050,0.104
2017-03-09 13:32:00,225.239,225.218,1973.000,380.000,225.00,225.20,2500.000,2500.000,225.05,225.20,339.000,439.000,224.95,225.25,5000.000,5000.000,225.00,225.25,12429.000,2886.000,35000.000,15000.000,224.875,225.332,224.921,225.292,-0.025,0.119
2017-03-09 13:33:00,225.243,225.126,886.000,456.000,225.00,225.20,5000.000,2500.000,225.05,225.20,339.000,441.000,224.95,225.25,7500.000,5000.000,225.00,225.25,11563.000,2953.000,22500.000,20000.000,224.862,225.328,224.972,225.350,-0.025,0.108
2017-03-09 13:34:00,225.251,225.100,505.000,404.000,225.00,225.20,2500.000,2500.000,225.05,225.20,783.000,502.000,224.95,225.25,2500.000,5000.000,225.00,225.25,12779.000,2962.000,15000.000,20000.000,224.860,225.329,224.950,225.319,-0.025,0.105
2017-03-09 13:35:00,225.126,225.000,2500.000,28.000,224.90,225.00,2500.000,2500.000,224.95,225.10,1711.000,33.000,224.85,225.05,7500.000,5000.000,224.90,225.15,21077.000,1637.000,20000.000,25000.000,224.784,225.216,224.850,225.210,-0.075,0.104
2017-03-09 13:36:00,225.066,224.960,1903.000,3.000,224.85,224.95,7500.000,5000.000,224.90,225.10,2802.000,52.000,224.80,225.00,5000.000,2500.000,224.85,225.15,17627.000,443.000,22500.000,27500.000,224.726,225.069,224.822,225.218,-0.100,0.103
2017-03-09 13:37:00,225.046,224.952,1323.000,51.000,224.85,224.90,15000.000,2500.000,224.90,225.05,2463.000,118.000,224.80,225.00,5000.000,5000.000,224.85,225.10,18484.000,863.000,30000.000,25000.000,224.735,225.082,224.842,225.185,-0.100,0.099
2017-03-09 13:38:00,225.066,225.002,1839.000,51.000,224.90,224.95,5000.000,2500.000,224.95,225.10,389.000,67.000,224.85,225.00,12500.000,2500.000,224.90,225.15,18255.000,811.000,27500.000,27500.000,224.770,225.097,224.868,225.227,-0.100,0.111
2017-03-09 13:39:00,225.167,225.028,506.000,9.000,225.00,225.05,10000.000,2500.000,224.95,225.10,1024.000,60.000,224.90,225.10,5000.000,2500.000,224.90,225.15,14169.000,1696.000,32500.000,25000.000,224.790,225.211,224.869,225.220,0.000,0.093
2017-03-09 13:40:00,225.202,225.084,500.000,16.000,225.00,225.05,2500.000,2500.000,225.00,225.15,1024.000,155.000,224.95,225.15,5000.000,5000.000,224.95,225.20,14634.000,1777.000,25000.000,22500.000,224.803,225.255,224.905,225.244,-0.050,0.073
2017-03-09 13:41:00,225.300,225.197,627.000,450.000,225.05,225.25,5000.000,10000.000,225.10,225.25,2476.000,406.000,225.00,225.30,10000.000,5000.000,225.05,225.30,10803.000,2476.000,27500.000,22500.000,224.916,225.368,225.023,225.311,-0.025,0.065
2017-03-09 13:42:00,225.199,225.124,1748.000,1.000,225.00,225.05,2500.000,2500.000,225.05,225.20,434.000,70.000,224.95,225.15,5000.000,12500.000,225.00,225.25,12390.000,757.000,22500.000,25000.000,224.873,225.251,224.956,225.280,-0.100,0.074
2017-03-09 13:43:00,225.188,225.065,339.000,51.000,224.90,225.00,2500.000,2500.000,225.00,225.15,5224.000,457.000,224.85,225.15,5000.000,5000.000,224.95,225.20,16332.000,1117.000,20000.000,22500.000,224.784,225.184,224.906,225.244,-0.125,0.071
2017-03-09 13:44:00,225.112,225.067,880.000,7.000,224.95,225.00,5000.000,2500.000,225.00,225.15,2706.000,3.000,224.85,225.05,5000.000,5000.000,224.95,225.20,17289.000,766.000,27500.000,25000.000,224.774,225.164,224.873,225.245,-0.100,0.076
2017-03-09 13:45:00,225.107,225.085,1547.000,91.000,224.95,225.00,2500.000,5000.000,225.00,225.15,2554.000,3.000,224.85,225.05,5000.000,5000.000,224.95,225.20,17804.000,851.000,25000.000,25000.000,224.780,225.148,224.895,225.235,-0.100,0.070
2017-03-09 13:46:00,225.113,225.053,1495.000,32.000,224.95,225.00,2500.000,2500.000,225.00,225.15,50.000,3.000,224.90,225.05,7500.000,5000.000,224.95,225.20,11838.000,789.000,20000.000,25000.000,224.815,225.159,224.900,225.255,-0.100,0.075
2017-03-09 13:47:00,225.197,225.076,300.000,561.000,225.00,225.15,5000.000,2500.000,225.00,225.15,13.000,604.000,224.95,225.20,10000.000,2500.000,224.95,225.20,7330.000,3013.000,25000.000,22500.000,224.828,225.257,224.915,225.250,-0.000,0.068
2017-03-09 13:48:00,225.166,225.058,287.000,51.000,224.90,225.00,7500.000,5000.000,224.95,225.15,170.000,167.000,224.85,225.10,10000.000,7500.000,224.90,225.20,17573.000,1444.000,35000.000,30000.000,224.751,225.177,224.864,225.250,-0.100,0.060
2017-03-09 13:49:00,225.263,225.195,485.000,436.000,225.15,225.25,2500.000,7500.000,225.20,225.25,2529.000,480.000,225.05,225.30,2500.000,2500.000,225.10,225.30,9248.000,2996.000,22500.000,27500.000,225.002,225.365,225.028,225.350,-0.025,0.063
2017-03-09 13:50:00,225.359,225.367,943.000,51.000,225.25,225.30,5000.000,2500.000,225.30,225.40,300.000,60.000,225.20,225.35,17500.000,7500.000,225.25,225.45,8817.000,2844.000,37500.000,22500.000,225.109,225.447,225.220,225.539,-0.075,0.069
2017-03-09 13:51:00,225.508,225.422,499.000,438.000,225.30,225.45,5000.000,5000.000,225.35,225.55,1789.000,1073.000,225.25,225.50,7500.000,5000.000,225.30,225.60,12142.000,2959.000,20000.000,20000.000,225.169,225.543,225.244,225.637,-0.075,0.058
2017-03-09 13:52:00,225.527,225.440,1030.000,48.000,225.40,225.45,2500.000,5000.000,225.40,225.50,399.000,824.000,225.35,225.55,2500.000,5000.000,225.35,225.60,9339.000,3626.000,15000.000,22500.000,225.266,225.633,225.292,225.639,-0.025,0.057
2017-03-09 13:53:00,225.617,225.550,60.000,101.000,225.45,225.50,2500.000,2500.000,225.45,225.60,1729.000,40.000,225.40,225.55,5000.000,2500.000,225.40,225.65,9819.000,1079.000,17500.000,12500.000,225.298,225.654,225.357,225.700,-0.050,0.058
2017-03-09 13:54:00,226.021,225.939,1467.000,92.000,225.75,225.95,7500.000,7500.000,225.80,226.00,433.000,160.000,225.70,226.00,10000.000,2500.000,225.75,226.05,11710.000,1792.000,27500.000,17500.000,225.618,226.082,225.727,226.071,-0.050,0.055
2017-03-09 13:55:00,226.042,226.020,548.000,1108.000,226.05,226.10,2500.000,2500.000,226.00,226.10,635.000,445.000,225.95,226.15,2500.000,2500.000,225.95,226.20,5109.000,6143.000,20000.000,35000.000,225.876,226.223,225.881,226.264,0.025,0.070
2017-03-09 13:56:00,226.199,226.167,238.000,1497.000,226.20,226.30,5000.000,5000.000,226.10,226.25,2587.000,1073.000,226.15,226.35,5000.000,2500.000,226.05,226.30,6445.000,10506.000,25000.000,25000.000,226.090,226.430,226.010,226.355,0.075,0.090
2017-03-09 13:57:00,226.229,226.147,54.000,171.000,226.15,226.25,2500.000,2500.000,226.05,226.20,1145.000,51.000,226.10,226.30,12500.000,7500.000,226.00,226.25,6633.000,4514.000,25000.000,17500.000,226.008,226.411,225.950,226.286,0.075,0.095
2017-03-09 13:58:00,226.274,226.200,100.000,51.000,226.15,226.20,2500.000,2500.000,226.15,226.30,1911.000,382.000,226.10,226.35,2500.000,5000.000,226.10,226.35,9768.000,5649.000,22500.000,22500.000,226.013,226.456,226.044,226.428,-0.050,0.107
2017-03-09 13:59:00,226.032,225.967,450.000,3.000,226.00,226.05,5000.000,2500.000,225.90,226.00,1980.000,69.000,225.85,226.10,5000.000,5000.000,225.85,226.05,11065.000,5259.000,27500.000,17500.000,225.777,226.225,225.764,226.100,0.075,0.110
2017-03-09 14:00:00,226.342,226.243,2520.000,457.000,226.20,226.30,5000.000,7500.000,226.15,226.35,50.000,166.000,226.15,226.35,2500.000,5000.000,226.10,226.40,9873.000,3559.000,25000.000,27500.000,226.059,226.432,226.055,226.441,0.000,0.106
2017-03-09 14:01:00,226.331,226.202,2389.000,554.000,226.15,226.35,5000.000,2500.000,226.20,226.30,554.000,596.000,226.10,226.40,2500.000,5000.000,226.15,226.35,12612.000,5411.000,25000.000,30000.000,226.043,226.461,226.055,226.433,0.000,0.082
2017-03-09 14:02:00,226.178,226.072,500.000,189.000,226.00,226.05,5000.000,5000.000,225.95,226.10,60.000,64.000,225.95,226.15,5000.000,2500.000,225.90,226.15,8163.000,1674.000,25000.000,15000.000,225.854,226.232,225.865,226.200,0.000,0.100
2017-03-09 14:03:00,226.269,226.135,1284.000,301.000,226.15,226.25,7500.000,2500.000,226.10,226.25,60.000,61.000,226.10,226.30,2500.000,7500.000,226.05,226.30,10153.000,4212.000,17500.000,25000.000,226.015,226.410,226.029,226.345,0.025,0.083
2017-03-09 14:04:00,226.199,226.117,483.000,438.000,226.05,226.15,5000.000,7500.000,225.95,226.15,500.000,412.000,226.00,226.20,2500.000,7500.000,225.90,226.20,7970.000,2453.000,27500.000,25000.000,225.867,226.261,225.832,226.240,0.050,0.077
2017-03-09 14:05:00,226.167,226.089,302.000,10.000,226.00,226.05,5000.000,2500.000,225.95,226.10,1780.000,265.000,225.90,226.15,2500.000,2500.000,225.90,226.15,10836.000,2247.000,30000.000,15000.000,225.808,226.243,225.842,226.233,0.000,0.072
2017-03-09 14:06:00,226.225,226.215,855.000,1010.000,226.10,226.15,5000.000,2500.000,226.10,226.30,1760.000,54.000,226.05,226.20,12500.000,2500.000,226.05,226.35,8000.000,1433.000,25000.000,17500.000,225.996,226.188,226.025,226.443,-0.075,0.094
2017-03-09 14:07:00,226.423,226.228,100.000,51.000,226.25,226.30,15000.000,2500.000,226.20,226.40,6855.000,814.000,226.20,226.45,5000.000,2500.000,226.15,226.45,12420.000,2941.000,30000.000,27500.000,226.156,226.522,226.113,226.536,-0.025,0.078
2017-03-09 14:08:00,226.216,226.166,3034.000,101.000,226.00,226.20,5000.000,2500.000,226.00,226.20,1994.000,512.000,225.95,226.25,5000.000,2500.000,225.95,226.25,10568.000,2382.000,27500.000,12500.000,225.907,226.328,225.914,226.300,0.000,0.084
2017-03-09 14:09:00,226.164,226.111,2500.000,51.000,225.95,226.00,5000.000,2500.000,225.95,226.15,2071.000,7.000,225.90,226.15,15000.000,5000.000,225.90,226.20,12750.000,984.000,30000.000,17500.000,225.838,226.253,225.871,226.307,-0.075,0.090
2017-03-09 14:10:00,226.231,226.176,4.000,721.000,226.10,226.25,5000.000,2500.000,226.05,226.20,388.000,599.000,226.05,226.30,15000.000,5000.000,226.00,226.25,6536.000,4279.000,32500.000,15000.000,225.951,226.376,225.973,226.292,0.050,0.093
2017-03-09 14:11:00,226.282,226.163,583.000,98.000,226.20,226.25,2500.000,10000.000,226.15,226.30,1817.000,163.000,226.10,226.30,12500.000,5000.000,226.10,226.35,9201.000,3198.000,27500.000,40000.000,226.021,226.408,226.036,226.412,-0.000,0.099
2017-03-09 14:12:00,226.244,226.133,500.000,2.000,226.05,226.15,5000.000,2500.000,226.05,226.20,2652.000,7.000,226.00,226.20,7500.000,2500.000,226.00,226.25,9343.000,735.000,30000.000,27500.000,225.927,226.313,225.950,226.300,-0.025,0.110
2017-03-09 14:13:00,226.229,226.146,2450.000,51.000,226.00,226.10,2500.000,10000.000,226.05,226.25,1236.000,410.000,225.95,226.25,17500.000,10000.000,226.00,226.30,12942.000,2414.000,30000.000,30000.000,225.882,226.344,225.967,226.321,-0.100,0.108
2017-03-09 14:14:00,226.255,226.173,414.000,5.000,226.10,226.15,2500.000,2500.000,226.05,226.20,177.000,73.000,226.05,226.25,20000.000,10000.000,226.00,226.30,7900.000,2055.000,30000.000,20000.000,225.959,226.365,225.971,226.325,0.000,0.102
2017-03-09 14:15:00,226.234,226.167,1019.000,95.000,226.10,226.15,10000.000,2500.000,226.05,226.25,110.000,26.000,226.05,226.20,12500.000,10000.000,226.00,226.30,7291.000,1132.000,30000.000,20000.000,225.971,226.309,225.983,226.331,-0.025,0.094
2017-03-09 14:16:00,226.353,226.202,500.000,224.000,226.25,226.30,5000.000,12500.000,226.15,226.30,100.000,102.000,226.15,226.35,7500.000,5000.000,226.10,226.35,12517.000,5432.000,30000.000,37500.000,226.017,226.452,226.054,226.403,0.050,0.063
2017-03-09 14:17:00,226.375,226.210,382.000,336.000,226.25,226.30,2500.000,10000.000,226.15,226.30,277.000,429.000,226.15,226.35,10000.000,2500.000,226.10,226.35,12665.000,4251.000,30000.000,32500.000,226.025,226.430,226.050,226.415,0.050,0.037
2017-03-09 14:18:00,226.548,226.474,889.000,36.000,226.35,226.40,5000.000,2500.000,226.35,226.50,1311.000,220.000,226.30,226.55,20000.000,5000.000,226.30,226.55,11334.000,1909.000,45000.000,22500.000,226.239,226.628,226.189,226.628,-0.050,0.019
2017-03-09 14:19:00,226.475,226.421,652.000,9.000,226.25,226.35,2500.000,2500.000,226.25,226.40,1235.000,370.000,226.20,226.50,10000.000,5000.000,226.20,226.45,9011.000,2387.000,32500.000,15000.000,226.122,226.588,226.092,226.508,-0.025,0.012
2017-03-09 14:20:00,226.498,226.472,520.000,26.000,226.30,226.35,15000.000,2500.000,226.35,226.50,2794.000,226.000,226.25,226.50,7500.000,5000.000,226.30,226.55,10953.000,2046.000,50000.000,25000.000,226.184,226.588,226.162,226.645,-0.100,0.009
2017-03-09 14:21:00,226.480,226.485,1596.000,10.000,226.30,226.40,5000.000,7500.000,226.35,226.55,592.000,1.000,226.25,226.45,15000.000,5000.000,226.30,226.60,9692.000,1099.000,40000.000,27500.000,226.180,226.565,226.172,226.668,-0.100,0.046
2017-03-09 14:22:00,226.522,226.489,2500.000,51.000,226.40,226.45,7500.000,2500.000,226.45,226.60,2469.000,14.000,226.30,226.50,7500.000,2500.000,226.40,226.65,14026.000,1215.000,30000.000,27500.000,226.261,226.574,226.338,226.736,-0.100,0.055
2017-03-09 14:23:00,226.510,226.524,2130.000,441.000,226.35,226.45,2500.000,7500.000,226.50,226.60,339.000,118.000,226.30,226.50,5000.000,2500.000,226.45,226.65,11668.000,2067.000,22500.000,30000.000,226.243,226.557,226.406,226.704,-0.150,0.059
2017-03-09 14:24:00,226.404,226.382,727.000,51.000,226.15,226.20,5000.000,2500.000,226.35,226.50,1659.000,220.000,226.10,226.35,2500.000,5000.000,226.30,226.55,19466.000,1574.000,22500.000,27500.000,226.010,226.452,226.250,226.641,-0.250,0.054
2017-03-09 14:25:00,226.503,226.493,1321.000,883.000,226.55,226.60,5000.000,2500.000,226.50,226.60,1079.000,556.000,226.50,226.65,10000.000,2500.000,226.45,226.65,3083.000,6522.000,27500.000,30000.000,226.495,226.720,226.400,226.733,0.025,0.054
2017-03-09 14:26:00,226.815,226.632,300.000,16.000,226.60,226.75,5000.000,7500.000,226.65,226.80,850.000,5.000,226.55,226.80,7500.000,2500.000,226.60,226.85,7956.000,1207.000,22500.000,40000.000,226.478,226.909,226.550,226.919,-0.050,0.007
2017-03-09 14:27:00,227.174,227.100,225.000,3.000,227.00,227.10,2500.000,5000.000,227.10,227.25,170.000,160.000,226.95,227.20,2500.000,37500.000,227.05,227.30,7348.000,2980.000,20000.000,55000.000,226.841,227.305,226.906,227.320,-0.125,0.004
2017-03-09 14:28:00,226.906,226.898,536.000,1299.000,226.65,226.95,2500.000,5000.000,226.80,226.95,445.000,2548.000,226.60,227.00,5000.000,5000.000,226.75,227.00,8831.000,5132.000,30000.000,30000.000,226.507,227.015,226.604,227.133,-0.075,-0.006
2017-03-09 14:29:00,226.842,226.848,175.000,51.000,226.70,226.75,5000.000,7500.000,226.75,226.90,2500.000,60.000,226.65,226.85,5000.000,5000.000,226.70,226.95,7165.000,2231.000,40000.000,30000.000,226.565,226.950,226.550,226.979,-0.100,-0.008
2017-03-09 14:30:00,226.710,226.700,354.000,56.000,226.50,226.60,10000.000,5000.000,226.60,226.75,1687.000,111.000,226.45,226.70,5000.000,5000.000,226.55,226.80,8290.000,1729.000,32500.000,22500.000,226.363,226.797,226.515,226.844,-0.125,-0.010
2017-03-09 14:31:00,226.715,226.765,1424.000,2.000,226.60,226.65,12500.000,2500.000,226.65,226.85,1883.000,251.000,226.50,226.70,2500.000,5000.000,226.60,226.90,7248.000,635.000,32500.000,27500.000,226.473,226.739,226.554,226.973,-0.125,0.008
2017-03-09 14:32:00,226.756,226.700,1015.000,320.000,226.60,226.65,2500.000,2500.000,226.65,226.80,1992.000,19.000,226.50,226.75,12500.000,10000.000,226.60,226.85,9132.000,1262.000,30000.000,35000.000,226.451,226.808,226.542,226.929,-0.100,-0.002
2017-03-09 14:33:00,226.544,226.585,149.000,51.000,226.50,226.55,7500.000,2500.000,226.50,226.65,1687.000,269.000,226.45,226.60,17500.000,2500.000,226.45,226.70,4684.000,2571.000,35000.000,22500.000,226.390,226.718,226.418,226.794,-0.050,0.014
2017-03-09 14:34:00,226.561,226.577,543.000,11.000,226.40,226.45,2500.000,2500.000,226.50,226.65,2500.000,544.000,226.35,226.50,20000.000,2500.000,226.45,226.70,10730.000,986.000,30000.000,20000.000,226.266,226.546,226.412,226.781,-0.150,0.038
2017-03-09 14:35:00,226.571,226.568,2093.000,63.000,226.45,226.50,5000.000,2500.000,226.50,226.60,225.000,55.000,226.40,226.55,10000.000,2500.000,226.45,226.65,11121.000,1618.000,30000.000,17500.000,226.337,226.663,226.387,226.721,-0.075,0.060
2017-03-09 14:36:00,226.699,226.661,106.000,161.000,226.55,226.65,2500.000,2500.000,226.60,226.75,2876.000,227.000,226.50,226.70,10000.000,2500.000,226.55,226.80,8762.000,1783.000,25000.000,22500.000,226.442,226.791,226.515,226.883,-0.075,0.080
2017-03-09 14:37:00,226.688,226.683,375.000,11.000,226.75,226.80,2500.000,2500.000,226.70,226.80,1399.000,1.000,226.70,226.85,7500.000,10000.000,226.65,226.90,3352.000,6176.000,27500.000,52500.000,226.638,226.984,226.559,226.969,0.025,0.110
2017-03-09 14:38:00,226.700,226.659,254.000,882.000,226.75,226.85,2500.000,2500.000,226.65,226.80,1406.000,467.000,226.70,226.90,7500.000,2500.000,226.60,226.85,2942.000,9111.000,27500.000,45000.000,226.645,226.982,226.536,226.947,0.075,0.134
2017-03-09 14:39:00,226.852,226.750,137.000,39.000,226.85,226.90,2500.000,12500.000,226.75,226.90,92.000,104.000,226.80,226.95,10000.000,12500.000,226.70,226.95,4428.000,6131.000,22500.000,62500.000,226.688,227.050,226.656,226.988,0.050,0.124
2017-03-09 14:40:00,226.751,226.636,898.000,475.000,226.70,226.85,10000.000,17500.000,226.60,226.80,7.000,450.000,226.65,226.90,5000.000,7500.000,226.55,226.85,6269.000,7902.000,32500.000,62500.000,226.546,227.001,226.515,226.894,0.075,0.110
2017-03-09 14:41:00,226.749,226.613,302.000,8.000,226.60,226.65,2500.000,2500.000,226.55,226.70,116.000,21.000,226.55,226.70,17500.000,7500.000,226.50,226.75,6836.000,1600.000,35000.000,35000.000,226.473,226.866,226.454,226.821,0.000,0.094
2017-03-09 14:42:00,226.726,226.573,70.000,51.000,226.55,226.60,10000.000,2500.000,226.50,226.65,321.000,66.000,226.50,226.65,2500.000,5000.000,226.45,226.70,5292.000,292.000,30000.000,25000.000,226.410,226.684,226.408,226.750,-0.000,0.090
2017-03-09 14:43:00,226.739,226.576,64.000,51.000,226.55,226.60,7500.000,7500.000,226.55,226.70,314.000,15.000,226.50,226.65,10000.000,12500.000,226.50,226.75,6435.000,288.000,27500.000,40000.000,226.398,226.710,226.473,226.797,-0.050,0.069
2017-03-09 14:44:00,226.600,226.547,1079.000,1052.000,226.40,226.60,7500.000,5000.000,226.50,226.60,404.000,61.000,226.35,226.65,5000.000,5000.000,226.45,226.65,10270.000,4307.000,25000.000,22500.000,226.267,226.718,226.420,226.700,-0.050,0.077
2017-03-09 14:45:00,226.725,226.681,701.000,51.000,226.60,226.65,10000.000,7500.000,226.65,226.80,339.000,275.000,226.55,226.80,5000.000,10000.000,226.60,226.85,6814.000,2904.000,35000.000,55000.000,226.488,226.921,226.546,226.911,-0.100,0.079
2017-03-09 14:46:00,226.727,226.668,200.000,40.000,226.55,226.65,5000.000,7500.000,226.60,226.75,1929.000,4.000,226.50,226.70,5000.000,12500.000,226.55,226.80,5647.000,765.000,40000.000,45000.000,226.430,226.795,226.494,226.850,-0.075,0.079
2017-03-09 14:47:00,226.743,226.612,538.000,3.000,226.65,226.70,2500.000,7500.000,226.55,226.70,100.000,61.000,226.60,226.75,15000.000,7500.000,226.50,226.75,3672.000,1437.000,40000.000,42500.000,226.506,226.863,226.450,226.800,0.050,0.066
2017-03-09 14:48:00,226.786,226.727,295.000,407.000,226.70,226.75,2500.000,15000.000,226.70,226.80,5.000,119.000,226.65,226.80,2500.000,5000.000,226.65,226.85,6373.000,3353.000,25000.000,45000.000,226.534,226.910,226.570,226.886,-0.025,0.072
2017-03-09 14:49:00,226.799,226.708,5.000,25.000,226.70,226.75,2500.000,17500.000,226.65,226.80,5.000,178.000,226.65,226.80,12500.000,7500.000,226.60,226.85,5654.000,2662.000,37500.000,52500.000,226.521,226.925,226.537,226.888,-0.000,0.073
2017-03-09 14:50:00,226.711,226.658,213.000,33.000,226.55,226.65,7500.000,2500.000,226.60,226.65,1957.000,70.000,226.50,226.70,5000.000,5000.000,226.55,226.75,9056.000,2203.000,42500.000,35000.000,226.410,226.815,226.494,226.807,-0.025,0.086
2017-03-09 14:51:00,226.619,226.561,2117.000,3.000,226.45,226.55,2500.000,5000.000,226.55,226.65,883.000,14.000,226.40,226.60,7500.000,2500.000,226.50,226.70,11657.000,2036.000,22500.000,35000.000,226.318,226.737,226.456,226.757,-0.100,0.098
2017-03-09 14:52:00,226.587,226.520,63.000,51.000,226.45,226.55,5000.000,7500.000,226.50,226.65,708.000,6.000,226.40,226.60,7500.000,2500.000,226.45,226.70,10633.000,4283.000,22500.000,40000.000,226.287,226.725,226.422,226.747,-0.075,0.091
2017-03-09 14:53:00,226.675,226.583,224.000,39.000,226.60,226.65,15000.000,15000.000,226.55,226.75,2500.000,436.000,226.55,226.75,5000.000,10000.000,226.50,226.80,4726.000,2375.000,30000.000,45000.000,226.506,226.856,226.463,226.836,-0.025,0.102
2017-03-09 14:54:00,226.772,226.677,1741.000,2.000,226.70,226.75,2500.000,5000.000,226.70,226.85,1338.000,533.000,226.65,226.85,10000.000,7500.000,226.65,226.90,10192.000,6536.000,22500.000,47500.000,226.572,226.957,226.594,226.971,-0.050,0.111
2017-03-09 14:55:00,226.793,226.674,200.000,110.000,226.75,226.80,2500.000,2500.000,226.65,226.80,3444.000,1456.000,226.65,226.90,15000.000,2500.000,226.60,226.85,10125.000,7942.000,32500.000,30000.000,226.573,226.992,226.531,226.933,0.050,0.109
2017-03-09 14:56:00,226.762,226.645,100.000,151.000,226.70,226.75,2500.000,2500.000,226.60,226.70,98.000,382.000,226.65,226.80,10000.000,5000.000,226.55,226.75,7601.000,4723.000,27500.000,27500.000,226.548,226.915,226.505,226.805,0.075,0.095
2017-03-09 14:57:00,226.717,226.686,2278.000,28.000,226.60,226.65,2500.000,2500.000,226.60,226.70,399.000,259.000,226.55,226.75,10000.000,2500.000,226.55,226.75,9297.000,1964.000,32500.000,20000.000,226.510,226.868,226.454,226.800,-0.025,0.108
2017-03-09 14:58:00,226.733,226.586,27.000,55.000,226.65,226.70,12500.000,2500.000,226.55,226.70,250.000,9.000,226.60,226.75,5000.000,2500.000,226.50,226.75,6135.000,3092.000,27500.000,25000.000,226.500,226.849,226.464,226.825,0.050,0.091
2017-03-09 14:59:00,226.749,226.606,2668.000,25.000,226.65,226.70,5000.000,5000.000,226.65,226.80,665.000,256.000,226.60,226.75,2500.000,2500.000,226.60,226.85,10056.000,2589.000,15000.000,45000.000,226.539,226.841,226.567,226.936,-0.050,0.080
2017-03-09 15:00:00,227.036,226.929,1608.000,51.000,226.95,227.00,2500.000,2500.000,226.95,227.10,954.000,120.000,226.90,227.10,2500.000,5000.000,226.90,227.15,7626.000,3695.000,20000.000,40000.000,226.830,227.218,226.812,227.231,-0.050,0.084
2017-03-09 15:01:00,227.193,227.145,21.000,200.000,227.25,227.30,5000.000,2500.000,227.15,227.20,656.000,15.000,227.20,227.35,2500.000,12500.000,227.10,227.25,6489.000,12799.000,27500.000,42500.000,227.113,227.481,227.032,227.318,0.100,0.093
2017-03-09 15:02:00,227.438,227.345,3.000,4258.000,227.45,227.50,2500.000,10000.000,227.30,227.45,86.000,434.000,227.40,227.55,15000.000,30000.000,227.25,227.50,3622.000,9386.000,30000.000,52500.000,227.290,227.597,227.204,227.519,0.100,0.090
2017-03-09 15:03:00,227.422,227.360,1336.000,72.000,227.35,227.40,2500.000,5000.000,227.35,227.45,748.000,505.000,227.30,227.45,5000.000,35000.000,227.30,227.50,9558.000,4556.000,22500.000,52500.000,227.245,227.500,227.250,227.521,-0.025,0.120
2017-03-09 15:04:00,227.268,227.180,403.000,846.000,227.20,227.25,5000.000,2500.000,227.10,227.15,85.000,521.000,227.15,227.30,10000.000,2500.000,227.05,227.25,8173.000,5729.000,32500.000,17500.000,227.046,227.376,227.012,227.300,0.100,0.140
2017-03-09 15:05:00,227.240,227.112,158.000,18.000,227.10,227.15,10000.000,2500.000,227.00,227.15,312.000,294.000,227.05,227.20,7500.000,5000.000,226.95,227.20,11570.000,1745.000,40000.000,25000.000,226.975,227.243,226.875,227.270,0.050,0.143
2017-03-09 15:06:00,227.040,226.945,1872.000,47.000,227.00,227.05,5000.000,5000.000,226.90,227.05,1.000,1010.000,226.95,227.10,2500.000,7500.000,226.85,227.10,8368.000,4897.000,20000.000,30000.000,226.897,227.203,226.800,227.142,0.050,0.167
2017-03-09 15:07:00,226.978,226.900,20.000,52.000,227.00,227.05,2500.000,2500.000,226.85,227.00,65.000,886.000,226.95,227.10,2500.000,7500.000,226.80,227.05,4626.000,7803.000,22500.000,30000.000,226.844,227.207,226.717,227.108,0.100,0.198
2017-03-09 15:08:00,227.039,226.829,2.000,51.000,226.95,227.00,2500.000,5000.000,226.85,226.95,622.000,1083.000,226.90,227.10,2500.000,5000.000,226.80,227.00,10089.000,7318.000,17500.000,30000.000,226.798,227.185,226.664,227.058,0.075,0.194
2017-03-09 15:09:00,226.964,226.774,524.000,93.000,226.90,226.95,2500.000,2500.000,226.70,226.85,200.000,198.000,226.85,227.00,5000.000,5000.000,226.65,226.90,4836.000,3921.000,27500.000,30000.000,226.739,227.067,226.559,226.975,0.150,0.175
2017-03-09 15:10:00,226.938,226.798,2091.000,551.000,226.80,226.85,7500.000,5000.000,226.80,226.90,1962.000,597.000,226.75,226.90,2500.000,5000.000,226.75,226.95,12581.000,1583.000,22500.000,32500.000,226.688,226.909,226.672,227.008,-0.025,0.205
2017-03-09 15:11:00,227.027,226.809,188.000,51.000,226.90,226.95,2500.000,2500.000,226.80,226.90,627.000,366.000,226.85,227.05,5000.000,5000.000,226.70,226.95,8557.000,3103.000,27500.000,30000.000,226.773,227.143,226.586,227.012,0.075,0.235
2017-03-09 15:12:00,226.992,226.762,3239.000,1568.000,226.80,227.00,7500.000,5000.000,226.80,226.85,3663.000,178.000,226.75,227.05,2500.000,5000.000,226.75,226.90,13774.000,4702.000,22500.000,37500.000,226.712,227.088,226.683,226.967,0.075,0.265
2017-03-09 15:13:00,226.885,226.697,347.000,623.000,226.80,226.90,2500.000,2500.000,226.70,226.80,65.000,160.000,226.75,226.95,2500.000,12500.000,226.60,226.85,5711.000,4296.000,30000.000,45000.000,226.664,227.016,226.504,226.925,0.100,0.274
2017-03-09 15:14:00,226.621,226.524,45.000,1.000,226.65,226.75,5000.000,2500.000,226.35,226.50,553.000,1022.000,226.60,226.80,5000.000,10000.000,226.20,226.60,2156.000,6190.000,55000.000,22500.000,226.521,226.869,226.134,226.639,0.275,0.325
2017-03-09 15:15:00,226.781,226.489,523.000,45.000,226.65,226.80,2500.000,5000.000,226.45,226.55,1117.000,3650.000,226.60,226.90,2500.000,2500.000,226.35,226.60,10501.000,8735.000,17500.000,17500.000,226.517,226.959,226.293,226.650,0.225,0.329
2017-03-09 15:16:00,226.905,226.540,95.000,411.000,226.80,226.90,2500.000,2500.000,226.50,226.65,60.000,437.000,226.75,226.95,2500.000,7500.000,226.45,226.70,3537.000,3190.000,20000.000,32500.000,226.638,227.030,226.375,226.754,0.275,0.364
2017-03-09 15:17:00,226.828,226.447,42.000,427.000,226.85,226.90,2500.000,2500.000,226.45,226.60,454.000,1185.000,226.75,226.95,5000.000,7500.000,226.40,226.65,2099.000,3929.000,15000.000,32500.000,226.652,226.996,226.358,226.715,0.350,0.387
2017-03-09 15:18:00,226.757,226.523,56.000,3.000,226.75,226.80,2500.000,2500.000,226.30,226.50,160.000,348.000,226.65,226.85,2500.000,5000.000,226.25,226.55,5629.000,5662.000,45000.000,20000.000,226.523,226.961,226.131,226.606,0.375,0.415
2017-03-09 15:19:00,226.833,226.481,658.000,51.000,226.80,226.85,7500.000,2500.000,226.40,226.65,244.000,2251.000,226.75,226.95,2500.000,5000.000,226.35,226.70,2683.000,3975.000,27500.000,37500.000,226.682,226.983,226.295,226.760,0.300,0.437
2017-03-09 15:20:00,226.778,226.465,160.000,51.000,226.60,226.70,2500.000,2500.000,226.35,226.55,896.000,60.000,226.55,226.80,5000.000,5000.000,226.30,226.60,9533.000,2688.000,22500.000,20000.000,226.481,226.889,226.233,226.662,0.200,0.496
2017-03-09 15:21:00,227.165,226.626,1368.000,349.000,227.25,227.35,5000.000,5000.000,226.65,226.80,4.000,1111.000,227.20,227.40,2500.000,17500.000,226.60,226.90,1856.000,13446.000,17500.000,60000.000,227.193,227.466,226.550,226.960,0.575,0.487
2017-03-09 15:22:00,227.417,226.920,2598.000,2556.000,227.40,227.50,2500.000,15000.000,226.90,227.00,122.000,61.000,227.35,227.55,12500.000,2500.000,226.85,227.05,6368.000,8938.000,22500.000,35000.000,227.309,227.608,226.822,227.082,0.500,0.490
2017-03-09 15:23:00,227.549,227.178,1668.000,333.000,227.55,227.60,2500.000,2500.000,227.15,227.20,2796.000,77.000,227.50,227.70,7500.000,5000.000,227.10,227.30,5474.000,4616.000,22500.000,27500.000,227.499,227.810,227.050,227.355,0.400,0.491
2017-03-09 15:24:00,227.435,226.969,466.000,712.000,227.55,227.60,7500.000,2500.000,226.90,227.10,120.000,2758.000,227.45,227.65,2500.000,2500.000,226.85,227.15,1922.000,9512.000,27500.000,25000.000,227.399,227.725,226.805,227.225,0.575,0.505
2017-03-09 15:25:00,227.423,226.818,160.000,61.000,227.30,227.40,10000.000,2500.000,226.85,227.00,1518.000,14.000,227.25,227.45,7500.000,5000.000,226.80,227.05,6046.000,1889.000,32500.000,65000.000,227.108,227.580,226.769,227.163,0.425,0.488
2017-03-09 15:26:00,227.179,226.686,281.000,501.000,227.15,227.25,2500.000,2500.000,226.75,226.80,135.000,696.000,227.10,227.30,5000.000,10000.000,226.65,226.85,3600.000,4282.000,17500.000,35000.000,227.014,227.395,226.614,226.921,0.425,0.488
2017-03-09 15:27:00,227.282,226.770,97.000,7.000,227.20,227.25,5000.000,5000.000,226.75,226.85,120.000,181.000,227.15,227.30,7500.000,5000.000,226.70,226.95,2656.000,1173.000,25000.000,37500.000,227.013,227.366,226.630,227.000,0.425,0.488
2017-03-09 15:28:00,227.089,226.713,337.000,54.000,227.20,227.25,2500.000,2500.000,226.70,226.80,100.000,223.000,227.10,227.30,7500.000,5000.000,226.65,226.85,1853.000,3456.000,20000.000,27500.000,227.037,227.426,226.600,226.923,0.475,0.488
2017-03-09 15:29:00,227.271,226.734,2996.000,118.000,227.20,227.50,5000.000,2500.000,226.80,226.90,112.000,2510.000,227.10,227.55,5000.000,10000.000,226.75,227.00,4857.000,5623.000,20000.000,67500.000,227.117,227.581,226.713,227.148,0.500,0.488
2017-03-09 15:30:00,227.248,226.725,22.000,2551.000,227.65,227.70,2500.000,2500.000,226.60,227.05,759.000,350.000,227.45,227.75,2500.000,2500.000,226.55,227.15,1042.000,8490.000,25000.000,55000.000,227.341,227.831,226.435,227.200,0.850,0.488
2017-03-10 09:16:00,229.239,228.614,9.000,514.000,229.40,229.45,7500.000,2500.000,228.55,228.85,55.000,50.000,229.30,229.50,5000.000,2500.000,228.50,228.90,855.000,3909.000,22500.000,22500.000,229.164,229.647,228.344,228.989,0.725,0.626
2017-03-10 09:17:00,229.170,228.476,41.000,927.000,229.05,229.20,10000.000,2500.000,228.45,228.70,319.000,537.000,229.00,229.25,5000.000,2500.000,228.40,228.80,1996.000,2027.000,25000.000,32500.000,228.895,229.262,228.365,228.888,0.550,0.576
2017-03-10 09:18:00,229.187,228.550,1.000,612.000,229.15,229.20,2500.000,2500.000,228.50,228.65,2.000,500.000,229.10,229.25,5000.000,2500.000,228.45,228.70,1911.000,2101.000,15000.000,12500.000,229.013,229.288,228.342,228.750,0.600,0.543
2017-03-10 09:19:00,228.874,228.211,1116.000,22.000,228.80,228.95,2500.000,2500.000,228.25,228.40,1145.000,60.000,228.75,229.00,2500.000,7500.000,228.15,228.50,4886.000,3001.000,12500.000,22500.000,228.721,229.127,228.030,228.544,0.550,0.481
2017-03-10 09:20:00,228.725,228.132,193.000,1955.000,228.75,228.80,5000.000,2500.000,228.10,228.35,126.000,100.000,228.70,228.85,7500.000,5000.000,228.00,228.40,1269.000,4386.000,20000.000,27500.000,228.632,228.881,227.969,228.482,0.550,0.439
2017-03-10 09:21:00,229.442,228.897,1897.000,1.000,229.40,229.45,5000.000,2500.000,228.90,229.10,1138.000,2546.000,229.35,229.50,2500.000,5000.000,228.85,229.20,8279.000,5488.000,17500.000,25000.000,229.295,229.578,228.693,229.265,0.425,0.415
2017-03-10 09:22:00,229.917,229.474,636.000,50.000,229.90,229.95,10000.000,2500.000,229.35,229.70,542.000,3555.000,229.85,230.00,10000.000,10000.000,229.30,229.75,2678.000,4509.000,30000.000,32500.000,229.814,230.031,229.275,229.842,0.400,0.388
2017-03-10 09:23:00,229.560,229.087,51.000,627.000,229.60,229.65,10000.000,5000.000,229.00,229.25,67.000,2569.000,229.55,229.70,2500.000,5000.000,228.85,229.30,866.000,4857.000,25000.000,22500.000,229.455,229.732,228.870,229.344,0.500,0.369
2017-03-10 09:24:00,229.466,229.116,297.000,112.000,229.50,229.60,5000.000,2500.000,229.00,229.15,923.000,646.000,229.45,229.65,5000.000,2500.000,228.95,229.20,2522.000,5409.000,22500.000,17500.000,229.399,229.744,228.911,229.336,0.475,0.369
2017-03-10 09:25:00,229.717,229.334,95.000,612.000,229.70,229.80,5000.000,2500.000,229.25,229.40,498.000,1342.000,229.65,229.85,2500.000,5000.000,229.20,229.45,6999.000,9917.000,20000.000,20000.000,229.542,229.953,229.137,229.494,0.425,0.372
2017-03-10 09:26:00,229.640,229.217,241.000,1004.000,229.75,229.85,2500.000,2500.000,229.10,229.35,31.000,1288.000,229.65,229.90,2500.000,15000.000,229.05,229.40,2060.000,10742.000,27500.000,32500.000,229.590,229.977,228.986,229.454,0.575,0.369
2017-03-10 09:27:00,229.642,229.333,22.000,231.000,229.75,229.80,2500.000,5000.000,229.20,229.45,910.000,800.000,229.70,229.85,2500.000,5000.000,229.10,229.50,1826.000,8783.000,27500.000,22500.000,229.650,229.962,229.036,229.550,0.450,0.389
2017-03-10 09:28:00,229.613,229.234,656.000,145.000,229.55,229.60,2500.000,5000.000,229.10,229.35,88.000,216.000,229.50,229.65,2500.000,7500.000,229.05,229.40,2230.000,1127.000,27500.000,27500.000,229.441,229.727,228.991,229.441,0.350,0.379
2017-03-10 09:29:00,229.513,229.162,199.000,182.000,229.45,229.50,2500.000,5000.000,229.10,229.30,615.000,803.000,229.40,229.60,10000.000,2500.000,229.05,229.35,4622.000,5461.000,27500.000,32500.000,229.294,229.724,229.014,229.427,0.275,0.399
2017-03-10 09:30:00,229.295,228.897,21.000,999.000,229.20,229.40,2500.000,2500.000,228.75,228.95,131.000,728.000,229.15,229.45,5000.000,2500.000,228.70,229.00,4558.000,6519.000,22500.000,22500.000,229.017,229.507,228.644,229.178,0.450,0.414
2017-03-10 09:31:00,229.145,228.734,23.000,473.000,229.10,229.20,2500.000,2500.000,228.65,228.85,370.000,253.000,229.05,229.25,2500.000,7500.000,228.60,228.90,3015.000,3617.000,17500.000,22500.000,228.959,229.318,228.536,228.956,0.400,0.448
2017-03-10 09:32:00,229.060,228.650,2.000,379.000,229.05,229.15,2500.000,2500.000,228.60,228.80,60.000,364.000,229.00,229.20,2500.000,7500.000,228.55,228.85,2603.000,4521.000,17500.000,25000.000,228.881,229.289,228.479,228.900,0.400,0.455
2017-03-10 09:33:00,229.151,228.826,4.000,91.000,229.20,229.30,5000.000,15000.000,228.70,228.90,100.000,364.000,229.15,229.35,12500.000,5000.000,228.60,229.00,4483.000,11196.000,30000.000,32500.000,229.042,229.472,228.579,229.031,0.450,0.468
2017-03-10 09:34:00,229.447,228.996,60.000,405.000,229.35,229.45,2500.000,5000.000,228.95,229.10,1333.000,2640.000,229.30,229.50,5000.000,2500.000,228.80,229.20,6280.000,4970.000,15000.000,17500.000,229.202,229.543,228.775,229.221,0.375,0.468
2017-03-10 09:35:00,229.528,229.054,64.000,1875.000,229.45,229.50,2500.000,2500.000,229.00,229.10,802.000,74.000,229.40,229.55,2500.000,2500.000,228.95,229.15,6861.000,4717.000,17500.000,15000.000,229.309,229.587,228.843,229.208,0.425,0.477
2017-03-10 09:36:00,229.234,228.656,76.000,60.000,229.20,229.25,2500.000,5000.000,228.60,228.75,7.000,839.000,229.15,229.30,2500.000,7500.000,228.55,228.80,2841.000,3556.000,17500.000,27500.000,229.012,229.379,228.479,228.882,0.550,0.466
2017-03-10 09:37:00,229.159,228.714,341.000,768.000,229.20,229.25,5000.000,2500.000,228.65,228.80,379.000,44.000,229.15,229.35,5000.000,2500.000,228.60,228.90,4050.000,9612.000,22500.000,22500.000,229.051,229.458,228.556,228.978,0.500,0.492
2017-03-10 09:38:00,229.289,228.900,28.000,982.000,229.30,229.45,2500.000,2500.000,228.80,228.95,344.000,2746.000,229.25,229.50,7500.000,5000.000,228.70,229.00,2631.000,8025.000,27500.000,17500.000,229.159,229.560,228.614,229.050,0.500,0.509
2017-03-10 09:39:00,229.204,228.752,15.000,1002.000,229.15,229.20,5000.000,2500.000,228.65,228.85,75.000,70.000,229.10,229.25,5000.000,7500.000,228.60,228.90,2661.000,2857.000,30000.000,27500.000,228.980,229.301,228.533,228.964,0.425,0.486
2017-03-10 09:40:00,228.913,228.392,797.000,820.000,229.00,229.05,2500.000,2500.000,228.35,228.55,110.000,974.000,228.95,229.10,2500.000,5000.000,228.30,228.60,1928.000,7453.000,12500.000,17500.000,228.911,229.195,228.210,228.650,0.575,0.471
2017-03-10 09:41:00,229.365,228.843,82.000,1413.000,229.45,229.50,5000.000,2500.000,228.80,228.95,107.000,411.000,229.30,229.55,2500.000,5000.000,228.75,229.00,3353.000,7854.000,17500.000,20000.000,229.189,229.631,228.657,229.050,0.600,0.458
2017-03-10 09:42:00,229.403,228.829,113.000,884.000,229.30,229.50,2500.000,5000.000,228.80,229.00,738.000,315.000,229.25,229.55,5000.000,5000.000,228.70,229.05,5064.000,4795.000,17500.000,25000.000,229.194,229.610,228.657,229.105,0.500,0.422
2017-03-10 09:43:00,229.362,228.884,65.000,50.000,229.25,229.45,2500.000,5000.000,228.75,229.00,2405.000,1498.000,229.20,229.50,67500.000,2500.000,228.70,229.05,4733.000,3865.000,82500.000,32500.000,229.148,229.570,228.635,229.154,0.475,0.430
2017-03-10 09:44:00,229.366,229.031,2.000,263.000,229.35,229.40,2500.000,2500.000,228.85,228.95,349.000,1477.000,229.30,229.50,2500.000,2500.000,228.80,229.00,3813.000,5081.000,47500.000,20000.000,229.235,229.580,228.708,229.144,0.475,0.485
2017-03-10 09:45:00,229.336,228.887,291.000,122.000,229.25,229.30,7500.000,2500.000,228.75,228.95,535.000,400.000,229.20,229.35,25000.000,7500.000,228.70,229.00,4589.000,2479.000,40000.000,20000.000,229.105,229.416,228.675,229.100,0.425,0.502
2017-03-10 09:46:00,229.171,228.718,500.000,694.000,229.25,229.30,25000.000,2500.000,228.70,228.80,8.000,482.000,229.20,229.35,2500.000,2500.000,228.65,228.90,2499.000,8896.000,35000.000,20000.000,229.104,229.456,228.632,228.963,0.525,0.517
2017-03-10 09:47:00,228.924,228.529,209.000,412.000,229.10,229.20,7500.000,2500.000,228.30,228.65,126.000,218.000,229.00,229.25,2500.000,2500.000,228.25,228.75,1519.000,8779.000,32500.000,20000.000,228.881,229.368,228.100,228.819,0.675,0.513
2017-03-10 09:48:00,229.125,228.607,90.000,604.000,229.25,229.30,2500.000,5000.000,228.60,228.75,1381.000,601.000,229.20,229.35,5000.000,2500.000,228.50,228.80,1942.000,11766.000,15000.000,20000.000,229.170,229.467,228.442,228.850,0.600,0.497
2017-03-10 09:49:00,229.230,228.620,422.000,22.000,229.15,229.25,7500.000,2500.000,228.55,228.75,406.000,135.000,229.10,229.30,2500.000,2500.000,228.50,228.80,4662.000,2784.000,20000.000,17500.000,229.023,229.417,228.450,228.879,0.550,0.483
2017-03-10 09:50:00,228.991,228.460,21.000,222.000,229.05,229.10,7500.000,2500.000,228.40,228.60,1364.000,2.000,229.00,229.20,2500.000,2500.000,228.35,228.65,2674.000,5587.000,17500.000,20000.000,228.952,229.330,228.329,228.725,0.575,0.461
2017-03-10 09:51:00,229.029,228.500,158.000,77.000,228.95,229.00,2500.000,2500.000,228.35,228.55,240.000,220.000,228.90,229.10,5000.000,5000.000,228.25,228.60,7247.000,5235.000,32500.000,17500.000,228.781,229.233,228.096,228.657,0.525,0.435
2017-03-10 09:52:00,228.786,228.407,1098.000,455.000,228.80,228.85,5000.000,2500.000,228.25,228.35,451.000,126.000,228.75,228.90,2500.000,5000.000,228.15,228.50,5306.000,7645.000,30000.000,20000.000,228.678,228.993,228.075,228.575,0.525,0.466
2017-03-10 09:53:00,228.823,228.385,748.000,45.000,228.75,228.80,2500.000,2500.000,228.25,228.35,466.000,1518.000,228.70,228.90,2500.000,2500.000,228.15,228.40,8745.000,7311.000,27500.000,15000.000,228.599,228.984,228.059,228.483,0.475,0.507
2017-03-10 09:54:00,228.872,228.337,54.000,1610.000,228.80,228.90,2500.000,5000.000,228.35,228.45,633.000,112.000,228.75,228.95,2500.000,5000.000,228.25,228.50,3601.000,3686.000,15000.000,22500.000,228.670,228.982,228.175,228.572,0.450,0.516
2017-03-10 09:55:00,228.786,228.363,131.000,2.000,228.80,228.85,2500.000,5000.000,228.30,228.45,635.000,1070.000,228.75,228.90,2500.000,7500.000,228.25,228.50,2650.000,3965.000,15000.000,25000.000,228.680,228.986,228.150,228.590,0.450,0.553
2017-03-10 09:56:00,228.823,228.426,3.000,1749.000,228.85,228.90,5000.000,2500.000,228.25,228.45,1.000,60.000,228.80,228.95,2500.000,5000.000,228.15,228.50,656.000,3617.000,42500.000,20000.000,228.681,228.972,228.038,228.556,0.525,0.574
2017-03-10 09:57:00,228.739,228.202,36.000,1045.000,228.65,228.70,2500.000,5000.000,228.10,228.20,39.000,60.000,228.60,228.75,22500.000,5000.000,228.00,228.25,9177.000,4297.000,42500.000,17500.000,228.513,228.821,227.947,228.279,0.525,0.589
2017-03-10 09:58:00,228.510,227.871,3380.000,132.000,228.55,228.60,2500.000,2500.000,227.85,228.00,1257.000,1277.000,228.50,228.65,5000.000,7500.000,227.80,228.05,6699.000,8483.000,20000.000,27500.000,228.478,228.724,227.694,228.118,0.650,0.588
2017-03-10 09:59:00,228.588,228.005,60.000,563.000,228.55,228.70,2500.000,5000.000,228.00,228.10,211.000,112.000,228.50,228.75,5000.000,7500.000,227.85,228.15,5542.000,7949.000,22500.000,27500.000,228.396,228.848,227.789,228.191,0.575,0.608
2017-03-10 10:00:00,228.682,228.075,3.000,450.000,228.75,228.80,2500.000,7500.000,228.05,228.20,2.000,693.000,228.70,228.85,2500.000,5000.000,228.00,228.25,2677.000,10369.000,20000.000,30000.000,228.570,228.944,227.863,228.350,0.650,0.618
2017-03-10 10:01:00,228.731,228.228,644.000,486.000,228.70,228.90,5000.000,2500.000,228.10,228.25,355.000,587.000,228.65,228.95,10000.000,2500.000,228.00,228.30,6510.000,12822.000,32500.000,12500.000,228.557,229.027,227.900,228.350,0.625,0.661
2017-03-10 10:02:00,228.759,228.144,6.000,3382.000,228.75,228.95,7500.000,2500.000,228.05,228.20,386.000,2811.000,228.70,229.00,7500.000,2500.000,228.00,228.30,5168.000,15350.000,22500.000,17500.000,228.601,229.055,227.983,228.350,0.725,0.670
2017-03-10 10:03:00,229.045,228.414,947.000,143.000,228.95,229.10,2500.000,5000.000,228.35,228.50,1083.000,60.000,228.90,229.20,2500.000,2500.000,228.30,228.55,9018.000,8630.000,15000.000,20000.000,228.809,229.305,228.242,228.619,0.600,0.668
2017-03-10 10:04:00,229.103,228.419,115.000,2826.000,229.15,229.20,5000.000,5000.000,228.30,228.50,2863.000,2642.000,229.10,229.25,10000.000,5000.000,228.20,228.55,3981.000,11658.000,30000.000,22500.000,229.082,229.304,228.137,228.611,0.775,0.649
2017-03-10 10:05:00,229.211,228.553,77.000,103.000,229.20,229.25,2500.000,2500.000,228.50,228.65,1441.000,301.000,229.15,229.30,5000.000,5000.000,228.45,228.70,7884.000,9090.000,17500.000,22500.000,229.072,229.466,228.393,228.756,0.650,0.649
2017-03-10 10:06:00,229.366,228.648,41.000,22.000,229.40,229.45,7500.000,2500.000,228.65,228.75,61.000,1537.000,229.35,229.50,5000.000,7500.000,228.60,228.85,5191.000,12156.000,25000.000,30000.000,229.243,229.586,228.515,228.917,0.725,0.628
2017-03-10 10:07:00,229.420,228.761,1.000,1214.000,229.45,229.50,5000.000,5000.000,228.70,228.85,502.000,2365.000,229.40,229.60,2500.000,7500.000,228.65,228.95,4717.000,14570.000,20000.000,27500.000,229.274,229.675,228.569,228.977,0.700,0.612
2017-03-10 10:08:00,229.418,228.800,31.000,681.000,229.45,229.50,5000.000,5000.000,228.70,228.85,297.000,2365.000,229.40,229.60,2500.000,2500.000,228.65,228.95,4543.000,14037.000,22500.000,27500.000,229.269,229.681,228.578,228.986,0.700,0.608
2017-03-10 10:09:00,229.564,228.973,266.000,500.000,229.55,229.60,5000.000,2500.000,228.90,229.00,427.000,5.000,229.50,229.65,7500.000,5000.000,228.80,229.10,5184.000,4962.000,35000.000,25000.000,229.407,229.772,228.714,229.145,0.625,0.600
2017-03-10 10:10:00,229.652,228.996,67.000,12.000,229.70,229.85,7500.000,2500.000,229.00,229.15,412.000,2717.000,229.65,229.90,5000.000,5000.000,228.95,229.20,5640.000,22755.000,25000.000,45000.000,229.549,229.985,228.905,229.347,0.700,0.575
2017-03-10 10:11:00,229.435,228.819,1186.000,1780.000,229.35,229.50,5000.000,2500.000,228.80,228.90,459.000,50.000,229.30,229.55,2500.000,5000.000,228.70,228.95,7904.000,6383.000,22500.000,22500.000,229.236,229.636,228.617,229.044,0.575,0.554
2017-03-10 10:12:00,229.278,228.697,4.000,402.000,229.35,229.40,5000.000,2500.000,228.70,228.75,32.000,677.000,229.25,229.45,5000.000,2500.000,228.60,228.80,4068.000,10900.000,20000.000,17500.000,229.151,229.525,228.544,228.907,0.650,0.539
2017-03-10 10:13:00,228.957,228.361,14.000,202.000,228.85,229.00,5000.000,7500.000,228.30,228.45,1005.000,110.000,228.80,229.05,2500.000,5000.000,228.25,228.50,8214.000,5060.000,20000.000,27500.000,228.722,229.171,228.213,228.586,0.550,0.516
2017-03-10 10:14:00,228.990,228.438,611.000,1998.000,228.85,229.00,2500.000,5000.000,228.35,228.50,1224.000,50.000,228.80,229.05,2500.000,2500.000,228.25,228.55,8675.000,4748.000,17500.000,15000.000,228.735,229.089,228.207,228.600,0.500,0.514
2017-03-10 10:15:00,228.956,228.427,16.000,1536.000,228.90,229.00,2500.000,2500.000,228.35,228.45,218.000,110.000,228.85,229.05,2500.000,5000.000,228.30,228.50,4381.000,4924.000,20000.000,17500.000,228.759,229.109,228.238,228.557,0.550,0.529
2017-03-10 10:16:00,229.128,228.613,165.000,498.000,228.95,229.00,2500.000,2500.000,228.50,228.65,895.000,2.000,228.90,229.05,2500.000,2500.000,228.45,228.70,6107.000,612.000,20000.000,17500.000,228.801,229.032,228.394,228.793,0.400,0.533
2017-03-10 10:17:00,229.033,228.526,80.000,3126.000,228.90,229.00,2500.000,2500.000,228.45,228.60,213.000,2.000,228.85,229.05,10000.000,5000.000,228.40,228.65,5742.000,3829.000,22500.000,20000.000,228.755,229.036,228.344,228.706,0.425,0.549
2017-03-10 10:18:00,228.845,228.363,12.000,50.000,228.90,228.95,2500.000,5000.000,228.30,228.45,419.000,537.000,228.85,229.00,5000.000,10000.000,228.25,228.50,1707.000,4070.000,30000.000,37500.000,228.781,229.099,228.188,228.547,0.550,0.568
2017-03-10 10:19:00,229.167,228.628,7.000,167.000,229.30,229.35,2500.000,5000.000,228.60,228.75,146.000,427.000,229.25,229.40,5000.000,7500.000,228.45,228.80,859.000,9184.000,20000.000,25000.000,229.151,229.514,228.412,228.860,0.650,0.588
2017-03-10 10:20:00,228.904,228.300,1373.000,134.000,228.80,228.85,7500.000,10000.000,228.20,228.40,406.000,139.000,228.75,228.90,2500.000,5000.000,228.15,228.45,5762.000,1592.000,32500.000,37500.000,228.686,228.962,228.077,228.493,0.525,0.584
2017-03-10 10:21:00,229.643,229.108,121.000,900.000,229.70,229.75,15000.000,2500.000,229.00,229.15,677.000,511.000,229.65,229.80,2500.000,2500.000,228.95,229.20,4447.000,11008.000,47500.000,27500.000,229.560,229.907,228.911,229.268,0.650,0.594
2017-03-10 10:22:00,229.156,228.570,600.000,100.000,229.05,229.10,10000.000,7500.000,228.55,228.65,1684.000,57.000,229.00,229.15,10000.000,2500.000,228.50,228.70,6556.000,1384.000,35000.000,32500.000,228.941,229.241,228.461,228.754,0.475,0.615
2017-03-10 10:23:00,229.395,228.816,3952.000,952.000,229.30,229.40,5000.000,5000.000,228.90,229.00,4754.000,83.000,229.25,229.50,2500.000,55000.000,228.80,229.05,11976.000,5195.000,22500.000,97500.000,229.241,229.571,228.700,229.086,0.400,0.622
2017-03-10 10:24:00,229.635,229.000,691.000,202.000,229.50,229.65,5000.000,2500.000,229.00,229.15,582.000,250.000,229.45,229.70,2500.000,7500.000,228.95,229.20,9651.000,5874.000,17500.000,32500.000,229.344,229.796,228.900,229.258,0.500,0.622
2017-03-10 10:25:00,229.497,228.910,26.000,257.000,229.60,229.65,2500.000,7500.000,228.90,229.10,48.000,726.000,229.55,229.70,5000.000,2500.000,228.80,229.15,592.000,6099.000,17500.000,32500.000,229.460,229.781,228.764,229.204,0.625,0.611
2017-03-10 10:26:00,229.490,228.906,435.000,4.000,229.40,229.55,5000.000,2500.000,228.90,229.05,728.000,62.000,229.35,229.60,2500.000,2500.000,228.80,229.10,11059.000,6999.000,20000.000,25000.000,229.283,229.740,228.762,229.195,0.500,0.623
2017-03-10 10:27:00,229.592,228.900,370.000,14.000,229.40,229.45,5000.000,2500.000,228.90,229.05,53.000,10.000,229.35,229.50,2500.000,7500.000,228.80,229.10,5520.000,685.000,20000.000,35000.000,229.260,229.663,228.762,229.200,0.450,0.588
2017-03-10 10:28:00,229.587,228.975,1.000,1398.000,229.70,229.75,2500.000,2500.000,228.95,229.10,273.000,930.000,229.65,229.80,2500.000,2500.000,228.90,229.15,785.000,13021.000,27500.000,27500.000,229.599,229.879,228.727,229.232,0.700,0.593
2017-03-10 10:29:00,229.651,229.017,27.000,80.000,229.65,229.70,2500.000,7500.000,229.00,229.15,372.000,252.000,229.60,229.80,2500.000,2500.000,228.95,229.20,4997.000,7273.000,22500.000,37500.000,229.494,229.923,228.839,229.250,0.600,0.577
2017-03-10 10:30:00,229.448,228.915,110.000,586.000,229.45,229.60,2500.000,2500.000,228.80,228.95,117.000,574.000,229.40,229.65,2500.000,7500.000,228.75,229.00,4055.000,9997.000,22500.000,20000.000,229.268,229.738,228.606,229.062,0.650,0.593
2017-03-10 10:31:00,229.247,228.605,4.000,457.000,229.30,229.40,5000.000,2500.000,228.55,228.70,606.000,979.000,229.20,229.45,5000.000,5000.000,228.50,228.75,3172.000,9920.000,25000.000,22500.000,229.101,229.502,228.435,228.811,0.725,0.580
2017-03-10 10:32:00,229.249,228.732,47.000,714.000,229.30,229.45,2500.000,2500.000,228.65,228.70,27.000,5659.000,229.25,229.50,2500.000,7500.000,228.60,228.80,3249.000,15842.000,32500.000,22500.000,229.162,229.571,228.473,228.850,0.700,0.587
2017-03-10 10:33:00,229.207,228.571,205.000,294.000,229.20,229.25,5000.000,2500.000,228.50,228.65,86.000,2.000,229.15,229.35,10000.000,2500.000,228.40,228.70,5679.000,8265.000,30000.000,22500.000,229.030,229.470,228.358,228.772,0.650,0.585
2017-03-10 10:34:00,228.932,228.375,129.000,1094.000,228.90,229.00,2500.000,5000.000,228.30,228.40,845.000,438.000,228.85,229.10,7500.000,5000.000,228.25,228.45,7890.000,15199.000,22500.000,17500.000,228.771,229.210,228.200,228.500,0.600,0.576
2017-03-10 10:35:00,228.961,228.347,3.000,174.000,228.85,228.90,2500.000,7500.000,228.25,228.40,1727.000,1558.000,228.80,229.00,7500.000,5000.000,228.20,228.45,6934.000,3509.000,20000.000,20000.000,228.723,229.064,228.156,228.488,0.550,0.580
2017-03-10 10:36:00,228.594,228.018,2.000,82.000,228.65,228.70,2500.000,2500.000,227.95,228.10,212.000,575.000,228.60,228.75,5000.000,10000.000,227.90,228.15,2599.000,6372.000,22500.000,27500.000,228.505,228.859,227.839,228.191,0.650,0.568
2017-03-10 10:37:00,228.840,228.289,2.000,429.000,228.80,228.90,5000.000,10000.000,228.15,228.35,574.000,1687.000,228.70,228.95,5000.000,5000.000,228.10,228.40,4472.000,5476.000,22500.000,22500.000,228.594,228.991,228.011,228.456,0.600,0.578
2017-03-10 10:38:00,229.173,228.547,3.000,973.000,229.10,229.20,7500.000,2500.000,228.45,228.65,148.000,399.000,229.05,229.25,7500.000,2500.000,228.40,228.70,2466.000,2808.000,22500.000,15000.000,228.941,229.290,228.356,228.767,0.600,0.579
2017-03-10 10:39:00,228.899,228.387,19.000,34.000,229.00,229.05,5000.000,5000.000,228.30,228.50,26.000,214.000,228.95,229.10,2500.000,7500.000,228.25,228.55,1190.000,5812.000,17500.000,22500.000,228.812,229.220,228.214,228.589,0.625,0.591
2017-03-10 10:40:00,228.930,228.297,382.000,50.000,228.90,228.95,5000.000,2500.000,228.25,228.40,188.000,10.000,228.85,229.00,5000.000,2500.000,228.20,228.45,4976.000,4662.000,17500.000,20000.000,228.762,229.185,228.171,228.512,0.600,0.570
2017-03-10 10:41:00,228.992,228.479,23.000,386.000,229.00,229.15,2500.000,5000.000,228.40,228.55,786.000,460.000,228.90,229.20,5000.000,5000.000,228.35,228.60,6432.000,10767.000,15000.000,20000.000,228.796,229.296,228.308,228.694,0.600,0.583
2017-03-10 10:42:00,229.062,228.461,670.000,135.000,228.95,229.15,2500.000,2500.000,228.40,228.50,591.000,400.000,228.90,229.20,5000.000,2500.000,228.35,228.55,10431.000,9375.000,17500.000,17500.000,228.811,229.291,228.300,228.614,0.600,0.570
2017-03-10 10:43:00,229.005,228.373,473.000,1984.000,228.90,229.00,5000.000,7500.000,228.25,228.45,717.000,60.000,228.85,229.05,7500.000,7500.000,228.20,228.50,6349.000,3667.000,25000.000,25000.000,228.792,229.072,228.135,228.580,0.600,0.556
2017-03-10 10:44:00,228.974,228.400,4.000,2060.000,228.95,229.10,10000.000,2500.000,228.25,228.45,163.000,400.000,228.90,229.15,5000.000,7500.000,228.20,228.50,6561.000,12785.000,27500.000,17500.000,228.781,229.227,228.141,228.550,0.675,0.558
2017-03-10 10:45:00,228.848,228.321,26.000,152.000,228.90,228.95,5000.000,2500.000,228.20,228.30,168.000,3231.000,228.85,229.00,2500.000,2500.000,228.15,228.40,3253.000,9713.000,27500.000,20000.000,228.789,229.073,228.068,228.475,0.675,0.537
2017-03-10 10:46:00,228.844,228.267,2115.000,14.000,228.85,228.90,5000.000,2500.000,228.15,228.30,449.000,409.000,228.80,228.95,5000.000,5000.000,228.10,228.35,5901.000,6822.000,27500.000,17500.000,228.742,229.047,228.050,228.393,0.650,0.533
2017-03-10 10:47:00,228.845,228.305,4.000,354.000,228.90,228.95,5000.000,7500.000,228.20,228.35,2164.000,2316.000,228.85,229.00,5000.000,7500.000,228.15,228.40,3471.000,7893.000,27500.000,25000.000,228.810,229.091,228.095,228.430,0.650,0.540
2017-03-10 10:48:00,228.936,228.375,2419.000,392.000,228.90,228.95,5000.000,5000.000,228.25,228.45,116.000,1759.000,228.85,229.00,12500.000,5000.000,228.20,228.50,5932.000,4472.000,27500.000,22500.000,228.813,229.049,228.155,228.622,0.575,0.528
2017-03-10 10:49:00,228.877,228.294,2390.000,1338.000,228.90,228.95,10000.000,5000.000,228.20,228.40,57.000,1631.000,228.85,229.00,5000.000,5000.000,228.15,228.45,3556.000,6121.000,22500.000,22500.000,228.853,229.043,228.139,228.533,0.625,0.515
2017-03-10 10:50:00,228.782,228.359,90.000,415.000,228.90,228.95,5000.000,2500.000,228.25,228.40,5.000,301.000,228.85,229.00,7500.000,2500.000,228.20,228.45,438.000,4794.000,25000.000,15000.000,228.746,229.098,228.115,228.517,0.600,0.521
2017-03-10 10:51:00,228.893,228.335,717.000,4.000,228.75,228.85,2500.000,5000.000,228.25,228.40,1443.000,8.000,228.70,228.90,5000.000,7500.000,228.20,228.45,8231.000,2335.000,20000.000,22500.000,228.622,229.008,228.131,228.489,0.475,0.506
2017-03-10 10:52:00,228.879,228.304,57.000,417.000,228.80,228.95,2500.000,5000.000,228.25,228.40,4588.000,1226.000,228.75,229.00,2500.000,5000.000,228.20,228.45,7828.000,6151.000,15000.000,20000.000,228.708,229.079,228.117,228.494,0.550,0.476
2017-03-10 10:53:00,228.845,228.343,761.000,1743.000,228.80,228.95,2500.000,5000.000,228.25,228.40,1538.000,1118.000,228.75,229.00,2500.000,5000.000,228.20,228.45,5386.000,7369.000,17500.000,20000.000,228.697,229.057,228.093,228.494,0.550,0.491
2017-03-10 10:54:00,228.842,228.321,760.000,57.000,228.80,228.85,2500.000,10000.000,228.20,228.40,1537.000,1250.000,228.75,228.90,2500.000,5000.000,228.15,228.45,4628.000,3328.000,22500.000,25000.000,228.699,228.961,228.039,228.475,0.525,0.497
2017-03-10 10:55:00,228.749,228.297,379.000,41.000,228.80,228.85,2500.000,7500.000,228.20,228.40,1184.000,1840.000,228.75,228.90,7500.000,5000.000,228.15,228.45,2795.000,7078.000,20000.000,22500.000,228.697,228.982,228.081,228.483,0.525,0.502
2017-03-10 10:56:00,228.781,228.297,1168.000,178.000,228.75,228.80,2500.000,10000.000,228.20,228.40,68.000,10.000,228.70,228.85,5000.000,5000.000,228.15,228.45,5397.000,4224.000,20000.000,27500.000,228.604,228.980,228.094,228.477,0.475,0.498
2017-03-10 10:57:00,228.611,228.188,4.000,433.000,228.75,228.80,2500.000,5000.000,228.10,228.30,47.000,374.000,228.70,228.85,7500.000,2500.000,228.05,228.35,839.000,9166.000,22500.000,20000.000,228.579,228.972,228.000,228.412,0.575,0.507
2017-03-10 10:58:00,228.732,228.153,32.000,133.000,228.60,228.65,2500.000,5000.000,228.05,228.20,893.000,246.000,228.55,228.75,10000.000,5000.000,228.00,228.25,5589.000,2220.000,22500.000,17500.000,228.464,228.826,227.967,228.293,0.500,0.483
2017-03-10 10:59:00,228.796,228.248,2704.000,206.000,228.65,228.70,5000.000,2500.000,228.15,228.30,578.000,12.000,228.60,228.80,2500.000,2500.000,228.10,228.35,8874.000,1369.000,30000.000,20000.000,228.544,228.881,228.037,228.425,0.450,0.429
2017-03-10 11:00:00,228.718,228.242,2320.000,21.000,228.65,228.70,2500.000,2500.000,228.15,228.30,578.000,172.000,228.60,228.80,2500.000,2500.000,228.10,228.35,8323.000,4627.000,27500.000,20000.000,228.540,228.913,228.032,228.425,0.450,0.393
2017-03-10 11:01:00,228.749,228.283,2155.000,4.000,228.65,228.70,2500.000,2500.000,228.20,228.30,654.000,200.000,228.60,228.75,2500.000,2500.000,228.15,228.35,8820.000,2171.000,30000.000,22500.000,228.538,228.859,228.054,228.433,0.425,0.355
2017-03-10 11:02:00,228.768,228.300,2025.000,26.000,228.65,228.70,2500.000,2500.000,228.20,228.35,654.000,202.000,228.60,228.75,7500.000,2500.000,228.15,228.40,8565.000,1400.000,27500.000,25000.000,228.536,228.864,228.077,228.500,0.400,0.354
2017-03-10 11:03:00,228.778,228.321,1028.000,97.000,228.65,228.70,7500.000,5000.000,228.20,228.40,654.000,2.000,228.60,228.75,7500.000,5000.000,228.15,228.45,7538.000,1272.000,32500.000,27500.000,228.521,228.873,228.081,228.505,0.375,0.353
2017-03-10 11:04:00,228.639,228.360,13.000,182.000,228.70,228.80,2500.000,2500.000,228.25,228.40,835.000,92.000,228.65,228.85,10000.000,7500.000,228.20,228.45,5565.000,14257.000,32500.000,27500.000,228.541,228.986,228.112,228.500,0.425,0.383
2017-03-10 11:05:00,228.670,228.373,4136.000,44.000,228.70,228.80,5000.000,5000.000,228.25,228.45,483.000,72.000,228.65,228.85,10000.000,12500.000,228.20,228.50,9737.000,13770.000,25000.000,25000.000,228.605,228.990,228.165,228.540,0.400,0.416
2017-03-10 11:06:00,228.604,228.330,90.000,71.000,228.70,228.80,7500.000,12500.000,228.20,228.40,107.000,584.000,228.60,228.85,2500.000,5000.000,228.15,228.45,5652.000,14628.000,27500.000,30000.000,228.492,228.983,228.086,228.471,0.450,0.470
2017-03-10 11:07:00,228.663,228.197,7.000,834.000,228.65,228.70,2500.000,2500.000,228.10,228.25,124.000,993.000,228.60,228.75,7500.000,10000.000,228.05,228.30,3539.000,5578.000,25000.000,22500.000,228.495,228.810,228.010,228.367,0.500,0.473
2017-03-10 11:08:00,228.709,228.260,1096.000,79.000,228.60,228.65,2500.000,10000.000,228.15,228.30,938.000,331.000,228.55,228.70,5000.000,2500.000,228.10,228.35,7041.000,1816.000,30000.000,22500.000,228.481,228.775,228.037,228.378,0.400,0.483
2017-03-10 11:09:00,228.609,228.179,702.000,388.000,228.55,228.60,2500.000,5000.000,228.10,228.20,1346.000,755.000,228.50,228.70,7500.000,2500.000,228.05,228.25,7013.000,5870.000,27500.000,20000.000,228.430,228.774,228.009,228.300,0.425,0.488
2017-03-10 11:10:00,228.556,228.094,18.000,145.000,228.55,228.60,7500.000,2500.000,228.00,228.15,1346.000,391.000,228.50,228.65,2500.000,7500.000,227.95,228.20,3843.000,4835.000,22500.000,22500.000,228.418,228.734,227.900,228.256,0.500,0.486
2017-03-10 11:11:00,228.678,228.133,249.000,731.000,228.55,228.75,7500.000,10000.000,228.05,228.25,309.000,1078.000,228.50,228.80,7500.000,7500.000,228.00,228.30,5558.000,4905.000,27500.000,30000.000,228.411,228.860,227.927,228.354,0.500,0.448
2017-03-10 11:12:00,228.686,228.208,7.000,431.000,228.65,228.75,2500.000,2500.000,228.10,228.25,7.000,1018.000,228.60,228.80,7500.000,10000.000,228.05,228.30,2794.000,4020.000,27500.000,20000.000,228.488,228.871,227.959,228.331,0.525,0.438
2017-03-10 11:13:00,228.726,228.225,497.000,24.000,228.55,228.70,2500.000,2500.000,228.15,228.25,1726.000,729.000,228.50,228.80,5000.000,7500.000,228.10,228.30,7997.000,3527.000,22500.000,17500.000,228.429,228.894,228.039,228.336,0.425,0.434
2017-03-10 11:14:00,228.692,228.240,77.000,12.000,228.60,228.70,7500.000,10000.000,228.10,228.30,964.000,429.000,228.55,228.80,5000.000,2500.000,228.05,228.35,4074.000,3026.000,27500.000,22500.000,228.468,228.912,227.991,228.406,0.450,0.411
2017-03-10 11:15:00,228.722,228.269,12.000,67.000,228.65,228.75,2500.000,7500.000,228.15,228.30,1036.000,429.000,228.55,228.80,7500.000,2500.000,228.10,228.35,6254.000,3576.000,25000.000,20000.000,228.471,228.903,228.045,228.412,0.475,0.390
2017-03-10 11:16:00,228.501,228.145,145.000,444.000,228.50,228.55,2500.000,5000.000,228.05,228.15,170.000,629.000,228.45,228.65,2500.000,7500.000,228.00,228.20,3418.000,5763.000,25000.000,25000.000,228.364,228.733,227.890,228.245,0.425,0.393
2017-03-10 11:17:00,228.487,228.059,2127.000,230.000,228.50,228.55,2500.000,2500.000,228.00,228.10,109.000,341.000,228.45,228.65,10000.000,2500.000,227.95,228.15,4098.000,5143.000,25000.000,17500.000,228.427,228.738,227.885,228.214,0.475,0.399
2017-03-10 11:18:00,228.566,228.086,2168.000,194.000,228.50,228.55,10000.000,2500.000,228.00,228.15,49.000,2.000,228.45,228.65,5000.000,7500.000,227.95,228.20,4624.000,2235.000,32500.000,22500.000,228.410,228.739,227.858,228.250,0.450,0.399
2017-03-10 11:19:00,228.447,228.106,1452.000,128.000,228.50,228.55,2500.000,2500.000,228.05,228.10,109.000,50.000,228.45,228.60,5000.000,5000.000,228.00,228.20,3041.000,4565.000,22500.000,22500.000,228.417,228.727,227.900,228.294,0.450,0.419
2017-03-10 11:20:00,228.429,228.081,2176.000,212.000,228.50,228.55,2500.000,2500.000,228.00,228.10,47.000,52.000,228.45,228.60,5000.000,2500.000,227.95,228.15,2959.000,5020.000,22500.000,17500.000,228.454,228.719,227.856,228.257,0.475,0.436
2017-03-10 11:21:00,228.487,228.117,2219.000,310.000,228.50,228.55,2500.000,2500.000,228.00,228.10,47.000,52.000,228.45,228.60,5000.000,2500.000,227.95,228.15,3971.000,3700.000,27500.000,17500.000,228.430,228.706,227.818,228.257,0.475,0.448
2017-03-10 11:22:00,228.477,228.018,199.000,923.000,228.50,228.60,5000.000,2500.000,227.95,228.10,151.000,687.000,228.45,228.65,2500.000,5000.000,227.90,228.15,1557.000,4641.000,25000.000,22500.000,228.378,228.705,227.790,228.267,0.525,0.428
2017-03-10 11:23:00,228.517,228.038,2193.000,182.000,228.55,228.60,2500.000,5000.000,227.95,228.10,52.000,306.000,228.50,228.65,5000.000,5000.000,227.90,228.15,3611.000,5237.000,27500.000,25000.000,228.476,228.741,227.800,228.250,0.550,0.405
2017-03-10 11:24:00,228.524,228.083,2018.000,100.000,228.55,228.60,2500.000,2500.000,228.00,228.10,152.000,41.000,228.50,228.65,5000.000,2500.000,227.95,228.15,3809.000,4905.000,22500.000,22500.000,228.469,228.749,227.872,228.278,0.525,0.392
2017-03-10 11:25:00,228.375,227.943,6.000,859.000,228.45,228.50,10000.000,5000.000,227.85,228.00,13.000,788.000,228.40,228.55,10000.000,5000.000,227.80,228.05,458.000,4977.000,32500.000,20000.000,228.279,228.602,227.742,228.094,0.550,0.391
2017-03-10 11:26:00,228.299,227.871,3.000,400.000,228.35,228.40,5000.000,2500.000,227.80,227.90,209.000,953.000,228.30,228.45,2500.000,7500.000,227.75,227.95,1995.000,7991.000,17500.000,17500.000,228.181,228.518,227.700,228.000,0.525,0.388
2017-03-10 11:27:00,228.327,227.965,244.000,70.000,228.30,228.40,10000.000,2500.000,227.80,227.95,341.000,646.000,228.25,228.45,5000.000,2500.000,227.75,228.00,4512.000,6148.000,35000.000,15000.000,228.148,228.538,227.646,228.083,0.475,0.399
2017-03-10 11:28:00,228.330,227.964,67.000,47.000,228.30,228.35,2500.000,5000.000,227.85,228.00,354.000,377.000,228.25,228.45,5000.000,2500.000,227.80,228.05,4628.000,6437.000,20000.000,15000.000,228.147,228.530,227.713,228.100,0.400,0.401
2017-03-10 11:29:00,228.253,227.880,18.000,424.000,228.25,228.35,2500.000,2500.000,227.80,227.90,116.000,362.000,228.20,228.40,2500.000,5000.000,227.75,227.95,5366.000,8689.000,17500.000,20000.000,228.098,228.502,227.686,228.031,0.450,0.389
2017-03-10 11:30:00,228.061,227.633,502.000,437.000,228.10,228.15,2500.000,5000.000,227.55,227.70,175.000,947.000,228.05,228.20,10000.000,10000.000,227.50,227.75,3891.000,8418.000,22500.000,22500.000,227.994,228.279,227.461,227.772,0.500,0.374
2017-03-10 11:31:00,228.170,227.759,77.000,28.000,228.05,228.10,2500.000,10000.000,227.60,227.80,2387.000,414.000,228.00,228.25,2500.000,5000.000,227.55,227.85,5978.000,3942.000,30000.000,27500.000,227.916,228.327,227.483,227.909,0.375,0.334
2017-03-10 11:32:00,228.207,227.789,3.000,426.000,228.20,228.25,2500.000,5000.000,227.65,227.85,11.000,1844.000,228.15,228.30,5000.000,2500.000,227.60,227.90,3426.000,5915.000,27500.000,20000.000,228.018,228.373,227.532,227.956,0.475,0.286
2017-03-10 11:33:00,228.342,227.966,338.000,2.000,228.20,228.25,2500.000,2500.000,227.75,227.95,11.000,1226.000,228.15,228.30,5000.000,5000.000,227.70,228.00,6583.000,2117.000,25000.000,15000.000,228.031,228.349,227.635,228.100,0.375,0.271
2017-03-10 11:34:00,228.189,227.876,119.000,4.000,228.15,228.20,2500.000,2500.000,227.70,227.85,622.000,1560.000,228.10,228.25,2500.000,5000.000,227.65,227.90,5090.000,4971.000,30000.000,17500.000,228.005,228.320,227.558,228.000,0.400,0.251
2017-03-10 11:35:00,228.200,227.850,587.000,128.000,228.10,228.15,2500.000,2500.000,227.75,227.90,492.000,1556.000,228.05,228.25,5000.000,2500.000,227.70,227.95,7732.000,4085.000,17500.000,15000.000,227.987,228.305,227.657,228.033,0.300,0.235
2017-03-10 11:36:00,228.127,227.916,817.000,2037.000,228.10,228.25,7500.000,5000.000,227.70,227.90,198.000,5000.000,228.05,228.30,2500.000,2500.000,227.65,227.95,4998.000,10843.000,37500.000,17500.000,227.991,228.330,227.590,228.014,0.375,0.221
2017-03-10 11:37:00,228.140,227.958,463.000,1214.000,228.10,228.25,5000.000,5000.000,227.70,227.90,426.000,5000.000,228.05,228.30,7500.000,2500.000,227.65,227.95,5281.000,9518.000,30000.000,15000.000,227.985,228.335,227.588,228.058,0.375,0.235
2017-03-10 11:38:00,228.010,227.709,19.000,576.000,228.10,228.15,7500.000,2500.000,227.55,227.75,43.000,410.000,228.05,228.20,15000.000,2500.000,227.50,227.80,1936.000,10146.000,40000.000,17500.000,227.992,228.287,227.444,227.879,0.475,0.201
2017-03-10 11:39:00,228.036,227.825,11.000,580.000,228.10,228.15,10000.000,5000.000,227.60,227.85,127.000,112.000,228.05,228.20,7500.000,5000.000,227.55,227.90,2194.000,7013.000,35000.000,20000.000,227.990,228.284,227.518,227.994,0.400,0.192
2017-03-10 11:40:00,228.113,227.843,66.000,510.000,228.10,228.15,2500.000,2500.000,227.80,227.90,330.000,2.000,228.05,228.20,5000.000,2500.000,227.70,227.95,6437.000,6716.000,17500.000,20000.000,227.984,228.285,227.650,228.069,0.275,0.166
2017-03-10 11:41:00,228.048,227.905,110.000,228.000,228.10,228.15,12500.000,2500.000,227.70,227.90,199.000,2.000,228.05,228.20,2500.000,2500.000,227.65,227.95,2624.000,6434.000,32500.000,15000.000,227.984,228.291,227.612,228.050,0.325,0.171
2017-03-10 11:42:00,228.257,228.006,332.000,727.000,228.20,228.25,2500.000,2500.000,227.90,228.00,171.000,5075.000,228.15,228.30,10000.000,2500.000,227.80,228.05,6836.000,7959.000,27500.000,12500.000,228.040,228.325,227.755,228.120,0.275,0.134
2017-03-10 11:43:00,228.084,227.950,708.000,82.000,228.10,228.20,7500.000,2500.000,227.80,227.95,289.000,1416.000,228.05,228.25,5000.000,2500.000,227.75,228.00,4711.000,10583.000,35000.000,15000.000,227.978,228.322,227.636,228.067,0.275,0.118
2017-03-10 11:44:00,228.052,227.890,612.000,109.000,228.10,228.20,12500.000,2500.000,227.70,227.90,289.000,1577.000,228.05,228.25,17500.000,5000.000,227.65,227.95,3307.000,11389.000,45000.000,20000.000,227.992,228.322,227.625,228.031,0.350,0.109
2017-03-10 11:45:00,228.054,227.912,498.000,70.000,228.10,228.20,10000.000,2500.000,227.70,227.90,492.000,1416.000,228.05,228.25,10000.000,2500.000,227.65,227.95,3389.000,11176.000,37500.000,15000.000,227.992,228.323,227.613,228.050,0.350,0.120
2017-03-10 11:46:00,228.101,227.933,418.000,67.000,228.10,228.15,10000.000,2500.000,227.80,227.95,640.000,1916.000,228.05,228.25,5000.000,5000.000,227.75,228.00,4824.000,9475.000,30000.000,15000.000,227.976,228.310,227.708,228.075,0.250,0.129
2017-03-10 11:47:00,228.032,227.969,372.000,22.000,228.05,228.10,7500.000,2500.000,227.80,228.00,1241.000,1.000,228.00,228.15,5000.000,2500.000,227.75,228.05,5635.000,6852.000,27500.000,12500.000,227.914,228.286,227.700,228.120,0.175,0.149
2017-03-10 11:48:00,228.058,228.000,1.000,14.000,228.10,228.15,5000.000,5000.000,227.85,228.05,385.000,46.000,228.05,228.20,5000.000,2500.000,227.80,228.10,3640.000,8238.000,25000.000,17500.000,227.960,228.295,227.750,228.171,0.175,0.155
2017-03-10 11:49:00,228.049,227.935,3.000,125.000,228.10,228.20,7500.000,2500.000,227.75,227.95,466.000,1855.000,228.05,228.25,15000.000,5000.000,227.70,228.00,2555.000,10791.000,40000.000,17500.000,227.980,228.315,227.641,228.071,0.300,0.168
2017-03-10 11:50:00,228.175,227.977,109.000,830.000,228.20,228.25,2500.000,2500.000,227.85,228.00,276.000,5085.000,228.15,228.30,5000.000,2500.000,227.80,228.10,3443.000,10808.000,22500.000,15000.000,228.055,228.344,227.739,228.158,0.300,0.151
2017-03-10 11:51:00,228.202,227.993,3.000,1943.000,228.20,228.25,5000.000,2500.000,227.85,228.00,176.000,5085.000,228.15,228.30,5000.000,2500.000,227.80,228.05,4515.000,11052.000,35000.000,15000.000,228.034,228.336,227.750,228.142,0.300,0.116
2017-03-10 11:52:00,228.096,227.933,995.000,60.000,228.10,228.15,5000.000,2500.000,227.80,227.95,352.000,838.000,228.05,228.20,7500.000,2500.000,227.75,228.00,5627.000,7341.000,35000.000,15000.000,227.983,228.285,227.696,228.083,0.250,0.083
2017-03-10 11:53:00,228.205,228.116,302.000,1435.000,228.15,228.20,17500.000,2500.000,228.00,228.10,655.000,296.000,228.10,228.25,5000.000,2500.000,227.90,228.15,8597.000,7638.000,40000.000,15000.000,228.016,228.290,227.872,228.217,0.125,0.046
2017-03-10 11:54:00,228.034,227.854,136.000,169.000,228.10,228.15,2500.000,2500.000,227.80,227.95,222.000,1002.000,228.05,228.20,2500.000,7500.000,227.75,228.00,2741.000,8862.000,27500.000,32500.000,227.982,228.288,227.677,228.081,0.250,0.016
2017-03-10 11:55:00,228.015,227.903,764.000,5003.000,227.95,228.00,5000.000,2500.000,227.80,227.95,211.000,50.000,227.90,228.05,10000.000,10000.000,227.75,228.00,6961.000,7420.000,30000.000,20000.000,227.809,228.054,227.704,228.031,0.100,0.001
2017-03-10 11:56:00,227.438,227.400,240.000,11.000,227.45,227.55,2500.000,2500.000,227.35,227.45,1830.000,691.000,227.40,227.60,2500.000,2500.000,227.30,227.50,4335.000,6334.000,15000.000,15000.000,227.332,227.719,227.242,227.558,0.100,-0.008
2017-03-10 11:57:00,227.635,227.638,668.000,2.000,227.70,227.75,7500.000,5000.000,227.50,227.75,515.000,60.000,227.65,227.85,2500.000,7500.000,227.45,227.80,3677.000,8492.000,30000.000,22500.000,227.574,227.987,227.396,227.856,0.100,-0.007
2017-03-10 11:58:00,227.637,227.732,14.000,76.000,227.75,227.80,2500.000,5000.000,227.60,227.80,243.000,2.000,227.70,227.85,5000.000,2500.000,227.55,227.85,1573.000,5875.000,27500.000,20000.000,227.624,227.991,227.477,227.950,0.075,0.005
2017-03-10 11:59:00,227.699,227.669,104.000,62.000,227.80,227.85,2500.000,2500.000,227.55,227.75,374.000,490.000,227.75,227.90,10000.000,2500.000,227.50,227.80,1549.000,9520.000,25000.000,15000.000,227.669,227.997,227.430,227.892,0.175,0.021
2017-03-10 12:00:00,227.671,227.637,618.000,423.000,227.75,227.80,5000.000,5000.000,227.50,227.75,101.000,724.000,227.70,227.90,2500.000,5000.000,227.45,227.80,1669.000,7675.000,20000.000,20000.000,227.651,227.983,227.400,227.856,0.150,0.023
2017-03-10 12:01:00,227.588,227.593,3.000,733.000,227.75,227.80,2500.000,5000.000,227.50,227.70,2.000,196.000,227.70,227.85,2500.000,5000.000,227.45,227.75,249.000,10647.000,17500.000,17500.000,227.578,227.971,227.364,227.779,0.175,0.050
2017-03-10 12:02:00,227.722,227.719,13.000,102.000,227.70,227.75,7500.000,2500.000,227.50,227.75,1520.000,450.000,227.65,227.80,2500.000,2500.000,227.45,227.80,3890.000,3423.000,32500.000,12500.000,227.567,227.911,227.300,227.850,0.100,0.078
2017-03-10 12:03:00,227.650,227.686,455.000,142.000,227.70,227.80,2500.000,5000.000,227.50,227.70,1519.000,152.000,227.65,227.85,2500.000,5000.000,227.45,227.75,5423.000,11885.000,27500.000,17500.000,227.571,227.977,227.264,227.793,0.150,0.115
2017-03-10 12:04:00,227.813,227.703,11.000,429.000,227.85,227.90,5000.000,2500.000,227.55,227.75,2.000,832.000,227.80,227.95,5000.000,5000.000,227.50,227.80,2739.000,10887.000,22500.000,17500.000,227.659,228.007,227.428,227.900,0.225,0.120
2017-03-10 12:05:00,227.730,227.688,241.000,650.000,227.75,227.90,2500.000,2500.000,227.55,227.70,135.000,1202.000,227.70,227.95,5000.000,5000.000,227.50,227.75,3354.000,11579.000,22500.000,17500.000,227.644,228.000,227.394,227.821,0.200,0.141
2017-03-10 12:06:00,227.792,227.658,1058.000,502.000,227.80,227.90,7500.000,2500.000,227.50,227.70,692.000,1291.000,227.75,227.95,2500.000,5000.000,227.45,227.75,4502.000,9944.000,27500.000,17500.000,227.702,228.002,227.336,227.821,0.250,0.149
2017-03-10 12:07:00,227.959,227.819,116.000,2814.000,227.95,228.00,2500.000,2500.000,227.75,227.85,67.000,346.000,227.90,228.05,2500.000,5000.000,227.70,227.90,2577.000,5782.000,20000.000,20000.000,227.798,228.077,227.619,227.963,0.175,0.153
2017-03-10 12:08:00,228.145,227.993,1.000,268.000,228.20,228.25,2500.000,2500.000,227.90,228.05,30.000,383.000,228.15,228.30,2500.000,2500.000,227.85,228.10,1919.000,5735.000,20000.000,15000.000,228.079,228.380,227.787,228.150,0.250,0.153
2017-03-10 12:09:00,228.126,227.994,1105.000,406.000,228.10,228.25,5000.000,2500.000,227.90,228.10,720.000,1.000,228.05,228.30,7500.000,5000.000,227.85,228.15,3563.000,3804.000,25000.000,20000.000,228.022,228.413,227.780,228.213,0.175,0.152
2017-03-10 12:10:00,228.128,227.981,18.000,340.000,228.15,228.35,2500.000,2500.000,227.95,228.10,1231.000,1224.000,228.10,228.40,5000.000,2500.000,227.90,228.15,3894.000,11405.000,15000.000,17500.000,228.022,228.492,227.833,228.214,0.225,0.178
2017-03-10 12:11:00,228.280,228.103,49.000,122.000,228.30,228.45,7500.000,2500.000,228.00,228.20,487.000,176.000,228.25,228.50,2500.000,5000.000,227.95,228.25,2527.000,7085.000,20000.000,17500.000,228.158,228.582,227.894,228.293,0.275,0.182
2017-03-10 12:12:00,228.307,228.147,402.000,137.000,228.35,228.45,2500.000,2500.000,228.10,228.25,309.000,3290.000,228.30,228.50,5000.000,5000.000,228.05,228.30,1881.000,7980.000,20000.000,20000.000,228.239,228.553,227.988,228.363,0.225,0.184
2017-03-10 12:13:00,228.265,228.115,6.000,103.000,228.35,228.45,2500.000,2500.000,228.05,228.20,64.000,3290.000,228.30,228.50,7500.000,5000.000,228.00,228.25,532.000,8626.000,17500.000,15000.000,228.211,228.555,227.929,228.292,0.275,0.188
2017-03-10 12:14:00,228.288,228.161,579.000,7.000,228.30,228.40,2500.000,2500.000,228.05,228.20,704.000,101.000,228.25,228.45,10000.000,2500.000,228.00,228.25,3384.000,5216.000,22500.000,12500.000,228.182,228.561,227.933,228.300,0.225,0.201
2017-03-10 12:15:00,228.284,228.009,15.000,62.000,228.20,228.30,2500.000,2500.000,227.90,228.00,528.000,536.000,228.15,228.35,2500.000,2500.000,227.85,228.10,8811.000,7120.000,25000.000,15000.000,228.023,228.454,227.785,228.150,0.300,0.185
2017-03-10 12:16:00,228.168,227.968,266.000,28.000,228.15,228.20,7500.000,5000.000,227.85,228.05,1075.000,308.000,228.10,228.30,7500.000,5000.000,227.80,228.10,3966.000,4181.000,25000.000,17500.000,228.032,228.419,227.730,228.129,0.225,0.178
2017-03-10 12:17:00,228.190,228.024,724.000,97.000,228.15,228.35,2500.000,2500.000,227.95,228.10,1023.000,1195.000,228.10,228.40,7500.000,7500.000,227.90,228.15,5953.000,8898.000,20000.000,22500.000,228.029,228.498,227.856,228.200,0.225,0.176
2017-03-10 12:18:00,228.217,228.048,15.000,2154.000,228.30,228.35,2500.000,2500.000,227.95,228.10,302.000,916.000,228.25,228.40,10000.000,5000.000,227.90,228.15,1558.000,11002.000,27500.000,22500.000,228.142,228.474,227.850,228.206,0.300,0.188
2017-03-10 12:19:00,228.158,227.964,48.000,336.000,228.25,228.30,2500.000,5000.000,227.85,228.00,3.000,2617.000,228.20,228.35,10000.000,5000.000,227.80,228.05,1287.000,9930.000,35000.000,20000.000,228.098,228.431,227.707,228.088,0.350,0.196
2017-03-10 12:20:00,228.234,228.040,466.000,1501.000,228.30,228.35,2500.000,2500.000,227.95,228.10,1451.000,680.000,228.25,228.40,5000.000,2500.000,227.90,228.15,3299.000,10053.000,20000.000,17500.000,228.203,228.486,227.838,228.207,0.300,0.200
2017-03-10 12:21:00,228.292,228.125,2010.000,1237.000,228.30,228.35,15000.000,2500.000,228.00,228.20,521.000,305.000,228.25,228.40,5000.000,2500.000,227.95,228.25,4167.000,4593.000,30000.000,15000.000,228.228,228.477,227.921,228.317,0.225,0.221
2017-03-10 12:22:00,228.296,228.142,1406.000,961.000,228.30,228.35,2500.000,2500.000,228.05,228.20,685.000,305.000,228.25,228.40,15000.000,5000.000,228.00,228.25,4064.000,4468.000,30000.000,17500.000,228.207,228.487,227.942,228.307,0.200,0.256
2017-03-10 12:23:00,228.266,228.035,4414.000,683.000,228.30,228.35,5000.000,5000.000,227.95,228.10,104.000,680.000,228.25,228.40,5000.000,2500.000,227.90,228.15,5957.000,7077.000,22500.000,20000.000,228.255,228.492,227.861,228.225,0.300,0.245
2017-03-10 12:24:00,228.333,228.100,4823.000,375.000,228.30,228.40,5000.000,5000.000,228.00,228.10,188.000,409.000,228.25,228.45,5000.000,5000.000,227.95,228.20,7223.000,5586.000,25000.000,20000.000,228.243,228.527,227.910,228.231,0.300,0.271
2017-03-10 12:25:00,228.431,228.218,911.000,320.000,228.35,228.50,2500.000,2500.000,228.10,228.25,4087.000,2003.000,228.30,228.55,5000.000,2500.000,228.05,228.30,7723.000,5668.000,32500.000,15000.000,228.277,228.613,227.988,228.358,0.250,0.277
2017-03-10 12:26:00,228.395,228.123,103.000,765.000,228.35,228.50,5000.000,2500.000,228.05,228.25,3985.000,2003.000,228.30,228.55,20000.000,2500.000,228.00,228.30,5421.000,6503.000,35000.000,20000.000,228.275,228.605,227.932,228.381,0.275,0.267
2017-03-10 12:27:00,228.583,228.250,433.000,439.000,228.50,228.65,2500.000,2500.000,228.20,228.35,608.000,716.000,228.45,228.70,2500.000,5000.000,228.15,228.40,5997.000,6831.000,22500.000,30000.000,228.338,228.767,228.089,228.479,0.300,0.272
2017-03-10 12:28:00,228.572,228.396,833.000,392.000,228.70,228.80,2500.000,5000.000,228.30,228.45,483.000,349.000,228.65,228.85,15000.000,5000.000,228.25,228.50,2271.000,14168.000,32500.000,25000.000,228.630,228.976,228.204,228.550,0.375,0.311
2017-03-10 12:29:00,228.750,228.389,259.000,392.000,228.80,228.90,2500.000,2500.000,228.40,228.50,301.000,812.000,228.75,228.95,12500.000,2500.000,228.35,228.55,2427.000,12693.000,22500.000,25000.000,228.693,229.000,228.300,228.625,0.400,0.325
2017-03-10 12:30:00,228.624,228.382,301.000,2.000,228.75,228.80,2500.000,2500.000,228.35,228.50,1104.000,3.000,228.70,228.85,2500.000,2500.000,228.30,228.55,2862.000,11255.000,20000.000,27500.000,228.654,228.995,228.231,228.614,0.350,0.352
2017-03-10 12:31:00,228.621,228.398,307.000,132.000,228.75,228.80,2500.000,2500.000,228.35,228.50,950.000,25.000,228.70,228.85,12500.000,7500.000,228.30,228.55,2696.000,11882.000,25000.000,27500.000,228.651,228.992,228.260,228.600,0.350,0.373
2017-03-10 12:32:00,228.689,228.330,906.000,2.000,228.80,228.85,2500.000,2500.000,228.30,228.45,290.000,315.000,228.75,228.90,5000.000,5000.000,228.25,228.50,2365.000,14091.000,25000.000,25000.000,228.735,228.998,228.125,228.560,0.450,0.348
2017-03-10 12:33:00,228.727,228.357,1016.000,37.000,228.80,228.85,2500.000,5000.000,228.30,228.45,166.000,50.000,228.75,228.90,12500.000,2500.000,228.25,228.50,3874.000,11559.000,30000.000,22500.000,228.694,229.000,228.121,228.556,0.450,0.331
2017-03-10 12:34:00,228.779,228.348,770.000,110.000,228.80,228.90,2500.000,2500.000,228.30,228.45,617.000,620.000,228.75,228.95,5000.000,7500.000,228.25,228.50,4022.000,10776.000,27500.000,25000.000,228.695,229.005,228.100,228.555,0.475,0.301
2017-03-10 12:35:00,228.683,228.305,12.000,118.000,228.80,228.85,5000.000,2500.000,228.25,228.35,652.000,402.000,228.75,228.90,5000.000,5000.000,228.20,228.40,1623.000,14805.000,25000.000,22500.000,228.686,228.998,228.125,228.461,0.525,0.293
2017-03-10 12:36:00,228.651,228.323,162.000,209.000,228.75,228.85,2500.000,7500.000,228.25,228.40,166.000,338.000,228.70,228.90,10000.000,5000.000,228.20,228.45,1988.000,13421.000,27500.000,32500.000,228.610,228.999,228.109,228.496,0.475,0.327
2017-03-10 12:37:00,228.616,228.385,33.000,97.000,228.75,228.80,2500.000,5000.000,228.25,228.40,128.000,74.000,228.70,228.85,12500.000,12500.000,228.20,228.50,2007.000,11780.000,35000.000,25000.000,228.601,228.991,228.121,228.520,0.450,0.346
2017-03-10 12:38:00,228.657,228.370,76.000,15.000,228.75,228.85,2500.000,7500.000,228.25,228.40,73.000,331.000,228.70,228.90,12500.000,7500.000,228.20,228.45,2358.000,13273.000,40000.000,30000.000,228.602,229.004,228.131,228.479,0.475,0.356
2017-03-10 12:39:00,228.733,228.450,1025.000,317.000,228.75,228.90,2500.000,7500.000,228.30,228.45,275.000,286.000,228.70,228.95,12500.000,2500.000,228.25,228.50,4083.000,11660.000,37500.000,17500.000,228.648,229.011,228.197,228.521,0.450,0.371
2017-03-10 12:40:00,228.694,228.356,71.000,330.000,228.75,228.90,5000.000,2500.000,228.25,228.40,165.000,553.000,228.70,228.95,10000.000,7500.000,228.20,228.45,2289.000,15314.000,35000.000,25000.000,228.602,229.009,228.150,228.495,0.500,0.387
2017-03-10 12:41:00,228.773,228.277,13.000,52.000,228.70,228.75,7500.000,2500.000,228.20,228.35,64.000,2.000,228.65,228.80,5000.000,5000.000,228.15,228.40,3116.000,2076.000,40000.000,30000.000,228.514,228.923,228.097,228.471,0.450,0.372
2017-03-10 12:42:00,228.648,228.320,14.000,91.000,228.70,228.85,2500.000,5000.000,228.25,228.35,114.000,619.000,228.65,228.90,5000.000,7500.000,228.20,228.40,4168.000,17123.000,37500.000,37500.000,228.528,228.993,228.113,228.460,0.475,0.395
2017-03-10 12:43:00,228.596,228.258,172.000,24.000,228.70,228.80,7500.000,5000.000,228.20,228.35,497.000,200.000,228.65,228.85,10000.000,7500.000,228.15,228.40,3581.000,15759.000,40000.000,37500.000,228.543,228.986,228.103,228.460,0.475,0.414
2017-03-10 12:44:00,228.635,228.282,142.000,166.000,228.70,228.85,7500.000,5000.000,228.20,228.35,497.000,619.000,228.65,228.90,2500.000,10000.000,228.15,228.40,3561.000,17198.000,37500.000,37500.000,228.541,228.992,228.103,228.453,0.500,0.408
2017-03-10 12:45:00,229.118,228.700,812.000,50.000,229.15,229.20,10000.000,2500.000,228.65,228.85,500.000,122.000,229.10,229.25,5000.000,2500.000,228.60,228.90,3033.000,5067.000,25000.000,27500.000,229.058,229.337,228.575,228.968,0.425,0.391
2017-03-10 12:46:00,229.185,228.765,14.000,1.000,229.30,229.35,5000.000,2500.000,228.70,228.85,4.000,1397.000,229.25,229.40,10000.000,2500.000,228.65,228.90,1380.000,14856.000,37500.000,30000.000,229.121,229.497,228.580,228.971,0.550,0.372
2017-03-10 12:47:00,229.160,228.717,538.000,90.000,229.15,229.20,2500.000,2500.000,228.70,228.75,813.000,50.000,229.10,229.30,2500.000,7500.000,228.65,228.80,5204.000,6181.000,27500.000,32500.000,229.031,229.410,228.577,228.865,0.450,0.360
2017-03-10 12:48:00,229.135,228.700,9.000,184.000,229.30,229.35,2500.000,2500.000,228.70,228.80,162.000,3264.000,229.20,229.40,5000.000,2500.000,228.65,228.85,1479.000,18453.000,30000.000,40000.000,229.098,229.495,228.604,228.947,0.575,0.337
2017-03-10 12:49:00,229.005,228.683,352.000,212.000,229.05,229.25,5000.000,2500.000,228.60,228.70,1235.000,2024.000,229.00,229.30,5000.000,5000.000,228.55,228.75,3508.000,12187.000,27500.000,17500.000,228.951,229.394,228.500,228.800,0.500,0.368
2017-03-10 12:50:00,229.026,228.690,93.000,112.000,229.05,229.20,2500.000,2500.000,228.55,228.70,846.000,864.000,229.00,229.25,15000.000,5000.000,228.50,228.75,3390.000,8430.000,42500.000,20000.000,228.915,229.347,228.447,228.800,0.500,0.376
2017-03-10 12:51:00,229.025,228.700,118.000,508.000,229.10,229.25,2500.000,5000.000,228.60,228.70,91.000,1866.000,229.05,229.30,10000.000,5000.000,228.50,228.75,2335.000,12861.000,37500.000,20000.000,228.965,229.390,228.437,228.781,0.525,0.358
2017-03-10 12:52:00,229.060,228.679,84.000,446.000,229.10,229.15,2500.000,2500.000,228.60,228.70,86.000,972.000,229.05,229.20,5000.000,2500.000,228.55,228.75,2531.000,6047.000,37500.000,22500.000,228.969,229.282,228.467,228.817,0.475,0.368
2017-03-10 12:53:00,228.899,228.579,971.000,260.000,228.90,229.05,2500.000,10000.000,228.50,228.65,1451.000,1453.000,228.85,229.10,12500.000,7500.000,228.40,228.70,6854.000,11180.000,37500.000,32500.000,228.798,229.206,228.360,228.727,0.400,0.383
2017-03-10 12:54:00,229.407,228.930,1054.000,5909.000,229.45,229.50,15000.000,2500.000,228.80,228.95,500.000,186.000,229.40,229.55,5000.000,12500.000,228.75,229.00,3961.000,14448.000,57500.000,30000.000,229.364,229.592,228.704,229.042,0.600,0.357
2017-03-10 12:55:00,228.801,228.423,2711.000,500.000,228.75,228.90,5000.000,5000.000,228.45,228.55,873.000,948.000,228.70,228.95,2500.000,5000.000,228.35,228.60,5786.000,5144.000,22500.000,37500.000,228.690,229.028,228.306,228.673,0.325,0.349
2017-03-10 12:56:00,228.800,228.567,478.000,1250.000,228.85,228.95,5000.000,2500.000,228.60,228.65,92.000,2667.000,228.75,229.00,5000.000,2500.000,228.45,228.70,3959.000,10555.000,25000.000,27500.000,228.675,229.062,228.400,228.759,0.275,0.378
2017-03-10 12:57:00,229.086,228.654,32.000,179.000,229.05,229.15,5000.000,7500.000,228.65,228.80,2431.000,879.000,229.00,229.20,5000.000,5000.000,228.60,228.85,5660.000,5704.000,25000.000,45000.000,228.939,229.287,228.545,228.936,0.375,0.340
2017-03-10 12:58:00,229.034,228.638,9.000,439.000,229.00,229.15,12500.000,5000.000,228.60,228.80,833.000,736.000,228.95,229.20,12500.000,2500.000,228.55,228.85,4097.000,6353.000,35000.000,37500.000,228.869,229.275,228.529,228.947,0.375,0.318
2017-03-10 12:59:00,228.982,228.636,46.000,755.000,229.00,229.15,2500.000,2500.000,228.55,228.70,43.000,1172.000,228.95,229.20,10000.000,5000.000,228.50,228.75,2238.000,8147.000,30000.000,25000.000,228.858,229.254,228.458,228.835,0.450,0.305
2017-03-10 13:00:00,228.982,228.644,97.000,2.000,228.95,229.00,2500.000,2500.000,228.55,228.70,788.000,507.000,228.90,229.15,20000.000,2500.000,228.50,228.75,3967.000,6059.000,37500.000,25000.000,228.807,229.237,228.467,228.855,0.350,0.294
2017-03-10 13:01:00,229.118,228.741,193.000,4.000,229.05,229.10,2500.000,2500.000,228.70,228.85,529.000,70.000,229.00,229.20,2500.000,2500.000,228.65,228.90,4439.000,2895.000,27500.000,40000.000,228.916,229.335,228.573,228.991,0.300,0.284
2017-03-10 13:02:00,229.146,228.902,475.000,1937.000,229.15,229.35,2500.000,5000.000,228.85,228.95,466.000,2489.000,229.10,229.40,2500.000,15000.000,228.80,229.00,5852.000,18087.000,27500.000,32500.000,229.011,229.465,228.741,229.042,0.350,0.314
2017-03-10 13:03:00,229.164,228.880,4.000,6.000,229.15,229.25,2500.000,5000.000,228.80,228.95,115.000,397.000,229.10,229.30,12500.000,17500.000,228.75,229.00,3675.000,5259.000,27500.000,35000.000,228.990,229.407,228.709,229.054,0.325,0.334
2017-03-10 13:04:00,229.402,229.119,625.000,55.000,229.35,229.45,2500.000,5000.000,229.05,229.20,4309.000,5595.000,229.30,229.50,5000.000,7500.000,229.00,229.25,8494.000,8409.000,20000.000,25000.000,229.254,229.544,228.944,229.280,0.275,0.333
2017-03-10 13:05:00,229.345,229.062,105.000,4837.000,229.40,229.50,5000.000,5000.000,228.95,229.10,2.000,319.000,229.35,229.55,12500.000,2500.000,228.90,229.15,1114.000,10822.000,40000.000,25000.000,229.231,229.588,228.853,229.205,0.425,0.339
2017-03-10 13:06:00,229.423,229.096,81.000,22.000,229.40,229.45,5000.000,2500.000,229.00,229.15,89.000,3665.000,229.35,229.50,7500.000,7500.000,228.95,229.20,3196.000,5392.000,35000.000,25000.000,229.244,229.535,228.896,229.245,0.350,0.307
2017-03-10 13:07:00,229.314,228.921,200.000,72.000,229.35,229.40,5000.000,2500.000,228.90,228.95,6.000,170.000,229.30,229.45,10000.000,2500.000,228.80,229.00,3635.000,11085.000,30000.000,17500.000,229.181,229.519,228.762,229.079,0.450,0.270
2017-03-10 13:08:00,229.314,228.928,8.000,17.000,229.35,229.40,7500.000,7500.000,228.90,228.95,6.000,170.000,229.30,229.45,10000.000,2500.000,228.80,229.00,3481.000,11055.000,30000.000,20000.000,229.172,229.520,228.775,229.025,0.450,0.213
2017-03-10 13:09:00,229.227,228.955,955.000,26.000,229.25,229.30,5000.000,2500.000,228.90,228.95,902.000,82.000,229.20,229.40,10000.000,2500.000,228.80,229.00,6172.000,10038.000,37500.000,15000.000,229.143,229.509,228.727,229.050,0.350,0.215
2017-03-10 13:10:00,229.357,229.043,680.000,700.000,229.30,229.40,2500.000,2500.000,229.00,229.10,1207.000,38.000,229.25,229.45,12500.000,5000.000,228.90,229.15,6653.000,6112.000,30000.000,22500.000,229.177,229.505,228.863,229.211,0.300,0.194
2017-03-10 13:11:00,229.298,229.130,512.000,2.000,229.30,229.35,5000.000,5000.000,229.00,229.15,549.000,100.000,229.25,229.40,10000.000,5000.000,228.95,229.20,4421.000,5033.000,40000.000,22500.000,229.190,229.495,228.900,229.233,0.250,0.220
2017-03-10 13:12:00,229.226,229.017,416.000,97.000,229.20,229.25,5000.000,5000.000,228.90,229.10,253.000,84.000,229.15,229.40,7500.000,5000.000,228.85,229.15,5482.000,8052.000,25000.000,20000.000,229.048,229.506,228.820,229.188,0.225,0.229
2017-03-10 13:13:00,229.235,229.132,474.000,87.000,229.25,229.35,2500.000,2500.000,229.00,229.10,1289.000,76.000,229.20,229.40,5000.000,2500.000,228.95,229.15,4481.000,7063.000,32500.000,15000.000,229.137,229.511,228.881,229.217,0.250,0.258
2017-03-10 13:14:00,229.392,229.108,147.000,1425.000,229.45,229.50,5000.000,5000.000,229.10,229.25,504.000,149.000,229.30,229.55,12500.000,5000.000,229.00,229.30,3552.000,5862.000,35000.000,42500.000,229.216,229.632,228.957,229.397,0.300,0.259
2017-03-10 13:15:00,229.352,229.145,278.000,1283.000,229.45,229.50,12500.000,2500.000,229.00,229.20,7.000,159.000,229.30,229.55,10000.000,2500.000,228.95,229.25,2909.000,7415.000,37500.000,17500.000,229.207,229.633,228.933,229.314,0.375,0.298
2017-03-10 13:16:00,229.252,228.955,77.000,540.000,229.25,229.45,7500.000,2500.000,228.90,229.05,220.000,4771.000,229.20,229.50,5000.000,10000.000,228.85,229.10,2476.000,9367.000,25000.000,30000.000,229.082,229.545,228.815,229.146,0.375,0.271
2017-03-10 13:17:00,229.245,228.989,161.000,439.000,229.25,229.40,10000.000,5000.000,228.90,229.00,220.000,936.000,229.20,229.45,5000.000,7500.000,228.85,229.10,3325.000,9445.000,37500.000,30000.000,229.091,229.515,228.803,229.133,0.375,0.281
2017-03-10 13:18:00,229.216,228.970,10.000,187.000,229.30,229.35,12500.000,5000.000,228.90,229.00,104.000,144.000,229.25,229.40,7500.000,2500.000,228.85,229.10,1792.000,7265.000,35000.000,27500.000,229.148,229.505,228.825,229.145,0.375,0.291
2017-03-10 13:19:00,229.095,228.808,7.000,100.000,229.10,229.15,7500.000,2500.000,228.70,228.80,73.000,60.000,229.05,229.20,2500.000,2500.000,228.65,228.90,3250.000,5025.000,37500.000,25000.000,228.947,229.290,228.577,228.970,0.375,0.278
2017-03-10 13:20:00,228.875,228.472,221.000,935.000,228.85,228.95,5000.000,2500.000,228.40,228.55,58.000,2482.000,228.80,229.00,5000.000,7500.000,228.35,228.60,5077.000,8233.000,20000.000,20000.000,228.722,229.050,228.319,228.637,0.425,0.259
2017-03-10 13:21:00,228.934,228.770,3.000,19.000,229.05,229.10,2500.000,2500.000,228.65,228.75,40.000,354.000,229.00,229.15,10000.000,2500.000,228.60,228.85,932.000,8531.000,32500.000,17500.000,228.879,229.253,228.542,228.921,0.375,0.293
2017-03-10 13:22:00,229.108,228.802,48.000,112.000,229.10,229.20,7500.000,5000.000,228.70,228.90,244.000,381.000,229.00,229.25,2500.000,5000.000,228.65,228.95,2761.000,3823.000,27500.000,30000.000,228.887,229.329,228.600,229.012,0.350,0.296
2017-03-10 13:23:00,229.023,228.728,1406.000,1004.000,229.00,229.10,2500.000,2500.000,228.65,228.75,771.000,110.000,228.90,229.15,5000.000,5000.000,228.60,228.80,8699.000,9097.000,22500.000,17500.000,228.820,229.238,228.533,228.850,0.350,0.294
2017-03-10 13:24:00,228.880,228.658,78.000,401.000,229.00,229.05,5000.000,2500.000,228.55,228.70,9.000,993.000,228.95,229.10,7500.000,7500.000,228.50,228.80,934.000,7792.000,25000.000,20000.000,228.861,229.208,228.430,228.831,0.400,0.313
2017-03-10 13:25:00,228.952,228.644,589.000,2.000,228.85,229.05,2500.000,2500.000,228.55,228.70,1270.000,1043.000,228.80,229.10,10000.000,2500.000,228.50,228.75,9503.000,7336.000,22500.000,17500.000,228.740,229.218,228.456,228.829,0.325,0.316
2017-03-10 13:26:00,228.922,228.588,1172.000,1002.000,228.80,229.00,5000.000,2500.000,228.50,228.65,3308.000,1078.000,228.75,229.05,2500.000,2500.000,228.45,228.70,8187.000,5705.000,22500.000,20000.000,228.714,229.113,228.383,228.762,0.325,0.314
2017-03-10 13:27:00,228.946,228.622,29.000,252.000,228.90,228.95,7500.000,2500.000,228.50,228.65,1.000,1485.000,228.85,229.00,2500.000,5000.000,228.45,228.75,4758.000,4438.000,22500.000,17500.000,228.746,229.073,228.406,228.793,0.350,0.294
2017-03-10 13:28:00,228.859,228.577,6.000,64.000,228.85,228.90,5000.000,2500.000,228.50,228.55,98.000,558.000,228.80,228.95,2500.000,2500.000,228.45,228.65,6384.000,7636.000,22500.000,15000.000,228.716,229.038,228.389,228.700,0.350,0.292
2017-03-10 13:29:00,228.881,228.565,977.000,4.000,228.80,228.90,7500.000,2500.000,228.45,228.55,3602.000,62.000,228.75,228.95,10000.000,2500.000,228.40,228.65,8624.000,3999.000,35000.000,15000.000,228.709,229.057,228.339,228.700,0.350,0.286
2017-03-10 13:30:00,228.973,228.650,102.000,512.000,228.95,229.00,5000.000,10000.000,228.55,228.75,110.000,112.000,228.90,229.10,2500.000,5000.000,228.50,228.80,5737.000,8070.000,22500.000,27500.000,228.766,229.209,228.400,228.841,0.325,0.258
2017-03-10 13:31:00,229.159,228.835,208.000,241.000,229.05,229.15,5000.000,5000.000,228.75,228.95,1200.000,914.000,229.00,229.20,5000.000,10000.000,228.70,229.00,3988.000,2279.000,22500.000,27500.000,228.924,229.245,228.656,229.036,0.250,0.221
2017-03-10 13:32:00,229.006,228.781,26.000,91.000,229.00,229.15,7500.000,2500.000,228.70,228.90,740.000,518.000,228.95,229.20,2500.000,2500.000,228.65,228.95,2346.000,4506.000,25000.000,27500.000,228.875,229.284,228.600,229.018,0.275,0.215
2017-03-10 13:33:00,229.042,228.769,203.000,102.000,228.90,228.95,2500.000,2500.000,228.60,228.75,68.000,102.000,228.85,229.05,10000.000,5000.000,228.55,228.80,5452.000,1811.000,40000.000,20000.000,228.753,229.164,228.466,228.894,0.250,0.191
2017-03-10 13:34:00,229.030,228.745,470.000,9.000,228.90,228.95,7500.000,2500.000,228.60,228.75,228.000,1.000,228.85,229.05,7500.000,5000.000,228.55,228.80,5990.000,1956.000,37500.000,17500.000,228.763,229.186,228.493,228.843,0.250,0.187
2017-03-10 13:35:00,228.919,228.736,432.000,3.000,228.90,229.05,2500.000,2500.000,228.65,228.80,943.000,105.000,228.85,229.10,17500.000,5000.000,228.60,228.85,6329.000,7894.000,32500.000,22500.000,228.778,229.234,228.565,228.928,0.250,0.203
2017-03-10 13:36:00,228.870,228.728,199.000,27.000,228.85,229.00,5000.000,5000.000,228.65,228.80,959.000,487.000,228.80,229.10,12500.000,2500.000,228.60,228.85,5956.000,8639.000,30000.000,27500.000,228.739,229.229,228.567,228.950,0.200,0.194
2017-03-10 13:37:00,228.919,228.725,27.000,1002.000,228.95,229.05,5000.000,7500.000,228.60,228.75,3.000,597.000,228.90,229.10,2500.000,10000.000,228.55,228.80,3990.000,9959.000,35000.000,30000.000,228.763,229.208,228.482,228.858,0.325,0.185
2017-03-10 13:38:00,228.926,228.771,7.000,700.000,228.85,229.10,7500.000,2500.000,228.60,228.80,1851.000,1603.000,228.80,229.15,7500.000,5000.000,228.55,228.85,7048.000,9884.000,37500.000,22500.000,228.744,229.224,228.493,228.956,0.275,0.194
2017-03-10 13:39:00,229.097,228.833,106.000,452.000,228.95,229.15,12500.000,2500.000,228.70,228.90,462.000,122.000,228.90,229.20,2500.000,2500.000,228.65,228.95,6987.000,5325.000,35000.000,25000.000,228.783,229.290,228.607,229.035,0.250,0.169
2017-03-10 13:40:00,228.956,228.696,25.000,1464.000,228.90,229.00,2500.000,5000.000,228.55,228.70,17.000,594.000,228.85,229.05,5000.000,2500.000,228.50,228.75,5240.000,5897.000,37500.000,22500.000,228.759,229.109,228.410,228.822,0.325,0.146
2017-03-10 13:41:00,228.922,228.824,656.000,981.000,228.90,229.00,2500.000,2500.000,228.75,228.85,574.000,429.000,228.85,229.10,7500.000,2500.000,228.65,228.90,7118.000,9039.000,30000.000,17500.000,228.788,229.208,228.596,228.964,0.150,0.157
2017-03-10 13:42:00,229.014,228.865,1001.000,975.000,228.85,229.00,7500.000,2500.000,228.75,228.95,2202.000,2.000,228.80,229.05,7500.000,10000.000,228.70,229.00,7925.000,2160.000,30000.000,30000.000,228.768,229.082,228.654,229.096,0.075,0.157
2017-03-10 13:43:00,228.888,228.692,1508.000,582.000,228.85,228.95,10000.000,5000.000,228.55,228.70,535.000,3344.000,228.80,229.00,7500.000,2500.000,228.50,228.75,6246.000,6878.000,40000.000,20000.000,228.762,229.049,228.463,228.800,0.275,0.163
2017-03-10 13:44:00,228.926,228.783,17.000,700.000,229.05,229.10,7500.000,5000.000,228.70,228.90,5.000,182.000,229.00,229.15,2500.000,2500.000,228.65,228.95,326.000,8681.000,30000.000,30000.000,228.885,229.237,228.608,229.025,0.275,0.184
2017-03-10 13:45:00,228.975,228.831,4.000,432.000,229.00,229.15,2500.000,2500.000,228.80,228.95,64.000,364.000,228.95,229.20,7500.000,15000.000,228.75,229.00,2058.000,7256.000,27500.000,40000.000,228.842,229.270,228.664,229.053,0.200,0.217
2017-03-10 13:46:00,228.996,228.842,13.000,671.000,229.00,229.15,5000.000,5000.000,228.80,228.95,567.000,364.000,228.95,229.20,7500.000,12500.000,228.75,229.00,2830.000,7495.000,27500.000,35000.000,228.858,229.266,228.682,229.046,0.200,0.238
2017-03-10 13:47:00,228.946,228.795,127.000,623.000,229.05,229.10,7500.000,2500.000,228.75,228.90,42.000,549.000,229.00,229.15,2500.000,10000.000,228.70,229.00,726.000,7944.000,25000.000,30000.000,228.916,229.231,228.640,229.054,0.250,0.251
2017-03-10 13:48:00,229.008,228.782,39.000,682.000,228.95,229.10,2500.000,2500.000,228.75,228.90,112.000,411.000,228.90,229.15,2500.000,2500.000,228.70,228.95,5641.000,8043.000,20000.000,30000.000,228.771,229.232,228.631,229.025,0.200,0.249
2017-03-10 13:49:00,228.834,228.585,475.000,517.000,228.85,228.90,2500.000,12500.000,228.50,228.60,152.000,912.000,228.80,228.95,2500.000,2500.000,228.45,228.70,4737.000,8736.000,20000.000,22500.000,228.746,229.008,228.387,228.689,0.325,0.238
2017-03-10 13:50:00,228.922,228.617,446.000,524.000,228.85,229.00,2500.000,12500.000,228.50,228.60,553.000,1932.000,228.80,229.05,5000.000,2500.000,228.45,228.70,5338.000,5552.000,27500.000,25000.000,228.748,229.101,228.386,228.695,0.375,0.212
2017-03-10 13:51:00,228.979,228.720,18.000,4.000,229.05,229.10,7500.000,2500.000,228.65,228.85,6.000,794.000,229.00,229.20,5000.000,2500.000,228.60,228.90,1005.000,4391.000,25000.000,25000.000,228.883,229.298,228.530,228.965,0.325,0.227
2017-03-10 13:52:00,228.911,228.695,331.000,608.000,228.90,229.05,10000.000,5000.000,228.50,228.75,267.000,500.000,228.85,229.10,2500.000,5000.000,228.45,228.80,4659.000,7507.000,32500.000,17500.000,228.760,229.212,228.408,228.829,0.350,0.242
2017-03-10 13:53:00,228.947,228.732,1070.000,25.000,228.90,229.00,5000.000,2500.000,228.70,228.80,1282.000,14.000,228.85,229.10,7500.000,2500.000,228.65,228.90,7753.000,6765.000,25000.000,22500.000,228.793,229.237,228.565,228.972,0.200,0.240
2017-03-10 13:54:00,228.942,228.747,251.000,98.000,228.90,228.95,2500.000,2500.000,228.55,228.70,270.000,70.000,228.85,229.00,2500.000,5000.000,228.50,228.80,4536.000,3195.000,30000.000,15000.000,228.757,229.121,228.404,228.833,0.300,0.241
2017-03-10 13:55:00,228.744,228.567,3385.000,879.000,228.75,228.85,2500.000,2500.000,228.40,228.55,302.000,86.000,228.70,228.90,7500.000,2500.000,228.35,228.65,5869.000,7322.000,25000.000,12500.000,228.686,228.993,228.295,228.690,0.325,0.246
2017-03-10 13:56:00,228.894,228.561,78.000,491.000,228.80,228.85,10000.000,2500.000,228.45,228.65,4245.000,2.000,228.75,228.90,5000.000,2500.000,228.40,228.70,6311.000,1349.000,27500.000,20000.000,228.711,228.968,228.373,228.769,0.275,0.225
2017-03-10 13:57:00,228.882,228.594,3981.000,391.000,228.75,228.85,5000.000,2500.000,228.45,228.65,251.000,2.000,228.70,228.90,7500.000,2500.000,228.40,228.70,7315.000,1053.000,25000.000,15000.000,228.682,228.967,228.360,228.750,0.250,0.215
2017-03-10 13:58:00,228.778,228.571,3796.000,102.000,228.75,228.80,5000.000,5000.000,228.45,228.60,251.000,313.000,228.70,228.85,10000.000,2500.000,228.40,228.65,6661.000,2932.000,30000.000,17500.000,228.682,228.976,228.354,228.693,0.250,0.215
2017-03-10 13:59:00,228.832,228.635,6.000,653.000,228.90,228.95,2500.000,2500.000,228.50,228.65,1.000,385.000,228.85,229.00,5000.000,2500.000,228.45,228.70,1727.000,5753.000,27500.000,15000.000,228.742,229.101,228.386,228.750,0.350,0.219
2017-03-10 14:00:00,228.762,228.558,1316.000,7.000,228.75,228.80,2500.000,10000.000,228.50,228.60,301.000,437.000,228.70,228.90,2500.000,7500.000,228.45,228.65,4754.000,5023.000,22500.000,27500.000,228.647,229.005,228.389,228.668,0.225,0.231
2017-03-10 14:01:00,228.669,228.440,1266.000,60.000,228.75,228.80,5000.000,5000.000,228.35,228.50,301.000,153.000,228.70,228.85,5000.000,5000.000,228.30,228.55,3077.000,7669.000,27500.000,25000.000,228.660,228.970,228.241,228.595,0.350,0.271
2017-03-10 14:02:00,228.666,228.429,660.000,340.000,228.75,228.80,5000.000,2500.000,228.35,228.45,251.000,185.000,228.70,228.85,5000.000,5000.000,228.30,228.50,2706.000,8139.000,37500.000,22500.000,228.632,228.967,228.193,228.572,0.375,0.329
2017-03-10 14:03:00,228.656,228.448,113.000,505.000,228.75,228.80,5000.000,2500.000,228.30,228.40,251.000,722.000,228.70,228.85,2500.000,5000.000,228.25,228.50,1946.000,9791.000,35000.000,17500.000,228.604,228.952,228.168,228.550,0.425,0.400
2017-03-10 14:04:00,228.692,228.475,85.000,802.000,228.75,228.85,5000.000,7500.000,228.35,228.50,251.000,12.000,228.70,228.90,5000.000,5000.000,228.30,228.60,2559.000,9908.000,27500.000,27500.000,228.595,228.989,228.241,228.623,0.375,0.467
2017-03-10 14:05:00,228.670,228.403,3.000,62.000,228.65,228.75,2500.000,2500.000,228.20,228.30,110.000,879.000,228.60,228.80,7500.000,5000.000,228.15,228.45,4335.000,5549.000,45000.000,27500.000,228.507,228.905,228.064,228.532,0.450,0.530
2017-03-10 14:06:00,228.351,227.922,6.000,50.000,228.40,228.50,2500.000,2500.000,227.70,227.90,27.000,2123.000,228.35,228.55,2500.000,7500.000,227.65,227.95,1537.000,7449.000,22500.000,17500.000,228.225,228.616,227.572,228.043,0.650,0.562
2017-03-10 14:07:00,228.465,227.941,22.000,106.000,228.55,228.65,7500.000,2500.000,227.80,228.00,169.000,218.000,228.50,228.70,5000.000,10000.000,227.75,228.05,948.000,7127.000,32500.000,22500.000,228.409,228.778,227.592,228.094,0.700,0.568
2017-03-10 14:08:00,228.420,227.854,397.000,2.000,228.45,228.50,2500.000,7500.000,227.80,228.00,946.000,560.000,228.40,228.60,2500.000,5000.000,227.75,228.05,4640.000,8078.000,12500.000,22500.000,228.309,228.734,227.670,228.083,0.575,0.572
2017-03-10 14:09:00,228.430,227.879,6.000,4.000,228.50,228.60,5000.000,7500.000,227.80,228.00,342.000,369.000,228.45,228.65,2500.000,2500.000,227.75,228.05,2308.000,8627.000,15000.000,20000.000,228.367,228.751,227.700,228.088,0.650,0.581
2017-03-10 14:10:00,228.604,228.024,440.000,1202.000,228.60,228.85,2500.000,5000.000,227.95,228.15,966.000,3007.000,228.55,228.90,5000.000,5000.000,227.90,228.20,4904.000,13469.000,17500.000,25000.000,228.498,228.972,227.814,228.315,0.675,0.578
2017-03-10 14:11:00,228.596,228.011,7.000,2299.000,228.60,228.70,2500.000,7500.000,227.90,228.10,92.000,2000.000,228.55,228.75,2500.000,5000.000,227.85,228.15,2721.000,9333.000,25000.000,30000.000,228.444,228.779,227.790,228.192,0.650,0.581
2017-03-10 14:12:00,228.594,228.040,399.000,4.000,228.55,228.65,2500.000,7500.000,227.95,228.15,876.000,414.000,228.50,228.80,5000.000,15000.000,227.90,228.20,3472.000,5703.000,22500.000,37500.000,228.443,228.859,227.833,228.273,0.550,0.615
2017-03-10 14:13:00,228.417,227.828,47.000,865.000,228.45,228.50,2500.000,5000.000,227.70,227.90,63.000,657.000,228.40,228.55,10000.000,5000.000,227.65,227.95,963.000,4628.000,25000.000,20000.000,228.289,228.584,227.605,227.981,0.675,0.634
2017-03-10 14:14:00,228.439,227.842,167.000,2.000,228.45,228.50,2500.000,7500.000,227.75,227.95,143.000,76.000,228.40,228.55,2500.000,10000.000,227.70,228.00,2361.000,4334.000,20000.000,27500.000,228.284,228.634,227.637,228.018,0.625,0.627
2017-03-10 14:15:00,228.316,227.750,42.000,13.000,228.35,228.40,5000.000,7500.000,227.65,227.85,19.000,505.000,228.30,228.45,2500.000,2500.000,227.60,227.90,2379.000,5045.000,20000.000,22500.000,228.190,228.550,227.537,227.939,0.625,0.627
2017-03-10 14:16:00,228.394,227.797,155.000,2201.000,228.40,228.50,2500.000,5000.000,227.70,227.85,80.000,3749.000,228.35,228.55,2500.000,10000.000,227.65,227.90,2330.000,9154.000,22500.000,25000.000,228.240,228.574,227.561,227.925,0.675,0.605
2017-03-10 14:17:00,228.546,227.822,551.000,728.000,228.50,228.55,2500.000,15000.000,227.80,228.00,535.000,1487.000,228.40,228.65,2500.000,2500.000,227.75,228.05,5672.000,5648.000,12500.000,32500.000,228.305,228.704,227.700,228.085,0.625,0.580
2017-03-10 14:18:00,228.671,227.986,46.000,2.000,228.65,228.70,2500.000,2500.000,228.00,228.10,1275.000,2314.000,228.60,228.80,7500.000,12500.000,227.90,228.20,4863.000,6061.000,25000.000,37500.000,228.534,228.884,227.825,228.257,0.625,0.557
2017-03-10 14:19:00,228.408,227.846,9.000,100.000,228.50,228.55,2500.000,5000.000,227.75,227.90,22.000,3139.000,228.45,228.60,2500.000,5000.000,227.70,227.95,1687.000,11247.000,17500.000,17500.000,228.323,228.690,227.636,227.986,0.700,0.568
2017-03-10 14:20:00,228.525,227.957,137.000,67.000,228.55,228.60,2500.000,5000.000,227.90,228.10,494.000,3079.000,228.50,228.70,10000.000,5000.000,227.80,228.15,2809.000,7495.000,25000.000,27500.000,228.420,228.769,227.730,228.191,0.575,0.572
2017-03-10 14:21:00,228.820,228.335,27.000,42.000,228.85,228.90,5000.000,2500.000,228.25,228.40,4.000,94.000,228.80,228.95,7500.000,2500.000,228.20,228.45,1734.000,4109.000,30000.000,27500.000,228.703,229.026,228.142,228.550,0.550,0.577
2017-03-10 14:22:00,228.833,228.230,1.000,830.000,228.70,228.90,5000.000,7500.000,228.15,228.35,392.000,752.000,228.65,228.95,5000.000,2500.000,228.10,228.40,6999.000,6780.000,30000.000,45000.000,228.536,229.005,228.046,228.586,0.550,0.549
2017-03-10 14:23:00,228.781,228.215,175.000,2.000,228.75,228.85,5000.000,5000.000,228.20,228.40,249.000,534.000,228.70,228.95,5000.000,2500.000,228.05,228.45,3513.000,5991.000,25000.000,32500.000,228.600,229.025,228.035,228.535,0.500,0.544
2017-03-10 14:24:00,228.800,228.183,406.000,1427.000,228.75,228.95,5000.000,7500.000,228.15,228.40,369.000,2081.000,228.70,229.00,10000.000,2500.000,228.00,228.45,3775.000,6984.000,35000.000,40000.000,228.619,229.052,227.914,228.578,0.575,0.529
2017-03-10 14:25:00,228.747,228.160,5.000,12.000,228.70,228.75,2500.000,10000.000,228.05,228.30,388.000,447.000,228.65,228.85,7500.000,2500.000,228.00,228.35,4590.000,4806.000,22500.000,27500.000,228.529,228.966,227.939,228.395,0.550,0.501
2017-03-10 14:26:00,228.671,228.157,334.000,381.000,228.65,228.80,5000.000,2500.000,228.10,228.30,1085.000,86.000,228.60,228.85,2500.000,7500.000,228.05,228.35,6362.000,8108.000,20000.000,30000.000,228.525,228.979,228.012,228.492,0.525,0.484
2017-03-10 14:27:00,229.012,228.550,18.000,393.000,229.10,229.15,2500.000,2500.000,228.45,228.60,7.000,405.000,229.05,229.20,5000.000,2500.000,228.40,228.65,789.000,5045.000,17500.000,12500.000,228.936,229.286,228.350,228.710,0.600,0.498
2017-03-10 14:28:00,228.985,228.443,427.000,28.000,228.85,228.95,5000.000,2500.000,228.35,228.50,1693.000,17.000,228.80,229.00,2500.000,2500.000,228.25,228.55,3917.000,543.000,22500.000,15000.000,228.772,229.124,228.206,228.608,0.475,0.487
2017-03-10 14:29:00,228.905,228.366,95.000,62.000,228.80,228.90,5000.000,2500.000,228.25,228.40,94.000,362.000,228.75,228.95,5000.000,5000.000,228.20,228.45,2372.000,1614.000,22500.000,17500.000,228.644,229.017,228.156,228.521,0.525,0.476
2017-03-10 14:30:00,228.844,228.395,435.000,32.000,228.70,228.75,7500.000,2500.000,228.25,228.40,831.000,1343.000,228.65,228.80,7500.000,5000.000,228.20,228.45,7658.000,1859.000,30000.000,17500.000,228.552,228.832,228.129,228.521,0.400,0.473
2017-03-10 14:31:00,228.816,228.390,87.000,62.000,228.85,228.90,7500.000,2500.000,228.25,228.40,148.000,362.000,228.80,228.95,10000.000,2500.000,228.20,228.50,2205.000,5441.000,25000.000,12500.000,228.708,229.026,228.185,228.560,0.550,0.490
2017-03-10 14:32:00,229.541,229.005,17.000,244.000,229.60,229.70,2500.000,10000.000,228.90,229.10,61.000,1059.000,229.55,229.75,5000.000,7500.000,228.85,229.15,1877.000,6787.000,22500.000,27500.000,229.434,229.849,228.789,229.173,0.650,0.493
2017-03-10 14:33:00,229.389,228.907,371.000,2.000,229.35,229.50,2500.000,7500.000,228.85,229.05,710.000,1155.000,229.30,229.55,12500.000,7500.000,228.80,229.10,4766.000,6184.000,22500.000,30000.000,229.243,229.629,228.761,229.142,0.475,0.482
2017-03-10 14:34:00,229.533,229.048,87.000,367.000,229.55,229.60,2500.000,7500.000,228.95,229.15,1.000,250.000,229.50,229.65,7500.000,5000.000,228.90,229.20,2277.000,4845.000,25000.000,27500.000,229.381,229.727,228.810,229.245,0.525,0.469
2017-03-10 14:35:00,229.546,229.111,2.000,2100.000,229.65,229.75,5000.000,7500.000,229.05,229.25,1.000,1092.000,229.60,229.80,5000.000,10000.000,229.00,229.30,441.000,10353.000,17500.000,27500.000,229.457,229.871,228.971,229.327,0.550,0.445
2017-03-10 14:36:00,229.531,229.019,40.000,650.000,229.45,229.65,5000.000,2500.000,228.95,229.10,592.000,545.000,229.40,229.70,5000.000,7500.000,228.90,229.20,6355.000,8760.000,20000.000,25000.000,229.286,229.774,228.863,229.255,0.525,0.415
2017-03-10 14:37:00,229.412,228.861,24.000,912.000,229.40,229.50,2500.000,2500.000,228.85,228.95,17.000,667.000,229.35,229.55,5000.000,22500.000,228.80,229.00,3374.000,6384.000,17500.000,37500.000,229.234,229.623,228.750,229.050,0.550,0.400
2017-03-10 14:38:00,229.159,228.730,448.000,2.000,229.10,229.25,7500.000,5000.000,228.65,228.90,803.000,60.000,229.05,229.30,10000.000,12500.000,228.60,228.95,2878.000,2293.000,32500.000,50000.000,229.008,229.422,228.565,229.045,0.400,0.419
2017-03-10 14:39:00,229.218,228.798,29.000,23.000,229.20,229.30,5000.000,7500.000,228.75,228.95,501.000,380.000,229.15,229.35,5000.000,10000.000,228.70,229.00,3363.000,4028.000,25000.000,40000.000,229.070,229.458,228.660,229.088,0.400,0.458
2017-03-10 14:40:00,229.067,228.750,48.000,379.000,229.15,229.30,10000.000,2500.000,228.65,228.85,133.000,1048.000,229.10,229.35,7500.000,2500.000,228.60,228.90,1221.000,7583.000,32500.000,27500.000,229.030,229.439,228.569,228.991,0.475,0.469
2017-03-10 14:41:00,229.041,228.680,14.000,289.000,229.10,229.15,2500.000,2500.000,228.60,228.65,216.000,891.000,229.05,229.20,5000.000,2500.000,228.55,228.70,1780.000,6639.000,37500.000,17500.000,228.966,229.274,228.450,228.771,0.500,0.479
2017-03-10 14:42:00,228.897,228.425,25.000,2.000,228.95,229.00,5000.000,2500.000,228.35,228.45,56.000,930.000,228.85,229.05,7500.000,10000.000,228.30,228.50,2188.000,4704.000,27500.000,22500.000,228.735,229.128,228.255,228.539,0.575,0.456
2017-03-10 14:43:00,229.145,228.618,6.000,1328.000,229.15,229.35,5000.000,2500.000,228.55,228.70,511.000,2157.000,229.10,229.40,2500.000,2500.000,228.50,228.75,2792.000,9592.000,17500.000,17500.000,229.011,229.455,228.450,228.814,0.625,0.423
2017-03-10 14:44:00,229.395,228.780,3.000,469.000,229.30,229.35,2500.000,5000.000,228.70,228.90,64.000,400.000,229.25,229.40,5000.000,5000.000,228.65,228.95,2049.000,1169.000,25000.000,30000.000,229.165,229.414,228.580,229.021,0.525,0.369
2017-03-10 14:45:00,229.039,228.670,706.000,603.000,229.10,229.30,10000.000,7500.000,228.60,228.85,16.000,597.000,229.05,229.35,2500.000,5000.000,228.55,228.90,1843.000,7415.000,25000.000,32500.000,229.008,229.449,228.495,228.977,0.475,0.383
2017-03-10 14:46:00,229.081,228.668,466.000,2.000,229.05,229.10,5000.000,2500.000,228.60,228.75,408.000,5.000,229.00,229.20,7500.000,7500.000,228.55,228.85,2000.000,1840.000,22500.000,25000.000,228.938,229.304,228.522,228.905,0.400,0.416
2017-03-10 14:47:00,228.927,228.571,896.000,876.000,228.85,228.90,7500.000,2500.000,228.50,228.60,866.000,2.000,228.80,229.00,2500.000,2500.000,228.40,228.65,5484.000,3264.000,25000.000,17500.000,228.743,229.064,228.365,228.729,0.325,0.437
2017-03-10 14:48:00,228.771,228.407,757.000,285.000,228.80,228.85,5000.000,5000.000,228.25,228.45,1145.000,563.000,228.75,228.90,5000.000,5000.000,228.20,228.50,3273.000,4963.000,32500.000,20000.000,228.726,228.980,228.154,228.537,0.475,0.461
2017-03-10 14:49:00,228.816,228.474,3.000,650.000,228.85,228.90,5000.000,2500.000,228.30,228.50,52.000,768.000,228.80,228.95,7500.000,5000.000,228.25,228.55,2398.000,6439.000,35000.000,17500.000,228.718,229.029,228.196,228.600,0.475,0.471
2017-03-10 14:50:00,228.728,228.291,19.000,517.000,228.80,228.85,2500.000,7500.000,228.15,228.35,1094.000,769.000,228.75,228.90,2500.000,7500.000,228.10,228.40,2211.000,7631.000,30000.000,25000.000,228.716,228.982,228.033,228.430,0.575,0.476
2017-03-10 14:51:00,228.900,228.324,1034.000,1414.000,228.80,229.00,2500.000,2500.000,228.30,228.40,2648.000,693.000,228.75,229.05,5000.000,10000.000,228.25,228.50,5702.000,5016.000,15000.000,27500.000,228.722,229.102,228.208,228.600,0.550,0.453
2017-03-10 14:52:00,228.894,228.430,61.000,859.000,228.85,228.90,2500.000,5000.000,228.30,228.45,830.000,798.000,228.80,229.00,2500.000,5000.000,228.25,228.50,4714.000,4656.000,20000.000,17500.000,228.743,229.060,228.175,228.550,0.500,0.475
2017-03-10 14:53:00,228.858,228.375,6.000,594.000,228.85,228.90,2500.000,2500.000,228.25,228.40,601.000,35.000,228.80,228.95,5000.000,5000.000,228.20,228.45,4066.000,4953.000,22500.000,17500.000,228.749,229.010,228.133,228.507,0.550,0.501
2017-03-10 14:54:00,228.848,228.455,221.000,379.000,228.85,228.95,2500.000,2500.000,228.25,228.45,362.000,436.000,228.80,229.00,7500.000,5000.000,228.20,228.50,2415.000,3410.000,37500.000,15000.000,228.752,229.094,228.080,228.542,0.550,0.551
2017-03-10 14:55:00,228.946,228.482,195.000,733.000,228.95,229.10,5000.000,5000.000,228.30,228.55,517.000,180.000,228.90,229.15,2500.000,7500.000,228.25,228.60,3286.000,7165.000,27500.000,20000.000,228.817,229.235,228.200,228.637,0.600,0.582
2017-03-10 14:56:00,229.083,228.621,8.000,166.000,229.10,229.25,2500.000,7500.000,228.50,228.75,79.000,700.000,229.05,229.30,7500.000,2500.000,228.40,228.80,1704.000,4096.000,22500.000,20000.000,228.969,229.391,228.328,228.831,0.550,0.631
2017-03-10 14:57:00,229.137,228.566,437.000,1.000,229.10,229.25,2500.000,2500.000,228.60,228.70,357.000,726.000,229.05,229.30,2500.000,5000.000,228.55,228.75,3481.000,4222.000,15000.000,25000.000,228.985,229.401,228.425,228.810,0.525,0.648
2017-03-10 14:58:00,229.151,228.537,4.000,1621.000,229.25,229.30,2500.000,2500.000,228.55,228.65,2.000,440.000,229.20,229.35,5000.000,2500.000,228.40,228.75,598.000,7870.000,17500.000,22500.000,229.101,229.421,228.371,228.811,0.675,0.643
2017-03-10 14:59:00,229.234,228.591,1.000,10.000,229.15,229.20,2500.000,2500.000,228.55,228.65,477.000,65.000,229.10,229.25,12500.000,2500.000,228.40,228.70,4799.000,2323.000,25000.000,15000.000,229.007,229.342,228.380,228.758,0.575,0.648
2017-03-10 15:00:00,229.372,228.752,74.000,182.000,229.50,229.55,5000.000,2500.000,228.75,228.95,38.000,100.000,229.45,229.60,2500.000,17500.000,228.70,229.00,632.000,8598.000,17500.000,37500.000,229.341,229.703,228.636,229.057,0.675,0.690
2017-03-10 15:01:00,229.415,228.710,17.000,1569.000,229.45,229.50,5000.000,7500.000,228.65,228.90,42.000,1313.000,229.40,229.55,2500.000,7500.000,228.60,228.95,397.000,3910.000,20000.000,40000.000,229.297,229.559,228.537,229.012,0.700,0.682
2017-03-10 15:02:00,229.358,228.700,66.000,1163.000,229.40,229.45,7500.000,15000.000,228.60,228.80,24.000,2880.000,229.35,229.50,7500.000,2500.000,228.50,228.85,1461.000,7608.000,42500.000,40000.000,229.233,229.542,228.444,228.897,0.725,0.715
2017-03-10 15:03:00,229.280,228.690,28.000,80.000,229.30,229.35,5000.000,15000.000,228.60,228.80,329.000,109.000,229.25,229.45,5000.000,2500.000,228.50,228.85,2844.000,6414.000,35000.000,37500.000,229.156,229.536,228.432,228.900,0.625,0.746
2017-03-10 15:04:00,229.334,228.666,118.000,72.000,229.35,229.40,5000.000,7500.000,228.65,228.85,25.000,2097.000,229.30,229.45,2500.000,5000.000,228.60,228.90,2365.000,5619.000,20000.000,42500.000,229.194,229.509,228.550,228.982,0.625,0.742
2017-03-10 15:05:00,229.483,228.652,7.000,74.000,229.45,229.50,2500.000,2500.000,228.65,228.80,19.000,477.000,229.40,229.55,5000.000,2500.000,228.60,228.85,3210.000,3629.000,25000.000,32500.000,229.293,229.620,228.510,228.950,0.750,0.728
2017-03-10 15:06:00,229.300,228.639,115.000,1127.000,229.40,229.45,5000.000,2500.000,228.50,228.70,25.000,1239.000,229.35,229.50,2500.000,7500.000,228.45,228.75,1888.000,11962.000,32500.000,22500.000,229.249,229.597,228.381,228.800,0.825,0.729
2017-03-10 15:07:00,229.466,228.640,106.000,908.000,229.45,229.50,2500.000,2500.000,228.65,228.80,22.000,97.000,229.40,229.55,2500.000,5000.000,228.60,228.85,2007.000,3785.000,20000.000,40000.000,229.269,229.597,228.544,228.944,0.750,0.707
2017-03-10 15:08:00,229.246,228.504,1.000,59.000,229.20,229.25,5000.000,2500.000,228.40,228.55,83.000,1627.000,229.15,229.30,2500.000,2500.000,228.30,228.60,3279.000,4268.000,20000.000,12500.000,229.010,229.353,228.256,228.650,0.750,0.689
2017-03-10 15:09:00,229.135,228.488,185.000,1404.000,229.25,229.30,2500.000,7500.000,228.40,228.50,45.000,339.000,229.20,229.35,2500.000,2500.000,228.35,228.55,888.000,11304.000,22500.000,17500.000,229.120,229.438,228.250,228.571,0.825,0.711
2017-03-10 15:10:00,229.351,228.588,128.000,192.000,229.50,229.55,2500.000,7500.000,228.50,228.70,122.000,635.000,229.45,229.60,7500.000,10000.000,228.45,228.75,777.000,15202.000,22500.000,30000.000,229.390,229.714,228.400,228.771,0.925,0.703
2017-03-10 15:11:00,229.211,228.545,3.000,92.000,229.30,229.35,5000.000,2500.000,228.45,228.60,540.000,1504.000,229.25,229.40,7500.000,5000.000,228.40,228.65,2109.000,8619.000,27500.000,20000.000,229.163,229.506,228.364,228.700,0.800,0.705
2017-03-10 15:12:00,229.136,228.421,3.000,1475.000,229.25,229.30,5000.000,7500.000,228.35,228.45,100.000,374.000,229.20,229.35,5000.000,2500.000,228.30,228.50,972.000,12858.000,27500.000,25000.000,229.094,229.438,228.241,228.530,0.875,0.700
2017-03-10 15:13:00,229.110,228.457,733.000,1451.000,229.10,229.20,5000.000,7500.000,228.35,228.40,1768.000,500.000,229.05,229.25,2500.000,7500.000,228.25,228.50,6732.000,7692.000,35000.000,22500.000,229.019,229.339,228.161,228.500,0.775,0.710
2017-03-10 15:14:00,229.163,228.407,152.000,1947.000,229.20,229.30,5000.000,2500.000,228.25,228.40,34.000,3964.000,229.15,229.35,2500.000,2500.000,228.20,228.45,2645.000,12141.000,37500.000,17500.000,229.037,229.402,228.123,228.500,0.925,0.695
2017-03-10 15:15:00,228.973,228.248,823.000,776.000,229.00,229.10,5000.000,7500.000,228.15,228.25,26.000,2465.000,228.95,229.15,17500.000,2500.000,228.10,228.30,4085.000,11901.000,47500.000,25000.000,228.866,229.217,228.050,228.345,0.850,0.682
2017-03-10 15:16:00,229.046,228.370,153.000,160.000,229.10,229.20,7500.000,2500.000,228.25,228.40,354.000,2126.000,229.05,229.25,2500.000,2500.000,228.20,228.45,3284.000,11392.000,35000.000,20000.000,228.983,229.332,228.146,228.512,0.825,0.679
2017-03-10 15:17:00,228.960,228.270,3.000,78.000,229.10,229.15,5000.000,2500.000,228.15,228.25,79.000,1083.000,229.00,229.20,10000.000,5000.000,228.10,228.35,865.000,12408.000,42500.000,25000.000,228.897,229.264,228.041,228.400,0.925,0.698
2017-03-10 15:18:00,228.910,228.206,62.000,111.000,228.95,229.00,10000.000,2500.000,228.10,228.25,465.000,28.000,228.90,229.05,2500.000,5000.000,228.05,228.30,3500.000,6222.000,37500.000,22500.000,228.807,229.171,227.993,228.350,0.800,0.720
2017-03-10 15:19:00,228.850,228.171,3.000,496.000,228.95,229.00,5000.000,5000.000,228.05,228.15,610.000,436.000,228.85,229.05,7500.000,5000.000,228.00,228.25,3465.000,8532.000,30000.000,17500.000,228.780,229.145,227.954,228.264,0.875,0.760
2017-03-10 15:20:00,229.046,228.384,716.000,99.000,229.05,229.10,10000.000,5000.000,228.30,228.45,2027.000,4455.000,229.00,229.20,2500.000,2500.000,228.25,228.50,4480.000,7825.000,22500.000,17500.000,228.973,229.253,228.228,228.543,0.700,0.790
2017-03-10 15:21:00,228.836,228.176,539.000,3186.000,228.80,228.85,7500.000,5000.000,228.00,228.15,392.000,100.000,228.75,228.90,7500.000,5000.000,227.95,228.20,3316.000,5190.000,42500.000,20000.000,228.669,228.906,227.882,228.262,0.750,0.806
2017-03-10 15:22:00,228.797,228.011,7.000,3652.000,228.75,228.80,2500.000,2500.000,227.90,228.00,75.000,340.000,228.70,228.90,5000.000,2500.000,227.85,228.05,6516.000,11590.000,30000.000,17500.000,228.563,228.922,227.779,228.136,0.825,0.786
2017-03-10 15:23:00,228.741,227.929,3.000,922.000,228.75,228.80,12500.000,12500.000,227.80,228.00,4.000,293.000,228.70,228.85,5000.000,7500.000,227.75,228.05,5738.000,9495.000,35000.000,30000.000,228.560,228.960,227.714,228.067,0.875,0.794
2017-03-10 15:24:00,228.702,227.819,3.000,249.000,228.65,228.70,5000.000,10000.000,227.65,227.80,20.000,4718.000,228.60,228.75,5000.000,7500.000,227.60,227.85,6357.000,6290.000,32500.000,27500.000,228.538,228.759,227.538,227.918,0.950,0.737
2017-03-10 15:25:00,228.650,227.840,258.000,273.000,228.65,228.70,2500.000,5000.000,227.75,227.90,339.000,3105.000,228.60,228.80,7500.000,10000.000,227.70,227.95,8104.000,13220.000,30000.000,32500.000,228.530,228.889,227.625,227.981,0.850,0.687
2017-03-10 15:26:00,228.692,227.952,1070.000,376.000,228.60,228.65,7500.000,2500.000,227.90,228.05,4409.000,211.000,228.55,228.70,2500.000,5000.000,227.85,228.10,6995.000,1315.000,27500.000,32500.000,228.527,228.748,227.791,228.173,0.650,0.687
2017-03-10 15:27:00,228.566,227.879,3884.000,1568.000,228.55,228.60,5000.000,12500.000,227.90,227.95,657.000,215.000,228.50,228.70,5000.000,5000.000,227.80,228.00,5940.000,5529.000,22500.000,37500.000,228.508,228.717,227.778,228.053,0.650,0.687
2017-03-10 15:28:00,228.667,227.818,2.000,414.000,228.70,228.75,5000.000,5000.000,227.80,227.85,10.000,5604.000,228.65,228.80,2500.000,2500.000,227.75,227.90,770.000,7133.000,22500.000,25000.000,228.510,228.826,227.689,227.960,0.900,0.687
2017-03-10 15:29:00,228.446,227.847,24.000,5110.000,228.50,228.80,2500.000,2500.000,227.65,227.85,1.000,5.000,228.45,228.90,5000.000,2500.000,227.60,227.90,418.000,6959.000,50000.000,22500.000,228.133,228.856,227.480,227.978,0.900,0.687
2017-03-10 15:30:00,228.278,227.718,49.000,435.000,228.10,228.45,2500.000,2500.000,227.50,227.65,20.000,93.000,228.05,228.55,7500.000,2500.000,227.40,227.70,2536.000,3148.000,37500.000,12500.000,227.939,228.584,227.187,227.810,0.700,0.687
2017-03-14 09:16:00,233.803,232.850,948.000,60.000,233.65,233.75,2500.000,2500.000,232.70,232.90,986.000,73.000,233.60,233.80,2500.000,7500.000,232.65,233.00,2756.000,473.000,22500.000,25000.000,233.590,234.136,232.539,233.180,0.900,0.857
2017-03-14 09:17:00,232.814,232.119,171.000,811.000,232.85,232.95,20000.000,7500.000,232.00,232.20,295.000,1348.000,232.80,233.00,2500.000,5000.000,231.95,232.25,2536.000,5522.000,30000.000,22500.000,232.674,233.081,231.933,232.344,0.800,0.925
2017-03-14 09:18:00,232.572,231.647,19.000,20.000,232.55,232.60,5000.000,5000.000,231.65,231.95,5.000,50.000,232.50,232.65,2500.000,42500.000,231.55,232.00,691.000,693.000,15000.000,57500.000,232.403,232.753,231.500,232.030,0.775,0.934
2017-03-14 09:19:00,232.345,231.333,173.000,154.000,232.40,232.50,2500.000,5000.000,231.55,231.80,16.000,50.000,232.35,232.55,2500.000,2500.000,231.50,231.90,1441.000,3507.000,17500.000,55000.000,232.248,232.681,231.214,231.977,0.775,0.941
2017-03-14 09:20:00,232.489,231.722,421.000,222.000,232.50,232.70,5000.000,42500.000,231.65,232.00,363.000,371.000,232.45,232.75,5000.000,2500.000,231.60,232.10,2545.000,5296.000,22500.000,57500.000,232.395,232.912,231.294,232.096,0.775,0.939
2017-03-14 09:21:00,232.135,231.248,161.000,34.000,232.25,232.30,2500.000,2500.000,231.25,231.60,721.000,15.000,232.20,232.35,2500.000,5000.000,231.20,231.85,1134.000,4097.000,12500.000,62500.000,232.185,232.532,231.150,231.978,0.850,0.935
2017-03-14 09:22:00,232.428,231.392,54.000,22.000,232.20,232.25,2500.000,5000.000,231.35,231.50,720.000,77.000,232.15,232.35,2500.000,2500.000,231.25,231.55,31601.000,5224.000,12500.000,17500.000,232.006,232.469,231.190,231.686,0.800,0.870
2017-03-14 09:23:00,232.327,231.357,151.000,196.000,232.15,232.20,5000.000,5000.000,231.25,231.60,29.000,725.000,232.10,232.25,2500.000,2500.000,231.20,231.70,24683.000,1881.000,20000.000,32500.000,232.001,232.311,231.106,231.888,0.750,0.861
2017-03-14 09:24:00,232.395,231.350,5.000,829.000,232.20,232.30,2500.000,2500.000,231.25,231.40,115.000,408.000,232.15,232.35,2500.000,2500.000,231.20,231.50,27156.000,8364.000,12500.000,12500.000,232.003,232.434,231.150,231.550,0.925,0.810
2017-03-14 09:25:00,232.197,231.439,372.000,24.000,232.05,232.10,7500.000,5000.000,231.20,231.40,26330.000,61.000,232.00,232.20,2500.000,2500.000,231.15,231.60,28247.000,615.000,32500.000,15000.000,231.996,232.300,231.012,231.592,0.775,0.806
2017-03-14 09:26:00,232.163,231.300,24127.000,1369.000,232.00,232.15,2500.000,2500.000,231.10,231.40,412.000,65.000,231.95,232.20,12500.000,5000.000,231.00,231.45,28430.000,1903.000,22500.000,15000.000,231.974,232.188,230.967,231.575,0.825,0.764
2017-03-14 09:27:00,231.774,231.062,54.000,43.000,231.80,231.90,2500.000,7500.000,230.80,231.05,15.000,421.000,231.75,231.95,7500.000,2500.000,230.75,231.20,2082.000,4304.000,25000.000,17500.000,231.632,232.067,230.665,231.229,0.925,0.752
2017-03-14 09:28:00,231.613,230.688,36.000,375.000,231.60,231.70,2500.000,2500.000,230.50,230.75,161.000,371.000,231.55,231.75,7500.000,2500.000,230.40,230.80,1460.000,3559.000,20000.000,12500.000,231.442,231.788,230.331,230.940,1.025,0.672
2017-03-14 09:29:00,231.774,230.983,582.000,22.000,231.70,231.75,2500.000,7500.000,230.80,231.10,983.000,4.000,231.65,231.80,5000.000,5000.000,230.75,231.20,2349.000,426.000,17500.000,20000.000,231.632,231.917,230.671,231.231,0.775,0.641
2017-03-14 09:30:00,231.675,230.939,3.000,8.000,231.70,231.75,5000.000,2500.000,230.80,231.10,60.000,2503.000,231.65,231.80,2500.000,2500.000,230.75,231.15,856.000,3399.000,17500.000,17500.000,231.552,231.831,230.686,231.221,0.775,0.582
2017-03-14 09:31:00,231.634,230.980,393.000,393.000,231.55,231.60,2500.000,2500.000,230.80,231.00,421.000,309.000,231.50,231.75,2500.000,2500.000,230.75,231.10,3423.000,3185.000,12500.000,12500.000,231.414,231.809,230.700,231.260,0.675,0.564
2017-03-14 09:32:00,231.239,230.584,12.000,421.000,231.30,231.35,2500.000,7500.000,230.45,230.75,88.000,2244.000,231.20,231.40,5000.000,2500.000,230.40,230.80,709.000,3511.000,20000.000,20000.000,231.102,231.440,230.287,230.850,0.725,0.555
2017-03-14 09:33:00,231.513,230.988,275.000,46.000,231.45,231.55,2500.000,5000.000,230.80,230.90,205.000,364.000,231.40,231.60,2500.000,2500.000,230.75,231.10,5269.000,6736.000,17500.000,15000.000,231.272,231.728,230.571,231.167,0.650,0.558
2017-03-14 09:34:00,231.528,230.891,324.000,2.000,231.55,231.60,2500.000,12500.000,230.85,231.00,642.000,364.000,231.50,231.65,2500.000,5000.000,230.80,231.05,1720.000,2321.000,12500.000,27500.000,231.457,231.745,230.740,231.068,0.650,0.558
2017-03-14 09:35:00,231.735,231.293,19.000,70.000,231.65,231.70,2500.000,5000.000,231.10,231.20,75.000,72.000,231.60,231.75,45000.000,5000.000,231.00,231.40,4736.000,3228.000,55000.000,17500.000,231.480,231.873,230.977,231.386,0.525,0.575
2017-03-14 09:36:00,231.778,231.214,403.000,70.000,231.55,231.60,2500.000,2500.000,231.05,231.25,672.000,30.000,231.50,231.65,47500.000,5000.000,231.00,231.30,5811.000,648.000,60000.000,20000.000,231.411,231.829,230.979,231.363,0.425,0.568
2017-03-14 09:37:00,232.122,231.514,3.000,73.000,231.95,232.00,2500.000,5000.000,231.45,231.50,704.000,100.000,231.85,232.05,2500.000,2500.000,231.35,231.60,11036.000,1283.000,17500.000,17500.000,231.735,232.148,231.279,231.657,0.500,0.580
2017-03-14 09:38:00,232.087,231.550,421.000,191.000,232.05,232.25,7500.000,10000.000,231.50,231.70,372.000,1502.000,232.00,232.35,2500.000,5000.000,231.40,231.75,4610.000,8234.000,20000.000,25000.000,231.927,232.448,231.338,231.765,0.550,0.619
2017-03-14 09:39:00,232.325,231.688,131.000,157.000,232.30,232.40,2500.000,5000.000,231.70,231.90,83.000,475.000,232.25,232.45,5000.000,2500.000,231.50,231.95,3417.000,4677.000,15000.000,27500.000,232.159,232.532,231.475,232.032,0.550,0.621
2017-03-14 09:40:00,232.628,232.096,327.000,72.000,232.50,232.55,2500.000,2500.000,232.00,232.20,27.000,441.000,232.45,232.70,2500.000,2500.000,231.95,232.25,5296.000,2944.000,15000.000,17500.000,232.360,232.801,231.883,232.350,0.425,0.676
2017-03-14 09:41:00,232.419,231.890,877.000,319.000,232.35,232.40,7500.000,2500.000,231.80,232.00,50.000,60.000,232.25,232.45,10000.000,5000.000,231.75,232.15,3957.000,1526.000,30000.000,22500.000,232.199,232.534,231.654,232.211,0.475,0.691
2017-03-14 09:42:00,232.508,231.844,191.000,30.000,232.55,232.60,2500.000,5000.000,231.90,232.00,374.000,638.000,232.50,232.65,2500.000,2500.000,231.80,232.10,1764.000,4424.000,12500.000,27500.000,232.427,232.727,231.740,232.177,0.625,0.673
2017-03-14 09:43:00,232.629,231.893,306.000,29.000,232.55,232.65,5000.000,2500.000,231.85,232.05,444.000,658.000,232.50,232.70,2500.000,2500.000,231.80,232.10,4150.000,4296.000,17500.000,20000.000,232.399,232.819,231.750,232.181,0.650,0.591
2017-03-14 09:44:00,232.376,231.731,644.000,440.000,232.30,232.50,2500.000,2500.000,231.65,231.85,1014.000,984.000,232.25,232.55,2500.000,5000.000,231.60,232.00,3757.000,4048.000,15000.000,25000.000,232.203,232.615,231.542,232.100,0.650,0.577
2017-03-14 09:45:00,232.339,231.534,18.000,55.000,232.20,232.25,2500.000,5000.000,231.55,231.70,400.000,52.000,232.15,232.30,2500.000,2500.000,231.50,231.80,6076.000,1536.000,12500.000,27500.000,232.030,232.433,231.410,231.877,0.600,0.541
2017-03-14 09:46:00,232.120,231.515,117.000,781.000,232.10,232.25,2500.000,2500.000,231.45,231.65,138.000,907.000,232.05,232.30,5000.000,2500.000,231.40,231.70,3123.000,5884.000,15000.000,17500.000,231.969,232.368,231.358,231.779,0.625,0.557
2017-03-14 09:47:00,231.962,231.385,934.000,214.000,232.00,232.05,2500.000,5000.000,231.25,231.50,64.000,60.000,231.95,232.10,5000.000,5000.000,231.20,231.60,2063.000,2995.000,15000.000,17500.000,231.906,232.214,231.158,231.614,0.650,0.549
2017-03-14 09:48:00,231.884,231.562,473.000,78.000,231.90,231.95,2500.000,5000.000,231.20,231.40,266.000,27.000,231.80,232.00,2500.000,2500.000,231.10,231.50,2505.000,2113.000,62500.000,20000.000,231.748,232.128,231.012,231.588,0.625,0.601
2017-03-14 09:49:00,231.970,231.393,194.000,5.000,231.95,232.05,2500.000,2500.000,231.25,231.40,790.000,110.000,231.90,232.10,2500.000,2500.000,231.20,231.50,5512.000,6448.000,20000.000,15000.000,231.790,232.236,231.137,231.600,0.675,0.610
2017-03-14 09:50:00,231.940,231.316,133.000,209.000,231.90,231.95,7500.000,5000.000,231.10,231.35,80.000,153.000,231.85,232.05,5000.000,5000.000,231.05,231.40,1788.000,2103.000,67500.000,27500.000,231.745,232.135,231.006,231.459,0.700,0.606
2017-03-14 09:51:00,231.994,231.311,37.000,1006.000,232.00,232.10,2500.000,2500.000,231.25,231.40,1200.000,364.000,231.95,232.15,2500.000,2500.000,231.20,231.45,3191.000,6266.000,20000.000,25000.000,231.884,232.219,231.125,231.510,0.725,0.572
2017-03-14 09:52:00,231.874,231.333,411.000,588.000,231.95,232.00,2500.000,2500.000,231.10,231.35,574.000,1058.000,231.90,232.10,7500.000,2500.000,231.05,231.40,1786.000,6812.000,60000.000,20000.000,231.852,232.190,231.002,231.463,0.750,0.562
2017-03-14 09:53:00,232.021,231.441,342.000,213.000,231.95,232.00,2500.000,10000.000,231.20,231.40,575.000,4.000,231.90,232.05,2500.000,5000.000,231.15,231.45,3803.000,2324.000,65000.000,27500.000,231.802,232.137,231.027,231.473,0.675,0.519
2017-03-14 09:54:00,232.082,231.459,858.000,2030.000,232.00,232.10,2500.000,2500.000,231.30,231.50,318.000,100.000,231.95,232.15,5000.000,5000.000,231.25,231.60,3417.000,3111.000,22500.000,17500.000,231.894,232.153,231.189,231.636,0.650,0.473
2017-03-14 09:55:00,232.013,231.411,56.000,91.000,231.95,232.00,2500.000,7500.000,231.25,231.45,678.000,823.000,231.90,232.10,10000.000,5000.000,231.20,231.50,5054.000,4381.000,25000.000,20000.000,231.790,232.212,231.155,231.556,0.625,0.433
2017-03-14 09:56:00,231.903,231.391,71.000,89.000,231.90,231.95,5000.000,2500.000,231.20,231.35,185.000,129.000,231.85,232.00,2500.000,2500.000,231.10,231.40,3097.000,3371.000,65000.000,17500.000,231.757,232.122,231.021,231.457,0.650,0.440
2017-03-14 09:57:00,231.623,231.131,1230.000,61.000,231.40,231.50,42500.000,2500.000,231.00,231.15,1339.000,50.000,231.35,231.65,2500.000,7500.000,230.95,231.20,14508.000,3941.000,62500.000,22500.000,231.264,231.760,230.940,231.294,0.375,0.445
2017-03-14 09:58:00,230.971,230.607,2627.000,70.000,231.00,231.05,2500.000,5000.000,230.40,230.60,937.000,304.000,230.85,231.15,2500.000,7500.000,230.35,230.65,4758.000,3438.000,65000.000,25000.000,230.908,231.236,230.287,230.745,0.525,0.476
2017-03-14 09:59:00,231.213,230.817,1879.000,197.000,231.10,231.20,2500.000,2500.000,230.70,230.75,121.000,214.000,231.05,231.25,2500.000,2500.000,230.65,230.80,9017.000,3183.000,25000.000,12500.000,230.996,231.344,230.545,230.890,0.425,0.522
2017-03-14 10:00:00,231.256,230.855,161.000,142.000,231.30,231.35,5000.000,7500.000,230.70,230.90,768.000,466.000,231.20,231.45,5000.000,2500.000,230.65,230.95,3355.000,6580.000,30000.000,22500.000,231.131,231.528,230.583,230.983,0.525,0.569
2017-03-14 10:01:00,231.284,230.739,210.000,745.000,231.30,231.40,5000.000,7500.000,230.65,230.80,545.000,846.000,231.25,231.45,2500.000,5000.000,230.60,230.85,2234.000,6454.000,22500.000,22500.000,231.187,231.495,230.556,230.906,0.625,0.590
2017-03-14 10:02:00,231.473,230.953,109.000,437.000,231.55,231.60,12500.000,2500.000,230.95,231.00,95.000,716.000,231.45,231.65,2500.000,7500.000,230.85,231.05,2339.000,6060.000,22500.000,17500.000,231.369,231.731,230.872,231.086,0.600,0.612
2017-03-14 10:03:00,231.560,231.044,400.000,1367.000,231.65,231.80,7500.000,7500.000,230.95,231.10,385.000,650.000,231.60,231.85,2500.000,5000.000,230.90,231.15,1633.000,9964.000,20000.000,20000.000,231.567,231.943,230.863,231.181,0.700,0.637
2017-03-14 10:04:00,231.744,231.117,261.000,960.000,231.70,231.90,2500.000,2500.000,231.10,231.20,210.000,751.000,231.65,231.95,7500.000,2500.000,230.95,231.25,4506.000,9176.000,22500.000,15000.000,231.548,232.007,230.861,231.300,0.650,0.620
2017-03-14 10:05:00,231.739,231.103,161.000,211.000,231.80,231.90,2500.000,2500.000,231.05,231.20,118.000,660.000,231.75,231.95,2500.000,2500.000,231.00,231.30,1690.000,9110.000,17500.000,20000.000,231.652,232.018,230.936,231.369,0.725,0.582
2017-03-14 10:06:00,231.632,230.982,485.000,660.000,231.70,231.85,7500.000,5000.000,230.95,231.20,143.000,317.000,231.65,231.90,2500.000,5000.000,230.80,231.25,2244.000,10526.000,22500.000,32500.000,231.583,231.990,230.806,231.396,0.700,0.555
2017-03-14 10:07:00,231.697,231.069,431.000,494.000,231.80,231.90,5000.000,5000.000,231.05,231.25,25.000,388.000,231.75,231.95,2500.000,2500.000,231.00,231.30,1183.000,11972.000,20000.000,32500.000,231.686,232.035,230.950,231.423,0.700,0.522
2017-03-14 10:08:00,231.759,231.117,337.000,90.000,231.85,231.90,5000.000,2500.000,231.05,231.30,96.000,74.000,231.80,231.95,7500.000,2500.000,231.00,231.35,1116.000,6690.000,25000.000,27500.000,231.753,232.031,230.965,231.445,0.700,0.483
2017-03-14 10:09:00,231.818,231.275,644.000,4.000,231.75,231.85,5000.000,2500.000,231.20,231.40,533.000,5.000,231.70,231.90,2500.000,2500.000,231.15,231.45,3439.000,1941.000,17500.000,22500.000,231.638,232.036,231.100,231.500,0.500,0.467
2017-03-14 10:10:00,231.740,231.292,85.000,501.000,231.85,231.90,2500.000,2500.000,231.20,231.35,46.000,561.000,231.80,231.95,5000.000,5000.000,231.15,231.40,444.000,7225.000,20000.000,25000.000,231.720,232.027,231.081,231.490,0.600,0.473
2017-03-14 10:11:00,231.960,231.447,60.000,72.000,231.95,232.05,2500.000,15000.000,231.40,231.50,192.000,915.000,231.90,232.10,7500.000,2500.000,231.30,231.55,4704.000,7727.000,22500.000,25000.000,231.773,232.202,231.222,231.550,0.550,0.449
2017-03-14 10:12:00,231.849,231.385,197.000,501.000,231.70,231.80,27500.000,2500.000,231.35,231.45,768.000,50.000,231.65,231.90,2500.000,15000.000,231.25,231.50,12667.000,5536.000,40000.000,27500.000,231.574,231.985,231.281,231.550,0.350,0.408
2017-03-14 10:13:00,232.078,231.631,775.000,83.000,232.05,232.10,27500.000,5000.000,231.50,231.65,128.000,551.000,231.90,232.15,2500.000,5000.000,231.45,231.70,9473.000,6910.000,65000.000,22500.000,231.791,232.233,231.437,231.744,0.500,0.385
2017-03-14 10:14:00,232.124,231.663,394.000,144.000,232.15,232.20,25000.000,2500.000,231.65,231.75,305.000,120.000,232.10,232.25,5000.000,7500.000,231.60,231.80,2446.000,3783.000,40000.000,37500.000,232.029,232.353,231.606,231.917,0.475,0.373
2017-03-14 10:15:00,232.175,231.693,100.000,668.000,232.15,232.20,20000.000,10000.000,231.65,231.80,242.000,416.000,232.10,232.30,2500.000,5000.000,231.60,231.85,3607.000,5351.000,30000.000,37500.000,231.987,232.378,231.608,231.930,0.450,0.356
2017-03-14 10:16:00,232.338,231.946,501.000,60.000,232.35,232.40,27500.000,5000.000,231.80,232.00,1937.000,687.000,232.30,232.45,2500.000,5000.000,231.75,232.05,3989.000,5781.000,65000.000,27500.000,232.252,232.523,231.600,232.109,0.475,0.348
2017-03-14 10:17:00,232.396,232.137,2112.000,176.000,232.30,232.40,2500.000,2500.000,232.00,232.10,3006.000,106.000,232.25,232.45,2500.000,2500.000,231.95,232.15,9876.000,3670.000,35000.000,22500.000,232.216,232.540,231.843,232.222,0.300,0.382
2017-03-14 10:18:00,232.299,231.967,408.000,175.000,232.30,232.35,2500.000,5000.000,231.85,232.00,7.000,71.000,232.25,232.40,30000.000,5000.000,231.80,232.05,3885.000,5281.000,47500.000,25000.000,232.126,232.517,231.724,232.105,0.400,0.405
2017-03-14 10:19:00,232.551,232.150,722.000,294.000,232.50,232.55,2500.000,10000.000,232.10,232.20,592.000,1.000,232.40,232.60,5000.000,2500.000,232.05,232.25,12428.000,6983.000,17500.000,22500.000,232.305,232.712,232.007,232.272,0.375,0.405
2017-03-14 10:20:00,232.480,232.085,87.000,15.000,232.40,232.45,7500.000,2500.000,231.95,232.10,117.000,161.000,232.35,232.50,5000.000,5000.000,231.90,232.15,5205.000,3060.000,42500.000,22500.000,232.224,232.619,231.838,232.206,0.400,0.414
2017-03-14 10:21:00,232.524,232.172,418.000,19.000,232.35,232.45,15000.000,7500.000,232.00,232.20,409.000,15.000,232.30,232.50,5000.000,7500.000,231.95,232.25,11831.000,1646.000,47500.000,27500.000,232.230,232.601,231.887,232.273,0.300,0.402
2017-03-14 10:22:00,232.302,231.872,449.000,65.000,232.30,232.35,2500.000,2500.000,231.85,232.00,50.000,608.000,232.20,232.40,10000.000,2500.000,231.80,232.05,5981.000,5774.000,20000.000,20000.000,232.104,232.504,231.756,232.137,0.400,0.403
2017-03-14 10:23:00,232.487,232.041,731.000,220.000,232.35,232.40,5000.000,2500.000,231.95,232.10,264.000,1409.000,232.30,232.50,2500.000,2500.000,231.90,232.15,11751.000,5137.000,30000.000,27500.000,232.192,232.580,231.817,232.218,0.350,0.382
2017-03-14 10:24:00,232.408,232.005,292.000,215.000,232.40,232.45,2500.000,2500.000,232.00,232.10,50.000,1672.000,232.35,232.50,2500.000,2500.000,231.90,232.15,4447.000,5902.000,25000.000,27500.000,232.255,232.583,231.805,232.223,0.375,0.365
2017-03-14 10:25:00,232.549,232.113,475.000,1258.000,232.45,232.50,20000.000,5000.000,232.00,232.20,99.000,87.000,232.40,232.55,5000.000,5000.000,231.95,232.25,7057.000,4410.000,40000.000,27500.000,232.273,232.605,231.944,232.286,0.375,0.360
2017-03-14 10:26:00,232.480,232.184,190.000,24.000,232.50,232.55,2500.000,2500.000,232.10,232.20,55.000,628.000,232.45,232.60,2500.000,2500.000,232.05,232.25,4875.000,6715.000,37500.000,25000.000,232.356,232.724,231.980,232.320,0.375,0.369
2017-03-14 10:27:00,232.619,232.187,207.000,154.000,232.55,232.60,10000.000,10000.000,232.10,232.30,327.000,160.000,232.45,232.65,2500.000,5000.000,232.05,232.35,10180.000,5164.000,47500.000,47500.000,232.345,232.754,232.000,232.426,0.375,0.354
2017-03-14 10:28:00,232.570,232.229,198.000,62.000,232.55,232.60,2500.000,2500.000,232.10,232.25,60.000,51.000,232.50,232.65,5000.000,10000.000,232.05,232.30,5077.000,5536.000,45000.000,27500.000,232.381,232.762,231.983,232.345,0.400,0.345
2017-03-14 10:29:00,232.541,232.221,137.000,174.000,232.55,232.60,2500.000,5000.000,232.10,232.25,532.000,51.000,232.45,232.65,2500.000,7500.000,232.05,232.30,5906.000,5780.000,42500.000,27500.000,232.366,232.759,231.982,232.355,0.400,0.338
2017-03-14 10:30:00,232.490,232.077,71.000,89.000,232.35,232.40,25000.000,2500.000,232.00,232.10,365.000,206.000,232.30,232.50,2500.000,5000.000,231.95,232.15,11280.000,3297.000,55000.000,27500.000,232.222,232.607,231.918,232.232,0.325,0.326
2017-03-14 10:31:00,232.399,232.061,394.000,706.000,232.35,232.40,20000.000,5000.000,232.00,232.10,332.000,61.000,232.30,232.45,2500.000,2500.000,231.95,232.15,7353.000,5464.000,55000.000,40000.000,232.225,232.521,231.905,232.225,0.325,0.336
2017-03-14 10:32:00,232.379,232.019,984.000,66.000,232.35,232.40,2500.000,2500.000,231.95,232.10,2776.000,851.000,232.30,232.45,15000.000,2500.000,231.90,232.15,7158.000,5861.000,40000.000,37500.000,232.214,232.525,231.847,232.227,0.350,0.287
2017-03-14 10:33:00,232.328,232.032,1186.000,2.000,232.25,232.35,2500.000,2500.000,231.95,232.10,1107.000,6.000,232.20,232.40,15000.000,2500.000,231.90,232.15,6632.000,3565.000,40000.000,35000.000,232.140,232.518,231.847,232.214,0.275,0.271
2017-03-14 10:34:00,232.418,232.136,568.000,7.000,232.35,232.40,2500.000,5000.000,232.05,232.20,107.000,205.000,232.30,232.45,7500.000,12500.000,232.00,232.25,5155.000,2863.000,35000.000,35000.000,232.214,232.545,231.896,232.293,0.250,0.242
2017-03-14 10:35:00,232.529,232.177,487.000,255.000,232.45,232.50,2500.000,12500.000,232.10,232.25,323.000,110.000,232.35,232.55,2500.000,5000.000,232.05,232.30,7135.000,3037.000,35000.000,35000.000,232.263,232.636,231.914,232.339,0.300,0.197
2017-03-14 10:36:00,232.764,232.375,1406.000,57.000,232.70,232.75,2500.000,12500.000,232.40,232.50,257.000,132.000,232.65,232.80,2500.000,2500.000,232.30,232.55,7853.000,4483.000,12500.000,27500.000,232.552,232.920,232.240,232.582,0.275,0.140
2017-03-14 10:37:00,232.497,232.381,2662.000,450.000,232.45,232.50,7500.000,2500.000,232.20,232.40,34.000,1642.000,232.40,232.60,2500.000,5000.000,232.15,232.45,8825.000,6661.000,50000.000,27500.000,232.293,232.678,232.058,232.514,0.175,0.138
2017-03-14 10:38:00,232.332,232.115,407.000,55.000,232.25,232.30,17500.000,5000.000,232.05,232.20,599.000,5.000,232.20,232.35,25000.000,10000.000,232.00,232.25,4814.000,2332.000,50000.000,27500.000,232.094,232.473,231.968,232.305,0.150,0.123
2017-03-14 10:39:00,232.407,232.270,488.000,678.000,232.40,232.45,2500.000,12500.000,232.15,232.25,138.000,1503.000,232.30,232.50,2500.000,2500.000,232.10,232.30,6239.000,6345.000,47500.000,32500.000,232.234,232.558,232.013,232.358,0.225,0.151
2017-03-14 10:40:00,232.566,232.440,546.000,79.000,232.50,232.55,2500.000,2500.000,232.30,232.45,116.000,376.000,232.40,232.60,5000.000,5000.000,232.25,232.50,8201.000,4300.000,35000.000,17500.000,232.289,232.719,232.186,232.557,0.150,0.196
2017-03-14 10:41:00,232.561,232.454,760.000,111.000,232.50,232.55,5000.000,7500.000,232.30,232.45,216.000,5.000,232.45,232.60,7500.000,5000.000,232.25,232.50,5993.000,3407.000,40000.000,22500.000,232.350,232.735,232.197,232.556,0.150,0.231
2017-03-14 10:42:00,232.606,232.502,527.000,123.000,232.75,232.80,2500.000,10000.000,232.45,232.60,5.000,749.000,232.70,232.85,10000.000,5000.000,232.40,232.65,1704.000,15135.000,22500.000,32500.000,232.644,232.978,232.367,232.715,0.250,0.264
2017-03-14 10:43:00,232.623,232.479,1326.000,129.000,232.75,232.80,7500.000,2500.000,232.45,232.60,59.000,10.000,232.70,232.85,5000.000,7500.000,232.40,232.65,3116.000,14039.000,20000.000,27500.000,232.657,232.987,232.381,232.709,0.250,0.309
2017-03-14 10:44:00,232.785,232.511,9.000,597.000,232.80,232.90,12500.000,5000.000,232.45,232.65,1209.000,1176.000,232.75,232.95,2500.000,5000.000,232.40,232.70,5423.000,14975.000,22500.000,25000.000,232.671,233.003,232.378,232.745,0.300,0.272
2017-03-14 10:45:00,232.838,232.487,578.000,251.000,232.80,232.90,7500.000,5000.000,232.45,232.60,822.000,883.000,232.75,232.95,2500.000,5000.000,232.40,232.65,7683.000,10417.000,20000.000,27500.000,232.669,233.004,232.375,232.700,0.325,0.253
2017-03-14 10:46:00,232.756,232.471,321.000,181.000,232.80,232.85,5000.000,5000.000,232.35,232.50,781.000,923.000,232.75,232.90,7500.000,2500.000,232.30,232.55,5507.000,12601.000,37500.000,27500.000,232.668,232.993,232.220,232.595,0.400,0.229
2017-03-14 10:47:00,232.786,232.520,338.000,209.000,232.80,232.85,2500.000,7500.000,232.50,232.60,996.000,525.000,232.75,232.90,12500.000,7500.000,232.45,232.65,6725.000,9795.000,27500.000,30000.000,232.671,232.997,232.386,232.692,0.275,0.243
2017-03-14 10:48:00,232.836,232.465,416.000,232.000,232.80,232.85,5000.000,5000.000,232.55,232.75,781.000,3.000,232.75,232.95,7500.000,7500.000,232.50,232.80,6984.000,9264.000,20000.000,47500.000,232.666,233.010,232.438,232.929,0.175,0.191
2017-03-14 10:49:00,232.686,232.598,1328.000,372.000,232.75,232.80,2500.000,5000.000,232.45,232.60,1194.000,4.000,232.70,232.85,10000.000,5000.000,232.40,232.65,6422.000,11026.000,35000.000,17500.000,232.656,232.985,232.254,232.679,0.250,0.201
2017-03-14 10:50:00,232.716,232.463,1595.000,129.000,232.75,232.80,10000.000,5000.000,232.45,232.65,1274.000,4.000,232.70,232.85,2500.000,2500.000,232.40,232.70,8002.000,9456.000,20000.000,30000.000,232.644,232.994,232.369,232.787,0.225,0.178
2017-03-14 10:51:00,232.732,232.568,1198.000,59.000,232.75,232.80,5000.000,7500.000,232.45,232.60,1394.000,298.000,232.70,232.85,5000.000,5000.000,232.40,232.65,7440.000,11842.000,32500.000,22500.000,232.641,232.999,232.246,232.678,0.250,0.184
2017-03-14 10:52:00,232.807,232.468,1079.000,221.000,232.70,232.75,7500.000,7500.000,232.45,232.55,1437.000,3.000,232.65,232.80,5000.000,10000.000,232.35,232.60,6480.000,1095.000,25000.000,30000.000,232.601,232.891,232.340,232.650,0.225,0.152
2017-03-14 10:53:00,232.388,232.278,151.000,171.000,232.25,232.30,25000.000,2500.000,232.15,232.35,512.000,91.000,232.20,232.35,5000.000,5000.000,232.10,232.40,11154.000,1896.000,45000.000,22500.000,232.112,232.457,232.097,232.456,0.025,0.164
2017-03-14 10:54:00,232.275,232.137,87.000,13.000,232.20,232.25,5000.000,7500.000,232.10,232.20,1141.000,1265.000,232.15,232.35,7500.000,5000.000,232.05,232.25,6919.000,5553.000,27500.000,30000.000,232.051,232.441,232.018,232.296,0.075,0.174
2017-03-14 10:55:00,232.383,232.244,3.000,90.000,232.35,232.40,5000.000,7500.000,232.20,232.35,233.000,419.000,232.30,232.45,2500.000,5000.000,232.15,232.40,4155.000,4895.000,25000.000,37500.000,232.185,232.521,232.100,232.443,0.100,0.198
2017-03-14 10:56:00,232.293,232.100,219.000,796.000,232.30,232.35,15000.000,2500.000,232.05,232.20,102.000,1455.000,232.20,232.40,7500.000,5000.000,232.00,232.25,6414.000,7705.000,30000.000,22500.000,232.048,232.467,231.983,232.311,0.200,0.181
2017-03-14 10:57:00,232.264,232.083,528.000,117.000,232.25,232.30,7500.000,2500.000,232.05,232.15,715.000,733.000,232.20,232.35,5000.000,7500.000,232.00,232.20,4916.000,5605.000,25000.000,27500.000,232.108,232.443,231.975,232.291,0.175,0.160
2017-03-14 10:58:00,232.250,232.082,514.000,684.000,232.25,232.30,7500.000,2500.000,232.05,232.15,99.000,972.000,232.20,232.35,7500.000,7500.000,232.00,232.20,4186.000,6719.000,27500.000,27500.000,232.089,232.432,231.968,232.268,0.175,0.144
2017-03-14 10:59:00,232.265,232.075,171.000,857.000,232.20,232.30,5000.000,2500.000,232.05,232.10,339.000,2060.000,232.15,232.35,12500.000,5000.000,232.00,232.15,9198.000,9715.000,27500.000,22500.000,232.028,232.430,231.973,232.200,0.175,0.120
2017-03-14 11:00:00,232.300,232.043,626.000,23.000,232.20,232.25,5000.000,2500.000,232.05,232.10,119.000,823.000,232.15,232.30,12500.000,2500.000,232.00,232.15,9897.000,4899.000,27500.000,30000.000,232.032,232.389,231.973,232.254,0.150,0.076
2017-03-14 11:01:00,232.242,232.135,250.000,3158.000,232.25,232.30,20000.000,2500.000,232.10,232.15,687.000,278.000,232.20,232.35,5000.000,5000.000,232.05,232.20,4437.000,9158.000,42500.000,22500.000,232.104,232.406,232.044,232.250,0.150,0.070
2017-03-14 11:02:00,232.285,232.207,18.000,2730.000,232.15,232.30,10000.000,2500.000,232.15,232.25,569.000,123.000,232.10,232.35,25000.000,10000.000,232.10,232.30,13217.000,8292.000,45000.000,30000.000,232.007,232.416,232.092,232.346,0.025,0.092
2017-03-14 11:03:00,232.018,231.932,2334.000,138.000,232.00,232.10,5000.000,5000.000,231.90,232.10,2634.000,420.000,231.95,232.20,2500.000,7500.000,231.85,232.15,6481.000,7027.000,20000.000,35000.000,231.940,232.291,231.787,232.207,0.050,0.091
2017-03-14 11:04:00,232.241,232.170,732.000,7.000,232.15,232.20,10000.000,10000.000,232.05,232.25,4795.000,5.000,232.10,232.25,12500.000,12500.000,232.00,232.30,15549.000,4342.000,37500.000,32500.000,232.047,232.330,231.973,232.312,0.025,0.109
2017-03-14 11:05:00,232.274,232.238,193.000,81.000,232.25,232.30,20000.000,2500.000,232.10,232.30,448.000,70.000,232.20,232.35,5000.000,2500.000,232.05,232.35,6520.000,5229.000,47500.000,25000.000,232.114,232.478,232.024,232.425,0.075,0.136
2017-03-14 11:06:00,232.410,232.332,366.000,112.000,232.35,232.40,2500.000,2500.000,232.30,232.40,5514.000,60.000,232.30,232.45,2500.000,7500.000,232.25,232.45,11507.000,5543.000,32500.000,45000.000,232.246,232.538,232.158,232.519,0.025,0.149
2017-03-14 11:07:00,232.462,232.275,333.000,128.000,232.40,232.45,7500.000,5000.000,232.20,232.40,448.000,412.000,232.35,232.50,7500.000,2500.000,232.15,232.45,6198.000,4157.000,40000.000,40000.000,232.245,232.600,232.109,232.541,0.125,0.158
2017-03-14 11:08:00,232.319,232.235,536.000,53.000,232.20,232.25,5000.000,5000.000,232.15,232.25,5200.000,853.000,232.15,232.35,15000.000,2500.000,232.10,232.30,13470.000,4858.000,37500.000,20000.000,232.082,232.452,232.067,232.350,0.025,0.178
2017-03-14 11:09:00,232.453,232.292,2413.000,8.000,232.35,232.40,2500.000,5000.000,232.25,232.35,1457.000,60.000,232.30,232.45,5000.000,2500.000,232.20,232.40,15335.000,4120.000,37500.000,40000.000,232.234,232.530,232.130,232.475,0.075,0.165
2017-03-14 11:10:00,232.506,232.334,1571.000,611.000,232.45,232.50,2500.000,5000.000,232.25,232.40,1486.000,405.000,232.40,232.55,10000.000,7500.000,232.20,232.45,9781.000,4913.000,40000.000,37500.000,232.299,232.624,232.137,232.507,0.150,0.163
2017-03-14 11:11:00,232.409,232.267,171.000,8.000,232.30,232.40,2500.000,2500.000,232.20,232.35,304.000,563.000,232.25,232.45,10000.000,7500.000,232.15,232.40,7720.000,2986.000,35000.000,32500.000,232.195,232.540,232.107,232.473,0.075,0.190
2017-03-14 11:12:00,232.474,232.243,2230.000,369.000,232.40,232.45,5000.000,5000.000,232.25,232.40,161.000,10.000,232.30,232.50,2500.000,2500.000,232.20,232.45,12410.000,4069.000,25000.000,45000.000,232.246,232.602,232.110,232.528,0.100,0.190
2017-03-14 11:13:00,232.493,232.307,653.000,211.000,232.40,232.45,2500.000,5000.000,232.30,232.45,3407.000,61.000,232.30,232.50,10000.000,7500.000,232.25,232.50,12575.000,3118.000,22500.000,47500.000,232.235,232.613,232.217,232.561,0.050,0.174
2017-03-14 11:14:00,232.621,232.528,3007.000,64.000,232.55,232.60,10000.000,5000.000,232.50,232.60,5024.000,3.000,232.50,232.65,2500.000,7500.000,232.45,232.65,13337.000,3781.000,32500.000,35000.000,232.463,232.763,232.385,232.704,0.025,0.160
2017-03-14 11:15:00,232.733,232.568,361.000,89.000,232.65,232.70,12500.000,2500.000,232.50,232.65,204.000,63.000,232.55,232.75,2500.000,7500.000,232.45,232.70,8947.000,2680.000,35000.000,35000.000,232.486,232.843,232.396,232.768,0.100,0.111
2017-03-14 11:16:00,232.759,232.483,214.000,179.000,232.65,232.70,7500.000,2500.000,232.50,232.60,610.000,506.000,232.60,232.75,2500.000,5000.000,232.45,232.65,8878.000,3193.000,30000.000,37500.000,232.506,232.826,232.375,232.753,0.125,0.075
2017-03-14 11:17:00,232.758,232.529,96.000,475.000,232.65,232.75,7500.000,37500.000,232.50,232.60,500.000,1041.000,232.60,232.80,2500.000,2500.000,232.45,232.65,9226.000,5928.000,30000.000,57500.000,232.498,232.867,232.363,232.652,0.150,0.054
2017-03-14 11:18:00,232.718,232.610,2689.000,61.000,232.70,232.75,2500.000,5000.000,232.65,232.80,6477.000,4.000,232.65,232.85,7500.000,2500.000,232.60,232.85,15690.000,12027.000,27500.000,57500.000,232.613,232.992,232.536,232.941,-0.000,0.034
2017-03-14 11:19:00,232.870,232.849,1.000,5.000,232.85,232.90,5000.000,2500.000,232.70,232.90,60.000,1211.000,232.80,232.95,5000.000,12500.000,232.65,232.95,8989.000,13009.000,52500.000,45000.000,232.699,233.004,232.545,232.992,0.075,0.022
2017-03-14 11:20:00,232.682,232.760,2112.000,51.000,232.70,232.75,2500.000,2500.000,232.60,232.70,67.000,100.000,232.65,232.80,2500.000,5000.000,232.55,232.75,11878.000,15062.000,72500.000,25000.000,232.588,232.991,232.467,232.830,0.075,0.047
2017-03-14 11:21:00,232.772,232.679,2028.000,11.000,232.70,232.75,5000.000,2500.000,232.55,232.75,332.000,200.000,232.65,232.80,40000.000,5000.000,232.50,232.80,10179.000,3751.000,85000.000,55000.000,232.585,232.930,232.446,232.936,0.075,0.038
2017-03-14 11:22:00,232.792,232.665,591.000,86.000,232.70,232.75,10000.000,5000.000,232.55,232.75,37.000,100.000,232.65,232.80,37500.000,5000.000,232.50,232.80,8606.000,3523.000,85000.000,62500.000,232.549,232.924,232.451,232.926,0.075,0.015
2017-03-14 11:23:00,232.686,232.679,885.000,1060.000,232.75,232.80,7500.000,5000.000,232.55,232.75,60.000,110.000,232.70,232.85,37500.000,7500.000,232.50,232.80,6623.000,17103.000,82500.000,47500.000,232.581,232.973,232.448,232.921,0.125,0.020
2017-03-14 11:24:00,232.750,232.787,597.000,49.000,232.65,232.70,2500.000,5000.000,232.60,232.75,6294.000,100.000,232.60,232.75,2500.000,5000.000,232.55,232.80,12568.000,3297.000,65000.000,22500.000,232.549,232.927,232.465,232.844,0.000,0.011
2017-03-14 11:25:00,232.744,232.698,777.000,20.000,232.65,232.70,5000.000,2500.000,232.55,232.70,348.000,839.000,232.60,232.75,37500.000,7500.000,232.50,232.75,7299.000,1875.000,82500.000,30000.000,232.552,232.816,232.444,232.817,0.050,-0.022
2017-03-14 11:26:00,232.762,232.717,693.000,65.000,232.70,232.75,2500.000,2500.000,232.65,232.80,5004.000,5.000,232.65,232.80,5000.000,5000.000,232.60,232.85,9799.000,3215.000,52500.000,52500.000,232.606,232.936,232.521,232.945,-0.000,-0.052
2017-03-14 11:27:00,232.742,232.726,159.000,424.000,232.70,232.75,5000.000,2500.000,232.55,232.70,5358.000,135.000,232.55,232.80,40000.000,5000.000,232.50,232.75,11306.000,4628.000,82500.000,20000.000,232.487,232.916,232.447,232.806,0.100,-0.079
2017-03-14 11:28:00,232.718,232.688,2544.000,325.000,232.65,232.75,5000.000,2500.000,232.55,232.70,629.000,602.000,232.60,232.80,37500.000,5000.000,232.50,232.75,10953.000,6433.000,80000.000,32500.000,232.558,232.892,232.445,232.819,0.075,-0.083
2017-03-14 11:29:00,232.659,232.741,380.000,22.000,232.75,232.80,2500.000,2500.000,232.65,232.80,2032.000,112.000,232.65,232.85,5000.000,10000.000,232.60,232.85,10152.000,19455.000,52500.000,57500.000,232.578,232.980,232.519,232.952,0.050,-0.054
2017-03-14 11:30:00,232.645,232.764,953.000,450.000,232.75,232.80,2500.000,5000.000,232.60,232.75,19.000,1028.000,232.65,232.85,5000.000,5000.000,232.55,232.80,8864.000,20414.000,75000.000,32500.000,232.594,232.972,232.472,232.850,0.100,-0.012
2017-03-14 11:31:00,232.672,232.780,347.000,291.000,232.75,232.80,5000.000,2500.000,232.60,232.75,56.000,654.000,232.65,232.85,5000.000,5000.000,232.55,232.80,11406.000,20965.000,75000.000,25000.000,232.566,232.971,232.475,232.855,0.100,0.022
2017-03-14 11:32:00,232.661,232.777,329.000,160.000,232.75,232.80,2500.000,2500.000,232.60,232.75,94.000,1423.000,232.65,232.85,5000.000,2500.000,232.55,232.80,10140.000,20603.000,72500.000,25000.000,232.574,232.970,232.471,232.870,0.100,0.043
2017-03-14 11:33:00,232.713,232.702,238.000,62.000,232.70,232.75,2500.000,2500.000,232.55,232.70,86.000,117.000,232.65,232.80,40000.000,2500.000,232.50,232.75,5902.000,6292.000,80000.000,25000.000,232.557,232.906,232.444,232.840,0.100,0.044
2017-03-14 11:34:00,232.667,232.608,190.000,88.000,232.65,232.70,2500.000,2500.000,232.50,232.70,532.000,98.000,232.60,232.75,5000.000,2500.000,232.45,232.75,5640.000,4913.000,35000.000,25000.000,232.515,232.875,232.293,232.820,0.075,0.063
2017-03-14 11:35:00,232.676,232.584,116.000,38.000,232.65,232.70,2500.000,5000.000,232.50,232.70,310.000,238.000,232.60,232.75,2500.000,2500.000,232.45,232.75,5592.000,4462.000,22500.000,25000.000,232.511,232.878,232.333,232.815,0.075,0.061
2017-03-14 11:36:00,232.686,232.625,730.000,4.000,232.60,232.65,2500.000,2500.000,232.55,232.75,4070.000,107.000,232.55,232.70,2500.000,5000.000,232.50,232.80,9094.000,2455.000,22500.000,27500.000,232.492,232.830,232.356,232.855,-0.025,0.075
2017-03-14 11:37:00,232.528,232.536,3149.000,38.000,232.50,232.60,7500.000,2500.000,232.40,232.60,202.000,51.000,232.45,232.70,2500.000,2500.000,232.35,232.65,5764.000,4348.000,35000.000,27500.000,232.445,232.820,232.286,232.777,0.050,0.084
2017-03-14 11:38:00,232.440,232.421,105.000,40.000,232.40,232.45,5000.000,2500.000,232.35,232.55,3688.000,200.000,232.35,232.55,10000.000,5000.000,232.30,232.60,5442.000,3823.000,35000.000,35000.000,232.317,232.731,232.250,232.686,-0.025,0.094
2017-03-14 11:39:00,232.505,232.355,549.000,56.000,232.30,232.45,7500.000,2500.000,232.25,232.50,3193.000,60.000,232.25,232.50,5000.000,7500.000,232.20,232.55,14755.000,2291.000,25000.000,27500.000,232.188,232.612,232.155,232.614,0.000,0.087
2017-03-14 11:40:00,232.681,232.598,1352.000,590.000,232.70,232.85,2500.000,7500.000,232.65,232.85,4558.000,2485.000,232.65,232.90,2500.000,7500.000,232.60,232.90,9030.000,19422.000,12500.000,47500.000,232.613,232.988,232.520,232.961,0.025,0.115
2017-03-14 11:41:00,232.696,232.566,294.000,58.000,232.75,232.80,2500.000,2500.000,232.65,232.80,195.000,628.000,232.70,232.90,2500.000,5000.000,232.60,232.85,6279.000,16910.000,17500.000,52500.000,232.642,233.001,232.536,232.964,0.050,0.120
2017-03-14 11:42:00,232.690,232.654,793.000,16.000,232.75,232.80,10000.000,2500.000,232.65,232.85,72.000,1.000,232.70,232.85,2500.000,7500.000,232.60,232.90,7456.000,12158.000,25000.000,42500.000,232.637,232.996,232.545,232.971,0.025,0.135
2017-03-14 11:43:00,232.717,232.644,62.000,99.000,232.80,232.85,2500.000,5000.000,232.65,232.80,189.000,617.000,232.70,232.90,2500.000,2500.000,232.60,232.90,7377.000,16327.000,22500.000,45000.000,232.626,233.000,232.500,232.964,0.100,0.112
2017-03-14 11:44:00,232.670,232.557,2323.000,500.000,232.60,232.70,5000.000,2500.000,232.55,232.70,3986.000,1232.000,232.55,232.75,5000.000,7500.000,232.50,232.75,7862.000,3985.000,20000.000,37500.000,232.541,232.807,232.469,232.813,0.025,0.080
2017-03-14 11:45:00,232.571,232.348,634.000,114.000,232.45,232.50,7500.000,2500.000,232.30,232.50,317.000,166.000,232.35,232.55,7500.000,2500.000,232.25,232.55,15118.000,2291.000,25000.000,32500.000,232.286,232.630,232.220,232.631,0.075,0.041
2017-03-14 11:46:00,232.968,232.813,1011.000,10778.000,232.90,233.00,10000.000,2500.000,232.75,232.95,920.000,151.000,232.85,233.05,5000.000,27500.000,232.70,233.00,9340.000,13967.000,27500.000,40000.000,232.779,233.034,232.673,233.025,0.100,0.013
2017-03-14 11:47:00,232.603,232.490,657.000,194.000,232.65,232.75,2500.000,5000.000,232.55,232.75,202.000,283.000,232.60,232.85,7500.000,2500.000,232.45,232.80,8967.000,19350.000,17500.000,42500.000,232.528,232.993,232.407,232.876,0.050,-0.003
2017-03-14 11:48:00,232.629,232.674,43.000,45.000,232.70,232.75,2500.000,2500.000,232.60,232.75,416.000,372.000,232.65,232.85,17500.000,2500.000,232.50,232.80,8141.000,20390.000,50000.000,37500.000,232.570,232.991,232.440,232.880,0.050,0.003
2017-03-14 11:49:00,232.618,232.665,869.000,61.000,232.75,232.80,2500.000,7500.000,232.55,232.75,220.000,546.000,232.65,232.85,17500.000,2500.000,232.50,232.80,7298.000,21761.000,45000.000,37500.000,232.564,232.991,232.442,232.867,0.125,0.009
2017-03-14 11:50:00,232.685,232.654,440.000,571.000,232.80,232.85,7500.000,10000.000,232.55,232.80,1.000,634.000,232.70,232.90,20000.000,10000.000,232.50,232.85,4913.000,21181.000,50000.000,55000.000,232.579,232.996,232.455,232.916,0.150,0.015
2017-03-14 11:51:00,232.717,232.703,254.000,191.000,232.80,232.85,2500.000,2500.000,232.60,232.80,491.000,515.000,232.65,232.90,12500.000,2500.000,232.55,232.85,11344.000,18460.000,52500.000,42500.000,232.565,233.000,232.486,232.959,0.125,0.015
2017-03-14 11:52:00,232.763,232.730,326.000,241.000,232.85,232.90,2500.000,2500.000,232.70,232.85,4797.000,171.000,232.70,232.95,5000.000,2500.000,232.65,232.90,8222.000,16720.000,27500.000,52500.000,232.661,233.002,232.568,232.981,0.100,-0.001
2017-03-14 11:53:00,232.731,232.745,2044.000,303.000,232.80,232.85,5000.000,7500.000,232.65,232.85,50.000,152.000,232.75,232.90,7500.000,10000.000,232.60,232.90,5127.000,14341.000,45000.000,57500.000,232.707,232.995,232.525,232.961,0.075,0.007
2017-03-14 11:54:00,232.754,232.775,1500.000,51.000,232.80,232.85,7500.000,2500.000,232.70,232.90,130.000,545.000,232.75,232.95,7500.000,7500.000,232.65,232.95,4641.000,16119.000,35000.000,55000.000,232.714,233.019,232.593,233.014,0.025,0.021
2017-03-14 11:55:00,232.898,232.833,1701.000,20.000,232.90,232.95,7500.000,2500.000,232.80,232.95,560.000,12998.000,232.85,233.00,10000.000,30000.000,232.75,233.00,7143.000,15414.000,27500.000,47500.000,232.806,233.019,232.714,233.021,0.050,0.025
2017-03-14 11:56:00,232.768,232.756,123.000,40.000,232.65,232.70,5000.000,2500.000,232.60,232.75,412.000,47.000,232.60,232.75,7500.000,5000.000,232.55,232.80,4215.000,1539.000,47500.000,20000.000,232.517,232.925,232.484,232.856,0.000,0.013
2017-03-14 11:57:00,232.695,232.742,2108.000,27.000,232.75,232.80,5000.000,7500.000,232.65,232.85,582.000,397.000,232.70,232.90,7500.000,12500.000,232.60,232.90,5214.000,11802.000,45000.000,60000.000,232.676,232.998,232.528,232.956,0.025,0.038
2017-03-14 11:58:00,232.769,232.744,273.000,54.000,232.80,232.85,2500.000,2500.000,232.65,232.80,1688.000,700.000,232.75,232.95,2500.000,2500.000,232.60,232.90,3978.000,12057.000,35000.000,42500.000,232.695,233.008,232.507,232.974,0.100,0.048
2017-03-14 11:59:00,232.825,232.775,809.000,62.000,232.80,232.95,2500.000,2500.000,232.70,232.80,1693.000,6676.000,232.75,233.00,5000.000,7500.000,232.65,232.90,5733.000,11307.000,35000.000,45000.000,232.696,233.041,232.561,232.975,0.125,0.080
2017-03-14 12:00:00,232.760,232.678,1555.000,1.000,232.75,232.85,5000.000,10000.000,232.60,232.80,171.000,947.000,232.70,232.95,5000.000,2500.000,232.55,232.85,4932.000,8796.000,40000.000,45000.000,232.657,233.012,232.481,232.936,0.100,0.088
2017-03-14 12:01:00,232.706,232.750,1391.000,14.000,232.75,232.80,5000.000,2500.000,232.60,232.75,138.000,5.000,232.70,232.90,5000.000,5000.000,232.55,232.80,5079.000,10323.000,45000.000,20000.000,232.646,233.008,232.483,232.863,0.100,0.120
2017-03-14 12:02:00,232.784,232.708,359.000,4.000,232.80,232.85,7500.000,7500.000,232.65,232.80,705.000,60.000,232.75,232.90,5000.000,2500.000,232.60,232.85,5092.000,7634.000,40000.000,42500.000,232.666,232.999,232.534,232.938,0.100,0.114
2017-03-14 12:03:00,232.856,232.782,189.000,10.000,232.85,232.90,2500.000,2500.000,232.70,232.85,60.000,27.000,232.80,232.95,5000.000,10000.000,232.65,232.95,3745.000,6510.000,30000.000,47500.000,232.693,233.010,232.567,232.995,0.100,0.120
2017-03-14 12:04:00,232.995,232.784,19.000,6441.000,232.95,233.00,5000.000,5000.000,232.75,232.95,180.000,2.000,232.90,233.05,5000.000,32500.000,232.70,233.00,3056.000,7666.000,17500.000,45000.000,232.781,233.024,232.671,233.011,0.125,0.066
2017-03-14 12:05:00,232.892,232.769,805.000,6130.000,232.85,233.00,2500.000,7500.000,232.75,232.90,422.000,306.000,232.75,233.05,2500.000,5000.000,232.70,232.95,4481.000,9119.000,30000.000,55000.000,232.694,233.051,232.567,232.991,0.100,0.039
2017-03-14 12:06:00,232.881,232.763,242.000,35.000,232.90,232.95,5000.000,2500.000,232.75,232.90,546.000,5263.000,232.85,233.00,2500.000,7500.000,232.70,232.95,2315.000,6912.000,20000.000,45000.000,232.776,233.034,232.644,232.994,0.100,0.039
2017-03-14 12:07:00,232.792,232.746,584.000,41.000,232.85,232.90,2500.000,2500.000,232.70,232.90,67.000,7654.000,232.75,233.00,5000.000,10000.000,232.65,232.95,2685.000,10112.000,27500.000,57500.000,232.688,233.030,232.568,233.020,0.075,0.030
2017-03-14 12:08:00,232.828,232.725,66.000,19.000,232.85,232.90,2500.000,2500.000,232.75,232.90,3220.000,7015.000,232.75,233.00,2500.000,10000.000,232.70,232.95,4996.000,9439.000,15000.000,60000.000,232.714,233.032,232.633,233.019,0.050,0.026
2017-03-14 12:09:00,232.658,232.720,591.000,105.000,232.75,232.80,7500.000,2500.000,232.65,232.85,468.000,5.000,232.70,232.85,7500.000,10000.000,232.60,232.90,4742.000,11519.000,40000.000,52500.000,232.655,232.989,232.537,232.979,0.025,0.023
2017-03-14 12:10:00,232.723,232.734,113.000,19.000,232.75,232.80,2500.000,5000.000,232.70,232.85,2623.000,373.000,232.70,232.90,7500.000,10000.000,232.65,232.90,6992.000,12772.000,35000.000,60000.000,232.655,232.998,232.571,232.975,0.000,0.034
2017-03-14 12:11:00,232.852,232.734,10.000,64.000,232.90,232.95,2500.000,5000.000,232.70,232.85,59.000,17884.000,232.85,233.00,7500.000,5000.000,232.65,232.90,2357.000,22133.000,32500.000,55000.000,232.799,233.019,232.569,232.980,0.150,0.046
2017-03-14 12:12:00,232.721,232.719,2326.000,18.000,232.80,232.85,2500.000,5000.000,232.70,232.85,114.000,51.000,232.75,232.90,2500.000,7500.000,232.65,232.90,6921.000,20050.000,30000.000,62500.000,232.716,233.002,232.562,232.974,0.050,0.076
2017-03-14 12:13:00,232.804,232.718,17.000,48.000,232.85,232.90,2500.000,2500.000,232.75,232.85,2110.000,998.000,232.80,232.95,5000.000,7500.000,232.70,232.90,6293.000,21369.000,22500.000,60000.000,232.748,233.005,232.639,232.979,0.075,0.090
2017-03-14 12:14:00,232.651,232.728,591.000,3.000,232.75,232.80,5000.000,5000.000,232.65,232.85,1745.000,480.000,232.70,232.85,7500.000,7500.000,232.60,232.90,7296.000,18905.000,50000.000,67500.000,232.653,232.994,232.520,232.972,0.025,0.127
2017-03-14 12:15:00,232.841,232.800,588.000,718.000,232.85,232.95,5000.000,7500.000,232.70,232.90,196.000,16669.000,232.80,233.00,5000.000,7500.000,232.65,232.95,5050.000,20631.000,40000.000,57500.000,232.716,233.018,232.559,232.996,0.100,0.137
2017-03-14 12:16:00,232.960,232.783,906.000,16673.000,232.95,233.00,2500.000,5000.000,232.80,232.90,1413.000,2.000,232.90,233.05,2500.000,7500.000,232.75,232.95,5172.000,20473.000,20000.000,60000.000,232.837,233.029,232.681,232.996,0.125,0.142
2017-03-14 12:17:00,232.959,232.805,935.000,16583.000,232.95,233.00,5000.000,7500.000,232.80,232.95,1413.000,2.000,232.90,233.05,2500.000,40000.000,232.75,233.00,4833.000,20009.000,17500.000,60000.000,232.842,233.027,232.714,233.012,0.100,0.149
2017-03-14 12:18:00,232.959,232.804,392.000,13633.000,232.95,233.00,2500.000,17500.000,232.80,232.95,1413.000,2.000,232.90,233.05,2500.000,40000.000,232.75,233.00,4255.000,17060.000,17500.000,72500.000,232.829,233.032,232.700,233.005,0.100,0.137
2017-03-14 12:19:00,232.924,232.815,1127.000,13826.000,232.90,233.00,5000.000,15000.000,232.80,232.95,2721.000,306.000,232.80,233.05,5000.000,42500.000,232.75,233.00,6897.000,17564.000,22500.000,67500.000,232.762,233.033,232.694,233.004,0.075,0.145
2017-03-14 12:20:00,232.825,232.734,382.000,5.000,232.90,232.95,5000.000,2500.000,232.75,232.90,60.000,13661.000,232.80,233.00,5000.000,15000.000,232.70,232.95,2998.000,17396.000,17500.000,60000.000,232.696,233.024,232.671,232.998,0.100,0.169
2017-03-14 12:21:00,232.933,232.732,162.000,13249.000,232.95,233.00,5000.000,2500.000,232.75,232.90,38.000,311.000,232.90,233.05,2500.000,12500.000,232.70,232.95,3027.000,17382.000,17500.000,57500.000,232.689,233.036,232.664,232.996,0.150,0.180
2017-03-14 12:22:00,233.235,233.046,179.000,2.000,233.15,233.20,10000.000,7500.000,233.05,233.25,243.000,290.000,233.10,233.25,2500.000,2500.000,233.00,233.30,4217.000,1783.000,27500.000,35000.000,233.017,233.346,232.873,233.371,0.025,0.182
2017-03-14 12:23:00,233.205,233.109,1792.000,3.000,233.05,233.15,2500.000,10000.000,233.05,233.20,582.000,628.000,233.00,233.20,2500.000,5000.000,233.00,233.25,8104.000,2190.000,15000.000,25000.000,232.918,233.280,232.942,233.290,-0.025,0.200
2017-03-14 12:24:00,233.078,232.931,62.000,31.000,233.05,233.10,2500.000,2500.000,232.90,233.00,56.000,589.000,232.95,233.15,2500.000,2500.000,232.85,233.05,9654.000,6104.000,22500.000,22500.000,232.887,233.237,232.767,233.128,0.125,0.211
2017-03-14 12:25:00,233.287,233.074,14.000,550.000,233.20,233.25,2500.000,2500.000,233.05,233.10,444.000,845.000,233.15,233.30,2500.000,2500.000,233.00,233.20,7450.000,5028.000,20000.000,22500.000,233.024,233.369,232.887,233.278,0.150,0.194
2017-03-14 12:26:00,233.233,232.981,138.000,11.000,233.10,233.15,2500.000,2500.000,232.95,233.10,453.000,1676.000,233.05,233.20,2500.000,7500.000,232.90,233.15,12542.000,3983.000,15000.000,25000.000,232.942,233.254,232.808,233.200,0.100,0.177
2017-03-14 12:27:00,233.157,232.958,923.000,74.000,233.05,233.10,2500.000,2500.000,232.95,233.10,2927.000,1.000,233.00,233.15,2500.000,7500.000,232.90,233.15,13679.000,3019.000,17500.000,32500.000,232.939,233.239,232.779,233.208,0.050,0.178
2017-03-14 12:28:00,233.149,232.960,872.000,75.000,233.05,233.10,5000.000,2500.000,232.95,233.10,143.000,2.000,233.00,233.15,2500.000,7500.000,232.90,233.15,10691.000,3364.000,20000.000,32500.000,232.925,233.241,232.800,233.204,0.050,0.172
2017-03-14 12:29:00,233.139,232.937,544.000,44.000,233.05,233.10,2500.000,2500.000,233.00,233.05,1692.000,1350.000,233.00,233.20,2500.000,5000.000,232.95,233.10,10987.000,6900.000,17500.000,40000.000,232.927,233.271,232.843,233.188,0.050,0.165
2017-03-14 12:30:00,233.164,233.037,549.000,342.000,233.05,233.15,2500.000,2500.000,233.00,233.15,2088.000,925.000,233.00,233.20,7500.000,12500.000,232.95,233.20,11508.000,4941.000,20000.000,27500.000,232.930,233.282,232.863,233.241,0.025,0.170
2017-03-14 12:31:00,233.170,233.007,415.000,2.000,233.10,233.15,5000.000,2500.000,232.95,233.10,393.000,925.000,233.05,233.20,2500.000,2500.000,232.90,233.15,10570.000,4796.000,17500.000,20000.000,232.985,233.288,232.821,233.225,0.100,0.171
2017-03-14 12:32:00,233.144,232.938,1928.000,1581.000,233.10,233.20,5000.000,2500.000,232.95,233.10,28.000,679.000,233.05,233.25,2500.000,2500.000,232.90,233.15,5795.000,6181.000,15000.000,27500.000,232.998,233.304,232.833,233.236,0.125,0.158
2017-03-14 12:33:00,233.025,232.863,250.000,8.000,233.00,233.10,2500.000,5000.000,232.85,233.00,1441.000,535.000,232.95,233.15,2500.000,5000.000,232.80,233.05,5441.000,7072.000,12500.000,25000.000,232.875,233.229,232.750,233.105,0.125,0.147
2017-03-14 12:34:00,233.114,232.950,2906.000,14.000,232.95,233.00,7500.000,5000.000,232.95,233.10,801.000,1.000,232.90,233.05,2500.000,7500.000,232.90,233.15,12612.000,3625.000,17500.000,32500.000,232.820,233.238,232.850,233.185,-0.050,0.131
2017-03-14 12:35:00,233.159,233.004,253.000,37.000,233.10,233.15,7500.000,2500.000,233.00,233.15,2440.000,2009.000,233.00,233.20,2500.000,15000.000,232.95,233.20,8239.000,4726.000,20000.000,37500.000,232.913,233.269,232.850,233.247,0.050,0.121
2017-03-14 12:36:00,233.208,233.040,404.000,2194.000,233.15,233.20,10000.000,15000.000,233.00,233.20,3084.000,363.000,233.00,233.25,2500.000,5000.000,232.95,233.25,9348.000,5546.000,20000.000,32500.000,232.923,233.291,232.894,233.273,0.075,0.122
2017-03-14 12:37:00,233.169,233.025,2484.000,684.000,233.10,233.25,5000.000,7500.000,233.05,233.20,2412.000,522.000,233.05,233.30,7500.000,2500.000,233.00,233.25,7810.000,5675.000,20000.000,30000.000,233.035,233.382,232.919,233.292,0.050,0.100
2017-03-14 12:38:00,233.266,233.161,1459.000,422.000,233.25,233.30,5000.000,2500.000,233.15,233.30,788.000,78.000,233.20,233.35,7500.000,2500.000,233.10,233.35,6469.000,4501.000,22500.000,25000.000,233.153,233.474,233.050,233.430,0.050,0.085
2017-03-14 12:39:00,233.224,233.139,168.000,593.000,233.25,233.30,10000.000,2500.000,233.10,233.25,803.000,148.000,233.20,233.35,5000.000,5000.000,233.05,233.30,4618.000,7453.000,27500.000,20000.000,233.109,233.461,232.968,233.356,0.100,0.076
2017-03-14 12:40:00,233.166,233.061,26.000,894.000,233.10,233.25,5000.000,2500.000,233.05,233.10,220.000,1240.000,233.05,233.30,2500.000,10000.000,233.00,233.20,5550.000,6908.000,20000.000,25000.000,232.967,233.359,232.881,233.230,0.100,0.065
2017-03-14 12:41:00,233.201,233.031,183.000,1.000,233.05,233.10,2500.000,5000.000,233.00,233.15,763.000,25.000,233.00,233.15,5000.000,7500.000,232.95,233.20,6103.000,1235.000,17500.000,27500.000,232.884,233.269,232.843,233.250,-0.000,0.042
2017-03-14 12:42:00,233.021,232.986,611.000,677.000,232.95,233.10,2500.000,5000.000,232.90,233.10,501.000,371.000,232.90,233.15,2500.000,5000.000,232.85,233.15,4450.000,4898.000,20000.000,25000.000,232.808,233.230,232.781,233.190,0.025,0.054
2017-03-14 12:43:00,233.008,232.977,2936.000,60.000,233.00,233.10,2500.000,2500.000,233.00,233.05,534.000,66.000,232.95,233.15,2500.000,5000.000,232.95,233.15,6003.000,5964.000,15000.000,35000.000,232.930,233.254,232.900,233.225,0.025,0.066
2017-03-14 12:44:00,233.133,233.097,32.000,417.000,233.05,233.20,7500.000,2500.000,233.00,233.15,809.000,326.000,233.00,233.25,5000.000,5000.000,232.95,233.20,5151.000,5493.000,25000.000,17500.000,232.885,233.333,232.890,233.257,0.050,0.091
2017-03-14 12:45:00,233.148,233.097,2513.000,1.000,233.05,233.10,2500.000,7500.000,233.05,233.20,532.000,90.000,233.00,233.15,5000.000,10000.000,233.00,233.25,7880.000,1973.000,17500.000,30000.000,232.936,233.266,232.921,233.287,-0.050,0.079
2017-03-14 12:46:00,233.172,233.114,260.000,6.000,233.15,233.20,5000.000,7500.000,233.05,233.25,2297.000,270.000,233.05,233.25,10000.000,7500.000,233.00,233.30,5196.000,3036.000,22500.000,30000.000,233.004,233.345,232.967,233.329,0.025,0.107
2017-03-14 12:47:00,233.116,233.021,165.000,1.000,233.05,233.15,5000.000,2500.000,233.00,233.10,2523.000,631.000,233.00,233.20,2500.000,2500.000,232.95,233.15,7893.000,6519.000,17500.000,30000.000,232.909,233.296,232.900,233.208,0.050,0.097
2017-03-14 12:48:00,233.180,233.089,158.000,100.000,233.15,233.20,2500.000,7500.000,233.05,233.20,2372.000,64.000,233.05,233.25,2500.000,2500.000,233.00,233.25,5811.000,3292.000,17500.000,30000.000,232.992,233.349,232.950,233.392,0.050,0.109
2017-03-14 12:49:00,233.260,233.098,139.000,815.000,233.20,233.30,5000.000,2500.000,233.10,233.30,123.000,150.000,233.15,233.35,7500.000,2500.000,233.05,233.35,7069.000,6054.000,22500.000,37500.000,233.054,233.458,233.006,233.433,0.050,0.082
2017-03-14 12:50:00,233.188,233.197,116.000,313.000,233.20,233.30,2500.000,2500.000,233.15,233.25,2468.000,150.000,233.15,233.35,2500.000,5000.000,233.10,233.30,6069.000,9016.000,20000.000,22500.000,233.075,233.471,233.037,233.350,0.050,0.107
2017-03-14 12:51:00,233.219,233.025,2780.000,373.000,232.95,233.20,2500.000,5000.000,232.95,233.10,810.000,419.000,232.90,233.25,5000.000,2500.000,232.90,233.15,12414.000,3377.000,20000.000,20000.000,232.824,233.322,232.838,233.213,0.050,0.078
2017-03-14 12:52:00,233.098,233.050,3340.000,1.000,233.00,233.10,5000.000,5000.000,233.00,233.15,1593.000,63.000,232.95,233.20,7500.000,15000.000,232.95,233.20,7823.000,2774.000,25000.000,27500.000,232.935,233.322,232.825,233.218,-0.025,0.076
2017-03-14 12:53:00,233.012,232.861,181.000,3.000,232.90,232.95,2500.000,5000.000,232.85,233.00,3042.000,192.000,232.85,233.00,5000.000,5000.000,232.80,233.05,6410.000,1416.000,17500.000,27500.000,232.803,233.149,232.743,233.114,0.000,0.073
2017-03-14 12:54:00,232.910,232.884,166.000,208.000,232.90,233.00,2500.000,5000.000,232.85,233.00,2448.000,169.000,232.85,233.10,5000.000,5000.000,232.80,233.05,5651.000,7867.000,17500.000,30000.000,232.800,233.210,232.757,233.088,0.025,0.082
2017-03-14 12:55:00,233.137,233.018,90.000,138.000,233.10,233.20,5000.000,5000.000,233.00,233.15,6.000,115.000,233.05,233.25,5000.000,5000.000,232.95,233.20,3853.000,3940.000,20000.000,27500.000,232.972,233.350,232.869,233.273,0.075,0.076
2017-03-14 12:56:00,232.954,232.907,24.000,60.000,232.90,233.05,2500.000,2500.000,232.85,233.00,2595.000,421.000,232.85,233.10,5000.000,5000.000,232.80,233.05,6098.000,5498.000,17500.000,20000.000,232.796,233.218,232.757,233.106,0.050,0.094
2017-03-14 12:57:00,232.979,232.944,3612.000,372.000,232.85,233.00,2500.000,5000.000,232.85,233.00,1282.000,251.000,232.80,233.10,7500.000,7500.000,232.80,233.05,12959.000,6995.000,20000.000,20000.000,232.748,233.212,232.762,233.094,0.000,0.101
2017-03-14 12:58:00,232.996,232.857,69.000,1364.000,232.95,233.00,5000.000,2500.000,232.80,232.90,221.000,591.000,232.90,233.05,5000.000,15000.000,232.75,233.00,5045.000,5287.000,22500.000,27500.000,232.804,233.098,232.678,233.045,0.125,0.111
2017-03-14 12:59:00,232.948,232.876,181.000,279.000,232.90,232.95,2500.000,2500.000,232.85,232.95,3373.000,510.000,232.85,233.00,7500.000,7500.000,232.80,233.00,6610.000,3289.000,25000.000,27500.000,232.804,233.099,232.740,233.055,0.025,0.129
2017-03-14 13:00:00,232.964,232.876,3159.000,3.000,232.85,232.90,2500.000,5000.000,232.85,232.95,560.000,744.000,232.80,233.00,5000.000,10000.000,232.80,233.00,10510.000,3234.000,22500.000,30000.000,232.738,233.104,232.717,233.042,-0.025,0.135
2017-03-14 13:01:00,232.997,232.861,190.000,711.000,232.95,233.00,2500.000,2500.000,232.85,232.95,161.000,66.000,232.90,233.05,5000.000,7500.000,232.80,233.00,5488.000,4155.000,17500.000,27500.000,232.819,233.131,232.757,233.055,0.075,0.139
2017-03-14 13:02:00,233.037,232.968,152.000,83.000,233.05,233.10,2500.000,2500.000,232.95,233.00,1745.000,1404.000,233.00,233.15,5000.000,2500.000,232.90,233.10,5603.000,8138.000,17500.000,25000.000,232.948,233.227,232.843,233.155,0.100,0.152
2017-03-14 13:03:00,233.224,233.033,286.000,101.000,233.15,233.20,2500.000,5000.000,233.05,233.20,481.000,21.000,233.10,233.25,7500.000,5000.000,233.00,233.25,7221.000,2892.000,17500.000,35000.000,233.034,233.358,232.943,233.371,0.050,0.128
2017-03-14 13:04:00,233.217,233.056,26.000,430.000,233.20,233.25,2500.000,2500.000,233.00,233.15,15.000,589.000,233.15,233.30,2500.000,7500.000,232.95,233.20,3429.000,5210.000,17500.000,22500.000,233.009,233.381,232.900,233.261,0.150,0.131
2017-03-14 13:05:00,233.072,232.953,19.000,482.000,233.10,233.15,2500.000,2500.000,232.90,233.00,103.000,1092.000,233.00,233.20,5000.000,5000.000,232.85,233.10,3573.000,6524.000,17500.000,20000.000,232.900,233.256,232.793,233.150,0.175,0.149
2017-03-14 13:06:00,233.155,233.000,151.000,2.000,233.10,233.15,2500.000,2500.000,232.95,233.10,62.000,360.000,233.05,233.20,2500.000,2500.000,232.90,233.15,4522.000,2923.000,15000.000,22500.000,232.955,233.312,232.833,233.211,0.100,0.132
2017-03-14 13:07:00,233.222,233.089,94.000,5.000,233.10,233.20,2500.000,2500.000,233.05,233.20,2897.000,59.000,233.05,233.25,10000.000,2500.000,233.00,233.25,7617.000,2022.000,25000.000,22500.000,233.000,233.373,232.905,233.311,0.025,0.139
2017-03-14 13:08:00,233.199,233.125,547.000,689.000,233.20,233.30,2500.000,2500.000,233.10,233.25,2474.000,178.000,233.10,233.35,2500.000,7500.000,233.05,233.30,8228.000,8757.000,17500.000,27500.000,233.036,233.459,232.986,233.350,0.075,0.145
2017-03-14 13:09:00,233.272,233.100,198.000,51.000,233.20,233.25,2500.000,5000.000,233.05,233.25,67.000,329.000,233.10,233.30,10000.000,7500.000,233.00,233.30,7031.000,2944.000,20000.000,30000.000,233.009,233.415,232.969,233.371,0.075,0.157
2017-03-14 13:10:00,233.243,233.033,2660.000,536.000,233.05,233.20,10000.000,2500.000,233.00,233.20,2953.000,2267.000,233.00,233.25,2500.000,15000.000,232.95,233.25,14782.000,4174.000,22500.000,37500.000,232.930,233.283,232.928,233.297,0.025,0.137
2017-03-14 13:11:00,233.048,232.975,654.000,4.000,233.00,233.05,2500.000,5000.000,232.95,233.05,2398.000,60.000,232.95,233.15,5000.000,2500.000,232.90,233.15,8649.000,7259.000,15000.000,25000.000,232.886,233.246,232.858,233.190,0.025,0.142
2017-03-14 13:12:00,233.282,233.115,244.000,1.000,233.20,233.25,5000.000,2500.000,233.10,233.25,476.000,21.000,233.15,233.30,2500.000,5000.000,233.05,233.30,7209.000,2974.000,20000.000,30000.000,233.058,233.434,232.988,233.363,0.050,0.132
2017-03-14 13:13:00,233.170,233.067,211.000,8.000,233.10,233.20,2500.000,5000.000,233.05,233.20,2623.000,121.000,233.05,233.30,5000.000,7500.000,233.00,233.25,5388.000,3685.000,20000.000,30000.000,233.009,233.428,232.900,233.300,0.025,0.138
2017-03-14 13:14:00,233.252,233.017,676.000,28.000,233.10,233.20,2500.000,2500.000,233.00,233.15,2901.000,64.000,233.00,233.25,5000.000,7500.000,232.95,233.20,11294.000,2813.000,17500.000,35000.000,232.912,233.354,232.879,233.250,0.075,0.131
2017-03-14 13:15:00,233.301,233.192,2960.000,4.000,233.20,233.25,5000.000,2500.000,233.20,233.30,539.000,60.000,233.15,233.30,5000.000,2500.000,233.15,233.35,9496.000,1989.000,20000.000,30000.000,233.090,233.433,233.106,233.417,-0.025,0.144
2017-03-14 13:16:00,233.246,233.150,874.000,50.000,233.25,233.30,2500.000,10000.000,233.15,233.30,2560.000,131.000,233.20,233.35,5000.000,2500.000,233.10,233.35,8090.000,7108.000,17500.000,42500.000,233.156,233.474,233.043,233.394,0.050,0.145
2017-03-14 13:17:00,233.254,233.137,1506.000,10.000,233.20,233.25,2500.000,5000.000,233.15,233.20,2308.000,78.000,233.15,233.30,2500.000,5000.000,233.10,233.30,8827.000,4145.000,15000.000,32500.000,233.092,233.418,233.033,233.346,0.050,0.143
2017-03-14 13:18:00,233.253,233.118,2108.000,208.000,233.20,233.25,2500.000,2500.000,233.15,233.20,2469.000,78.000,233.15,233.30,2500.000,5000.000,233.10,233.30,9612.000,4351.000,15000.000,35000.000,233.100,233.411,233.025,233.364,0.050,0.150
2017-03-14 13:19:00,233.268,233.068,1039.000,440.000,233.25,233.30,2500.000,5000.000,233.10,233.30,93.000,65.000,233.15,233.35,2500.000,5000.000,233.05,233.35,7756.000,5182.000,17500.000,37500.000,233.082,233.470,232.921,233.423,0.075,0.130
2017-03-14 13:20:00,233.290,233.119,943.000,113.000,233.25,233.30,5000.000,5000.000,233.15,233.30,2658.000,5.000,233.15,233.35,2500.000,2500.000,233.10,233.35,9859.000,4865.000,17500.000,35000.000,233.081,233.483,233.021,233.432,0.050,0.122
2017-03-14 13:21:00,233.252,233.150,800.000,20.000,233.25,233.30,2500.000,2500.000,233.15,233.20,2772.000,67.000,233.15,233.35,5000.000,5000.000,233.10,233.30,9006.000,6316.000,17500.000,20000.000,233.091,233.479,233.014,233.350,0.100,0.120
2017-03-14 13:22:00,233.260,233.155,1213.000,210.000,233.25,233.30,5000.000,2500.000,233.20,233.30,2468.000,7.000,233.20,233.35,2500.000,2500.000,233.15,233.35,6884.000,5163.000,17500.000,35000.000,233.148,233.479,233.086,233.436,0.025,0.128
2017-03-14 13:23:00,233.257,233.084,1083.000,250.000,233.25,233.30,2500.000,2500.000,233.15,233.30,253.000,67.000,233.20,233.35,5000.000,2500.000,233.10,233.35,6319.000,5519.000,15000.000,40000.000,233.133,233.475,233.033,233.438,0.050,0.141
2017-03-14 13:24:00,233.321,233.222,569.000,166.000,233.30,233.40,2500.000,2500.000,233.25,233.40,2650.000,187.000,233.25,233.45,7500.000,5000.000,233.20,233.45,5183.000,5519.000,17500.000,50000.000,233.217,233.532,233.157,233.537,0.025,0.161
2017-03-14 13:25:00,233.326,233.198,45.000,915.000,233.35,233.40,2500.000,2500.000,233.25,233.30,266.000,237.000,233.30,233.45,7500.000,5000.000,233.20,233.35,4389.000,9073.000,20000.000,32500.000,233.235,233.515,233.156,233.442,0.100,0.164
2017-03-14 13:26:00,233.294,233.202,1863.000,30.000,233.30,233.35,5000.000,5000.000,233.25,233.35,3271.000,180.000,233.25,233.40,5000.000,7500.000,233.20,233.40,7267.000,5496.000,20000.000,52500.000,233.234,233.517,233.144,233.495,0.025,0.169
2017-03-14 13:27:00,233.306,233.161,1252.000,38.000,233.25,233.35,2500.000,5000.000,233.20,233.30,4261.000,180.000,233.20,233.40,5000.000,5000.000,233.15,233.35,8183.000,4841.000,20000.000,35000.000,233.169,233.506,233.069,233.418,0.050,0.189
2017-03-14 13:28:00,233.338,233.095,75.000,180.000,233.35,233.40,5000.000,2500.000,233.15,233.30,22.000,609.000,233.30,233.45,5000.000,2500.000,233.10,233.35,3531.000,6848.000,20000.000,32500.000,233.177,233.534,233.019,233.435,0.150,0.185
2017-03-14 13:29:00,233.342,233.142,265.000,233.000,233.30,233.40,7500.000,2500.000,233.20,233.35,1116.000,236.000,233.25,233.45,5000.000,5000.000,233.15,233.40,5835.000,5392.000,20000.000,45000.000,233.199,233.531,233.113,233.500,0.075,0.192
2017-03-14 13:30:00,233.221,233.077,3030.000,50.000,233.10,233.25,5000.000,5000.000,233.10,233.25,1064.000,421.000,233.05,233.30,2500.000,5000.000,233.05,233.30,10014.000,4150.000,15000.000,35000.000,233.019,233.396,233.000,233.357,0.000,0.201
2017-03-14 13:31:00,233.308,233.192,117.000,4.000,233.30,233.35,2500.000,5000.000,233.25,233.30,3169.000,608.000,233.25,233.40,5000.000,7500.000,233.20,233.35,8804.000,9302.000,17500.000,45000.000,233.183,233.492,233.129,233.425,0.050,0.219
2017-03-14 13:32:00,233.392,233.146,628.000,21.000,233.35,233.40,5000.000,2500.000,233.25,233.35,295.000,144.000,233.30,233.45,7500.000,5000.000,233.20,233.40,8441.000,6907.000,22500.000,42500.000,233.210,233.539,233.111,233.503,0.075,0.212
2017-03-14 13:33:00,233.432,233.211,545.000,348.000,233.35,233.40,2500.000,5000.000,233.25,233.45,295.000,67.000,233.30,233.45,7500.000,20000.000,233.20,233.50,8360.000,4645.000,17500.000,52500.000,233.208,233.517,233.121,233.555,0.025,0.208
2017-03-14 13:34:00,233.425,233.193,930.000,10.000,233.35,233.40,2500.000,2500.000,233.25,233.35,1415.000,167.000,233.30,233.45,5000.000,5000.000,233.20,233.40,10195.000,5045.000,15000.000,40000.000,233.222,233.532,233.150,233.503,0.075,0.202
2017-03-14 13:35:00,233.428,233.237,117.000,168.000,233.40,233.45,5000.000,5000.000,233.25,233.45,40.000,2764.000,233.35,233.50,5000.000,27500.000,233.20,233.50,5257.000,6131.000,17500.000,57500.000,233.259,233.563,233.164,233.554,0.075,0.202
2017-03-14 13:36:00,233.434,233.228,529.000,42.000,233.35,233.40,5000.000,5000.000,233.25,233.40,1771.000,150.000,233.30,233.45,5000.000,5000.000,233.20,233.45,9994.000,4509.000,17500.000,40000.000,233.220,233.527,233.164,233.516,0.050,0.184
2017-03-14 13:37:00,233.380,233.172,1362.000,3.000,233.30,233.35,5000.000,2500.000,233.20,233.35,103.000,44.000,233.25,233.40,5000.000,12500.000,233.15,233.40,9810.000,3884.000,17500.000,40000.000,233.177,233.505,233.100,233.459,0.050,0.191
2017-03-14 13:38:00,233.355,233.150,116.000,208.000,233.35,233.40,7500.000,2500.000,233.20,233.30,828.000,265.000,233.30,233.45,5000.000,2500.000,233.15,233.35,7662.000,7613.000,20000.000,37500.000,233.177,233.523,233.119,233.440,0.125,0.193
2017-03-14 13:39:00,233.387,233.185,923.000,215.000,233.30,233.40,2500.000,7500.000,233.25,233.40,2725.000,105.000,233.25,233.45,7500.000,5000.000,233.20,233.45,9067.000,5086.000,20000.000,55000.000,233.191,233.529,233.094,233.511,0.025,0.197
2017-03-14 13:40:00,233.393,233.202,86.000,215.000,233.35,233.40,2500.000,7500.000,233.25,233.40,179.000,165.000,233.30,233.45,7500.000,7500.000,233.20,233.45,6593.000,5764.000,20000.000,47500.000,233.203,233.533,233.094,233.508,0.050,0.196
2017-03-14 13:41:00,233.442,233.327,1295.000,186.000,233.40,233.45,2500.000,5000.000,233.35,233.45,2497.000,2505.000,233.35,233.50,2500.000,20000.000,233.30,233.50,8066.000,5491.000,15000.000,50000.000,233.301,233.564,233.233,233.540,0.025,0.227
2017-03-14 13:42:00,233.439,233.198,60.000,65.000,233.40,233.45,2500.000,5000.000,233.25,233.35,2537.000,2616.000,233.30,233.50,7500.000,5000.000,233.20,233.40,9744.000,6759.000,20000.000,37500.000,233.216,233.570,233.106,233.463,0.125,0.219
2017-03-14 13:43:00,233.390,233.177,2190.000,12.000,233.30,233.40,2500.000,5000.000,233.25,233.40,2498.000,3035.000,233.25,233.50,5000.000,2500.000,233.20,233.45,10363.000,7223.000,17500.000,42500.000,233.204,233.569,233.079,233.526,0.025,0.221
2017-03-14 13:44:00,233.471,233.248,83.000,2655.000,233.45,233.50,2500.000,2500.000,233.30,233.45,2075.000,420.000,233.40,233.55,2500.000,20000.000,233.25,233.50,6287.000,7767.000,17500.000,60000.000,233.324,233.604,233.179,233.567,0.100,0.200
2017-03-14 13:45:00,233.614,233.427,156.000,1311.000,233.60,233.70,5000.000,12500.000,233.50,233.60,464.000,240.000,233.55,233.75,7500.000,2500.000,233.40,233.65,6783.000,8598.000,20000.000,57500.000,233.488,233.842,233.387,233.720,0.100,0.209
2017-03-14 13:46:00,233.574,233.302,2685.000,962.000,233.50,233.70,5000.000,2500.000,233.40,233.60,383.000,310.000,233.45,233.75,2500.000,5000.000,233.35,233.65,8568.000,8133.000,15000.000,45000.000,233.417,233.847,233.275,233.744,0.100,0.211
2017-03-14 13:47:00,233.658,233.456,22.000,842.000,233.65,233.70,5000.000,7500.000,233.50,233.70,100.000,310.000,233.60,233.75,2500.000,20000.000,233.45,233.75,4657.000,5537.000,15000.000,62500.000,233.499,233.854,233.375,233.790,0.075,0.226
2017-03-14 13:48:00,233.512,233.290,2414.000,372.000,233.40,233.60,2500.000,12500.000,233.30,233.45,79.000,112.000,233.35,233.65,2500.000,10000.000,233.25,233.50,7831.000,5703.000,12500.000,37500.000,233.308,233.734,233.180,233.530,0.125,0.238
2017-03-14 13:49:00,233.503,233.385,357.000,1.000,233.50,233.55,2500.000,10000.000,233.35,233.45,50.000,5.000,233.45,233.60,7500.000,7500.000,233.30,233.50,6911.000,6691.000,25000.000,32500.000,233.380,233.720,233.260,233.535,0.125,0.262
2017-03-14 13:50:00,233.556,233.326,147.000,6.000,233.55,233.60,5000.000,15000.000,233.30,233.45,1061.000,1261.000,233.50,233.65,7500.000,2500.000,233.25,233.50,5990.000,6751.000,22500.000,35000.000,233.347,233.737,233.194,233.539,0.200,0.262
2017-03-14 13:51:00,233.672,233.389,141.000,98.000,233.55,233.65,2500.000,5000.000,233.40,233.55,3244.000,1147.000,233.50,233.70,2500.000,7500.000,233.35,233.60,8387.000,3299.000,20000.000,47500.000,233.433,233.769,233.275,233.682,0.125,0.254
2017-03-14 13:52:00,233.702,233.426,231.000,10.000,233.60,233.65,2500.000,7500.000,233.45,233.60,392.000,1384.000,233.55,233.70,2500.000,7500.000,233.40,233.65,7862.000,2775.000,20000.000,47500.000,233.472,233.761,233.306,233.716,0.100,0.235
2017-03-14 13:53:00,233.667,233.386,22.000,15.000,233.60,233.65,2500.000,7500.000,233.40,233.55,672.000,2385.000,233.55,233.70,5000.000,10000.000,233.35,233.60,6891.000,4781.000,20000.000,50000.000,233.462,233.758,233.287,233.675,0.150,0.164
2017-03-14 13:54:00,233.653,233.412,238.000,219.000,233.60,233.65,2500.000,5000.000,233.45,233.55,594.000,2385.000,233.55,233.70,10000.000,5000.000,233.40,233.60,7850.000,5694.000,25000.000,50000.000,233.474,233.765,233.345,233.678,0.125,0.106
2017-03-14 13:55:00,233.612,233.382,505.000,60.000,233.55,233.60,7500.000,7500.000,233.40,233.55,3319.000,219.000,233.50,233.65,2500.000,7500.000,233.35,233.60,7850.000,3656.000,20000.000,50000.000,233.449,233.729,233.319,233.667,0.100,0.052
2017-03-14 13:56:00,233.591,233.350,631.000,361.000,233.55,233.60,2500.000,2500.000,233.35,233.50,1244.000,279.000,233.50,233.65,7500.000,7500.000,233.30,233.55,7114.000,6056.000,22500.000,40000.000,233.412,233.732,233.250,233.625,0.150,0.033
2017-03-14 13:57:00,233.436,233.253,62.000,85.000,233.40,233.45,2500.000,2500.000,233.20,233.35,79.000,2194.000,233.30,233.50,2500.000,5000.000,233.15,233.40,7004.000,5951.000,20000.000,25000.000,233.185,233.576,233.044,233.455,0.150,0.039
2017-03-14 13:58:00,232.918,232.995,160.000,50.000,232.85,232.90,2500.000,2500.000,232.70,232.90,150.000,424.000,232.80,233.00,2500.000,5000.000,232.65,232.95,4666.000,3760.000,40000.000,15000.000,232.696,233.111,232.541,233.025,0.075,0.092
2017-03-14 13:59:00,232.604,232.652,477.000,4.000,232.60,232.65,5000.000,2500.000,232.55,232.70,1022.000,114.000,232.55,232.70,10000.000,15000.000,232.50,232.75,5390.000,5370.000,37500.000,32500.000,232.420,232.788,232.447,232.792,0.000,0.154
2017-03-14 14:00:00,232.915,232.955,153.000,1.000,232.90,232.95,2500.000,2500.000,232.80,232.95,296.000,60.000,232.85,233.00,2500.000,5000.000,232.75,233.00,3191.000,3472.000,27500.000,20000.000,232.745,233.110,232.618,233.106,0.050,0.171
2017-03-14 14:01:00,232.996,232.846,1033.000,778.000,233.10,233.15,2500.000,5000.000,232.85,232.95,274.000,1179.000,233.00,233.20,2500.000,5000.000,232.80,233.00,1859.000,8867.000,12500.000,22500.000,233.019,233.253,232.730,233.061,0.225,0.151
2017-03-14 14:02:00,233.248,233.037,804.000,38.000,233.25,233.35,5000.000,2500.000,233.00,233.20,1176.000,110.000,233.20,233.40,2500.000,10000.000,232.95,233.25,4145.000,5485.000,17500.000,22500.000,233.140,233.512,232.829,233.289,0.200,0.130
2017-03-14 14:03:00,233.240,233.053,227.000,446.000,233.25,233.30,5000.000,2500.000,233.10,233.15,2068.000,16.000,233.20,233.35,2500.000,7500.000,233.05,233.20,4678.000,6355.000,15000.000,27500.000,233.143,233.499,232.967,233.268,0.150,0.100
2017-03-14 14:04:00,233.155,232.891,558.000,543.000,233.05,233.25,2500.000,10000.000,232.85,233.00,591.000,444.000,233.00,233.30,2500.000,7500.000,232.80,233.05,4681.000,4212.000,15000.000,27500.000,232.925,233.390,232.708,233.068,0.225,0.040
2017-03-14 14:05:00,232.909,232.863,60.000,1942.000,232.90,232.95,2500.000,2500.000,232.70,232.85,67.000,4131.000,232.85,233.00,2500.000,2500.000,232.65,232.90,3331.000,9052.000,40000.000,20000.000,232.755,233.043,232.553,232.956,0.150,0.023
2017-03-14 14:06:00,232.793,232.748,97.000,456.000,232.85,232.90,10000.000,2500.000,232.60,232.70,67.000,2537.000,232.75,232.95,12500.000,7500.000,232.55,232.80,3927.000,11377.000,52500.000,17500.000,232.657,232.995,232.498,232.829,0.225,0.015
2017-03-14 14:07:00,232.856,232.748,131.000,84.000,232.85,232.90,2500.000,5000.000,232.65,232.80,112.000,1822.000,232.80,232.95,10000.000,7500.000,232.60,232.85,3210.000,6917.000,37500.000,27500.000,232.682,232.992,232.543,232.900,0.150,-0.008
2017-03-14 14:08:00,232.869,232.835,78.000,1713.000,232.90,232.95,2500.000,7500.000,232.70,232.90,728.000,4185.000,232.80,233.00,10000.000,5000.000,232.65,232.95,3402.000,7934.000,35000.000,30000.000,232.734,233.026,232.575,232.988,0.125,-0.019
2017-03-14 14:09:00,232.733,232.771,126.000,5.000,232.75,232.80,2500.000,5000.000,232.65,232.80,928.000,878.000,232.70,232.90,5000.000,2500.000,232.60,232.85,4330.000,8698.000,25000.000,17500.000,232.605,232.996,232.520,232.886,0.050,-0.041
2017-03-14 14:10:00,232.793,232.830,1024.000,105.000,232.80,232.90,2500.000,2500.000,232.70,232.85,222.000,116.000,232.75,232.95,2500.000,2500.000,232.65,232.90,3829.000,7715.000,32500.000,22500.000,232.693,233.013,232.538,232.983,0.075,-0.035
2017-03-14 14:11:00,232.841,232.834,1084.000,767.000,232.70,232.90,2500.000,5000.000,232.70,232.85,541.000,461.000,232.65,232.95,5000.000,2500.000,232.65,232.90,7652.000,6431.000,37500.000,25000.000,232.550,233.008,232.550,232.965,0.025,-0.039
2017-03-14 14:12:00,232.734,232.742,265.000,507.000,232.80,232.90,5000.000,2500.000,232.65,232.80,540.000,858.000,232.75,232.95,5000.000,5000.000,232.60,232.85,1654.000,7843.000,37500.000,25000.000,232.713,233.031,232.527,232.930,0.125,-0.026
2017-03-14 14:13:00,232.896,232.919,123.000,180.000,232.85,232.90,5000.000,5000.000,232.75,232.90,174.000,516.000,232.75,232.95,7500.000,2500.000,232.70,232.95,3757.000,3318.000,72500.000,27500.000,232.621,233.016,232.621,233.023,0.050,-0.012
2017-03-14 14:14:00,232.830,232.976,1150.000,7.000,232.85,232.90,2500.000,2500.000,232.85,232.95,1653.000,420.000,232.80,232.95,2500.000,5000.000,232.80,233.00,3419.000,3745.000,65000.000,40000.000,232.797,233.033,232.631,233.056,-0.025,0.025
2017-03-14 14:15:00,232.950,232.954,212.000,879.000,232.95,233.00,2500.000,2500.000,232.85,232.95,65.000,1853.000,232.90,233.05,5000.000,5000.000,232.80,233.00,4146.000,6374.000,42500.000,22500.000,232.844,233.101,232.726,233.072,0.075,0.047
2017-03-14 14:16:00,233.006,233.021,950.000,399.000,233.05,233.15,2500.000,5000.000,232.90,233.05,865.000,1463.000,233.00,233.20,5000.000,2500.000,232.85,233.10,2591.000,8923.000,42500.000,30000.000,232.991,233.252,232.747,233.188,0.125,0.075
2017-03-14 14:17:00,233.214,233.158,731.000,141.000,233.10,233.20,37500.000,12500.000,233.10,233.25,1201.000,2261.000,233.05,233.25,2500.000,22500.000,233.05,233.30,10769.000,5990.000,52500.000,52500.000,232.977,233.347,233.062,233.321,-0.025,0.074
2017-03-14 14:18:00,233.098,233.048,1268.000,426.000,233.00,233.15,2500.000,5000.000,233.00,233.15,89.000,64.000,232.95,233.20,7500.000,10000.000,232.95,233.20,6323.000,5438.000,20000.000,32500.000,232.851,233.286,232.900,233.238,-0.000,0.077
2017-03-14 14:19:00,233.001,232.967,202.000,2266.000,233.05,233.15,2500.000,10000.000,232.95,233.00,1816.000,1489.000,233.00,233.20,2500.000,2500.000,232.90,233.05,2458.000,11844.000,22500.000,30000.000,232.981,233.244,232.822,233.104,0.125,0.086
2017-03-14 14:20:00,233.093,232.985,2606.000,6.000,233.00,233.05,5000.000,2500.000,232.95,233.10,86.000,130.000,232.95,233.10,2500.000,2500.000,232.90,233.15,8403.000,4007.000,20000.000,30000.000,232.874,233.248,232.844,233.213,0.000,0.084
2017-03-14 14:21:00,233.167,233.041,171.000,431.000,233.15,233.20,7500.000,5000.000,232.95,233.10,25.000,2741.000,233.10,233.25,2500.000,5000.000,232.90,233.15,5022.000,6979.000,45000.000,37500.000,233.007,233.302,232.767,233.217,0.150,0.071
2017-03-14 14:22:00,233.072,233.020,2659.000,4.000,233.10,233.15,20000.000,2500.000,233.05,233.10,59.000,527.000,233.05,233.20,5000.000,2500.000,233.00,233.15,6195.000,6134.000,37500.000,32500.000,233.026,233.296,232.977,233.238,0.050,0.067
2017-03-14 14:23:00,233.189,233.123,2162.000,96.000,233.15,233.20,2500.000,2500.000,233.10,233.15,50.000,615.000,233.10,233.25,22500.000,2500.000,233.05,233.20,5961.000,4008.000,35000.000,25000.000,233.046,233.332,233.029,233.265,0.050,0.076
2017-03-14 14:24:00,233.086,233.009,1954.000,300.000,233.00,233.15,22500.000,2500.000,233.05,233.10,388.000,866.000,232.95,233.20,2500.000,5000.000,233.00,233.15,8747.000,7515.000,32500.000,37500.000,232.882,233.275,233.004,233.223,-0.000,0.094
2017-03-14 14:25:00,233.116,233.020,5696.000,302.000,233.05,233.15,22500.000,2500.000,233.05,233.10,1421.000,1326.000,233.00,233.20,5000.000,5000.000,233.00,233.15,12169.000,7717.000,37500.000,30000.000,232.965,233.271,232.970,233.225,0.025,0.096
2017-03-14 14:26:00,233.049,232.987,59.000,183.000,233.10,233.15,7500.000,5000.000,232.95,233.10,1726.000,1308.000,233.05,233.20,2500.000,10000.000,232.90,233.15,2916.000,6934.000,25000.000,32500.000,233.028,233.274,232.785,233.192,0.100,0.108
2017-03-14 14:27:00,233.055,233.024,291.000,5.000,233.10,233.15,2500.000,7500.000,233.00,233.15,1745.000,430.000,233.05,233.20,5000.000,7500.000,232.95,233.20,3153.000,4626.000,15000.000,27500.000,233.031,233.307,232.883,233.227,0.050,0.121
2017-03-14 14:28:00,233.055,232.943,171.000,304.000,233.10,233.15,2500.000,10000.000,232.95,233.10,1674.000,2121.000,233.05,233.20,2500.000,10000.000,232.90,233.15,3144.000,7667.000,12500.000,40000.000,233.026,233.264,232.840,233.181,0.100,0.130
2017-03-14 14:29:00,233.009,232.839,224.000,280.000,233.05,233.10,7500.000,2500.000,232.85,232.95,960.000,1301.000,233.00,233.15,5000.000,2500.000,232.80,233.00,2670.000,7776.000,20000.000,27500.000,232.929,233.214,232.781,233.091,0.175,0.132
2017-03-14 14:30:00,233.008,232.903,932.000,250.000,233.00,233.05,2500.000,5000.000,232.90,233.05,50.000,5.000,232.95,233.10,5000.000,10000.000,232.85,233.10,4047.000,4024.000,15000.000,35000.000,232.866,233.219,232.792,233.139,0.050,0.164
2017-03-14 14:31:00,233.060,232.936,405.000,605.000,233.10,233.15,5000.000,2500.000,232.95,233.05,13.000,1360.000,233.05,233.20,2500.000,10000.000,232.90,233.10,3921.000,10015.000,17500.000,37500.000,232.998,233.266,232.836,233.157,0.125,0.185
2017-03-14 14:32:00,232.998,232.900,2460.000,500.000,233.00,233.10,7500.000,2500.000,232.90,233.05,63.000,480.000,232.95,233.15,2500.000,10000.000,232.85,233.10,5027.000,7210.000,20000.000,37500.000,232.916,233.232,232.812,233.153,0.075,0.238
2017-03-14 14:33:00,233.155,233.002,106.000,7.000,233.10,233.25,5000.000,7500.000,233.00,233.10,3930.000,1675.000,233.05,233.30,7500.000,5000.000,232.95,233.15,6561.000,6685.000,20000.000,35000.000,233.020,233.367,232.925,233.196,0.125,0.272
2017-03-14 14:34:00,233.597,233.416,1492.000,644.000,233.60,233.80,2500.000,2500.000,233.40,233.50,569.000,419.000,233.55,233.85,2500.000,12500.000,233.35,233.60,10936.000,20936.000,20000.000,35000.000,233.487,233.968,233.238,233.646,0.250,0.270
2017-03-14 14:35:00,233.842,233.577,203.000,3140.000,233.85,233.90,5000.000,10000.000,233.60,233.70,2171.000,258.000,233.80,233.95,5000.000,5000.000,233.55,233.75,6693.000,16540.000,27500.000,55000.000,233.714,233.987,233.455,233.805,0.225,0.281
2017-03-14 14:36:00,234.276,234.047,43.000,1390.000,234.35,234.45,10000.000,5000.000,234.00,234.20,136.000,2400.000,234.30,234.50,2500.000,12500.000,233.95,234.25,3466.000,21338.000,30000.000,45000.000,234.188,234.579,233.908,234.317,0.300,0.273
2017-03-14 14:37:00,234.227,233.866,529.000,1042.000,234.20,234.25,2500.000,5000.000,233.85,233.90,123.000,2171.000,234.10,234.30,7500.000,12500.000,233.80,234.00,8695.000,8246.000,27500.000,35000.000,234.008,234.357,233.727,234.036,0.350,0.236
2017-03-14 14:38:00,234.360,234.033,1508.000,1.000,234.20,234.30,2500.000,5000.000,234.05,234.20,545.000,5.000,234.15,234.35,2500.000,12500.000,234.00,234.25,13952.000,3240.000,20000.000,40000.000,234.060,234.488,233.850,234.306,0.125,0.200
2017-03-14 14:39:00,234.239,234.068,21.000,216.000,234.35,234.40,5000.000,12500.000,234.10,234.25,197.000,66.000,234.30,234.45,2500.000,7500.000,234.05,234.30,4259.000,21197.000,17500.000,52500.000,234.177,234.578,233.979,234.350,0.200,0.212
2017-03-14 14:40:00,234.322,234.006,217.000,11.000,234.25,234.30,2500.000,2500.000,234.00,234.15,123.000,10.000,234.15,234.35,2500.000,10000.000,233.95,234.20,9825.000,4705.000,20000.000,40000.000,234.032,234.485,233.844,234.241,0.200,0.218
2017-03-14 14:41:00,234.296,234.106,84.000,687.000,234.40,234.45,2500.000,2500.000,234.05,234.15,21.000,2524.000,234.35,234.50,2500.000,15000.000,234.00,234.20,2158.000,22167.000,27500.000,37500.000,234.241,234.584,233.895,234.240,0.325,0.231
2017-03-14 14:42:00,234.185,234.009,288.000,157.000,234.25,234.30,2500.000,5000.000,234.00,234.15,505.000,2688.000,234.20,234.45,7500.000,15000.000,233.95,234.20,6300.000,23877.000,17500.000,40000.000,234.084,234.564,233.914,234.241,0.200,0.253
2017-03-14 14:43:00,234.213,234.067,247.000,447.000,234.30,234.40,2500.000,7500.000,234.05,234.15,198.000,2537.000,234.25,234.45,2500.000,15000.000,234.00,234.20,5314.000,24703.000,22500.000,45000.000,234.136,234.563,233.928,234.236,0.250,0.317
2017-03-14 14:44:00,234.013,233.782,843.000,452.000,234.00,234.15,5000.000,7500.000,233.70,233.80,58.000,1526.000,233.95,234.20,5000.000,2500.000,233.65,233.85,3370.000,7522.000,27500.000,22500.000,233.878,234.253,233.582,233.883,0.325,0.370
2017-03-14 14:45:00,234.112,233.767,2.000,633.000,234.10,234.20,2500.000,5000.000,233.80,234.00,264.000,1054.000,234.05,234.25,5000.000,5000.000,233.75,234.05,4246.000,7096.000,27500.000,37500.000,233.954,234.327,233.600,234.143,0.250,0.352
2017-03-14 14:46:00,234.024,233.767,1685.000,66.000,234.00,234.05,5000.000,2500.000,233.70,233.75,503.000,735.000,233.95,234.20,2500.000,2500.000,233.65,233.80,5196.000,6470.000,25000.000,12500.000,233.905,234.276,233.600,233.850,0.300,0.360
2017-03-14 14:47:00,233.986,233.700,1286.000,1.000,234.00,234.05,5000.000,2500.000,233.65,233.75,94.000,2993.000,233.95,234.10,7500.000,7500.000,233.60,233.80,4191.000,6700.000,25000.000,20000.000,233.894,234.171,233.545,233.838,0.325,0.347
2017-03-14 14:48:00,233.426,232.960,281.000,609.000,233.20,233.40,2500.000,2500.000,232.90,233.10,214.000,574.000,233.15,233.45,2500.000,5000.000,232.75,233.15,8421.000,3310.000,25000.000,27500.000,233.044,233.506,232.640,233.309,0.300,0.311
2017-03-14 14:49:00,233.418,232.921,117.000,274.000,233.40,233.45,5000.000,5000.000,232.95,233.15,206.000,719.000,233.35,233.50,2500.000,10000.000,232.90,233.20,3290.000,4695.000,20000.000,52500.000,233.249,233.560,232.831,233.417,0.375,0.270
2017-03-14 14:50:00,233.241,232.988,153.000,250.000,233.15,233.20,5000.000,7500.000,232.80,233.00,241.000,100.000,233.10,233.25,2500.000,5000.000,232.75,233.05,5386.000,2651.000,32500.000,27500.000,232.994,233.342,232.588,233.164,0.275,0.287
2017-03-14 14:51:00,233.387,233.088,722.000,40.000,233.20,233.25,2500.000,2500.000,232.95,233.10,453.000,5.000,233.15,233.30,37500.000,2500.000,232.90,233.15,9636.000,851.000,47500.000,12500.000,233.034,233.398,232.874,233.200,0.200,0.300
2017-03-14 14:52:00,233.469,233.250,159.000,111.000,233.40,233.45,2500.000,2500.000,233.10,233.25,564.000,13.000,233.35,233.50,5000.000,2500.000,233.00,233.30,6169.000,3620.000,47500.000,20000.000,233.262,233.586,232.921,233.369,0.250,0.322
2017-03-14 14:53:00,233.410,233.123,241.000,21.000,233.35,233.40,5000.000,2500.000,233.00,233.10,48.000,1481.000,233.30,233.50,2500.000,2500.000,232.95,233.15,5151.000,5057.000,55000.000,22500.000,233.211,233.570,232.880,233.222,0.325,0.327
2017-03-14 14:54:00,233.292,232.999,179.000,364.000,233.30,233.35,30000.000,2500.000,232.90,233.05,7.000,84.000,233.20,233.40,5000.000,2500.000,232.80,233.10,4288.000,4576.000,62500.000,27500.000,233.092,233.516,232.786,233.182,0.350,0.306
2017-03-14 14:55:00,233.433,233.097,118.000,200.000,233.35,233.45,2500.000,2500.000,233.00,233.15,50.000,1059.000,233.30,233.50,2500.000,5000.000,232.95,233.20,5571.000,4461.000,45000.000,35000.000,233.210,233.564,232.878,233.314,0.325,0.298
2017-03-14 14:56:00,233.576,233.208,959.000,915.000,233.45,233.55,2500.000,2500.000,233.20,233.25,1000.000,82.000,233.40,233.60,5000.000,2500.000,233.15,233.30,9966.000,5027.000,22500.000,22500.000,233.291,233.688,233.061,233.367,0.275,0.291
2017-03-14 14:57:00,233.472,233.144,232.000,407.000,233.40,233.50,5000.000,5000.000,233.00,233.15,588.000,1493.000,233.30,233.55,2500.000,2500.000,232.95,233.20,5913.000,4364.000,55000.000,22500.000,233.218,233.602,232.886,233.300,0.375,0.306
2017-03-14 14:58:00,233.334,233.021,1137.000,21.000,233.15,233.25,5000.000,2500.000,232.95,233.10,1700.000,1986.000,233.10,233.30,37500.000,2500.000,232.90,233.15,13560.000,2156.000,55000.000,32500.000,233.028,233.306,232.870,233.235,0.175,0.288
2017-03-14 14:59:00,233.166,232.980,304.000,430.000,233.15,233.25,7500.000,2500.000,232.80,233.00,948.000,2183.000,233.10,233.30,5000.000,2500.000,232.70,233.05,3141.000,5098.000,60000.000,22500.000,233.034,233.357,232.577,233.161,0.300,0.332
2017-03-14 15:00:00,233.280,232.983,328.000,734.000,233.25,233.30,2500.000,5000.000,232.95,233.10,205.000,142.000,233.20,233.35,2500.000,2500.000,232.90,233.15,2861.000,3110.000,17500.000,27500.000,233.111,233.416,232.836,233.232,0.250,0.336
2017-03-14 15:01:00,233.350,233.018,1950.000,592.000,233.25,233.30,2500.000,5000.000,233.00,233.10,643.000,69.000,233.20,233.35,2500.000,2500.000,232.90,233.15,8645.000,2925.000,20000.000,22500.000,233.122,233.428,232.794,233.222,0.225,0.337
2017-03-14 15:02:00,233.486,233.084,840.000,446.000,233.45,233.50,12500.000,7500.000,233.05,233.25,291.000,770.000,233.40,233.55,5000.000,2500.000,233.00,233.30,3870.000,4047.000,27500.000,35000.000,233.309,233.613,232.955,233.393,0.325,0.331
2017-03-14 15:03:00,233.576,233.353,602.000,47.000,233.60,233.65,7500.000,2500.000,233.25,233.40,151.000,639.000,233.55,233.70,7500.000,5000.000,233.20,233.45,2309.000,3503.000,25000.000,15000.000,233.483,233.799,233.155,233.492,0.300,0.381
2017-03-14 15:04:00,233.771,233.367,619.000,70.000,233.70,233.75,10000.000,2500.000,233.35,233.50,561.000,361.000,233.65,233.80,5000.000,7500.000,233.30,233.55,5219.000,3077.000,25000.000,32500.000,233.546,233.905,233.275,233.619,0.300,0.366
2017-03-14 15:05:00,233.480,233.161,150.000,296.000,233.50,233.55,2500.000,5000.000,233.10,233.25,23.000,665.000,233.40,233.60,5000.000,5000.000,233.05,233.30,4638.000,6622.000,15000.000,20000.000,233.262,233.704,232.992,233.356,0.350,0.356
2017-03-14 15:06:00,233.468,233.130,1116.000,249.000,233.55,233.60,2500.000,5000.000,233.10,233.25,21.000,762.000,233.50,233.65,5000.000,5000.000,233.05,233.30,1515.000,5283.000,15000.000,22500.000,233.507,233.732,232.992,233.350,0.400,0.336
2017-03-14 15:07:00,233.536,233.164,1269.000,27.000,233.50,233.55,2500.000,5000.000,233.15,233.25,1448.000,137.000,233.45,233.65,2500.000,5000.000,233.10,233.30,5083.000,3698.000,12500.000,22500.000,233.418,233.746,233.050,233.350,0.325,0.315
2017-03-14 15:08:00,233.651,233.179,723.000,1.000,233.65,233.70,2500.000,2500.000,233.15,233.30,26.000,600.000,233.60,233.75,2500.000,2500.000,233.10,233.35,2307.000,2971.000,12500.000,22500.000,233.525,233.835,233.050,233.422,0.450,0.284
2017-03-14 15:09:00,233.676,233.347,382.000,937.000,233.65,233.75,2500.000,2500.000,233.25,233.35,574.000,1292.000,233.60,233.80,5000.000,5000.000,233.20,233.40,5571.000,7337.000,25000.000,15000.000,233.519,233.880,233.105,233.442,0.400,0.285
2017-03-14 15:10:00,233.610,233.339,1103.000,660.000,233.70,233.75,5000.000,5000.000,233.30,233.45,76.000,1059.000,233.65,233.80,2500.000,5000.000,233.25,233.50,1686.000,6745.000,20000.000,25000.000,233.642,233.889,233.200,233.560,0.350,0.307
2017-03-14 15:11:00,233.553,233.317,15.000,13.000,233.60,233.65,7500.000,5000.000,233.20,233.35,357.000,2469.000,233.50,233.70,7500.000,7500.000,233.15,233.40,3577.000,7653.000,30000.000,20000.000,233.389,233.768,233.104,233.425,0.350,0.300
2017-03-14 15:12:00,233.528,233.260,221.000,22.000,233.50,233.55,5000.000,5000.000,233.05,233.15,57.000,8.000,233.40,233.60,7500.000,2500.000,233.00,233.20,6895.000,5260.000,95000.000,17500.000,233.279,233.727,232.837,233.236,0.425,0.303
2017-03-14 15:13:00,233.515,233.198,478.000,128.000,233.60,233.65,2500.000,7500.000,233.15,233.30,460.000,106.000,233.55,233.70,10000.000,5000.000,233.10,233.35,2110.000,7593.000,27500.000,35000.000,233.505,233.798,233.050,233.396,0.400,0.268
2017-03-14 15:14:00,233.542,233.210,840.000,55.000,233.60,233.65,2500.000,10000.000,233.15,233.30,145.000,1330.000,233.55,233.75,10000.000,5000.000,233.10,233.35,1964.000,7458.000,27500.000,35000.000,233.514,233.816,233.045,233.382,0.400,0.239
2017-03-14 15:15:00,233.661,233.278,430.000,403.000,233.70,233.75,5000.000,2500.000,233.25,233.30,15.000,1721.000,233.65,233.80,7500.000,2500.000,233.20,233.35,2279.000,6054.000,27500.000,22500.000,233.587,233.865,233.155,233.417,0.450,0.205
2017-03-14 15:16:00,233.495,233.295,242.000,55.000,233.50,233.55,10000.000,5000.000,233.20,233.35,401.000,25.000,233.45,233.65,2500.000,7500.000,233.15,233.40,4617.000,7222.000,30000.000,25000.000,233.364,233.758,233.100,233.440,0.250,0.210
2017-03-14 15:17:00,233.615,233.333,310.000,1764.000,233.70,233.75,5000.000,5000.000,233.25,233.40,100.000,1800.000,233.65,233.80,5000.000,7500.000,233.20,233.45,682.000,7839.000,22500.000,22500.000,233.627,233.853,233.144,233.489,0.400,0.186
2017-03-14 15:18:00,233.649,233.504,487.000,2691.000,233.70,233.75,2500.000,7500.000,233.30,233.45,136.000,1800.000,233.60,233.80,2500.000,5000.000,233.25,233.50,2621.000,8248.000,65000.000,27500.000,233.539,233.838,233.121,233.541,0.350,0.229
2017-03-14 15:19:00,233.431,233.249,134.000,66.000,233.50,233.55,17500.000,2500.000,233.15,233.25,414.000,339.000,233.45,233.70,52500.000,5000.000,233.10,233.30,2573.000,8842.000,80000.000,20000.000,233.376,233.816,233.100,233.356,0.325,0.301
2017-03-14 15:20:00,233.532,233.314,630.000,55.000,233.65,233.70,2500.000,2500.000,233.20,233.30,200.000,389.000,233.60,233.75,10000.000,2500.000,233.15,233.35,1232.000,9774.000,75000.000,30000.000,233.595,233.847,233.098,233.404,0.425,0.352
2017-03-14 15:21:00,233.752,233.529,457.000,758.000,233.85,233.90,7500.000,2500.000,233.30,233.45,112.000,106.000,233.80,233.95,2500.000,2500.000,233.25,233.50,882.000,16365.000,70000.000,17500.000,233.790,234.009,233.136,233.564,0.500,0.440
2017-03-14 15:22:00,233.598,233.438,259.000,275.000,233.75,233.80,2500.000,7500.000,233.25,233.40,193.000,51.000,233.65,233.85,2500.000,5000.000,233.20,233.45,3723.000,16213.000,60000.000,22500.000,233.553,233.984,233.110,233.483,0.450,0.481
2017-03-14 15:23:00,233.796,233.435,3006.000,323.000,233.85,233.90,5000.000,2500.000,233.30,233.40,575.000,4537.000,233.80,233.95,2500.000,2500.000,233.15,233.45,3763.000,15097.000,75000.000,17500.000,233.835,233.984,233.095,233.507,0.525,0.503
2017-03-14 15:24:00,233.924,233.379,62.000,75.000,233.90,233.95,2500.000,10000.000,233.40,233.50,212.000,5895.000,233.85,234.00,2500.000,5000.000,233.35,233.55,2875.000,6189.000,12500.000,30000.000,233.760,234.004,233.280,233.592,0.475,0.440
2017-03-14 15:25:00,233.934,233.461,866.000,6189.000,233.95,234.00,5000.000,5000.000,233.30,233.40,120.000,2.000,233.90,234.05,5000.000,2500.000,233.25,233.45,1777.000,7743.000,67500.000,27500.000,233.855,234.039,233.135,233.495,0.625,0.440
2017-03-14 15:26:00,233.988,233.324,587.000,2305.000,233.95,234.00,7500.000,7500.000,233.20,233.35,128.000,2.000,233.90,234.05,7500.000,2500.000,233.15,233.40,2044.000,3259.000,82500.000,40000.000,233.823,234.050,233.092,233.453,0.700,0.440
2017-03-14 15:27:00,233.835,233.473,784.000,5194.000,233.85,233.95,5000.000,7500.000,233.45,233.50,3.000,202.000,233.80,234.00,37500.000,2500.000,233.40,233.60,993.000,6633.000,52500.000,35000.000,233.819,233.994,233.369,233.646,0.425,0.440
2017-03-14 15:28:00,233.703,233.231,20.000,300.000,233.65,233.70,5000.000,2500.000,233.15,233.30,45.000,15.000,233.60,233.75,2500.000,5000.000,233.10,233.40,629.000,866.000,32500.000,32500.000,233.505,233.794,233.035,233.492,0.450,0.440
2017-03-14 15:29:00,233.419,233.189,16.000,40.000,233.50,233.55,2500.000,10000.000,233.10,233.25,342.000,689.000,233.40,233.60,5000.000,5000.000,233.05,233.30,864.000,2034.000,22500.000,22500.000,233.318,233.694,233.000,233.311,0.350,0.440
2017-03-14 15:30:00,233.541,233.066,14.000,5.000,233.05,233.85,57500.000,5000.000,232.80,233.25,462.000,250.000,233.00,233.90,27500.000,5000.000,232.50,233.30,985.000,661.000,100000.000,32500.000,232.950,233.977,232.635,233.392,0.425,0.440
2017-03-15 09:16:00,234.056,233.660,259.000,36.000,234.05,234.15,5000.000,2500.000,233.45,233.90,260.000,290.000,234.00,234.20,2500.000,2500.000,233.40,233.95,891.000,1084.000,17500.000,20000.000,233.920,234.294,233.279,234.081,0.425,0.526
2017-03-15 09:17:00,234.337,233.976,1093.000,28.000,234.35,234.40,2500.000,10000.000,233.90,234.00,321.000,220.000,234.30,234.45,2500.000,2500.000,233.80,234.30,3325.000,4255.000,17500.000,25000.000,234.258,234.596,233.671,234.240,0.425,0.546
2017-03-15 09:18:00,234.734,234.089,930.000,56.000,234.60,234.70,2500.000,2500.000,234.00,234.25,1824.000,20.000,234.55,234.80,2500.000,2500.000,233.90,234.30,4997.000,1492.000,17500.000,17500.000,234.523,234.893,233.807,234.371,0.525,0.531
2017-03-15 09:19:00,234.726,234.071,500.000,50.000,234.60,234.65,2500.000,2500.000,234.05,234.30,1007.000,150.000,234.55,234.70,5000.000,5000.000,234.00,234.35,4577.000,612.000,17500.000,30000.000,234.490,234.782,233.921,234.433,0.450,0.518
2017-03-15 09:20:00,234.625,234.163,1221.000,10.000,234.55,234.60,2500.000,5000.000,234.05,234.20,646.000,169.000,234.50,234.65,7500.000,2500.000,234.00,234.30,3953.000,1278.000,20000.000,17500.000,234.467,234.707,233.950,234.329,0.450,0.579
2017-03-15 09:21:00,234.554,234.043,83.000,50.000,234.50,234.55,2500.000,2500.000,234.00,234.15,118.000,110.000,234.45,234.65,2500.000,5000.000,233.85,234.20,3226.000,3371.000,17500.000,17500.000,234.349,234.733,233.800,234.243,0.450,0.603
2017-03-15 09:22:00,234.439,233.980,1389.000,108.000,234.45,234.50,2500.000,5000.000,233.85,234.00,382.000,285.000,234.40,234.55,5000.000,2500.000,233.80,234.15,4119.000,4847.000,20000.000,17500.000,234.345,234.652,233.750,234.164,0.550,0.616
2017-03-15 09:23:00,234.356,233.787,126.000,7.000,234.40,234.45,2500.000,2500.000,233.75,233.85,148.000,781.000,234.35,234.50,7500.000,2500.000,233.60,233.90,2192.000,6420.000,27500.000,20000.000,234.269,234.571,233.545,233.969,0.625,0.605
2017-03-15 09:24:00,234.649,234.061,623.000,490.000,234.65,234.70,5000.000,7500.000,234.00,234.20,1209.000,250.000,234.60,234.75,2500.000,5000.000,233.95,234.25,4700.000,6507.000,20000.000,25000.000,234.531,234.882,233.869,234.295,0.575,0.603
2017-03-15 09:25:00,235.178,234.411,443.000,117.000,235.05,235.10,10000.000,2500.000,234.35,234.60,164.000,100.000,235.00,235.15,5000.000,5000.000,234.30,234.65,3166.000,886.000,22500.000,25000.000,234.896,235.244,234.272,234.720,0.600,0.574
2017-03-15 09:26:00,235.222,234.591,10.000,356.000,235.20,235.30,2500.000,5000.000,234.45,234.70,131.000,70.000,235.15,235.35,15000.000,5000.000,234.40,234.75,2865.000,4018.000,30000.000,25000.000,235.034,235.451,234.333,234.785,0.675,0.550
2017-03-15 09:27:00,234.676,234.150,421.000,1000.000,234.60,234.70,7500.000,5000.000,234.00,234.20,482.000,764.000,234.55,234.75,2500.000,2500.000,233.95,234.25,4237.000,3267.000,25000.000,17500.000,234.491,234.797,233.910,234.321,0.550,0.550
2017-03-15 09:28:00,234.864,234.350,717.000,508.000,234.80,235.00,2500.000,2500.000,234.30,234.50,682.000,1222.000,234.75,235.05,5000.000,2500.000,234.25,234.55,4423.000,5591.000,22500.000,35000.000,234.692,235.128,234.167,234.607,0.500,0.547
2017-03-15 09:29:00,235.035,234.458,164.000,5.000,235.05,235.10,5000.000,25000.000,234.35,234.60,549.000,354.000,235.00,235.20,15000.000,2500.000,234.30,234.65,2151.000,3565.000,27500.000,37500.000,234.908,235.318,234.273,234.640,0.600,0.538
2017-03-15 09:30:00,235.007,234.386,297.000,7.000,235.00,235.05,5000.000,5000.000,234.40,234.50,60.000,1890.000,234.95,235.10,12500.000,7500.000,234.30,234.55,4051.000,5202.000,27500.000,42500.000,234.860,235.186,234.282,234.594,0.575,0.499
2017-03-15 09:31:00,234.742,234.229,229.000,22.000,234.65,234.75,5000.000,2500.000,234.05,234.20,945.000,5.000,234.60,234.85,10000.000,2500.000,234.00,234.30,6834.000,4647.000,30000.000,12500.000,234.512,234.994,233.946,234.340,0.575,0.470
2017-03-15 09:32:00,234.776,234.250,286.000,110.000,234.65,234.85,5000.000,2500.000,234.15,234.35,1003.000,344.000,234.60,234.90,2500.000,2500.000,234.10,234.40,8114.000,6430.000,32500.000,32500.000,234.506,234.999,234.000,234.500,0.500,0.422
2017-03-15 09:33:00,234.693,234.196,875.000,419.000,234.65,234.85,2500.000,5000.000,234.10,234.30,59.000,369.000,234.60,234.90,5000.000,2500.000,234.05,234.35,6011.000,9270.000,35000.000,32500.000,234.524,234.991,233.979,234.446,0.550,0.392
2017-03-15 09:34:00,234.722,234.188,178.000,60.000,234.70,234.75,2500.000,2500.000,234.05,234.15,44.000,719.000,234.65,234.80,10000.000,2500.000,234.00,234.25,2972.000,3598.000,35000.000,15000.000,234.521,234.899,233.957,234.292,0.625,0.385
2017-03-15 09:35:00,234.790,234.365,192.000,5.000,234.80,234.90,5000.000,2500.000,234.25,234.45,373.000,50.000,234.75,234.95,7500.000,17500.000,234.20,234.50,2967.000,7086.000,30000.000,27500.000,234.663,235.044,234.121,234.523,0.500,0.367
2017-03-15 09:36:00,234.767,234.402,998.000,32.000,234.80,234.85,2500.000,17500.000,234.25,234.50,264.000,324.000,234.75,234.95,10000.000,2500.000,234.20,234.55,3041.000,8165.000,35000.000,32500.000,234.710,235.010,234.100,234.562,0.450,0.363
2017-03-15 09:37:00,234.720,234.433,1817.000,1804.000,234.80,234.85,7500.000,12500.000,234.30,234.50,281.000,269.000,234.70,234.90,7500.000,2500.000,234.25,234.60,3956.000,9535.000,37500.000,35000.000,234.698,234.974,234.193,234.629,0.425,0.386
2017-03-15 09:38:00,234.775,234.429,3788.000,847.000,234.80,234.90,2500.000,15000.000,234.35,234.50,56.000,789.000,234.75,234.95,5000.000,2500.000,234.30,234.60,5685.000,12005.000,22500.000,30000.000,234.744,235.011,234.200,234.600,0.425,0.399
2017-03-15 09:39:00,234.791,234.290,96.000,513.000,234.85,234.90,2500.000,5000.000,234.25,234.35,3252.000,708.000,234.80,234.95,5000.000,2500.000,234.20,234.40,4165.000,14419.000,20000.000,30000.000,234.770,235.011,234.150,234.504,0.575,0.393
2017-03-15 09:40:00,234.726,234.392,4225.000,5.000,234.80,234.85,7500.000,2500.000,234.20,234.40,84.000,539.000,234.75,234.90,2500.000,17500.000,234.15,234.50,5065.000,9795.000,37500.000,27500.000,234.773,235.003,234.090,234.532,0.525,0.434
2017-03-15 09:41:00,234.678,234.330,39.000,283.000,234.75,234.80,5000.000,5000.000,234.25,234.35,127.000,20.000,234.70,234.85,7500.000,5000.000,234.20,234.40,3151.000,8254.000,40000.000,30000.000,234.578,234.984,234.113,234.479,0.475,0.480
2017-03-15 09:42:00,234.635,234.233,54.000,15.000,234.60,234.65,2500.000,7500.000,234.10,234.25,600.000,304.000,234.55,234.75,2500.000,2500.000,234.05,234.35,2775.000,2893.000,45000.000,35000.000,234.478,234.844,233.967,234.411,0.450,0.452
2017-03-15 09:43:00,234.661,234.248,453.000,14.000,234.55,234.60,2500.000,2500.000,234.10,234.25,17512.000,2.000,234.50,234.65,10000.000,2500.000,234.05,234.30,23882.000,1796.000,42500.000,17500.000,234.480,234.833,233.997,234.357,0.400,0.408
2017-03-15 09:44:00,234.680,234.213,156.000,704.000,234.55,234.75,2500.000,5000.000,234.10,234.30,535.000,604.000,234.50,234.80,5000.000,2500.000,234.05,234.35,7061.000,5751.000,42500.000,35000.000,234.411,234.876,233.985,234.432,0.450,0.359
2017-03-15 09:45:00,234.926,234.385,1032.000,545.000,234.85,234.95,2500.000,2500.000,234.30,234.35,641.000,6183.000,234.80,235.00,7500.000,2500.000,234.25,234.40,9113.000,9725.000,50000.000,25000.000,234.706,235.031,234.160,234.475,0.575,0.300
2017-03-15 09:46:00,234.881,234.305,89.000,50.000,234.80,234.90,7500.000,10000.000,234.15,234.40,414.000,1834.000,234.70,234.95,10000.000,2500.000,234.10,234.45,4519.000,3444.000,42500.000,37500.000,234.606,234.984,234.029,234.490,0.575,0.251
2017-03-15 09:47:00,234.248,233.985,866.000,619.000,234.10,234.35,10000.000,2500.000,233.95,234.10,4737.000,1500.000,234.05,234.40,2500.000,7500.000,233.90,234.15,17239.000,12225.000,27500.000,37500.000,234.008,234.475,233.864,234.213,0.200,0.254
2017-03-15 09:48:00,234.333,234.140,220.000,35.000,234.15,234.20,2500.000,2500.000,234.10,234.15,4200.000,50.000,234.10,234.30,2500.000,2500.000,234.00,234.20,20554.000,3087.000,22500.000,15000.000,234.014,234.411,233.883,234.250,0.050,0.253
2017-03-15 09:49:00,234.447,234.226,1033.000,5050.000,234.40,234.45,7500.000,2500.000,234.20,234.40,113.000,6100.000,234.35,234.50,2500.000,7500.000,234.15,234.45,7450.000,12572.000,20000.000,37500.000,234.253,234.491,234.125,234.507,0.125,0.264
2017-03-15 09:50:00,234.948,234.705,626.000,1802.000,234.90,234.95,2500.000,2500.000,234.60,234.75,946.000,1667.000,234.85,235.00,12500.000,5000.000,234.50,234.80,5918.000,5342.000,35000.000,20000.000,234.782,235.034,234.450,234.863,0.250,0.240
2017-03-15 09:51:00,235.038,234.702,603.000,2435.000,234.95,235.00,2500.000,2500.000,234.60,234.70,1654.000,213.000,234.90,235.05,7500.000,2500.000,234.55,234.75,10090.000,5739.000,37500.000,17500.000,234.811,235.091,234.497,234.814,0.325,0.235
2017-03-15 09:52:00,234.381,234.103,300.000,753.000,234.20,234.30,2500.000,2500.000,234.10,234.25,339.000,100.000,234.15,234.35,5000.000,2500.000,234.05,234.30,16606.000,4586.000,17500.000,30000.000,234.037,234.416,233.979,234.367,0.075,0.238
2017-03-15 09:53:00,234.350,234.161,2456.000,450.000,234.25,234.30,5000.000,2500.000,234.25,234.30,1066.000,949.000,234.20,234.35,2500.000,12500.000,234.15,234.35,14511.000,5706.000,20000.000,57500.000,234.109,234.431,234.113,234.424,0.000,0.255
2017-03-15 09:54:00,234.764,234.492,74.000,60.000,234.70,234.75,2500.000,20000.000,234.45,234.50,1902.000,379.000,234.65,234.80,5000.000,10000.000,234.40,234.55,8653.000,5341.000,35000.000,45000.000,234.555,234.898,234.329,234.558,0.250,0.259
2017-03-15 09:55:00,234.784,234.659,10.000,950.000,234.85,234.90,2500.000,10000.000,234.50,234.70,178.000,400.000,234.80,234.95,12500.000,5000.000,234.45,234.75,4781.000,28277.000,47500.000,32500.000,234.674,235.015,234.376,234.781,0.275,0.283
2017-03-15 09:56:00,234.545,234.236,753.000,1.000,234.45,234.60,5000.000,2500.000,234.25,234.30,639.000,259.000,234.40,234.65,2500.000,2500.000,234.20,234.35,8499.000,6244.000,17500.000,27500.000,234.316,234.762,234.129,234.405,0.250,0.262
2017-03-15 09:57:00,234.587,234.291,807.000,60.000,234.55,234.70,7500.000,5000.000,234.20,234.40,152.000,419.000,234.50,234.75,2500.000,2500.000,234.15,234.45,3615.000,4367.000,20000.000,20000.000,234.424,234.862,234.100,234.488,0.325,0.279
2017-03-15 09:58:00,234.434,234.159,4.000,685.000,234.55,234.60,2500.000,7500.000,234.10,234.30,93.000,369.000,234.50,234.65,2500.000,5000.000,234.05,234.35,1588.000,6627.000,15000.000,25000.000,234.349,234.750,233.967,234.420,0.375,0.325
2017-03-15 09:59:00,234.303,234.012,17.000,829.000,234.30,234.45,2500.000,2500.000,233.95,234.10,97.000,639.000,234.25,234.50,5000.000,5000.000,233.90,234.15,2908.000,6686.000,17500.000,22500.000,234.140,234.581,233.850,234.261,0.350,0.364
2017-03-15 10:00:00,234.386,234.141,193.000,3.000,234.35,234.40,2500.000,5000.000,234.00,234.15,357.000,60.000,234.30,234.45,5000.000,7500.000,233.95,234.20,3091.000,2502.000,27500.000,27500.000,234.211,234.553,233.877,234.332,0.300,0.424
2017-03-15 10:01:00,234.232,234.027,270.000,67.000,234.25,234.30,2500.000,7500.000,233.90,234.05,330.000,410.000,234.20,234.40,5000.000,7500.000,233.85,234.10,3576.000,6191.000,30000.000,25000.000,234.106,234.517,233.800,234.145,0.300,0.434
2017-03-15 10:02:00,234.211,233.832,37.000,13.000,234.25,234.30,10000.000,7500.000,233.80,233.90,1158.000,419.000,234.20,234.35,2500.000,7500.000,233.75,234.00,3850.000,7745.000,20000.000,27500.000,234.119,234.449,233.719,234.041,0.425,0.455
2017-03-15 10:03:00,234.354,233.847,84.000,374.000,234.20,234.35,10000.000,5000.000,233.80,233.90,304.000,2120.000,234.15,234.40,5000.000,2500.000,233.75,233.95,13278.000,8749.000,22500.000,20000.000,234.016,234.467,233.733,234.000,0.425,0.403
2017-03-15 10:04:00,234.439,233.953,959.000,519.000,234.20,234.45,5000.000,5000.000,233.90,234.00,805.000,3771.000,234.15,234.50,7500.000,2500.000,233.85,234.05,16082.000,8587.000,20000.000,17500.000,234.032,234.545,233.825,234.121,0.375,0.369
2017-03-15 10:05:00,234.378,233.833,159.000,479.000,234.20,234.35,5000.000,5000.000,233.80,233.95,401.000,669.000,234.15,234.40,2500.000,5000.000,233.65,234.00,12222.000,6285.000,17500.000,20000.000,234.015,234.477,233.607,234.075,0.400,0.345
2017-03-15 10:06:00,234.367,234.115,802.000,60.000,234.30,234.50,5000.000,5000.000,234.00,234.15,1197.000,1575.000,234.25,234.55,5000.000,7500.000,233.95,234.20,4762.000,5906.000,22500.000,20000.000,234.200,234.621,233.894,234.262,0.325,0.331
2017-03-15 10:07:00,234.360,233.873,77.000,5.000,234.20,234.25,5000.000,2500.000,233.80,234.00,422.000,60.000,234.15,234.30,2500.000,5000.000,233.65,234.05,11991.000,2821.000,20000.000,17500.000,234.013,234.420,233.575,234.121,0.325,0.308
2017-03-15 10:08:00,234.374,234.126,555.000,7.000,234.30,234.35,10000.000,5000.000,234.00,234.15,333.000,10.000,234.25,234.40,2500.000,5000.000,233.95,234.20,3850.000,1972.000,32500.000,20000.000,234.193,234.562,233.908,234.287,0.250,0.298
2017-03-15 10:09:00,234.411,234.097,1678.000,115.000,234.30,234.40,2500.000,7500.000,234.10,234.20,2335.000,1256.000,234.25,234.55,2500.000,2500.000,234.00,234.25,9721.000,6054.000,15000.000,27500.000,234.215,234.639,233.942,234.377,0.200,0.286
2017-03-15 10:10:00,234.381,233.958,2508.000,426.000,234.20,234.40,5000.000,5000.000,233.90,234.10,362.000,230.000,234.15,234.45,5000.000,5000.000,233.85,234.15,11469.000,5668.000,20000.000,25000.000,234.055,234.551,233.800,234.235,0.300,0.253
2017-03-15 10:11:00,234.288,234.103,54.000,419.000,234.35,234.45,2500.000,2500.000,234.00,234.15,252.000,649.000,234.25,234.50,7500.000,5000.000,233.95,234.20,3296.000,7014.000,22500.000,17500.000,234.186,234.596,233.889,234.264,0.325,0.286
2017-03-15 10:12:00,234.400,234.032,890.000,428.000,234.20,234.40,5000.000,2500.000,233.95,234.10,474.000,180.000,234.15,234.45,5000.000,2500.000,233.90,234.15,14040.000,6800.000,22500.000,20000.000,234.030,234.550,233.856,234.219,0.275,0.269
2017-03-15 10:13:00,234.379,234.181,911.000,2.000,234.25,234.35,10000.000,7500.000,234.05,234.25,2011.000,168.000,234.20,234.50,10000.000,5000.000,234.00,234.30,8100.000,5255.000,32500.000,20000.000,234.133,234.594,233.958,234.319,0.150,0.275
2017-03-15 10:14:00,234.377,234.122,275.000,160.000,234.35,234.40,2500.000,2500.000,234.05,234.20,856.000,60.000,234.30,234.45,5000.000,7500.000,234.00,234.25,4214.000,3094.000,20000.000,20000.000,234.174,234.549,233.944,234.312,0.250,0.266
2017-03-15 10:15:00,234.326,234.067,250.000,8.000,234.30,234.35,2500.000,10000.000,234.00,234.15,116.000,354.000,234.25,234.45,5000.000,10000.000,233.95,234.20,2827.000,3429.000,17500.000,27500.000,234.168,234.540,233.879,234.223,0.250,0.256
2017-03-15 10:16:00,234.304,233.956,187.000,88.000,234.20,234.25,2500.000,2500.000,233.90,234.00,116.000,639.000,234.15,234.40,5000.000,2500.000,233.85,234.05,9855.000,8904.000,20000.000,20000.000,234.019,234.494,233.794,234.137,0.275,0.238
2017-03-15 10:17:00,234.513,234.228,255.000,1011.000,234.40,234.55,2500.000,2500.000,234.15,234.30,595.000,110.000,234.35,234.60,5000.000,5000.000,234.10,234.35,7464.000,5040.000,22500.000,22500.000,234.262,234.696,234.039,234.406,0.250,0.267
2017-03-15 10:18:00,234.426,234.198,120.000,1736.000,234.40,234.55,5000.000,7500.000,234.10,234.25,98.000,623.000,234.35,234.60,7500.000,5000.000,234.05,234.30,6282.000,10935.000,30000.000,27500.000,234.233,234.691,234.012,234.364,0.300,0.299
2017-03-15 10:19:00,234.422,234.214,312.000,687.000,234.45,234.50,2500.000,2500.000,234.10,234.20,2159.000,1735.000,234.40,234.55,5000.000,2500.000,234.05,234.25,3589.000,6503.000,30000.000,15000.000,234.368,234.616,233.992,234.342,0.325,0.320
2017-03-15 10:20:00,234.435,234.222,1857.000,160.000,234.45,234.50,2500.000,10000.000,234.10,234.20,56.000,1328.000,234.35,234.55,5000.000,2500.000,234.05,234.25,6259.000,6431.000,30000.000,20000.000,234.305,234.636,233.992,234.281,0.325,0.356
2017-03-15 10:21:00,234.438,234.183,10.000,160.000,234.45,234.50,2500.000,2500.000,234.10,234.20,350.000,1328.000,234.40,234.55,7500.000,2500.000,234.05,234.25,4822.000,6279.000,27500.000,17500.000,234.256,234.636,234.005,234.343,0.325,0.372
2017-03-15 10:22:00,234.396,233.963,21.000,685.000,234.20,234.40,2500.000,7500.000,233.90,234.05,1085.000,304.000,234.15,234.45,2500.000,2500.000,233.85,234.10,12500.000,6486.000,17500.000,22500.000,234.032,234.535,233.779,234.128,0.325,0.352
2017-03-15 10:23:00,234.350,233.963,869.000,60.000,234.20,234.35,2500.000,7500.000,233.90,234.05,736.000,419.000,234.15,234.40,2500.000,2500.000,233.85,234.10,13879.000,6968.000,17500.000,22500.000,234.041,234.516,233.779,234.128,0.300,0.345
2017-03-15 10:24:00,234.214,233.903,681.000,40.000,234.25,234.30,5000.000,2500.000,233.85,233.95,296.000,369.000,234.20,234.35,7500.000,2500.000,233.80,234.05,3756.000,6468.000,25000.000,17500.000,234.126,234.458,233.715,234.107,0.375,0.357
2017-03-15 10:25:00,234.243,233.850,1379.000,805.000,234.10,234.35,2500.000,2500.000,233.85,233.95,1287.000,1000.000,234.05,234.40,5000.000,5000.000,233.80,234.00,13754.000,10997.000,15000.000,20000.000,233.992,234.475,233.742,234.069,0.325,0.353
2017-03-15 10:26:00,234.116,233.783,830.000,214.000,234.05,234.25,5000.000,2500.000,233.70,233.85,4066.000,230.000,234.00,234.30,2500.000,2500.000,233.65,233.90,6535.000,7039.000,20000.000,17500.000,233.977,234.377,233.606,233.993,0.375,0.337
2017-03-15 10:27:00,233.974,233.640,3358.000,50.000,234.00,234.05,2500.000,2500.000,233.55,233.70,12.000,180.000,233.95,234.15,2500.000,5000.000,233.50,233.75,5081.000,7344.000,17500.000,20000.000,233.938,234.233,233.436,233.850,0.400,0.337
2017-03-15 10:28:00,233.955,233.600,2250.000,50.000,234.00,234.05,2500.000,7500.000,233.55,233.70,12.000,370.000,233.95,234.15,2500.000,2500.000,233.50,233.75,3966.000,8475.000,12500.000,22500.000,233.921,234.236,233.440,233.822,0.400,0.313
2017-03-15 10:29:00,233.969,233.597,743.000,200.000,234.00,234.05,2500.000,7500.000,233.55,233.70,141.000,220.000,233.90,234.10,2500.000,5000.000,233.50,233.75,5453.000,6894.000,15000.000,25000.000,233.806,234.215,233.442,233.840,0.400,0.286
2017-03-15 10:30:00,233.841,233.467,1531.000,419.000,233.75,233.95,2500.000,5000.000,233.40,233.50,522.000,3104.000,233.70,234.00,2500.000,2500.000,233.35,233.55,6777.000,7355.000,17500.000,20000.000,233.645,234.057,233.271,233.619,0.400,0.265
2017-03-15 10:31:00,233.656,233.407,22.000,551.000,233.75,233.80,2500.000,2500.000,233.30,233.40,639.000,369.000,233.60,233.85,5000.000,5000.000,233.25,233.50,4870.000,9065.000,20000.000,17500.000,233.506,233.955,233.181,233.564,0.425,0.269
2017-03-15 10:32:00,233.698,233.364,46.000,11.000,233.60,233.70,5000.000,7500.000,233.25,233.40,387.000,715.000,233.55,233.75,7500.000,5000.000,233.20,233.45,3348.000,2123.000,25000.000,20000.000,233.462,233.822,233.160,233.481,0.325,0.263
2017-03-15 10:33:00,233.404,233.169,151.000,26.000,233.40,233.45,10000.000,12500.000,233.00,233.20,2644.000,304.000,233.35,233.50,2500.000,5000.000,232.95,233.25,4796.000,3565.000,27500.000,25000.000,233.273,233.606,232.918,233.305,0.325,0.274
2017-03-15 10:34:00,233.174,232.937,345.000,950.000,233.25,233.30,5000.000,10000.000,232.85,233.00,30.000,354.000,233.20,233.35,5000.000,2500.000,232.80,233.05,2437.000,8775.000,17500.000,20000.000,233.088,233.455,232.771,233.088,0.350,0.274
2017-03-15 10:35:00,233.248,232.978,589.000,437.000,233.25,233.30,2500.000,2500.000,232.95,233.00,1092.000,689.000,233.20,233.40,5000.000,2500.000,232.85,233.05,4194.000,6576.000,22500.000,17500.000,233.134,233.483,232.806,233.129,0.300,0.280
2017-03-15 10:36:00,233.439,233.169,86.000,969.000,233.35,233.50,7500.000,5000.000,233.05,233.25,894.000,200.000,233.30,233.55,7500.000,2500.000,233.00,233.30,5435.000,5214.000,27500.000,17500.000,233.205,233.627,232.936,233.350,0.275,0.285
2017-03-15 10:37:00,233.253,232.950,431.000,6161.000,233.25,233.30,2500.000,10000.000,232.85,233.05,965.000,364.000,233.20,233.35,2500.000,2500.000,232.80,233.10,3120.000,9433.000,17500.000,22500.000,233.128,233.353,232.743,233.133,0.325,0.277
2017-03-15 10:38:00,233.188,232.900,373.000,6800.000,233.25,233.30,5000.000,12500.000,232.80,233.00,1193.000,414.000,233.20,233.35,5000.000,5000.000,232.75,233.05,2192.000,15254.000,22500.000,30000.000,233.170,233.390,232.706,233.096,0.375,0.261
2017-03-15 10:39:00,233.013,232.773,64.000,17.000,233.05,233.10,5000.000,2500.000,232.65,232.80,4783.000,60.000,233.00,233.15,7500.000,5000.000,232.60,232.85,6523.000,10578.000,30000.000,20000.000,232.968,233.242,232.537,232.931,0.350,0.246
2017-03-15 10:40:00,232.983,232.683,543.000,338.000,233.05,233.10,7500.000,17500.000,232.65,232.70,3659.000,703.000,233.00,233.15,5000.000,2500.000,232.60,232.85,5622.000,10699.000,27500.000,37500.000,232.961,233.224,232.527,232.833,0.400,0.218
2017-03-15 10:41:00,232.969,232.673,192.000,1222.000,232.85,233.00,2500.000,2500.000,232.65,232.70,603.000,448.000,232.80,233.05,5000.000,5000.000,232.60,232.80,9668.000,6700.000,25000.000,30000.000,232.708,233.130,232.525,232.867,0.250,0.198
2017-03-15 10:42:00,232.839,232.580,1456.000,42.000,232.65,232.75,5000.000,7500.000,232.50,232.65,479.000,479.000,232.60,232.90,5000.000,2500.000,232.45,232.70,15485.000,6405.000,22500.000,27500.000,232.513,232.996,232.406,232.791,0.125,0.185
2017-03-15 10:43:00,232.902,232.693,614.000,60.000,232.80,232.95,5000.000,10000.000,232.60,232.80,312.000,543.000,232.75,233.00,10000.000,2500.000,232.55,232.85,4743.000,3289.000,27500.000,25000.000,232.670,233.105,232.505,232.885,0.175,0.183
2017-03-15 10:44:00,233.074,232.910,1630.000,583.000,233.05,233.20,10000.000,5000.000,232.80,233.00,257.000,424.000,233.00,233.25,7500.000,7500.000,232.75,233.05,4342.000,6445.000,27500.000,22500.000,232.941,233.334,232.718,233.111,0.225,0.192
2017-03-15 10:45:00,233.073,232.912,368.000,3.000,233.15,233.20,2500.000,5000.000,232.85,233.00,157.000,250.000,233.10,233.25,7500.000,7500.000,232.80,233.05,2034.000,5955.000,22500.000,27500.000,233.064,233.349,232.761,233.132,0.250,0.193
2017-03-15 10:46:00,233.136,232.939,197.000,1108.000,233.10,233.25,2500.000,2500.000,232.90,232.95,922.000,1349.000,233.05,233.30,5000.000,2500.000,232.85,233.00,6172.000,9166.000,20000.000,15000.000,232.978,233.373,232.794,233.067,0.250,0.193
2017-03-15 10:47:00,233.167,232.971,60.000,302.000,233.10,233.25,7500.000,2500.000,232.85,233.05,585.000,1050.000,233.05,233.30,7500.000,2500.000,232.80,233.10,4682.000,4988.000,30000.000,22500.000,232.964,233.389,232.771,233.228,0.225,0.208
2017-03-15 10:48:00,233.072,232.875,830.000,55.000,233.05,233.20,5000.000,5000.000,232.80,232.95,533.000,374.000,233.00,233.25,7500.000,5000.000,232.75,233.00,5172.000,7609.000,22500.000,22500.000,232.907,233.363,232.722,233.094,0.250,0.246
2017-03-15 10:49:00,233.076,232.863,10.000,184.000,233.05,233.10,2500.000,7500.000,232.75,232.90,747.000,444.000,233.00,233.20,7500.000,5000.000,232.70,232.95,3537.000,4684.000,25000.000,22500.000,232.898,233.292,232.640,232.983,0.250,0.262
2017-03-15 10:50:00,233.316,233.153,2664.000,1000.000,233.25,233.30,7500.000,10000.000,233.10,233.20,1084.000,50.000,233.20,233.35,12500.000,2500.000,233.00,233.25,8608.000,3349.000,27500.000,22500.000,233.173,233.389,232.995,233.289,0.125,0.272
2017-03-15 10:51:00,233.127,232.931,100.000,3.000,233.10,233.15,2500.000,10000.000,232.90,233.00,41.000,1.000,233.05,233.20,7500.000,5000.000,232.80,233.05,4239.000,3621.000,22500.000,30000.000,232.951,233.323,232.767,233.100,0.175,0.270
2017-03-15 10:52:00,232.973,232.704,120.000,435.000,232.95,233.00,10000.000,12500.000,232.60,232.80,5.000,599.000,232.90,233.05,7500.000,7500.000,232.55,232.85,2244.000,3236.000,27500.000,30000.000,232.776,233.116,232.527,232.875,0.275,0.252
2017-03-15 10:53:00,232.812,232.425,14.000,479.000,232.70,232.85,2500.000,5000.000,232.45,232.60,440.000,389.000,232.65,232.90,7500.000,2500.000,232.40,232.65,8099.000,7288.000,17500.000,22500.000,232.518,232.981,232.293,232.711,0.250,0.218
2017-03-15 10:54:00,232.857,232.565,32.000,624.000,232.70,232.85,2500.000,7500.000,232.50,232.65,187.000,60.000,232.65,232.90,10000.000,5000.000,232.45,232.70,10538.000,6010.000,25000.000,25000.000,232.520,232.995,232.370,232.740,0.200,0.191
2017-03-15 10:55:00,232.738,232.523,142.000,50.000,232.65,232.80,5000.000,5000.000,232.45,232.60,4097.000,788.000,232.60,232.85,7500.000,2500.000,232.40,232.65,11093.000,8402.000,20000.000,17500.000,232.528,232.956,232.375,232.700,0.200,0.183
2017-03-15 10:56:00,232.710,232.524,17.000,429.000,232.65,232.75,2500.000,10000.000,232.35,232.55,2637.000,369.000,232.60,232.80,10000.000,5000.000,232.30,232.60,9342.000,6971.000,30000.000,22500.000,232.522,232.914,232.225,232.633,0.250,0.178
2017-03-15 10:57:00,232.693,232.512,16.000,93.000,232.60,232.75,2500.000,5000.000,232.35,232.50,2586.000,519.000,232.55,232.80,5000.000,2500.000,232.30,232.55,8391.000,6538.000,32500.000,20000.000,232.468,232.900,232.231,232.637,0.250,0.191
2017-03-15 10:58:00,232.677,232.460,2057.000,459.000,232.55,232.60,10000.000,10000.000,232.30,232.50,144.000,110.000,232.50,232.70,5000.000,5000.000,232.25,232.55,7566.000,2599.000,40000.000,22500.000,232.423,232.765,232.194,232.561,0.175,0.154
2017-03-15 10:59:00,232.620,232.461,25.000,338.000,232.70,232.75,2500.000,5000.000,232.35,232.45,2119.000,2042.000,232.55,232.80,5000.000,2500.000,232.30,232.50,5749.000,10363.000,35000.000,20000.000,232.464,232.880,232.218,232.550,0.325,0.159
2017-03-15 11:00:00,232.719,232.546,175.000,1085.000,232.60,232.75,2500.000,7500.000,232.40,232.55,730.000,434.000,232.50,232.80,5000.000,7500.000,232.35,232.60,8091.000,4691.000,32500.000,25000.000,232.419,232.874,232.277,232.640,0.200,0.154
2017-03-15 11:01:00,232.531,232.371,236.000,91.000,232.50,232.60,2500.000,2500.000,232.25,232.35,250.000,935.000,232.45,232.65,7500.000,2500.000,232.20,232.40,4656.000,6033.000,32500.000,15000.000,232.352,232.737,232.123,232.458,0.250,0.153
2017-03-15 11:02:00,232.584,232.340,210.000,10.000,232.35,232.45,5000.000,10000.000,232.20,232.40,294.000,50.000,232.30,232.50,2500.000,2500.000,232.15,232.45,8895.000,671.000,27500.000,22500.000,232.185,232.624,232.086,232.472,0.100,0.137
2017-03-15 11:03:00,232.390,232.355,10.000,691.000,232.40,232.55,5000.000,7500.000,232.20,232.40,112.000,439.000,232.35,232.60,2500.000,2500.000,232.15,232.45,3234.000,7437.000,27500.000,22500.000,232.242,232.698,232.091,232.511,0.175,0.135
2017-03-15 11:04:00,232.372,232.191,299.000,331.000,232.30,232.40,5000.000,2500.000,232.10,232.15,1964.000,728.000,232.25,232.45,7500.000,5000.000,232.05,232.20,7156.000,5898.000,40000.000,17500.000,232.180,232.507,231.984,232.257,0.225,0.113
2017-03-15 11:05:00,232.293,232.144,1247.000,6.000,232.25,232.30,12500.000,2500.000,232.00,232.15,280.000,500.000,232.20,232.35,2500.000,7500.000,231.95,232.20,5557.000,4038.000,42500.000,20000.000,232.112,232.455,231.868,232.256,0.200,0.114
2017-03-15 11:06:00,232.311,232.153,381.000,71.000,232.30,232.35,2500.000,10000.000,232.10,232.20,288.000,394.000,232.25,232.40,5000.000,5000.000,232.05,232.25,4168.000,4752.000,17500.000,22500.000,232.152,232.503,232.007,232.267,0.175,0.100
2017-03-15 11:07:00,232.426,232.264,204.000,50.000,232.25,232.35,7500.000,7500.000,232.15,232.30,2113.000,13.000,232.20,232.40,7500.000,5000.000,232.10,232.35,7145.000,1820.000,32500.000,20000.000,232.121,232.561,232.058,232.369,0.075,0.086
2017-03-15 11:08:00,232.381,232.357,292.000,45.000,232.30,232.35,2500.000,5000.000,232.20,232.35,1925.000,13.000,232.25,232.40,5000.000,10000.000,232.15,232.40,6048.000,2903.000,30000.000,25000.000,232.187,232.557,232.083,232.465,0.050,0.100
2017-03-15 11:09:00,232.411,232.340,10.000,500.000,232.30,232.45,2500.000,7500.000,232.20,232.35,1942.000,479.000,232.25,232.50,10000.000,12500.000,232.15,232.40,5884.000,3921.000,32500.000,30000.000,232.178,232.581,232.092,232.450,0.100,0.120
2017-03-15 11:10:00,232.715,232.561,533.000,26.000,232.60,232.70,5000.000,2500.000,232.45,232.55,915.000,319.000,232.55,232.75,7500.000,5000.000,232.40,232.60,9668.000,3908.000,32500.000,15000.000,232.486,232.831,232.346,232.642,0.150,0.097
2017-03-15 11:11:00,232.451,232.360,100.000,163.000,232.35,232.40,2500.000,10000.000,232.25,232.40,2994.000,589.000,232.30,232.50,12500.000,7500.000,232.20,232.45,8374.000,4171.000,30000.000,35000.000,232.226,232.593,232.154,232.536,0.050,0.106
2017-03-15 11:12:00,232.313,232.223,1.000,108.000,232.25,232.30,2500.000,5000.000,232.15,232.25,2801.000,495.000,232.20,232.40,7500.000,7500.000,232.10,232.30,7688.000,5729.000,32500.000,27500.000,232.126,232.501,232.031,232.336,0.075,0.117
2017-03-15 11:13:00,232.313,232.217,673.000,115.000,232.25,232.30,2500.000,7500.000,232.15,232.25,2452.000,60.000,232.20,232.35,2500.000,5000.000,232.10,232.30,7839.000,3480.000,30000.000,30000.000,232.133,232.471,232.029,232.350,0.075,0.124
2017-03-15 11:14:00,232.319,232.153,1194.000,9.000,232.20,232.25,5000.000,2500.000,232.10,232.20,2215.000,200.000,232.15,232.30,2500.000,2500.000,232.05,232.25,12207.000,4478.000,27500.000,22500.000,232.066,232.453,232.009,232.317,0.075,0.113
2017-03-15 11:15:00,232.351,232.308,4937.000,400.000,232.30,232.35,2500.000,2500.000,232.25,232.30,596.000,130.000,232.25,232.40,5000.000,7500.000,232.20,232.35,13097.000,4797.000,27500.000,20000.000,232.225,232.501,232.127,232.400,0.050,0.136
2017-03-15 11:16:00,232.352,232.220,1703.000,270.000,232.30,232.35,2500.000,2500.000,232.15,232.25,598.000,130.000,232.25,232.40,7500.000,7500.000,232.10,232.30,9471.000,4768.000,27500.000,22500.000,232.197,232.500,232.041,232.339,0.125,0.155
2017-03-15 11:17:00,232.342,232.194,251.000,147.000,232.30,232.35,5000.000,7500.000,232.10,232.25,1063.000,190.000,232.25,232.40,7500.000,5000.000,232.05,232.30,7391.000,4805.000,32500.000,27500.000,232.181,232.503,231.988,232.327,0.150,0.168
2017-03-15 11:18:00,232.325,232.193,799.000,153.000,232.25,232.35,7500.000,2500.000,232.10,232.25,2967.000,130.000,232.20,232.40,5000.000,7500.000,232.05,232.30,8893.000,4834.000,30000.000,22500.000,232.151,232.504,232.021,232.339,0.125,0.178
2017-03-15 11:19:00,232.414,232.306,835.000,7.000,232.30,232.40,2500.000,7500.000,232.20,232.30,2373.000,60.000,232.25,232.45,7500.000,2500.000,232.15,232.35,9875.000,3228.000,35000.000,27500.000,232.198,232.556,232.079,232.414,0.100,0.187
2017-03-15 11:20:00,232.452,232.291,57.000,1286.000,232.35,232.55,2500.000,5000.000,232.20,232.35,1002.000,1018.000,232.30,232.60,5000.000,7500.000,232.15,232.40,8874.000,8908.000,27500.000,27500.000,232.217,232.678,232.077,232.441,0.175,0.192
2017-03-15 11:21:00,232.551,232.325,224.000,1342.000,232.45,232.60,2500.000,7500.000,232.25,232.40,637.000,2016.000,232.35,232.65,5000.000,5000.000,232.20,232.45,10928.000,8859.000,22500.000,27500.000,232.250,232.704,232.144,232.482,0.200,0.190
2017-03-15 11:22:00,232.528,232.315,354.000,152.000,232.35,232.45,2500.000,10000.000,232.20,232.35,1792.000,50.000,232.30,232.55,2500.000,5000.000,232.15,232.40,11466.000,3735.000,30000.000,27500.000,232.219,232.631,232.075,232.432,0.125,0.193
2017-03-15 11:23:00,232.397,232.215,1568.000,2.000,232.30,232.35,2500.000,7500.000,232.15,232.30,504.000,131.000,232.25,232.40,7500.000,5000.000,232.10,232.35,9750.000,3539.000,27500.000,30000.000,232.198,232.559,232.041,232.396,0.100,0.205
2017-03-15 11:24:00,232.503,232.347,1810.000,50.000,232.35,232.50,2500.000,7500.000,232.30,232.40,1433.000,525.000,232.30,232.60,5000.000,2500.000,232.25,232.45,14094.000,7488.000,20000.000,25000.000,232.226,232.708,232.194,232.480,0.075,0.209
2017-03-15 11:25:00,232.503,232.319,2954.000,429.000,232.30,232.50,2500.000,15000.000,232.25,232.35,794.000,354.000,232.25,232.55,2500.000,7500.000,232.20,232.40,13903.000,4119.000,22500.000,37500.000,232.201,232.621,232.133,232.437,0.100,0.205
2017-03-15 11:26:00,232.559,232.344,102.000,60.000,232.40,232.50,2500.000,10000.000,232.25,232.40,3716.000,374.000,232.35,232.55,7500.000,2500.000,232.20,232.45,14533.000,3079.000,30000.000,30000.000,232.279,232.632,232.150,232.492,0.125,0.191
2017-03-15 11:27:00,232.549,232.321,154.000,60.000,232.40,232.50,2500.000,5000.000,232.20,232.30,170.000,1102.000,232.30,232.55,5000.000,7500.000,232.15,232.40,11377.000,3468.000,30000.000,30000.000,232.209,232.605,232.062,232.442,0.200,0.186
2017-03-15 11:28:00,232.483,232.243,1.000,409.000,232.35,232.45,2500.000,2500.000,232.15,232.25,1164.000,389.000,232.30,232.50,5000.000,5000.000,232.10,232.30,11110.000,4819.000,32500.000,20000.000,232.207,232.570,232.035,232.356,0.200,0.168
2017-03-15 11:29:00,232.513,232.338,35.000,869.000,232.50,232.55,2500.000,2500.000,232.25,232.35,1730.000,525.000,232.35,232.60,7500.000,7500.000,232.20,232.40,11704.000,8471.000,30000.000,22500.000,232.255,232.699,232.137,232.450,0.225,0.165
2017-03-15 11:30:00,232.497,232.332,100.000,3.000,232.40,232.45,2500.000,5000.000,232.25,232.35,11072.000,10.000,232.30,232.50,5000.000,5000.000,232.20,232.40,20071.000,2938.000,30000.000,25000.000,232.257,232.621,232.125,232.465,0.125,0.144
2017-03-15 11:31:00,232.350,232.204,549.000,3.000,232.25,232.30,7500.000,7500.000,232.10,232.25,3086.000,60.000,232.20,232.40,5000.000,5000.000,232.05,232.30,10731.000,4592.000,37500.000,32500.000,232.134,232.515,231.990,232.354,0.100,0.150
2017-03-15 11:32:00,232.407,232.202,1760.000,432.000,232.25,232.45,7500.000,7500.000,232.10,232.25,3106.000,2246.000,232.20,232.50,5000.000,2500.000,232.05,232.30,11980.000,6766.000,35000.000,30000.000,232.146,232.554,231.989,232.363,0.175,0.129
2017-03-15 11:33:00,232.360,232.211,754.000,15.000,232.25,232.40,2500.000,5000.000,232.15,232.25,3469.000,422.000,232.20,232.45,2500.000,2500.000,232.10,232.30,8958.000,5363.000,27500.000,27500.000,232.146,232.529,232.027,232.368,0.125,0.122
2017-03-15 11:34:00,232.350,232.189,83.000,60.000,232.30,232.40,7500.000,2500.000,232.10,232.25,516.000,422.000,232.25,232.45,2500.000,5000.000,232.05,232.30,5209.000,5331.000,32500.000,22500.000,232.162,232.533,231.996,232.361,0.175,0.126
2017-03-15 11:35:00,232.505,232.445,5531.000,2.000,232.35,232.40,5000.000,7500.000,232.30,232.50,717.000,3.000,232.30,232.45,10000.000,2500.000,232.25,232.55,14729.000,743.000,30000.000,20000.000,232.257,232.613,232.208,232.575,-0.025,0.146
2017-03-15 11:36:00,232.375,232.198,2531.000,50.000,232.20,232.25,5000.000,7500.000,232.10,232.25,2723.000,213.000,232.15,232.45,10000.000,5000.000,232.05,232.30,14736.000,5787.000,32500.000,27500.000,232.079,232.532,232.000,232.332,0.050,0.150
2017-03-15 11:37:00,232.239,232.139,1081.000,82.000,232.25,232.30,7500.000,2500.000,232.05,232.20,1681.000,148.000,232.20,232.35,7500.000,5000.000,232.00,232.25,6144.000,6172.000,27500.000,20000.000,232.151,232.470,231.968,232.306,0.150,0.175
2017-03-15 11:38:00,232.229,232.119,5116.000,437.000,232.05,232.30,7500.000,7500.000,232.00,232.15,3308.000,1088.000,232.00,232.35,5000.000,7500.000,231.95,232.20,15442.000,7652.000,32500.000,32500.000,231.963,232.440,231.888,232.262,0.100,0.170
2017-03-15 11:39:00,232.232,232.048,1195.000,593.000,232.10,232.25,2500.000,2500.000,232.00,232.05,4762.000,767.000,232.05,232.30,2500.000,7500.000,231.95,232.10,12593.000,5406.000,32500.000,27500.000,232.012,232.367,231.858,232.173,0.150,0.171
2017-03-15 11:40:00,232.246,232.087,120.000,338.000,232.10,232.25,2500.000,2500.000,232.00,232.05,2934.000,885.000,232.05,232.30,2500.000,2500.000,231.95,232.15,11771.000,4743.000,32500.000,25000.000,231.996,232.372,231.858,232.205,0.150,0.166
2017-03-15 11:41:00,232.202,232.004,23.000,398.000,232.10,232.20,2500.000,2500.000,231.90,232.00,570.000,2175.000,232.05,232.25,2500.000,5000.000,231.85,232.05,8412.000,5355.000,40000.000,27500.000,231.972,232.297,231.769,232.145,0.200,0.139
2017-03-15 11:42:00,232.187,231.963,1.000,9.000,232.05,232.10,2500.000,7500.000,231.90,232.00,3293.000,569.000,232.00,232.20,2500.000,5000.000,231.85,232.05,12480.000,3744.000,30000.000,27500.000,231.930,232.291,231.783,232.105,0.125,0.115
2017-03-15 11:43:00,232.096,232.009,1628.000,4.000,232.00,232.05,12500.000,10000.000,231.80,232.00,4173.000,210.000,231.95,232.20,7500.000,7500.000,231.75,232.05,9091.000,4630.000,52500.000,35000.000,231.916,232.288,231.655,232.139,0.125,0.115
2017-03-15 11:44:00,232.137,231.952,627.000,20.000,232.00,232.10,10000.000,5000.000,231.85,232.00,353.000,60.000,231.95,232.15,10000.000,5000.000,231.80,232.05,9540.000,3139.000,35000.000,22500.000,231.872,232.237,231.771,232.094,0.125,0.117
2017-03-15 11:45:00,232.148,232.012,1431.000,1.000,232.00,232.15,5000.000,2500.000,231.90,232.05,353.000,1169.000,231.95,232.20,2500.000,12500.000,231.85,232.10,7565.000,3395.000,37500.000,27500.000,231.876,232.283,231.787,232.145,0.100,0.126
2017-03-15 11:46:00,232.142,232.080,4593.000,20.000,232.00,232.15,5000.000,7500.000,231.95,232.10,844.000,976.000,231.95,232.20,7500.000,7500.000,231.90,232.15,10152.000,2800.000,40000.000,27500.000,231.931,232.287,231.838,232.182,0.050,0.158
2017-03-15 11:47:00,232.186,232.082,4412.000,120.000,232.05,232.15,2500.000,2500.000,232.00,232.10,1143.000,976.000,232.00,232.20,12500.000,7500.000,231.90,232.15,12560.000,2891.000,40000.000,22500.000,231.952,232.282,231.850,232.200,0.050,0.168
2017-03-15 11:48:00,232.150,232.060,3980.000,6.000,232.05,232.15,2500.000,7500.000,232.00,232.05,1043.000,1780.000,232.00,232.20,2500.000,7500.000,231.95,232.10,11767.000,5665.000,32500.000,30000.000,231.945,232.267,231.858,232.133,0.075,0.180
2017-03-15 11:49:00,232.215,232.023,43.000,6.000,232.10,232.15,2500.000,5000.000,231.95,232.05,7757.000,2070.000,232.00,232.25,5000.000,5000.000,231.90,232.10,14453.000,4895.000,32500.000,27500.000,231.941,232.312,231.835,232.145,0.125,0.173
2017-03-15 11:50:00,232.244,232.060,148.000,60.000,232.10,232.25,2500.000,2500.000,232.00,232.05,2895.000,1228.000,232.05,232.30,2500.000,5000.000,231.95,232.10,12516.000,4939.000,27500.000,22500.000,232.002,232.368,231.855,232.156,0.150,0.177
2017-03-15 11:51:00,232.411,232.189,746.000,1058.000,232.20,232.45,5000.000,2500.000,232.10,232.25,2945.000,1951.000,232.15,232.50,2500.000,5000.000,232.05,232.30,12997.000,7397.000,25000.000,20000.000,232.062,232.549,232.005,232.375,0.150,0.168
2017-03-15 11:52:00,232.247,232.096,16.000,1054.000,232.15,232.30,2500.000,7500.000,232.00,232.10,165.000,476.000,232.10,232.35,7500.000,2500.000,231.95,232.15,8666.000,7805.000,37500.000,25000.000,231.992,232.438,231.880,232.190,0.175,0.167
2017-03-15 11:53:00,232.242,232.092,141.000,60.000,232.10,232.30,5000.000,5000.000,232.00,232.10,3550.000,758.000,232.05,232.35,10000.000,2500.000,231.95,232.15,13839.000,7333.000,37500.000,22500.000,232.002,232.452,231.903,232.206,0.150,0.166
2017-03-15 11:54:00,232.351,232.195,487.000,854.000,232.15,232.35,5000.000,2500.000,232.10,232.20,857.000,435.000,232.10,232.40,2500.000,7500.000,232.05,232.25,16994.000,7158.000,27500.000,22500.000,232.011,232.478,231.986,232.317,0.100,0.168
2017-03-15 11:55:00,232.320,232.115,169.000,3.000,232.20,232.25,12500.000,5000.000,232.00,232.15,1049.000,60.000,232.15,232.30,7500.000,7500.000,231.95,232.20,11662.000,4085.000,37500.000,22500.000,232.029,232.420,231.920,232.228,0.150,0.155
2017-03-15 11:56:00,232.345,232.167,125.000,12.000,232.20,232.25,7500.000,7500.000,232.05,232.20,750.000,293.000,232.15,232.30,10000.000,5000.000,232.00,232.25,13154.000,3614.000,32500.000,20000.000,232.021,232.411,231.969,232.269,0.100,0.143
2017-03-15 11:57:00,232.234,232.089,136.000,60.000,232.15,232.25,2500.000,5000.000,232.00,232.10,286.000,712.000,232.05,232.30,10000.000,7500.000,231.95,232.15,11698.000,5740.000,32500.000,25000.000,231.982,232.392,231.881,232.180,0.150,0.122
2017-03-15 11:58:00,232.195,232.048,1241.000,50.000,232.05,232.20,7500.000,5000.000,231.95,232.10,6223.000,529.000,232.00,232.25,5000.000,10000.000,231.90,232.15,11893.000,3689.000,35000.000,27500.000,231.965,232.346,231.814,232.177,0.100,0.118
2017-03-15 11:59:00,232.240,232.073,22.000,105.000,232.10,232.20,7500.000,7500.000,231.95,232.15,765.000,469.000,232.05,232.25,7500.000,7500.000,231.90,232.20,9545.000,2712.000,30000.000,25000.000,231.981,232.340,231.863,232.240,0.100,0.107
2017-03-15 12:00:00,232.229,232.092,327.000,105.000,232.05,232.20,10000.000,10000.000,231.95,232.15,5283.000,469.000,232.00,232.25,5000.000,7500.000,231.90,232.20,13613.000,3608.000,32500.000,30000.000,231.935,232.344,231.862,232.250,0.075,0.117
2017-03-15 12:01:00,232.175,232.054,406.000,422.000,232.10,232.15,5000.000,10000.000,231.90,232.10,6363.000,409.000,232.00,232.20,7500.000,5000.000,231.85,232.15,10518.000,3074.000,35000.000,27500.000,231.953,232.286,231.789,232.200,0.125,0.139
2017-03-15 12:02:00,232.061,232.020,7937.000,6.000,232.00,232.05,5000.000,5000.000,231.90,232.00,80.000,321.000,231.95,232.15,2500.000,7500.000,231.85,232.10,12261.000,3592.000,32500.000,22500.000,231.947,232.245,231.785,232.117,0.075,0.154
2017-03-15 12:03:00,232.229,232.103,2077.000,90.000,232.10,232.20,2500.000,2500.000,232.00,232.10,2664.000,160.000,232.05,232.25,7500.000,7500.000,231.95,232.20,15500.000,3965.000,25000.000,17500.000,231.999,232.351,231.890,232.236,0.100,0.159
2017-03-15 12:04:00,232.259,232.145,1017.000,89.000,232.10,232.20,10000.000,2500.000,232.00,232.15,2030.000,100.000,232.05,232.25,7500.000,5000.000,231.95,232.20,15582.000,2000.000,37500.000,17500.000,232.000,232.362,231.920,232.279,0.075,0.159
2017-03-15 12:05:00,232.309,232.122,228.000,669.000,232.10,232.30,5000.000,2500.000,232.00,232.15,2677.000,793.000,232.05,232.35,7500.000,10000.000,231.95,232.20,21210.000,6462.000,32500.000,25000.000,231.986,232.437,231.892,232.245,0.125,0.159
2017-03-15 12:06:00,232.313,232.083,74.000,1294.000,232.15,232.30,2500.000,2500.000,232.00,232.15,100.000,561.000,232.10,232.35,7500.000,10000.000,231.95,232.20,17055.000,8140.000,22500.000,22500.000,231.998,232.431,231.889,232.244,0.150,0.150
2017-03-15 12:07:00,232.281,232.168,87.000,2.000,232.10,232.20,2500.000,12500.000,232.05,232.20,1849.000,90.000,232.05,232.25,2500.000,5000.000,232.00,232.25,22020.000,2189.000,17500.000,25000.000,231.985,232.355,231.936,232.295,0.025,0.131
2017-03-15 12:08:00,232.240,232.089,36.000,150.000,232.15,232.20,2500.000,2500.000,232.05,232.10,3402.000,1445.000,232.05,232.25,2500.000,5000.000,231.95,232.15,21294.000,5669.000,27500.000,20000.000,231.990,232.323,231.886,232.194,0.100,0.120
2017-03-15 12:09:00,232.221,232.107,3167.000,60.000,232.05,232.20,2500.000,10000.000,232.00,232.15,11979.000,304.000,232.00,232.25,7500.000,10000.000,231.95,232.20,22099.000,3727.000,27500.000,27500.000,231.975,232.349,231.891,232.214,0.050,0.126
2017-03-15 12:10:00,232.253,232.067,188.000,70.000,232.10,232.20,5000.000,2500.000,232.00,232.10,4353.000,304.000,232.05,232.25,2500.000,10000.000,231.95,232.15,21896.000,4081.000,30000.000,27500.000,231.991,232.345,231.892,232.186,0.100,0.105
2017-03-15 12:11:00,232.254,232.069,2550.000,10.000,232.10,232.20,10000.000,10000.000,232.00,232.15,4119.000,60.000,232.05,232.25,7500.000,7500.000,231.95,232.20,25040.000,3438.000,30000.000,30000.000,232.003,232.359,231.917,232.233,0.075,0.074
2017-03-15 12:12:00,232.481,232.460,4513.000,3.000,232.35,232.45,7500.000,2500.000,232.30,232.50,2928.000,230.000,232.30,232.50,10000.000,5000.000,232.25,232.55,13099.000,2069.000,32500.000,17500.000,232.272,232.613,232.212,232.629,-0.000,0.090
2017-03-15 12:13:00,232.501,232.407,5.000,461.000,232.45,232.55,2500.000,2500.000,232.35,232.45,2668.000,890.000,232.40,232.60,7500.000,5000.000,232.30,232.50,10185.000,9093.000,20000.000,17500.000,232.316,232.704,232.262,232.557,0.100,0.096
2017-03-15 12:14:00,232.593,232.450,593.000,2.000,232.40,232.45,2500.000,7500.000,232.35,232.50,2068.000,57.000,232.35,232.55,7500.000,2500.000,232.30,232.55,13265.000,1242.000,25000.000,20000.000,232.274,232.639,232.260,232.606,0.000,0.077
2017-03-15 12:15:00,232.373,232.292,4192.000,1308.000,232.35,232.40,2500.000,20000.000,232.30,232.40,2774.000,500.000,232.30,232.45,12500.000,2500.000,232.20,232.45,11798.000,7261.000,35000.000,57500.000,232.287,232.522,232.157,232.500,0.025,0.075
2017-03-15 12:16:00,232.537,232.508,3599.000,456.000,232.35,232.55,7500.000,5000.000,232.35,232.50,5514.000,315.000,232.30,232.60,5000.000,5000.000,232.30,232.55,21582.000,7626.000,40000.000,20000.000,232.239,232.713,232.244,232.613,0.025,0.110
2017-03-15 12:17:00,232.511,232.410,3119.000,850.000,232.45,232.55,10000.000,15000.000,232.40,232.50,1219.000,8000.000,232.40,232.60,12500.000,17500.000,232.35,232.55,12836.000,12978.000,37500.000,65000.000,232.338,232.638,232.320,232.575,0.050,0.111
2017-03-15 12:18:00,232.549,232.426,2837.000,96.000,232.55,232.60,5000.000,5000.000,232.50,232.60,56.000,150.000,232.50,232.65,2500.000,10000.000,232.45,232.65,8478.000,7419.000,17500.000,80000.000,232.457,232.765,232.414,232.731,0.025,0.097
2017-03-15 12:19:00,232.739,232.688,913.000,60.000,232.75,232.80,2500.000,2500.000,232.65,232.75,232.000,1693.000,232.70,232.85,5000.000,7500.000,232.60,232.80,6695.000,9439.000,20000.000,22500.000,232.613,232.951,232.525,232.844,0.075,0.100
2017-03-15 12:20:00,232.782,232.711,5457.000,16.000,232.75,232.80,2500.000,2500.000,232.70,232.80,6.000,470.000,232.70,232.85,2500.000,15000.000,232.65,232.85,11900.000,6638.000,20000.000,35000.000,232.658,232.963,232.588,232.904,0.025,0.119
2017-03-15 12:21:00,233.264,233.062,294.000,62.000,233.15,233.20,2500.000,7500.000,233.00,233.10,1295.000,25.000,233.10,233.25,2500.000,5000.000,232.95,233.15,9547.000,2852.000,15000.000,25000.000,233.004,233.361,232.883,233.205,0.125,0.096
2017-03-15 12:22:00,232.920,232.813,71.000,250.000,232.90,233.00,2500.000,10000.000,232.85,232.95,553.000,350.000,232.85,233.05,5000.000,25000.000,232.80,233.00,12590.000,12255.000,17500.000,77500.000,232.742,233.173,232.750,233.040,0.050,0.093
2017-03-15 12:23:00,233.170,233.115,533.000,93.000,233.05,233.20,2500.000,5000.000,232.95,233.15,1200.000,419.000,233.00,233.30,7500.000,7500.000,232.90,233.20,9449.000,6383.000,27500.000,22500.000,232.932,233.419,232.818,233.283,0.075,0.094
2017-03-15 12:24:00,233.166,233.100,2174.000,710.000,233.05,233.10,2500.000,5000.000,233.05,233.15,5042.000,1050.000,233.00,233.30,7500.000,10000.000,233.00,233.20,14204.000,8408.000,22500.000,25000.000,232.962,233.375,232.933,233.225,-0.025,0.089
2017-03-15 12:25:00,233.251,233.086,582.000,20.000,233.10,233.15,2500.000,7500.000,233.05,233.20,1528.000,35.000,233.05,233.20,7500.000,5000.000,233.00,233.25,10371.000,2317.000,17500.000,27500.000,232.970,233.356,232.964,233.332,0.000,0.083
2017-03-15 12:26:00,233.150,233.064,113.000,3.000,233.05,233.10,5000.000,12500.000,233.00,233.20,3414.000,125.000,233.00,233.20,2500.000,5000.000,232.95,233.25,6981.000,2618.000,20000.000,35000.000,232.948,233.320,232.887,233.321,-0.025,0.076
2017-03-15 12:27:00,233.154,233.062,3501.000,20.000,233.00,233.05,2500.000,5000.000,232.95,233.10,1984.000,85.000,232.90,233.15,2500.000,2500.000,232.90,233.15,14045.000,1702.000,22500.000,17500.000,232.853,233.249,232.839,233.193,0.000,0.071
2017-03-15 12:28:00,233.182,233.124,614.000,247.000,233.05,233.10,2500.000,5000.000,233.00,233.20,1910.000,20.000,233.00,233.20,10000.000,5000.000,232.95,233.25,9073.000,2624.000,27500.000,25000.000,232.929,233.309,232.886,233.345,-0.025,0.042
2017-03-15 12:29:00,233.182,233.138,2601.000,10.000,233.20,233.25,5000.000,2500.000,233.05,233.20,469.000,60.000,233.15,233.30,7500.000,2500.000,233.00,233.25,8275.000,10066.000,25000.000,17500.000,233.101,233.405,232.970,233.357,0.100,0.031
2017-03-15 12:30:00,233.296,233.160,1346.000,60.000,233.20,233.30,2500.000,2500.000,233.10,233.25,123.000,616.000,233.15,233.35,7500.000,2500.000,233.05,233.30,12094.000,7087.000,27500.000,22500.000,233.052,233.464,232.991,233.383,0.075,0.023
2017-03-15 12:31:00,233.253,233.203,66.000,463.000,233.25,233.30,2500.000,2500.000,233.15,233.25,179.000,666.000,233.20,233.35,2500.000,2500.000,233.10,233.30,5661.000,7551.000,22500.000,20000.000,233.088,233.453,233.033,233.381,0.075,0.013
2017-03-15 12:32:00,233.241,233.176,46.000,901.000,233.25,233.30,2500.000,5000.000,233.15,233.20,143.000,726.000,233.20,233.35,2500.000,2500.000,233.10,233.25,6787.000,10482.000,22500.000,25000.000,233.089,233.452,233.039,233.340,0.100,0.027
2017-03-15 12:33:00,233.243,233.325,419.000,629.000,233.35,233.40,2500.000,7500.000,233.25,233.40,59.000,1541.000,233.25,233.45,7500.000,10000.000,233.20,233.45,8172.000,21635.000,27500.000,32500.000,233.161,233.571,233.141,233.481,0.050,0.073
2017-03-15 12:34:00,233.255,233.267,37.000,70.000,233.35,233.40,7500.000,15000.000,233.20,233.40,208.000,251.000,233.30,233.45,10000.000,7500.000,233.15,233.45,6042.000,19238.000,27500.000,37500.000,233.205,233.587,233.105,233.467,0.075,0.092
2017-03-15 12:35:00,233.333,233.235,24.000,100.000,233.40,233.45,5000.000,2500.000,233.20,233.35,65.000,1414.000,233.35,233.50,7500.000,12500.000,233.15,233.40,5218.000,20391.000,20000.000,30000.000,233.209,233.596,233.125,233.442,0.150,0.091
2017-03-15 12:36:00,233.284,233.283,34.000,1000.000,233.35,233.40,12500.000,10000.000,233.20,233.40,843.000,70.000,233.30,233.45,5000.000,5000.000,233.15,233.45,8190.000,18948.000,30000.000,30000.000,233.202,233.581,233.100,233.488,0.075,0.111
2017-03-15 12:37:00,233.297,233.167,811.000,452.000,233.25,233.35,2500.000,2500.000,233.05,233.20,284.000,2097.000,233.20,233.40,2500.000,2500.000,233.00,233.25,6520.000,8212.000,25000.000,20000.000,233.091,233.472,232.920,233.356,0.175,0.122
2017-03-15 12:38:00,233.274,233.123,6.000,1252.000,233.20,233.30,2500.000,2500.000,233.00,233.15,415.000,419.000,233.10,233.35,2500.000,10000.000,232.95,233.20,10850.000,7677.000,30000.000,25000.000,232.995,233.440,232.867,233.275,0.175,0.115
2017-03-15 12:39:00,233.069,232.989,459.000,100.000,232.95,233.00,2500.000,7500.000,232.85,233.05,82.000,1342.000,232.90,233.10,7500.000,2500.000,232.80,233.10,8925.000,4370.000,27500.000,20000.000,232.805,233.182,232.736,233.131,0.025,0.153
2017-03-15 12:40:00,233.070,232.975,132.000,480.000,233.00,233.15,2500.000,2500.000,232.85,233.05,13.000,1232.000,232.95,233.20,5000.000,5000.000,232.80,233.10,6965.000,6765.000,22500.000,17500.000,232.814,233.267,232.739,233.150,0.125,0.168
2017-03-15 12:41:00,233.083,232.983,709.000,519.000,233.00,233.15,2500.000,2500.000,232.90,233.00,167.000,2429.000,232.95,233.20,7500.000,7500.000,232.85,233.05,8299.000,8066.000,27500.000,30000.000,232.881,233.257,232.759,233.113,0.125,0.197
2017-03-15 12:42:00,232.996,232.812,224.000,42.000,232.90,232.95,2500.000,10000.000,232.80,233.00,5126.000,217.000,232.85,233.00,5000.000,17500.000,232.70,233.05,11839.000,3199.000,20000.000,50000.000,232.784,233.112,232.662,233.080,0.025,0.169
2017-03-15 12:43:00,233.381,233.265,1067.000,1371.000,233.45,233.50,5000.000,12500.000,233.20,233.40,686.000,174.000,233.40,233.55,7500.000,7500.000,233.15,233.45,4418.000,22169.000,22500.000,35000.000,233.350,233.612,233.111,233.479,0.175,0.162
2017-03-15 12:44:00,233.302,233.030,183.000,150.000,233.20,233.30,5000.000,2500.000,233.00,233.15,56.000,60.000,233.15,233.35,2500.000,10000.000,232.95,233.20,7816.000,4754.000,20000.000,35000.000,233.038,233.462,232.912,233.239,0.175,0.117
2017-03-15 12:45:00,233.119,232.952,114.000,307.000,233.05,233.10,12500.000,2500.000,232.95,233.00,2614.000,1419.000,233.00,233.15,15000.000,5000.000,232.90,233.05,11841.000,6646.000,42500.000,35000.000,232.926,233.217,232.885,233.136,0.100,0.064
2017-03-15 12:46:00,233.181,232.934,582.000,170.000,233.10,233.15,2500.000,2500.000,232.95,233.10,259.000,200.000,233.05,233.20,7500.000,5000.000,232.90,233.15,9294.000,3627.000,22500.000,32500.000,232.972,233.318,232.822,233.227,0.100,0.025
2017-03-15 12:47:00,233.225,233.181,14.000,1004.000,233.25,233.35,5000.000,2500.000,233.05,233.25,81.000,5484.000,233.15,233.40,10000.000,7500.000,233.00,233.30,10044.000,19416.000,30000.000,22500.000,233.032,233.479,232.946,233.350,0.150,0.032
2017-03-15 12:48:00,233.277,233.198,27.000,1.000,233.25,233.30,7500.000,2500.000,233.10,233.25,3583.000,369.000,233.20,233.35,10000.000,5000.000,233.05,233.30,10082.000,9004.000,32500.000,22500.000,233.128,233.435,233.012,233.356,0.100,0.031
2017-03-15 12:49:00,233.191,233.145,834.000,567.000,233.20,233.35,5000.000,2500.000,233.10,233.20,110.000,5147.000,233.15,233.40,2500.000,10000.000,233.05,233.30,8243.000,19044.000,20000.000,27500.000,233.075,233.482,233.000,233.341,0.125,0.036
2017-03-15 12:50:00,233.358,233.453,8.000,653.000,233.45,233.50,5000.000,2500.000,233.35,233.45,3214.000,3949.000,233.30,233.55,2500.000,5000.000,233.30,233.50,9224.000,23355.000,27500.000,15000.000,233.234,233.597,233.232,233.542,0.075,0.092
2017-03-15 12:51:00,233.622,233.573,164.000,4246.000,233.55,233.60,5000.000,2500.000,233.55,233.60,2664.000,69.000,233.50,233.65,5000.000,15000.000,233.50,233.70,11683.000,8855.000,22500.000,32500.000,233.413,233.679,233.461,233.731,-0.000,0.087
2017-03-15 12:52:00,234.651,234.569,110.000,727.000,234.55,234.70,5000.000,2500.000,234.50,234.60,289.000,1029.000,234.50,234.75,2500.000,2500.000,234.40,234.65,8263.000,7948.000,25000.000,15000.000,234.372,234.835,234.355,234.717,0.075,0.089
2017-03-15 12:53:00,234.364,234.292,2339.000,76.000,234.30,234.35,55000.000,2500.000,234.20,234.30,2728.000,1313.000,234.25,234.40,2500.000,7500.000,234.15,234.40,10581.000,4627.000,75000.000,22500.000,234.197,234.489,234.163,234.444,0.075,0.085
2017-03-15 12:54:00,234.220,234.146,163.000,758.000,234.25,234.30,2500.000,2500.000,234.10,234.20,2562.000,502.000,234.20,234.35,5000.000,7500.000,234.05,234.30,4819.000,7980.000,15000.000,20000.000,234.141,234.445,234.000,234.344,0.125,0.093
2017-03-15 12:55:00,234.371,234.187,50.000,60.000,234.25,234.40,5000.000,2500.000,234.15,234.30,1245.000,369.000,234.20,234.45,5000.000,2500.000,234.10,234.35,5284.000,3375.000,20000.000,27500.000,234.116,234.535,234.050,234.436,0.100,0.064
2017-03-15 12:56:00,234.420,234.393,398.000,25.000,234.40,234.45,2500.000,5000.000,234.30,234.40,5075.000,469.000,234.35,234.50,27500.000,5000.000,234.25,234.45,8977.000,6928.000,67500.000,27500.000,234.312,234.583,234.211,234.495,0.075,0.081
2017-03-15 12:57:00,234.390,234.298,522.000,2728.000,234.35,234.55,27500.000,2500.000,234.20,234.35,56.000,1664.000,234.30,234.60,2500.000,7500.000,234.15,234.40,5723.000,11230.000,40000.000,20000.000,234.222,234.656,234.156,234.444,0.175,0.085
2017-03-15 12:58:00,234.618,234.567,500.000,92.000,234.60,234.65,47500.000,2500.000,234.50,234.60,3083.000,569.000,234.55,234.75,2500.000,2500.000,234.45,234.65,7575.000,7396.000,70000.000,25000.000,234.507,234.857,234.446,234.720,0.075,0.102
2017-03-15 12:59:00,234.684,234.571,121.000,10.000,234.60,234.65,45000.000,2500.000,234.50,234.60,2816.000,89.000,234.55,234.70,2500.000,2500.000,234.45,234.65,7268.000,1995.000,75000.000,27500.000,234.497,234.819,234.428,234.732,0.075,0.084
2017-03-15 13:00:00,234.668,234.630,1183.000,100.000,234.70,234.75,5000.000,2500.000,234.55,234.65,716.000,60.000,234.65,234.80,45000.000,5000.000,234.50,234.70,7237.000,9718.000,72500.000,30000.000,234.592,234.923,234.455,234.771,0.125,0.082
2017-03-15 13:01:00,234.694,234.583,2956.000,250.000,234.65,234.70,45000.000,5000.000,234.50,234.65,214.000,500.000,234.60,234.75,2500.000,2500.000,234.45,234.70,9637.000,4713.000,57500.000,30000.000,234.556,234.860,234.470,234.754,0.100,0.071
2017-03-15 13:02:00,234.688,234.576,2887.000,375.000,234.65,234.70,45000.000,5000.000,234.50,234.60,56.000,599.000,234.60,234.75,2500.000,7500.000,234.45,234.70,9079.000,5212.000,62500.000,30000.000,234.555,234.850,234.460,234.729,0.125,0.077
2017-03-15 13:03:00,234.637,234.500,876.000,49.000,234.45,234.50,2500.000,2500.000,234.35,234.50,3516.000,619.000,234.40,234.65,5000.000,10000.000,234.30,234.55,13410.000,3621.000,50000.000,25000.000,234.317,234.744,234.225,234.600,0.050,0.078
2017-03-15 13:04:00,234.491,234.469,429.000,2.000,234.40,234.45,5000.000,2500.000,234.30,234.50,5727.000,337.000,234.35,234.50,7500.000,5000.000,234.25,234.55,11464.000,4178.000,50000.000,27500.000,234.306,234.722,234.210,234.655,0.025,0.086
2017-03-15 13:05:00,234.509,234.480,539.000,18.000,234.45,234.50,2500.000,5000.000,234.35,234.50,3272.000,60.000,234.40,234.60,5000.000,5000.000,234.30,234.55,8282.000,5125.000,47500.000,27500.000,234.336,234.736,234.218,234.614,0.050,0.120
2017-03-15 13:06:00,234.628,234.574,1775.000,158.000,234.60,234.65,2500.000,5000.000,234.50,234.65,2567.000,160.000,234.55,234.70,7500.000,15000.000,234.45,234.70,8104.000,4589.000,27500.000,30000.000,234.521,234.801,234.382,234.725,0.050,0.151
2017-03-15 13:07:00,234.631,234.488,89.000,150.000,234.45,234.60,2500.000,5000.000,234.35,234.50,3178.000,852.000,234.40,234.65,2500.000,5000.000,234.30,234.55,12481.000,4630.000,52500.000,30000.000,234.304,234.729,234.217,234.617,0.100,0.164
2017-03-15 13:08:00,234.502,234.359,453.000,150.000,234.35,234.50,17500.000,2500.000,234.25,234.40,6129.000,155.000,234.30,234.55,5000.000,2500.000,234.20,234.45,12038.000,3470.000,30000.000,12500.000,234.262,234.648,234.204,234.500,0.100,0.179
2017-03-15 13:09:00,234.456,234.394,1840.000,106.000,234.40,234.50,10000.000,7500.000,234.25,234.45,67.000,284.000,234.35,234.55,15000.000,7500.000,234.20,234.50,9482.000,7974.000,37500.000,22500.000,234.297,234.620,234.170,234.517,0.100,0.229
2017-03-15 13:10:00,234.516,234.320,870.000,131.000,234.40,234.50,7500.000,5000.000,234.25,234.40,67.000,187.000,234.35,234.55,5000.000,5000.000,234.20,234.45,8363.000,3108.000,25000.000,25000.000,234.284,234.651,234.165,234.495,0.125,0.240
2017-03-15 13:11:00,234.388,234.176,754.000,7.000,234.30,234.35,5000.000,5000.000,234.10,234.25,371.000,60.000,234.20,234.40,2500.000,5000.000,234.05,234.30,6367.000,1679.000,25000.000,27500.000,234.143,234.498,234.000,234.368,0.150,0.242
2017-03-15 13:12:00,234.274,234.068,45.000,2.000,234.15,234.20,5000.000,2500.000,234.00,234.15,60.000,61.000,234.10,234.30,2500.000,5000.000,233.95,234.20,8675.000,3347.000,25000.000,22500.000,234.010,234.425,233.850,234.267,0.100,0.234
2017-03-15 13:13:00,234.368,234.147,9567.000,650.000,234.20,234.40,5000.000,5000.000,234.05,234.25,304.000,1781.000,234.15,234.45,12500.000,5000.000,234.00,234.30,17135.000,6096.000,27500.000,20000.000,234.136,234.504,233.923,234.344,0.150,0.208
2017-03-15 13:14:00,234.252,233.938,7817.000,486.000,234.20,234.25,2500.000,5000.000,233.90,234.00,259.000,1047.000,234.10,234.30,2500.000,7500.000,233.85,234.10,14861.000,5397.000,20000.000,32500.000,234.094,234.373,233.781,234.142,0.275,0.182
2017-03-15 13:15:00,234.026,233.776,682.000,5.000,233.85,233.95,10000.000,7500.000,233.70,233.90,1297.000,110.000,233.80,234.05,2500.000,2500.000,233.65,233.95,8861.000,1966.000,25000.000,27500.000,233.745,234.164,233.585,234.068,0.100,0.149
2017-03-15 13:16:00,233.738,233.516,5853.000,429.000,233.55,233.80,2500.000,2500.000,233.45,233.65,2265.000,873.000,233.50,233.85,5000.000,5000.000,233.40,233.70,14583.000,6249.000,17500.000,22500.000,233.471,233.942,233.350,233.767,0.125,0.128
2017-03-15 13:17:00,233.770,233.606,2069.000,4.000,233.60,233.70,2500.000,5000.000,233.55,233.65,2784.000,61.000,233.55,233.75,2500.000,5000.000,233.50,233.70,11698.000,1131.000,20000.000,22500.000,233.499,233.851,233.438,233.744,0.050,0.101
2017-03-15 13:18:00,233.689,233.600,1730.000,12.000,233.60,233.65,2500.000,2500.000,233.50,233.65,2252.000,11.000,233.55,233.75,7500.000,2500.000,233.45,233.70,7605.000,2449.000,20000.000,17500.000,233.521,233.852,233.400,233.764,0.050,0.108
2017-03-15 13:19:00,233.623,233.436,1503.000,3.000,233.55,233.60,2500.000,7500.000,233.40,233.55,280.000,719.000,233.50,233.70,2500.000,10000.000,233.35,233.60,6202.000,3502.000,20000.000,42500.000,233.440,233.798,233.281,233.765,0.100,0.081
2017-03-15 13:20:00,233.311,233.228,209.000,429.000,233.20,233.35,2500.000,7500.000,233.10,233.30,2053.000,346.000,233.15,233.40,7500.000,2500.000,233.05,233.35,7155.000,4991.000,22500.000,17500.000,233.061,233.493,232.994,233.386,0.075,0.091
2017-03-15 13:21:00,233.666,233.550,1409.000,498.000,233.45,233.65,20000.000,2500.000,233.40,233.55,60.000,527.000,233.40,233.70,7500.000,2500.000,233.35,233.60,11811.000,5263.000,50000.000,15000.000,233.282,233.774,233.335,233.692,0.075,0.085
2017-03-15 13:22:00,233.611,233.580,892.000,4.000,233.50,233.55,20000.000,5000.000,233.40,233.60,2370.000,1.000,233.45,233.60,5000.000,7500.000,233.35,233.65,8691.000,3020.000,67500.000,25000.000,233.377,233.757,233.324,233.700,0.025,0.112
2017-03-15 13:23:00,233.884,233.762,2227.000,59.000,233.70,233.75,12500.000,5000.000,233.65,233.85,340.000,419.000,233.65,233.90,2500.000,5000.000,233.60,233.90,12239.000,3575.000,32500.000,27500.000,233.550,234.002,233.565,233.964,-0.025,0.117
2017-03-15 13:24:00,233.851,233.798,5157.000,40.000,233.75,233.80,17500.000,7500.000,233.70,233.85,2694.000,2.000,233.70,233.85,7500.000,2500.000,233.65,233.90,13154.000,1494.000,37500.000,22500.000,233.666,233.985,233.640,233.939,0.000,0.143
2017-03-15 13:25:00,234.216,234.085,2817.000,86.000,234.05,234.10,5000.000,5000.000,234.00,234.20,369.000,29.000,234.00,234.20,10000.000,5000.000,233.95,234.25,8454.000,1042.000,27500.000,22500.000,233.931,234.273,233.886,234.300,-0.025,0.174
2017-03-15 13:26:00,233.946,233.860,2560.000,7.000,233.85,233.90,15000.000,2500.000,233.80,233.90,2666.000,1221.000,233.80,233.95,2500.000,7500.000,233.75,233.95,11741.000,3189.000,30000.000,22500.000,233.746,234.019,233.733,234.039,0.025,0.207
2017-03-15 13:27:00,234.060,233.889,64.000,182.000,233.90,234.00,22500.000,2500.000,233.80,233.95,2724.000,1.000,233.85,234.05,7500.000,5000.000,233.75,234.00,9724.000,2230.000,37500.000,20000.000,233.767,234.160,233.760,234.069,0.075,0.201
2017-03-15 13:28:00,234.042,233.896,24.000,1.000,233.90,233.95,25000.000,2500.000,233.80,233.95,1841.000,578.000,233.85,234.00,5000.000,5000.000,233.75,234.00,8448.000,2668.000,40000.000,20000.000,233.756,234.136,233.759,234.075,0.050,0.196
2017-03-15 13:29:00,234.350,234.167,245.000,697.000,234.40,234.45,2500.000,2500.000,234.15,234.30,50.000,3532.000,234.25,234.50,2500.000,2500.000,234.10,234.35,4524.000,7140.000,25000.000,40000.000,234.197,234.542,234.040,234.422,0.200,0.184
2017-03-15 13:30:00,234.555,234.270,281.000,39.000,234.45,234.50,5000.000,2500.000,234.15,234.30,546.000,131.000,234.40,234.55,2500.000,2500.000,234.10,234.35,8342.000,3643.000,35000.000,22500.000,234.284,234.651,234.025,234.422,0.250,0.145
2017-03-15 13:31:00,234.078,233.826,951.000,48.000,233.90,233.95,5000.000,7500.000,233.70,233.85,821.000,26.000,233.85,234.00,10000.000,5000.000,233.65,233.90,8654.000,548.000,40000.000,27500.000,233.783,234.150,233.600,233.995,0.150,0.126
2017-03-15 13:32:00,233.860,233.723,645.000,193.000,233.80,233.85,2500.000,12500.000,233.70,233.80,4453.000,418.000,233.75,233.90,5000.000,7500.000,233.60,233.85,8098.000,2939.000,22500.000,37500.000,233.720,233.981,233.550,233.910,0.075,0.113
2017-03-15 13:33:00,233.744,233.621,10.000,193.000,233.65,233.70,2500.000,5000.000,233.50,233.70,6.000,114.000,233.60,233.75,12500.000,5000.000,233.45,233.75,5148.000,1778.000,32500.000,27500.000,233.520,233.856,233.392,233.800,0.075,0.106
2017-03-15 13:34:00,233.603,233.481,2808.000,69.000,233.50,233.55,5000.000,2500.000,233.45,233.55,141.000,20.000,233.45,233.60,2500.000,5000.000,233.40,233.60,8945.000,2013.000,17500.000,22500.000,233.388,233.709,233.350,233.672,0.025,0.117
2017-03-15 13:35:00,233.465,233.375,3121.000,4.000,233.35,233.40,10000.000,2500.000,233.30,233.40,256.000,5.000,233.30,233.45,2500.000,7500.000,233.25,233.50,10855.000,1724.000,25000.000,25000.000,233.239,233.574,233.210,233.595,0.025,0.147
2017-03-15 13:36:00,233.594,233.439,343.000,4.000,233.45,233.50,5000.000,2500.000,233.35,233.50,3052.000,12.000,233.40,233.55,10000.000,7500.000,233.30,233.55,10861.000,1540.000,25000.000,20000.000,233.309,233.681,233.270,233.588,0.050,0.145
2017-03-15 13:37:00,233.490,233.418,720.000,121.000,233.40,233.50,10000.000,2500.000,233.30,233.50,2043.000,62.000,233.35,233.55,5000.000,7500.000,233.25,233.55,5895.000,2912.000,32500.000,30000.000,233.301,233.631,233.223,233.679,0.050,0.162
2017-03-15 13:38:00,233.494,233.404,1913.000,228.000,233.40,233.45,2500.000,7500.000,233.35,233.50,205.000,20.000,233.35,233.50,10000.000,15000.000,233.30,233.55,7402.000,2571.000,25000.000,37500.000,233.271,233.598,233.255,233.600,0.000,0.178
2017-03-15 13:39:00,233.598,233.422,331.000,544.000,233.45,233.50,5000.000,7500.000,233.35,233.50,2027.000,114.000,233.40,233.55,7500.000,7500.000,233.30,233.55,9347.000,2122.000,25000.000,32500.000,233.293,233.609,233.270,233.642,0.050,0.184
2017-03-15 13:40:00,233.778,233.537,3743.000,188.000,233.60,233.65,5000.000,2500.000,233.55,233.65,499.000,213.000,233.55,233.80,5000.000,2500.000,233.45,233.70,12492.000,2055.000,22500.000,27500.000,233.488,233.886,233.411,233.791,0.025,0.191
2017-03-15 13:41:00,233.729,233.583,212.000,16.000,233.65,233.70,2500.000,2500.000,233.55,233.70,3521.000,42.000,233.60,233.75,2500.000,5000.000,233.50,233.75,7759.000,3641.000,17500.000,27500.000,233.553,233.977,233.436,233.814,0.050,0.216
2017-03-15 13:42:00,233.762,233.605,158.000,4.000,233.70,233.75,2500.000,2500.000,233.55,233.70,3438.000,533.000,233.60,233.80,5000.000,7500.000,233.50,233.75,8549.000,3924.000,22500.000,27500.000,233.543,233.953,233.428,233.809,0.100,0.227
2017-03-15 13:43:00,233.689,233.518,2470.000,9.000,233.55,233.60,2500.000,2500.000,233.50,233.65,374.000,60.000,233.50,233.70,2500.000,5000.000,233.45,233.70,8092.000,1870.000,15000.000,27500.000,233.432,233.788,233.392,233.755,-0.000,0.240
2017-03-15 13:44:00,233.690,233.485,1471.000,60.000,233.55,233.60,2500.000,5000.000,233.50,233.60,420.000,364.000,233.50,233.70,2500.000,2500.000,233.45,233.65,7119.000,2310.000,15000.000,27500.000,233.415,233.770,233.392,233.718,0.025,0.244
2017-03-15 13:45:00,233.771,233.490,148.000,364.000,233.65,233.80,7500.000,5000.000,233.50,233.70,2713.000,469.000,233.60,233.85,5000.000,10000.000,233.45,233.75,9539.000,4819.000,20000.000,32500.000,233.535,233.965,233.375,233.800,0.125,0.223
2017-03-15 13:46:00,234.209,233.942,556.000,170.000,234.10,234.20,7500.000,2500.000,233.90,234.00,111.000,304.000,234.05,234.25,5000.000,2500.000,233.85,234.05,5715.000,2680.000,27500.000,22500.000,233.972,234.343,233.805,234.144,0.200,0.216
2017-03-15 13:47:00,234.173,233.963,60.000,785.000,234.10,234.30,5000.000,2500.000,233.95,234.10,413.000,359.000,234.05,234.35,7500.000,2500.000,233.90,234.15,7821.000,8326.000,27500.000,32500.000,233.979,234.459,233.850,234.231,0.175,0.220
2017-03-15 13:48:00,233.960,233.722,136.000,306.000,233.75,233.95,7500.000,2500.000,233.60,233.80,421.000,160.000,233.70,234.00,5000.000,5000.000,233.55,233.85,5871.000,1788.000,30000.000,20000.000,233.638,234.076,233.438,233.912,0.150,0.220
2017-03-15 13:49:00,233.946,233.719,3477.000,2.000,233.70,233.80,7500.000,2500.000,233.65,233.80,1393.000,479.000,233.65,233.95,5000.000,2500.000,233.60,233.85,13331.000,1609.000,22500.000,17500.000,233.584,234.020,233.567,233.914,0.025,0.243
2017-03-15 13:50:00,233.926,233.756,4607.000,2.000,233.80,233.85,2500.000,2500.000,233.75,233.85,2482.000,879.000,233.75,234.00,5000.000,5000.000,233.70,233.90,11430.000,2742.000,17500.000,27500.000,233.725,234.067,233.650,233.986,0.025,0.264
2017-03-15 13:51:00,234.063,233.831,1875.000,10.000,233.95,234.00,5000.000,2500.000,233.85,234.00,2050.000,50.000,233.90,234.05,10000.000,5000.000,233.80,234.05,8337.000,1955.000,25000.000,35000.000,233.849,234.209,233.740,234.139,0.050,0.269
2017-03-15 13:52:00,234.016,233.786,430.000,773.000,233.95,234.00,2500.000,2500.000,233.75,233.95,3045.000,464.000,233.80,234.05,2500.000,10000.000,233.70,234.00,6690.000,2152.000,12500.000,22500.000,233.769,234.090,233.620,234.039,0.125,0.273
2017-03-15 13:53:00,234.165,233.926,1622.000,110.000,234.00,234.15,5000.000,2500.000,233.90,234.05,2813.000,369.000,233.95,234.20,7500.000,5000.000,233.85,234.10,8385.000,2072.000,27500.000,30000.000,233.910,234.287,233.773,234.179,0.100,0.272
2017-03-15 13:54:00,234.180,233.839,148.000,155.000,234.10,234.15,2500.000,2500.000,233.90,234.00,1152.000,555.000,234.00,234.20,2500.000,5000.000,233.85,234.05,6535.000,2477.000,15000.000,32500.000,233.928,234.267,233.783,234.135,0.175,0.242
2017-03-15 13:55:00,234.116,233.838,627.000,2.000,234.00,234.10,5000.000,5000.000,233.85,234.00,67.000,525.000,233.95,234.15,7500.000,5000.000,233.80,234.05,5178.000,2166.000,25000.000,35000.000,233.885,234.221,233.750,234.129,0.125,0.234
2017-03-15 13:56:00,234.128,233.874,3157.000,6.000,233.90,234.00,10000.000,2500.000,233.85,234.05,1229.000,469.000,233.85,234.15,5000.000,5000.000,233.80,234.10,10175.000,1161.000,25000.000,27500.000,233.801,234.224,233.755,234.164,-0.000,0.211
2017-03-15 13:57:00,234.161,233.909,2673.000,13.000,233.90,234.05,2500.000,5000.000,233.85,234.05,483.000,110.000,233.85,234.15,5000.000,5000.000,233.80,234.10,11122.000,1145.000,25000.000,30000.000,233.785,234.255,233.675,234.162,0.025,0.188
2017-03-15 13:58:00,234.108,233.873,1.000,6.000,233.95,234.00,5000.000,5000.000,233.80,234.00,134.000,110.000,233.90,234.10,7500.000,7500.000,233.75,234.05,6079.000,1956.000,27500.000,27500.000,233.795,234.195,233.650,234.095,0.075,0.170
2017-03-15 13:59:00,234.129,233.936,135.000,60.000,234.05,234.20,7500.000,2500.000,233.90,234.10,24.000,177.000,234.00,234.25,5000.000,5000.000,233.85,234.15,4709.000,3515.000,20000.000,25000.000,233.935,234.369,233.819,234.225,0.125,0.143
2017-03-15 14:00:00,234.143,233.905,72.000,429.000,234.00,234.15,7500.000,2500.000,233.85,234.05,268.000,173.000,233.95,234.20,7500.000,7500.000,233.80,234.10,3964.000,2019.000,25000.000,27500.000,233.874,234.268,233.760,234.168,0.125,0.113
2017-03-15 14:01:00,234.307,234.168,2664.000,29.000,234.25,234.35,10000.000,2500.000,234.20,234.30,1184.000,160.000,234.20,234.40,5000.000,5000.000,234.15,234.35,9556.000,7091.000,30000.000,40000.000,234.137,234.503,234.104,234.441,0.050,0.110
2017-03-15 14:02:00,234.261,234.124,218.000,60.000,234.20,234.35,5000.000,7500.000,234.10,234.30,2138.000,555.000,234.15,234.40,2500.000,5000.000,234.05,234.35,6656.000,7086.000,20000.000,32500.000,234.072,234.493,234.000,234.412,0.075,0.118
2017-03-15 14:03:00,234.248,234.103,2532.000,73.000,234.10,234.20,2500.000,2500.000,234.05,234.20,487.000,60.000,234.05,234.30,7500.000,5000.000,234.00,234.25,10020.000,3151.000,17500.000,20000.000,233.992,234.410,233.964,234.306,0.025,0.115
2017-03-15 14:04:00,234.234,234.179,8.000,1885.000,234.25,234.40,5000.000,7500.000,234.15,234.35,2063.000,390.000,234.20,234.45,2500.000,5000.000,234.10,234.40,3619.000,9730.000,17500.000,30000.000,234.158,234.512,234.036,234.442,0.075,0.137
2017-03-15 14:05:00,234.341,234.252,164.000,370.000,234.30,234.45,2500.000,10000.000,234.20,234.35,1784.000,1725.000,234.25,234.50,5000.000,5000.000,234.15,234.40,4883.000,7017.000,20000.000,30000.000,234.189,234.562,234.094,234.433,0.100,0.147
2017-03-15 14:06:00,234.266,234.142,130.000,45.000,234.20,234.25,5000.000,2500.000,234.05,234.25,1699.000,60.000,234.15,234.35,7500.000,2500.000,234.00,234.30,6302.000,4653.000,25000.000,22500.000,234.060,234.470,233.965,234.372,0.075,0.150
2017-03-15 14:07:00,234.094,233.913,23.000,1147.000,234.00,234.15,2500.000,2500.000,233.85,233.95,1933.000,1688.000,233.90,234.20,7500.000,2500.000,233.80,234.05,9362.000,9057.000,20000.000,17500.000,233.805,234.266,233.762,234.121,0.175,0.138
2017-03-15 14:08:00,234.167,234.038,3637.000,47.000,234.00,234.10,2500.000,2500.000,233.95,234.10,325.000,330.000,233.95,234.20,5000.000,5000.000,233.90,234.15,8678.000,1721.000,22500.000,20000.000,233.904,234.273,233.839,234.206,0.025,0.137
2017-03-15 14:09:00,234.091,233.929,2197.000,4.000,234.00,234.05,5000.000,2500.000,233.85,234.00,1210.000,467.000,233.90,234.15,7500.000,7500.000,233.80,234.05,8115.000,3286.000,22500.000,20000.000,233.852,234.222,233.772,234.088,0.100,0.146
2017-03-15 14:10:00,234.011,233.869,216.000,338.000,234.00,234.05,5000.000,5000.000,233.80,233.95,1211.000,519.000,233.90,234.10,5000.000,2500.000,233.75,234.00,7092.000,5920.000,20000.000,20000.000,233.809,234.208,233.706,234.056,0.150,0.136
2017-03-15 14:11:00,234.169,234.033,1968.000,719.000,234.00,234.20,5000.000,7500.000,233.95,234.10,1199.000,233.000,233.95,234.25,7500.000,5000.000,233.90,234.15,8635.000,4092.000,27500.000,25000.000,233.886,234.339,233.855,234.195,0.075,0.154
2017-03-15 14:12:00,234.029,233.908,1199.000,60.000,233.85,234.05,5000.000,5000.000,233.80,233.90,941.000,173.000,233.80,234.10,2500.000,7500.000,233.75,234.00,11882.000,5335.000,25000.000,20000.000,233.714,234.221,233.645,234.012,0.100,0.149
2017-03-15 14:13:00,233.965,233.841,198.000,60.000,233.90,234.05,5000.000,5000.000,233.80,233.95,2917.000,542.000,233.85,234.10,5000.000,5000.000,233.75,234.00,7093.000,5769.000,20000.000,22500.000,233.799,234.214,233.688,234.050,0.100,0.168
2017-03-15 14:14:00,234.054,233.847,93.000,6.000,234.00,234.05,5000.000,10000.000,233.80,234.00,2274.000,479.000,233.85,234.10,2500.000,5000.000,233.75,234.05,7300.000,2720.000,15000.000,27500.000,233.789,234.185,233.692,234.086,0.125,0.185
2017-03-15 14:15:00,233.695,233.600,3046.000,17.000,233.55,233.60,2500.000,2500.000,233.45,233.60,2006.000,128.000,233.50,233.75,5000.000,10000.000,233.40,233.65,10009.000,2101.000,25000.000,22500.000,233.466,233.829,233.315,233.717,0.050,0.201
2017-03-15 14:16:00,233.642,233.417,1895.000,128.000,233.55,233.65,2500.000,2500.000,233.35,233.50,15.000,424.000,233.50,233.70,5000.000,2500.000,233.30,233.55,4945.000,2648.000,17500.000,20000.000,233.440,233.778,233.250,233.606,0.175,0.196
2017-03-15 14:17:00,233.646,233.554,1237.000,183.000,233.70,233.80,5000.000,2500.000,233.50,233.60,450.000,50.000,233.60,233.85,5000.000,2500.000,233.45,233.65,7687.000,11233.000,20000.000,15000.000,233.541,233.990,233.419,233.717,0.200,0.226
2017-03-15 14:18:00,233.541,233.320,50.000,450.000,233.40,233.50,2500.000,5000.000,233.25,233.40,271.000,450.000,233.35,233.55,7500.000,7500.000,233.20,233.45,7081.000,3299.000,17500.000,20000.000,233.241,233.614,233.164,233.475,0.125,0.218
2017-03-15 14:19:00,233.482,233.194,1683.000,429.000,233.20,233.40,2500.000,5000.000,233.20,233.25,2706.000,50.000,233.15,233.45,2500.000,5000.000,233.15,233.30,17635.000,2698.000,17500.000,27500.000,233.055,233.526,233.071,233.373,0.075,0.187
2017-03-15 14:20:00,233.387,233.211,415.000,5.000,233.30,233.40,5000.000,5000.000,233.15,233.35,2170.000,1000.000,233.25,233.45,5000.000,5000.000,233.10,233.40,6473.000,3675.000,22500.000,32500.000,233.200,233.512,233.056,233.465,0.100,0.185
2017-03-15 14:21:00,233.333,233.129,1713.000,68.000,233.20,233.25,7500.000,5000.000,233.00,233.10,140.000,128.000,233.15,233.30,2500.000,2500.000,232.95,233.20,9779.000,2082.000,32500.000,20000.000,233.058,233.396,232.838,233.225,0.175,0.168
2017-03-15 14:22:00,233.324,233.084,1520.000,100.000,233.20,233.25,5000.000,2500.000,233.00,233.15,454.000,68.000,233.15,233.35,10000.000,7500.000,232.95,233.20,8700.000,3228.000,25000.000,22500.000,233.060,233.464,232.900,233.250,0.150,0.142
2017-03-15 14:23:00,233.418,233.236,1577.000,7.000,233.25,233.30,5000.000,10000.000,233.20,233.30,2144.000,369.000,233.20,233.45,7500.000,5000.000,233.10,233.35,10026.000,2830.000,35000.000,35000.000,233.129,233.544,233.054,233.396,0.025,0.128
2017-03-15 14:24:00,233.432,233.298,1012.000,635.000,233.25,233.45,10000.000,5000.000,233.20,233.35,2252.000,555.000,233.20,233.50,2500.000,5000.000,233.15,233.40,9679.000,3875.000,37500.000,30000.000,233.145,233.576,233.090,233.454,0.075,0.130
2017-03-15 14:25:00,233.432,233.268,539.000,685.000,233.25,233.45,7500.000,2500.000,233.20,233.30,2017.000,549.000,233.20,233.50,2500.000,5000.000,233.15,233.35,8727.000,4532.000,35000.000,27500.000,233.113,233.568,233.082,233.423,0.100,0.140
2017-03-15 14:26:00,233.408,233.288,661.000,60.000,233.30,233.45,12500.000,2500.000,233.20,233.35,270.000,885.000,233.25,233.50,2500.000,5000.000,233.15,233.40,5757.000,3844.000,35000.000,27500.000,233.180,233.585,233.104,233.464,0.100,0.159
2017-03-15 14:27:00,233.403,233.292,401.000,4.000,233.30,233.35,15000.000,5000.000,233.20,233.35,628.000,60.000,233.25,233.45,2500.000,5000.000,233.15,233.40,6172.000,2640.000,37500.000,27500.000,233.180,233.563,233.113,233.455,0.050,0.203
2017-03-15 14:28:00,233.462,233.350,2147.000,60.000,233.40,233.45,5000.000,2500.000,233.25,233.35,2382.000,805.000,233.25,233.50,17500.000,5000.000,233.20,233.45,11408.000,3764.000,42500.000,25000.000,233.212,233.577,233.132,233.495,0.125,0.252
2017-03-15 14:29:00,233.545,233.400,1225.000,162.000,233.40,233.50,2500.000,10000.000,233.35,233.45,493.000,60.000,233.35,233.55,7500.000,7500.000,233.30,233.50,9256.000,3260.000,22500.000,27500.000,233.257,233.632,233.256,233.518,0.050,0.284
2017-03-15 14:30:00,233.506,233.294,4350.000,1005.000,233.45,233.50,2500.000,2500.000,233.30,233.40,576.000,364.000,233.40,233.55,2500.000,37500.000,233.25,233.45,9335.000,5246.000,20000.000,57500.000,233.353,233.607,233.200,233.478,0.125,0.288
2017-03-15 14:31:00,233.509,233.292,2107.000,518.000,233.45,233.50,2500.000,2500.000,233.30,233.40,594.000,610.000,233.40,233.55,2500.000,37500.000,233.25,233.45,7560.000,5301.000,20000.000,57500.000,233.320,233.612,233.200,233.480,0.125,0.279
2017-03-15 14:32:00,233.392,233.061,23.000,982.000,233.30,233.50,2500.000,2500.000,233.10,233.30,1066.000,939.000,233.25,233.55,7500.000,10000.000,233.05,233.35,4910.000,5927.000,20000.000,70000.000,233.174,233.603,233.012,233.432,0.200,0.256
2017-03-15 14:33:00,233.431,233.076,912.000,809.000,233.45,233.50,2500.000,5000.000,233.10,233.25,2486.000,939.000,233.25,233.55,7500.000,2500.000,233.05,233.30,6875.000,5461.000,20000.000,42500.000,233.226,233.597,233.012,233.397,0.300,0.235
2017-03-15 14:34:00,233.538,233.232,55.000,1427.000,233.45,233.50,2500.000,7500.000,233.20,233.35,146.000,600.000,233.35,233.55,2500.000,2500.000,233.15,233.40,8327.000,4569.000,17500.000,30000.000,233.246,233.590,233.086,233.454,0.200,0.215
2017-03-15 14:35:00,233.554,233.322,89.000,1314.000,233.45,233.50,2500.000,5000.000,233.25,233.40,805.000,600.000,233.40,233.55,5000.000,2500.000,233.20,233.45,8710.000,4717.000,20000.000,25000.000,233.287,233.598,233.144,233.500,0.150,0.213
2017-03-15 14:36:00,233.414,233.240,183.000,1105.000,233.35,233.50,2500.000,5000.000,233.20,233.35,118.000,1029.000,233.30,233.55,5000.000,5000.000,233.15,233.40,6069.000,7785.000,20000.000,30000.000,233.211,233.612,233.094,233.454,0.150,0.205
2017-03-15 14:37:00,233.417,233.202,295.000,1482.000,233.40,233.50,2500.000,2500.000,233.20,233.30,138.000,1242.000,233.30,233.55,2500.000,5000.000,233.15,233.35,6251.000,8368.000,20000.000,30000.000,233.216,233.605,233.088,233.438,0.200,0.187
2017-03-15 14:38:00,233.427,233.180,75.000,913.000,233.45,233.50,5000.000,5000.000,233.15,233.30,60.000,1242.000,233.40,233.55,7500.000,2500.000,233.10,233.35,2878.000,7842.000,30000.000,32500.000,233.275,233.614,233.025,233.431,0.250,0.146
2017-03-15 14:39:00,233.383,233.174,428.000,4.000,233.35,233.40,2500.000,2500.000,233.15,233.30,121.000,2.000,233.30,233.45,7500.000,5000.000,233.10,233.35,5999.000,5109.000,20000.000,27500.000,233.214,233.548,233.050,233.423,0.150,0.125
2017-03-15 14:40:00,233.391,233.171,17.000,2.000,233.35,233.40,2500.000,2500.000,233.15,233.30,79.000,1.000,233.30,233.45,5000.000,5000.000,233.10,233.35,6001.000,4922.000,17500.000,25000.000,233.204,233.548,233.043,233.425,0.150,0.104
2017-03-15 14:41:00,233.280,233.147,2609.000,2.000,233.25,233.30,2500.000,10000.000,233.10,233.25,696.000,100.000,233.20,233.35,5000.000,2500.000,233.05,233.30,7739.000,4840.000,20000.000,25000.000,233.144,233.471,232.994,233.340,0.100,0.091
2017-03-15 14:42:00,233.310,233.183,228.000,23.000,233.35,233.40,7500.000,2500.000,233.10,233.25,100.000,2708.000,233.30,233.45,5000.000,2500.000,233.05,233.30,3168.000,8385.000,30000.000,20000.000,233.237,233.517,232.996,233.375,0.200,0.092
2017-03-15 14:43:00,233.376,233.337,113.000,550.000,233.35,233.45,5000.000,2500.000,233.25,233.40,539.000,1818.000,233.30,233.50,12500.000,5000.000,233.20,233.45,4076.000,5760.000,32500.000,25000.000,233.232,233.560,233.169,233.540,0.075,0.124
2017-03-15 14:44:00,233.385,233.279,218.000,300.000,233.35,233.45,2500.000,2500.000,233.25,233.35,747.000,1818.000,233.30,233.50,7500.000,2500.000,233.20,233.40,4704.000,6248.000,20000.000,22500.000,233.215,233.566,233.162,233.472,0.100,0.125
2017-03-15 14:45:00,233.322,233.205,430.000,519.000,233.30,233.45,2500.000,2500.000,233.15,233.30,967.000,2391.000,233.25,233.50,7500.000,5000.000,233.10,233.35,3554.000,6781.000,25000.000,27500.000,233.192,233.552,233.050,233.423,0.150,0.122
2017-03-15 14:46:00,233.300,233.233,246.000,3.000,233.30,233.35,2500.000,2500.000,233.20,233.30,795.000,2701.000,233.25,233.40,2500.000,7500.000,233.15,233.35,3877.000,6262.000,22500.000,30000.000,233.173,233.460,233.067,233.417,0.075,0.117
2017-03-15 14:47:00,233.207,233.076,259.000,9.000,233.25,233.30,2500.000,7500.000,233.10,233.20,130.000,429.000,233.20,233.35,12500.000,5000.000,233.00,233.25,4342.000,10400.000,22500.000,35000.000,233.078,233.453,232.978,233.314,0.125,0.110
2017-03-15 14:48:00,232.905,232.705,680.000,685.000,232.70,232.90,5000.000,5000.000,232.60,232.75,197.000,799.000,232.65,232.95,7500.000,7500.000,232.55,232.80,9245.000,5017.000,27500.000,25000.000,232.536,232.988,232.514,232.880,0.125,0.105
2017-03-15 14:49:00,232.976,232.864,203.000,569.000,232.85,233.00,2500.000,2500.000,232.75,232.90,778.000,429.000,232.80,233.05,10000.000,7500.000,232.70,232.95,5360.000,3344.000,37500.000,32500.000,232.720,233.121,232.640,233.038,0.100,0.110
2017-03-15 14:50:00,232.834,232.733,20.000,685.000,232.85,232.90,2500.000,10000.000,232.65,232.80,114.000,389.000,232.80,232.95,10000.000,2500.000,232.60,232.85,1662.000,3384.000,27500.000,30000.000,232.627,233.001,232.541,232.933,0.150,0.076
2017-03-15 14:51:00,232.970,232.933,843.000,110.000,232.95,233.10,2500.000,12500.000,232.85,233.00,49.000,804.000,232.90,233.15,7500.000,5000.000,232.80,233.05,3684.000,6611.000,22500.000,27500.000,232.813,233.228,232.744,233.059,0.100,0.084
2017-03-15 14:52:00,233.012,232.916,29.000,26.000,233.00,233.05,5000.000,17500.000,232.85,233.00,554.000,429.000,232.90,233.10,5000.000,2500.000,232.80,233.05,5422.000,5085.000,22500.000,32500.000,232.788,233.202,232.756,233.069,0.100,0.066
2017-03-15 14:53:00,233.233,233.057,64.000,40.000,233.15,233.20,2500.000,2500.000,233.05,233.20,464.000,60.000,233.10,233.30,7500.000,7500.000,233.00,233.25,6307.000,4463.000,20000.000,37500.000,232.999,233.404,232.956,233.320,0.050,0.039
2017-03-15 14:54:00,233.165,233.027,45.000,447.000,233.00,233.10,2500.000,5000.000,232.95,233.10,694.000,111.000,232.95,233.20,10000.000,10000.000,232.90,233.15,5534.000,2621.000,27500.000,27500.000,232.843,233.275,232.850,233.195,0.025,0.030
2017-03-15 14:55:00,232.807,232.878,7539.000,60.000,232.75,232.90,2500.000,2500.000,232.80,232.90,60.000,339.000,232.70,232.95,2500.000,5000.000,232.75,232.95,11417.000,9443.000,22500.000,22500.000,232.696,233.020,232.672,233.017,-0.025,0.071
2017-03-15 14:56:00,233.056,232.974,568.000,200.000,233.05,233.10,5000.000,5000.000,232.95,233.15,1058.000,90.000,233.00,233.20,2500.000,7500.000,232.90,233.20,3953.000,5640.000,20000.000,37500.000,232.928,233.289,232.856,233.270,0.025,0.074
2017-03-15 14:57:00,233.179,233.176,357.000,500.000,233.25,233.30,5000.000,2500.000,233.10,233.25,369.000,85.000,233.15,233.35,7500.000,2500.000,233.05,233.30,5144.000,12012.000,30000.000,22500.000,233.045,233.443,232.967,233.383,0.100,0.083
2017-03-15 14:58:00,233.261,233.219,592.000,265.000,233.30,233.40,5000.000,5000.000,233.20,233.35,119.000,369.000,233.25,233.45,5000.000,17500.000,233.15,233.40,3786.000,10078.000,20000.000,40000.000,233.184,233.535,233.119,233.438,0.075,0.105
2017-03-15 14:59:00,233.230,233.136,134.000,2860.000,233.30,233.40,5000.000,5000.000,233.15,233.25,120.000,824.000,233.25,233.45,2500.000,2500.000,233.10,233.30,1420.000,11748.000,17500.000,27500.000,233.174,233.506,233.021,233.364,0.150,0.123
2017-03-15 15:00:00,233.495,233.360,11227.000,517.000,233.45,233.50,2500.000,12500.000,233.35,233.40,156.000,2843.000,233.40,233.55,5000.000,5000.000,233.30,233.45,17862.000,8592.000,22500.000,37500.000,233.385,233.601,233.233,233.483,0.100,0.097
2017-03-15 15:01:00,233.338,233.242,142.000,3.000,233.35,233.40,2500.000,5000.000,233.25,233.35,625.000,186.000,233.30,233.45,7500.000,10000.000,233.20,233.40,5448.000,7852.000,20000.000,42500.000,233.223,233.543,233.162,233.462,0.075,0.083
2017-03-15 15:02:00,233.316,233.267,1480.000,312.000,233.40,233.45,2500.000,10000.000,233.25,233.40,567.000,1434.000,233.30,233.50,7500.000,30000.000,233.20,233.45,4392.000,10542.000,22500.000,57500.000,233.281,233.577,233.156,233.472,0.100,0.117
2017-03-15 15:03:00,233.329,233.175,2912.000,136.000,233.35,233.40,2500.000,5000.000,233.25,233.30,60.000,2702.000,233.30,233.45,2500.000,7500.000,233.15,233.35,6730.000,10018.000,17500.000,47500.000,233.257,233.531,233.107,233.413,0.100,0.112
2017-03-15 15:04:00,233.379,233.196,125.000,4636.000,233.45,233.50,5000.000,5000.000,233.25,233.35,130.000,1476.000,233.35,233.55,5000.000,7500.000,233.20,233.40,1786.000,12969.000,20000.000,47500.000,233.251,233.576,233.119,233.453,0.175,0.107
2017-03-15 15:05:00,233.078,233.073,766.000,1.000,233.10,233.15,5000.000,10000.000,232.95,233.10,96.000,129.000,233.05,233.20,5000.000,2500.000,232.90,233.15,3016.000,4695.000,35000.000,25000.000,232.993,233.287,232.839,233.170,0.100,0.133
2017-03-15 15:06:00,232.947,232.922,424.000,350.000,233.00,233.05,5000.000,5000.000,232.85,233.00,11.000,218.000,232.95,233.10,7500.000,5000.000,232.80,233.05,2251.000,4738.000,20000.000,20000.000,232.871,233.213,232.775,233.081,0.100,0.177
2017-03-15 15:07:00,232.764,232.545,50.000,162.000,232.65,232.70,2500.000,20000.000,232.55,232.65,1349.000,488.000,232.60,232.80,7500.000,15000.000,232.50,232.70,8711.000,3846.000,25000.000,70000.000,232.513,232.912,232.445,232.730,0.075,0.153
2017-03-15 15:08:00,232.946,232.818,1461.000,200.000,232.80,232.90,2500.000,5000.000,232.80,232.85,1241.000,2025.000,232.75,233.00,2500.000,2500.000,232.75,232.90,8395.000,3984.000,20000.000,22500.000,232.682,233.040,232.662,232.944,0.025,0.134
2017-03-15 15:09:00,233.273,233.119,547.000,22.000,233.20,233.30,5000.000,2500.000,233.05,233.25,267.000,923.000,233.15,233.40,7500.000,7500.000,233.00,233.30,5200.000,5366.000,27500.000,25000.000,233.048,233.493,232.905,233.365,0.100,0.116
2017-03-15 15:10:00,233.193,233.055,7.000,1023.000,233.35,233.40,5000.000,7500.000,233.05,233.25,104.000,455.000,233.20,233.45,5000.000,7500.000,233.00,233.30,1443.000,8394.000,17500.000,35000.000,233.088,233.532,232.950,233.354,0.225,0.109
2017-03-15 15:11:00,233.242,233.000,6.000,165.000,233.15,233.25,2500.000,2500.000,232.95,233.10,2497.000,428.000,233.10,233.30,12500.000,7500.000,232.90,233.15,6953.000,3950.000,25000.000,25000.000,233.031,233.381,232.850,233.200,0.175,0.062
2017-03-15 15:12:00,233.146,233.044,68.000,250.000,233.25,233.30,2500.000,2500.000,233.05,233.15,4.000,169.000,233.20,233.35,5000.000,2500.000,233.00,233.20,2144.000,9918.000,15000.000,25000.000,233.098,233.471,232.958,233.275,0.175,0.076
2017-03-15 15:13:00,233.107,233.073,643.000,177.000,233.10,233.15,10000.000,10000.000,233.00,233.15,372.000,522.000,233.05,233.25,5000.000,2500.000,232.95,233.20,3902.000,5200.000,27500.000,27500.000,232.998,233.332,232.932,233.223,0.050,0.080
2017-03-15 15:14:00,232.983,232.919,1694.000,2937.000,232.95,233.00,5000.000,5000.000,232.85,232.95,791.000,60.000,232.80,233.05,15000.000,2500.000,232.80,233.00,6283.000,5179.000,32500.000,20000.000,232.774,233.070,232.742,233.044,0.075,0.099
2017-03-15 15:15:00,233.331,233.229,7.000,1796.000,233.35,233.40,7500.000,2500.000,233.20,233.25,1966.000,539.000,233.30,233.45,5000.000,7500.000,233.15,233.35,4196.000,9375.000,27500.000,25000.000,233.245,233.497,233.095,233.405,0.150,0.129
2017-03-15 15:16:00,232.879,232.873,45.000,1138.000,232.85,233.00,2500.000,7500.000,232.75,232.90,311.000,473.000,232.80,233.05,7500.000,2500.000,232.70,232.95,3411.000,5901.000,47500.000,32500.000,232.694,233.131,232.571,232.985,0.100,0.173
2017-03-15 15:17:00,232.781,232.607,9.000,660.000,232.65,232.75,2500.000,5000.000,232.55,232.65,3733.000,1168.000,232.60,232.80,12500.000,5000.000,232.50,232.70,10360.000,3896.000,27500.000,25000.000,232.534,232.846,232.459,232.740,0.100,0.168
2017-03-15 15:18:00,232.782,232.729,1340.000,100.000,232.80,232.85,5000.000,7500.000,232.65,232.70,221.000,635.000,232.75,232.90,10000.000,5000.000,232.60,232.80,6172.000,8561.000,40000.000,30000.000,232.700,233.012,232.544,232.821,0.150,0.196
2017-03-15 15:19:00,232.977,232.821,222.000,44.000,232.85,232.90,12500.000,5000.000,232.75,232.95,2461.000,429.000,232.80,233.05,2500.000,10000.000,232.70,233.00,5814.000,2817.000,32500.000,37500.000,232.734,233.150,232.662,233.067,0.025,0.194
2017-03-15 15:20:00,233.112,232.859,121.000,193.000,233.15,233.20,5000.000,5000.000,232.85,232.95,59.000,523.000,233.10,233.25,7500.000,5000.000,232.80,233.00,3086.000,6285.000,32500.000,37500.000,232.924,233.325,232.719,233.083,0.275,0.165
2017-03-15 15:21:00,232.949,232.721,795.000,43.000,232.90,232.95,5000.000,7500.000,232.65,232.75,215.000,21.000,232.85,233.00,7500.000,5000.000,232.60,232.85,4243.000,2359.000,32500.000,32500.000,232.785,233.110,232.542,232.896,0.225,0.160
2017-03-15 15:22:00,232.870,232.718,870.000,168.000,232.90,232.95,2500.000,7500.000,232.65,232.75,436.000,1288.000,232.85,233.10,10000.000,2500.000,232.60,232.80,4816.000,9553.000,32500.000,30000.000,232.790,233.214,232.531,232.846,0.225,0.163
2017-03-15 15:23:00,232.818,232.626,9.000,2287.000,232.85,232.90,10000.000,7500.000,232.45,232.50,251.000,595.000,232.80,232.95,5000.000,12500.000,232.40,232.65,2467.000,9098.000,72500.000,32500.000,232.736,232.986,232.293,232.662,0.400,0.116
2017-03-15 15:24:00,232.565,232.417,7078.000,28.000,232.50,232.55,7500.000,5000.000,232.30,232.45,49.000,5.000,232.45,232.60,55000.000,10000.000,232.25,232.50,8523.000,1069.000,80000.000,35000.000,232.477,232.774,232.233,232.561,0.150,0.100
2017-03-15 15:25:00,232.510,232.404,7012.000,124.000,232.50,232.55,7500.000,2500.000,232.30,232.35,599.000,408.000,232.40,232.70,52500.000,2500.000,232.25,232.45,10317.000,7631.000,82500.000,22500.000,232.435,232.842,232.229,232.522,0.200,0.116
2017-03-15 15:26:00,232.754,232.554,596.000,312.000,232.70,232.75,5000.000,2500.000,232.50,232.70,568.000,50.000,232.60,232.80,5000.000,7500.000,232.45,232.75,7271.000,3353.000,27500.000,42500.000,232.523,232.926,232.386,232.815,0.125,0.116
2017-03-15 15:27:00,232.786,232.619,332.000,727.000,232.85,232.90,7500.000,2500.000,232.60,232.70,169.000,2102.000,232.80,232.95,5000.000,2500.000,232.55,232.75,1454.000,7848.000,30000.000,35000.000,232.719,233.009,232.500,232.836,0.225,0.116
2017-03-15 15:28:00,232.830,232.872,697.000,510.000,232.90,232.95,22500.000,5000.000,232.85,232.90,246.000,1598.000,232.85,233.00,2500.000,7500.000,232.75,232.95,1562.000,4604.000,45000.000,27500.000,232.810,233.067,232.750,233.005,0.050,0.116
2017-03-15 15:29:00,233.086,233.018,141.000,5000.000,233.10,233.20,2500.000,2500.000,232.95,233.05,1448.000,2128.000,233.05,233.25,2500.000,5000.000,232.90,233.10,4090.000,13411.000,27500.000,22500.000,232.999,233.296,232.850,233.144,0.150,0.116
2017-03-15 15:30:00,233.117,232.930,2500.000,866.000,232.80,233.25,7500.000,5000.000,232.85,233.10,2938.000,1400.000,232.50,233.30,5000.000,7500.000,232.55,233.15,8448.000,3223.000,30000.000,25000.000,232.532,233.338,232.537,233.245,0.050,0.116
2017-03-16 09:16:00,233.877,234.240,1877.000,25.000,233.80,233.95,2500.000,2500.000,234.15,234.30,107.000,2206.000,233.75,234.00,2500.000,2500.000,234.10,234.40,3243.000,3163.000,12500.000,12500.000,233.738,234.040,234.020,234.460,-0.350,-0.305
2017-03-16 09:17:00,234.631,234.823,616.000,2322.000,234.55,234.75,2500.000,2500.000,234.70,234.90,834.000,300.000,234.50,234.80,5000.000,2500.000,234.65,234.95,2572.000,3748.000,15000.000,12500.000,234.472,234.804,234.608,235.020,-0.150,-0.352
2017-03-16 09:18:00,234.790,235.041,1.000,2424.000,234.85,234.90,5000.000,7500.000,234.95,235.20,139.000,50.000,234.80,234.95,2500.000,2500.000,234.90,235.35,944.000,10521.000,17500.000,25000.000,234.703,234.995,234.829,235.365,-0.200,-0.420
2017-03-16 09:19:00,234.868,235.244,331.000,3122.000,234.85,234.90,2500.000,2500.000,235.15,235.35,4.000,276.000,234.80,234.95,5000.000,5000.000,235.10,235.40,2416.000,5772.000,20000.000,20000.000,234.711,234.954,235.050,235.450,-0.375,-0.457
2017-03-16 09:20:00,234.886,235.270,119.000,431.000,234.95,235.05,10000.000,5000.000,235.20,235.45,557.000,3271.000,234.90,235.10,2500.000,5000.000,235.10,235.50,1197.000,7286.000,30000.000,27500.000,234.866,235.155,235.079,235.586,-0.325,-0.506
2017-03-16 09:21:00,234.738,235.064,182.000,2191.000,234.70,234.75,2500.000,2500.000,235.05,235.20,7.000,2634.000,234.65,234.80,2500.000,2500.000,235.00,235.25,3843.000,6545.000,15000.000,20000.000,234.541,234.812,234.892,235.319,-0.400,-0.540
2017-03-16 09:22:00,234.298,234.721,3.000,25.000,234.25,234.30,5000.000,2500.000,234.60,234.85,65.000,371.000,234.15,234.35,2500.000,5000.000,234.50,234.90,3091.000,2382.000,27500.000,20000.000,234.016,234.444,234.432,234.975,-0.450,-0.552
2017-03-16 09:23:00,234.313,234.905,503.000,855.000,234.30,234.40,2500.000,2500.000,234.75,234.95,184.000,367.000,234.25,234.50,5000.000,5000.000,234.65,235.00,2733.000,4616.000,30000.000,17500.000,234.195,234.566,234.575,235.050,-0.500,-0.537
2017-03-16 09:24:00,234.558,235.119,195.000,25.000,234.50,234.55,2500.000,2500.000,235.00,235.20,743.000,679.000,234.45,234.75,2500.000,2500.000,234.85,235.25,2464.000,3225.000,20000.000,12500.000,234.395,234.821,234.806,235.300,-0.575,-0.523
2017-03-16 09:25:00,234.518,235.143,39.000,341.000,234.60,234.65,5000.000,5000.000,235.00,235.20,10.000,138.000,234.55,234.70,5000.000,10000.000,234.90,235.25,930.000,4267.000,32500.000,22500.000,234.441,234.796,234.838,235.272,-0.475,-0.477
2017-03-16 09:26:00,234.646,235.145,400.000,66.000,234.65,234.75,2500.000,10000.000,235.05,235.25,583.000,389.000,234.60,234.80,5000.000,2500.000,235.00,235.30,3405.000,4813.000,25000.000,27500.000,234.564,234.888,234.890,235.336,-0.450,-0.447
2017-03-16 09:27:00,234.777,235.259,298.000,121.000,234.75,234.85,2500.000,2500.000,235.20,235.35,297.000,360.000,234.70,234.90,2500.000,5000.000,235.15,235.40,5380.000,6578.000,17500.000,22500.000,234.619,234.989,235.071,235.461,-0.475,-0.406
2017-03-16 09:28:00,234.608,235.123,1011.000,1.000,234.55,234.75,2500.000,2500.000,235.00,235.20,562.000,50.000,234.50,234.80,5000.000,2500.000,234.95,235.25,4990.000,5529.000,25000.000,25000.000,234.427,234.932,234.875,235.355,-0.450,-0.363
2017-03-16 09:29:00,234.531,235.026,165.000,25.000,234.55,234.60,5000.000,2500.000,234.90,235.00,216.000,112.000,234.50,234.65,12500.000,5000.000,234.80,235.20,2755.000,4736.000,37500.000,25000.000,234.393,234.750,234.730,235.255,-0.375,-0.318
2017-03-16 09:30:00,234.653,235.046,603.000,137.000,234.60,234.65,5000.000,2500.000,234.95,235.15,386.000,500.000,234.55,234.70,5000.000,10000.000,234.90,235.25,2830.000,1996.000,27500.000,32500.000,234.495,234.821,234.841,235.315,-0.425,-0.274
2017-03-16 09:31:00,234.528,234.878,265.000,2.000,234.40,234.45,10000.000,5000.000,234.80,234.95,120.000,100.000,234.35,234.50,2500.000,2500.000,234.75,235.00,5793.000,2434.000,25000.000,20000.000,234.255,234.643,234.695,235.094,-0.450,-0.247
2017-03-16 09:32:00,234.348,234.624,625.000,837.000,234.25,234.35,12500.000,2500.000,234.50,234.80,1085.000,50.000,234.20,234.45,2500.000,2500.000,234.45,234.85,3651.000,2448.000,25000.000,22500.000,234.151,234.497,234.440,234.939,-0.350,-0.238
2017-03-16 09:33:00,234.391,234.690,2965.000,1156.000,234.25,234.40,2500.000,2500.000,234.65,234.80,1465.000,448.000,234.20,234.50,2500.000,5000.000,234.55,234.85,9708.000,4960.000,27500.000,22500.000,234.159,234.562,234.391,234.928,-0.400,-0.228
2017-03-16 09:34:00,234.145,234.418,41.000,1235.000,234.15,234.30,2500.000,2500.000,234.35,234.60,1010.000,339.000,234.10,234.35,2500.000,5000.000,234.25,234.65,2835.000,5877.000,15000.000,20000.000,234.037,234.434,234.192,234.713,-0.250,-0.195
2017-03-16 09:35:00,234.442,234.614,42.000,639.000,234.35,234.50,2500.000,7500.000,234.60,234.80,113.000,304.000,234.30,234.55,2500.000,5000.000,234.50,234.85,3408.000,3866.000,20000.000,32500.000,234.175,234.613,234.400,234.904,-0.275,-0.185
2017-03-16 09:36:00,234.675,234.890,198.000,27.000,234.70,234.75,5000.000,2500.000,234.90,235.10,890.000,81.000,234.65,234.80,10000.000,7500.000,234.70,235.15,3970.000,5255.000,25000.000,27500.000,234.556,234.939,234.685,235.200,-0.275,-0.185
2017-03-16 09:37:00,234.566,234.798,59.000,2550.000,234.55,234.65,5000.000,2500.000,234.70,234.90,1557.000,30.000,234.50,234.70,2500.000,2500.000,234.65,234.95,3632.000,6445.000,25000.000,25000.000,234.424,234.752,234.590,235.015,-0.200,-0.209
2017-03-16 09:38:00,234.595,234.842,1029.000,20.000,234.55,234.65,2500.000,2500.000,234.85,234.95,2205.000,583.000,234.50,234.80,2500.000,2500.000,234.75,235.00,7186.000,8200.000,12500.000,17500.000,234.457,234.910,234.710,235.064,-0.300,-0.254
2017-03-16 09:39:00,234.598,234.711,685.000,177.000,234.60,234.65,2500.000,5000.000,234.70,234.90,79.000,50.000,234.55,234.70,2500.000,7500.000,234.65,234.95,3042.000,4473.000,12500.000,35000.000,234.479,234.769,234.580,234.986,-0.175,-0.340
2017-03-16 09:40:00,234.305,234.425,143.000,2362.000,234.25,234.30,2500.000,7500.000,234.35,234.60,656.000,367.000,234.15,234.35,2500.000,5000.000,234.30,234.65,6318.000,5668.000,15000.000,25000.000,234.033,234.397,234.192,234.675,-0.200,-0.424
2017-03-16 09:41:00,234.272,234.487,20.000,96.000,234.15,234.20,2500.000,2500.000,234.40,234.60,25.000,100.000,234.10,234.25,2500.000,5000.000,234.35,234.70,5238.000,1475.000,15000.000,22500.000,234.002,234.350,234.283,234.739,-0.325,-0.477
2017-03-16 09:42:00,233.577,233.926,165.000,40.000,233.55,233.60,2500.000,2500.000,233.90,234.10,265.000,885.000,233.50,233.65,7500.000,7500.000,233.85,234.15,2111.000,2453.000,20000.000,32500.000,233.417,233.708,233.787,234.200,-0.425,-0.487
2017-03-16 09:43:00,233.687,234.159,463.000,99.000,233.45,233.55,2500.000,2500.000,234.00,234.15,777.000,106.000,233.40,233.70,2500.000,2500.000,233.90,234.20,9631.000,3038.000,27500.000,12500.000,233.282,233.811,233.809,234.250,-0.575,-0.489
2017-03-16 09:44:00,233.547,234.088,311.000,420.000,233.50,233.65,5000.000,2500.000,233.90,234.15,23.000,414.000,233.45,233.70,7500.000,7500.000,233.85,234.20,1670.000,2386.000,32500.000,20000.000,233.370,233.767,233.792,234.238,-0.450,-0.430
2017-03-16 09:45:00,233.736,234.278,542.000,60.000,233.70,233.85,5000.000,2500.000,234.05,234.30,2398.000,394.000,233.65,233.90,2500.000,5000.000,234.00,234.35,4697.000,4966.000,27500.000,17500.000,233.620,233.997,233.927,234.421,-0.400,-0.387
2017-03-16 09:46:00,233.824,234.300,86.000,1095.000,233.90,233.95,2500.000,2500.000,234.20,234.40,92.000,61.000,233.85,234.00,5000.000,5000.000,234.15,234.45,577.000,3459.000,22500.000,20000.000,233.766,234.069,234.061,234.500,-0.375,-0.363
2017-03-16 09:47:00,233.971,234.371,542.000,517.000,233.85,234.00,5000.000,5000.000,234.25,234.50,681.000,254.000,233.80,234.05,2500.000,2500.000,234.20,234.55,4619.000,3112.000,17500.000,17500.000,233.706,234.136,234.164,234.593,-0.450,-0.348
2017-03-16 09:48:00,233.871,234.356,88.000,117.000,233.95,234.00,5000.000,7500.000,234.25,234.50,476.000,414.000,233.90,234.10,2500.000,2500.000,234.20,234.55,1200.000,4199.000,20000.000,25000.000,233.834,234.211,234.156,234.640,-0.400,-0.343
2017-03-16 09:49:00,234.198,234.446,51.000,102.000,234.10,234.15,2500.000,2500.000,234.35,234.55,70.000,394.000,234.05,234.25,2500.000,5000.000,234.25,234.60,2828.000,1953.000,17500.000,17500.000,233.945,234.326,234.200,234.679,-0.325,-0.391
2017-03-16 09:50:00,234.060,234.386,134.000,5.000,234.00,234.05,7500.000,2500.000,234.25,234.50,198.000,50.000,233.95,234.20,10000.000,2500.000,234.20,234.55,2363.000,2194.000,30000.000,22500.000,233.857,234.335,234.158,234.639,-0.350,-0.393
2017-03-16 09:51:00,234.105,234.460,193.000,417.000,234.10,234.20,5000.000,5000.000,234.35,234.60,12.000,196.000,234.05,234.25,2500.000,7500.000,234.30,234.65,1043.000,1925.000,30000.000,35000.000,233.965,234.320,234.246,234.729,-0.325,-0.391
2017-03-16 09:52:00,234.067,234.395,105.000,4.000,233.95,234.00,2500.000,5000.000,234.30,234.50,66.000,50.000,233.90,234.10,7500.000,5000.000,234.25,234.55,5073.000,2634.000,25000.000,25000.000,233.778,234.228,234.205,234.605,-0.425,-0.416
2017-03-16 09:53:00,233.840,234.300,564.000,1513.000,233.75,233.90,2500.000,5000.000,234.20,234.30,892.000,427.000,233.70,233.95,2500.000,2500.000,234.15,234.40,4420.000,4308.000,22500.000,20000.000,233.637,233.987,234.056,234.450,-0.425,-0.405
2017-03-16 09:54:00,233.753,234.239,46.000,25.000,233.75,233.80,2500.000,7500.000,234.15,234.30,80.000,1167.000,233.70,233.90,2500.000,2500.000,234.10,234.35,2548.000,4274.000,22500.000,22500.000,233.605,233.991,234.028,234.394,-0.450,-0.382
2017-03-16 09:55:00,233.688,234.026,217.000,1134.000,233.55,233.75,2500.000,2500.000,234.00,234.15,4398.000,764.000,233.50,233.80,5000.000,5000.000,233.90,234.20,8840.000,5599.000,17500.000,25000.000,233.458,233.854,233.850,234.270,-0.425,-0.386
2017-03-16 09:56:00,233.752,234.095,265.000,160.000,233.60,233.65,15000.000,5000.000,234.00,234.20,419.000,62.000,233.55,233.75,2500.000,2500.000,233.95,234.25,6760.000,1512.000,30000.000,25000.000,233.486,233.813,233.921,234.295,-0.475,-0.388
2017-03-16 09:57:00,233.292,233.744,201.000,684.000,233.40,233.50,2500.000,2500.000,233.65,233.80,118.000,994.000,233.35,233.55,12500.000,5000.000,233.60,233.90,1768.000,8636.000,25000.000,20000.000,233.224,233.671,233.550,233.944,-0.275,-0.365
2017-03-16 09:58:00,233.615,234.022,1107.000,2.000,233.60,233.65,2500.000,10000.000,233.90,234.10,60.000,189.000,233.55,233.80,7500.000,5000.000,233.85,234.15,3703.000,4726.000,30000.000,27500.000,233.496,233.899,233.775,234.177,-0.375,-0.356
2017-03-16 09:59:00,233.761,234.131,1706.000,195.000,233.75,233.80,2500.000,2500.000,234.10,234.25,165.000,1.000,233.70,233.85,5000.000,10000.000,234.05,234.30,5005.000,5055.000,22500.000,30000.000,233.662,233.995,233.994,234.358,-0.400,-0.352
2017-03-16 10:00:00,233.893,234.253,415.000,25.000,233.85,233.90,7500.000,7500.000,234.15,234.35,69.000,30.000,233.80,233.95,5000.000,5000.000,234.10,234.40,2371.000,2031.000,25000.000,22500.000,233.720,234.017,234.030,234.444,-0.375,-0.354
2017-03-16 10:01:00,233.982,234.332,532.000,27.000,234.00,234.05,5000.000,10000.000,234.25,234.45,300.000,465.000,233.90,234.10,5000.000,2500.000,234.20,234.50,4914.000,5168.000,20000.000,22500.000,233.813,234.218,234.113,234.550,-0.325,-0.372
2017-03-16 10:02:00,233.936,234.275,313.000,55.000,234.00,234.05,2500.000,5000.000,234.20,234.40,201.000,720.000,233.90,234.10,2500.000,10000.000,234.15,234.45,4082.000,8808.000,15000.000,25000.000,233.793,234.192,234.058,234.525,-0.275,-0.410
2017-03-16 10:03:00,233.819,234.180,933.000,6.000,233.80,233.85,5000.000,5000.000,234.10,234.30,702.000,1157.000,233.75,233.95,5000.000,2500.000,234.05,234.35,3927.000,4635.000,17500.000,20000.000,233.703,234.022,233.993,234.406,-0.375,-0.418
2017-03-16 10:04:00,234.041,234.393,74.000,1474.000,234.10,234.20,5000.000,10000.000,234.30,234.50,236.000,3792.000,234.05,234.25,7500.000,5000.000,234.25,234.55,2177.000,11256.000,27500.000,27500.000,233.975,234.313,234.191,234.600,-0.250,-0.416
2017-03-16 10:05:00,234.278,234.648,277.000,1167.000,234.35,234.40,7500.000,2500.000,234.55,234.70,81.000,2774.000,234.30,234.45,5000.000,7500.000,234.50,234.75,1652.000,10324.000,30000.000,22500.000,234.218,234.512,234.458,234.811,-0.250,-0.413
2017-03-16 10:06:00,234.340,234.778,1.000,3.000,234.35,234.40,2500.000,5000.000,234.65,234.85,369.000,2058.000,234.25,234.50,2500.000,5000.000,234.60,234.90,3711.000,5454.000,27500.000,22500.000,234.167,234.575,234.541,234.944,-0.375,-0.407
2017-03-16 10:07:00,234.260,234.791,19.000,14.000,234.30,234.35,2500.000,5000.000,234.70,234.80,424.000,99.000,234.25,234.40,2500.000,5000.000,234.65,234.85,2262.000,3858.000,30000.000,27500.000,234.183,234.510,234.567,234.955,-0.425,-0.381
2017-03-16 10:08:00,234.231,234.632,1292.000,60.000,234.25,234.40,2500.000,5000.000,234.60,234.70,409.000,2242.000,234.20,234.45,2500.000,10000.000,234.55,234.75,4279.000,10496.000,17500.000,30000.000,234.151,234.529,234.493,234.829,-0.325,-0.372
2017-03-16 10:09:00,234.266,234.610,250.000,214.000,234.20,234.30,2500.000,2500.000,234.55,234.65,1438.000,2561.000,234.15,234.40,2500.000,5000.000,234.50,234.70,8050.000,9461.000,20000.000,17500.000,234.054,234.477,234.438,234.750,-0.350,-0.378
2017-03-16 10:10:00,234.120,234.473,2.000,11.000,234.10,234.20,7500.000,2500.000,234.40,234.55,304.000,3070.000,234.05,234.30,2500.000,5000.000,234.35,234.60,3817.000,7620.000,20000.000,17500.000,233.953,234.369,234.312,234.650,-0.325,-0.382
2017-03-16 10:11:00,234.096,234.502,54.000,1.000,234.10,234.15,2500.000,2500.000,234.40,234.55,3264.000,1004.000,234.05,234.20,5000.000,2500.000,234.35,234.60,5616.000,5886.000,27500.000,25000.000,234.007,234.295,234.282,234.710,-0.350,-0.378
2017-03-16 10:12:00,234.064,234.464,3094.000,640.000,234.05,234.20,2500.000,2500.000,234.40,234.50,485.000,3165.000,234.00,234.25,10000.000,2500.000,234.35,234.55,7281.000,11310.000,30000.000,25000.000,233.964,234.329,234.296,234.660,-0.325,-0.403
2017-03-16 10:13:00,234.085,234.443,82.000,2463.000,234.10,234.20,2500.000,7500.000,234.40,234.55,3925.000,200.000,234.05,234.25,5000.000,7500.000,234.35,234.60,6322.000,12459.000,20000.000,35000.000,234.006,234.320,234.300,234.671,-0.325,-0.418
2017-03-16 10:14:00,234.100,234.472,100.000,1930.000,234.15,234.20,2500.000,7500.000,234.35,234.55,26.000,222.000,234.10,234.25,5000.000,7500.000,234.30,234.60,4139.000,10948.000,30000.000,27500.000,234.040,234.329,234.238,234.636,-0.275,-0.411
2017-03-16 10:15:00,234.060,234.433,3730.000,226.000,234.05,234.10,2500.000,2500.000,234.30,234.50,384.000,1701.000,234.00,234.15,7500.000,12500.000,234.25,234.55,6714.000,6045.000,30000.000,27500.000,233.977,234.216,234.167,234.614,-0.325,-0.400
2017-03-16 10:16:00,233.951,234.338,441.000,1059.000,234.05,234.10,5000.000,2500.000,234.25,234.40,334.000,2501.000,234.00,234.15,2500.000,7500.000,234.20,234.45,1621.000,12521.000,22500.000,20000.000,233.962,234.230,234.122,234.488,-0.250,-0.420
2017-03-16 10:17:00,233.829,234.353,882.000,8.000,233.85,233.95,5000.000,5000.000,234.25,234.45,970.000,100.000,233.80,234.10,7500.000,10000.000,234.20,234.50,4934.000,10877.000,22500.000,22500.000,233.757,234.205,234.172,234.522,-0.450,-0.389
2017-03-16 10:18:00,234.037,234.470,554.000,1259.000,234.10,234.20,7500.000,5000.000,234.35,234.55,402.000,341.000,234.05,234.25,5000.000,5000.000,234.30,234.60,2786.000,9200.000,30000.000,25000.000,234.013,234.339,234.246,234.650,-0.300,-0.371
2017-03-16 10:19:00,234.153,234.488,707.000,258.000,234.20,234.25,2500.000,2500.000,234.40,234.55,101.000,1062.000,234.15,234.30,7500.000,2500.000,234.35,234.60,3283.000,8393.000,30000.000,22500.000,234.058,234.390,234.238,234.678,-0.250,-0.402
2017-03-16 10:20:00,234.312,234.633,51.000,5.000,234.25,234.30,5000.000,5000.000,234.50,234.70,282.000,1000.000,234.15,234.40,5000.000,5000.000,234.45,234.75,6571.000,5333.000,27500.000,25000.000,234.030,234.494,234.386,234.805,-0.325,-0.438
2017-03-16 10:21:00,234.259,234.743,390.000,171.000,234.25,234.40,2500.000,5000.000,234.65,234.80,350.000,409.000,234.20,234.45,5000.000,2500.000,234.60,234.85,3993.000,7942.000,27500.000,25000.000,234.101,234.537,234.514,234.920,-0.400,-0.431
2017-03-16 10:22:00,234.237,234.608,659.000,809.000,234.30,234.35,5000.000,2500.000,234.55,234.70,118.000,156.000,234.25,234.40,2500.000,5000.000,234.50,234.75,1814.000,5266.000,27500.000,35000.000,234.198,234.488,234.432,234.882,-0.300,-0.426
2017-03-16 10:23:00,234.175,234.517,556.000,79.000,234.05,234.15,2500.000,2500.000,234.50,234.70,2709.000,1.000,234.00,234.20,5000.000,12500.000,234.45,234.75,6537.000,1723.000,17500.000,35000.000,233.955,234.293,234.393,234.857,-0.500,-0.434
2017-03-16 10:24:00,233.810,234.303,1093.000,47.000,233.75,233.90,5000.000,10000.000,234.20,234.40,879.000,358.000,233.70,233.95,2500.000,5000.000,234.15,234.45,2998.000,2530.000,20000.000,27500.000,233.679,234.032,234.100,234.532,-0.475,-0.408
2017-03-16 10:25:00,233.822,234.322,643.000,8.000,233.80,233.85,5000.000,7500.000,234.20,234.40,110.000,308.000,233.75,233.95,5000.000,7500.000,234.15,234.45,2454.000,2426.000,22500.000,22500.000,233.711,234.034,234.106,234.478,-0.475,-0.383
2017-03-16 10:26:00,233.734,234.182,870.000,21.000,233.80,233.85,2500.000,5000.000,234.10,234.30,18.000,4.000,233.75,233.90,7500.000,5000.000,234.05,234.35,2232.000,3995.000,22500.000,25000.000,233.736,234.016,233.983,234.395,-0.375,-0.381
2017-03-16 10:27:00,233.909,234.257,865.000,8.000,233.90,233.95,2500.000,2500.000,234.15,234.35,402.000,100.000,233.85,234.00,5000.000,12500.000,234.10,234.40,3124.000,2318.000,25000.000,25000.000,233.809,234.120,234.045,234.440,-0.325,-0.415
2017-03-16 10:28:00,233.831,234.213,1199.000,8.000,233.65,233.70,2500.000,2500.000,234.10,234.25,733.000,50.000,233.60,233.80,10000.000,5000.000,234.05,234.30,13075.000,1788.000,30000.000,17500.000,233.515,233.931,233.967,234.343,-0.500,-0.464
2017-03-16 10:29:00,233.907,234.266,582.000,63.000,233.70,233.75,2500.000,2500.000,234.15,234.30,328.000,233.000,233.65,233.80,7500.000,2500.000,234.10,234.35,12194.000,770.000,30000.000,17500.000,233.522,233.874,234.025,234.414,-0.500,-0.493
2017-03-16 10:30:00,233.885,234.265,225.000,68.000,233.70,233.75,2500.000,2500.000,234.15,234.30,170.000,221.000,233.65,233.80,5000.000,5000.000,234.10,234.35,11389.000,1731.000,30000.000,20000.000,233.512,233.911,234.017,234.400,-0.500,-0.490
2017-03-16 10:31:00,233.885,234.319,366.000,18.000,233.70,233.75,40000.000,2500.000,234.30,234.35,390.000,213.000,233.65,233.80,2500.000,7500.000,234.20,234.40,15248.000,3838.000,55000.000,22500.000,233.523,233.968,234.255,234.472,-0.600,-0.495
2017-03-16 10:32:00,233.828,234.350,162.000,7.000,233.80,233.85,5000.000,2500.000,234.30,234.45,89.000,813.000,233.75,233.95,7500.000,5000.000,234.25,234.50,2045.000,3026.000,22500.000,25000.000,233.643,234.024,234.217,234.600,-0.550,-0.492
2017-03-16 10:33:00,233.814,234.439,477.000,12.000,233.80,233.85,2500.000,2500.000,234.40,234.50,643.000,6.000,233.75,233.90,2500.000,5000.000,234.35,234.55,2915.000,2271.000,20000.000,25000.000,233.693,234.020,234.281,234.655,-0.625,-0.463
2017-03-16 10:34:00,233.969,234.475,163.000,17.000,234.00,234.05,5000.000,5000.000,234.40,234.60,130.000,315.000,233.90,234.10,5000.000,2500.000,234.35,234.65,3986.000,5298.000,20000.000,20000.000,233.779,234.223,234.294,234.700,-0.475,-0.441
2017-03-16 10:35:00,234.052,234.417,162.000,6.000,233.90,233.95,2500.000,2500.000,234.40,234.55,485.000,58.000,233.85,234.00,5000.000,5000.000,234.35,234.60,6170.000,785.000,17500.000,27500.000,233.758,234.116,234.300,234.682,-0.550,-0.456
2017-03-16 10:36:00,233.985,234.444,246.000,86.000,233.85,233.90,2500.000,2500.000,234.40,234.55,128.000,5.000,233.80,233.95,5000.000,2500.000,234.35,234.60,6727.000,1977.000,17500.000,25000.000,233.721,234.125,234.300,234.710,-0.600,-0.472
2017-03-16 10:37:00,233.929,234.433,206.000,22.000,233.90,233.95,2500.000,2500.000,234.40,234.55,52.000,481.000,233.85,234.00,5000.000,2500.000,234.35,234.60,2697.000,2606.000,17500.000,27500.000,233.739,234.109,234.300,234.714,-0.550,-0.448
2017-03-16 10:38:00,233.901,234.383,311.000,7.000,233.90,233.95,5000.000,2500.000,234.35,234.55,2.000,363.000,233.85,234.00,2500.000,5000.000,234.30,234.60,2181.000,2934.000,17500.000,27500.000,233.737,234.106,234.264,234.677,-0.525,-0.450
2017-03-16 10:39:00,234.056,234.450,371.000,52.000,233.95,234.00,2500.000,10000.000,234.40,234.60,130.000,11.000,233.90,234.05,7500.000,2500.000,234.35,234.65,4644.000,1816.000,22500.000,37500.000,233.784,234.175,234.300,234.700,-0.525,-0.437
2017-03-16 10:40:00,233.966,234.406,211.000,10.000,233.95,234.00,2500.000,2500.000,234.35,234.50,61.000,137.000,233.85,234.05,5000.000,5000.000,234.30,234.55,4259.000,3677.000,20000.000,22500.000,233.740,234.163,234.256,234.611,-0.450,-0.420
2017-03-16 10:41:00,233.832,234.374,117.000,73.000,233.80,233.85,5000.000,2500.000,234.25,234.40,130.000,2.000,233.75,233.90,5000.000,2500.000,234.20,234.45,2990.000,3136.000,27500.000,15000.000,233.667,234.054,234.105,234.517,-0.500,-0.372
2017-03-16 10:42:00,233.760,234.145,62.000,26.000,233.65,233.70,2500.000,5000.000,234.05,234.20,115.000,378.000,233.60,233.75,12500.000,5000.000,234.00,234.25,10434.000,3693.000,30000.000,20000.000,233.500,233.845,233.900,234.287,-0.450,-0.358
2017-03-16 10:43:00,233.652,234.144,838.000,343.000,233.75,233.80,2500.000,2500.000,234.05,234.20,177.000,1.000,233.70,233.85,10000.000,5000.000,234.00,234.25,1896.000,6116.000,27500.000,17500.000,233.663,233.970,233.891,234.300,-0.350,-0.306
2017-03-16 10:44:00,234.085,234.412,137.000,234.000,234.10,234.15,5000.000,2500.000,234.40,234.55,100.000,603.000,234.05,234.20,5000.000,5000.000,234.35,234.60,1410.000,2390.000,17500.000,22500.000,233.961,234.286,234.286,234.656,-0.350,-0.299
2017-03-16 10:45:00,234.195,234.547,658.000,21.000,234.25,234.30,2500.000,2500.000,234.50,234.65,155.000,112.000,234.15,234.35,5000.000,5000.000,234.45,234.70,4336.000,7536.000,17500.000,25000.000,234.059,234.451,234.364,234.755,-0.300,-0.286
2017-03-16 10:46:00,234.188,234.490,165.000,3161.000,234.25,234.35,5000.000,10000.000,234.40,234.60,206.000,550.000,234.10,234.40,5000.000,5000.000,234.35,234.65,5529.000,13768.000,22500.000,27500.000,234.001,234.462,234.306,234.677,-0.200,-0.298
2017-03-16 10:47:00,234.160,234.475,753.000,15.000,234.15,234.20,5000.000,2500.000,234.40,234.50,241.000,60.000,234.10,234.25,2500.000,2500.000,234.35,234.55,4988.000,5747.000,27500.000,17500.000,234.025,234.417,234.255,234.600,-0.275,-0.313
2017-03-16 10:48:00,234.264,234.497,896.000,2.000,234.20,234.25,5000.000,2500.000,234.45,234.60,636.000,2.000,234.15,234.30,2500.000,5000.000,234.40,234.65,5293.000,2694.000,22500.000,22500.000,234.063,234.427,234.272,234.700,-0.300,-0.328
2017-03-16 10:49:00,234.209,234.500,244.000,14.000,234.20,234.25,2500.000,2500.000,234.45,234.60,205.000,489.000,234.15,234.30,5000.000,2500.000,234.40,234.65,3988.000,5745.000,20000.000,20000.000,234.040,234.381,234.325,234.725,-0.300,-0.356
2017-03-16 10:50:00,234.238,234.526,508.000,9.000,234.20,234.25,2500.000,7500.000,234.50,234.70,375.000,499.000,234.15,234.30,2500.000,5000.000,234.45,234.75,6181.000,6817.000,15000.000,27500.000,234.043,234.450,234.317,234.809,-0.375,-0.378
2017-03-16 10:51:00,233.937,234.300,1151.000,189.000,233.90,233.95,2500.000,5000.000,234.25,234.45,213.000,1.000,233.80,234.00,7500.000,5000.000,234.20,234.50,4179.000,2614.000,17500.000,27500.000,233.768,234.140,234.164,234.595,-0.425,-0.368
2017-03-16 10:52:00,234.014,234.403,218.000,110.000,234.05,234.10,7500.000,2500.000,234.35,234.50,260.000,167.000,234.00,234.15,5000.000,2500.000,234.30,234.55,2465.000,3286.000,25000.000,25000.000,233.885,234.249,234.265,234.630,-0.350,-0.406
2017-03-16 10:53:00,234.245,234.553,261.000,3.000,234.15,234.20,2500.000,5000.000,234.50,234.65,59.000,257.000,234.10,234.25,2500.000,12500.000,234.45,234.70,3519.000,1651.000,15000.000,25000.000,233.984,234.363,234.400,234.725,-0.400,-0.451
2017-03-16 10:54:00,234.168,234.597,278.000,156.000,234.25,234.30,7500.000,2500.000,234.50,234.65,307.000,691.000,234.10,234.35,2500.000,12500.000,234.45,234.70,5318.000,8514.000,25000.000,22500.000,234.009,234.458,234.380,234.733,-0.300,-0.456
2017-03-16 10:55:00,234.149,234.550,219.000,2540.000,234.25,234.30,2500.000,2500.000,234.50,234.60,116.000,387.000,234.10,234.35,5000.000,7500.000,234.45,234.65,6144.000,14436.000,27500.000,27500.000,234.008,234.445,234.355,234.691,-0.275,-0.477
2017-03-16 10:56:00,234.235,234.547,536.000,235.000,234.20,234.25,2500.000,2500.000,234.50,234.65,492.000,192.000,234.10,234.30,5000.000,15000.000,234.45,234.70,5720.000,3653.000,17500.000,27500.000,234.016,234.409,234.371,234.727,-0.350,-0.503
2017-03-16 10:57:00,233.860,234.440,319.000,46.000,233.80,233.90,2500.000,2500.000,234.30,234.45,291.000,432.000,233.70,233.95,5000.000,5000.000,234.25,234.50,4188.000,3224.000,32500.000,17500.000,233.611,234.027,234.088,234.550,-0.525,-0.467
2017-03-16 10:58:00,233.836,234.368,660.000,2.000,233.75,233.90,2500.000,5000.000,234.30,234.45,186.000,178.000,233.70,233.95,5000.000,5000.000,234.25,234.50,3459.000,3040.000,32500.000,30000.000,233.611,234.045,234.112,234.558,-0.550,-0.444
2017-03-16 10:59:00,233.795,234.250,443.000,384.000,233.80,233.85,2500.000,7500.000,234.20,234.35,5608.000,347.000,233.75,233.90,2500.000,5000.000,234.15,234.40,6792.000,5661.000,22500.000,30000.000,233.744,233.988,234.044,234.450,-0.450,-0.413
2017-03-16 11:00:00,233.835,234.342,223.000,5.000,233.80,233.85,5000.000,5000.000,234.20,234.40,6158.000,8.000,233.75,233.90,2500.000,2500.000,234.15,234.45,8024.000,3296.000,27500.000,17500.000,233.730,234.020,234.050,234.500,-0.475,-0.356
2017-03-16 11:01:00,233.927,234.368,54.000,67.000,233.90,233.95,2500.000,2500.000,234.25,234.40,130.000,671.000,233.80,234.00,2500.000,2500.000,234.20,234.45,6413.000,4077.000,22500.000,12500.000,233.747,234.072,234.050,234.500,-0.400,-0.350
2017-03-16 11:02:00,233.973,234.374,2288.000,6.000,234.00,234.05,5000.000,5000.000,234.35,234.55,50.000,15.000,233.95,234.10,2500.000,15000.000,234.30,234.60,3263.000,2719.000,20000.000,37500.000,233.950,234.230,234.219,234.637,-0.425,-0.331
2017-03-16 11:03:00,233.927,234.345,1205.000,10.000,234.00,234.05,2500.000,2500.000,234.35,234.50,59.000,368.000,233.95,234.10,2500.000,10000.000,234.30,234.55,2328.000,4939.000,17500.000,30000.000,233.920,234.219,234.221,234.613,-0.400,-0.345
2017-03-16 11:04:00,234.082,234.380,778.000,16.000,234.00,234.05,2500.000,2500.000,234.30,234.45,136.000,263.000,233.90,234.10,5000.000,12500.000,234.25,234.50,10216.000,4911.000,27500.000,27500.000,233.776,234.221,234.086,234.536,-0.350,-0.358
2017-03-16 11:05:00,234.084,234.307,449.000,63.000,234.00,234.05,5000.000,2500.000,234.25,234.40,206.000,374.000,233.90,234.10,2500.000,5000.000,234.20,234.45,9558.000,4943.000,30000.000,27500.000,233.768,234.208,234.062,234.495,-0.300,-0.392
2017-03-16 11:06:00,233.927,234.338,645.000,4.000,234.00,234.05,5000.000,5000.000,234.25,234.45,70.000,9.000,233.95,234.10,2500.000,20000.000,234.20,234.50,1630.000,3657.000,30000.000,35000.000,233.902,234.221,234.058,234.521,-0.325,-0.402
2017-03-16 11:07:00,234.124,234.432,224.000,35.000,234.10,234.15,2500.000,5000.000,234.40,234.55,198.000,100.000,234.05,234.20,2500.000,7500.000,234.35,234.60,1613.000,1316.000,12500.000,22500.000,233.979,234.306,234.250,234.650,-0.350,-0.421
2017-03-16 11:08:00,234.137,234.625,861.000,376.000,234.20,234.25,2500.000,5000.000,234.50,234.70,409.000,167.000,234.10,234.30,7500.000,2500.000,234.45,234.75,4189.000,8144.000,22500.000,17500.000,234.033,234.454,234.406,234.814,-0.375,-0.414
2017-03-16 11:09:00,234.075,234.433,198.000,35.000,234.05,234.10,5000.000,5000.000,234.35,234.55,11.000,11.000,234.00,234.15,5000.000,5000.000,234.30,234.60,2137.000,2450.000,17500.000,20000.000,233.883,234.242,234.257,234.694,-0.375,-0.437
2017-03-16 11:10:00,234.087,234.482,171.000,246.000,234.05,234.10,2500.000,7500.000,234.40,234.60,80.000,3.000,234.00,234.15,5000.000,5000.000,234.35,234.65,2191.000,2122.000,15000.000,20000.000,233.887,234.244,234.283,234.681,-0.425,-0.438
2017-03-16 11:11:00,234.088,234.550,381.000,231.000,234.05,234.10,2500.000,2500.000,234.45,234.60,191.000,3.000,234.00,234.15,5000.000,2500.000,234.40,234.65,2817.000,2519.000,17500.000,12500.000,233.899,234.245,234.357,234.700,-0.450,-0.437
2017-03-16 11:12:00,234.115,234.517,390.000,145.000,234.05,234.10,2500.000,2500.000,234.50,234.60,173.000,3.000,234.00,234.15,5000.000,5000.000,234.40,234.65,3404.000,2220.000,17500.000,20000.000,233.897,234.246,234.364,234.694,-0.475,-0.480
2017-03-16 11:13:00,233.883,234.333,340.000,36.000,233.80,233.85,2500.000,2500.000,234.25,234.40,5975.000,5.000,233.75,233.90,5000.000,5000.000,234.20,234.45,8768.000,1752.000,15000.000,15000.000,233.719,234.008,234.158,234.508,-0.500,-0.521
2017-03-16 11:14:00,233.865,234.338,1081.000,48.000,233.80,233.85,5000.000,2500.000,234.20,234.40,6045.000,60.000,233.75,233.90,2500.000,5000.000,234.15,234.45,8874.000,1985.000,22500.000,20000.000,233.735,234.005,234.078,234.519,-0.475,-0.537
2017-03-16 11:15:00,233.956,234.357,144.000,217.000,233.90,233.95,2500.000,2500.000,234.30,234.45,134.000,492.000,233.85,234.00,7500.000,5000.000,234.25,234.50,6777.000,4677.000,17500.000,17500.000,233.755,234.095,234.200,234.550,-0.450,-0.581
2017-03-16 11:16:00,233.906,234.367,120.000,57.000,233.85,233.90,2500.000,5000.000,234.20,234.40,244.000,125.000,233.80,233.95,5000.000,5000.000,234.15,234.45,7127.000,3311.000,25000.000,20000.000,233.746,234.055,234.065,234.494,-0.425,-0.588
2017-03-16 11:17:00,233.575,234.188,4074.000,12.000,233.50,233.55,2500.000,5000.000,234.05,234.25,249.000,3.000,233.45,233.60,12500.000,2500.000,234.00,234.30,8022.000,2108.000,25000.000,15000.000,233.429,233.767,233.945,234.333,-0.625,-0.575
2017-03-16 11:18:00,233.520,234.176,4194.000,10.000,233.50,233.55,5000.000,2500.000,234.05,234.20,10.000,4.000,233.45,233.60,15000.000,5000.000,234.00,234.25,5964.000,2216.000,35000.000,17500.000,233.452,233.740,233.932,234.343,-0.600,-0.563
2017-03-16 11:19:00,233.771,234.325,853.000,2.000,233.65,233.70,5000.000,2500.000,234.20,234.35,2665.000,250.000,233.60,233.75,5000.000,2500.000,234.15,234.40,10390.000,1853.000,27500.000,17500.000,233.531,233.848,234.077,234.457,-0.600,-0.577
2017-03-16 11:20:00,233.727,234.350,177.000,8.000,233.80,233.85,5000.000,2500.000,234.25,234.45,160.000,502.000,233.75,233.90,7500.000,7500.000,234.20,234.50,1421.000,4507.000,30000.000,30000.000,233.665,234.004,234.108,234.604,-0.525,-0.566
2017-03-16 11:21:00,233.884,234.376,239.000,13.000,233.75,233.80,5000.000,5000.000,234.25,234.45,61.000,58.000,233.70,233.85,7500.000,7500.000,234.20,234.50,4742.000,1449.000,30000.000,27500.000,233.577,233.958,234.108,234.573,-0.575,-0.560
2017-03-16 11:22:00,233.830,234.382,297.000,25.000,233.75,233.80,7500.000,5000.000,234.25,234.45,61.000,2.000,233.70,233.85,5000.000,5000.000,234.20,234.50,3811.000,2338.000,30000.000,25000.000,233.579,233.950,234.113,234.580,-0.575,-0.541
2017-03-16 11:23:00,233.800,234.393,561.000,13.000,233.75,233.80,7500.000,5000.000,234.25,234.45,61.000,867.000,233.70,233.90,5000.000,5000.000,234.20,234.50,4084.000,4273.000,30000.000,22500.000,233.590,233.994,234.113,234.578,-0.575,-0.511
2017-03-16 11:24:00,233.723,234.346,168.000,1109.000,233.80,233.85,5000.000,5000.000,234.15,234.35,189.000,884.000,233.75,233.90,2500.000,5000.000,234.10,234.40,1137.000,6685.000,37500.000,20000.000,233.692,233.967,233.980,234.444,-0.425,-0.485
2017-03-16 11:25:00,233.777,234.347,705.000,47.000,233.75,233.80,2500.000,2500.000,234.20,234.35,132.000,63.000,233.70,233.85,5000.000,5000.000,234.15,234.40,4436.000,4026.000,27500.000,17500.000,233.597,233.967,234.068,234.457,-0.500,-0.474
2017-03-16 11:26:00,233.784,234.247,471.000,10.000,233.65,233.70,2500.000,5000.000,234.10,234.30,400.000,42.000,233.60,233.75,2500.000,2500.000,234.05,234.35,9071.000,1620.000,30000.000,17500.000,233.514,233.859,233.942,234.400,-0.525,-0.477
2017-03-16 11:27:00,233.773,234.228,562.000,66.000,233.65,233.70,2500.000,2500.000,234.10,234.25,591.000,13.000,233.60,233.75,5000.000,2500.000,234.05,234.30,9904.000,2122.000,30000.000,15000.000,233.517,233.859,233.971,234.367,-0.500,-0.479
2017-03-16 11:28:00,233.843,234.288,1503.000,30.000,233.70,233.75,2500.000,10000.000,234.15,234.35,2498.000,9.000,233.65,233.80,2500.000,5000.000,234.10,234.40,11163.000,1445.000,27500.000,25000.000,233.568,233.906,233.986,234.420,-0.525,-0.475
2017-03-16 11:29:00,233.762,234.255,124.000,2.000,233.75,233.80,2500.000,12500.000,234.20,234.35,1181.000,323.000,233.70,233.85,2500.000,5000.000,234.15,234.40,5076.000,3940.000,20000.000,30000.000,233.647,233.970,234.044,234.425,-0.500,-0.451
2017-03-16 11:30:00,233.773,234.287,229.000,391.000,233.75,233.85,2500.000,10000.000,234.20,234.35,1396.000,419.000,233.70,233.90,2500.000,5000.000,234.15,234.40,5696.000,6062.000,20000.000,27500.000,233.648,233.995,234.062,234.432,-0.475,-0.429
2017-03-16 11:31:00,233.749,234.225,154.000,37.000,233.75,233.80,2500.000,2500.000,234.15,234.30,1396.000,305.000,233.70,233.85,2500.000,10000.000,234.10,234.35,4892.000,4406.000,25000.000,25000.000,233.654,233.964,234.025,234.405,-0.450,-0.410
2017-03-16 11:32:00,233.783,234.248,202.000,7.000,233.75,233.80,5000.000,2500.000,234.15,234.30,1396.000,1.000,233.70,233.85,2500.000,10000.000,234.10,234.35,6252.000,3998.000,27500.000,22500.000,233.635,233.975,234.000,234.394,-0.450,-0.376
2017-03-16 11:33:00,233.840,234.267,29.000,9.000,233.75,233.80,5000.000,10000.000,234.15,234.35,1375.000,198.000,233.70,233.85,7500.000,2500.000,234.10,234.40,6285.000,2215.000,27500.000,25000.000,233.624,233.955,234.050,234.435,-0.475,-0.351
2017-03-16 11:34:00,233.826,234.198,103.000,34.000,233.70,233.75,5000.000,5000.000,234.05,234.25,2201.000,7.000,233.65,233.80,12500.000,2500.000,234.00,234.30,8507.000,2109.000,40000.000,22500.000,233.552,233.911,233.894,234.350,-0.425,-0.357
2017-03-16 11:35:00,233.769,234.174,900.000,175.000,233.70,233.75,5000.000,5000.000,234.05,234.20,2201.000,307.000,233.65,233.80,15000.000,5000.000,234.00,234.25,8755.000,4513.000,37500.000,20000.000,233.565,233.907,233.960,234.294,-0.400,-0.338
2017-03-16 11:36:00,233.786,234.166,1053.000,192.000,233.70,233.75,2500.000,10000.000,234.05,234.20,2201.000,307.000,233.65,233.80,15000.000,10000.000,234.00,234.25,9946.000,4191.000,37500.000,32500.000,233.560,233.911,233.953,234.304,-0.400,-0.326
2017-03-16 11:37:00,233.772,234.070,1009.000,70.000,233.70,233.75,7500.000,2500.000,234.00,234.15,2201.000,652.000,233.65,233.80,5000.000,10000.000,233.95,234.20,8762.000,4494.000,30000.000,32500.000,233.567,233.895,233.875,234.281,-0.350,-0.354
2017-03-16 11:38:00,233.745,234.045,2343.000,69.000,233.65,233.70,2500.000,5000.000,233.95,234.10,474.000,6.000,233.60,233.75,5000.000,2500.000,233.90,234.15,8863.000,2323.000,30000.000,25000.000,233.539,233.860,233.838,234.205,-0.350,-0.371
2017-03-16 11:39:00,233.774,234.177,2475.000,51.000,233.65,233.70,7500.000,2500.000,234.00,234.20,474.000,263.000,233.60,233.75,2500.000,12500.000,233.95,234.25,11323.000,3225.000,32500.000,22500.000,233.529,233.915,233.858,234.294,-0.425,-0.365
2017-03-16 11:40:00,233.725,234.034,2319.000,70.000,233.65,233.70,5000.000,2500.000,234.00,234.10,532.000,263.000,233.60,233.75,2500.000,2500.000,233.95,234.15,10019.000,4327.000,22500.000,25000.000,233.531,233.842,233.900,234.215,-0.375,-0.381
2017-03-16 11:41:00,233.723,234.042,2703.000,79.000,233.65,233.70,5000.000,2500.000,234.00,234.10,509.000,363.000,233.60,233.75,2500.000,2500.000,233.95,234.15,10310.000,4436.000,22500.000,22500.000,233.535,233.840,233.900,234.217,-0.375,-0.444
2017-03-16 11:42:00,233.795,234.232,2731.000,111.000,233.65,233.70,15000.000,10000.000,234.05,234.25,553.000,363.000,233.60,233.75,12500.000,2500.000,234.00,234.30,12157.000,1090.000,50000.000,20000.000,233.532,233.818,233.925,234.312,-0.475,-0.468
2017-03-16 11:43:00,233.829,234.217,47.000,367.000,233.70,233.75,2500.000,7500.000,234.10,234.25,2169.000,19.000,233.65,233.80,15000.000,2500.000,234.05,234.30,10136.000,2814.000,32500.000,20000.000,233.541,233.909,234.015,234.325,-0.450,-0.514
2017-03-16 11:44:00,233.796,234.167,1920.000,252.000,233.70,233.75,15000.000,2500.000,234.05,234.20,538.000,319.000,233.65,233.80,7500.000,10000.000,234.00,234.25,9780.000,3968.000,37500.000,20000.000,233.553,233.905,233.977,234.281,-0.400,-0.563
2017-03-16 11:45:00,233.799,234.189,1728.000,40.000,233.70,233.75,15000.000,2500.000,234.05,234.20,426.000,319.000,233.65,233.80,10000.000,10000.000,234.00,234.25,9735.000,3820.000,47500.000,20000.000,233.549,233.913,233.921,234.281,-0.400,-0.605
2017-03-16 11:46:00,233.211,233.844,514.000,456.000,233.05,233.15,5000.000,5000.000,233.75,233.85,4865.000,150.000,233.00,233.20,7500.000,2500.000,233.65,233.90,8641.000,821.000,27500.000,17500.000,232.969,233.204,233.609,233.993,-0.700,-0.636
2017-03-16 11:47:00,233.263,233.821,28.000,35.000,233.20,233.25,2500.000,2500.000,233.75,233.85,164.000,894.000,233.15,233.35,2500.000,5000.000,233.70,233.90,7248.000,6614.000,17500.000,17500.000,233.041,233.451,233.636,233.964,-0.575,-0.676
2017-03-16 11:48:00,233.369,233.987,82.000,915.000,233.40,233.45,2500.000,5000.000,233.90,234.05,71.000,368.000,233.30,233.50,5000.000,2500.000,233.85,234.10,2268.000,4176.000,27500.000,30000.000,233.189,233.574,233.786,234.233,-0.550,-0.684
2017-03-16 11:49:00,233.273,233.890,50.000,4.000,233.30,233.35,5000.000,7500.000,233.85,234.00,14.000,630.000,233.25,233.45,7500.000,5000.000,233.80,234.05,2040.000,5214.000,30000.000,32500.000,233.174,233.525,233.738,234.146,-0.600,-0.653
2017-03-16 11:50:00,233.504,234.103,365.000,227.000,233.55,233.60,2500.000,2500.000,234.05,234.15,87.000,1010.000,233.50,233.65,5000.000,5000.000,234.00,234.20,1797.000,5495.000,20000.000,25000.000,233.412,233.722,233.938,234.295,-0.525,-0.619
2017-03-16 11:51:00,233.382,234.172,313.000,75.000,233.55,233.60,10000.000,2500.000,234.05,234.20,152.000,71.000,233.45,233.65,17500.000,10000.000,234.00,234.25,707.000,5196.000,42500.000,20000.000,233.472,233.755,233.941,234.294,-0.550,-0.559
2017-03-16 11:52:00,233.477,234.233,275.000,26.000,233.55,233.60,5000.000,10000.000,234.10,234.25,202.000,11.000,233.45,233.65,5000.000,2500.000,234.05,234.30,2522.000,4672.000,30000.000,22500.000,233.370,233.762,234.008,234.361,-0.600,-0.498
2017-03-16 11:53:00,233.731,234.388,312.000,28.000,233.80,233.85,2500.000,2500.000,234.30,234.45,71.000,808.000,233.75,233.90,7500.000,7500.000,234.25,234.50,1726.000,5417.000,27500.000,25000.000,233.666,233.999,234.195,234.590,-0.550,-0.469
2017-03-16 11:54:00,233.823,234.287,185.000,2.000,233.75,233.80,10000.000,5000.000,234.25,234.45,395.000,304.000,233.70,233.95,5000.000,7500.000,234.20,234.50,3347.000,3467.000,22500.000,27500.000,233.605,234.035,234.156,234.577,-0.575,-0.481
2017-03-16 11:55:00,233.926,234.353,1178.000,3.000,233.80,233.85,5000.000,5000.000,234.30,234.50,208.000,2.000,233.75,233.95,10000.000,2500.000,234.25,234.55,3155.000,582.000,25000.000,22500.000,233.700,234.074,234.165,234.611,-0.575,-0.495
2017-03-16 11:56:00,233.882,234.372,165.000,527.000,233.90,234.05,5000.000,2500.000,234.35,234.50,492.000,315.000,233.85,234.10,5000.000,2500.000,234.30,234.55,4002.000,8796.000,17500.000,22500.000,233.778,234.199,234.264,234.622,-0.450,-0.490
2017-03-16 11:57:00,233.919,234.372,944.000,1.000,233.90,233.95,5000.000,2500.000,234.35,234.50,492.000,1.000,233.85,234.05,7500.000,2500.000,234.30,234.55,5268.000,6270.000,22500.000,22500.000,233.788,234.135,234.244,234.622,-0.500,-0.490
2017-03-16 11:58:00,233.852,234.366,437.000,2.000,233.90,233.95,2500.000,2500.000,234.30,234.45,492.000,163.000,233.85,234.05,10000.000,5000.000,234.25,234.50,2390.000,6761.000,25000.000,22500.000,233.803,234.131,234.175,234.600,-0.450,-0.466
2017-03-16 11:59:00,233.862,234.386,572.000,159.000,233.90,233.95,2500.000,5000.000,234.30,234.40,492.000,798.000,233.85,234.05,7500.000,5000.000,234.25,234.50,2552.000,7187.000,25000.000,20000.000,233.809,234.114,234.155,234.525,-0.425,-0.429
2017-03-16 12:00:00,233.867,234.363,688.000,708.000,233.90,234.05,5000.000,5000.000,234.30,234.40,492.000,3458.000,233.85,234.10,5000.000,2500.000,234.25,234.50,3421.000,11271.000,22500.000,17500.000,233.798,234.169,234.178,234.529,-0.375,-0.396
2017-03-16 12:01:00,234.090,234.552,490.000,31.000,234.10,234.15,2500.000,5000.000,234.50,234.65,1175.000,31.000,234.05,234.20,5000.000,10000.000,234.45,234.70,3276.000,3056.000,25000.000,32500.000,234.002,234.329,234.380,234.738,-0.450,-0.376
2017-03-16 12:02:00,234.068,234.521,290.000,448.000,234.15,234.20,10000.000,10000.000,234.45,234.65,504.000,1697.000,234.10,234.25,10000.000,7500.000,234.40,234.70,2268.000,8155.000,32500.000,32500.000,234.066,234.341,234.346,234.735,-0.375,-0.368
2017-03-16 12:03:00,234.211,234.609,1506.000,353.000,234.20,234.25,2500.000,2500.000,234.55,234.65,640.000,306.000,234.15,234.30,10000.000,5000.000,234.50,234.70,6894.000,6772.000,32500.000,25000.000,234.076,234.404,234.454,234.770,-0.375,-0.375
2017-03-16 12:04:00,234.365,234.702,1302.000,3107.000,234.35,234.40,2500.000,5000.000,234.70,234.80,456.000,51.000,234.30,234.45,10000.000,7500.000,234.65,234.85,6022.000,8389.000,32500.000,40000.000,234.238,234.491,234.565,234.938,-0.375,-0.402
2017-03-16 12:05:00,234.378,234.707,1823.000,4404.000,234.35,234.40,5000.000,7500.000,234.70,234.80,1165.000,51.000,234.30,234.45,7500.000,7500.000,234.65,234.85,7843.000,9626.000,32500.000,40000.000,234.239,234.480,234.577,234.925,-0.375,-0.442
2017-03-16 12:06:00,234.286,234.652,55.000,2468.000,234.30,234.35,2500.000,7500.000,234.60,234.80,734.000,5742.000,234.25,234.40,7500.000,7500.000,234.55,234.85,4135.000,12101.000,25000.000,42500.000,234.173,234.429,234.500,234.953,-0.375,-0.491
2017-03-16 12:07:00,234.190,234.603,612.000,6.000,234.25,234.30,7500.000,2500.000,234.55,234.75,83.000,2429.000,234.20,234.35,12500.000,7500.000,234.50,234.80,3107.000,12032.000,35000.000,42500.000,234.109,234.425,234.471,234.921,-0.375,-0.594
2017-03-16 12:08:00,234.149,234.581,3.000,3.000,234.20,234.25,2500.000,2500.000,234.50,234.60,130.000,766.000,234.10,234.30,2500.000,2500.000,234.45,234.65,6579.000,12012.000,25000.000,20000.000,234.002,234.387,234.340,234.744,-0.325,-0.676
2017-03-16 12:09:00,233.792,234.266,200.000,240.000,233.90,233.95,5000.000,2500.000,234.25,234.35,635.000,1872.000,233.80,234.00,7500.000,2500.000,234.20,234.40,2475.000,9598.000,20000.000,20000.000,233.738,234.080,234.156,234.456,-0.375,-0.743
2017-03-16 12:10:00,233.693,234.221,409.000,1432.000,233.75,233.80,10000.000,2500.000,234.15,234.30,118.000,468.000,233.70,233.85,2500.000,12500.000,234.10,234.35,2792.000,9486.000,30000.000,30000.000,233.630,233.924,234.062,234.387,-0.450,-0.819
2017-03-16 12:11:00,233.312,233.922,1259.000,1362.000,233.30,233.45,2500.000,7500.000,233.90,234.00,50.000,468.000,233.25,233.50,10000.000,10000.000,233.85,234.05,3820.000,7129.000,32500.000,42500.000,233.214,233.559,233.800,234.115,-0.575,-0.857
2017-03-16 12:12:00,232.821,233.750,413.000,861.000,232.90,232.95,2500.000,15000.000,233.65,233.80,5025.000,1850.000,232.75,233.00,7500.000,2500.000,233.60,233.85,9754.000,14891.000,20000.000,25000.000,232.711,233.081,233.556,233.875,-0.800,-0.858
2017-03-16 12:13:00,233.117,233.956,2665.000,689.000,233.10,233.20,2500.000,2500.000,233.80,233.95,50.000,1095.000,233.05,233.25,7500.000,12500.000,233.75,234.00,3374.000,3601.000,22500.000,22500.000,233.068,233.291,233.700,234.111,-0.725,-0.826
2017-03-16 12:14:00,233.296,234.104,26.000,581.000,233.30,233.35,2500.000,2500.000,233.95,234.10,265.000,1006.000,233.20,233.40,5000.000,2500.000,233.90,234.15,4378.000,6217.000,20000.000,15000.000,233.081,233.466,233.844,234.333,-0.700,-0.827
2017-03-16 12:15:00,233.370,234.280,365.000,20.000,233.35,233.40,5000.000,2500.000,234.10,234.30,112.000,486.000,233.30,233.45,7500.000,2500.000,234.05,234.35,3198.000,2997.000,25000.000,12500.000,233.219,233.551,234.010,234.460,-0.825,-0.810
2017-03-16 12:16:00,233.391,234.191,137.000,275.000,233.35,233.40,2500.000,2500.000,234.10,234.20,295.000,339.000,233.30,233.45,12500.000,2500.000,234.00,234.25,6039.000,4797.000,25000.000,15000.000,233.229,233.523,233.975,234.417,-0.775,-0.816
2017-03-16 12:17:00,233.411,234.346,386.000,8.000,233.50,233.55,2500.000,2500.000,234.20,234.35,153.000,510.000,233.45,233.60,5000.000,2500.000,234.15,234.40,1647.000,6247.000,20000.000,12500.000,233.384,233.706,234.081,234.480,-0.750,-0.777
2017-03-16 12:18:00,233.294,233.971,380.000,200.000,233.30,233.35,2500.000,5000.000,233.90,234.05,59.000,1149.000,233.25,233.40,5000.000,7500.000,233.85,234.10,3964.000,5729.000,20000.000,22500.000,233.174,233.482,233.800,234.139,-0.650,-0.813
2017-03-16 12:19:00,233.609,234.422,285.000,876.000,233.65,233.80,2500.000,2500.000,234.40,234.55,70.000,192.000,233.60,233.85,2500.000,2500.000,234.35,234.60,3145.000,9408.000,17500.000,22500.000,233.512,233.952,234.257,234.683,-0.750,-0.822
2017-03-16 12:20:00,233.745,234.571,344.000,100.000,233.80,233.85,2500.000,2500.000,234.60,234.75,122.000,1103.000,233.75,233.90,7500.000,7500.000,234.55,234.85,2384.000,7314.000,17500.000,42500.000,233.667,233.982,234.486,234.965,-0.850,-0.840
2017-03-16 12:21:00,233.784,234.616,355.000,91.000,233.90,233.95,2500.000,2500.000,234.65,234.80,183.000,951.000,233.85,234.10,7500.000,7500.000,234.60,234.85,1424.000,10660.000,25000.000,37500.000,233.795,234.211,234.535,234.943,-0.800,-0.831
2017-03-16 12:22:00,233.866,234.605,474.000,2.000,233.85,233.95,2500.000,7500.000,234.65,234.80,509.000,100.000,233.80,234.00,7500.000,7500.000,234.60,234.85,3039.000,2769.000,25000.000,45000.000,233.756,234.130,234.540,234.931,-0.825,-0.830
2017-03-16 12:23:00,234.203,235.059,103.000,100.000,234.25,234.30,7500.000,2500.000,235.00,235.15,79.000,713.000,234.20,234.35,2500.000,5000.000,234.95,235.20,4585.000,11356.000,20000.000,22500.000,234.063,234.462,234.912,235.289,-0.800,-0.793
2017-03-16 12:24:00,234.124,234.982,997.000,19.000,234.10,234.15,2500.000,5000.000,234.85,235.05,122.000,4.000,234.05,234.20,10000.000,2500.000,234.80,235.15,3036.000,1583.000,25000.000,22500.000,234.016,234.335,234.740,235.189,-0.825,-0.767
2017-03-16 12:25:00,234.086,235.000,727.000,100.000,234.15,234.20,5000.000,5000.000,234.90,235.10,433.000,3405.000,234.10,234.30,2500.000,5000.000,234.85,235.15,2586.000,9673.000,25000.000,25000.000,234.057,234.378,234.805,235.210,-0.825,-0.713
2017-03-16 12:26:00,234.186,234.975,682.000,11.000,234.20,234.25,2500.000,2500.000,234.90,235.05,345.000,1816.000,234.15,234.30,2500.000,5000.000,234.85,235.15,4421.000,7705.000,17500.000,22500.000,234.059,234.381,234.800,235.200,-0.750,-0.700
2017-03-16 12:27:00,234.159,234.891,453.000,5.000,234.20,234.25,2500.000,5000.000,234.85,235.00,345.000,1749.000,234.15,234.30,7500.000,5000.000,234.80,235.05,3507.000,8570.000,17500.000,22500.000,234.051,234.389,234.757,235.100,-0.700,-0.691
2017-03-16 12:28:00,234.373,235.048,171.000,715.000,234.35,234.40,7500.000,7500.000,235.00,235.15,5197.000,1538.000,234.30,234.45,2500.000,12500.000,234.95,235.20,10428.000,9951.000,22500.000,32500.000,234.255,234.506,234.922,235.250,-0.700,-0.669
2017-03-16 12:29:00,234.213,234.940,2358.000,427.000,234.30,234.35,5000.000,7500.000,234.90,235.10,59.000,577.000,234.25,234.40,2500.000,7500.000,234.85,235.15,3171.000,9883.000,17500.000,35000.000,234.261,234.493,234.793,235.186,-0.675,-0.633
2017-03-16 12:30:00,234.212,234.856,3273.000,169.000,234.30,234.35,2500.000,5000.000,234.85,235.00,59.000,1216.000,234.25,234.40,2500.000,5000.000,234.80,235.05,4026.000,11806.000,15000.000,27500.000,234.268,234.486,234.717,235.118,-0.600,-0.633
2017-03-16 12:31:00,234.215,234.934,2282.000,144.000,234.30,234.35,5000.000,2500.000,234.90,235.00,9.000,1216.000,234.25,234.40,5000.000,5000.000,234.85,235.05,3305.000,12056.000,20000.000,20000.000,234.246,234.487,234.819,235.113,-0.625,-0.629
2017-03-16 12:32:00,234.241,234.928,2268.000,82.000,234.30,234.35,5000.000,2500.000,234.90,235.05,649.000,576.000,234.25,234.40,5000.000,2500.000,234.85,235.10,4971.000,10210.000,20000.000,25000.000,234.232,234.495,234.800,235.170,-0.650,-0.605
2017-03-16 12:33:00,234.405,234.972,233.000,1281.000,234.40,234.45,2500.000,2500.000,234.95,235.05,1056.000,4231.000,234.35,234.50,5000.000,2500.000,234.90,235.10,6621.000,10759.000,20000.000,25000.000,234.290,234.540,234.850,235.170,-0.575,-0.587
2017-03-16 12:34:00,234.369,234.916,4.000,84.000,234.35,234.40,2500.000,5000.000,234.90,235.00,3168.000,5344.000,234.30,234.50,2500.000,5000.000,234.85,235.10,4713.000,8239.000,17500.000,30000.000,234.263,234.527,234.779,235.146,-0.575,-0.620
2017-03-16 12:35:00,234.282,234.924,2831.000,2270.000,234.30,234.40,7500.000,5000.000,234.90,235.05,119.000,650.000,234.25,234.45,2500.000,5000.000,234.85,235.10,4841.000,11123.000,20000.000,27500.000,234.240,234.496,234.812,235.155,-0.625,-0.632
2017-03-16 12:36:00,234.231,234.933,625.000,1.000,234.30,234.35,7500.000,2500.000,234.90,235.05,71.000,2273.000,234.25,234.40,5000.000,5000.000,234.85,235.10,2379.000,9267.000,20000.000,25000.000,234.187,234.478,234.831,235.165,-0.650,-0.620
2017-03-16 12:37:00,234.676,235.243,301.000,225.000,234.70,234.75,30000.000,10000.000,235.20,235.30,268.000,1096.000,234.65,234.80,7500.000,5000.000,235.15,235.40,2753.000,4826.000,65000.000,65000.000,234.597,234.876,235.131,235.452,-0.525,-0.640
2017-03-16 12:38:00,234.540,235.018,312.000,1907.000,234.60,234.70,2500.000,10000.000,235.10,235.30,63.000,305.000,234.55,234.75,5000.000,5000.000,235.05,235.35,1354.000,8355.000,20000.000,65000.000,234.473,234.807,234.975,235.440,-0.550,-0.655
2017-03-16 12:39:00,234.336,235.045,165.000,1434.000,234.35,234.40,10000.000,7500.000,235.00,235.15,5226.000,2400.000,234.30,234.45,5000.000,12500.000,234.95,235.20,7449.000,12211.000,35000.000,42500.000,234.271,234.502,234.911,235.238,-0.700,-0.645
2017-03-16 12:40:00,234.139,234.843,3260.000,83.000,234.10,234.15,2500.000,10000.000,234.85,235.00,339.000,165.000,234.05,234.20,7500.000,2500.000,234.80,235.05,7433.000,3208.000,22500.000,32500.000,234.022,234.289,234.706,235.112,-0.800,-0.640
2017-03-16 12:41:00,234.234,234.877,474.000,404.000,234.25,234.30,47500.000,2500.000,234.95,235.00,504.000,550.000,234.20,234.35,5000.000,22500.000,234.90,235.05,4793.000,7189.000,62500.000,92500.000,234.127,234.441,234.912,235.119,-0.700,-0.640
2017-03-16 12:42:00,234.299,234.967,4255.000,268.000,234.25,234.30,2500.000,2500.000,235.05,235.10,3624.000,200.000,234.20,234.35,5000.000,5000.000,235.00,235.15,14214.000,4716.000,15000.000,50000.000,234.182,234.460,234.958,235.250,-0.800,-0.643
2017-03-16 12:43:00,234.376,234.930,1912.000,6.000,234.30,234.35,2500.000,2500.000,235.05,235.15,4149.000,770.000,234.25,234.40,5000.000,7500.000,235.00,235.20,15367.000,4907.000,17500.000,92500.000,234.201,234.505,234.950,235.305,-0.775,-0.667
2017-03-16 12:44:00,234.201,234.858,179.000,92.000,234.30,234.35,10000.000,2500.000,235.00,235.10,497.000,59.000,234.20,234.40,5000.000,2500.000,234.95,235.15,2622.000,7040.000,25000.000,50000.000,234.136,234.498,234.885,235.255,-0.725,-0.670
2017-03-16 12:45:00,234.276,234.954,4002.000,224.000,234.30,234.35,2500.000,2500.000,235.05,235.10,130.000,730.000,234.25,234.40,5000.000,2500.000,235.00,235.15,6765.000,7465.000,17500.000,50000.000,234.245,234.491,234.950,235.255,-0.750,-0.666
2017-03-16 12:46:00,234.260,234.902,4093.000,316.000,234.30,234.35,2500.000,2500.000,235.00,235.10,70.000,943.000,234.25,234.40,5000.000,5000.000,234.95,235.15,5738.000,7730.000,15000.000,50000.000,234.260,234.487,234.892,235.250,-0.725,-0.658
2017-03-16 12:47:00,234.232,234.918,1222.000,199.000,234.30,234.35,2500.000,2500.000,235.00,235.10,80.000,430.000,234.25,234.40,5000.000,7500.000,234.95,235.15,2821.000,7117.000,17500.000,52500.000,234.220,234.496,234.871,235.245,-0.725,-0.643
2017-03-16 12:48:00,234.406,235.079,1029.000,225.000,234.50,234.55,2500.000,2500.000,235.20,235.30,93.000,1527.000,234.45,234.60,7500.000,7500.000,235.15,235.35,2265.000,9044.000,22500.000,55000.000,234.418,234.701,235.061,235.448,-0.725,-0.639
2017-03-16 12:49:00,234.395,235.066,597.000,681.000,234.50,234.55,2500.000,2500.000,235.10,235.25,110.000,1643.000,234.45,234.60,5000.000,5000.000,235.05,235.30,1482.000,9274.000,20000.000,35000.000,234.410,234.694,234.981,235.386,-0.650,-0.618
2017-03-16 12:50:00,234.402,235.062,850.000,446.000,234.50,234.55,5000.000,2500.000,235.10,235.25,110.000,763.000,234.45,234.60,5000.000,7500.000,235.05,235.30,2039.000,7858.000,20000.000,40000.000,234.412,234.709,235.000,235.378,-0.650,-0.611
2017-03-16 12:51:00,234.381,234.984,794.000,194.000,234.50,234.55,5000.000,2500.000,235.10,235.20,110.000,1064.000,234.45,234.60,5000.000,5000.000,235.05,235.25,1620.000,8839.000,17500.000,55000.000,234.421,234.714,235.007,235.355,-0.625,-0.613
2017-03-16 12:52:00,234.385,234.991,1014.000,148.000,234.50,234.55,2500.000,2500.000,235.10,235.20,136.000,1064.000,234.45,234.60,5000.000,7500.000,235.05,235.25,1884.000,8664.000,17500.000,55000.000,234.430,234.716,234.993,235.350,-0.625,-0.614
2017-03-16 12:53:00,234.401,235.057,1181.000,224.000,234.50,234.55,2500.000,2500.000,235.10,235.15,1.000,1404.000,234.45,234.60,7500.000,2500.000,235.05,235.20,2255.000,8961.000,25000.000,27500.000,234.422,234.706,234.980,235.277,-0.600,-0.587
2017-03-16 12:54:00,234.442,235.008,178.000,2.000,234.40,234.45,2500.000,5000.000,235.10,235.20,339.000,1199.000,234.35,234.55,7500.000,10000.000,235.05,235.25,3542.000,4142.000,20000.000,60000.000,234.266,234.620,234.975,235.340,-0.725,-0.604
2017-03-16 12:55:00,234.462,235.085,1050.000,2.000,234.50,234.55,2500.000,5000.000,235.15,235.25,492.000,631.000,234.45,234.65,2500.000,5000.000,235.10,235.30,3655.000,7486.000,20000.000,40000.000,234.409,234.742,235.012,235.378,-0.675,-0.596
2017-03-16 12:56:00,234.440,235.054,655.000,1900.000,234.55,234.60,5000.000,2500.000,235.10,235.15,118.000,3792.000,234.50,234.65,5000.000,2500.000,235.05,235.20,2031.000,23017.000,20000.000,40000.000,234.445,234.733,235.006,235.266,-0.550,-0.590
2017-03-16 12:57:00,234.486,235.098,347.000,131.000,234.55,234.65,2500.000,5000.000,235.15,235.25,71.000,1194.000,234.50,234.70,5000.000,2500.000,235.10,235.30,2296.000,9278.000,20000.000,35000.000,234.420,234.787,235.019,235.379,-0.600,-0.595
2017-03-16 12:58:00,235.047,235.568,300.000,514.000,235.10,235.20,2500.000,7500.000,235.55,235.70,452.000,916.000,235.00,235.25,7500.000,7500.000,235.50,235.75,2312.000,4974.000,17500.000,30000.000,234.934,235.336,235.436,235.787,-0.475,-0.636
2017-03-16 12:59:00,234.827,235.478,144.000,602.000,234.90,234.95,2500.000,2500.000,235.40,235.45,354.000,1274.000,234.80,235.00,7500.000,7500.000,235.35,235.55,2318.000,6647.000,22500.000,22500.000,234.734,235.062,235.294,235.606,-0.500,-0.645
2017-03-16 13:00:00,234.874,235.456,165.000,10.000,234.85,234.90,7500.000,2500.000,235.40,235.55,581.000,145.000,234.80,235.00,2500.000,5000.000,235.35,235.60,2975.000,2873.000,20000.000,22500.000,234.730,235.125,235.319,235.650,-0.600,-0.679
2017-03-16 13:01:00,234.882,235.467,164.000,4.000,234.85,234.90,5000.000,2500.000,235.40,235.55,404.000,20.000,234.80,234.95,7500.000,10000.000,235.35,235.60,2761.000,2154.000,25000.000,27500.000,234.732,235.043,235.310,235.641,-0.600,-0.715
2017-03-16 13:02:00,234.787,235.421,151.000,2.000,234.85,234.90,7500.000,7500.000,235.35,235.55,395.000,473.000,234.75,234.95,5000.000,10000.000,235.30,235.60,2434.000,5914.000,22500.000,30000.000,234.674,235.013,235.272,235.625,-0.575,-0.734
2017-03-16 13:03:00,234.927,235.656,273.000,44.000,234.95,235.05,2500.000,5000.000,235.60,235.70,711.000,450.000,234.90,235.10,7500.000,5000.000,235.55,235.75,4777.000,9147.000,20000.000,20000.000,234.813,235.208,235.506,235.781,-0.650,-0.734
2017-03-16 13:04:00,234.895,235.587,456.000,2.000,234.95,235.00,2500.000,2500.000,235.50,235.65,262.000,413.000,234.90,235.05,5000.000,7500.000,235.45,235.70,2667.000,5359.000,25000.000,22500.000,234.828,235.169,235.400,235.744,-0.600,-0.745
2017-03-16 13:05:00,234.929,235.681,881.000,69.000,234.95,235.00,5000.000,2500.000,235.60,235.70,418.000,303.000,234.90,235.05,2500.000,5000.000,235.55,235.75,3876.000,4683.000,25000.000,20000.000,234.843,235.168,235.480,235.794,-0.675,-0.751
2017-03-16 13:06:00,234.831,235.600,348.000,1060.000,234.95,235.05,2500.000,5000.000,235.50,235.60,99.000,1496.000,234.85,235.10,7500.000,2500.000,235.45,235.70,2471.000,13576.000,27500.000,20000.000,234.788,235.184,235.405,235.731,-0.550,-0.734
2017-03-16 13:07:00,234.828,235.556,152.000,2.000,234.95,235.00,2500.000,7500.000,235.45,235.60,150.000,989.000,234.85,235.05,10000.000,2500.000,235.40,235.65,1953.000,8390.000,25000.000,20000.000,234.767,235.144,235.345,235.681,-0.550,-0.723
2017-03-16 13:08:00,234.815,235.542,900.000,75.000,234.85,235.00,7500.000,7500.000,235.45,235.60,448.000,650.000,234.80,235.05,12500.000,2500.000,235.40,235.65,3285.000,7635.000,30000.000,20000.000,234.765,235.151,235.367,235.681,-0.600,-0.714
2017-03-16 13:09:00,234.823,235.571,1529.000,51.000,234.85,235.00,2500.000,5000.000,235.50,235.60,789.000,610.000,234.80,235.05,5000.000,2500.000,235.45,235.65,4082.000,7746.000,27500.000,20000.000,234.790,235.153,235.382,235.706,-0.625,-0.704
2017-03-16 13:10:00,234.832,235.615,236.000,401.000,235.00,235.05,2500.000,5000.000,235.55,235.60,812.000,1415.000,234.85,235.10,5000.000,5000.000,235.50,235.70,3038.000,13060.000,30000.000,27500.000,234.815,235.193,235.438,235.732,-0.550,-0.696
2017-03-16 13:11:00,234.826,235.511,43.000,829.000,235.00,235.05,7500.000,2500.000,235.45,235.60,173.000,1415.000,234.85,235.10,12500.000,2500.000,235.40,235.65,2165.000,12623.000,32500.000,22500.000,234.757,235.194,235.358,235.722,-0.500,-0.682
2017-03-16 13:12:00,234.875,235.548,313.000,1.000,234.90,234.95,2500.000,2500.000,235.50,235.60,641.000,504.000,234.85,235.00,7500.000,5000.000,235.45,235.65,3276.000,4661.000,30000.000,27500.000,234.792,235.104,235.387,235.714,-0.625,-0.662
2017-03-16 13:13:00,234.850,235.529,184.000,499.000,234.90,235.00,2500.000,5000.000,235.50,235.60,551.000,546.000,234.85,235.05,5000.000,5000.000,235.45,235.65,3078.000,8784.000,22500.000,30000.000,234.786,235.143,235.400,235.700,-0.600,-0.653
2017-03-16 13:14:00,234.864,235.562,1262.000,6.000,234.90,235.00,7500.000,2500.000,235.50,235.65,794.000,546.000,234.85,235.05,2500.000,5000.000,235.45,235.70,3972.000,7005.000,25000.000,27500.000,234.819,235.159,235.410,235.750,-0.625,-0.645
2017-03-16 13:15:00,234.876,235.620,47.000,753.000,234.95,235.05,2500.000,5000.000,235.55,235.65,128.000,676.000,234.90,235.10,2500.000,5000.000,235.50,235.70,2780.000,12830.000,27500.000,27500.000,234.800,235.194,235.418,235.741,-0.600,-0.628
2017-03-16 13:16:00,234.622,235.238,982.000,2.000,234.60,234.65,5000.000,2500.000,235.15,235.35,84.000,110.000,234.55,234.80,5000.000,7500.000,235.10,235.40,3120.000,3826.000,25000.000,27500.000,234.479,234.906,235.045,235.450,-0.625,-0.635
2017-03-16 13:17:00,234.710,235.284,1928.000,2.000,234.70,234.75,5000.000,2500.000,235.25,235.40,542.000,60.000,234.65,234.80,5000.000,2500.000,235.20,235.45,4860.000,3579.000,20000.000,27500.000,234.606,234.922,235.156,235.518,-0.600,-0.630
2017-03-16 13:18:00,234.802,235.436,424.000,16.000,234.80,234.85,2500.000,7500.000,235.40,235.55,413.000,670.000,234.75,234.95,5000.000,5000.000,235.35,235.60,4290.000,6805.000,17500.000,27500.000,234.676,235.034,235.307,235.645,-0.650,-0.627
2017-03-16 13:19:00,234.766,235.423,400.000,12.000,234.85,234.90,2500.000,7500.000,235.40,235.55,71.000,4456.000,234.75,234.95,5000.000,7500.000,235.35,235.60,2814.000,10733.000,17500.000,32500.000,234.677,235.004,235.307,235.646,-0.600,-0.615
2017-03-16 13:20:00,234.781,235.439,93.000,4732.000,234.80,234.95,2500.000,2500.000,235.40,235.55,878.000,2582.000,234.75,235.00,7500.000,7500.000,235.35,235.60,3560.000,14827.000,20000.000,27500.000,234.677,235.039,235.300,235.664,-0.600,-0.634
2017-03-16 13:21:00,234.810,235.460,395.000,55.000,234.85,234.90,2500.000,2500.000,235.45,235.55,178.000,4878.000,234.80,234.95,5000.000,7500.000,235.40,235.60,3437.000,12081.000,20000.000,30000.000,234.727,235.000,235.356,235.662,-0.625,-0.643
2017-03-16 13:22:00,234.881,235.432,269.000,4299.000,234.90,234.95,2500.000,2500.000,235.45,235.60,118.000,2704.000,234.85,235.00,5000.000,7500.000,235.40,235.65,3058.000,11179.000,15000.000,27500.000,234.753,235.028,235.333,235.718,-0.600,-0.665
2017-03-16 13:23:00,234.813,235.433,3.000,4.000,234.85,234.90,5000.000,2500.000,235.40,235.55,118.000,3959.000,234.80,234.95,5000.000,5000.000,235.35,235.60,2102.000,8785.000,17500.000,20000.000,234.691,234.996,235.314,235.669,-0.600,-0.678
2017-03-16 13:24:00,234.868,235.461,1009.000,3800.000,234.90,234.95,5000.000,2500.000,235.45,235.55,59.000,3104.000,234.85,235.00,7500.000,5000.000,235.40,235.60,2770.000,11062.000,22500.000,22500.000,234.797,235.028,235.356,235.667,-0.575,-0.686
2017-03-16 13:25:00,234.669,235.427,47.000,195.000,234.75,234.80,2500.000,5000.000,235.35,235.50,177.000,4.000,234.70,234.85,2500.000,5000.000,235.30,235.55,2493.000,8239.000,17500.000,20000.000,234.607,234.963,235.243,235.581,-0.650,-0.680
2017-03-16 13:26:00,234.702,235.397,435.000,25.000,234.80,234.85,5000.000,2500.000,235.35,235.50,61.000,277.000,234.75,234.90,5000.000,7500.000,235.30,235.55,1986.000,11966.000,20000.000,25000.000,234.680,234.992,235.269,235.600,-0.600,-0.682
2017-03-16 13:27:00,234.782,235.442,97.000,168.000,234.85,234.90,2500.000,7500.000,235.40,235.55,362.000,3778.000,234.80,234.95,5000.000,7500.000,235.35,235.60,1578.000,11287.000,20000.000,30000.000,234.716,235.003,235.300,235.646,-0.600,-0.703
2017-03-16 13:28:00,234.792,235.479,237.000,5.000,234.85,234.90,2500.000,7500.000,235.45,235.55,236.000,3696.000,234.80,234.95,2500.000,5000.000,235.40,235.60,2345.000,12192.000,20000.000,27500.000,234.716,235.004,235.344,235.650,-0.625,-0.699
2017-03-16 13:29:00,234.852,235.482,176.000,3663.000,234.90,234.95,2500.000,2500.000,235.45,235.55,79.000,4804.000,234.85,235.00,5000.000,5000.000,235.40,235.60,1831.000,14058.000,20000.000,22500.000,234.763,235.028,235.356,235.661,-0.575,-0.720
2017-03-16 13:30:00,234.724,235.453,402.000,2.000,234.80,234.85,2500.000,5000.000,235.40,235.55,61.000,304.000,234.75,234.90,5000.000,7500.000,235.35,235.60,2636.000,10897.000,20000.000,25000.000,234.669,234.989,235.294,235.645,-0.650,-0.722
2017-03-16 13:31:00,234.585,235.289,45.000,4.000,234.65,234.70,2500.000,2500.000,235.15,235.30,9.000,60.000,234.60,234.75,5000.000,5000.000,235.10,235.35,842.000,2573.000,35000.000,22500.000,234.491,234.855,235.007,235.400,-0.550,-0.731
2017-03-16 13:32:00,234.660,235.426,400.000,2.000,234.70,234.80,7500.000,2500.000,235.30,235.50,634.000,741.000,234.65,234.90,7500.000,5000.000,235.25,235.55,6006.000,18927.000,27500.000,20000.000,234.547,234.997,235.223,235.644,-0.650,-0.718
2017-03-16 13:33:00,234.645,235.311,442.000,469.000,234.70,234.85,5000.000,2500.000,235.30,235.35,514.000,1069.000,234.65,234.90,7500.000,2500.000,235.25,235.40,5620.000,22930.000,25000.000,20000.000,234.567,234.988,235.210,235.463,-0.550,-0.723
2017-03-16 13:34:00,234.641,235.377,483.000,2.000,234.70,234.75,2500.000,2500.000,235.30,235.40,492.000,953.000,234.65,234.90,5000.000,2500.000,235.25,235.45,5825.000,23876.000,22500.000,15000.000,234.567,234.991,235.206,235.500,-0.625,-0.753
2017-03-16 13:35:00,234.717,235.453,294.000,1159.000,234.75,234.90,2500.000,5000.000,235.35,235.50,845.000,3532.000,234.70,234.95,2500.000,5000.000,235.30,235.55,4706.000,20820.000,25000.000,20000.000,234.618,235.004,235.240,235.594,-0.600,-0.772
2017-03-16 13:36:00,234.696,235.445,76.000,1.000,234.80,234.85,2500.000,5000.000,235.35,235.50,616.000,1241.000,234.75,234.90,2500.000,7500.000,235.30,235.55,2730.000,18936.000,25000.000,22500.000,234.682,234.993,235.240,235.589,-0.600,-0.786
2017-03-16 13:37:00,234.796,235.500,197.000,5157.000,234.85,234.90,2500.000,2500.000,235.45,235.55,697.000,30.000,234.80,234.95,7500.000,2500.000,235.40,235.60,3411.000,20235.000,22500.000,20000.000,234.733,234.991,235.350,235.669,-0.625,-0.813
2017-03-16 13:38:00,234.805,235.495,64.000,6190.000,234.85,234.90,7500.000,2500.000,235.45,235.60,452.000,30.000,234.80,234.95,5000.000,5000.000,235.40,235.65,2820.000,19298.000,27500.000,25000.000,234.720,234.978,235.350,235.720,-0.650,-0.844
2017-03-16 13:39:00,234.657,235.542,952.000,139.000,234.75,234.80,7500.000,2500.000,235.45,235.55,636.000,819.000,234.70,234.85,10000.000,5000.000,235.40,235.60,4445.000,16621.000,42500.000,22500.000,234.641,234.961,235.350,235.661,-0.725,-0.849
2017-03-16 13:40:00,234.708,235.539,176.000,455.000,234.80,234.85,7500.000,2500.000,235.45,235.55,83.000,3774.000,234.75,234.90,7500.000,7500.000,235.40,235.60,2262.000,16997.000,42500.000,25000.000,234.665,234.979,235.347,235.655,-0.675,-0.865
2017-03-16 13:41:00,234.721,235.541,248.000,20.000,234.80,234.85,5000.000,5000.000,235.45,235.55,83.000,3513.000,234.75,234.90,5000.000,10000.000,235.40,235.60,2334.000,16301.000,40000.000,27500.000,234.669,234.966,235.334,235.641,-0.675,-0.888
2017-03-16 13:42:00,234.710,235.546,275.000,233.000,234.80,234.85,5000.000,5000.000,235.45,235.55,83.000,3513.000,234.75,234.90,5000.000,10000.000,235.40,235.60,2125.000,18176.000,42500.000,27500.000,234.668,234.972,235.332,235.641,-0.675,-0.909
2017-03-16 13:43:00,234.595,235.442,306.000,11.000,234.65,234.70,5000.000,7500.000,235.35,235.45,813.000,146.000,234.60,234.80,10000.000,7500.000,235.30,235.50,5552.000,11627.000,45000.000,30000.000,234.539,234.931,235.242,235.533,-0.725,-0.918
2017-03-16 13:44:00,234.598,235.511,1302.000,4.000,234.65,234.70,7500.000,2500.000,235.40,235.55,863.000,219.000,234.60,234.85,5000.000,7500.000,235.35,235.60,6670.000,17433.000,35000.000,22500.000,234.553,234.958,235.300,235.656,-0.800,-0.910
2017-03-16 13:45:00,234.572,235.483,320.000,2.000,234.65,234.70,2500.000,2500.000,235.35,235.50,121.000,416.000,234.60,234.80,7500.000,2500.000,235.30,235.55,3780.000,12367.000,42500.000,22500.000,234.500,234.927,235.238,235.611,-0.750,-0.915
2017-03-16 13:46:00,234.621,235.556,382.000,2.000,234.70,234.75,2500.000,5000.000,235.45,235.55,476.000,765.000,234.65,234.85,2500.000,7500.000,235.40,235.60,4637.000,19083.000,37500.000,25000.000,234.561,234.955,235.310,235.645,-0.775,-0.915
2017-03-16 13:47:00,234.549,235.487,213.000,442.000,234.65,234.70,2500.000,5000.000,235.35,235.50,9.000,640.000,234.60,234.80,10000.000,7500.000,235.30,235.55,2401.000,13196.000,47500.000,27500.000,234.486,234.915,235.232,235.591,-0.750,-0.931
2017-03-16 13:48:00,234.608,235.500,161.000,234.000,234.65,234.70,7500.000,2500.000,235.35,235.50,109.000,60.000,234.60,234.75,12500.000,2500.000,235.30,235.55,2868.000,5383.000,52500.000,20000.000,234.489,234.878,235.250,235.613,-0.750,-0.950
2017-03-16 13:49:00,234.620,235.495,1340.000,216.000,234.65,234.70,5000.000,2500.000,235.35,235.50,177.000,160.000,234.60,234.75,10000.000,5000.000,235.30,235.55,4110.000,5431.000,50000.000,22500.000,234.537,234.876,235.243,235.606,-0.750,-0.967
2017-03-16 13:50:00,234.634,235.569,944.000,449.000,234.75,234.80,2500.000,7500.000,235.45,235.60,1215.000,716.000,234.65,234.85,5000.000,5000.000,235.40,235.65,5840.000,19129.000,37500.000,27500.000,234.591,234.953,235.327,235.691,-0.750,-0.958
2017-03-16 13:51:00,234.528,235.463,145.000,4.000,234.45,234.50,10000.000,2500.000,235.30,235.45,418.000,50.000,234.40,234.60,10000.000,2500.000,235.25,235.50,4057.000,2988.000,50000.000,20000.000,234.281,234.729,235.208,235.600,-0.900,-0.945
2017-03-16 13:52:00,234.477,235.496,804.000,2.000,234.55,234.60,2500.000,2500.000,235.35,235.50,492.000,679.000,234.50,234.70,12500.000,2500.000,235.30,235.55,2404.000,8486.000,47500.000,20000.000,234.474,234.789,235.245,235.613,-0.850,-0.914
2017-03-16 13:53:00,234.469,235.456,322.000,5.000,234.55,234.60,2500.000,2500.000,235.30,235.45,587.000,706.000,234.50,234.65,15000.000,2500.000,235.25,235.50,1567.000,5616.000,42500.000,20000.000,234.480,234.737,235.197,235.600,-0.800,-0.895
2017-03-16 13:54:00,234.412,235.371,590.000,35.000,234.50,234.55,10000.000,2500.000,235.25,235.35,81.000,1184.000,234.45,234.60,10000.000,5000.000,235.20,235.40,1514.000,5681.000,45000.000,15000.000,234.408,234.699,235.158,235.442,-0.775,-0.875
2017-03-16 13:55:00,234.474,235.363,240.000,11.000,234.55,234.60,12500.000,2500.000,235.25,235.35,352.000,389.000,234.50,234.65,10000.000,2500.000,235.20,235.40,1454.000,5249.000,45000.000,15000.000,234.442,234.741,235.164,235.458,-0.725,-0.854
2017-03-16 13:56:00,234.488,235.357,433.000,6.000,234.55,234.60,5000.000,2500.000,235.25,235.35,153.000,703.000,234.50,234.65,7500.000,7500.000,235.20,235.40,1648.000,5590.000,35000.000,17500.000,234.430,234.730,235.146,235.436,-0.725,-0.818
2017-03-16 13:57:00,234.491,235.357,263.000,1372.000,234.60,234.70,2500.000,2500.000,235.25,235.35,118.000,1857.000,234.55,234.75,7500.000,7500.000,235.20,235.40,923.000,11444.000,32500.000,17500.000,234.496,234.834,235.138,235.436,-0.650,-0.803
2017-03-16 13:58:00,234.578,235.468,252.000,2.000,234.70,234.75,2500.000,2500.000,235.35,235.50,196.000,430.000,234.65,234.80,5000.000,2500.000,235.30,235.55,1946.000,13863.000,30000.000,20000.000,234.577,234.914,235.238,235.600,-0.700,-0.776
2017-03-16 13:59:00,234.586,235.445,422.000,703.000,234.70,234.80,5000.000,2500.000,235.35,235.45,196.000,1594.000,234.65,234.85,5000.000,2500.000,235.30,235.50,2116.000,22529.000,35000.000,20000.000,234.587,234.945,235.232,235.569,-0.650,-0.781
2017-03-16 14:00:00,234.705,235.492,520.000,897.000,234.80,234.85,2500.000,5000.000,235.40,235.55,116.000,4694.000,234.75,234.90,5000.000,5000.000,235.35,235.60,1235.000,20878.000,25000.000,22500.000,234.716,234.959,235.280,235.656,-0.650,-0.800
2017-03-16 14:01:00,234.788,235.474,544.000,4981.000,234.85,234.90,5000.000,2500.000,235.45,235.55,16.000,6137.000,234.80,234.95,5000.000,2500.000,235.40,235.60,1215.000,21462.000,20000.000,22500.000,234.764,234.973,235.356,235.678,-0.625,-0.836
2017-03-16 14:02:00,234.766,235.561,921.000,3572.000,234.80,234.90,5000.000,5000.000,235.45,235.65,357.000,5798.000,234.75,234.95,7500.000,5000.000,235.40,235.70,3269.000,17345.000,25000.000,22500.000,234.702,234.978,235.360,235.739,-0.700,-0.851
2017-03-16 14:03:00,234.661,235.417,126.000,16.000,234.60,234.65,7500.000,5000.000,235.25,235.45,548.000,179.000,234.55,234.70,10000.000,5000.000,235.20,235.50,2395.000,1279.000,35000.000,17500.000,234.468,234.817,235.161,235.529,-0.725,-0.875
2017-03-16 14:04:00,234.546,235.426,635.000,2.000,234.55,234.60,2500.000,2500.000,235.30,235.40,761.000,142.000,234.50,234.70,2500.000,10000.000,235.25,235.45,3570.000,4062.000,37500.000,20000.000,234.449,234.826,235.163,235.481,-0.775,-0.867
2017-03-16 14:05:00,234.605,235.492,308.000,101.000,234.65,234.70,2500.000,5000.000,235.40,235.50,568.000,205.000,234.60,234.75,2500.000,5000.000,235.35,235.55,3604.000,6108.000,25000.000,22500.000,234.525,234.875,235.270,235.633,-0.775,-0.868
2017-03-16 14:06:00,234.591,235.452,577.000,2055.000,234.65,234.70,2500.000,5000.000,235.30,235.45,226.000,205.000,234.60,234.75,7500.000,5000.000,235.25,235.50,2450.000,7719.000,35000.000,17500.000,234.543,234.827,235.182,235.529,-0.700,-0.865
2017-03-16 14:07:00,234.529,235.402,294.000,1249.000,234.60,234.70,5000.000,2500.000,235.25,235.40,11.000,1620.000,234.55,234.75,10000.000,5000.000,235.20,235.45,1927.000,9163.000,35000.000,17500.000,234.477,234.832,235.146,235.507,-0.675,-0.860
2017-03-16 14:08:00,234.570,235.446,1264.000,9.000,234.60,234.65,2500.000,2500.000,235.30,235.40,757.000,1294.000,234.50,234.70,7500.000,5000.000,235.25,235.45,4225.000,4907.000,40000.000,17500.000,234.479,234.772,235.175,235.507,-0.725,-0.848
2017-03-16 14:09:00,234.584,235.422,586.000,993.000,234.65,234.70,5000.000,7500.000,235.30,235.40,1078.000,455.000,234.60,234.75,7500.000,5000.000,235.25,235.45,3199.000,8505.000,42500.000,25000.000,234.550,234.847,235.185,235.485,-0.675,-0.843
2017-03-16 14:10:00,234.574,235.466,1676.000,2.000,234.65,234.70,2500.000,2500.000,235.35,235.45,148.000,79.000,234.60,234.75,10000.000,7500.000,235.30,235.50,3529.000,6999.000,37500.000,17500.000,234.577,234.876,235.240,235.536,-0.725,-0.841
2017-03-16 14:11:00,234.718,235.566,138.000,100.000,234.80,234.85,2500.000,2500.000,235.50,235.60,326.000,3844.000,234.75,234.90,2500.000,7500.000,235.45,235.65,2939.000,21044.000,30000.000,25000.000,234.657,234.970,235.387,235.710,-0.725,-0.832
2017-03-16 14:12:00,234.633,235.479,16.000,452.000,234.75,234.80,5000.000,5000.000,235.40,235.55,1244.000,99.000,234.65,234.85,7500.000,5000.000,235.35,235.60,5013.000,17514.000,25000.000,22500.000,234.554,234.958,235.305,235.656,-0.700,-0.830
2017-03-16 14:13:00,234.700,235.514,109.000,469.000,234.80,234.85,2500.000,5000.000,235.45,235.60,3131.000,2787.000,234.70,234.90,10000.000,7500.000,235.40,235.65,5687.000,19771.000,25000.000,27500.000,234.664,234.970,235.355,235.700,-0.700,-0.862
2017-03-16 14:14:00,234.687,235.502,833.000,1282.000,234.80,234.85,7500.000,2500.000,235.45,235.55,474.000,3126.000,234.70,234.90,10000.000,2500.000,235.40,235.60,3788.000,20579.000,32500.000,25000.000,234.670,234.963,235.362,235.675,-0.675,-0.887
2017-03-16 14:15:00,234.719,235.602,674.000,162.000,234.80,234.85,5000.000,2500.000,235.50,235.65,304.000,3064.000,234.75,234.90,12500.000,5000.000,235.45,235.70,2620.000,16442.000,32500.000,22500.000,234.694,234.969,235.392,235.756,-0.750,-0.890
2017-03-16 14:16:00,234.789,235.588,332.000,3033.000,234.85,234.90,10000.000,2500.000,235.50,235.65,867.000,5808.000,234.80,234.95,5000.000,5000.000,235.45,235.70,1844.000,18135.000,30000.000,22500.000,234.781,234.979,235.396,235.761,-0.700,-0.896
2017-03-16 14:17:00,234.799,235.636,1004.000,211.000,234.85,234.90,7500.000,5000.000,235.55,235.70,401.000,5808.000,234.80,234.95,5000.000,7500.000,235.50,235.75,2286.000,11969.000,27500.000,25000.000,234.776,234.985,235.459,235.805,-0.750,-0.888
2017-03-16 14:18:00,234.555,235.531,107.000,429.000,234.65,234.80,5000.000,5000.000,235.40,235.55,150.000,60.000,234.60,234.85,2500.000,5000.000,235.35,235.60,2582.000,14635.000,25000.000,20000.000,234.502,234.964,235.285,235.656,-0.750,-0.845
2017-03-16 14:19:00,234.553,235.492,927.000,200.000,234.65,234.75,2500.000,5000.000,235.40,235.55,177.000,449.000,234.60,234.85,7500.000,2500.000,235.35,235.60,3428.000,16807.000,22500.000,22500.000,234.541,234.967,235.294,235.683,-0.775,-0.823
2017-03-16 14:20:00,234.594,235.494,608.000,63.000,234.70,234.80,5000.000,5000.000,235.35,235.55,1854.000,927.000,234.65,234.85,2500.000,10000.000,235.30,235.60,3278.000,16080.000,37500.000,30000.000,234.627,234.962,235.210,235.650,-0.700,-0.810
2017-03-16 14:21:00,234.643,235.469,492.000,2.000,234.75,234.80,2500.000,2500.000,235.40,235.55,45.000,363.000,234.70,234.85,7500.000,10000.000,235.35,235.60,3414.000,15433.000,25000.000,27500.000,234.639,234.967,235.285,235.659,-0.700,-0.813
2017-03-16 14:22:00,234.720,235.521,595.000,228.000,234.80,234.85,2500.000,7500.000,235.45,235.60,87.000,297.000,234.75,234.90,10000.000,5000.000,235.40,235.65,2950.000,14164.000,25000.000,27500.000,234.676,234.983,235.355,235.686,-0.700,-0.827
2017-03-16 14:23:00,234.710,235.470,402.000,181.000,234.80,234.85,5000.000,5000.000,235.40,235.55,87.000,97.000,234.75,234.90,7500.000,7500.000,235.35,235.60,2255.000,13948.000,27500.000,27500.000,234.679,234.982,235.305,235.655,-0.650,-0.845
2017-03-16 14:24:00,234.627,235.457,719.000,4.000,234.70,234.75,5000.000,5000.000,235.35,235.55,1250.000,288.000,234.65,234.80,2500.000,7500.000,235.30,235.60,3683.000,7205.000,27500.000,27500.000,234.598,234.938,235.232,235.655,-0.725,-0.854
2017-03-16 14:25:00,234.621,235.455,606.000,15.000,234.70,234.75,5000.000,5000.000,235.35,235.50,1250.000,288.000,234.65,234.80,2500.000,5000.000,235.30,235.55,3623.000,8018.000,27500.000,22500.000,234.595,234.935,235.232,235.594,-0.700,-0.858
2017-03-16 14:26:00,234.539,235.380,257.000,795.000,234.70,234.75,7500.000,12500.000,235.25,235.40,120.000,1155.000,234.60,234.80,10000.000,2500.000,235.20,235.45,1493.000,11782.000,37500.000,25000.000,234.537,234.907,235.157,235.480,-0.600,-0.863
2017-03-16 14:27:00,234.601,235.471,707.000,3.000,234.70,234.75,2500.000,2500.000,235.40,235.50,59.000,746.000,234.65,234.85,2500.000,5000.000,235.35,235.55,3223.000,15877.000,25000.000,22500.000,234.567,234.964,235.270,235.606,-0.725,-0.854
2017-03-16 14:28:00,234.627,235.475,1151.000,394.000,234.70,234.80,2500.000,2500.000,235.35,235.45,1317.000,1338.000,234.65,234.85,5000.000,2500.000,235.30,235.50,5706.000,18293.000,35000.000,15000.000,234.604,234.957,235.225,235.558,-0.650,-0.840
2017-03-16 14:29:00,234.659,235.537,417.000,95.000,234.75,234.80,2500.000,2500.000,235.45,235.60,1947.000,867.000,234.70,234.85,10000.000,5000.000,235.40,235.65,4766.000,15738.000,27500.000,22500.000,234.652,234.963,235.355,235.706,-0.750,-0.836
2017-03-16 14:30:00,234.622,235.477,226.000,122.000,234.75,234.80,2500.000,2500.000,235.35,235.50,1171.000,847.000,234.70,234.85,2500.000,2500.000,235.30,235.55,2478.000,18278.000,30000.000,20000.000,234.663,234.964,235.225,235.662,-0.650,-0.791
2017-03-16 14:31:00,234.612,235.476,613.000,130.000,234.75,234.80,2500.000,2500.000,235.35,235.45,30.000,1216.000,234.70,234.85,2500.000,2500.000,235.30,235.50,1563.000,18353.000,32500.000,15000.000,234.666,234.961,235.219,235.550,-0.625,-0.773
2017-03-16 14:32:00,234.619,235.445,571.000,164.000,234.75,234.80,2500.000,5000.000,235.30,235.45,30.000,1509.000,234.70,234.85,7500.000,5000.000,235.25,235.50,1521.000,17027.000,32500.000,17500.000,234.663,234.955,235.185,235.529,-0.600,-0.748
2017-03-16 14:33:00,234.698,235.476,98.000,997.000,234.80,234.85,2500.000,2500.000,235.35,235.45,609.000,509.000,234.75,234.90,5000.000,5000.000,235.30,235.50,1232.000,18315.000,32500.000,15000.000,234.703,234.968,235.223,235.542,-0.575,-0.728
2017-03-16 14:34:00,234.480,235.338,742.000,8.000,234.60,234.65,7500.000,7500.000,235.20,235.40,201.000,25.000,234.55,234.75,7500.000,5000.000,235.15,235.45,3354.000,10894.000,32500.000,27500.000,234.473,234.934,235.104,235.532,-0.675,-0.689
2017-03-16 14:35:00,234.595,235.225,308.000,2.000,234.65,234.70,5000.000,2500.000,235.15,235.30,12.000,507.000,234.60,234.75,10000.000,7500.000,235.10,235.35,1357.000,4431.000,30000.000,25000.000,234.526,234.825,235.054,235.400,-0.550,-0.694
2017-03-16 14:36:00,234.541,235.315,1041.000,4.000,234.60,234.65,2500.000,5000.000,235.25,235.35,490.000,1194.000,234.55,234.80,5000.000,7500.000,235.20,235.40,4504.000,11644.000,25000.000,25000.000,234.497,234.920,235.135,235.435,-0.675,-0.666
2017-03-16 14:37:00,234.467,235.168,250.000,2.000,234.45,234.50,7500.000,5000.000,235.00,235.20,392.000,92.000,234.40,234.55,5000.000,2500.000,234.95,235.25,2378.000,2031.000,27500.000,15000.000,234.329,234.664,234.895,235.283,-0.625,-0.642
2017-03-16 14:38:00,234.496,235.171,208.000,3.000,234.55,234.60,2500.000,2500.000,235.10,235.20,205.000,3.000,234.45,234.65,5000.000,5000.000,235.05,235.30,2947.000,4713.000,17500.000,17500.000,234.375,234.750,235.007,235.336,-0.575,-0.630
2017-03-16 14:39:00,234.568,235.232,155.000,591.000,234.75,234.80,7500.000,7500.000,235.15,235.35,659.000,1515.000,234.65,234.85,2500.000,5000.000,235.10,235.40,1314.000,17902.000,25000.000,25000.000,234.612,234.957,235.005,235.435,-0.475,-0.627
2017-03-16 14:40:00,234.661,235.315,12.000,1507.000,234.80,234.85,2500.000,5000.000,235.25,235.35,135.000,582.000,234.75,234.90,7500.000,2500.000,235.20,235.40,1550.000,20048.000,25000.000,17500.000,234.596,234.972,235.150,235.443,-0.475,-0.617
2017-03-16 14:41:00,234.669,235.305,16.000,1517.000,234.80,234.85,5000.000,5000.000,235.25,235.35,521.000,873.000,234.75,234.90,7500.000,2500.000,235.20,235.45,2131.000,20349.000,25000.000,25000.000,234.626,234.971,235.165,235.490,-0.475,-0.617
2017-03-16 14:42:00,234.664,235.243,509.000,1817.000,234.80,234.85,5000.000,5000.000,235.20,235.35,176.000,584.000,234.75,234.90,10000.000,2500.000,235.15,235.40,1818.000,19683.000,27500.000,22500.000,234.656,234.969,235.059,235.450,-0.450,-0.603
2017-03-16 14:43:00,234.565,235.185,728.000,11.000,234.55,234.60,2500.000,2500.000,235.10,235.25,1048.000,144.000,234.50,234.70,7500.000,5000.000,235.05,235.30,4198.000,4878.000,22500.000,20000.000,234.454,234.855,235.000,235.350,-0.600,-0.598
2017-03-16 14:44:00,234.554,235.203,367.000,150.000,234.60,234.70,5000.000,2500.000,235.10,235.25,130.000,50.000,234.55,234.75,5000.000,5000.000,235.05,235.30,2154.000,5834.000,25000.000,17500.000,234.468,234.848,235.005,235.350,-0.525,-0.586
2017-03-16 14:45:00,234.574,235.175,165.000,740.000,234.65,234.70,5000.000,5000.000,235.10,235.30,382.000,60.000,234.60,234.75,5000.000,2500.000,235.05,235.35,1420.000,5234.000,20000.000,20000.000,234.535,234.841,234.994,235.412,-0.525,-0.578
2017-03-16 14:46:00,234.531,235.168,164.000,159.000,234.65,234.70,5000.000,10000.000,235.05,235.25,217.000,424.000,234.60,234.75,5000.000,5000.000,235.00,235.30,601.000,5646.000,27500.000,27500.000,234.578,234.844,234.905,235.359,-0.475,-0.536
2017-03-16 14:47:00,234.398,234.907,4233.000,460.000,234.35,234.40,2500.000,2500.000,234.90,235.05,647.000,698.000,234.30,234.45,5000.000,10000.000,234.85,235.10,7171.000,2423.000,17500.000,32500.000,234.300,234.505,234.807,235.169,-0.600,-0.524
2017-03-16 14:48:00,234.392,234.985,3895.000,198.000,234.35,234.45,7500.000,5000.000,234.90,235.10,647.000,99.000,234.30,234.50,5000.000,2500.000,234.85,235.15,6568.000,3503.000,27500.000,30000.000,234.294,234.621,234.809,235.271,-0.600,-0.489
2017-03-16 14:49:00,234.653,235.241,124.000,3.000,234.65,234.70,5000.000,2500.000,235.15,235.30,142.000,60.000,234.60,234.75,7500.000,2500.000,235.10,235.35,3508.000,4226.000,22500.000,17500.000,234.505,234.856,235.050,235.443,-0.550,-0.432
2017-03-16 14:50:00,234.598,235.159,88.000,97.000,234.70,234.80,5000.000,5000.000,235.10,235.30,60.000,1168.000,234.65,234.85,5000.000,2500.000,235.05,235.35,3108.000,18872.000,20000.000,20000.000,234.517,234.965,234.994,235.412,-0.450,-0.379
2017-03-16 14:51:00,234.862,235.292,383.000,5819.000,234.90,234.95,5000.000,5000.000,235.20,235.35,458.000,7166.000,234.85,235.00,2500.000,7500.000,235.15,235.40,2925.000,18066.000,25000.000,25000.000,234.803,235.018,235.075,235.440,-0.350,-0.349
2017-03-16 14:52:00,234.919,235.369,1044.000,1928.000,234.90,234.95,2500.000,5000.000,235.30,235.45,278.000,825.000,234.85,235.00,5000.000,10000.000,235.25,235.50,6196.000,6639.000,25000.000,27500.000,234.789,235.063,235.170,235.536,-0.450,-0.345
2017-03-16 14:53:00,234.677,235.093,1058.000,3.000,234.65,234.75,2500.000,2500.000,235.05,235.15,665.000,320.000,234.60,234.85,5000.000,2500.000,235.00,235.20,4487.000,4810.000,20000.000,17500.000,234.548,234.971,234.912,235.257,-0.400,-0.338
2017-03-16 14:54:00,234.726,235.030,708.000,3.000,234.65,234.70,2500.000,2500.000,235.00,235.15,1320.000,50.000,234.60,234.75,2500.000,7500.000,234.80,235.20,7737.000,4325.000,20000.000,17500.000,234.513,234.823,234.762,235.236,-0.400,-0.341
2017-03-16 14:55:00,234.642,234.938,1194.000,2.000,234.55,234.60,2500.000,2500.000,234.90,235.05,770.000,722.000,234.50,234.65,2500.000,7500.000,234.85,235.10,7618.000,2004.000,15000.000,25000.000,234.449,234.732,234.800,235.150,-0.400,-0.340
2017-03-16 14:56:00,234.527,234.806,612.000,110.000,234.40,234.50,2500.000,2500.000,234.80,234.90,1501.000,50.000,234.35,234.55,2500.000,5000.000,234.75,234.95,7943.000,2637.000,17500.000,22500.000,234.282,234.648,234.614,235.006,-0.400,-0.360
2017-03-16 14:57:00,234.426,234.856,1491.000,2.000,234.35,234.40,2500.000,2500.000,234.80,234.90,843.000,75.000,234.30,234.50,2500.000,2500.000,234.75,234.95,6073.000,2265.000,20000.000,20000.000,234.267,234.627,234.681,235.006,-0.475,-0.337
2017-03-16 14:58:00,234.673,235.057,781.000,50.000,234.65,234.75,2500.000,2500.000,234.95,235.15,797.000,1.000,234.60,234.80,7500.000,7500.000,234.90,235.20,3343.000,2972.000,17500.000,17500.000,234.556,234.919,234.864,235.250,-0.350,-0.328
2017-03-16 14:59:00,234.662,234.982,415.000,798.000,234.70,234.75,2500.000,5000.000,234.95,235.15,256.000,51.000,234.65,234.80,2500.000,5000.000,234.90,235.20,1793.000,3356.000,15000.000,32500.000,234.601,234.887,234.833,235.350,-0.325,-0.337
2017-03-16 15:00:00,234.734,235.022,281.000,599.000,234.70,234.75,5000.000,5000.000,235.05,235.20,962.000,1.000,234.65,234.80,2500.000,2500.000,235.00,235.25,3983.000,2896.000,15000.000,30000.000,234.584,234.897,234.950,235.375,-0.400,-0.342
2017-03-16 15:01:00,234.819,235.197,19.000,5.000,234.80,234.85,2500.000,2500.000,235.20,235.30,855.000,213.000,234.75,234.90,5000.000,5000.000,235.15,235.35,5123.000,4654.000,17500.000,30000.000,234.668,235.011,235.093,235.425,-0.425,-0.343
2017-03-16 15:02:00,234.876,235.190,1205.000,2350.000,234.90,234.95,2500.000,5000.000,235.20,235.35,60.000,2515.000,234.85,235.00,2500.000,5000.000,235.15,235.40,3332.000,8703.000,15000.000,37500.000,234.815,235.035,235.083,235.493,-0.350,-0.354
2017-03-16 15:03:00,234.875,235.215,1037.000,5863.000,234.90,234.95,2500.000,5000.000,235.20,235.30,1554.000,2465.000,234.80,235.00,5000.000,2500.000,235.15,235.35,4940.000,12678.000,20000.000,30000.000,234.770,235.012,235.081,235.421,-0.325,-0.372
2017-03-16 15:04:00,234.687,235.053,1565.000,165.000,234.65,234.70,2500.000,5000.000,234.90,235.10,268.000,3.000,234.60,234.75,2500.000,2500.000,234.85,235.15,3551.000,1556.000,22500.000,20000.000,234.576,234.861,234.772,235.219,-0.325,-0.350
2017-03-16 15:05:00,234.771,235.081,7.000,3107.000,234.80,234.90,5000.000,2500.000,234.95,235.15,1100.000,6178.000,234.75,234.95,10000.000,5000.000,234.90,235.20,2740.000,16160.000,30000.000,22500.000,234.689,234.970,234.846,235.250,-0.200,-0.330
2017-03-16 15:06:00,234.670,235.053,326.000,5091.000,234.70,234.75,2500.000,2500.000,235.00,235.05,873.000,2535.000,234.65,234.80,2500.000,2500.000,234.95,235.10,5902.000,16243.000,22500.000,15000.000,234.556,234.861,234.889,235.158,-0.300,-0.303
2017-03-16 15:07:00,234.713,235.085,506.000,1263.000,234.70,234.75,2500.000,2500.000,234.95,235.10,358.000,42.000,234.65,234.80,10000.000,2500.000,234.90,235.15,4012.000,5939.000,27500.000,15000.000,234.558,234.857,234.836,235.200,-0.300,-0.302
2017-03-16 15:08:00,234.754,235.182,747.000,1.000,234.80,234.85,2500.000,5000.000,235.10,235.25,472.000,1812.000,234.75,234.90,2500.000,5000.000,235.05,235.30,4279.000,9319.000,20000.000,22500.000,234.691,234.990,234.963,235.350,-0.350,-0.265
2017-03-16 15:09:00,234.894,235.152,766.000,1350.000,234.95,235.00,2500.000,5000.000,235.10,235.30,172.000,2513.000,234.90,235.05,7500.000,7500.000,235.00,235.35,1711.000,7825.000,27500.000,35000.000,234.876,235.096,234.941,235.411,-0.225,-0.266
2017-03-16 15:10:00,235.010,235.220,1670.000,2602.000,234.95,235.05,2500.000,2500.000,235.25,235.35,919.000,2042.000,234.90,235.10,5000.000,5000.000,235.20,235.40,7682.000,9801.000,15000.000,35000.000,234.828,235.169,235.158,235.475,-0.300,-0.280
2017-03-16 15:11:00,235.096,235.342,181.000,2.000,235.10,235.15,7500.000,2500.000,235.30,235.45,881.000,122.000,235.05,235.20,2500.000,7500.000,235.25,235.50,4837.000,5888.000,20000.000,25000.000,234.959,235.314,235.225,235.555,-0.250,-0.224
2017-03-16 15:12:00,235.025,235.394,347.000,151.000,235.05,235.15,12500.000,7500.000,235.25,235.45,716.000,1837.000,235.00,235.20,5000.000,7500.000,235.20,235.50,2635.000,5913.000,37500.000,25000.000,234.943,235.279,235.120,235.525,-0.250,-0.187
2017-03-16 15:13:00,235.047,235.289,462.000,69.000,235.05,235.10,2500.000,7500.000,235.25,235.40,716.000,1696.000,235.00,235.15,10000.000,10000.000,235.20,235.45,2947.000,4001.000,20000.000,35000.000,234.940,235.223,235.169,235.489,-0.250,-0.177
2017-03-16 15:14:00,235.025,235.290,1434.000,7.000,235.00,235.05,2500.000,5000.000,235.25,235.40,1347.000,2538.000,234.95,235.10,10000.000,10000.000,235.20,235.45,6003.000,5731.000,20000.000,32500.000,234.910,235.201,235.169,235.496,-0.300,-0.169
2017-03-16 15:15:00,235.168,235.448,583.000,1842.000,235.25,235.30,7500.000,2500.000,235.45,235.60,289.000,100.000,235.20,235.35,7500.000,5000.000,235.40,235.65,3088.000,10313.000,22500.000,32500.000,235.128,235.457,235.367,235.719,-0.250,-0.164
2017-03-16 15:16:00,235.532,235.498,425.000,927.000,235.45,235.50,2500.000,5000.000,235.65,235.80,153.000,301.000,235.40,235.55,7500.000,10000.000,235.60,235.85,3937.000,2682.000,17500.000,65000.000,235.298,235.594,235.521,235.952,-0.250,-0.236
2017-03-16 15:17:00,235.425,235.605,12.000,1265.000,235.45,235.50,2500.000,5000.000,235.60,235.75,702.000,301.000,235.40,235.55,5000.000,12500.000,235.55,235.80,1933.000,4763.000,17500.000,35000.000,235.330,235.604,235.493,235.846,-0.200,-0.247
2017-03-16 15:18:00,235.318,235.512,645.000,4.000,235.30,235.35,10000.000,10000.000,235.50,235.70,50.000,60.000,235.25,235.45,2500.000,10000.000,235.45,235.75,2786.000,3205.000,20000.000,42500.000,235.181,235.547,235.419,235.779,-0.275,-0.259
2017-03-16 15:19:00,235.434,235.659,466.000,102.000,235.40,235.45,5000.000,2500.000,235.65,235.75,158.000,1685.000,235.35,235.50,7500.000,12500.000,235.60,235.80,5100.000,4869.000,22500.000,32500.000,235.264,235.576,235.561,235.850,-0.275,-0.236
2017-03-16 15:20:00,235.432,235.686,42.000,135.000,235.40,235.45,2500.000,7500.000,235.65,235.75,637.000,2128.000,235.35,235.50,2500.000,15000.000,235.60,235.80,4780.000,5168.000,20000.000,32500.000,235.259,235.565,235.531,235.819,-0.275,-0.213
2017-03-16 15:21:00,234.972,235.300,630.000,3568.000,234.90,234.95,5000.000,5000.000,235.25,235.40,661.000,50.000,234.85,235.00,10000.000,5000.000,235.20,235.45,6492.000,7222.000,25000.000,27500.000,234.786,235.083,235.170,235.514,-0.400,-0.161
2017-03-16 15:22:00,234.940,235.172,1210.000,1025.000,234.90,234.95,12500.000,7500.000,235.10,235.25,358.000,50.000,234.85,235.00,2500.000,2500.000,235.05,235.30,2822.000,2252.000,25000.000,20000.000,234.813,235.031,235.030,235.331,-0.250,-0.144
2017-03-16 15:23:00,234.969,235.225,1610.000,801.000,234.95,235.00,5000.000,2500.000,235.15,235.25,234.000,168.000,234.90,235.10,2500.000,5000.000,235.10,235.30,4472.000,4434.000,22500.000,17500.000,234.843,235.193,235.033,235.379,-0.225,-0.124
2017-03-16 15:24:00,235.225,235.335,1596.000,21.000,235.25,235.35,2500.000,2500.000,235.35,235.45,186.000,2580.000,235.20,235.40,5000.000,5000.000,235.30,235.50,3092.000,7637.000,17500.000,25000.000,235.184,235.453,235.229,235.560,-0.100,-0.120
2017-03-16 15:25:00,235.446,235.583,1994.000,1.000,235.50,235.55,2500.000,5000.000,235.60,235.70,587.000,78.000,235.45,235.60,7500.000,7500.000,235.50,235.75,5881.000,8283.000,25000.000,40000.000,235.371,235.726,235.455,235.800,-0.125,-0.011
2017-03-16 15:26:00,235.466,235.533,5709.000,1063.000,235.50,235.55,2500.000,10000.000,235.60,235.70,537.000,1.000,235.45,235.60,7500.000,10000.000,235.45,235.75,6735.000,7853.000,20000.000,47500.000,235.487,235.713,235.394,235.787,-0.125,-0.011
2017-03-16 15:27:00,235.496,235.646,6183.000,81.000,235.50,235.55,5000.000,10000.000,235.65,235.70,537.000,1899.000,235.45,235.60,2500.000,5000.000,235.60,235.75,10648.000,7781.000,22500.000,40000.000,235.406,235.694,235.539,235.797,-0.150,-0.011
2017-03-16 15:28:00,235.456,235.612,5779.000,120.000,235.50,235.55,2500.000,7500.000,235.60,235.70,516.000,2500.000,235.45,235.60,10000.000,2500.000,235.50,235.75,9465.000,9302.000,25000.000,27500.000,235.418,235.682,235.450,235.795,-0.125,-0.011
2017-03-16 15:29:00,235.517,235.607,60.000,133.000,235.55,235.60,2500.000,5000.000,235.60,235.70,5982.000,1973.000,235.50,235.65,7500.000,5000.000,235.50,235.75,6569.000,8902.000,25000.000,30000.000,235.493,235.717,235.430,235.800,-0.075,-0.011
2017-03-16 15:30:00,236.147,235.738,407.000,2500.000,236.05,236.10,2500.000,2500.000,235.75,236.20,644.000,304.000,235.50,236.20,2500.000,2500.000,235.70,236.25,8445.000,3165.000,17500.000,35000.000,235.480,236.139,235.514,236.361,0.100,-0.011
2017-03-17 09:16:00,236.034,236.206,161.000,2538.000,236.10,236.20,2500.000,7500.000,236.10,236.25,355.000,240.000,236.05,236.25,7500.000,2500.000,236.00,236.30,1517.000,8325.000,22500.000,17500.000,236.006,236.313,235.911,236.343,-0.025,-0.207
2017-03-17 09:17:00,235.803,235.960,898.000,21.000,235.65,235.80,2500.000,2500.000,236.00,236.10,3210.000,100.000,235.60,235.90,2500.000,2500.000,235.75,236.15,6034.000,2366.000,12500.000,12500.000,235.576,235.987,235.720,236.200,-0.325,-0.209
2017-03-17 09:18:00,235.746,235.973,2972.000,858.000,235.70,235.90,5000.000,5000.000,235.85,236.05,206.000,290.000,235.65,235.95,7500.000,2500.000,235.80,236.10,4516.000,5563.000,22500.000,15000.000,235.653,236.016,235.739,236.150,-0.150,-0.217
2017-03-17 09:19:00,235.780,236.050,60.000,563.000,235.85,236.05,2500.000,2500.000,235.95,236.15,268.000,710.000,235.80,236.10,5000.000,5000.000,235.90,236.20,2175.000,10659.000,17500.000,17500.000,235.725,236.201,235.857,236.279,-0.100,-0.191
2017-03-17 09:20:00,235.756,235.986,448.000,3984.000,235.80,235.90,2500.000,5000.000,235.85,236.00,840.000,1604.000,235.75,235.95,2500.000,5000.000,235.80,236.10,2280.000,15755.000,25000.000,20000.000,235.716,235.977,235.725,236.131,-0.075,-0.180
2017-03-17 09:21:00,235.675,235.825,196.000,834.000,235.75,235.85,2500.000,2500.000,235.75,235.95,18.000,1052.000,235.70,235.90,2500.000,5000.000,235.70,236.00,2209.000,13359.000,12500.000,17500.000,235.589,235.980,235.650,236.086,-0.050,-0.196
2017-03-17 09:22:00,235.580,235.747,100.000,8.000,235.60,235.65,2500.000,2500.000,235.70,235.80,541.000,425.000,235.50,235.70,2500.000,5000.000,235.65,235.85,3900.000,4532.000,20000.000,20000.000,235.419,235.795,235.556,235.906,-0.125,-0.205
2017-03-17 09:23:00,235.459,235.729,1246.000,8.000,235.50,235.60,2500.000,2500.000,235.60,235.75,501.000,91.000,235.45,235.70,5000.000,2500.000,235.55,235.80,3247.000,7078.000,27500.000,15000.000,235.430,235.801,235.482,235.850,-0.125,-0.163
2017-03-17 09:24:00,235.465,235.602,657.000,5.000,235.50,235.55,2500.000,5000.000,235.50,235.65,103.000,2500.000,235.45,235.65,2500.000,2500.000,235.40,235.75,6943.000,15198.000,27500.000,22500.000,235.314,235.750,235.345,235.794,-0.050,-0.175
2017-03-17 09:25:00,235.373,235.547,568.000,8.000,235.40,235.45,2500.000,7500.000,235.45,235.50,525.000,2500.000,235.35,235.50,5000.000,2500.000,235.40,235.60,5841.000,10925.000,27500.000,20000.000,235.274,235.586,235.318,235.613,-0.050,-0.166
2017-03-17 09:26:00,235.503,235.735,161.000,3208.000,235.55,235.75,2500.000,12500.000,235.60,235.80,1253.000,364.000,235.50,235.80,5000.000,5000.000,235.55,235.85,2413.000,11402.000,42500.000,35000.000,235.468,235.867,235.476,235.893,-0.050,-0.156
2017-03-17 09:27:00,235.315,235.528,455.000,775.000,235.40,235.45,5000.000,2500.000,235.40,235.55,76.000,2600.000,235.35,235.50,5000.000,2500.000,235.35,235.60,2190.000,15329.000,30000.000,20000.000,235.290,235.659,235.279,235.725,-0.050,-0.149
2017-03-17 09:28:00,235.818,235.879,100.000,604.000,235.75,235.90,5000.000,7500.000,235.75,236.00,1040.000,1.000,235.70,235.95,5000.000,2500.000,235.70,236.05,2996.000,3243.000,17500.000,17500.000,235.633,236.015,235.671,236.071,-0.050,-0.185
2017-03-17 09:29:00,235.741,235.935,500.000,200.000,235.80,235.85,10000.000,2500.000,235.80,235.95,864.000,3429.000,235.75,235.90,5000.000,7500.000,235.75,236.00,2751.000,11259.000,32500.000,17500.000,235.703,236.000,235.696,236.036,-0.050,-0.211
2017-03-17 09:30:00,235.877,236.007,1301.000,653.000,235.85,235.90,2500.000,2500.000,235.95,236.05,500.000,5423.000,235.80,236.00,5000.000,2500.000,235.90,236.10,5126.000,7836.000,27500.000,22500.000,235.751,236.023,235.791,236.189,-0.125,-0.240
2017-03-17 09:31:00,235.855,236.039,353.000,100.000,235.85,235.90,5000.000,2500.000,235.95,236.05,669.000,2463.000,235.80,235.95,2500.000,5000.000,235.90,236.10,4943.000,8512.000,30000.000,25000.000,235.725,235.994,235.838,236.190,-0.125,-0.261
2017-03-17 09:32:00,235.814,235.989,7.000,126.000,235.85,235.90,5000.000,2500.000,235.85,236.00,403.000,5875.000,235.80,235.95,7500.000,2500.000,235.80,236.05,3348.000,12416.000,37500.000,17500.000,235.703,235.999,235.743,236.114,-0.050,-0.273
2017-03-17 09:33:00,235.802,236.044,320.000,26.000,235.80,235.85,2500.000,7500.000,235.95,236.10,670.000,1064.000,235.75,235.90,2500.000,2500.000,235.85,236.15,5963.000,6884.000,35000.000,27500.000,235.689,235.985,235.771,236.209,-0.200,-0.252
2017-03-17 09:34:00,235.656,235.980,148.000,35.000,235.75,235.80,2500.000,7500.000,235.85,236.00,1044.000,66.000,235.70,235.85,5000.000,7500.000,235.80,236.05,2822.000,11450.000,32500.000,22500.000,235.632,235.959,235.735,236.067,-0.150,-0.222
2017-03-17 09:35:00,235.693,235.967,1720.000,8.000,235.70,235.75,2500.000,7500.000,235.85,236.00,123.000,210.000,235.65,235.80,2500.000,7500.000,235.80,236.05,7169.000,10031.000,35000.000,30000.000,235.576,235.961,235.711,236.083,-0.200,-0.207
2017-03-17 09:36:00,235.603,235.893,27.000,359.000,235.60,235.80,2500.000,5000.000,235.75,235.90,1119.000,4249.000,235.55,235.85,12500.000,5000.000,235.70,236.00,5755.000,14196.000,45000.000,27500.000,235.468,235.930,235.600,236.045,-0.125,-0.194
2017-03-17 09:37:00,235.432,235.668,19.000,280.000,235.50,235.60,2500.000,5000.000,235.55,235.70,63.000,2764.000,235.45,235.65,5000.000,5000.000,235.50,235.75,2122.000,11155.000,37500.000,25000.000,235.372,235.724,235.437,235.800,-0.075,-0.195
2017-03-17 09:38:00,235.448,235.586,50.000,230.000,235.45,235.50,2500.000,2500.000,235.50,235.65,69.000,110.000,235.35,235.55,2500.000,5000.000,235.45,235.70,3628.000,4621.000,22500.000,22500.000,235.250,235.614,235.378,235.750,-0.100,-0.217
2017-03-17 09:39:00,235.548,235.721,1212.000,210.000,235.45,235.50,20000.000,2500.000,235.60,235.75,129.000,10.000,235.40,235.60,10000.000,2500.000,235.50,235.80,6538.000,3608.000,52500.000,20000.000,235.306,235.697,235.493,235.863,-0.200,-0.208
2017-03-17 09:40:00,235.540,235.738,495.000,900.000,235.50,235.65,5000.000,2500.000,235.65,235.80,1373.000,3636.000,235.45,235.75,12500.000,2500.000,235.60,235.85,5461.000,9958.000,32500.000,30000.000,235.387,235.802,235.558,235.958,-0.150,-0.210
2017-03-17 09:41:00,235.565,235.791,180.000,8.000,235.55,235.60,2500.000,7500.000,235.70,235.90,199.000,810.000,235.50,235.65,10000.000,7500.000,235.65,235.95,4727.000,5844.000,32500.000,37500.000,235.406,235.810,235.554,235.993,-0.225,-0.208
2017-03-17 09:42:00,235.665,235.903,586.000,1073.000,235.65,235.85,7500.000,2500.000,235.80,235.95,414.000,2776.000,235.60,235.90,2500.000,5000.000,235.70,236.00,5319.000,13953.000,45000.000,27500.000,235.507,235.960,235.650,236.055,-0.125,-0.211
2017-03-17 09:43:00,235.749,235.998,167.000,4578.000,235.75,235.95,5000.000,2500.000,235.90,236.00,474.000,4999.000,235.70,236.00,5000.000,2500.000,235.85,236.05,4811.000,17135.000,45000.000,25000.000,235.602,236.048,235.747,236.110,-0.100,-0.206
2017-03-17 09:44:00,235.863,235.993,503.000,1640.000,235.80,235.95,2500.000,2500.000,235.95,236.05,354.000,5303.000,235.75,236.00,7500.000,2500.000,235.90,236.10,5441.000,9055.000,27500.000,27500.000,235.672,236.017,235.827,236.186,-0.125,-0.245
2017-03-17 09:45:00,235.730,235.935,62.000,51.000,235.75,235.80,7500.000,2500.000,235.90,236.00,164.000,1915.000,235.70,235.90,2500.000,2500.000,235.85,236.05,3821.000,10611.000,30000.000,30000.000,235.586,235.971,235.796,236.133,-0.175,-0.260
2017-03-17 09:46:00,235.635,235.853,56.000,548.000,235.70,235.80,2500.000,10000.000,235.75,235.95,72.000,562.000,235.65,235.85,2500.000,5000.000,235.70,236.00,2317.000,9906.000,22500.000,25000.000,235.523,235.945,235.594,236.020,-0.100,-0.277
2017-03-17 09:47:00,235.723,235.974,505.000,144.000,235.70,235.85,2500.000,5000.000,235.85,236.00,524.000,753.000,235.65,235.90,10000.000,7500.000,235.80,236.05,5935.000,10602.000,35000.000,22500.000,235.556,235.979,235.743,236.083,-0.150,-0.283
2017-03-17 09:48:00,235.823,236.048,515.000,19.000,235.75,235.85,5000.000,2500.000,235.90,236.10,676.000,2714.000,235.70,236.00,2500.000,10000.000,235.85,236.15,6330.000,8570.000,35000.000,25000.000,235.618,236.062,235.782,236.190,-0.200,-0.303
2017-03-17 09:49:00,235.801,236.129,223.000,2454.000,235.85,236.00,2500.000,5000.000,235.95,236.15,33.000,60.000,235.80,236.05,2500.000,5000.000,235.90,236.20,1513.000,9339.000,45000.000,25000.000,235.715,236.104,235.811,236.260,-0.125,-0.310
2017-03-17 09:50:00,236.028,236.304,60.000,138.000,236.05,236.10,45000.000,15000.000,236.25,236.40,737.000,975.000,236.00,236.20,7500.000,7500.000,236.20,236.45,3742.000,6778.000,72500.000,57500.000,235.927,236.305,236.186,236.500,-0.250,-0.325
2017-03-17 09:51:00,236.039,236.343,1914.000,1240.000,235.95,236.20,2500.000,10000.000,236.30,236.45,646.000,1202.000,235.90,236.25,25000.000,20000.000,236.25,236.50,6856.000,8504.000,37500.000,55000.000,235.837,236.332,236.223,236.541,-0.300,-0.317
2017-03-17 09:52:00,235.992,236.273,400.000,1154.000,236.00,236.20,17500.000,2500.000,236.25,236.40,272.000,1935.000,235.95,236.25,2500.000,10000.000,236.20,236.45,2841.000,9191.000,40000.000,47500.000,235.877,236.311,236.141,236.518,-0.225,-0.314
2017-03-17 09:53:00,235.973,236.299,776.000,379.000,236.00,236.15,17500.000,2500.000,236.25,236.40,313.000,421.000,235.95,236.20,2500.000,5000.000,236.20,236.45,3474.000,7764.000,42500.000,45000.000,235.894,236.304,236.162,236.531,-0.250,-0.304
2017-03-17 09:54:00,235.923,236.285,11.000,8.000,236.00,236.05,17500.000,2500.000,236.25,236.30,97.000,600.000,235.95,236.10,2500.000,5000.000,236.20,236.35,3617.000,10135.000,55000.000,35000.000,235.856,236.224,236.102,236.432,-0.250,-0.289
2017-03-17 09:55:00,235.662,236.014,40.000,747.000,235.60,235.80,2500.000,2500.000,235.95,236.00,1236.000,399.000,235.55,235.85,2500.000,10000.000,235.90,236.05,7622.000,9146.000,30000.000,22500.000,235.489,235.945,235.825,236.083,-0.275,-0.278
2017-03-17 09:56:00,235.736,236.002,379.000,66.000,235.60,235.70,7500.000,7500.000,235.95,236.05,967.000,677.000,235.55,235.80,5000.000,7500.000,235.85,236.10,9059.000,3775.000,32500.000,25000.000,235.493,235.897,235.819,236.130,-0.350,-0.279
2017-03-17 09:57:00,235.575,235.838,448.000,677.000,235.55,235.70,2500.000,2500.000,235.75,235.85,3755.000,743.000,235.50,235.75,5000.000,5000.000,235.70,235.90,6882.000,10067.000,45000.000,27500.000,235.454,235.852,235.625,235.986,-0.175,-0.293
2017-03-17 09:58:00,235.670,235.948,208.000,708.000,235.60,235.80,2500.000,5000.000,235.85,236.00,1002.000,399.000,235.55,235.85,12500.000,20000.000,235.80,236.05,8710.000,9763.000,40000.000,37500.000,235.484,235.948,235.728,236.097,-0.225,-0.276
2017-03-17 09:59:00,235.382,235.670,225.000,618.000,235.40,235.55,2500.000,2500.000,235.55,235.70,46.000,551.000,235.35,235.60,15000.000,5000.000,235.50,235.75,2756.000,7735.000,35000.000,20000.000,235.261,235.677,235.421,235.819,-0.150,-0.287
2017-03-17 10:00:00,235.327,235.620,725.000,8.000,235.30,235.45,2500.000,7500.000,235.50,235.65,172.000,406.000,235.25,235.50,5000.000,5000.000,235.45,235.70,4093.000,5589.000,32500.000,25000.000,235.179,235.602,235.377,235.745,-0.200,-0.291
2017-03-17 10:01:00,235.064,235.337,50.000,8.000,235.05,235.10,2500.000,2500.000,235.20,235.30,4294.000,743.000,235.00,235.20,2500.000,2500.000,235.15,235.35,6410.000,8493.000,45000.000,22500.000,234.957,235.271,235.033,235.422,-0.175,-0.282
2017-03-17 10:02:00,234.935,235.268,1372.000,108.000,235.00,235.05,5000.000,2500.000,235.10,235.25,207.000,20.000,234.95,235.10,5000.000,7500.000,235.05,235.30,3561.000,7210.000,52500.000,17500.000,234.911,235.215,234.998,235.336,-0.150,-0.257
2017-03-17 10:03:00,234.909,235.102,250.000,1717.000,234.85,235.00,7500.000,7500.000,235.00,235.15,834.000,398.000,234.80,235.05,2500.000,7500.000,234.95,235.20,6226.000,8492.000,27500.000,27500.000,234.724,235.101,234.882,235.245,-0.150,-0.261
2017-03-17 10:04:00,234.706,235.047,177.000,50.000,234.75,234.85,2500.000,2500.000,234.90,235.10,20.000,1354.000,234.70,234.90,2500.000,7500.000,234.85,235.15,3267.000,9547.000,27500.000,20000.000,234.583,235.001,234.745,235.188,-0.200,-0.232
2017-03-17 10:05:00,234.497,234.812,68.000,477.000,234.50,234.60,2500.000,5000.000,234.70,234.80,175.000,50.000,234.45,234.65,2500.000,5000.000,234.65,234.85,3564.000,6164.000,22500.000,17500.000,234.361,234.743,234.567,234.893,-0.200,-0.219
2017-03-17 10:06:00,234.361,234.585,150.000,200.000,234.40,234.50,5000.000,5000.000,234.50,234.60,580.000,2899.000,234.30,234.55,7500.000,2500.000,234.45,234.65,4114.000,8989.000,30000.000,20000.000,234.209,234.619,234.404,234.731,-0.100,-0.200
2017-03-17 10:07:00,234.717,234.925,404.000,2839.000,234.65,234.90,2500.000,5000.000,234.85,234.95,2671.000,678.000,234.60,234.95,2500.000,7500.000,234.80,235.00,7884.000,13212.000,20000.000,20000.000,234.535,235.011,234.725,235.025,-0.125,-0.189
2017-03-17 10:08:00,234.627,234.842,105.000,8.000,234.60,234.65,2500.000,5000.000,234.75,234.85,31.000,1499.000,234.55,234.75,5000.000,5000.000,234.65,234.90,4054.000,7402.000,37500.000,27500.000,234.443,234.798,234.570,234.973,-0.175,-0.184
2017-03-17 10:09:00,234.585,234.780,289.000,447.000,234.55,234.70,5000.000,2500.000,234.65,234.85,1022.000,3508.000,234.50,234.80,7500.000,7500.000,234.60,234.90,5284.000,10235.000,30000.000,25000.000,234.409,234.870,234.546,234.960,-0.125,-0.185
2017-03-17 10:10:00,234.476,234.730,1.000,404.000,234.55,234.65,2500.000,2500.000,234.60,234.75,399.000,2965.000,234.50,234.70,2500.000,5000.000,234.55,234.80,1722.000,10356.000,30000.000,20000.000,234.408,234.777,234.475,234.869,-0.075,-0.152
2017-03-17 10:11:00,234.421,234.550,16.000,2854.000,234.50,234.55,7500.000,2500.000,234.45,234.60,3.000,654.000,234.45,234.60,15000.000,5000.000,234.40,234.65,2436.000,13655.000,32500.000,20000.000,234.334,234.682,234.369,234.694,0.000,-0.180
2017-03-17 10:12:00,234.265,234.415,60.000,567.000,234.15,234.30,7500.000,5000.000,234.25,234.40,903.000,1795.000,234.10,234.35,2500.000,7500.000,234.20,234.45,12292.000,8209.000,37500.000,22500.000,234.010,234.447,234.123,234.489,-0.100,-0.181
2017-03-17 10:13:00,234.241,234.430,127.000,8.000,234.25,234.30,7500.000,5000.000,234.30,234.40,1034.000,2273.000,234.20,234.35,5000.000,5000.000,234.25,234.45,5599.000,8814.000,50000.000,20000.000,234.122,234.428,234.145,234.494,-0.075,-0.202
2017-03-17 10:14:00,234.250,234.450,125.000,8.000,234.30,234.35,2500.000,2500.000,234.40,234.45,137.000,2177.000,234.25,234.40,5000.000,2500.000,234.35,234.50,4315.000,11210.000,25000.000,20000.000,234.174,234.488,234.275,234.556,-0.100,-0.217
2017-03-17 10:15:00,234.329,234.420,220.000,1877.000,234.20,234.40,2500.000,5000.000,234.35,234.50,480.000,60.000,234.15,234.45,5000.000,2500.000,234.30,234.55,11851.000,11736.000,17500.000,20000.000,234.027,234.517,234.250,234.588,-0.125,-0.256
2017-03-17 10:16:00,234.218,234.489,9.000,1546.000,234.30,234.40,2500.000,2500.000,234.40,234.50,3.000,1479.000,234.25,234.45,5000.000,2500.000,234.35,234.55,2016.000,15372.000,27500.000,17500.000,234.140,234.527,234.255,234.600,-0.100,-0.260
2017-03-17 10:17:00,234.327,234.481,733.000,1242.000,234.15,234.40,2500.000,5000.000,234.40,234.55,891.000,500.000,234.10,234.45,5000.000,7500.000,234.35,234.60,13111.000,9135.000,22500.000,22500.000,234.020,234.514,234.222,234.639,-0.200,-0.263
2017-03-17 10:18:00,234.100,234.395,1.000,60.000,234.05,234.15,5000.000,2500.000,234.20,234.35,5871.000,500.000,234.00,234.20,2500.000,2500.000,234.15,234.40,8996.000,5904.000,37500.000,15000.000,233.954,234.323,234.070,234.467,-0.175,-0.229
2017-03-17 10:19:00,234.102,234.374,4071.000,8.000,234.00,234.05,2500.000,2500.000,234.20,234.35,150.000,26.000,233.95,234.15,5000.000,7500.000,234.15,234.40,8053.000,1580.000,37500.000,20000.000,233.922,234.261,234.067,234.456,-0.250,-0.217
2017-03-17 10:20:00,234.122,234.409,86.000,110.000,234.15,234.20,2500.000,2500.000,234.25,234.35,184.000,389.000,234.10,234.25,5000.000,5000.000,234.20,234.40,4624.000,8100.000,37500.000,17500.000,234.002,234.357,234.110,234.464,-0.125,-0.235
2017-03-17 10:21:00,233.949,234.244,740.000,60.000,234.00,234.10,5000.000,2500.000,234.10,234.20,87.000,404.000,233.95,234.15,10000.000,2500.000,234.05,234.25,4039.000,11885.000,47500.000,12500.000,233.877,234.244,233.963,234.300,-0.100,-0.215
2017-03-17 10:22:00,234.231,234.396,107.000,369.000,234.20,234.30,5000.000,2500.000,234.25,234.45,283.000,239.000,234.15,234.35,5000.000,7500.000,234.20,234.50,4457.000,5774.000,32500.000,25000.000,234.034,234.450,234.127,234.565,-0.100,-0.191
2017-03-17 10:23:00,234.566,234.692,924.000,95.000,234.55,234.65,2500.000,2500.000,234.55,234.70,586.000,2853.000,234.50,234.70,7500.000,5000.000,234.50,234.75,7449.000,12464.000,37500.000,25000.000,234.427,234.757,234.433,234.855,-0.025,-0.225
2017-03-17 10:24:00,234.222,234.437,240.000,286.000,234.25,234.30,5000.000,7500.000,234.30,234.50,1389.000,1920.000,234.15,234.40,2500.000,7500.000,234.25,234.55,7720.000,12958.000,32500.000,25000.000,234.057,234.489,234.200,234.575,-0.125,-0.264
2017-03-17 10:25:00,233.776,234.150,62.000,962.000,233.75,233.90,2500.000,5000.000,234.15,234.20,524.000,743.000,233.70,233.95,2500.000,7500.000,234.10,234.25,4377.000,8315.000,17500.000,27500.000,233.632,234.002,234.043,234.300,-0.350,-0.251
2017-03-17 10:26:00,234.476,234.671,3788.000,1837.000,234.40,234.60,2500.000,12500.000,234.55,234.65,2015.000,4477.000,234.35,234.65,10000.000,10000.000,234.50,234.70,13242.000,14887.000,50000.000,35000.000,234.312,234.713,234.425,234.721,-0.100,-0.258
2017-03-17 10:27:00,234.700,234.746,907.000,1092.000,234.60,234.65,10000.000,5000.000,234.60,234.80,1500.000,210.000,234.55,234.80,15000.000,2500.000,234.55,234.85,9465.000,6136.000,37500.000,25000.000,234.480,234.880,234.533,235.035,-0.075,-0.291
2017-03-17 10:28:00,233.929,234.222,1.000,8.000,233.85,233.90,2500.000,2500.000,234.20,234.30,377.000,1500.000,233.80,234.00,2500.000,2500.000,234.15,234.35,8008.000,5150.000,20000.000,25000.000,233.725,234.098,234.081,234.435,-0.375,-0.276
2017-03-17 10:29:00,233.658,234.068,827.000,55.000,233.55,233.75,5000.000,7500.000,234.05,234.20,998.000,640.000,233.50,233.80,10000.000,5000.000,234.00,234.25,5486.000,4433.000,27500.000,35000.000,233.446,233.883,233.923,234.307,-0.475,-0.234
2017-03-17 10:30:00,234.341,234.653,2705.000,202.000,234.30,234.35,5000.000,15000.000,234.55,234.65,369.000,300.000,234.25,234.40,12500.000,2500.000,234.50,234.70,13742.000,7806.000,40000.000,32500.000,234.194,234.512,234.463,234.800,-0.275,-0.213
2017-03-17 10:31:00,234.460,234.688,1.000,489.000,234.50,234.55,2500.000,2500.000,234.50,234.65,224.000,123.000,234.40,234.60,5000.000,10000.000,234.45,234.70,9163.000,14027.000,40000.000,22500.000,234.289,234.707,234.375,234.789,-0.050,-0.201
2017-03-17 10:32:00,234.119,234.332,684.000,8.000,233.95,234.05,2500.000,2500.000,234.20,234.35,693.000,60.000,233.90,234.15,5000.000,5000.000,234.15,234.40,10542.000,4200.000,20000.000,15000.000,233.799,234.254,234.081,234.467,-0.275,-0.217
2017-03-17 10:33:00,233.983,234.200,762.000,16.000,233.90,233.95,5000.000,2500.000,234.15,234.35,585.000,4455.000,233.85,234.00,2500.000,7500.000,234.10,234.40,6765.000,5960.000,22500.000,30000.000,233.760,234.046,234.017,234.471,-0.325,-0.248
2017-03-17 10:34:00,233.974,234.172,110.000,5021.000,233.90,234.00,2500.000,2500.000,234.15,234.25,226.000,60.000,233.85,234.05,5000.000,5000.000,234.05,234.30,6185.000,8300.000,22500.000,22500.000,233.750,234.058,234.000,234.400,-0.250,-0.273
2017-03-17 10:35:00,234.004,234.210,116.000,4234.000,233.95,234.00,2500.000,7500.000,234.15,234.30,386.000,364.000,233.90,234.10,2500.000,2500.000,234.10,234.35,7346.000,10402.000,22500.000,27500.000,233.771,234.134,234.033,234.409,-0.250,-0.317
2017-03-17 10:36:00,234.058,234.227,301.000,4158.000,233.95,234.00,5000.000,7500.000,234.20,234.35,387.000,160.000,233.90,234.15,5000.000,7500.000,234.15,234.40,8217.000,8945.000,22500.000,32500.000,233.790,234.129,234.083,234.450,-0.300,-0.341
2017-03-17 10:37:00,233.933,234.224,1447.000,4137.000,233.85,234.00,2500.000,2500.000,234.20,234.30,3553.000,60.000,233.80,234.10,5000.000,7500.000,234.10,234.35,9772.000,10193.000,22500.000,25000.000,233.765,234.134,234.044,234.400,-0.325,-0.337
2017-03-17 10:38:00,233.691,234.064,171.000,338.000,233.70,233.75,10000.000,5000.000,234.00,234.15,494.000,404.000,233.65,233.80,2500.000,2500.000,233.95,234.20,4917.000,7110.000,27500.000,25000.000,233.550,233.905,233.873,234.255,-0.350,-0.315
2017-03-17 10:39:00,233.793,234.115,293.000,799.000,233.70,233.75,5000.000,5000.000,234.05,234.20,79.000,110.000,233.65,233.85,10000.000,5000.000,234.00,234.25,10709.000,8044.000,22500.000,20000.000,233.524,233.944,233.967,234.294,-0.400,-0.312
2017-03-17 10:40:00,233.750,234.179,11.000,414.000,233.75,233.90,5000.000,5000.000,234.05,234.25,299.000,4049.000,233.70,233.95,15000.000,2500.000,234.00,234.30,2447.000,8837.000,32500.000,20000.000,233.606,233.982,233.923,234.381,-0.325,-0.303
2017-03-17 10:41:00,233.781,234.068,162.000,708.000,233.65,233.85,2500.000,10000.000,234.05,234.20,550.000,449.000,233.60,233.90,10000.000,5000.000,234.00,234.25,9571.000,8860.000,20000.000,35000.000,233.489,233.967,233.956,234.361,-0.375,-0.332
2017-03-17 10:42:00,233.862,234.136,876.000,464.000,233.70,233.85,2500.000,5000.000,234.10,234.20,1017.000,339.000,233.65,233.90,5000.000,2500.000,234.05,234.25,15108.000,8362.000,25000.000,20000.000,233.530,233.972,233.985,234.312,-0.375,-0.356
2017-03-17 10:43:00,233.801,234.064,1242.000,68.000,233.70,233.80,2500.000,5000.000,234.05,234.15,833.000,743.000,233.65,233.85,7500.000,12500.000,234.00,234.20,11705.000,7463.000,20000.000,35000.000,233.539,233.951,233.931,234.254,-0.350,-0.364
2017-03-17 10:44:00,233.514,233.821,1885.000,23.000,233.40,233.55,2500.000,5000.000,233.75,233.90,1412.000,354.000,233.35,233.60,5000.000,15000.000,233.70,233.95,9363.000,4958.000,22500.000,30000.000,233.290,233.712,233.633,233.975,-0.350,-0.378
2017-03-17 10:45:00,232.827,233.211,23.000,139.000,232.75,232.80,2500.000,5000.000,233.15,233.30,20.000,414.000,232.70,232.90,2500.000,7500.000,233.10,233.35,5381.000,4936.000,30000.000,37500.000,232.562,233.001,233.025,233.410,-0.450,-0.375
2017-03-17 10:46:00,232.059,232.490,957.000,338.000,232.10,232.30,2500.000,2500.000,232.50,232.60,1091.000,1764.000,232.05,232.35,2500.000,2500.000,232.45,232.65,4541.000,12418.000,17500.000,20000.000,232.011,232.461,232.307,232.719,-0.350,-0.338
2017-03-17 10:47:00,232.474,232.870,824.000,304.000,232.50,232.70,2500.000,5000.000,232.75,232.95,388.000,1857.000,232.45,232.75,2500.000,5000.000,232.60,233.00,3531.000,10661.000,20000.000,17500.000,232.390,232.857,232.544,233.050,-0.250,-0.331
2017-03-17 10:48:00,232.543,232.845,73.000,908.000,232.55,232.75,5000.000,5000.000,232.75,232.95,243.000,1023.000,232.50,232.80,7500.000,12500.000,232.70,233.00,3124.000,9777.000,25000.000,27500.000,232.389,232.875,232.640,233.050,-0.200,-0.331
2017-03-17 10:49:00,232.831,233.209,757.000,654.000,232.80,233.00,5000.000,5000.000,233.15,233.30,655.000,929.000,232.75,233.05,30000.000,2500.000,233.10,233.35,4501.000,7081.000,45000.000,27500.000,232.691,233.145,233.067,233.436,-0.325,-0.327
2017-03-17 10:50:00,232.773,233.141,820.000,10.000,232.80,232.90,5000.000,5000.000,233.05,233.25,51.000,404.000,232.75,232.95,5000.000,5000.000,233.00,233.30,2044.000,5043.000,22500.000,20000.000,232.694,233.022,232.911,233.344,-0.300,-0.327
2017-03-17 10:51:00,232.974,233.220,167.000,296.000,232.95,233.00,7500.000,5000.000,233.20,233.35,162.000,110.000,232.90,233.05,2500.000,5000.000,233.15,233.40,2085.000,2243.000,17500.000,37500.000,232.807,233.133,233.129,233.510,-0.300,-0.337
2017-03-17 10:52:00,232.796,233.156,62.000,414.000,232.90,232.95,2500.000,2500.000,233.10,233.25,203.000,1277.000,232.85,233.00,2500.000,10000.000,233.05,233.30,1016.000,6541.000,20000.000,25000.000,232.789,233.095,232.931,233.340,-0.250,-0.328
2017-03-17 10:53:00,232.568,232.869,1482.000,453.000,232.50,232.70,2500.000,2500.000,232.85,233.00,779.000,2425.000,232.45,232.75,5000.000,2500.000,232.80,233.05,5631.000,6959.000,15000.000,17500.000,232.399,232.820,232.717,233.114,-0.325,-0.336
2017-03-17 10:54:00,232.764,233.121,276.000,372.000,232.80,232.95,10000.000,2500.000,233.05,233.20,514.000,2655.000,232.75,233.00,5000.000,2500.000,233.00,233.25,2304.000,8897.000,25000.000,17500.000,232.701,233.060,232.945,233.307,-0.250,-0.320
2017-03-17 10:55:00,232.823,233.192,894.000,351.000,232.85,232.95,2500.000,2500.000,233.10,233.20,1.000,3182.000,232.80,233.00,5000.000,5000.000,233.05,233.30,3027.000,9387.000,25000.000,20000.000,232.731,233.057,232.940,233.338,-0.250,-0.318
2017-03-17 10:56:00,232.778,233.078,843.000,31.000,232.85,232.90,2500.000,2500.000,233.05,233.15,38.000,193.000,232.80,232.95,5000.000,5000.000,233.00,233.20,2633.000,10292.000,20000.000,20000.000,232.740,233.032,232.894,233.262,-0.225,-0.318
2017-03-17 10:57:00,232.812,233.127,421.000,8.000,232.85,232.95,5000.000,2500.000,233.05,233.20,196.000,984.000,232.80,233.00,5000.000,2500.000,233.00,233.25,3138.000,9224.000,20000.000,17500.000,232.706,233.083,232.956,233.314,-0.225,-0.342
2017-03-17 10:58:00,232.832,233.171,837.000,8.000,232.85,232.90,2500.000,7500.000,233.10,233.25,643.000,624.000,232.80,233.00,2500.000,5000.000,232.95,233.30,4256.000,6104.000,25000.000,22500.000,232.732,233.125,232.890,233.333,-0.300,-0.339
2017-03-17 10:59:00,232.897,233.175,847.000,644.000,232.90,233.00,2500.000,5000.000,233.20,233.35,1138.000,500.000,232.85,233.10,2500.000,2500.000,233.05,233.40,7047.000,11277.000,20000.000,35000.000,232.784,233.214,232.981,233.482,-0.325,-0.343
2017-03-17 11:00:00,232.927,233.285,256.000,500.000,233.00,233.10,2500.000,2500.000,233.25,233.40,611.000,200.000,232.95,233.15,5000.000,5000.000,233.20,233.45,2927.000,10465.000,27500.000,30000.000,232.880,233.255,233.032,233.529,-0.275,-0.334
2017-03-17 11:01:00,232.964,233.265,281.000,724.000,233.05,233.10,7500.000,2500.000,233.25,233.40,125.000,200.000,233.00,233.15,5000.000,7500.000,233.20,233.45,1712.000,7202.000,20000.000,30000.000,232.920,233.249,233.162,233.508,-0.250,-0.326
2017-03-17 11:02:00,233.256,233.691,70.000,100.000,233.40,233.45,2500.000,5000.000,233.60,233.75,518.000,2311.000,233.30,233.50,7500.000,5000.000,233.55,233.80,2119.000,11807.000,22500.000,17500.000,233.220,233.602,233.494,233.829,-0.250,-0.305
2017-03-17 11:03:00,233.130,233.452,21.000,500.000,233.25,233.30,5000.000,7500.000,233.40,233.60,14.000,137.000,233.20,233.35,2500.000,5000.000,233.35,233.65,2224.000,13283.000,22500.000,32500.000,233.090,233.475,233.283,233.700,-0.225,-0.307
2017-03-17 11:04:00,233.117,233.419,297.000,8.000,233.20,233.25,2500.000,2500.000,233.40,233.55,534.000,344.000,233.10,233.30,2500.000,5000.000,233.35,233.60,4609.000,9467.000,15000.000,25000.000,233.012,233.417,233.292,233.675,-0.250,-0.313
2017-03-17 11:05:00,233.150,233.463,143.000,244.000,233.25,233.30,2500.000,2500.000,233.45,233.55,555.000,60.000,233.20,233.35,2500.000,5000.000,233.40,233.60,2962.000,12823.000,15000.000,25000.000,233.103,233.469,233.333,233.660,-0.225,-0.290
2017-03-17 11:06:00,233.206,233.463,488.000,88.000,233.20,233.25,2500.000,2500.000,233.45,233.55,397.000,411.000,233.15,233.30,2500.000,5000.000,233.40,233.60,6018.000,6410.000,15000.000,25000.000,233.048,233.429,233.342,233.655,-0.275,-0.305
2017-03-17 11:07:00,233.059,233.388,319.000,260.000,233.10,233.25,5000.000,5000.000,233.30,233.50,366.000,411.000,233.05,233.30,7500.000,5000.000,233.25,233.55,3276.000,9424.000,27500.000,25000.000,232.984,233.398,233.164,233.605,-0.225,-0.322
2017-03-17 11:08:00,233.112,233.447,651.000,250.000,233.20,233.30,5000.000,2500.000,233.40,233.50,584.000,1470.000,233.10,233.35,7500.000,2500.000,233.35,233.55,5636.000,17609.000,22500.000,15000.000,233.020,233.443,233.311,233.617,-0.200,-0.316
2017-03-17 11:09:00,233.564,233.897,1230.000,50.000,233.60,233.65,5000.000,2500.000,233.75,233.90,1064.000,100.000,233.55,233.70,5000.000,2500.000,233.70,233.95,5978.000,9794.000,25000.000,17500.000,233.500,233.799,233.650,234.071,-0.200,-0.338
2017-03-17 11:10:00,233.123,233.320,6.000,8.000,233.10,233.15,2500.000,5000.000,233.30,233.45,1598.000,1730.000,233.05,233.20,5000.000,7500.000,233.25,233.50,6173.000,5543.000,17500.000,32500.000,232.984,233.285,233.193,233.538,-0.250,-0.366
2017-03-17 11:11:00,232.947,233.281,759.000,60.000,232.80,233.00,5000.000,2500.000,233.20,233.35,1581.000,643.000,232.75,233.05,2500.000,2500.000,233.15,233.40,5268.000,3138.000,17500.000,15000.000,232.693,233.121,233.086,233.458,-0.375,-0.348
2017-03-17 11:12:00,232.732,233.143,108.000,1107.000,232.75,232.85,5000.000,2500.000,233.00,233.15,51.000,693.000,232.70,232.90,2500.000,7500.000,232.95,233.20,2436.000,7111.000,30000.000,22500.000,232.574,232.968,232.892,233.328,-0.275,-0.297
2017-03-17 11:13:00,232.708,233.012,603.000,643.000,232.60,232.75,5000.000,2500.000,232.90,233.05,730.000,749.000,232.55,232.80,2500.000,5000.000,232.85,233.10,5911.000,3727.000,25000.000,15000.000,232.504,232.861,232.790,233.142,-0.300,-0.287
2017-03-17 11:14:00,232.569,233.015,645.000,951.000,232.60,232.75,2500.000,2500.000,232.90,233.05,771.000,689.000,232.55,232.80,2500.000,2500.000,232.85,233.10,4334.000,10366.000,20000.000,12500.000,232.514,232.928,232.800,233.150,-0.300,-0.266
2017-03-17 11:15:00,232.594,232.928,2828.000,389.000,232.50,232.70,7500.000,2500.000,232.80,233.00,220.000,2471.000,232.45,232.75,2500.000,5000.000,232.75,233.05,5239.000,5245.000,22500.000,17500.000,232.429,232.784,232.700,233.093,-0.300,-0.259
2017-03-17 11:16:00,233.155,233.398,431.000,8.000,233.20,233.30,7500.000,2500.000,233.30,233.45,653.000,1274.000,233.15,233.35,7500.000,7500.000,233.25,233.50,4007.000,12402.000,30000.000,20000.000,233.055,233.439,233.225,233.544,-0.125,-0.269
2017-03-17 11:17:00,232.909,233.066,146.000,8.000,232.90,232.95,10000.000,10000.000,233.00,233.20,304.000,1500.000,232.85,233.00,5000.000,5000.000,232.95,233.25,4101.000,4856.000,25000.000,30000.000,232.763,233.091,232.915,233.287,-0.175,-0.296
2017-03-17 11:18:00,232.651,232.906,124.000,783.000,232.60,232.65,2500.000,5000.000,232.90,233.00,389.000,449.000,232.55,232.70,2500.000,5000.000,232.85,233.05,6989.000,4431.000,15000.000,25000.000,232.479,232.787,232.800,233.110,-0.325,-0.312
2017-03-17 11:19:00,232.569,232.911,84.000,200.000,232.55,232.60,5000.000,5000.000,232.85,233.05,2665.000,70.000,232.50,232.65,7500.000,5000.000,232.80,233.10,5017.000,3923.000,20000.000,25000.000,232.449,232.750,232.756,233.175,-0.375,-0.308
2017-03-17 11:20:00,232.986,233.286,2024.000,338.000,232.95,233.10,7500.000,15000.000,233.20,233.35,210.000,832.000,232.90,233.15,10000.000,5000.000,233.15,233.40,7838.000,10990.000,37500.000,35000.000,232.826,233.234,233.117,233.421,-0.250,-0.295
2017-03-17 11:21:00,232.938,233.232,93.000,882.000,233.05,233.10,2500.000,5000.000,233.10,233.25,99.000,3142.000,232.95,233.15,5000.000,2500.000,233.05,233.30,2969.000,15939.000,35000.000,20000.000,232.846,233.224,232.986,233.350,-0.100,-0.299
2017-03-17 11:22:00,232.935,233.223,579.000,586.000,232.90,233.10,2500.000,7500.000,233.10,233.30,753.000,3193.000,232.85,233.15,7500.000,5000.000,233.05,233.35,7123.000,12752.000,27500.000,27500.000,232.773,233.228,232.995,233.386,-0.200,-0.275
2017-03-17 11:23:00,232.925,233.261,1019.000,620.000,232.90,233.10,2500.000,7500.000,233.15,233.30,471.000,456.000,232.85,233.15,5000.000,5000.000,233.10,233.35,7137.000,12876.000,27500.000,27500.000,232.779,233.240,233.027,233.386,-0.225,-0.262
2017-03-17 11:24:00,232.931,233.252,214.000,339.000,233.00,233.10,5000.000,2500.000,233.15,233.30,117.000,350.000,232.95,233.15,7500.000,2500.000,233.10,233.35,2689.000,11316.000,27500.000,22500.000,232.853,233.244,233.050,233.422,-0.175,-0.257
2017-03-17 11:25:00,233.001,233.239,99.000,339.000,233.05,233.10,2500.000,5000.000,233.20,233.30,410.000,350.000,233.00,233.15,5000.000,2500.000,233.15,233.35,4217.000,11655.000,20000.000,25000.000,232.882,233.245,233.106,233.410,-0.175,-0.260
2017-03-17 11:26:00,233.155,233.464,176.000,3308.000,233.20,233.30,2500.000,2500.000,233.35,233.40,173.000,3782.000,233.15,233.35,5000.000,2500.000,233.30,233.50,2569.000,15643.000,32500.000,20000.000,233.055,233.392,233.212,233.575,-0.125,-0.252
2017-03-17 11:27:00,233.323,233.494,338.000,2546.000,233.35,233.40,5000.000,2500.000,233.45,233.50,219.000,2234.000,233.30,233.45,5000.000,2500.000,233.40,233.65,3810.000,13396.000,32500.000,27500.000,233.197,233.493,233.315,233.732,-0.100,-0.285
2017-03-17 11:28:00,233.202,233.474,66.000,74.000,233.25,233.30,2500.000,2500.000,233.35,233.50,456.000,123.000,233.20,233.40,5000.000,2500.000,233.30,233.55,3342.000,10241.000,30000.000,17500.000,233.091,233.498,233.250,233.636,-0.150,-0.278
2017-03-17 11:29:00,233.162,233.456,275.000,660.000,233.20,233.35,2500.000,2500.000,233.35,233.45,143.000,2389.000,233.15,233.40,7500.000,2500.000,233.30,233.50,3950.000,15237.000,30000.000,15000.000,233.055,233.474,233.242,233.567,-0.125,-0.270
2017-03-17 11:30:00,233.142,233.398,186.000,12.000,233.20,233.25,2500.000,2500.000,233.30,233.45,62.000,183.000,233.15,233.35,17500.000,5000.000,233.25,233.50,3133.000,10291.000,30000.000,20000.000,233.043,233.453,233.221,233.550,-0.150,-0.266
2017-03-17 11:31:00,233.209,233.477,211.000,8.000,233.25,233.30,2500.000,7500.000,233.35,233.55,139.000,827.000,233.20,233.40,5000.000,7500.000,233.30,233.60,3022.000,7381.000,32500.000,27500.000,233.085,233.515,233.246,233.632,-0.175,-0.272
2017-03-17 11:32:00,233.279,233.615,597.000,339.000,233.30,233.50,5000.000,2500.000,233.45,233.60,516.000,2101.000,233.25,233.55,7500.000,2500.000,233.40,233.70,3880.000,12298.000,37500.000,22500.000,233.196,233.623,233.333,233.767,-0.125,-0.259
2017-03-17 11:33:00,233.283,233.520,588.000,100.000,233.30,233.45,5000.000,2500.000,233.40,233.55,392.000,2277.000,233.25,233.50,7500.000,5000.000,233.35,233.60,3354.000,9381.000,32500.000,17500.000,233.185,233.568,233.308,233.657,-0.100,-0.264
2017-03-17 11:34:00,233.289,233.542,1227.000,100.000,233.30,233.45,5000.000,2500.000,233.45,233.55,477.000,2517.000,233.25,233.50,7500.000,2500.000,233.40,233.60,5574.000,13136.000,30000.000,15000.000,233.196,233.573,233.354,233.667,-0.125,-0.259
2017-03-17 11:35:00,233.339,233.577,937.000,8.000,233.35,233.45,5000.000,7500.000,233.45,233.65,943.000,309.000,233.30,233.50,12500.000,2500.000,233.40,233.70,5674.000,8526.000,40000.000,30000.000,233.223,233.620,233.363,233.754,-0.150,-0.252
2017-03-17 11:36:00,233.306,233.605,93.000,550.000,233.40,233.45,5000.000,10000.000,233.45,233.65,118.000,640.000,233.35,233.50,7500.000,5000.000,233.40,233.70,2126.000,9829.000,45000.000,32500.000,233.268,233.604,233.344,233.742,-0.125,-0.242
2017-03-17 11:37:00,233.244,233.510,252.000,8.000,233.30,233.35,7500.000,2500.000,233.40,233.55,382.000,676.000,233.25,233.45,12500.000,5000.000,233.35,233.60,3055.000,8862.000,37500.000,22500.000,233.174,233.552,233.307,233.661,-0.150,-0.253
2017-03-17 11:38:00,233.214,233.476,184.000,946.000,233.25,233.40,2500.000,5000.000,233.35,233.50,166.000,2164.000,233.20,233.45,2500.000,5000.000,233.30,233.55,3396.000,13406.000,30000.000,22500.000,233.085,233.525,233.217,233.583,-0.100,-0.249
2017-03-17 11:39:00,233.173,233.400,60.000,724.000,233.20,233.30,10000.000,12500.000,233.25,233.45,52.000,214.000,233.15,233.35,5000.000,7500.000,233.20,233.50,2969.000,8642.000,42500.000,30000.000,233.024,233.431,233.153,233.508,-0.100,-0.238
2017-03-17 11:40:00,233.094,233.300,769.000,166.000,233.05,233.25,5000.000,5000.000,233.20,233.35,1555.000,2164.000,233.00,233.30,2500.000,2500.000,233.15,233.40,5647.000,9163.000,32500.000,25000.000,232.952,233.363,233.088,233.460,-0.125,-0.261
2017-03-17 11:41:00,233.121,233.367,23.000,1012.000,233.20,233.30,5000.000,7500.000,233.25,233.40,143.000,2157.000,233.15,233.35,7500.000,7500.000,233.20,233.45,2167.000,14316.000,37500.000,27500.000,233.025,233.433,233.147,233.477,-0.075,-0.268
2017-03-17 11:42:00,233.070,233.393,404.000,60.000,233.05,233.25,2500.000,7500.000,233.25,233.45,2145.000,314.000,233.00,233.30,5000.000,7500.000,233.20,233.50,5538.000,8398.000,30000.000,22500.000,232.950,233.414,233.100,233.517,-0.200,-0.261
2017-03-17 11:43:00,233.113,233.357,1059.000,8.000,233.10,233.15,2500.000,7500.000,233.25,233.40,749.000,309.000,233.05,233.30,5000.000,7500.000,233.20,233.45,6086.000,9227.000,27500.000,25000.000,232.990,233.389,233.132,233.470,-0.200,-0.230
2017-03-17 11:44:00,233.137,233.308,136.000,35.000,233.10,233.25,2500.000,2500.000,233.25,233.35,572.000,2503.000,233.05,233.30,2500.000,5000.000,233.20,233.40,5320.000,8945.000,22500.000,22500.000,232.969,233.358,233.128,233.456,-0.125,-0.244
2017-03-17 11:45:00,233.103,233.422,530.000,558.000,233.10,233.30,7500.000,7500.000,233.25,233.45,638.000,518.000,233.05,233.35,5000.000,7500.000,233.20,233.50,6823.000,14173.000,40000.000,22500.000,232.975,233.453,233.144,233.517,-0.150,-0.251
2017-03-17 11:46:00,233.164,233.446,558.000,1560.000,233.15,233.35,5000.000,7500.000,233.30,233.45,565.000,2514.000,233.10,233.40,5000.000,10000.000,233.25,233.50,6176.000,15983.000,40000.000,25000.000,233.015,233.460,233.172,233.515,-0.125,-0.240
2017-03-17 11:47:00,233.087,233.376,260.000,768.000,233.05,233.25,2500.000,2500.000,233.20,233.35,2926.000,2164.000,233.00,233.30,10000.000,5000.000,233.15,233.40,6718.000,12374.000,50000.000,17500.000,232.937,233.363,233.077,233.450,-0.125,-0.246
2017-03-17 11:48:00,233.604,233.693,462.000,3691.000,233.55,233.75,2500.000,5000.000,233.55,233.70,189.000,3114.000,233.50,233.80,5000.000,10000.000,233.50,233.75,4724.000,11240.000,37500.000,30000.000,233.399,233.820,233.413,233.787,0.025,-0.300
2017-03-17 11:49:00,232.972,233.214,533.000,8.000,232.95,233.00,7500.000,2500.000,233.20,233.25,874.000,1236.000,232.90,233.10,7500.000,10000.000,233.15,233.30,10104.000,13033.000,37500.000,42500.000,232.786,233.213,233.100,233.356,-0.250,-0.296
2017-03-17 11:50:00,232.556,232.908,354.000,61.000,232.60,232.65,7500.000,5000.000,232.80,233.00,211.000,305.000,232.55,232.70,5000.000,7500.000,232.75,233.05,2173.000,3649.000,25000.000,22500.000,232.511,232.803,232.685,233.083,-0.275,-0.286
2017-03-17 11:51:00,232.686,232.916,107.000,100.000,232.60,232.70,2500.000,5000.000,232.85,233.00,566.000,264.000,232.55,232.75,7500.000,2500.000,232.80,233.05,5614.000,3953.000,20000.000,20000.000,232.450,232.847,232.750,233.137,-0.275,-0.275
2017-03-17 11:52:00,232.644,232.960,1027.000,50.000,232.55,232.75,2500.000,5000.000,232.85,232.95,1681.000,918.000,232.50,232.80,2500.000,2500.000,232.80,233.00,8633.000,8218.000,20000.000,17500.000,232.429,232.894,232.738,233.100,-0.250,-0.241
2017-03-17 11:53:00,232.513,232.873,161.000,60.000,232.45,232.50,2500.000,2500.000,232.75,232.90,325.000,110.000,232.40,232.60,5000.000,2500.000,232.70,232.95,6766.000,5372.000,20000.000,12500.000,232.289,232.735,232.637,233.000,-0.350,-0.220
2017-03-17 11:54:00,232.471,232.694,25.000,31.000,232.35,232.40,2500.000,2500.000,232.65,232.85,458.000,150.000,232.30,232.45,7500.000,2500.000,232.60,232.90,5039.000,1554.000,25000.000,37500.000,232.193,232.556,232.550,232.990,-0.375,-0.243
2017-03-17 11:55:00,232.418,232.718,636.000,150.000,232.35,232.40,2500.000,2500.000,232.70,232.85,60.000,150.000,232.30,232.45,5000.000,2500.000,232.65,232.90,4657.000,2012.000,22500.000,40000.000,232.236,232.554,232.583,232.984,-0.400,-0.248
2017-03-17 11:56:00,233.155,233.333,34.000,64.000,233.15,233.25,2500.000,2500.000,233.25,233.35,68.000,825.000,233.10,233.30,7500.000,5000.000,233.20,233.40,5529.000,10300.000,27500.000,17500.000,232.997,233.378,233.155,233.457,-0.100,-0.270
2017-03-17 11:57:00,233.423,233.567,83.000,1.000,233.40,233.50,7500.000,10000.000,233.50,233.65,110.000,730.000,233.35,233.55,2500.000,5000.000,233.45,233.70,4461.000,5839.000,27500.000,32500.000,233.252,233.649,233.391,233.746,-0.125,-0.287
2017-03-17 11:58:00,232.961,233.217,490.000,708.000,232.85,232.95,5000.000,5000.000,233.25,233.35,2717.000,500.000,232.80,233.00,2500.000,7500.000,233.15,233.40,9697.000,3503.000,15000.000,30000.000,232.750,233.083,233.117,233.438,-0.400,-0.260
2017-03-17 11:59:00,232.683,233.020,51.000,544.000,232.65,232.70,2500.000,2500.000,232.90,233.10,78.000,469.000,232.55,232.75,2500.000,5000.000,232.85,233.15,4851.000,3799.000,20000.000,17500.000,232.464,232.820,232.781,233.193,-0.325,-0.217
2017-03-17 12:00:00,233.363,233.688,404.000,195.000,233.35,233.45,5000.000,5000.000,233.60,233.80,1424.000,149.000,233.30,233.60,2500.000,5000.000,233.55,233.85,6053.000,10598.000,20000.000,22500.000,233.222,233.710,233.494,233.906,-0.300,-0.205
2017-03-17 12:01:00,233.263,233.550,2014.000,151.000,233.30,233.35,5000.000,5000.000,233.45,233.50,63.000,29.000,233.25,233.40,12500.000,12500.000,233.40,233.55,6953.000,10336.000,70000.000,35000.000,233.188,233.521,233.336,233.586,-0.150,-0.191
2017-03-17 12:02:00,233.234,233.465,161.000,6.000,233.25,233.30,2500.000,2500.000,233.30,233.45,319.000,2159.000,233.20,233.35,10000.000,2500.000,233.25,233.50,4541.000,7649.000,42500.000,17500.000,233.109,233.438,233.182,233.571,-0.100,-0.163
2017-03-17 12:03:00,233.031,233.150,83.000,36.000,232.90,232.95,5000.000,5000.000,233.10,233.20,433.000,49.000,232.85,233.00,2500.000,5000.000,233.05,233.25,8983.000,2079.000,22500.000,25000.000,232.747,233.128,233.000,233.295,-0.225,-0.185
2017-03-17 12:04:00,232.854,232.979,449.000,753.000,232.80,232.90,2500.000,5000.000,232.95,233.10,1996.000,160.000,232.75,232.95,5000.000,7500.000,232.90,233.15,6511.000,4917.000,25000.000,35000.000,232.689,233.053,232.805,233.214,-0.175,-0.206
2017-03-17 12:05:00,233.149,233.410,5.000,114.000,233.30,233.35,5000.000,2500.000,233.30,233.45,419.000,955.000,233.20,233.40,5000.000,7500.000,233.25,233.50,1624.000,12912.000,35000.000,25000.000,233.135,233.492,233.186,233.555,-0.050,-0.190
2017-03-17 12:06:00,233.436,233.653,158.000,1380.000,233.55,233.60,2500.000,5000.000,233.60,233.75,678.000,60.000,233.40,233.65,7500.000,10000.000,233.55,233.80,5554.000,13651.000,17500.000,25000.000,233.296,233.754,233.514,233.825,-0.100,-0.180
2017-03-17 12:07:00,233.577,233.669,160.000,8.000,233.45,233.50,5000.000,2500.000,233.60,233.75,424.000,10.000,233.40,233.55,5000.000,7500.000,233.55,233.80,7049.000,2310.000,20000.000,20000.000,233.280,233.655,233.512,233.850,-0.200,-0.198
2017-03-17 12:08:00,233.393,233.620,162.000,8.000,233.40,233.45,5000.000,5000.000,233.55,233.65,23.000,354.000,233.35,233.50,2500.000,2500.000,233.50,233.75,5446.000,6572.000,27500.000,27500.000,233.248,233.631,233.436,233.805,-0.175,-0.203
2017-03-17 12:09:00,233.346,233.577,591.000,124.000,233.30,233.45,2500.000,2500.000,233.50,233.65,780.000,879.000,233.25,233.50,5000.000,5000.000,233.45,233.70,6591.000,7402.000,25000.000,25000.000,233.162,233.619,233.380,233.765,-0.200,-0.200
2017-03-17 12:10:00,233.406,233.591,209.000,12.000,233.35,233.40,2500.000,2500.000,233.50,233.65,245.000,147.000,233.30,233.45,10000.000,5000.000,233.45,233.70,3769.000,2767.000,30000.000,25000.000,233.199,233.540,233.387,233.765,-0.200,-0.208
2017-03-17 12:11:00,233.413,233.576,340.000,66.000,233.35,233.40,2500.000,5000.000,233.50,233.65,296.000,135.000,233.30,233.45,5000.000,5000.000,233.45,233.70,4117.000,2657.000,25000.000,27500.000,233.207,233.537,233.380,233.750,-0.200,-0.220
2017-03-17 12:12:00,233.386,233.571,421.000,37.000,233.35,233.40,2500.000,5000.000,233.45,233.65,186.000,890.000,233.30,233.45,7500.000,5000.000,233.40,233.70,3388.000,3482.000,27500.000,25000.000,233.202,233.521,233.332,233.745,-0.175,-0.232
2017-03-17 12:13:00,233.365,233.614,227.000,1066.000,233.45,233.50,2500.000,2500.000,233.55,233.70,445.000,169.000,233.35,233.55,2500.000,7500.000,233.50,233.75,2990.000,8118.000,20000.000,25000.000,233.260,233.644,233.431,233.800,-0.150,-0.219
2017-03-17 12:14:00,233.409,233.628,548.000,86.000,233.40,233.45,5000.000,2500.000,233.55,233.70,489.000,775.000,233.35,233.50,2500.000,5000.000,233.50,233.75,3101.000,3496.000,22500.000,22500.000,233.273,233.591,233.439,233.806,-0.200,-0.232
2017-03-17 12:15:00,233.513,233.737,1487.000,15.000,233.50,233.55,5000.000,10000.000,233.60,233.80,197.000,155.000,233.45,233.60,12500.000,5000.000,233.55,233.85,2873.000,1982.000,37500.000,27500.000,233.433,233.687,233.510,233.873,-0.175,-0.241
2017-03-17 12:16:00,233.446,233.670,177.000,584.000,233.55,233.60,2500.000,2500.000,233.60,233.75,524.000,1064.000,233.50,233.65,10000.000,10000.000,233.55,233.80,1840.000,11416.000,30000.000,27500.000,233.434,233.747,233.496,233.850,-0.100,-0.248
2017-03-17 12:17:00,233.465,233.713,917.000,23.000,233.50,233.55,5000.000,2500.000,233.60,233.75,230.000,750.000,233.45,233.60,10000.000,10000.000,233.55,233.80,4334.000,6872.000,42500.000,27500.000,233.381,233.714,233.494,233.859,-0.150,-0.254
2017-03-17 12:18:00,233.590,233.771,1330.000,8.000,233.50,233.55,2500.000,5000.000,233.70,233.80,765.000,750.000,233.45,233.60,2500.000,2500.000,233.65,233.85,7791.000,3100.000,32500.000,27500.000,233.377,233.669,233.577,233.909,-0.225,-0.242
2017-03-17 12:19:00,233.849,234.134,100.000,701.000,233.90,233.95,2500.000,2500.000,234.00,234.15,92.000,6287.000,233.85,234.00,5000.000,7500.000,233.95,234.20,1896.000,10795.000,27500.000,20000.000,233.752,234.045,233.886,234.256,-0.150,-0.231
2017-03-17 12:20:00,233.851,234.116,339.000,1.000,233.85,233.90,2500.000,5000.000,234.00,234.20,197.000,355.000,233.80,233.95,10000.000,10000.000,233.95,234.25,3081.000,5476.000,22500.000,25000.000,233.707,234.007,233.917,234.315,-0.225,-0.239
2017-03-17 12:21:00,233.856,234.116,312.000,393.000,233.85,233.90,2500.000,2500.000,234.00,234.15,154.000,2883.000,233.80,233.95,2500.000,7500.000,233.95,234.20,2916.000,6262.000,25000.000,22500.000,233.698,233.985,233.865,234.250,-0.200,-0.248
2017-03-17 12:22:00,233.832,234.112,281.000,1560.000,233.90,233.95,7500.000,2500.000,234.00,234.10,78.000,2227.000,233.85,234.00,2500.000,7500.000,233.95,234.20,1253.000,8861.000,25000.000,17500.000,233.759,234.054,233.900,234.243,-0.125,-0.243
2017-03-17 12:23:00,234.188,234.306,255.000,5.000,234.05,234.15,2500.000,2500.000,234.25,234.40,142.000,206.000,234.00,234.20,7500.000,5000.000,234.20,234.45,5297.000,2339.000,20000.000,22500.000,233.876,234.319,234.156,234.511,-0.225,-0.288
2017-03-17 12:24:00,234.138,234.372,185.000,523.000,234.05,234.15,2500.000,7500.000,234.25,234.40,364.000,266.000,234.00,234.20,7500.000,5000.000,234.20,234.45,4461.000,3466.000,40000.000,27500.000,233.885,234.289,234.131,234.491,-0.225,-0.304
2017-03-17 12:25:00,233.950,234.253,1053.000,15.000,233.90,234.05,2500.000,7500.000,234.15,234.35,398.000,904.000,233.85,234.10,7500.000,7500.000,234.10,234.40,5409.000,5504.000,22500.000,25000.000,233.790,234.207,234.050,234.425,-0.275,-0.303
2017-03-17 12:26:00,233.995,234.302,97.000,15.000,234.00,234.05,2500.000,5000.000,234.20,234.35,1206.000,914.000,233.90,234.10,2500.000,7500.000,234.15,234.40,5345.000,5491.000,27500.000,25000.000,233.797,234.208,234.068,234.445,-0.250,-0.303
2017-03-17 12:27:00,233.999,234.252,148.000,15.000,233.90,233.95,2500.000,2500.000,234.20,234.30,169.000,404.000,233.85,234.05,2500.000,5000.000,234.15,234.35,6389.000,4036.000,25000.000,25000.000,233.748,234.142,234.080,234.415,-0.325,-0.319
2017-03-17 12:28:00,233.819,234.160,90.000,479.000,233.80,233.95,5000.000,2500.000,234.10,234.20,260.000,1158.000,233.75,234.00,2500.000,5000.000,234.05,234.30,2968.000,6284.000,27500.000,22500.000,233.638,234.070,233.936,234.350,-0.275,-0.275
2017-03-17 12:29:00,233.651,233.968,798.000,608.000,233.55,233.80,2500.000,5000.000,233.90,234.05,363.000,770.000,233.50,233.85,5000.000,2500.000,233.85,234.10,7167.000,7819.000,15000.000,20000.000,233.422,233.953,233.808,234.194,-0.300,-0.303
2017-03-17 12:30:00,233.587,233.881,135.000,1007.000,233.60,233.75,5000.000,2500.000,233.85,234.00,574.000,564.000,233.55,233.80,7500.000,5000.000,233.80,234.05,2050.000,5151.000,20000.000,20000.000,233.495,233.869,233.756,234.119,-0.250,-0.317
2017-03-17 12:31:00,233.557,233.864,226.000,60.000,233.60,233.70,5000.000,7500.000,233.80,234.00,574.000,743.000,233.55,233.75,2500.000,7500.000,233.75,234.05,1594.000,3964.000,17500.000,27500.000,233.506,233.866,233.679,234.109,-0.250,-0.297
2017-03-17 12:32:00,233.625,233.960,417.000,110.000,233.55,233.75,12500.000,5000.000,233.80,234.00,704.000,439.000,233.50,233.80,7500.000,5000.000,233.75,234.05,4425.000,5322.000,35000.000,25000.000,233.414,233.892,233.714,234.165,-0.250,-0.303
2017-03-17 12:33:00,233.572,233.694,168.000,8.000,233.40,233.45,2500.000,5000.000,233.65,233.85,281.000,10.000,233.35,233.55,5000.000,2500.000,233.60,233.90,6719.000,1210.000,17500.000,25000.000,233.265,233.670,233.500,233.965,-0.325,-0.369
2017-03-17 12:34:00,233.118,233.574,384.000,1344.000,233.05,233.20,7500.000,2500.000,233.45,233.65,384.000,662.000,233.00,233.25,10000.000,2500.000,233.40,233.70,4915.000,5807.000,30000.000,17500.000,232.921,233.311,233.342,233.800,-0.425,-0.349
2017-03-17 12:35:00,233.682,234.044,1.000,159.000,233.80,233.85,10000.000,5000.000,233.85,234.00,485.000,3687.000,233.70,233.90,10000.000,2500.000,233.80,234.05,3638.000,17581.000,60000.000,17500.000,233.607,233.983,233.744,234.114,-0.100,-0.358
2017-03-17 12:36:00,233.350,233.558,47.000,441.000,233.25,233.30,15000.000,5000.000,233.55,233.65,1575.000,500.000,233.20,233.35,5000.000,10000.000,233.50,233.70,9071.000,3548.000,32500.000,45000.000,233.114,233.420,233.492,233.750,-0.325,-0.403
2017-03-17 12:37:00,233.114,233.483,977.000,31.000,233.10,233.15,2500.000,2500.000,233.50,233.60,1043.000,500.000,233.05,233.20,7500.000,2500.000,233.45,233.65,5692.000,4631.000,20000.000,32500.000,232.998,233.305,233.412,233.742,-0.425,-0.442
2017-03-17 12:38:00,233.185,233.636,124.000,1117.000,233.15,233.35,2500.000,5000.000,233.55,233.75,911.000,564.000,233.10,233.40,5000.000,7500.000,233.50,233.80,4870.000,9262.000,20000.000,25000.000,233.019,233.471,233.444,233.840,-0.400,-0.444
2017-03-17 12:39:00,233.237,233.592,15.000,8.000,233.15,233.20,7500.000,5000.000,233.50,233.70,594.000,60.000,233.10,233.25,5000.000,5000.000,233.45,233.75,4109.000,2065.000,22500.000,25000.000,232.998,233.342,233.422,233.845,-0.425,-0.448
2017-03-17 12:40:00,233.119,233.525,400.000,49.000,232.95,233.05,7500.000,2500.000,233.40,233.60,398.000,230.000,232.90,233.10,7500.000,2500.000,233.35,233.65,7016.000,2031.000,25000.000,15000.000,232.788,233.199,233.310,233.717,-0.500,-0.433
2017-03-17 12:41:00,233.065,233.497,32.000,404.000,233.05,233.15,2500.000,7500.000,233.45,233.60,247.000,685.000,233.00,233.20,5000.000,2500.000,233.40,233.65,3605.000,6146.000,15000.000,22500.000,232.886,233.281,233.358,233.717,-0.425,-0.381
2017-03-17 12:42:00,232.982,233.547,50.000,668.000,233.05,233.15,5000.000,2500.000,233.50,233.65,294.000,764.000,233.00,233.20,5000.000,2500.000,233.45,233.70,908.000,6548.000,20000.000,25000.000,232.925,233.258,233.412,233.815,-0.475,-0.333
2017-03-17 12:43:00,233.458,233.921,77.000,3363.000,233.45,233.50,10000.000,2500.000,233.80,233.95,661.000,254.000,233.40,233.55,7500.000,7500.000,233.75,234.00,5924.000,8781.000,30000.000,17500.000,233.333,233.598,233.725,234.050,-0.400,-0.314
2017-03-17 12:44:00,234.080,234.453,1662.000,771.000,234.10,234.15,2500.000,10000.000,234.40,234.45,1462.000,516.000,234.05,234.20,2500.000,2500.000,234.35,234.55,7033.000,10866.000,20000.000,27500.000,234.011,234.273,234.275,234.573,-0.300,-0.302
2017-03-17 12:45:00,234.202,234.536,277.000,95.000,234.25,234.30,2500.000,12500.000,234.45,234.55,300.000,200.000,234.20,234.35,5000.000,2500.000,234.40,234.60,3311.000,7267.000,30000.000,25000.000,234.110,234.456,234.300,234.625,-0.225,-0.299
2017-03-17 12:46:00,234.092,234.261,464.000,446.000,233.95,234.00,5000.000,2500.000,234.25,234.35,1004.000,341.000,233.90,234.05,2500.000,5000.000,234.20,234.40,10694.000,2630.000,17500.000,27500.000,233.798,234.105,234.157,234.455,-0.325,-0.328
2017-03-17 12:47:00,233.898,234.223,490.000,24.000,233.85,233.90,2500.000,2500.000,234.20,234.30,1029.000,396.000,233.80,234.00,5000.000,10000.000,234.15,234.35,6743.000,5369.000,20000.000,35000.000,233.733,234.110,234.081,234.389,-0.375,-0.339
2017-03-17 12:48:00,234.044,234.410,78.000,373.000,234.15,234.20,2500.000,2500.000,234.35,234.50,954.000,367.000,234.10,234.25,7500.000,5000.000,234.30,234.55,1351.000,6494.000,25000.000,27500.000,234.091,234.351,234.260,234.632,-0.250,-0.319
2017-03-17 12:49:00,234.087,234.404,11.000,372.000,234.15,234.20,2500.000,2500.000,234.35,234.50,156.000,28.000,234.10,234.25,5000.000,7500.000,234.30,234.55,2432.000,6494.000,25000.000,32500.000,233.978,234.369,234.240,234.604,-0.250,-0.319
2017-03-17 12:50:00,234.069,234.386,569.000,114.000,234.05,234.10,5000.000,5000.000,234.35,234.45,306.000,349.000,234.00,234.15,2500.000,10000.000,234.30,234.50,5860.000,5702.000,22500.000,32500.000,233.904,234.264,234.233,234.558,-0.325,-0.312
2017-03-17 12:51:00,234.191,234.503,101.000,482.000,234.30,234.35,2500.000,2500.000,234.45,234.55,435.000,959.000,234.25,234.40,7500.000,7500.000,234.40,234.60,1713.000,15181.000,20000.000,20000.000,234.195,234.489,234.350,234.644,-0.175,-0.327
2017-03-17 12:52:00,234.171,234.556,130.000,28.000,234.25,234.30,2500.000,10000.000,234.45,234.60,694.000,50.000,234.20,234.35,2500.000,2500.000,234.40,234.65,2966.000,8314.000,20000.000,25000.000,234.110,234.474,234.325,234.690,-0.250,-0.325
2017-03-17 12:53:00,234.142,234.408,279.000,1.000,234.20,234.25,2500.000,2500.000,234.35,234.50,36.000,18560.000,234.15,234.30,5000.000,5000.000,234.30,234.55,1923.000,23689.000,20000.000,27500.000,234.055,234.328,234.244,234.618,-0.200,-0.354
2017-03-17 12:54:00,234.189,234.504,893.000,15911.000,234.20,234.30,5000.000,2500.000,234.40,234.55,234.000,45.000,234.15,234.35,7500.000,15000.000,234.35,234.60,4078.000,23606.000,32500.000,25000.000,234.061,234.354,234.265,234.625,-0.225,-0.371
2017-03-17 12:55:00,234.150,234.433,2.000,15747.000,234.15,234.30,5000.000,5000.000,234.35,234.55,120.000,305.000,234.10,234.35,2500.000,15000.000,234.30,234.60,4704.000,24899.000,20000.000,30000.000,233.984,234.360,234.244,234.646,-0.225,-0.395
2017-03-17 12:56:00,234.059,234.447,598.000,404.000,234.10,234.20,2500.000,7500.000,234.35,234.55,1140.000,567.000,234.00,234.25,2500.000,12500.000,234.30,234.60,7660.000,18504.000,20000.000,27500.000,233.925,234.303,234.231,234.614,-0.300,-0.381
2017-03-17 12:57:00,234.026,234.398,301.000,60.000,234.10,234.20,2500.000,7500.000,234.30,234.50,1218.000,889.000,234.00,234.25,7500.000,5000.000,234.25,234.55,6858.000,23767.000,22500.000,27500.000,233.904,234.318,234.206,234.586,-0.250,-0.371
2017-03-17 12:58:00,234.066,234.481,121.000,8.000,234.10,234.20,2500.000,7500.000,234.35,234.55,369.000,1074.000,234.05,234.25,5000.000,12500.000,234.30,234.60,5252.000,20015.000,25000.000,27500.000,233.939,234.311,234.245,234.632,-0.300,-0.354
2017-03-17 12:59:00,233.987,234.384,92.000,8.000,234.10,234.15,2500.000,2500.000,234.30,234.45,368.000,60.000,234.05,234.20,5000.000,7500.000,234.25,234.50,3418.000,22896.000,22500.000,25000.000,233.960,234.309,234.183,234.550,-0.250,-0.338
2017-03-17 13:00:00,234.003,234.403,1019.000,8.000,234.10,234.15,2500.000,2500.000,234.30,234.45,161.000,140.000,234.05,234.20,2500.000,2500.000,234.25,234.50,5089.000,22409.000,25000.000,17500.000,233.976,234.309,234.195,234.586,-0.250,-0.331
2017-03-17 13:01:00,234.025,234.345,644.000,140.000,234.10,234.20,5000.000,2500.000,234.30,234.40,132.000,1309.000,234.05,234.25,5000.000,5000.000,234.25,234.45,4573.000,29149.000,27500.000,25000.000,233.967,234.323,234.200,234.525,-0.200,-0.337
2017-03-17 13:02:00,234.019,234.343,346.000,140.000,234.10,234.20,5000.000,5000.000,234.30,234.40,132.000,1107.000,234.05,234.25,2500.000,5000.000,234.25,234.45,3167.000,26947.000,25000.000,25000.000,233.960,234.319,234.210,234.505,-0.200,-0.344
2017-03-17 13:03:00,233.925,234.252,375.000,406.000,234.00,234.10,10000.000,15000.000,234.20,234.25,577.000,3433.000,233.95,234.15,5000.000,2500.000,234.15,234.35,4949.000,33694.000,27500.000,30000.000,233.870,234.220,234.114,234.350,-0.175,-0.329
2017-03-17 13:04:00,233.971,234.290,128.000,58.000,234.05,234.10,10000.000,2500.000,234.20,234.35,753.000,538.000,234.00,234.15,5000.000,7500.000,234.15,234.40,4305.000,24833.000,30000.000,22500.000,233.907,234.226,234.117,234.450,-0.200,-0.306
2017-03-17 13:05:00,233.966,234.329,163.000,8.000,234.05,234.10,5000.000,2500.000,234.25,234.40,1114.000,50.000,234.00,234.15,15000.000,5000.000,234.20,234.45,4226.000,24034.000,27500.000,20000.000,233.940,234.227,234.182,234.512,-0.250,-0.269
2017-03-17 13:06:00,233.953,234.307,83.000,8.000,234.05,234.10,7500.000,2500.000,234.20,234.35,668.000,561.000,234.00,234.15,5000.000,10000.000,234.15,234.40,2801.000,24884.000,32500.000,25000.000,233.935,234.226,234.088,234.445,-0.200,-0.250
2017-03-17 13:07:00,233.958,234.313,560.000,482.000,234.00,234.15,10000.000,2500.000,234.20,234.35,658.000,15911.000,233.95,234.20,5000.000,5000.000,234.15,234.40,5165.000,30712.000,37500.000,20000.000,233.880,234.245,234.073,234.456,-0.200,-0.239
2017-03-17 13:08:00,234.574,234.828,571.000,123.000,234.55,234.70,5000.000,7500.000,234.75,234.95,128.000,300.000,234.50,234.75,7500.000,12500.000,234.70,235.00,4634.000,8918.000,22500.000,35000.000,234.412,234.812,234.661,235.100,-0.225,-0.234
2017-03-17 13:09:00,234.798,235.003,1132.000,1852.000,234.85,234.90,5000.000,5000.000,234.90,235.00,313.000,489.000,234.80,234.95,7500.000,2500.000,234.85,235.05,4469.000,15969.000,30000.000,15000.000,234.741,235.022,234.808,235.100,-0.075,-0.251
2017-03-17 13:10:00,234.687,234.867,2.000,353.000,234.75,234.80,2500.000,2500.000,234.85,234.95,582.000,3048.000,234.70,234.85,2500.000,30000.000,234.80,235.00,5170.000,14665.000,20000.000,45000.000,234.611,234.952,234.738,235.031,-0.125,-0.270
2017-03-17 13:11:00,234.533,234.789,128.000,8.000,234.50,234.55,2500.000,10000.000,234.70,234.90,1236.000,342.000,234.45,234.65,7500.000,5000.000,234.65,234.95,5048.000,4463.000,25000.000,30000.000,234.396,234.759,234.600,235.029,-0.275,-0.280
2017-03-17 13:12:00,234.438,234.741,696.000,231.000,234.50,234.60,2500.000,2500.000,234.65,234.80,59.000,153.000,234.45,234.65,10000.000,5000.000,234.60,234.85,3712.000,10025.000,22500.000,17500.000,234.388,234.764,234.567,234.893,-0.175,-0.279
2017-03-17 13:13:00,234.518,234.743,1581.000,306.000,234.40,234.50,2500.000,2500.000,234.65,234.80,1055.000,60.000,234.35,234.60,7500.000,2500.000,234.60,234.85,9130.000,5201.000,20000.000,15000.000,234.281,234.681,234.556,234.908,-0.275,-0.294
2017-03-17 13:14:00,234.313,234.606,838.000,1008.000,234.25,234.45,2500.000,7500.000,234.55,234.65,1275.000,766.000,234.20,234.50,2500.000,7500.000,234.50,234.70,8472.000,10714.000,17500.000,25000.000,234.132,234.588,234.436,234.735,-0.250,-0.306
2017-03-17 13:15:00,234.353,234.625,627.000,993.000,234.25,234.45,5000.000,7500.000,234.50,234.70,982.000,716.000,234.20,234.50,2500.000,2500.000,234.45,234.75,7938.000,8962.000,20000.000,20000.000,234.106,234.560,234.400,234.787,-0.250,-0.324
2017-03-17 13:16:00,234.206,234.514,185.000,818.000,234.25,234.35,5000.000,2500.000,234.40,234.55,71.000,441.000,234.20,234.40,7500.000,5000.000,234.35,234.60,3164.000,10915.000,35000.000,20000.000,234.080,234.485,234.254,234.650,-0.175,-0.335
2017-03-17 13:17:00,234.248,234.545,286.000,8.000,234.20,234.25,5000.000,2500.000,234.40,234.55,352.000,145.000,234.15,234.30,7500.000,5000.000,234.35,234.60,7113.000,5047.000,35000.000,15000.000,234.049,234.418,234.250,234.642,-0.250,-0.342
2017-03-17 13:18:00,234.230,234.528,96.000,8.000,234.20,234.25,7500.000,2500.000,234.40,234.55,425.000,180.000,234.15,234.30,7500.000,5000.000,234.35,234.60,7075.000,6097.000,30000.000,15000.000,234.046,234.421,234.283,234.650,-0.250,-0.362
2017-03-17 13:19:00,234.213,234.567,161.000,3.000,234.15,234.20,7500.000,5000.000,234.40,234.55,1050.000,980.000,234.10,234.30,7500.000,5000.000,234.35,234.60,10382.000,8050.000,35000.000,17500.000,234.008,234.416,234.289,234.650,-0.300,-0.352
2017-03-17 13:20:00,234.186,234.548,349.000,1205.000,234.15,234.30,7500.000,5000.000,234.40,234.55,1061.000,1788.000,234.10,234.35,7500.000,5000.000,234.35,234.60,9368.000,14233.000,40000.000,17500.000,234.004,234.435,234.250,234.629,-0.250,-0.341
2017-03-17 13:21:00,234.198,234.561,810.000,769.000,234.15,234.30,2500.000,5000.000,234.50,234.60,1652.000,1716.000,234.10,234.35,2500.000,2500.000,234.45,234.65,9897.000,11503.000,17500.000,17500.000,234.039,234.436,234.393,234.686,-0.325,-0.341
2017-03-17 13:22:00,234.160,234.492,233.000,1153.000,234.15,234.30,5000.000,2500.000,234.40,234.50,1056.000,1051.000,234.10,234.35,10000.000,2500.000,234.35,234.55,8288.000,15471.000,32500.000,15000.000,233.997,234.448,234.277,234.600,-0.225,-0.354
2017-03-17 13:23:00,234.215,234.617,60.000,8.000,234.20,234.30,5000.000,5000.000,234.50,234.65,257.000,1299.000,234.15,234.35,2500.000,2500.000,234.45,234.70,7845.000,10186.000,22500.000,15000.000,234.048,234.467,234.406,234.742,-0.325,-0.358
2017-03-17 13:24:00,234.301,234.600,464.000,67.000,234.20,234.25,5000.000,5000.000,234.50,234.60,433.000,3.000,234.15,234.30,7500.000,7500.000,234.40,234.65,9707.000,3483.000,30000.000,20000.000,234.059,234.401,234.358,234.700,-0.325,-0.373
2017-03-17 13:25:00,234.316,234.625,352.000,67.000,234.20,234.25,2500.000,5000.000,234.50,234.65,442.000,3.000,234.15,234.30,7500.000,2500.000,234.45,234.70,8770.000,2844.000,25000.000,15000.000,234.048,234.401,234.405,234.742,-0.350,-0.378
2017-03-17 13:26:00,234.206,234.568,217.000,211.000,234.10,234.25,5000.000,2500.000,234.45,234.55,1332.000,649.000,234.05,234.30,2500.000,10000.000,234.40,234.60,9705.000,5873.000,25000.000,22500.000,233.990,234.398,234.350,234.706,-0.325,-0.389
2017-03-17 13:27:00,234.131,234.532,257.000,60.000,234.10,234.20,10000.000,7500.000,234.35,234.55,453.000,1285.000,234.05,234.25,2500.000,7500.000,234.30,234.60,5879.000,7081.000,32500.000,22500.000,233.946,234.353,234.258,234.650,-0.300,-0.387
2017-03-17 13:28:00,234.139,234.561,260.000,227.000,234.10,234.25,2500.000,5000.000,234.40,234.55,514.000,549.000,234.05,234.30,10000.000,7500.000,234.35,234.60,6683.000,8961.000,32500.000,22500.000,233.966,234.393,234.277,234.683,-0.300,-0.376
2017-03-17 13:29:00,234.141,234.513,370.000,274.000,234.10,234.15,2500.000,2500.000,234.45,234.50,680.000,463.000,234.05,234.25,2500.000,5000.000,234.40,234.55,8520.000,7470.000,25000.000,22500.000,233.983,234.355,234.330,234.633,-0.350,-0.387
2017-03-17 13:30:00,234.071,234.404,1029.000,8.000,234.00,234.10,7500.000,5000.000,234.35,234.45,214.000,725.000,233.95,234.15,5000.000,7500.000,234.25,234.50,7183.000,4808.000,35000.000,25000.000,233.893,234.231,234.214,234.555,-0.350,-0.406
2017-03-17 13:31:00,234.064,234.484,1488.000,8.000,234.00,234.05,2500.000,2500.000,234.40,234.50,2900.000,176.000,233.95,234.20,10000.000,5000.000,234.35,234.55,8202.000,5184.000,32500.000,30000.000,233.921,234.319,234.277,234.675,-0.425,-0.397
2017-03-17 13:32:00,234.116,234.505,29.000,167.000,234.05,234.10,2500.000,2500.000,234.40,234.55,140.000,1247.000,234.00,234.20,10000.000,7500.000,234.35,234.60,5973.000,5043.000,30000.000,25000.000,233.911,234.288,234.283,234.695,-0.400,-0.414
2017-03-17 13:33:00,234.099,234.465,380.000,167.000,233.95,234.10,10000.000,7500.000,234.35,234.55,3346.000,110.000,233.90,234.15,2500.000,5000.000,234.30,234.60,8816.000,3701.000,32500.000,27500.000,233.831,234.236,234.258,234.673,-0.425,-0.397
2017-03-17 13:34:00,234.032,234.461,103.000,70.000,233.95,234.00,7500.000,2500.000,234.35,234.50,1065.000,2.000,233.90,234.05,2500.000,10000.000,234.30,234.55,6416.000,2530.000,32500.000,22500.000,233.817,234.175,234.254,234.583,-0.450,-0.409
2017-03-17 13:35:00,233.967,234.392,71.000,360.000,233.95,234.00,5000.000,5000.000,234.30,234.50,390.000,175.000,233.90,234.05,10000.000,2500.000,234.25,234.55,3615.000,3885.000,32500.000,30000.000,233.809,234.144,234.192,234.633,-0.425,-0.401
2017-03-17 13:36:00,233.989,234.367,1963.000,8.000,233.95,234.00,5000.000,5000.000,234.25,234.45,393.000,115.000,233.90,234.05,12500.000,7500.000,234.20,234.50,4198.000,2062.000,32500.000,27500.000,233.860,234.168,234.108,234.564,-0.375,-0.377
2017-03-17 13:37:00,233.996,234.470,1515.000,8.000,233.95,234.00,5000.000,7500.000,234.25,234.45,561.000,50.000,233.90,234.05,12500.000,2500.000,234.20,234.50,5211.000,2685.000,70000.000,22500.000,233.837,234.181,234.086,234.533,-0.375,-0.326
2017-03-17 13:38:00,233.904,234.182,2.000,519.000,233.95,234.00,2500.000,17500.000,234.20,234.35,830.000,1797.000,233.85,234.05,2500.000,27500.000,234.15,234.40,5075.000,9099.000,17500.000,85000.000,233.746,234.138,234.071,234.429,-0.300,-0.317
2017-03-17 13:39:00,234.068,234.557,38.000,1132.000,234.05,234.15,10000.000,2500.000,234.35,234.55,188.000,490.000,234.00,234.20,2500.000,10000.000,234.30,234.60,3881.000,7021.000,65000.000,25000.000,233.884,234.270,234.183,234.645,-0.350,-0.282
2017-03-17 13:40:00,233.712,234.098,249.000,514.000,233.65,233.75,2500.000,12500.000,234.05,234.20,1617.000,504.000,233.60,233.80,10000.000,2500.000,234.00,234.25,6503.000,5913.000,25000.000,32500.000,233.506,233.888,233.915,234.327,-0.425,-0.266
2017-03-17 13:41:00,233.987,234.243,9.000,58.000,234.05,234.10,7500.000,7500.000,234.25,234.40,8434.000,205.000,234.00,234.15,5000.000,7500.000,234.20,234.45,9422.000,13879.000,32500.000,60000.000,233.983,234.262,234.092,234.496,-0.250,-0.262
2017-03-17 13:42:00,234.343,234.562,559.000,300.000,234.25,234.30,7500.000,2500.000,234.50,234.65,850.000,99.000,234.20,234.35,2500.000,2500.000,234.45,234.70,6218.000,2791.000,22500.000,20000.000,234.107,234.431,234.383,234.819,-0.300,-0.255
2017-03-17 13:43:00,234.344,234.577,430.000,108.000,234.30,234.35,5000.000,2500.000,234.50,234.65,75.000,326.000,234.25,234.40,2500.000,2500.000,234.45,234.70,4803.000,4015.000,17500.000,15000.000,234.147,234.498,234.386,234.750,-0.250,-0.254
2017-03-17 13:44:00,234.112,234.429,39.000,593.000,234.25,234.30,2500.000,7500.000,234.35,234.50,489.000,724.000,234.10,234.35,5000.000,5000.000,234.30,234.55,4628.000,12346.000,20000.000,27500.000,234.003,234.469,234.244,234.695,-0.150,-0.214
2017-03-17 13:45:00,234.194,234.500,28.000,100.000,234.25,234.30,5000.000,2500.000,234.45,234.50,475.000,947.000,234.20,234.35,7500.000,2500.000,234.40,234.60,5274.000,12187.000,25000.000,22500.000,234.082,234.475,234.365,234.783,-0.200,-0.181
2017-03-17 13:46:00,233.945,234.182,1260.000,123.000,234.00,234.10,2500.000,7500.000,234.10,234.30,151.000,354.000,233.95,234.15,2500.000,10000.000,234.05,234.35,3069.000,7191.000,20000.000,27500.000,233.903,234.262,233.988,234.368,-0.150,-0.173
2017-03-17 13:47:00,234.069,234.250,703.000,246.000,234.00,234.15,2500.000,2500.000,234.20,234.35,1106.000,60.000,233.95,234.20,5000.000,7500.000,234.15,234.40,6079.000,5211.000,25000.000,25000.000,233.869,234.328,234.025,234.475,-0.200,-0.188
2017-03-17 13:48:00,234.179,234.410,663.000,123.000,234.05,234.15,5000.000,7500.000,234.25,234.45,980.000,10.000,234.00,234.20,5000.000,5000.000,234.20,234.50,6349.000,2198.000,25000.000,25000.000,233.918,234.318,234.125,234.600,-0.250,-0.186
2017-03-17 13:49:00,234.205,234.319,935.000,8.000,234.05,234.10,5000.000,5000.000,234.25,234.45,700.000,30.000,234.00,234.15,5000.000,10000.000,234.20,234.50,7509.000,881.000,17500.000,27500.000,233.909,234.251,234.171,234.577,-0.275,-0.206
2017-03-17 13:50:00,234.188,234.330,307.000,7.000,234.05,234.10,2500.000,7500.000,234.25,234.40,426.000,30.000,234.00,234.15,2500.000,5000.000,234.20,234.45,5071.000,1238.000,22500.000,32500.000,233.895,234.235,234.094,234.554,-0.250,-0.225
2017-03-17 13:51:00,234.053,234.252,3.000,379.000,234.05,234.10,5000.000,2500.000,234.20,234.40,139.000,80.000,234.00,234.15,5000.000,5000.000,234.15,234.45,1913.000,2870.000,25000.000,25000.000,233.896,234.230,234.045,234.590,-0.225,-0.226
2017-03-17 13:52:00,234.027,234.281,456.000,593.000,233.95,234.00,2500.000,2500.000,234.20,234.30,700.000,50.000,233.90,234.10,5000.000,5000.000,234.15,234.35,9355.000,6968.000,17500.000,15000.000,233.806,234.190,234.093,234.408,-0.275,-0.235
2017-03-17 13:53:00,233.994,234.216,152.000,406.000,233.95,234.00,2500.000,5000.000,234.15,234.30,118.000,233.000,233.90,234.10,2500.000,5000.000,234.10,234.35,4716.000,4847.000,17500.000,22500.000,233.791,234.209,234.043,234.444,-0.250,-0.265
2017-03-17 13:54:00,234.021,234.234,24.000,273.000,233.90,234.00,2500.000,2500.000,234.15,234.30,1012.000,630.000,233.85,234.10,2500.000,7500.000,234.10,234.35,8707.000,4859.000,20000.000,20000.000,233.771,234.209,234.025,234.431,-0.275,-0.299
2017-03-17 13:55:00,233.996,234.236,45.000,18.000,233.80,233.90,5000.000,7500.000,234.05,234.25,112.000,464.000,233.75,233.95,10000.000,2500.000,234.00,234.30,8143.000,1590.000,42500.000,20000.000,233.644,234.012,233.829,234.331,-0.300,-0.278
2017-03-17 13:56:00,233.849,234.050,2.000,6.000,233.75,233.80,2500.000,7500.000,234.00,234.15,435.000,354.000,233.70,233.90,2500.000,7500.000,233.95,234.20,7620.000,4629.000,15000.000,25000.000,233.598,234.003,233.867,234.255,-0.300,-0.288
2017-03-17 13:57:00,233.778,234.080,307.000,8.000,233.65,233.70,2500.000,2500.000,234.00,234.10,6240.000,247.000,233.60,233.75,2500.000,5000.000,233.95,234.15,12561.000,675.000,17500.000,20000.000,233.558,233.834,233.871,234.244,-0.375,-0.265
2017-03-17 13:58:00,233.698,234.066,1984.000,547.000,233.60,233.75,2500.000,5000.000,233.85,234.05,1208.000,704.000,233.55,233.80,7500.000,2500.000,233.80,234.10,8445.000,5603.000,45000.000,17500.000,233.502,233.877,233.694,234.143,-0.275,-0.229
2017-03-17 13:59:00,233.443,233.829,859.000,159.000,233.35,233.55,2500.000,2500.000,233.75,233.90,1731.000,404.000,233.30,233.60,2500.000,5000.000,233.70,233.95,9397.000,7789.000,15000.000,15000.000,233.248,233.709,233.633,233.992,-0.375,-0.188
2017-03-17 14:00:00,233.908,234.040,301.000,230.000,234.00,234.05,2500.000,5000.000,234.05,234.20,404.000,1541.000,233.95,234.10,10000.000,2500.000,234.00,234.25,2849.000,11581.000,20000.000,42500.000,233.874,234.208,233.969,234.447,-0.100,-0.212
2017-03-17 14:01:00,233.788,234.041,510.000,58.000,233.85,233.90,2500.000,2500.000,233.95,234.05,1047.000,209.000,233.80,233.95,5000.000,5000.000,233.90,234.15,4797.000,9588.000,22500.000,20000.000,233.739,234.073,233.839,234.188,-0.125,-0.209
2017-03-17 14:02:00,233.811,233.997,262.000,100.000,233.85,233.90,5000.000,5000.000,233.95,234.10,1372.000,1031.000,233.80,233.95,2500.000,10000.000,233.90,234.15,4793.000,8628.000,17500.000,27500.000,233.730,234.055,233.857,234.177,-0.150,-0.207
2017-03-17 14:03:00,233.777,233.964,265.000,80.000,233.80,233.85,5000.000,7500.000,233.90,234.10,680.000,754.000,233.70,233.90,2500.000,7500.000,233.85,234.15,5279.000,6454.000,17500.000,27500.000,233.609,234.000,233.807,234.173,-0.175,-0.202
2017-03-17 14:04:00,233.655,233.839,297.000,74.000,233.75,233.80,2500.000,2500.000,233.85,233.90,27.000,3250.000,233.70,233.85,2500.000,2500.000,233.80,233.95,3837.000,22123.000,22500.000,25000.000,233.578,233.950,233.661,234.025,-0.100,-0.218
2017-03-17 14:05:00,233.601,233.850,68.000,431.000,233.60,233.70,2500.000,5000.000,233.80,233.95,421.000,251.000,233.55,233.75,2500.000,7500.000,233.75,234.00,3284.000,5790.000,15000.000,22500.000,233.455,233.838,233.667,234.056,-0.225,-0.218
2017-03-17 14:06:00,233.773,234.012,848.000,70.000,233.65,233.80,2500.000,2500.000,233.90,234.05,766.000,308.000,233.60,233.85,7500.000,5000.000,233.85,234.10,10449.000,5973.000,30000.000,20000.000,233.510,233.969,233.767,234.144,-0.250,-0.216
2017-03-17 14:07:00,233.849,234.024,952.000,2957.000,233.85,234.05,2500.000,2500.000,233.90,234.05,703.000,1428.000,233.80,234.10,5000.000,5000.000,233.85,234.10,5679.000,14980.000,30000.000,17500.000,233.737,234.170,233.775,234.143,-0.025,-0.205
2017-03-17 14:08:00,233.809,233.969,387.000,492.000,233.75,233.80,2500.000,2500.000,233.85,234.00,885.000,334.000,233.70,233.90,7500.000,2500.000,233.80,234.05,5847.000,5637.000,25000.000,15000.000,233.615,233.965,233.720,234.133,-0.150,-0.205
2017-03-17 14:09:00,233.513,233.777,117.000,850.000,233.45,233.50,2500.000,2500.000,233.60,233.70,1926.000,184.000,233.40,233.60,2500.000,2500.000,233.55,233.75,8563.000,7956.000,37500.000,17500.000,233.304,233.679,233.433,233.857,-0.175,-0.202
2017-03-17 14:10:00,233.560,233.812,681.000,134.000,233.50,233.60,5000.000,2500.000,233.70,233.85,2015.000,191.000,233.45,233.70,2500.000,2500.000,233.65,233.90,7921.000,7858.000,25000.000,17500.000,233.384,233.792,233.600,233.979,-0.225,-0.199
2017-03-17 14:11:00,233.446,233.675,991.000,308.000,233.50,233.55,5000.000,2500.000,233.60,233.70,489.000,300.000,233.45,233.60,2500.000,2500.000,233.55,233.80,4370.000,9361.000,27500.000,22500.000,233.388,233.704,233.459,233.922,-0.125,-0.203
2017-03-17 14:12:00,233.616,233.736,1606.000,1176.000,233.55,233.70,2500.000,2500.000,233.70,233.85,1582.000,215.000,233.50,233.75,10000.000,7500.000,233.65,233.90,7947.000,8790.000,25000.000,30000.000,233.440,233.808,233.605,233.979,-0.150,-0.209
2017-03-17 14:13:00,233.691,233.850,63.000,10.000,233.60,233.65,5000.000,7500.000,233.85,233.95,1268.000,141.000,233.55,233.70,2500.000,10000.000,233.75,234.00,12365.000,6430.000,22500.000,42500.000,233.465,233.874,233.706,234.112,-0.275,-0.224
2017-03-17 14:14:00,233.653,233.902,76.000,679.000,233.75,233.80,2500.000,7500.000,233.85,234.00,425.000,110.000,233.70,233.85,10000.000,2500.000,233.80,234.05,2293.000,10620.000,25000.000,32500.000,233.629,233.955,233.760,234.146,-0.150,-0.193
2017-03-17 14:15:00,233.693,233.929,446.000,590.000,233.75,233.80,2500.000,2500.000,233.90,234.00,465.000,238.000,233.70,233.85,2500.000,2500.000,233.85,234.05,4737.000,11679.000,27500.000,25000.000,233.613,233.956,233.750,234.150,-0.175,-0.172
2017-03-17 14:16:00,233.713,233.963,286.000,25.000,233.75,233.80,2500.000,2500.000,233.90,234.00,508.000,763.000,233.70,233.85,2500.000,5000.000,233.85,234.05,4932.000,9797.000,22500.000,17500.000,233.602,233.956,233.767,234.107,-0.175,-0.143
2017-03-17 14:17:00,233.794,233.943,1093.000,107.000,233.70,233.85,2500.000,2500.000,233.90,234.05,1107.000,810.000,233.65,233.90,2500.000,7500.000,233.85,234.10,11884.000,10034.000,15000.000,22500.000,233.551,233.998,233.800,234.144,-0.200,-0.161
2017-03-17 14:18:00,233.850,234.083,330.000,8.000,233.85,233.95,7500.000,5000.000,234.00,234.20,726.000,1968.000,233.80,234.00,2500.000,5000.000,233.95,234.25,4976.000,7681.000,25000.000,27500.000,233.715,234.103,233.890,234.373,-0.200,-0.163
2017-03-17 14:19:00,234.065,234.160,940.000,547.000,233.90,234.00,10000.000,2500.000,234.10,234.30,669.000,198.000,233.85,234.05,5000.000,2500.000,234.05,234.35,9517.000,2402.000,27500.000,32500.000,233.763,234.123,234.023,234.485,-0.250,-0.200
2017-03-17 14:20:00,234.017,234.147,216.000,8.000,233.85,233.90,5000.000,7500.000,234.10,234.20,960.000,162.000,233.80,233.95,5000.000,5000.000,234.00,234.25,10866.000,1118.000,20000.000,22500.000,233.703,234.027,233.969,234.317,-0.275,-0.206
2017-03-17 14:21:00,233.983,234.091,216.000,58.000,233.85,233.90,5000.000,5000.000,234.00,234.20,190.000,6.000,233.80,233.95,2500.000,5000.000,233.95,234.25,3456.000,1039.000,17500.000,22500.000,233.688,234.031,233.900,234.350,-0.225,-0.216
2017-03-17 14:22:00,233.709,233.947,303.000,8.000,233.75,233.80,5000.000,2500.000,233.85,234.05,415.000,242.000,233.70,233.85,10000.000,5000.000,233.80,234.10,3804.000,6327.000,22500.000,20000.000,233.604,233.983,233.778,234.150,-0.175,-0.218
2017-03-17 14:23:00,233.645,233.889,592.000,1376.000,233.65,233.75,2500.000,5000.000,233.75,233.95,38.000,500.000,233.60,233.80,5000.000,7500.000,233.70,234.00,4183.000,8166.000,25000.000,20000.000,233.506,233.883,233.640,234.025,-0.150,-0.235
2017-03-17 14:24:00,233.381,233.663,2097.000,112.000,233.30,233.35,2500.000,2500.000,233.50,233.65,1886.000,113.000,233.25,233.40,2500.000,5000.000,233.45,233.70,8651.000,2755.000,40000.000,17500.000,233.188,233.524,233.375,233.743,-0.250,-0.237
2017-03-17 14:25:00,233.468,233.625,231.000,60.000,233.40,233.50,7500.000,2500.000,233.60,233.75,346.000,561.000,233.35,233.55,2500.000,5000.000,233.55,233.80,8390.000,6509.000,20000.000,30000.000,233.252,233.664,233.525,233.925,-0.225,-0.255
2017-03-17 14:26:00,233.886,234.047,320.000,1211.000,233.80,234.00,2500.000,2500.000,234.05,234.25,268.000,127.000,233.75,234.05,5000.000,5000.000,234.00,234.30,7673.000,8523.000,17500.000,27500.000,233.658,234.144,233.871,234.459,-0.250,-0.270
2017-03-17 14:27:00,233.889,234.133,3.000,17.000,233.80,233.85,10000.000,2500.000,234.00,234.20,299.000,455.000,233.75,233.95,2500.000,2500.000,233.95,234.25,4252.000,3528.000,25000.000,12500.000,233.624,234.035,233.835,234.310,-0.275,-0.275
2017-03-17 14:28:00,233.674,234.004,350.000,8.000,233.70,233.75,5000.000,5000.000,233.90,234.10,486.000,55.000,233.65,233.80,2500.000,2500.000,233.85,234.15,4491.000,9806.000,17500.000,17500.000,233.542,234.019,233.800,234.193,-0.275,-0.265
2017-03-17 14:29:00,233.757,234.050,117.000,37.000,233.75,233.80,5000.000,2500.000,233.95,234.10,262.000,656.000,233.70,233.95,5000.000,2500.000,233.90,234.15,4374.000,10113.000,20000.000,12500.000,233.585,234.025,233.831,234.200,-0.250,-0.267
2017-03-17 14:30:00,233.725,233.973,219.000,46.000,233.70,233.80,5000.000,5000.000,233.90,234.10,325.000,304.000,233.65,233.90,2500.000,5000.000,233.85,234.15,5806.000,8978.000,15000.000,22500.000,233.526,234.017,233.817,234.244,-0.250,-0.296
2017-03-17 14:31:00,233.754,233.988,233.000,67.000,233.70,233.80,2500.000,2500.000,233.95,234.10,426.000,146.000,233.65,233.90,5000.000,5000.000,233.90,234.15,8103.000,8844.000,15000.000,17500.000,233.553,234.017,233.825,234.200,-0.275,-0.299
2017-03-17 14:32:00,233.843,234.113,1890.000,73.000,233.75,233.90,2500.000,5000.000,234.05,234.20,676.000,159.000,233.70,233.95,5000.000,7500.000,234.00,234.25,8176.000,5436.000,17500.000,22500.000,233.652,234.041,233.943,234.306,-0.300,-0.305
2017-03-17 14:33:00,233.790,234.070,1545.000,8.000,233.75,233.80,7500.000,5000.000,234.00,234.20,233.000,475.000,233.70,233.90,2500.000,5000.000,233.95,234.25,6486.000,5058.000,17500.000,20000.000,233.640,234.013,233.914,234.306,-0.325,-0.304
2017-03-17 14:34:00,233.769,234.071,230.000,8.000,233.75,233.80,2500.000,2500.000,234.00,234.15,229.000,371.000,233.70,233.85,2500.000,5000.000,233.95,234.20,5171.000,4679.000,15000.000,15000.000,233.609,233.971,233.883,234.242,-0.300,-0.287
2017-03-17 14:35:00,233.638,234.030,464.000,858.000,233.60,233.80,2500.000,2500.000,233.85,234.00,262.000,842.000,233.55,233.85,2500.000,2500.000,233.80,234.05,6694.000,11286.000,32500.000,17500.000,233.454,233.944,233.592,234.150,-0.225,-0.267
2017-03-17 14:36:00,233.685,233.933,165.000,203.000,233.55,233.65,2500.000,2500.000,233.85,234.00,519.000,96.000,233.50,233.75,5000.000,5000.000,233.80,234.05,8533.000,4464.000,22500.000,22500.000,233.419,233.841,233.661,234.156,-0.325,-0.244
2017-03-17 14:37:00,233.555,233.855,527.000,358.000,233.50,233.55,5000.000,2500.000,233.75,233.90,485.000,242.000,233.45,233.60,5000.000,2500.000,233.70,233.95,7804.000,5061.000,27500.000,22500.000,233.349,233.720,233.595,234.039,-0.300,-0.210
2017-03-17 14:38:00,233.561,233.838,233.000,366.000,233.50,233.55,5000.000,7500.000,233.70,233.90,456.000,242.000,233.45,233.60,2500.000,2500.000,233.65,233.95,7969.000,5369.000,25000.000,25000.000,233.336,233.717,233.580,233.995,-0.275,-0.207
2017-03-17 14:39:00,233.664,233.883,1246.000,8.000,233.55,233.60,5000.000,7500.000,233.80,234.00,240.000,584.000,233.50,233.70,2500.000,5000.000,233.75,234.05,8246.000,3583.000,25000.000,32500.000,233.416,233.796,233.625,234.169,-0.325,-0.217
2017-03-17 14:40:00,233.653,233.942,1974.000,8.000,233.55,233.60,5000.000,5000.000,233.80,234.00,17973.000,202.000,233.50,233.65,2500.000,5000.000,233.75,234.05,25051.000,1563.000,25000.000,20000.000,233.481,233.763,233.625,234.113,-0.325,-0.218
2017-03-17 14:41:00,233.796,233.933,194.000,24.000,233.65,233.70,5000.000,2500.000,233.85,234.00,1005.000,281.000,233.60,233.75,5000.000,2500.000,233.80,234.05,23967.000,4373.000,20000.000,17500.000,233.502,233.836,233.762,234.136,-0.250,-0.256
2017-03-17 14:42:00,233.793,233.920,44.000,283.000,233.65,233.75,2500.000,7500.000,233.95,234.15,849.000,165.000,233.55,233.80,2500.000,5000.000,233.90,234.20,16536.000,2881.000,15000.000,40000.000,233.496,233.913,233.817,234.319,-0.350,-0.301
2017-03-17 14:43:00,233.653,233.915,10953.000,369.000,233.50,233.65,5000.000,5000.000,233.85,234.05,369.000,323.000,233.45,233.70,5000.000,2500.000,233.80,234.10,17621.000,3374.000,20000.000,22500.000,233.439,233.799,233.725,234.150,-0.375,-0.318
2017-03-17 14:44:00,233.601,233.872,50.000,638.000,233.55,233.65,2500.000,2500.000,233.85,233.95,10246.000,536.000,233.50,233.70,5000.000,2500.000,233.80,234.00,13587.000,9202.000,17500.000,22500.000,233.469,233.792,233.750,234.094,-0.300,-0.319
2017-03-17 14:45:00,233.548,233.841,9646.000,5552.000,233.50,233.65,2500.000,5000.000,233.85,233.95,308.000,449.000,233.45,233.70,2500.000,2500.000,233.75,234.00,14067.000,15086.000,17500.000,25000.000,233.450,233.743,233.679,234.085,-0.325,-0.302
2017-03-17 14:46:00,233.491,233.818,7512.000,2603.000,233.50,233.55,2500.000,2500.000,233.75,233.90,322.000,339.000,233.45,233.65,2500.000,7500.000,233.70,233.95,10575.000,11761.000,17500.000,25000.000,233.450,233.709,233.636,234.070,-0.300,-0.296
2017-03-17 14:47:00,233.476,233.832,7451.000,2482.000,233.50,233.55,2500.000,2500.000,233.70,233.85,312.000,300.000,233.45,233.60,2500.000,2500.000,233.65,233.90,10034.000,10578.000,27500.000,20000.000,233.455,233.687,233.573,234.019,-0.250,-0.288
2017-03-17 14:48:00,233.575,233.919,412.000,50.000,233.45,233.65,2500.000,5000.000,233.75,233.95,743.000,583.000,233.40,233.70,5000.000,2500.000,233.70,234.00,8046.000,6266.000,25000.000,15000.000,233.297,233.819,233.610,234.033,-0.300,-0.278
2017-03-17 14:49:00,233.541,233.817,80.000,265.000,233.45,233.55,2500.000,7500.000,233.65,233.85,141.000,650.000,233.40,233.60,7500.000,2500.000,233.60,233.90,11509.000,7716.000,40000.000,20000.000,233.289,233.713,233.494,233.938,-0.250,-0.289
2017-03-17 14:50:00,233.459,233.669,4.000,88.000,233.35,233.45,5000.000,12500.000,233.60,233.75,7402.000,1404.000,233.30,233.55,2500.000,5000.000,233.55,233.80,17308.000,10028.000,22500.000,30000.000,233.243,233.645,233.511,233.829,-0.275,-0.318
2017-03-17 14:51:00,233.461,233.756,7980.000,13.000,233.30,233.45,2500.000,2500.000,233.65,233.80,938.000,50.000,233.25,233.50,10000.000,7500.000,233.60,233.85,18849.000,3468.000,25000.000,17500.000,233.233,233.593,233.550,233.886,-0.350,-0.355
2017-03-17 14:52:00,233.488,233.806,152.000,987.000,233.50,233.55,2500.000,2500.000,233.70,233.85,5481.000,600.000,233.40,233.60,5000.000,2500.000,233.65,233.90,11947.000,10955.000,27500.000,17500.000,233.335,233.710,233.568,234.000,-0.250,-0.370
2017-03-17 14:53:00,233.565,233.855,320.000,8.000,233.45,233.50,5000.000,5000.000,233.80,233.95,7064.000,777.000,233.40,233.55,5000.000,7500.000,233.75,234.00,16059.000,2944.000,20000.000,30000.000,233.339,233.637,233.706,234.113,-0.400,-0.386
2017-03-17 14:54:00,233.506,233.839,206.000,809.000,233.45,233.55,2500.000,2500.000,233.80,233.90,6048.000,616.000,233.40,233.60,2500.000,5000.000,233.75,233.95,12324.000,8849.000,20000.000,27500.000,233.339,233.709,233.681,234.123,-0.350,-0.392
2017-03-17 14:55:00,233.592,233.945,361.000,576.000,233.45,233.55,2500.000,2500.000,233.90,234.05,7216.000,616.000,233.40,233.60,7500.000,2500.000,233.85,234.10,19864.000,5711.000,25000.000,27500.000,233.324,233.700,233.775,234.227,-0.475,-0.398
2017-03-17 14:56:00,233.605,234.089,6207.000,16.000,233.50,233.55,5000.000,2500.000,234.10,234.15,1992.000,616.000,233.45,233.60,7500.000,2500.000,234.00,234.20,19970.000,5089.000,22500.000,22500.000,233.413,233.734,233.978,234.272,-0.600,-0.360
2017-03-17 14:57:00,233.524,233.914,119.000,150.000,233.45,233.55,2500.000,2500.000,233.85,234.00,4724.000,2127.000,233.40,233.60,5000.000,2500.000,233.80,234.05,12844.000,8826.000,20000.000,25000.000,233.323,233.700,233.756,234.210,-0.425,-0.358
2017-03-17 14:58:00,233.547,233.919,3475.000,8.000,233.40,233.45,2500.000,2500.000,233.85,234.00,2019.000,138.000,233.35,233.50,7500.000,2500.000,233.80,234.05,20059.000,2533.000,22500.000,22500.000,233.265,233.602,233.756,234.172,-0.500,-0.349
2017-03-17 14:59:00,233.539,233.900,2523.000,252.000,233.40,233.45,7500.000,5000.000,233.80,233.95,2021.000,137.000,233.35,233.50,5000.000,5000.000,233.75,234.00,17831.000,3678.000,25000.000,22500.000,233.252,233.596,233.720,234.106,-0.450,-0.331
2017-03-17 15:00:00,233.542,233.924,1116.000,125.000,233.40,233.45,7500.000,2500.000,233.85,233.95,2021.000,358.000,233.35,233.50,5000.000,5000.000,233.80,234.00,17603.000,3595.000,25000.000,17500.000,233.250,233.595,233.770,234.071,-0.475,-0.288
2017-03-17 15:01:00,233.809,234.103,2470.000,2251.000,233.70,233.75,2500.000,2500.000,234.05,234.20,276.000,35.000,233.65,233.80,5000.000,2500.000,234.00,234.25,10625.000,4092.000,20000.000,17500.000,233.571,233.824,233.881,234.307,-0.400,-0.269
2017-03-17 15:02:00,233.744,234.125,376.000,235.000,233.80,233.85,2500.000,5000.000,234.00,234.20,1161.000,429.000,233.75,233.90,2500.000,2500.000,233.95,234.25,2711.000,5256.000,22500.000,17500.000,233.722,234.002,233.856,234.321,-0.275,-0.236
2017-03-17 15:03:00,233.814,234.139,1256.000,174.000,233.80,233.90,2500.000,2500.000,234.05,234.20,832.000,521.000,233.75,233.95,5000.000,2500.000,234.00,234.25,5535.000,6188.000,27500.000,17500.000,233.695,234.057,233.877,234.336,-0.275,-0.187
2017-03-17 15:04:00,233.914,234.183,1316.000,2895.000,233.85,233.90,7500.000,5000.000,234.10,234.30,898.000,176.000,233.80,233.95,2500.000,2500.000,234.05,234.35,6314.000,5292.000,27500.000,25000.000,233.729,233.964,233.973,234.430,-0.325,-0.156
2017-03-17 15:05:00,234.012,234.183,1504.000,573.000,233.95,234.00,2500.000,5000.000,234.15,234.35,108.000,130.000,233.90,234.05,5000.000,7500.000,234.10,234.40,5708.000,3202.000,27500.000,32500.000,233.826,234.137,233.959,234.473,-0.275,-0.143
2017-03-17 15:06:00,234.125,234.325,589.000,64.000,234.15,234.20,2500.000,2500.000,234.30,234.40,1274.000,2824.000,234.10,234.25,2500.000,7500.000,234.25,234.45,4283.000,8261.000,27500.000,32500.000,234.046,234.317,234.136,234.515,-0.175,-0.137
2017-03-17 15:07:00,233.992,234.205,359.000,24.000,233.95,234.05,5000.000,5000.000,234.20,234.30,1018.000,163.000,233.90,234.10,5000.000,5000.000,234.15,234.35,9551.000,9921.000,22500.000,32500.000,233.805,234.204,234.083,234.408,-0.250,-0.123
2017-03-17 15:08:00,233.958,234.041,311.000,2085.000,234.00,234.05,2500.000,2500.000,234.00,234.15,206.000,1600.000,233.95,234.10,5000.000,12500.000,233.95,234.20,4226.000,11147.000,15000.000,25000.000,233.857,234.181,233.908,234.255,-0.050,-0.134
2017-03-17 15:09:00,234.054,234.165,181.000,469.000,234.10,234.15,7500.000,7500.000,234.15,234.30,1868.000,3395.000,234.05,234.20,7500.000,2500.000,234.10,234.35,3015.000,9625.000,22500.000,27500.000,234.023,234.251,234.061,234.405,-0.100,-0.145
2017-03-17 15:10:00,233.990,234.097,355.000,1716.000,234.05,234.10,2500.000,2500.000,234.05,234.20,137.000,2874.000,234.00,234.15,7500.000,10000.000,234.00,234.25,2274.000,11692.000,20000.000,25000.000,233.905,234.209,233.925,234.295,-0.050,-0.162
2017-03-17 15:11:00,233.858,234.028,236.000,2006.000,233.85,233.90,7500.000,10000.000,233.95,234.15,621.000,70.000,233.80,233.95,2500.000,2500.000,233.90,234.20,3565.000,5342.000,20000.000,25000.000,233.704,234.018,233.869,234.235,-0.175,-0.147
2017-03-17 15:12:00,233.857,234.000,2279.000,125.000,233.90,233.95,12500.000,2500.000,233.95,234.10,345.000,742.000,233.85,234.00,2500.000,5000.000,233.90,234.15,3524.000,5924.000,27500.000,25000.000,233.863,234.070,233.855,234.195,-0.100,-0.142
2017-03-17 15:13:00,234.035,234.175,1173.000,71.000,234.10,234.15,5000.000,2500.000,234.15,234.25,238.000,3315.000,234.05,234.20,5000.000,5000.000,234.10,234.30,3293.000,9530.000,17500.000,22500.000,234.017,234.283,234.071,234.344,-0.075,-0.142
2017-03-17 15:14:00,233.954,234.121,464.000,1271.000,234.00,234.05,2500.000,5000.000,234.10,234.15,650.000,2682.000,233.95,234.10,2500.000,5000.000,234.05,234.20,4804.000,11985.000,22500.000,25000.000,233.879,234.184,233.994,234.260,-0.100,-0.110
2017-03-17 15:15:00,233.919,234.111,13.000,263.000,234.00,234.05,2500.000,7500.000,234.05,234.20,624.000,192.000,233.95,234.10,7500.000,12500.000,234.00,234.25,2851.000,11421.000,20000.000,27500.000,233.867,234.196,233.956,234.264,-0.100,-0.091
2017-03-17 15:16:00,234.009,234.102,238.000,1838.000,234.05,234.10,7500.000,2500.000,234.05,234.15,1914.000,209.000,234.00,234.15,10000.000,7500.000,234.00,234.25,3897.000,9878.000,25000.000,25000.000,233.957,234.214,233.985,234.290,-0.025,-0.087
2017-03-17 15:17:00,234.049,234.167,177.000,2887.000,234.05,234.10,5000.000,7500.000,234.15,234.30,149.000,320.000,234.00,234.15,5000.000,10000.000,234.10,234.35,3281.000,7150.000,22500.000,37500.000,233.920,234.184,234.050,234.403,-0.150,-0.078
2017-03-17 15:18:00,234.050,234.192,237.000,8290.000,234.05,234.10,2500.000,5000.000,234.15,234.25,310.000,56.000,234.00,234.15,5000.000,5000.000,234.10,234.30,3215.000,12825.000,20000.000,25000.000,233.916,234.146,234.044,234.340,-0.125,-0.049
2017-03-17 15:19:00,234.246,234.250,1485.000,9.000,234.15,234.20,7500.000,2500.000,234.20,234.35,371.000,102.000,234.10,234.25,7500.000,12500.000,234.15,234.40,6149.000,1427.000,27500.000,30000.000,234.041,234.374,234.086,234.446,-0.100,-0.074
2017-03-17 15:20:00,233.954,234.053,365.000,2641.000,234.00,234.05,10000.000,2500.000,234.00,234.15,860.000,2576.000,233.95,234.10,2500.000,5000.000,233.95,234.20,4206.000,12776.000,22500.000,22500.000,233.868,234.171,233.911,234.250,-0.050,-0.073
2017-03-17 15:21:00,234.084,234.154,1276.000,2459.000,234.05,234.10,10000.000,5000.000,234.10,234.30,123.000,78.000,234.00,234.15,2500.000,2500.000,234.05,234.35,4110.000,5476.000,27500.000,30000.000,233.940,234.161,234.018,234.421,-0.125,-0.050
2017-03-17 15:22:00,234.133,234.207,396.000,161.000,234.10,234.15,2500.000,2500.000,234.15,234.25,1238.000,2596.000,234.05,234.20,10000.000,12500.000,234.10,234.30,3971.000,4178.000,27500.000,27500.000,234.000,234.228,234.036,234.336,-0.075,-0.027
2017-03-17 15:23:00,234.388,234.384,2519.000,2272.000,234.35,234.40,2500.000,2500.000,234.40,234.55,280.000,539.000,234.30,234.45,5000.000,15000.000,234.35,234.60,5980.000,6106.000,15000.000,32500.000,234.272,234.474,234.275,234.646,-0.100,-0.032
2017-03-17 15:24:00,234.176,234.304,561.000,5207.000,234.25,234.30,2500.000,2500.000,234.25,234.40,267.000,62.000,234.20,234.35,5000.000,7500.000,234.20,234.45,1449.000,12293.000,15000.000,20000.000,234.192,234.425,234.158,234.488,-0.050,-0.050
2017-03-17 15:25:00,234.177,234.272,1017.000,61.000,234.15,234.20,2500.000,5000.000,234.20,234.40,78.000,62.000,234.10,234.25,5000.000,2500.000,234.15,234.45,4905.000,4955.000,20000.000,25000.000,234.037,234.307,234.081,234.495,-0.125,-0.055
2017-03-17 15:26:00,234.261,234.217,838.000,28.000,234.10,234.15,2500.000,7500.000,234.20,234.30,1104.000,62.000,234.05,234.20,7500.000,7500.000,234.10,234.40,7719.000,624.000,22500.000,35000.000,233.982,234.349,234.056,234.429,-0.125,-0.055
2017-03-17 15:27:00,234.305,234.264,357.000,554.000,234.35,234.40,2500.000,5000.000,234.25,234.40,332.000,50.000,234.30,234.45,7500.000,5000.000,234.20,234.45,2514.000,7107.000,17500.000,35000.000,234.207,234.529,234.164,234.496,0.050,-0.055
2017-03-17 15:28:00,234.332,234.354,362.000,1065.000,234.30,234.35,2500.000,5000.000,234.40,234.45,23.000,84.000,234.20,234.40,2500.000,17500.000,234.35,234.50,1770.000,2024.000,17500.000,47500.000,234.159,234.413,234.250,234.561,-0.100,-0.055
2017-03-17 15:29:00,234.079,234.298,133.000,324.000,234.20,234.25,2500.000,5000.000,234.25,234.40,500.000,22.000,234.05,234.30,2500.000,10000.000,234.20,234.45,954.000,2399.000,22500.000,35000.000,234.017,234.461,234.128,234.496,-0.100,-0.055
2017-03-17 15:30:00,234.093,234.209,24.000,140.000,234.10,234.20,7500.000,2500.000,234.10,234.50,45.000,122.000,234.05,234.45,5000.000,2500.000,233.85,234.60,746.000,2097.000,20000.000,20000.000,233.878,234.837,233.900,234.700,-0.150,-0.055
2017-03-20 09:16:00,234.133,234.315,290.000,84.000,234.20,234.30,2500.000,2500.000,234.15,234.40,640.000,44.000,234.15,234.45,2500.000,2500.000,234.10,234.45,2391.000,7505.000,12500.000,12500.000,234.089,234.567,234.000,234.630,-0.025,-0.117
2017-03-20 09:17:00,234.326,234.400,71.000,483.000,234.40,234.45,2500.000,5000.000,234.25,234.50,414.000,2895.000,234.25,234.60,2500.000,2500.000,234.20,234.65,2376.000,7944.000,12500.000,15000.000,234.119,234.644,234.130,234.667,0.050,-0.130
2017-03-20 09:18:00,234.182,234.287,25.000,431.000,234.25,234.35,2500.000,2500.000,234.20,234.40,15.000,280.000,234.20,234.40,2500.000,2500.000,234.15,234.45,2010.000,8423.000,12500.000,17500.000,234.067,234.502,234.100,234.593,0.000,-0.164
2017-03-20 09:19:00,233.959,234.200,13.000,90.000,234.05,234.15,7500.000,2500.000,234.05,234.30,529.000,314.000,234.00,234.20,5000.000,2500.000,234.00,234.35,1266.000,4731.000,20000.000,12500.000,233.932,234.376,233.944,234.440,-0.075,-0.134
2017-03-20 09:20:00,233.795,233.930,18.000,679.000,233.75,234.00,2500.000,7500.000,233.85,234.00,389.000,489.000,233.70,234.05,7500.000,2500.000,233.80,234.05,5621.000,10084.000,20000.000,17500.000,233.553,234.147,233.731,234.071,-0.050,-0.154
2017-03-20 09:21:00,234.183,234.211,115.000,1043.000,234.05,234.15,5000.000,2500.000,234.15,234.35,389.000,514.000,233.90,234.20,2500.000,5000.000,234.10,234.40,5577.000,2649.000,15000.000,20000.000,233.790,234.227,234.042,234.481,-0.150,-0.185
2017-03-20 09:22:00,234.234,234.374,32.000,28.000,234.10,234.20,5000.000,7500.000,234.25,234.50,231.000,51.000,234.05,234.25,7500.000,5000.000,234.20,234.55,2238.000,903.000,22500.000,25000.000,233.948,234.356,234.161,234.585,-0.225,-0.199
2017-03-20 09:23:00,234.492,234.770,35.000,143.000,234.50,234.60,5000.000,2500.000,234.60,234.85,1792.000,987.000,234.40,234.65,2500.000,2500.000,234.45,234.95,4212.000,5548.000,22500.000,15000.000,234.329,234.734,234.417,235.000,-0.175,-0.174
2017-03-20 09:24:00,234.713,234.803,2.000,414.000,234.55,234.70,7500.000,5000.000,234.70,234.90,554.000,200.000,234.50,234.75,2500.000,2500.000,234.65,234.95,3712.000,1917.000,20000.000,17500.000,234.392,234.819,234.613,234.993,-0.175,-0.188
2017-03-20 09:25:00,234.497,234.730,25.000,1.000,234.45,234.55,5000.000,2500.000,234.60,234.85,75.000,66.000,234.40,234.65,2500.000,5000.000,234.55,234.90,2160.000,3013.000,20000.000,17500.000,234.276,234.750,234.506,234.950,-0.225,-0.194
2017-03-20 09:26:00,234.583,234.768,110.000,488.000,234.50,234.70,2500.000,12500.000,234.70,234.80,911.000,327.000,234.45,234.75,5000.000,2500.000,234.65,234.85,3334.000,3878.000,22500.000,27500.000,234.385,234.817,234.594,234.895,-0.150,-0.199
2017-03-20 09:27:00,234.579,234.787,53.000,160.000,234.55,234.65,2500.000,5000.000,234.65,234.90,1091.000,470.000,234.35,234.70,10000.000,2500.000,234.60,234.95,4603.000,2841.000,20000.000,17500.000,234.279,234.795,234.569,234.986,-0.175,-0.210
2017-03-20 09:28:00,234.609,234.761,10.000,304.000,234.50,234.65,2500.000,10000.000,234.70,234.90,393.000,469.000,234.45,234.70,2500.000,2500.000,234.60,234.95,3989.000,2883.000,17500.000,27500.000,234.357,234.795,234.536,234.991,-0.225,-0.218
2017-03-20 09:29:00,234.454,234.614,152.000,59.000,234.30,234.50,2500.000,5000.000,234.55,234.65,2705.000,354.000,234.25,234.55,7500.000,2500.000,234.40,234.70,6592.000,3322.000,20000.000,15000.000,234.202,234.632,234.363,234.750,-0.200,-0.236
2017-03-20 09:30:00,234.272,234.536,1037.000,206.000,234.30,234.45,2500.000,5000.000,234.30,234.55,129.000,923.000,234.25,234.50,7500.000,2500.000,234.25,234.60,1785.000,4130.000,40000.000,22500.000,234.246,234.579,234.128,234.689,-0.050,-0.227
2017-03-20 09:31:00,234.620,234.830,274.000,103.000,234.50,234.60,2500.000,7500.000,234.70,234.95,146.000,110.000,234.45,234.70,2500.000,10000.000,234.65,235.00,3574.000,2246.000,20000.000,30000.000,234.350,234.808,234.588,235.067,-0.275,-0.224
2017-03-20 09:32:00,234.654,234.917,600.000,5.000,234.65,234.70,2500.000,5000.000,234.85,235.00,50.000,345.000,234.60,234.80,5000.000,2500.000,234.80,235.15,3276.000,4735.000,25000.000,27500.000,234.521,234.896,234.660,235.209,-0.250,-0.212
2017-03-20 09:33:00,234.675,234.870,315.000,358.000,234.55,234.60,2500.000,5000.000,234.85,234.95,2083.000,75.000,234.50,234.75,7500.000,7500.000,234.65,235.00,6246.000,2780.000,30000.000,27500.000,234.447,234.839,234.604,235.077,-0.325,-0.230
2017-03-20 09:34:00,234.607,234.856,45.000,55.000,234.60,234.70,5000.000,2500.000,234.70,234.95,96.000,387.000,234.50,234.75,15000.000,20000.000,234.60,235.00,3070.000,3991.000,47500.000,32500.000,234.374,234.851,234.555,235.031,-0.175,-0.212
2017-03-20 09:35:00,234.666,234.883,17.000,503.000,234.60,234.70,2500.000,5000.000,234.80,234.95,431.000,634.000,234.55,234.80,2500.000,17500.000,234.70,235.00,4326.000,4661.000,30000.000,30000.000,234.470,234.877,234.629,235.017,-0.225,-0.228
2017-03-20 09:36:00,234.626,234.822,6.000,619.000,234.60,234.70,2500.000,2500.000,234.70,234.90,156.000,355.000,234.50,234.75,7500.000,2500.000,234.65,234.95,3053.000,3752.000,37500.000,37500.000,234.381,234.830,234.577,235.023,-0.150,-0.220
2017-03-20 09:37:00,234.679,234.883,57.000,15.000,234.60,234.70,10000.000,20000.000,234.80,235.00,151.000,33.000,234.55,234.80,2500.000,5000.000,234.75,235.10,4016.000,3360.000,25000.000,40000.000,234.465,234.916,234.710,235.091,-0.250,-0.216
2017-03-20 09:38:00,234.562,234.845,2.000,267.000,234.70,234.80,7500.000,2500.000,234.70,234.95,7.000,100.000,234.65,234.85,5000.000,25000.000,234.65,235.00,215.000,6453.000,37500.000,42500.000,234.534,234.952,234.587,235.044,-0.075,-0.183
2017-03-20 09:39:00,234.754,234.915,9.000,306.000,234.70,234.80,7500.000,22500.000,234.80,235.00,153.000,300.000,234.65,234.85,5000.000,2500.000,234.75,235.10,3103.000,3766.000,32500.000,42500.000,234.530,234.924,234.688,235.088,-0.150,-0.189
2017-03-20 09:40:00,234.621,234.917,25.000,411.000,234.65,234.80,10000.000,22500.000,234.75,235.00,56.000,304.000,234.60,234.85,2500.000,5000.000,234.70,235.10,3016.000,8077.000,40000.000,42500.000,234.496,234.954,234.628,235.085,-0.150,-0.146
2017-03-20 09:41:00,234.794,234.950,399.000,1.000,234.70,234.85,2500.000,22500.000,234.95,235.00,428.000,1553.000,234.65,234.90,2500.000,2500.000,234.90,235.10,6260.000,5929.000,15000.000,42500.000,234.549,234.975,234.842,235.094,-0.200,-0.161
2017-03-20 09:42:00,234.661,234.842,82.000,1.000,234.60,234.65,5000.000,2500.000,234.80,234.95,870.000,83.000,234.55,234.80,10000.000,15000.000,234.65,235.00,5018.000,4313.000,32500.000,32500.000,234.490,234.918,234.623,235.065,-0.250,-0.199
2017-03-20 09:43:00,234.635,234.757,641.000,38.000,234.50,234.55,2500.000,2500.000,234.75,234.85,339.000,25.000,234.45,234.65,2500.000,2500.000,234.65,234.90,4485.000,1077.000,30000.000,37500.000,234.384,234.769,234.567,234.980,-0.275,-0.253
2017-03-20 09:44:00,234.515,234.704,77.000,306.000,234.40,234.60,2500.000,2500.000,234.65,234.85,531.000,256.000,234.35,234.65,2500.000,5000.000,234.60,234.90,4594.000,3802.000,27500.000,42500.000,234.273,234.740,234.527,234.979,-0.250,-0.297
2017-03-20 09:45:00,234.611,234.693,19.000,66.000,234.50,234.55,15000.000,2500.000,234.60,234.85,364.000,229.000,234.35,234.60,5000.000,2500.000,234.55,234.90,4926.000,1232.000,40000.000,35000.000,234.254,234.688,234.500,234.979,-0.200,-0.347
2017-03-20 09:46:00,234.283,234.513,17.000,271.000,234.10,234.20,2500.000,5000.000,234.35,234.60,481.000,110.000,234.05,234.30,7500.000,2500.000,234.30,234.65,5184.000,1511.000,37500.000,27500.000,233.979,234.363,234.187,234.714,-0.325,-0.377
2017-03-20 09:47:00,234.194,234.567,48.000,270.000,234.10,234.20,7500.000,2500.000,234.40,234.65,401.000,50.000,234.05,234.30,2500.000,5000.000,234.30,234.70,3171.000,2189.000,35000.000,22500.000,233.979,234.405,234.204,234.744,-0.375,-0.391
2017-03-20 09:48:00,234.119,234.509,485.000,8.000,234.00,234.10,10000.000,2500.000,234.35,234.60,361.000,160.000,233.95,234.20,7500.000,2500.000,234.30,234.65,3871.000,1971.000,35000.000,22500.000,233.874,234.326,234.268,234.711,-0.425,-0.391
2017-03-20 09:49:00,234.052,234.460,60.000,39.000,233.95,234.05,5000.000,2500.000,234.30,234.55,200.000,402.000,233.90,234.10,10000.000,5000.000,234.25,234.60,4020.000,2487.000,35000.000,27500.000,233.782,234.215,234.207,234.668,-0.425,-0.385
2017-03-20 09:50:00,234.204,234.537,350.000,169.000,234.05,234.20,5000.000,2500.000,234.40,234.65,862.000,110.000,234.00,234.25,7500.000,7500.000,234.35,234.70,3998.000,1767.000,30000.000,27500.000,233.916,234.340,234.300,234.764,-0.400,-0.377
2017-03-20 09:51:00,234.111,234.493,1006.000,1.000,234.00,234.05,2500.000,2500.000,234.40,234.60,3.000,60.000,233.95,234.15,7500.000,7500.000,234.30,234.65,3063.000,914.000,40000.000,35000.000,233.888,234.270,234.209,234.711,-0.475,-0.388
2017-03-20 09:52:00,234.118,234.560,426.000,160.000,234.05,234.20,5000.000,7500.000,234.50,234.70,558.000,110.000,234.00,234.25,5000.000,7500.000,234.40,234.75,3135.000,2877.000,25000.000,35000.000,233.937,234.345,234.350,234.779,-0.475,-0.361
2017-03-20 09:53:00,234.048,234.439,407.000,185.000,234.00,234.05,2500.000,5000.000,234.40,234.60,66.000,304.000,233.95,234.10,2500.000,7500.000,234.35,234.65,2260.000,1757.000,25000.000,45000.000,233.871,234.170,234.280,234.717,-0.475,-0.372
2017-03-20 09:54:00,233.925,234.300,25.000,4.000,233.85,233.90,7500.000,2500.000,234.20,234.40,364.000,110.000,233.70,233.95,5000.000,2500.000,234.15,234.45,3504.000,1430.000,35000.000,30000.000,233.599,234.037,234.086,234.550,-0.425,-0.385
2017-03-20 09:55:00,233.999,234.296,19.000,501.000,233.85,234.00,5000.000,5000.000,234.20,234.40,2147.000,417.000,233.80,234.05,2500.000,2500.000,234.10,234.45,6482.000,2624.000,32500.000,25000.000,233.713,234.107,234.046,234.500,-0.375,-0.414
2017-03-20 09:56:00,233.916,234.350,1778.000,73.000,233.80,233.95,2500.000,2500.000,234.25,234.35,1442.000,739.000,233.75,234.00,7500.000,2500.000,234.20,234.45,7074.000,3466.000,27500.000,30000.000,233.708,234.093,234.127,234.542,-0.425,-0.416
2017-03-20 09:57:00,233.747,234.058,30.000,3.000,233.65,233.75,10000.000,2500.000,234.05,234.20,1.000,116.000,233.60,233.80,2500.000,7500.000,234.00,234.25,4897.000,3129.000,22500.000,37500.000,233.481,233.923,233.983,234.387,-0.425,-0.445
2017-03-20 09:58:00,233.635,234.079,50.000,690.000,233.65,233.85,2500.000,2500.000,234.05,234.20,475.000,339.000,233.60,233.90,7500.000,2500.000,234.00,234.25,3060.000,9239.000,20000.000,22500.000,233.514,233.981,233.950,234.411,-0.375,-0.453
2017-03-20 09:59:00,233.824,234.266,72.000,453.000,233.75,233.95,10000.000,12500.000,234.20,234.40,425.000,858.000,233.70,234.00,7500.000,2500.000,234.15,234.45,4056.000,5513.000,32500.000,47500.000,233.608,234.074,234.108,234.489,-0.450,-0.451
2017-03-20 10:00:00,233.836,234.276,6.000,454.000,233.85,233.95,5000.000,7500.000,234.25,234.45,16.000,508.000,233.80,234.00,5000.000,5000.000,234.20,234.50,1843.000,4178.000,25000.000,42500.000,233.668,234.095,234.125,234.565,-0.450,-0.436
2017-03-20 10:01:00,233.809,234.255,76.000,1.000,233.75,233.80,5000.000,2500.000,234.25,234.35,623.000,66.000,233.70,233.95,5000.000,10000.000,234.15,234.40,4439.000,5117.000,25000.000,30000.000,233.620,234.031,234.105,234.467,-0.525,-0.421
2017-03-20 10:02:00,233.909,234.365,1068.000,1.000,233.80,233.95,12500.000,5000.000,234.30,234.50,793.000,402.000,233.75,234.00,5000.000,22500.000,234.25,234.55,5468.000,2888.000,27500.000,40000.000,233.693,234.122,234.241,234.569,-0.525,-0.400
2017-03-20 10:03:00,233.777,234.258,381.000,1.000,233.80,233.85,2500.000,10000.000,234.20,234.35,32.000,616.000,233.75,233.95,7500.000,5000.000,234.15,234.40,1873.000,4676.000,25000.000,35000.000,233.670,234.020,234.085,234.439,-0.450,-0.399
2017-03-20 10:04:00,233.763,234.198,142.000,1.000,233.70,233.80,5000.000,2500.000,234.10,234.30,50.000,219.000,233.65,233.90,7500.000,10000.000,234.05,234.35,3853.000,4601.000,27500.000,30000.000,233.524,234.006,233.977,234.396,-0.450,-0.384
2017-03-20 10:05:00,233.785,234.150,31.000,132.000,233.70,233.85,7500.000,2500.000,234.10,234.30,414.000,649.000,233.65,233.90,5000.000,2500.000,234.05,234.35,5851.000,5745.000,22500.000,25000.000,233.536,233.999,234.000,234.410,-0.425,-0.416
2017-03-20 10:06:00,233.863,234.232,664.000,113.000,233.70,233.85,5000.000,2500.000,234.15,234.35,900.000,300.000,233.65,233.90,10000.000,7500.000,234.10,234.40,6382.000,3523.000,27500.000,22500.000,233.564,234.024,234.027,234.467,-0.475,-0.424
2017-03-20 10:07:00,233.717,234.068,507.000,1.000,233.65,233.75,5000.000,2500.000,234.10,234.25,373.000,143.000,233.60,233.85,2500.000,5000.000,234.05,234.30,6907.000,6232.000,22500.000,40000.000,233.511,233.974,233.961,234.391,-0.475,-0.441
2017-03-20 10:08:00,233.684,234.157,462.000,50.000,233.60,233.80,2500.000,5000.000,234.10,234.25,1365.000,383.000,233.55,233.85,2500.000,5000.000,234.05,234.30,7427.000,6782.000,22500.000,32500.000,233.489,233.964,233.933,234.381,-0.475,-0.376
2017-03-20 10:09:00,233.929,234.291,1016.000,2054.000,233.80,233.95,2500.000,5000.000,234.20,234.35,3055.000,1284.000,233.75,234.00,5000.000,10000.000,234.15,234.40,6674.000,4059.000,35000.000,32500.000,233.717,233.994,234.036,234.442,-0.400,-0.369
2017-03-20 10:10:00,233.459,233.982,3768.000,527.000,233.40,233.45,5000.000,5000.000,234.05,234.10,1403.000,500.000,233.35,233.50,2500.000,10000.000,234.00,234.15,10813.000,4653.000,17500.000,52500.000,233.311,233.577,233.964,234.236,-0.650,-0.338
2017-03-20 10:11:00,233.911,234.325,480.000,254.000,233.90,233.95,2500.000,2500.000,234.25,234.35,1301.000,605.000,233.85,234.00,5000.000,7500.000,234.20,234.40,5646.000,6137.000,22500.000,17500.000,233.770,234.095,234.133,234.436,-0.375,-0.336
2017-03-20 10:12:00,233.997,234.433,259.000,53.000,234.00,234.10,2500.000,7500.000,234.30,234.50,60.000,602.000,233.95,234.15,7500.000,2500.000,234.25,234.55,3786.000,7118.000,35000.000,30000.000,233.854,234.235,234.164,234.604,-0.350,-0.341
2017-03-20 10:13:00,234.124,234.269,1.000,619.000,234.05,234.10,2500.000,2500.000,234.25,234.40,161.000,2.000,234.00,234.15,7500.000,5000.000,234.20,234.45,3526.000,2886.000,25000.000,27500.000,233.877,234.208,234.090,234.518,-0.250,-0.380
2017-03-20 10:14:00,233.914,234.242,489.000,418.000,233.90,234.00,2500.000,2500.000,234.15,234.30,726.000,84.000,233.85,234.05,2500.000,2500.000,234.10,234.35,5004.000,5571.000,27500.000,20000.000,233.783,234.170,233.982,234.425,-0.275,-0.424
2017-03-20 10:15:00,233.596,233.964,300.000,85.000,233.60,233.70,5000.000,2500.000,233.90,234.00,938.000,500.000,233.55,233.75,2500.000,2500.000,233.85,234.05,4601.000,5981.000,32500.000,22500.000,233.503,233.858,233.800,234.133,-0.300,-0.436
2017-03-20 10:16:00,233.345,233.750,451.000,77.000,233.20,233.25,7500.000,2500.000,233.65,233.80,267.000,352.000,233.15,233.35,7500.000,2500.000,233.60,233.85,13672.000,4765.000,30000.000,20000.000,233.047,233.462,233.558,233.925,-0.500,-0.424
2017-03-20 10:17:00,233.402,233.860,652.000,448.000,233.30,233.45,7500.000,10000.000,233.70,233.90,550.000,342.000,233.25,233.50,5000.000,2500.000,233.65,233.95,4995.000,4631.000,32500.000,27500.000,233.145,233.568,233.588,233.991,-0.425,-0.446
2017-03-20 10:18:00,233.536,233.879,100.000,4.000,233.45,233.50,7500.000,2500.000,233.85,233.95,757.000,454.000,233.40,233.55,10000.000,5000.000,233.80,234.00,6276.000,4145.000,25000.000,27500.000,233.280,233.616,233.785,234.045,-0.425,-0.493
2017-03-20 10:19:00,233.400,233.947,25.000,50.000,233.50,233.55,10000.000,2500.000,233.85,234.00,25.000,2046.000,233.45,233.60,7500.000,2500.000,233.80,234.05,933.000,7473.000,30000.000,17500.000,233.321,233.691,233.771,234.114,-0.400,-0.501
2017-03-20 10:20:00,233.499,233.928,27.000,1995.000,233.45,233.55,5000.000,5000.000,233.85,234.00,27.000,991.000,233.40,233.60,7500.000,2500.000,233.80,234.05,6630.000,9466.000,22500.000,17500.000,233.259,233.671,233.744,234.093,-0.425,-0.513
2017-03-20 10:21:00,233.432,233.776,278.000,800.000,233.35,233.40,2500.000,2500.000,233.75,233.80,644.000,467.000,233.30,233.45,5000.000,5000.000,233.70,233.85,8277.000,5158.000,30000.000,27500.000,233.202,233.505,233.629,233.932,-0.400,-0.540
2017-03-20 10:22:00,232.839,233.405,253.000,50.000,232.75,232.80,2500.000,2500.000,233.30,233.45,2700.000,462.000,232.70,232.95,10000.000,7500.000,233.25,233.50,6117.000,4628.000,27500.000,22500.000,232.638,233.033,233.191,233.578,-0.600,-0.538
2017-03-20 10:23:00,232.755,233.333,573.000,1.000,232.70,232.80,10000.000,5000.000,233.25,233.45,75.000,121.000,232.65,232.85,7500.000,5000.000,233.20,233.50,4454.000,3948.000,42500.000,40000.000,232.540,232.976,233.115,233.575,-0.600,-0.538
2017-03-20 10:24:00,232.617,233.205,1302.000,50.000,232.55,232.65,5000.000,2500.000,233.10,233.30,813.000,304.000,232.50,232.70,7500.000,22500.000,233.05,233.35,5261.000,3266.000,35000.000,35000.000,232.439,232.815,233.011,233.371,-0.600,-0.502
2017-03-20 10:25:00,232.623,233.109,1099.000,1074.000,232.55,232.70,10000.000,2500.000,233.05,233.20,521.000,2170.000,232.50,232.75,17500.000,2500.000,233.00,233.25,4207.000,5712.000,37500.000,32500.000,232.427,232.775,232.977,233.331,-0.500,-0.516
2017-03-20 10:26:00,232.712,233.195,1136.000,409.000,232.65,232.75,5000.000,2500.000,233.15,233.20,1262.000,1153.000,232.60,232.80,7500.000,5000.000,233.10,233.25,5742.000,5027.000,45000.000,32500.000,232.533,232.865,233.039,233.327,-0.475,-0.498
2017-03-20 10:27:00,232.789,233.344,128.000,579.000,232.80,232.90,5000.000,12500.000,233.25,233.40,275.000,389.000,232.75,232.95,10000.000,15000.000,233.20,233.45,2347.000,5736.000,40000.000,45000.000,232.673,233.008,233.141,233.486,-0.475,-0.472
2017-03-20 10:28:00,232.885,233.465,99.000,51.000,232.90,233.00,10000.000,5000.000,233.30,233.50,83.000,50.000,232.85,233.05,10000.000,10000.000,233.25,233.55,1903.000,3656.000,50000.000,27500.000,232.744,233.156,233.197,233.586,-0.450,-0.412
2017-03-20 10:29:00,233.215,233.623,46.000,491.000,233.15,233.20,2500.000,5000.000,233.50,233.70,60.000,209.000,233.05,233.25,10000.000,7500.000,233.45,233.75,3374.000,2220.000,32500.000,27500.000,232.956,233.294,233.396,233.791,-0.425,-0.412
2017-03-20 10:30:00,232.740,233.293,1516.000,1025.000,232.65,232.80,2500.000,5000.000,233.30,233.35,1977.000,1407.000,232.60,232.85,5000.000,17500.000,233.20,233.40,10002.000,7963.000,30000.000,45000.000,232.536,232.929,233.137,233.428,-0.600,-0.389
2017-03-20 10:31:00,233.123,233.517,106.000,57.000,233.05,233.10,7500.000,7500.000,233.45,233.55,1502.000,684.000,233.00,233.15,10000.000,12500.000,233.40,233.60,4784.000,2560.000,40000.000,35000.000,232.922,233.225,233.356,233.629,-0.425,-0.409
2017-03-20 10:32:00,233.173,233.600,150.000,187.000,233.30,233.35,5000.000,5000.000,233.45,233.70,174.000,915.000,233.25,233.40,7500.000,5000.000,233.40,233.75,1415.000,11333.000,30000.000,25000.000,233.195,233.512,233.350,233.790,-0.250,-0.441
2017-03-20 10:33:00,233.201,233.479,500.000,159.000,233.15,233.25,5000.000,2500.000,233.40,233.45,400.000,1235.000,233.10,233.30,7500.000,5000.000,233.35,233.55,8032.000,7946.000,37500.000,22500.000,233.014,233.386,233.293,233.617,-0.225,-0.480
2017-03-20 10:34:00,232.971,233.377,100.000,552.000,232.85,233.00,5000.000,2500.000,233.30,233.45,1652.000,76.000,232.80,233.05,2500.000,12500.000,233.25,233.50,9233.000,5283.000,22500.000,27500.000,232.719,233.160,233.189,233.573,-0.450,-0.519
2017-03-20 10:35:00,232.726,233.165,1015.000,4.000,232.65,232.75,10000.000,10000.000,233.15,233.25,951.000,715.000,232.60,232.80,7500.000,7500.000,233.10,233.30,9187.000,5846.000,40000.000,60000.000,232.535,232.892,233.053,233.356,-0.500,-0.549
2017-03-20 10:36:00,232.573,233.065,592.000,6.000,232.55,232.60,7500.000,7500.000,233.10,233.20,1382.000,232.000,232.50,232.65,7500.000,7500.000,233.05,233.25,5867.000,5378.000,32500.000,52500.000,232.424,232.743,233.004,233.324,-0.575,-0.562
2017-03-20 10:37:00,232.389,232.979,425.000,3.000,232.30,232.40,2500.000,5000.000,232.90,233.05,751.000,423.000,232.25,232.45,5000.000,5000.000,232.85,233.10,6118.000,3479.000,22500.000,25000.000,232.180,232.542,232.800,233.145,-0.625,-0.549
2017-03-20 10:38:00,232.443,232.916,155.000,73.000,232.35,232.45,7500.000,2500.000,232.90,233.00,1358.000,562.000,232.30,232.50,7500.000,5000.000,232.85,233.05,6155.000,4229.000,25000.000,30000.000,232.204,232.581,232.825,233.125,-0.550,-0.574
2017-03-20 10:39:00,232.445,233.044,900.000,615.000,232.40,232.55,2500.000,5000.000,233.00,233.10,558.000,1094.000,232.35,232.60,5000.000,12500.000,232.90,233.15,8272.000,10207.000,20000.000,25000.000,232.267,232.698,232.850,233.185,-0.575,-0.572
2017-03-20 10:40:00,232.442,233.034,1157.000,57.000,232.40,232.45,2500.000,2500.000,232.95,233.10,499.000,627.000,232.35,232.50,5000.000,5000.000,232.90,233.15,5320.000,3717.000,22500.000,32500.000,232.274,232.600,232.833,233.269,-0.600,-0.581
2017-03-20 10:41:00,232.503,233.060,431.000,103.000,232.45,232.50,5000.000,2500.000,233.05,233.15,1101.000,249.000,232.40,232.60,7500.000,2500.000,233.00,233.20,7784.000,6500.000,20000.000,32500.000,232.304,232.725,232.975,233.285,-0.625,-0.610
2017-03-20 10:42:00,232.519,233.040,812.000,162.000,232.50,232.60,10000.000,2500.000,233.00,233.15,815.000,892.000,232.45,232.65,2500.000,2500.000,232.95,233.20,4930.000,6253.000,22500.000,30000.000,232.390,232.731,232.922,233.250,-0.525,-0.642
2017-03-20 10:43:00,232.718,233.317,100.000,1974.000,232.65,232.75,20000.000,2500.000,233.25,233.35,110.000,780.000,232.60,232.80,2500.000,5000.000,233.20,233.40,4890.000,5826.000,35000.000,17500.000,232.488,232.845,233.175,233.450,-0.600,-0.671
2017-03-20 10:44:00,232.615,233.206,893.000,385.000,232.50,232.70,5000.000,2500.000,233.15,233.30,875.000,1957.000,232.45,232.75,5000.000,2500.000,233.10,233.35,6819.000,6083.000,20000.000,20000.000,232.392,232.802,233.062,233.444,-0.625,-0.684
2017-03-20 10:45:00,232.638,233.273,42.000,11.000,232.60,232.70,5000.000,2500.000,233.20,233.35,60.000,1205.000,232.55,232.75,2500.000,2500.000,233.15,233.40,3605.000,4708.000,20000.000,17500.000,232.453,232.823,233.106,233.471,-0.625,-0.693
2017-03-20 10:46:00,232.634,233.335,97.000,1.000,232.55,232.60,5000.000,2500.000,233.25,233.40,1811.000,5.000,232.50,232.70,7500.000,5000.000,233.20,233.45,5558.000,3193.000,22500.000,20000.000,232.423,232.812,233.161,233.506,-0.750,-0.696
2017-03-20 10:47:00,232.648,233.331,47.000,741.000,232.55,232.70,2500.000,2500.000,233.20,233.35,876.000,1361.000,232.50,232.75,5000.000,5000.000,233.15,233.40,5473.000,5550.000,22500.000,17500.000,232.403,232.799,233.089,233.479,-0.650,-0.694
2017-03-20 10:48:00,232.597,233.339,80.000,1.000,232.60,232.65,7500.000,2500.000,233.25,233.40,455.000,556.000,232.55,232.70,5000.000,5000.000,233.20,233.45,3764.000,4566.000,25000.000,20000.000,232.479,232.796,233.165,233.519,-0.700,-0.701
2017-03-20 10:49:00,232.727,233.383,121.000,48.000,232.65,232.70,2500.000,5000.000,233.30,233.45,94.000,991.000,232.60,232.75,10000.000,7500.000,233.25,233.50,5384.000,3012.000,27500.000,25000.000,232.517,232.813,233.205,233.565,-0.700,-0.700
2017-03-20 10:50:00,232.679,233.360,60.000,24.000,232.65,232.70,2500.000,2500.000,233.25,233.40,26.000,991.000,232.60,232.75,10000.000,5000.000,233.20,233.45,3955.000,4203.000,30000.000,20000.000,232.508,232.824,233.129,233.519,-0.650,-0.697
2017-03-20 10:51:00,232.623,233.338,119.000,1278.000,232.60,232.65,7500.000,2500.000,233.20,233.40,700.000,410.000,232.55,232.70,10000.000,5000.000,233.15,233.45,4221.000,4900.000,30000.000,20000.000,232.476,232.758,233.113,233.519,-0.675,-0.679
2017-03-20 10:52:00,232.689,233.367,369.000,1.000,232.60,232.65,5000.000,2500.000,233.25,233.45,884.000,391.000,232.55,232.70,10000.000,7500.000,233.20,233.50,4884.000,2162.000,25000.000,20000.000,232.487,232.785,233.175,233.562,-0.725,-0.669
2017-03-20 10:53:00,232.645,233.422,110.000,366.000,232.60,232.70,7500.000,5000.000,233.30,233.45,1460.000,991.000,232.55,232.75,2500.000,2500.000,233.25,233.50,4688.000,5729.000,27500.000,17500.000,232.488,232.857,233.209,233.564,-0.725,-0.636
2017-03-20 10:54:00,232.688,233.339,5.000,804.000,232.65,232.70,5000.000,2500.000,233.30,233.35,313.000,1330.000,232.60,232.75,2500.000,7500.000,233.20,233.40,4724.000,5439.000,25000.000,20000.000,232.508,232.797,233.165,233.488,-0.650,-0.633
2017-03-20 10:55:00,232.689,233.353,73.000,143.000,232.65,232.70,5000.000,7500.000,233.30,233.40,313.000,991.000,232.60,232.75,5000.000,2500.000,233.20,233.45,5068.000,4778.000,25000.000,20000.000,232.509,232.821,233.175,233.500,-0.675,-0.630
2017-03-20 10:56:00,232.714,233.342,35.000,178.000,232.65,232.70,5000.000,7500.000,233.30,233.40,313.000,991.000,232.60,232.75,5000.000,2500.000,233.20,233.45,6349.000,4474.000,25000.000,22500.000,232.506,232.821,233.175,233.500,-0.675,-0.654
2017-03-20 10:57:00,232.709,233.336,92.000,137.000,232.65,232.70,5000.000,2500.000,233.30,233.35,313.000,991.000,232.60,232.75,2500.000,5000.000,233.20,233.40,6403.000,4772.000,25000.000,20000.000,232.508,232.821,233.165,233.500,-0.650,-0.697
2017-03-20 10:58:00,232.708,233.319,575.000,255.000,232.65,232.70,5000.000,2500.000,233.30,233.35,313.000,991.000,232.60,232.75,5000.000,5000.000,233.20,233.40,6881.000,4890.000,22500.000,17500.000,232.518,232.818,233.172,233.443,-0.650,-0.726
2017-03-20 10:59:00,232.762,233.398,582.000,835.000,232.65,232.75,2500.000,2500.000,233.35,233.45,738.000,389.000,232.60,232.80,5000.000,17500.000,233.30,233.50,7977.000,3892.000,22500.000,32500.000,232.521,232.878,233.233,233.554,-0.700,-0.740
2017-03-20 11:00:00,232.812,233.460,216.000,200.000,232.70,232.75,2500.000,12500.000,233.40,233.50,1440.000,25.000,232.65,232.80,2500.000,7500.000,233.35,233.55,8589.000,2761.000,25000.000,35000.000,232.549,232.916,233.290,233.596,-0.725,-0.763
2017-03-20 11:01:00,232.702,233.452,320.000,161.000,232.75,232.80,5000.000,10000.000,233.40,233.50,813.000,97.000,232.70,232.85,5000.000,5000.000,233.35,233.55,4137.000,7257.000,27500.000,30000.000,232.627,232.973,233.300,233.583,-0.675,-0.747
2017-03-20 11:02:00,233.129,233.967,35.000,68.000,233.15,233.25,5000.000,2500.000,233.80,233.95,22.000,191.000,233.10,233.30,5000.000,2500.000,233.75,234.00,1994.000,4448.000,25000.000,12500.000,233.014,233.387,233.710,234.110,-0.675,-0.720
2017-03-20 11:03:00,233.175,233.931,9.000,1312.000,233.15,233.25,5000.000,5000.000,233.75,233.90,403.000,566.000,233.10,233.30,5000.000,5000.000,233.70,233.95,2546.000,4845.000,42500.000,17500.000,232.993,233.347,233.612,233.979,-0.625,-0.697
2017-03-20 11:04:00,233.339,234.047,150.000,64.000,233.20,233.25,5000.000,2500.000,233.95,234.05,3163.000,78.000,233.15,233.30,7500.000,5000.000,233.90,234.10,10257.000,1581.000,27500.000,17500.000,233.061,233.432,233.855,234.179,-0.775,-0.694
2017-03-20 11:05:00,233.404,234.165,5621.000,12.000,233.25,233.35,2500.000,2500.000,234.05,234.20,1018.000,11.000,233.20,233.40,15000.000,2500.000,234.00,234.25,13965.000,2248.000,30000.000,20000.000,233.147,233.500,233.963,234.369,-0.825,-0.679
2017-03-20 11:06:00,233.391,234.060,39.000,939.000,233.35,233.45,2500.000,5000.000,233.95,234.10,26.000,4218.000,233.30,233.50,10000.000,5000.000,233.90,234.15,5120.000,8612.000,25000.000,25000.000,233.195,233.537,233.855,234.265,-0.625,-0.682
2017-03-20 11:07:00,233.341,234.047,1591.000,41.000,233.25,233.30,7500.000,2500.000,233.95,234.10,460.000,1.000,233.20,233.45,5000.000,5000.000,233.90,234.15,7541.000,4814.000,22500.000,17500.000,233.144,233.535,233.867,234.221,-0.750,-0.663
2017-03-20 11:08:00,233.308,233.950,45.000,497.000,233.35,233.40,2500.000,5000.000,233.90,234.05,449.000,779.000,233.30,233.45,2500.000,7500.000,233.85,234.10,2308.000,6169.000,15000.000,22500.000,233.256,233.512,233.792,234.139,-0.600,-0.657
2017-03-20 11:09:00,233.256,233.946,1452.000,3.000,233.25,233.30,2500.000,2500.000,233.90,234.00,98.000,110.000,233.20,233.35,2500.000,5000.000,233.85,234.05,6627.000,6273.000,15000.000,17500.000,233.122,233.475,233.792,234.093,-0.675,-0.641
2017-03-20 11:10:00,233.290,233.978,1010.000,256.000,233.25,233.30,2500.000,5000.000,233.90,234.05,98.000,100.000,233.20,233.35,7500.000,2500.000,233.85,234.10,6176.000,4250.000,20000.000,20000.000,233.115,233.470,233.806,234.181,-0.700,-0.651
2017-03-20 11:11:00,233.252,233.935,86.000,642.000,233.25,233.30,5000.000,2500.000,233.85,234.00,48.000,467.000,233.20,233.35,2500.000,5000.000,233.80,234.05,4502.000,6793.000,17500.000,15000.000,233.061,233.456,233.764,234.092,-0.650,-0.643
2017-03-20 11:12:00,233.245,233.857,16.000,1.000,233.15,233.20,2500.000,7500.000,233.80,233.95,110.000,9.000,233.05,233.25,2500.000,5000.000,233.75,234.00,5457.000,1860.000,15000.000,22500.000,232.953,233.353,233.700,234.050,-0.700,-0.673
2017-03-20 11:13:00,232.814,233.425,51.000,48.000,232.75,232.80,2500.000,2500.000,233.40,233.55,50.000,60.000,232.70,232.85,2500.000,7500.000,233.35,233.60,5705.000,3553.000,12500.000,22500.000,232.585,232.978,233.290,233.667,-0.700,-0.709
2017-03-20 11:14:00,232.713,233.325,724.000,442.000,232.55,232.60,2500.000,7500.000,233.30,233.45,3980.000,192.000,232.50,232.75,2500.000,7500.000,233.25,233.50,9324.000,2466.000,12500.000,27500.000,232.454,232.804,233.180,233.541,-0.800,-0.733
2017-03-20 11:15:00,232.724,233.459,275.000,33.000,232.60,232.65,2500.000,5000.000,233.35,233.50,3356.000,1.000,232.55,232.70,7500.000,5000.000,233.30,233.55,7144.000,531.000,22500.000,17500.000,232.505,232.818,233.239,233.600,-0.800,-0.755
2017-03-20 11:16:00,232.687,233.331,701.000,43.000,232.55,232.60,2500.000,5000.000,233.30,233.40,3715.000,492.000,232.50,232.75,5000.000,5000.000,233.20,233.45,8185.000,3416.000,20000.000,20000.000,232.447,232.819,233.162,233.494,-0.775,-0.782
2017-03-20 11:17:00,232.710,233.474,359.000,319.000,232.60,232.75,5000.000,2500.000,233.35,233.50,110.000,264.000,232.55,232.80,5000.000,7500.000,233.30,233.55,7191.000,4290.000,25000.000,17500.000,232.484,232.902,233.255,233.607,-0.750,-0.774
2017-03-20 11:18:00,232.709,233.500,382.000,341.000,232.60,232.80,5000.000,5000.000,233.40,233.55,2082.000,1449.000,232.55,232.85,2500.000,10000.000,233.35,233.60,9774.000,8318.000,20000.000,22500.000,232.474,232.945,233.312,233.661,-0.775,-0.760
2017-03-20 11:19:00,232.667,233.395,1384.000,5.000,232.55,232.60,10000.000,7500.000,233.30,233.45,1568.000,60.000,232.50,232.70,5000.000,5000.000,233.25,233.50,10469.000,3624.000,27500.000,22500.000,232.428,232.818,233.227,233.544,-0.800,-0.763
2017-03-20 11:20:00,232.747,233.597,2357.000,218.000,232.60,232.75,5000.000,5000.000,233.45,233.55,1490.000,65.000,232.55,232.80,5000.000,2500.000,233.40,233.60,14433.000,4909.000,22500.000,15000.000,232.501,232.903,233.356,233.725,-0.825,-0.732
2017-03-20 11:21:00,232.773,233.550,356.000,1.000,232.60,232.70,5000.000,2500.000,233.45,233.50,2388.000,218.000,232.55,232.75,2500.000,2500.000,233.40,233.55,19830.000,3438.000,20000.000,12500.000,232.473,232.843,233.350,233.660,-0.825,-0.731
2017-03-20 11:22:00,232.753,233.479,2131.000,381.000,232.55,232.75,5000.000,2500.000,233.45,233.50,5105.000,336.000,232.50,232.80,2500.000,2500.000,233.35,233.55,18478.000,5172.000,20000.000,15000.000,232.453,232.881,233.319,233.617,-0.825,-0.737
2017-03-20 11:23:00,232.635,233.356,566.000,62.000,232.50,232.55,2500.000,7500.000,233.25,233.40,4526.000,352.000,232.40,232.65,2500.000,2500.000,233.20,233.45,16945.000,5152.000,20000.000,20000.000,232.316,232.741,233.137,233.525,-0.800,-0.745
2017-03-20 11:24:00,232.657,233.397,318.000,6.000,232.50,232.65,5000.000,2500.000,233.25,233.45,158.000,444.000,232.45,232.70,7500.000,7500.000,233.20,233.50,9551.000,3604.000,25000.000,17500.000,232.375,232.805,233.160,233.550,-0.775,-0.761
2017-03-20 11:25:00,232.637,233.335,176.000,59.000,232.50,232.55,5000.000,5000.000,233.25,233.40,4528.000,50.000,232.40,232.60,7500.000,10000.000,233.20,233.45,15188.000,3900.000,27500.000,30000.000,232.314,232.742,233.159,233.496,-0.800,-0.781
2017-03-20 11:26:00,232.525,233.293,3767.000,126.000,232.40,232.55,2500.000,2500.000,233.20,233.30,140.000,589.000,232.35,232.60,7500.000,2500.000,233.15,233.35,12797.000,5976.000,32500.000,20000.000,232.287,232.720,233.073,233.425,-0.775,-0.782
2017-03-20 11:27:00,232.556,233.311,3673.000,3.000,232.40,232.55,5000.000,5000.000,233.25,233.35,1739.000,194.000,232.35,232.60,7500.000,5000.000,233.20,233.40,15013.000,4034.000,30000.000,25000.000,232.304,232.730,233.158,233.445,-0.825,-0.791
2017-03-20 11:28:00,232.571,233.333,77.000,286.000,232.50,232.55,2500.000,7500.000,233.25,233.35,3372.000,375.000,232.40,232.60,5000.000,2500.000,233.20,233.40,13496.000,5913.000,25000.000,20000.000,232.302,232.721,233.135,233.431,-0.775,-0.800
2017-03-20 11:29:00,232.567,233.388,252.000,148.000,232.55,232.60,7500.000,5000.000,233.25,233.40,4.000,310.000,232.50,232.65,10000.000,2500.000,233.20,233.45,5799.000,4360.000,32500.000,20000.000,232.385,232.739,233.154,233.500,-0.750,-0.785
2017-03-20 11:30:00,232.776,233.574,482.000,462.000,232.60,232.80,5000.000,2500.000,233.45,233.60,1811.000,110.000,232.55,232.85,7500.000,5000.000,233.40,233.65,12156.000,5813.000,27500.000,15000.000,232.462,232.962,233.359,233.692,-0.825,-0.791
2017-03-20 11:31:00,232.806,233.576,21.000,11.000,232.60,232.75,5000.000,5000.000,233.45,233.60,2460.000,357.000,232.55,232.80,7500.000,2500.000,233.40,233.65,13644.000,2750.000,27500.000,15000.000,232.470,232.910,233.359,233.683,-0.850,-0.792
2017-03-20 11:32:00,232.810,233.613,1582.000,3.000,232.65,232.75,2500.000,5000.000,233.55,233.65,2875.000,5.000,232.60,232.80,2500.000,2500.000,233.50,233.70,14584.000,3930.000,20000.000,20000.000,232.536,232.968,233.444,233.744,-0.900,-0.793
2017-03-20 11:33:00,232.784,233.591,2140.000,237.000,232.60,232.75,2500.000,5000.000,233.50,233.65,2700.000,461.000,232.55,232.85,5000.000,5000.000,233.45,233.70,16040.000,5991.000,20000.000,20000.000,232.481,232.956,233.406,233.769,-0.900,-0.808
2017-03-20 11:34:00,232.780,233.527,1373.000,993.000,232.45,232.75,7500.000,2500.000,233.35,233.55,3667.000,739.000,232.40,232.80,5000.000,10000.000,233.30,233.60,16724.000,3594.000,37500.000,22500.000,232.326,232.859,233.210,233.644,-0.850,-0.820
2017-03-20 11:35:00,232.597,233.428,4451.000,1.000,232.40,232.55,2500.000,5000.000,233.30,233.45,2821.000,66.000,232.35,232.60,10000.000,5000.000,233.25,233.50,18103.000,2453.000,30000.000,20000.000,232.302,232.723,233.208,233.581,-0.900,-0.812
2017-03-20 11:36:00,232.642,233.417,20.000,98.000,232.50,232.60,2500.000,2500.000,233.30,233.40,3839.000,354.000,232.40,232.65,5000.000,5000.000,233.25,233.45,10548.000,2747.000,30000.000,15000.000,232.323,232.736,233.196,233.508,-0.800,-0.818
2017-03-20 11:37:00,232.653,233.461,60.000,616.000,232.50,232.65,5000.000,7500.000,233.35,233.50,1024.000,706.000,232.45,232.70,2500.000,5000.000,233.30,233.55,9460.000,4234.000,25000.000,20000.000,232.373,232.774,233.240,233.575,-0.850,-0.812
2017-03-20 11:38:00,232.571,233.452,1954.000,54.000,232.40,232.45,2500.000,7500.000,233.30,233.45,3663.000,118.000,232.35,232.55,7500.000,7500.000,233.25,233.50,16433.000,1764.000,35000.000,22500.000,232.290,232.631,233.168,233.533,-0.950,-0.797
2017-03-20 11:39:00,232.562,233.366,146.000,80.000,232.45,232.55,2500.000,12500.000,233.25,233.40,1879.000,925.000,232.40,232.60,17500.000,5000.000,233.20,233.45,9677.000,5276.000,37500.000,32500.000,232.292,232.705,233.147,233.473,-0.825,-0.792
2017-03-20 11:40:00,232.591,233.385,190.000,71.000,232.45,232.55,2500.000,7500.000,233.30,233.40,1879.000,875.000,232.40,232.60,5000.000,5000.000,233.25,233.45,17939.000,6021.000,30000.000,27500.000,232.307,232.716,233.158,233.486,-0.850,-0.787
2017-03-20 11:41:00,232.596,233.398,82.000,3.000,232.45,232.55,7500.000,7500.000,233.30,233.40,1879.000,550.000,232.40,232.60,15000.000,2500.000,233.20,233.45,17831.000,5474.000,37500.000,20000.000,232.306,232.725,233.170,233.488,-0.850,-0.785
2017-03-20 11:42:00,232.601,233.382,180.000,1.000,232.45,232.50,7500.000,5000.000,233.30,233.40,1879.000,963.000,232.40,232.60,2500.000,5000.000,233.25,233.45,18268.000,5357.000,27500.000,20000.000,232.307,232.713,233.214,233.494,-0.875,-0.788
2017-03-20 11:43:00,232.616,233.419,5778.000,781.000,232.40,232.60,2500.000,2500.000,233.35,233.40,4454.000,389.000,232.35,232.65,7500.000,7500.000,233.30,233.50,23987.000,5903.000,22500.000,17500.000,232.300,232.727,233.244,233.529,-0.875,-0.802
2017-03-20 11:44:00,232.642,233.421,532.000,781.000,232.45,232.60,2500.000,2500.000,233.35,233.40,5703.000,389.000,232.40,232.65,7500.000,5000.000,233.30,233.45,21142.000,5920.000,27500.000,20000.000,232.319,232.727,233.236,233.506,-0.850,-0.825
2017-03-20 11:45:00,232.614,233.383,208.000,705.000,232.45,232.60,5000.000,2500.000,233.30,233.40,1511.000,1095.000,232.40,232.65,5000.000,5000.000,233.25,233.45,15275.000,7594.000,27500.000,17500.000,232.296,232.718,233.205,233.493,-0.825,-0.821
2017-03-20 11:46:00,232.809,233.600,124.000,1.000,232.70,232.75,2500.000,2500.000,233.55,233.65,3929.000,406.000,232.60,232.85,5000.000,5000.000,233.50,233.70,17270.000,6790.000,22500.000,22500.000,232.513,232.966,233.439,233.778,-0.875,-0.828
2017-03-20 11:47:00,232.819,233.618,521.000,842.000,232.70,232.85,2500.000,2500.000,233.55,233.65,779.000,480.000,232.60,232.90,5000.000,5000.000,233.50,233.70,13168.000,8823.000,22500.000,20000.000,232.489,232.975,233.450,233.756,-0.825,-0.848
2017-03-20 11:48:00,232.733,233.603,457.000,749.000,232.70,232.85,7500.000,2500.000,233.55,233.65,160.000,634.000,232.65,232.90,7500.000,5000.000,233.50,233.75,5387.000,9390.000,22500.000,22500.000,232.540,232.976,233.483,233.856,-0.825,-0.845
2017-03-20 11:49:00,232.756,233.650,599.000,1.000,232.70,232.75,2500.000,2500.000,233.55,233.65,149.000,382.000,232.65,232.85,7500.000,5000.000,233.50,233.70,9219.000,7377.000,27500.000,15000.000,232.560,232.970,233.441,233.750,-0.875,-0.852
2017-03-20 11:50:00,233.265,234.018,1275.000,706.000,232.95,233.20,2500.000,7500.000,233.95,234.15,1367.000,450.000,232.90,233.25,7500.000,5000.000,233.90,234.20,19380.000,3085.000,17500.000,25000.000,232.818,233.307,233.857,234.265,-0.975,-0.865
2017-03-20 11:51:00,233.275,234.100,2560.000,412.000,233.05,233.25,5000.000,2500.000,234.00,234.20,753.000,699.000,233.00,233.30,5000.000,2500.000,233.95,234.25,15061.000,3636.000,20000.000,17500.000,232.940,233.375,233.844,234.350,-0.950,-0.859
2017-03-20 11:52:00,233.141,234.040,337.000,1056.000,233.00,233.15,5000.000,2500.000,233.90,234.05,1681.000,535.000,232.85,233.20,7500.000,2500.000,233.85,234.10,16249.000,6179.000,35000.000,15000.000,232.783,233.263,233.793,234.183,-0.900,-0.847
2017-03-20 11:53:00,233.407,234.259,99.000,1513.000,233.25,233.40,2500.000,7500.000,234.15,234.35,2191.000,503.000,233.20,233.45,5000.000,7500.000,234.10,234.40,12812.000,7304.000,27500.000,30000.000,233.096,233.502,234.014,234.438,-0.925,-0.827
2017-03-20 11:54:00,233.282,234.213,76.000,117.000,233.30,233.35,2500.000,2500.000,234.10,234.25,1029.000,713.000,233.25,233.40,7500.000,5000.000,234.05,234.30,6931.000,8182.000,30000.000,17500.000,233.121,233.497,234.000,234.343,-0.850,-0.798
2017-03-20 11:55:00,233.324,234.143,483.000,443.000,233.25,233.35,7500.000,2500.000,234.05,234.25,643.000,2195.000,233.10,233.40,5000.000,5000.000,234.00,234.30,14990.000,9606.000,20000.000,15000.000,232.988,233.479,233.944,234.342,-0.850,-0.801
2017-03-20 11:56:00,233.193,233.988,2171.000,220.000,233.05,233.10,10000.000,7500.000,233.90,234.10,831.000,60.000,233.00,233.15,2500.000,5000.000,233.85,234.15,11539.000,1435.000,20000.000,20000.000,232.922,233.237,233.819,234.169,-0.925,-0.812
2017-03-20 11:57:00,233.202,234.041,70.000,80.000,233.10,233.15,2500.000,2500.000,233.95,234.10,44.000,250.000,233.05,233.20,10000.000,5000.000,233.90,234.15,6161.000,2748.000,22500.000,17500.000,232.930,233.313,233.867,234.229,-0.900,-0.806
2017-03-20 11:58:00,233.203,233.958,406.000,432.000,233.00,233.15,2500.000,5000.000,233.90,234.05,2572.000,300.000,232.95,233.20,2500.000,2500.000,233.85,234.10,12724.000,3489.000,12500.000,17500.000,232.853,233.289,233.800,234.179,-0.900,-0.828
2017-03-20 11:59:00,233.187,233.969,470.000,2.000,233.00,233.10,2500.000,5000.000,233.90,234.05,2698.000,437.000,232.95,233.15,2500.000,2500.000,233.85,234.10,12914.000,2274.000,15000.000,17500.000,232.854,233.247,233.792,234.179,-0.925,-0.849
2017-03-20 12:00:00,233.219,234.056,2425.000,82.000,233.00,233.15,5000.000,2500.000,233.95,234.10,626.000,250.000,232.95,233.20,7500.000,2500.000,233.90,234.15,14975.000,2287.000,25000.000,15000.000,232.873,233.310,233.870,234.242,-0.950,-0.857
2017-03-20 12:01:00,233.214,234.062,3759.000,601.000,233.00,233.20,2500.000,2500.000,233.95,234.10,972.000,349.000,232.95,233.25,7500.000,5000.000,233.90,234.15,16657.000,4572.000,25000.000,17500.000,232.893,233.327,233.855,234.221,-0.925,-0.856
2017-03-20 12:02:00,233.193,234.000,3519.000,1.000,233.00,233.10,5000.000,2500.000,233.95,234.10,848.000,748.000,232.95,233.20,7500.000,2500.000,233.90,234.15,17758.000,3068.000,20000.000,17500.000,232.888,233.301,233.850,234.236,-0.975,-0.866
2017-03-20 12:03:00,233.247,234.116,30.000,1.000,233.25,233.30,7500.000,2500.000,234.05,234.25,37.000,846.000,233.20,233.35,7500.000,2500.000,234.00,234.30,4552.000,6997.000,25000.000,22500.000,233.059,233.461,233.960,234.372,-0.875,-0.862
2017-03-20 12:04:00,233.354,234.240,31.000,1.000,233.25,233.30,5000.000,2500.000,234.15,234.30,126.000,36.000,233.20,233.35,5000.000,5000.000,234.10,234.35,11850.000,4885.000,27500.000,22500.000,233.085,233.464,234.050,234.406,-0.950,-0.853
2017-03-20 12:05:00,233.334,234.208,30.000,36.000,233.25,233.30,2500.000,2500.000,234.15,234.30,126.000,802.000,233.20,233.40,5000.000,5000.000,234.10,234.35,9349.000,7167.000,22500.000,25000.000,233.094,233.490,234.050,234.415,-0.950,-0.849
2017-03-20 12:06:00,233.234,234.082,60.000,490.000,233.05,233.15,7500.000,2500.000,234.00,234.20,3423.000,45.000,233.00,233.20,5000.000,10000.000,233.95,234.25,15245.000,2450.000,25000.000,22500.000,232.921,233.243,233.885,234.294,-1.000,-0.857
2017-03-20 12:07:00,233.251,234.106,262.000,1960.000,233.10,233.20,12500.000,2500.000,234.00,234.15,1061.000,389.000,233.05,233.25,5000.000,5000.000,233.95,234.20,13528.000,5820.000,30000.000,15000.000,232.940,233.303,233.929,234.242,-0.925,-0.857
2017-03-20 12:08:00,233.241,234.091,225.000,71.000,233.10,233.20,2500.000,5000.000,234.00,234.15,1134.000,688.000,233.05,233.25,2500.000,2500.000,233.95,234.20,11070.000,4254.000,20000.000,20000.000,232.951,233.340,233.900,234.287,-0.925,-0.860
2017-03-20 12:09:00,233.260,234.100,145.000,649.000,233.10,233.20,5000.000,2500.000,234.00,234.15,1134.000,875.000,233.05,233.25,10000.000,2500.000,233.95,234.20,13835.000,4858.000,25000.000,15000.000,232.941,233.322,233.915,234.300,-0.925,-0.868
2017-03-20 12:10:00,233.027,233.878,328.000,67.000,232.90,233.05,2500.000,5000.000,233.80,233.90,1066.000,354.000,232.85,233.10,7500.000,2500.000,233.75,234.00,14436.000,8149.000,22500.000,17500.000,232.756,233.221,233.672,234.029,-0.875,-0.868
2017-03-20 12:11:00,232.974,233.863,330.000,1.000,232.90,233.05,5000.000,5000.000,233.75,233.90,453.000,603.000,232.85,233.10,2500.000,2500.000,233.70,233.95,8823.000,8480.000,22500.000,17500.000,232.743,233.217,233.644,234.021,-0.850,-0.858
2017-03-20 12:12:00,232.993,233.847,106.000,100.000,232.95,233.00,7500.000,5000.000,233.75,233.90,133.000,443.000,232.90,233.10,2500.000,2500.000,233.70,233.95,7790.000,8575.000,22500.000,17500.000,232.772,233.219,233.667,234.021,-0.850,-0.851
2017-03-20 12:13:00,232.980,233.846,1.000,693.000,232.95,233.10,2500.000,5000.000,233.75,233.90,100.000,1502.000,232.90,233.15,2500.000,2500.000,233.70,233.95,4881.000,9506.000,17500.000,17500.000,232.777,233.221,233.643,234.000,-0.800,-0.823
2017-03-20 12:14:00,232.971,233.853,39.000,2.000,232.90,232.95,7500.000,5000.000,233.75,233.90,475.000,443.000,232.85,233.10,2500.000,2500.000,233.70,233.95,8862.000,8292.000,25000.000,20000.000,232.755,233.219,233.645,234.012,-0.900,-0.761
2017-03-20 12:15:00,233.045,233.897,69.000,3.000,232.90,232.95,2500.000,2500.000,233.75,233.90,493.000,294.000,232.85,233.05,7500.000,2500.000,233.70,233.95,7787.000,2578.000,27500.000,15000.000,232.756,233.151,233.627,234.033,-0.900,-0.777
2017-03-20 12:16:00,232.713,233.550,96.000,2.000,232.55,232.65,5000.000,2500.000,233.50,233.65,2535.000,448.000,232.50,232.70,7500.000,2500.000,233.45,233.70,15006.000,3243.000,27500.000,25000.000,232.417,232.813,233.414,233.780,-0.975,-0.791
2017-03-20 12:17:00,233.167,233.983,297.000,395.000,233.05,233.15,2500.000,7500.000,233.90,234.05,2406.000,764.000,233.00,233.20,5000.000,7500.000,233.85,234.10,11902.000,6500.000,27500.000,32500.000,232.910,233.258,233.795,234.169,-0.875,-0.832
2017-03-20 12:18:00,233.572,234.298,1.000,1248.000,233.55,233.60,10000.000,7500.000,234.20,234.35,1850.000,1378.000,233.50,233.70,5000.000,7500.000,234.15,234.40,6161.000,9517.000,45000.000,32500.000,233.408,233.765,234.117,234.438,-0.700,-0.877
2017-03-20 12:19:00,233.659,234.234,500.000,400.000,233.65,233.70,2500.000,2500.000,234.15,234.25,186.000,1760.000,233.60,233.75,5000.000,5000.000,234.10,234.30,4323.000,5050.000,32500.000,22500.000,233.477,233.810,233.973,234.356,-0.525,-0.952
2017-03-20 12:20:00,232.922,233.852,2104.000,31.000,232.80,232.90,7500.000,7500.000,233.80,233.90,5356.000,1540.000,232.75,232.95,5000.000,12500.000,233.75,233.95,19001.000,6065.000,35000.000,40000.000,232.704,233.010,233.696,233.981,-1.000,-0.969
2017-03-20 12:21:00,232.855,233.764,956.000,548.000,232.75,232.80,2500.000,7500.000,233.70,233.85,5313.000,500.000,232.70,232.90,5000.000,7500.000,233.65,233.90,18414.000,7969.000,30000.000,32500.000,232.636,232.986,233.558,233.942,-1.000,-0.978
2017-03-20 12:22:00,232.934,233.953,5205.000,2.000,232.80,232.85,2500.000,5000.000,233.80,233.95,2995.000,410.000,232.75,233.00,2500.000,2500.000,233.75,234.00,22305.000,6387.000,22500.000,15000.000,232.704,233.126,233.678,234.058,-1.050,-0.950
2017-03-20 12:23:00,232.805,233.757,7653.000,220.000,232.70,232.75,5000.000,2500.000,233.70,233.80,11.000,500.000,232.65,232.80,2500.000,7500.000,233.65,233.85,21675.000,4097.000,27500.000,27500.000,232.596,232.904,233.591,233.895,-1.025,-0.940
2017-03-20 12:24:00,232.829,233.778,45.000,140.000,232.75,232.80,2500.000,2500.000,233.70,233.80,7551.000,60.000,232.70,232.85,5000.000,5000.000,233.65,233.85,15164.000,5162.000,25000.000,20000.000,232.640,232.959,233.585,233.894,-0.975,-0.922
2017-03-20 12:25:00,232.840,233.855,371.000,218.000,232.75,232.80,5000.000,2500.000,233.70,233.85,7432.000,60.000,232.70,232.85,5000.000,7500.000,233.65,233.90,18127.000,4753.000,35000.000,20000.000,232.643,232.965,233.589,233.981,-1.000,-0.892
2017-03-20 12:26:00,232.926,233.879,5315.000,477.000,232.75,232.90,2500.000,5000.000,233.75,233.90,106.000,425.000,232.70,232.95,5000.000,5000.000,233.70,233.95,19262.000,5295.000,22500.000,20000.000,232.641,233.028,233.644,234.037,-1.000,-0.868
2017-03-20 12:27:00,233.081,233.960,5000.000,1268.000,232.90,233.10,2500.000,5000.000,233.90,234.10,2585.000,1199.000,232.85,233.15,5000.000,5000.000,233.85,234.15,19264.000,7676.000,15000.000,22500.000,232.803,233.210,233.808,234.194,-1.000,-0.844
2017-03-20 12:28:00,233.166,234.067,5267.000,120.000,233.00,233.15,7500.000,5000.000,234.00,234.20,750.000,352.000,232.95,233.20,7500.000,5000.000,233.95,234.25,16186.000,3565.000,22500.000,27500.000,232.912,233.313,233.933,234.341,-1.025,-0.831
2017-03-20 12:29:00,233.155,234.017,2445.000,110.000,233.05,233.10,5000.000,2500.000,233.95,234.10,1159.000,228.000,233.00,233.15,5000.000,5000.000,233.90,234.15,15395.000,4893.000,20000.000,17500.000,232.918,233.239,233.844,234.193,-0.950,-0.844
2017-03-20 12:30:00,233.162,234.025,253.000,1.000,233.05,233.10,5000.000,2500.000,233.95,234.10,1159.000,251.000,233.00,233.15,2500.000,5000.000,233.90,234.15,13203.000,4807.000,17500.000,17500.000,232.896,233.241,233.857,234.193,-0.950,-0.821
2017-03-20 12:31:00,233.218,234.053,142.000,294.000,233.10,233.15,2500.000,5000.000,233.95,234.10,1159.000,304.000,233.00,233.20,12500.000,5000.000,233.90,234.15,10941.000,3335.000,22500.000,17500.000,232.896,233.272,233.872,234.200,-0.900,-0.793
2017-03-20 12:32:00,233.066,233.824,93.000,556.000,233.00,233.05,2500.000,2500.000,233.80,233.95,60.000,894.000,232.85,233.10,7500.000,7500.000,233.75,234.00,12304.000,6731.000,20000.000,32500.000,232.722,233.188,233.713,234.108,-0.850,-0.766
2017-03-20 12:33:00,233.041,233.878,643.000,143.000,232.95,233.00,2500.000,7500.000,233.85,234.00,2532.000,125.000,232.90,233.05,5000.000,2500.000,233.80,234.05,13344.000,5217.000,17500.000,27500.000,232.810,233.161,233.757,234.109,-0.950,-0.726
2017-03-20 12:34:00,232.968,233.894,800.000,457.000,233.00,233.05,2500.000,2500.000,233.80,233.95,1550.000,412.000,232.90,233.10,5000.000,10000.000,233.75,234.00,7972.000,9811.000,20000.000,20000.000,232.827,233.205,233.694,234.037,-0.850,-0.654
2017-03-20 12:35:00,233.320,234.068,500.000,2211.000,233.30,233.40,10000.000,27500.000,234.00,234.15,465.000,1310.000,233.25,233.45,10000.000,22500.000,233.95,234.20,3854.000,7922.000,42500.000,62500.000,233.173,233.480,233.882,234.210,-0.725,-0.653
2017-03-20 12:36:00,233.519,234.218,208.000,2362.000,233.55,233.60,2500.000,5000.000,234.10,234.20,1271.000,402.000,233.45,233.65,15000.000,5000.000,234.05,234.30,6163.000,10157.000,40000.000,22500.000,233.383,233.715,234.006,234.339,-0.575,-0.657
2017-03-20 12:37:00,233.718,234.340,776.000,4.000,233.75,233.80,2500.000,2500.000,234.30,234.40,553.000,99.000,233.70,233.85,10000.000,5000.000,234.25,234.45,4846.000,8744.000,25000.000,25000.000,233.623,233.947,234.215,234.505,-0.575,-0.661
2017-03-20 12:38:00,233.460,234.096,1483.000,446.000,233.40,233.65,7500.000,5000.000,234.00,234.20,528.000,2554.000,233.35,233.70,5000.000,2500.000,233.90,234.25,7215.000,10734.000,32500.000,25000.000,233.291,233.790,233.877,234.310,-0.575,-0.669
2017-03-20 12:39:00,233.566,234.133,84.000,211.000,233.40,233.45,2500.000,2500.000,234.10,234.25,391.000,400.000,233.35,233.50,7500.000,5000.000,234.05,234.30,6161.000,1121.000,22500.000,30000.000,233.239,233.532,234.011,234.371,-0.750,-0.691
2017-03-20 12:40:00,233.366,234.109,27.000,423.000,233.35,233.40,7500.000,2500.000,234.00,234.20,250.000,396.000,233.30,233.45,5000.000,2500.000,233.95,234.25,2382.000,3147.000,32500.000,25000.000,233.188,233.532,233.904,234.335,-0.725,-0.702
2017-03-20 12:41:00,233.398,234.117,1122.000,503.000,233.30,233.35,10000.000,2500.000,234.10,234.25,224.000,100.000,233.25,233.40,5000.000,2500.000,234.05,234.30,11835.000,4796.000,32500.000,42500.000,233.157,233.486,233.969,234.371,-0.850,-0.711
2017-03-20 12:42:00,233.333,233.975,686.000,578.000,233.30,233.35,2500.000,2500.000,234.00,234.15,43.000,902.000,233.25,233.40,2500.000,12500.000,233.95,234.20,5171.000,5670.000,15000.000,45000.000,233.149,233.471,233.892,234.269,-0.750,-0.757
2017-03-20 12:43:00,233.317,233.990,134.000,237.000,233.20,233.25,2500.000,7500.000,234.00,234.15,406.000,1003.000,233.15,233.30,2500.000,10000.000,233.95,234.20,12612.000,4938.000,17500.000,47500.000,233.033,233.386,233.886,234.261,-0.850,-0.787
2017-03-20 12:44:00,233.300,233.977,160.000,237.000,233.20,233.25,2500.000,5000.000,234.00,234.15,257.000,1003.000,233.15,233.30,2500.000,10000.000,233.95,234.20,12489.000,5576.000,15000.000,45000.000,233.042,233.390,233.892,234.267,-0.850,-0.803
2017-03-20 12:45:00,233.318,234.115,104.000,797.000,233.25,233.30,5000.000,7500.000,234.10,234.20,2589.000,843.000,233.20,233.35,5000.000,7500.000,234.05,234.25,10603.000,6089.000,22500.000,35000.000,233.117,233.432,233.978,234.300,-0.875,-0.802
2017-03-20 12:46:00,233.319,234.084,62.000,976.000,233.25,233.30,7500.000,5000.000,234.05,234.20,50.000,993.000,233.20,233.35,5000.000,10000.000,234.00,234.25,9883.000,7626.000,25000.000,37500.000,233.081,233.426,233.955,234.307,-0.850,-0.805
2017-03-20 12:47:00,233.174,234.044,98.000,241.000,233.05,233.10,2500.000,5000.000,234.00,234.10,5790.000,375.000,233.00,233.15,2500.000,5000.000,233.95,234.15,19265.000,2974.000,20000.000,25000.000,232.934,233.247,233.881,234.195,-0.975,-0.794
2017-03-20 12:48:00,233.144,233.969,59.000,463.000,233.05,233.10,2500.000,5000.000,233.90,234.05,2091.000,375.000,233.00,233.15,7500.000,7500.000,233.85,234.10,10933.000,4612.000,22500.000,30000.000,232.909,233.236,233.789,234.175,-0.900,-0.797
2017-03-20 12:49:00,233.148,233.905,189.000,157.000,233.05,233.10,2500.000,5000.000,233.90,234.05,1701.000,375.000,233.00,233.15,7500.000,7500.000,233.85,234.10,9210.000,3251.000,22500.000,47500.000,232.915,233.248,233.789,234.166,-0.900,-0.796
2017-03-20 12:50:00,233.126,233.920,1989.000,461.000,233.05,233.10,7500.000,2500.000,233.90,234.00,1692.000,625.000,233.00,233.15,10000.000,2500.000,233.85,234.05,12277.000,5779.000,32500.000,35000.000,232.928,233.228,233.812,234.136,-0.875,-0.792
2017-03-20 12:51:00,233.384,234.163,630.000,60.000,233.25,233.40,7500.000,2500.000,234.10,234.25,462.000,352.000,233.20,233.45,5000.000,2500.000,234.05,234.30,10425.000,6442.000,25000.000,22500.000,233.104,233.528,234.010,234.383,-0.850,-0.796
2017-03-20 12:52:00,233.278,234.094,482.000,1963.000,233.30,233.35,2500.000,7500.000,234.00,234.20,16.000,2075.000,233.20,233.40,7500.000,5000.000,233.95,234.25,3635.000,7758.000,20000.000,22500.000,233.105,233.440,233.906,234.283,-0.775,-0.811
2017-03-20 12:53:00,233.269,234.105,405.000,1315.000,233.30,233.35,2500.000,7500.000,234.05,234.20,1.000,1650.000,233.25,233.40,5000.000,7500.000,234.00,234.25,2510.000,7429.000,20000.000,27500.000,233.148,233.460,233.944,234.291,-0.800,-0.813
2017-03-20 12:54:00,233.371,234.125,89.000,1204.000,233.30,233.35,2500.000,7500.000,234.10,234.20,61.000,1650.000,233.25,233.40,2500.000,7500.000,234.05,234.25,8600.000,7323.000,17500.000,27500.000,233.122,233.462,233.993,234.291,-0.825,-0.777
2017-03-20 12:55:00,233.359,234.134,1411.000,1552.000,233.30,233.35,2500.000,10000.000,234.10,234.25,1540.000,1710.000,233.25,233.40,7500.000,5000.000,234.05,234.30,9800.000,7741.000,22500.000,32500.000,233.161,233.456,233.983,234.342,-0.850,-0.806
2017-03-20 12:56:00,233.508,234.307,66.000,553.000,233.55,233.65,2500.000,7500.000,234.25,234.40,84.000,451.000,233.50,233.70,7500.000,7500.000,234.20,234.45,1634.000,7042.000,22500.000,30000.000,233.372,233.767,234.150,234.488,-0.725,-0.775
2017-03-20 12:57:00,233.710,234.600,794.000,203.000,233.75,233.80,10000.000,5000.000,234.50,234.65,200.000,200.000,233.70,233.85,12500.000,2500.000,234.45,234.70,3879.000,6799.000,37500.000,25000.000,233.614,233.969,234.430,234.840,-0.800,-0.717
2017-03-20 12:58:00,233.838,234.684,32.000,50.000,233.75,233.80,2500.000,2500.000,234.55,234.70,10.000,420.000,233.70,233.85,7500.000,2500.000,234.50,234.75,8849.000,4744.000,27500.000,12500.000,233.571,233.973,234.459,234.800,-0.850,-0.700
2017-03-20 12:59:00,233.935,234.509,100.000,60.000,233.70,233.90,2500.000,5000.000,234.60,234.80,286.000,1146.000,233.65,233.95,2500.000,2500.000,234.55,234.85,18032.000,9032.000,15000.000,42500.000,233.522,234.038,234.442,234.944,-0.900,-0.731
2017-03-20 13:00:00,233.743,234.663,795.000,3958.000,233.75,233.80,2500.000,5000.000,234.55,234.70,1.000,2000.000,233.70,233.85,7500.000,2500.000,234.50,234.75,6667.000,13578.000,27500.000,20000.000,233.597,233.909,234.423,234.787,-0.850,-0.670
2017-03-20 13:01:00,234.372,235.016,1017.000,1121.000,234.35,234.50,10000.000,10000.000,235.00,235.15,1006.000,340.000,234.30,234.60,2500.000,5000.000,234.95,235.20,6298.000,11598.000,27500.000,45000.000,234.225,234.683,234.918,235.247,-0.650,-0.663
2017-03-20 13:02:00,234.273,234.874,579.000,1199.000,234.25,234.40,5000.000,2500.000,234.85,234.95,1050.000,6856.000,234.20,234.45,10000.000,7500.000,234.80,235.00,4699.000,12097.000,22500.000,25000.000,234.148,234.466,234.778,235.060,-0.575,-0.665
2017-03-20 13:03:00,234.162,234.920,474.000,295.000,234.25,234.30,7500.000,7500.000,234.85,235.00,503.000,368.000,234.20,234.35,5000.000,5000.000,234.80,235.05,3537.000,10667.000,27500.000,27500.000,234.105,234.482,234.768,235.091,-0.650,-0.632
2017-03-20 13:04:00,234.198,234.931,241.000,552.000,234.25,234.35,2500.000,7500.000,234.85,235.00,553.000,203.000,234.20,234.40,7500.000,2500.000,234.80,235.05,3522.000,11160.000,22500.000,22500.000,234.103,234.496,234.756,235.083,-0.625,-0.633
2017-03-20 13:05:00,234.571,235.185,711.000,66.000,234.60,234.70,2500.000,5000.000,235.20,235.35,332.000,229.000,234.55,234.75,7500.000,10000.000,235.15,235.40,3997.000,8391.000,20000.000,40000.000,234.473,234.851,235.088,235.456,-0.625,-0.652
2017-03-20 13:06:00,234.590,235.200,320.000,3.000,234.60,234.65,7500.000,2500.000,235.20,235.35,429.000,150.000,234.55,234.75,2500.000,12500.000,235.15,235.40,5280.000,8168.000,22500.000,47500.000,234.479,234.858,235.111,235.500,-0.650,-0.669
2017-03-20 13:07:00,234.675,235.285,429.000,469.000,234.65,234.80,2500.000,5000.000,235.25,235.40,492.000,206.000,234.60,234.85,5000.000,5000.000,235.20,235.45,6862.000,11563.000,15000.000,27500.000,234.507,234.934,235.158,235.523,-0.600,-0.679
2017-03-20 13:08:00,234.567,235.159,72.000,115.000,234.55,234.65,2500.000,2500.000,235.15,235.30,2314.000,300.000,234.50,234.70,2500.000,5000.000,235.10,235.35,6315.000,7324.000,15000.000,27500.000,234.445,234.795,235.033,235.414,-0.625,-0.707
2017-03-20 13:09:00,234.338,235.077,27.000,90.000,234.35,234.40,2500.000,2500.000,235.00,235.10,442.000,100.000,234.30,234.45,2500.000,5000.000,234.95,235.15,6040.000,6778.000,20000.000,17500.000,234.222,234.583,234.844,235.229,-0.675,-0.689
2017-03-20 13:10:00,234.354,235.062,647.000,100.000,234.30,234.45,2500.000,5000.000,234.95,235.15,1395.000,245.000,234.25,234.50,2500.000,7500.000,234.90,235.20,5410.000,4901.000,20000.000,22500.000,234.194,234.618,234.831,235.239,-0.675,-0.678
2017-03-20 13:11:00,234.355,235.050,107.000,40.000,234.30,234.45,2500.000,2500.000,234.95,235.10,1118.000,120.000,234.25,234.50,2500.000,5000.000,234.90,235.15,4373.000,4572.000,22500.000,20000.000,234.179,234.602,234.828,235.194,-0.650,-0.684
2017-03-20 13:12:00,234.318,234.978,123.000,31.000,234.20,234.30,2500.000,7500.000,234.85,235.05,50.000,50.000,234.15,234.40,5000.000,2500.000,234.80,235.10,5912.000,4003.000,20000.000,20000.000,234.028,234.531,234.750,235.150,-0.700,-0.711
2017-03-20 13:13:00,234.230,234.963,18.000,489.000,234.25,234.30,2500.000,5000.000,234.85,235.00,123.000,110.000,234.20,234.35,5000.000,5000.000,234.80,235.05,5890.000,6990.000,20000.000,20000.000,234.029,234.477,234.756,235.131,-0.650,-0.719
2017-03-20 13:14:00,234.450,235.103,169.000,11.000,234.30,234.40,2500.000,2500.000,235.00,235.15,2201.000,40.000,234.25,234.45,5000.000,7500.000,234.90,235.20,5285.000,772.000,25000.000,17500.000,234.207,234.545,234.840,235.236,-0.725,-0.742
2017-03-20 13:15:00,234.430,235.079,202.000,10.000,234.30,234.40,5000.000,5000.000,235.00,235.15,2222.000,40.000,234.25,234.45,5000.000,10000.000,234.90,235.20,5283.000,1130.000,27500.000,25000.000,234.208,234.562,234.855,235.245,-0.725,-0.752
2017-03-20 13:16:00,234.432,235.161,310.000,535.000,234.35,234.50,5000.000,2500.000,235.10,235.20,797.000,70.000,234.30,234.55,5000.000,2500.000,235.05,235.25,5784.000,4368.000,27500.000,20000.000,234.231,234.664,234.995,235.338,-0.725,-0.755
2017-03-20 13:17:00,234.389,235.182,61.000,449.000,234.45,234.50,5000.000,5000.000,235.10,235.20,158.000,130.000,234.40,234.55,2500.000,2500.000,235.05,235.25,2940.000,7332.000,27500.000,20000.000,234.271,234.677,235.000,235.325,-0.675,-0.717
2017-03-20 13:18:00,234.392,235.167,53.000,6.000,234.45,234.50,2500.000,2500.000,235.10,235.20,91.000,80.000,234.40,234.55,2500.000,2500.000,235.05,235.25,3276.000,7099.000,27500.000,22500.000,234.274,234.689,234.991,235.350,-0.675,-0.682
2017-03-20 13:19:00,234.432,235.200,50.000,251.000,234.55,234.60,5000.000,2500.000,235.10,235.25,44.000,350.000,234.50,234.65,5000.000,5000.000,235.05,235.30,1824.000,8181.000,30000.000,20000.000,234.351,234.744,235.012,235.356,-0.600,-0.670
2017-03-20 13:20:00,234.473,235.171,151.000,770.000,234.40,234.50,2500.000,5000.000,235.10,235.25,516.000,161.000,234.35,234.60,5000.000,2500.000,235.05,235.30,5928.000,5744.000,25000.000,27500.000,234.255,234.699,235.005,235.405,-0.725,-0.673
2017-03-20 13:21:00,234.439,235.182,48.000,938.000,234.40,234.50,5000.000,5000.000,235.10,235.25,396.000,161.000,234.35,234.60,10000.000,2500.000,235.05,235.30,5818.000,7578.000,30000.000,25000.000,234.250,234.706,235.017,235.395,-0.725,-0.648
2017-03-20 13:22:00,234.532,235.133,48.000,1505.000,234.40,234.50,7500.000,5000.000,235.05,235.25,396.000,50.000,234.35,234.55,10000.000,2500.000,235.00,235.30,5175.000,2941.000,27500.000,25000.000,234.244,234.586,234.959,235.395,-0.700,-0.667
2017-03-20 13:23:00,234.511,235.111,704.000,849.000,234.40,234.65,5000.000,5000.000,235.10,235.20,737.000,3761.000,234.35,234.70,5000.000,2500.000,235.05,235.25,6984.000,9798.000,27500.000,30000.000,234.270,234.731,235.005,235.379,-0.625,-0.687
2017-03-20 13:24:00,234.414,235.120,37.000,607.000,234.50,234.60,7500.000,2500.000,235.10,235.25,387.000,510.000,234.45,234.65,7500.000,2500.000,235.05,235.30,2197.000,10452.000,27500.000,27500.000,234.362,234.754,235.014,235.436,-0.625,-0.680
2017-03-20 13:25:00,234.430,235.146,28.000,1061.000,234.45,234.50,2500.000,2500.000,235.10,235.20,462.000,50.000,234.40,234.55,10000.000,5000.000,235.05,235.25,5083.000,8272.000,27500.000,30000.000,234.285,234.664,235.014,235.408,-0.675,-0.682
2017-03-20 13:26:00,234.436,235.053,75.000,1775.000,234.40,234.50,5000.000,2500.000,235.00,235.10,44.000,6378.000,234.35,234.60,2500.000,5000.000,234.90,235.15,6015.000,13514.000,20000.000,17500.000,234.240,234.628,234.856,235.200,-0.600,-0.697
2017-03-20 13:27:00,234.349,235.047,6.000,100.000,234.35,234.40,2500.000,7500.000,234.95,235.10,91.000,1660.000,234.30,234.50,2500.000,7500.000,234.90,235.15,5352.000,9717.000,20000.000,22500.000,234.199,234.588,234.831,235.172,-0.650,-0.698
2017-03-20 13:28:00,234.194,234.894,67.000,985.000,234.25,234.35,2500.000,10000.000,234.80,235.00,1.000,286.000,234.20,234.40,2500.000,7500.000,234.75,235.05,2543.000,10304.000,17500.000,25000.000,234.067,234.489,234.664,235.065,-0.600,-0.696
2017-03-20 13:29:00,234.305,234.975,1059.000,1005.000,234.15,234.35,7500.000,5000.000,234.85,235.05,1325.000,150.000,234.10,234.40,5000.000,2500.000,234.80,235.10,10027.000,5488.000,22500.000,17500.000,234.030,234.496,234.778,235.193,-0.700,-0.692
2017-03-20 13:30:00,234.322,235.047,405.000,947.000,234.20,234.35,2500.000,5000.000,234.90,235.05,806.000,330.000,234.15,234.40,5000.000,2500.000,234.85,235.10,8951.000,5914.000,25000.000,15000.000,234.053,234.492,234.775,235.167,-0.700,-0.694
2017-03-20 13:31:00,234.300,234.990,49.000,288.000,234.20,234.35,2500.000,2500.000,234.90,235.05,752.000,330.000,234.15,234.40,2500.000,5000.000,234.85,235.10,7263.000,5539.000,20000.000,17500.000,234.052,234.509,234.787,235.157,-0.700,-0.689
2017-03-20 13:32:00,234.232,234.939,1157.000,413.000,234.20,234.30,2500.000,5000.000,234.85,235.00,197.000,1500.000,234.15,234.35,10000.000,5000.000,234.80,235.05,8006.000,8700.000,25000.000,20000.000,234.064,234.456,234.750,235.113,-0.675,-0.706
2017-03-20 13:33:00,234.237,234.923,1153.000,451.000,234.20,234.30,2500.000,2500.000,234.85,235.00,197.000,643.000,234.15,234.35,5000.000,5000.000,234.80,235.05,8133.000,8026.000,20000.000,17500.000,234.063,234.466,234.744,235.129,-0.675,-0.698
2017-03-20 13:34:00,234.321,234.972,72.000,201.000,234.25,234.30,10000.000,2500.000,234.90,235.05,113.000,201.000,234.20,234.35,2500.000,5000.000,234.85,235.10,4060.000,2699.000,22500.000,17500.000,234.078,234.457,234.822,235.157,-0.700,-0.719
2017-03-20 13:35:00,234.192,234.928,512.000,353.000,234.10,234.30,2500.000,7500.000,234.85,235.00,2545.000,291.000,234.05,234.35,5000.000,5000.000,234.80,235.05,10380.000,7563.000,17500.000,22500.000,233.981,234.473,234.757,235.117,-0.725,-0.719
2017-03-20 13:36:00,234.176,234.837,404.000,20.000,234.00,234.10,2500.000,2500.000,234.75,234.90,1672.000,40.000,233.95,234.20,7500.000,5000.000,234.70,234.95,5208.000,1117.000,17500.000,20000.000,233.896,234.316,234.664,235.081,-0.775,-0.739
2017-03-20 13:37:00,234.122,234.918,70.000,621.000,234.20,234.25,2500.000,2500.000,234.85,234.95,3117.000,355.000,234.00,234.30,7500.000,7500.000,234.80,235.00,8105.000,8306.000,22500.000,20000.000,233.950,234.412,234.733,235.088,-0.675,-0.732
2017-03-20 13:38:00,234.230,234.876,1599.000,690.000,233.95,234.25,7500.000,2500.000,234.80,234.95,778.000,742.000,233.90,234.30,5000.000,10000.000,234.75,235.00,14709.000,5958.000,25000.000,27500.000,233.802,234.385,234.665,235.132,-0.775,-0.756
2017-03-20 13:39:00,233.898,234.654,46.000,407.000,233.85,233.95,10000.000,5000.000,234.50,234.70,213.000,300.000,233.70,234.00,2500.000,5000.000,234.45,234.75,6660.000,4483.000,35000.000,25000.000,233.611,234.095,234.364,234.860,-0.700,-0.757
2017-03-20 13:40:00,233.856,234.592,1478.000,468.000,233.70,233.95,2500.000,7500.000,234.50,234.65,517.000,1352.000,233.65,234.00,10000.000,2500.000,234.45,234.70,10689.000,8099.000,27500.000,20000.000,233.571,234.089,234.382,234.762,-0.750,-0.745
2017-03-20 13:41:00,233.892,234.655,315.000,110.000,233.80,233.95,7500.000,7500.000,234.55,234.70,1549.000,890.000,233.75,234.00,5000.000,5000.000,234.50,234.75,5996.000,5118.000,27500.000,22500.000,233.665,234.085,234.468,234.817,-0.750,-0.736
2017-03-20 13:42:00,233.975,234.733,304.000,4.000,233.90,234.00,5000.000,7500.000,234.65,234.80,267.000,61.000,233.85,234.10,7500.000,2500.000,234.60,234.85,5177.000,4522.000,27500.000,25000.000,233.770,234.207,234.550,234.950,-0.775,-0.718
2017-03-20 13:43:00,233.979,234.743,90.000,856.000,233.90,234.00,2500.000,7500.000,234.65,234.75,119.000,400.000,233.85,234.05,10000.000,7500.000,234.55,234.80,4785.000,4008.000,27500.000,25000.000,233.761,234.111,234.495,234.870,-0.750,-0.742
2017-03-20 13:44:00,233.908,234.668,109.000,1473.000,233.80,234.00,5000.000,2500.000,234.65,234.70,1731.000,901.000,233.75,234.05,5000.000,5000.000,234.55,234.75,7358.000,7287.000,25000.000,22500.000,233.666,234.121,234.520,234.839,-0.775,-0.734
2017-03-20 13:45:00,233.848,234.525,115.000,1233.000,233.70,233.90,2500.000,2500.000,234.50,234.60,744.000,339.000,233.65,233.95,7500.000,5000.000,234.40,234.65,10684.000,8119.000,20000.000,20000.000,233.545,234.024,234.344,234.738,-0.750,-0.763
2017-03-20 13:46:00,233.844,234.565,419.000,1173.000,233.70,233.90,2500.000,2500.000,234.50,234.60,518.000,520.000,233.65,233.95,2500.000,5000.000,234.45,234.65,10423.000,8180.000,17500.000,15000.000,233.547,234.023,234.364,234.692,-0.750,-0.790
2017-03-20 13:47:00,233.875,234.543,659.000,811.000,233.70,233.95,5000.000,2500.000,234.50,234.65,728.000,925.000,233.65,234.00,5000.000,5000.000,234.45,234.70,10873.000,7920.000,17500.000,20000.000,233.552,234.082,234.407,234.769,-0.750,-0.819
2017-03-20 13:48:00,233.761,234.640,71.000,392.000,233.85,233.95,5000.000,2500.000,234.60,234.75,46.000,1151.000,233.80,234.00,5000.000,7500.000,234.55,234.80,514.000,4777.000,17500.000,20000.000,233.704,234.075,234.493,234.869,-0.775,-0.805
2017-03-20 13:49:00,234.251,234.974,994.000,361.000,234.15,234.40,7500.000,2500.000,234.90,235.10,213.000,438.000,234.10,234.45,10000.000,2500.000,234.85,235.15,7894.000,8997.000,30000.000,22500.000,234.021,234.542,234.783,235.239,-0.725,-0.833
2017-03-20 13:50:00,234.208,235.031,8.000,1033.000,234.30,234.40,2500.000,2500.000,234.95,235.10,35.000,250.000,234.25,234.45,7500.000,2500.000,234.90,235.15,1180.000,8519.000,22500.000,17500.000,234.151,234.539,234.850,235.214,-0.675,-0.834
2017-03-20 13:51:00,234.142,234.997,1233.000,1020.000,234.15,234.35,7500.000,2500.000,234.90,235.10,412.000,428.000,234.10,234.40,7500.000,2500.000,234.85,235.15,4489.000,10374.000,22500.000,17500.000,234.045,234.493,234.833,235.221,-0.750,-0.822
2017-03-20 13:52:00,234.143,234.961,712.000,1599.000,234.15,234.35,5000.000,5000.000,234.85,235.00,462.000,722.000,234.10,234.40,5000.000,5000.000,234.80,235.05,4175.000,13111.000,25000.000,20000.000,234.009,234.468,234.745,235.113,-0.675,-0.802
2017-03-20 13:53:00,234.065,234.872,12.000,631.000,234.10,234.15,5000.000,5000.000,234.80,234.95,98.000,743.000,234.05,234.30,2500.000,7500.000,234.75,235.00,2220.000,8352.000,17500.000,22500.000,233.932,234.371,234.686,235.072,-0.750,-0.788
2017-03-20 13:54:00,234.047,234.910,630.000,110.000,233.90,234.10,2500.000,5000.000,234.70,234.90,492.000,634.000,233.85,234.15,5000.000,5000.000,234.65,234.95,7110.000,4860.000,30000.000,20000.000,233.764,234.229,234.554,234.994,-0.800,-0.805
2017-03-20 13:55:00,233.846,234.675,629.000,822.000,233.80,234.00,2500.000,2500.000,234.60,234.75,382.000,1672.000,233.75,234.05,5000.000,2500.000,234.55,234.80,5397.000,8764.000,20000.000,15000.000,233.667,234.131,234.481,234.892,-0.775,-0.801
2017-03-20 13:56:00,234.036,234.828,21.000,796.000,234.05,234.25,7500.000,2500.000,234.70,234.90,409.000,552.000,234.00,234.30,2500.000,5000.000,234.65,234.95,2570.000,9207.000,25000.000,20000.000,233.882,234.371,234.595,234.994,-0.650,-0.818
2017-03-20 13:57:00,233.834,234.554,228.000,514.000,233.80,233.95,2500.000,2500.000,234.50,234.60,402.000,1183.000,233.75,234.00,2500.000,2500.000,234.45,234.65,5757.000,10380.000,15000.000,15000.000,233.660,234.098,234.400,234.733,-0.675,-0.829
2017-03-20 13:58:00,233.860,234.596,36.000,60.000,233.90,233.95,7500.000,2500.000,234.50,234.70,402.000,422.000,233.75,234.00,2500.000,2500.000,234.45,234.75,5546.000,5705.000,20000.000,15000.000,233.651,234.124,234.363,234.817,-0.675,-0.844
2017-03-20 13:59:00,233.600,234.550,1945.000,512.000,233.50,233.75,5000.000,5000.000,234.30,234.50,1021.000,714.000,233.45,233.80,2500.000,2500.000,234.25,234.55,6193.000,5795.000,50000.000,17500.000,233.420,233.895,234.105,234.600,-0.775,-0.813
2017-03-20 14:00:00,233.658,234.467,1476.000,160.000,233.50,233.65,5000.000,5000.000,234.25,234.45,251.000,706.000,233.40,233.70,5000.000,2500.000,234.20,234.50,8581.000,3555.000,32500.000,20000.000,233.313,233.777,234.135,234.619,-0.775,-0.803
2017-03-20 14:01:00,233.604,234.477,1491.000,57.000,233.60,233.65,2500.000,7500.000,234.30,234.45,493.000,352.000,233.50,233.70,10000.000,2500.000,234.25,234.50,4276.000,3295.000,32500.000,22500.000,233.467,233.787,234.173,234.600,-0.750,-0.811
2017-03-20 14:02:00,233.665,234.444,1339.000,140.000,233.60,233.70,5000.000,2500.000,234.35,234.50,667.000,495.000,233.50,233.75,5000.000,2500.000,234.30,234.55,5109.000,3182.000,22500.000,20000.000,233.452,233.822,234.256,234.650,-0.775,-0.829
2017-03-20 14:03:00,233.720,234.529,1405.000,97.000,233.60,233.70,5000.000,5000.000,234.35,234.55,90.000,141.000,233.55,233.75,7500.000,7500.000,234.30,234.60,4499.000,1629.000,37500.000,22500.000,233.489,233.831,234.200,234.656,-0.800,-0.841
2017-03-20 14:04:00,233.704,234.497,712.000,56.000,233.60,233.70,2500.000,5000.000,234.40,234.55,337.000,350.000,233.55,233.80,5000.000,5000.000,234.35,234.60,4630.000,3001.000,20000.000,17500.000,233.473,233.900,234.300,234.629,-0.825,-0.854
2017-03-20 14:05:00,233.708,234.468,34.000,67.000,233.65,233.75,2500.000,5000.000,234.40,234.55,702.000,702.000,233.60,233.80,7500.000,5000.000,234.35,234.60,3713.000,3755.000,20000.000,22500.000,233.492,233.890,234.306,234.678,-0.775,-0.871
2017-03-20 14:06:00,233.468,234.383,200.000,1066.000,233.45,233.60,2500.000,5000.000,234.20,234.35,554.000,551.000,233.40,233.65,2500.000,5000.000,234.15,234.40,5119.000,9707.000,32500.000,20000.000,233.285,233.739,234.085,234.481,-0.750,-0.856
2017-03-20 14:07:00,233.479,234.348,32.000,714.000,233.45,233.60,2500.000,5000.000,234.20,234.35,582.000,524.000,233.40,233.65,2500.000,5000.000,234.15,234.40,4779.000,8080.000,30000.000,25000.000,233.277,233.745,234.083,234.510,-0.750,-0.840
2017-03-20 14:08:00,233.490,234.359,31.000,85.000,233.45,233.55,5000.000,5000.000,234.20,234.35,582.000,714.000,233.40,233.60,5000.000,5000.000,234.15,234.40,4778.000,5464.000,35000.000,22500.000,233.277,233.714,234.096,234.478,-0.775,-0.825
2017-03-20 14:09:00,233.609,234.464,49.000,100.000,233.60,233.70,5000.000,7500.000,234.35,234.50,67.000,90.000,233.55,233.75,7500.000,2500.000,234.30,234.55,2108.000,3388.000,32500.000,22500.000,233.454,233.838,234.262,234.600,-0.775,-0.815
2017-03-20 14:10:00,233.593,234.442,44.000,80.000,233.60,233.70,2500.000,7500.000,234.35,234.50,67.000,486.000,233.55,233.75,5000.000,2500.000,234.30,234.55,1816.000,3844.000,22500.000,22500.000,233.447,233.830,234.250,234.600,-0.775,-0.805
2017-03-20 14:11:00,233.641,234.482,448.000,80.000,233.60,233.70,2500.000,5000.000,234.40,234.50,252.000,90.000,233.55,233.75,5000.000,2500.000,234.35,234.55,3164.000,3241.000,25000.000,22500.000,233.473,233.840,234.285,234.611,-0.800,-0.785
2017-03-20 14:12:00,233.650,234.438,50.000,432.000,233.50,233.70,2500.000,2500.000,234.35,234.45,1315.000,733.000,233.45,233.75,5000.000,2500.000,234.30,234.50,5539.000,4042.000,25000.000,15000.000,233.365,233.803,234.250,234.567,-0.800,-0.769
2017-03-20 14:13:00,233.655,234.447,47.000,482.000,233.55,233.70,5000.000,2500.000,234.35,234.50,699.000,90.000,233.50,233.75,7500.000,2500.000,234.30,234.55,4580.000,3803.000,25000.000,20000.000,233.405,233.824,234.265,234.650,-0.800,-0.762
2017-03-20 14:14:00,233.660,234.468,374.000,315.000,233.55,233.75,2500.000,5000.000,234.35,234.50,502.000,701.000,233.50,233.80,7500.000,2500.000,234.30,234.55,4468.000,4632.000,25000.000,17500.000,233.409,233.863,234.255,234.600,-0.775,-0.762
2017-03-20 14:15:00,233.841,234.638,509.000,20.000,233.75,233.90,10000.000,2500.000,234.50,234.70,122.000,769.000,233.70,234.00,7500.000,5000.000,234.45,234.75,3482.000,3947.000,27500.000,15000.000,233.608,234.073,234.436,234.792,-0.775,-0.753
2017-03-20 14:16:00,233.869,234.612,411.000,19.000,233.75,233.90,7500.000,7500.000,234.50,234.70,122.000,438.000,233.70,233.95,5000.000,5000.000,234.45,234.75,3299.000,2429.000,22500.000,20000.000,233.603,234.023,234.428,234.769,-0.775,-0.758
2017-03-20 14:17:00,233.991,234.697,42.000,74.000,233.95,234.00,2500.000,5000.000,234.65,234.80,74.000,304.000,233.85,234.05,5000.000,5000.000,234.60,234.85,5887.000,3799.000,17500.000,22500.000,233.751,234.154,234.557,234.906,-0.750,-0.770
2017-03-20 14:18:00,234.038,234.795,20.000,150.000,234.00,234.15,5000.000,5000.000,234.75,234.90,60.000,1371.000,233.95,234.20,2500.000,2500.000,234.70,234.95,2785.000,4522.000,20000.000,27500.000,233.841,234.279,234.594,235.018,-0.750,-0.771
2017-03-20 14:19:00,233.980,234.789,9.000,406.000,234.10,234.15,5000.000,5000.000,234.70,234.85,4.000,1348.000,234.05,234.20,7500.000,2500.000,234.65,234.90,444.000,8194.000,27500.000,20000.000,233.943,234.288,234.573,234.950,-0.650,-0.756
2017-03-20 14:20:00,234.046,234.795,4317.000,338.000,234.10,234.15,5000.000,5000.000,234.75,234.85,54.000,1410.000,234.05,234.20,7500.000,2500.000,234.70,234.90,5191.000,8067.000,27500.000,22500.000,234.071,234.289,234.645,234.956,-0.675,-0.758
2017-03-20 14:21:00,234.055,234.826,4373.000,288.000,234.10,234.15,2500.000,5000.000,234.80,234.85,54.000,1068.000,234.05,234.20,5000.000,2500.000,234.75,234.90,5686.000,7675.000,25000.000,22500.000,234.062,234.294,234.695,234.956,-0.700,-0.760
2017-03-20 14:22:00,234.045,234.808,4275.000,288.000,234.10,234.15,5000.000,2500.000,234.75,234.85,54.000,1078.000,234.05,234.20,10000.000,2500.000,234.70,234.90,5112.000,7685.000,27500.000,17500.000,234.072,234.294,234.650,234.964,-0.675,-0.761
2017-03-20 14:23:00,234.061,234.822,4204.000,778.000,234.10,234.15,7500.000,2500.000,234.75,234.85,215.000,931.000,234.05,234.20,10000.000,2500.000,234.70,234.95,5219.000,6990.000,27500.000,22500.000,234.071,234.277,234.659,235.000,-0.675,-0.764
2017-03-20 14:24:00,234.212,234.945,50.000,256.000,234.20,234.30,2500.000,7500.000,234.90,235.00,4195.000,461.000,234.15,234.35,2500.000,5000.000,234.85,235.05,7835.000,9375.000,20000.000,30000.000,234.090,234.453,234.781,235.125,-0.700,-0.777
2017-03-20 14:25:00,234.107,234.867,3866.000,28.000,234.15,234.20,5000.000,17500.000,234.80,235.00,121.000,641.000,234.10,234.30,7500.000,2500.000,234.75,235.05,5420.000,6122.000,22500.000,37500.000,234.106,234.426,234.700,235.097,-0.725,-0.770
2017-03-20 14:26:00,234.097,234.881,3167.000,28.000,234.15,234.20,5000.000,2500.000,234.80,234.95,179.000,43.000,234.10,234.25,10000.000,12500.000,234.75,235.00,4668.000,5776.000,27500.000,25000.000,234.103,234.374,234.705,235.035,-0.700,-0.775
2017-03-20 14:27:00,234.116,234.886,2928.000,43.000,234.15,234.25,5000.000,2500.000,234.80,234.95,119.000,608.000,234.10,234.30,12500.000,12500.000,234.75,235.00,4401.000,7449.000,30000.000,25000.000,234.097,234.394,234.708,235.035,-0.675,-0.770
2017-03-20 14:28:00,234.130,234.904,2350.000,751.000,234.15,234.25,2500.000,2500.000,234.85,234.95,179.000,691.000,234.10,234.30,5000.000,7500.000,234.80,235.00,4629.000,8190.000,32500.000,25000.000,234.076,234.380,234.727,235.090,-0.700,-0.771
2017-03-20 14:29:00,234.083,234.882,1252.000,323.000,234.15,234.20,5000.000,5000.000,234.75,234.90,69.000,309.000,234.10,234.25,5000.000,5000.000,234.70,234.95,3031.000,9211.000,32500.000,22500.000,234.041,234.342,234.612,234.994,-0.650,-0.778
2017-03-20 14:30:00,234.136,234.860,1779.000,322.000,234.15,234.20,2500.000,5000.000,234.80,234.95,179.000,409.000,234.10,234.25,5000.000,7500.000,234.75,235.00,4633.000,5349.000,22500.000,27500.000,234.044,234.361,234.683,235.086,-0.700,-0.781
2017-03-20 14:31:00,234.110,234.919,576.000,381.000,234.20,234.25,2500.000,2500.000,234.85,234.95,200.000,658.000,234.15,234.30,5000.000,7500.000,234.80,235.00,2017.000,9397.000,27500.000,25000.000,234.091,234.394,234.732,235.095,-0.675,-0.770
2017-03-20 14:32:00,234.038,234.779,6.000,638.000,234.10,234.20,5000.000,5000.000,234.75,234.90,4.000,1410.000,234.05,234.25,2500.000,5000.000,234.70,234.95,1321.000,7672.000,15000.000,27500.000,233.925,234.320,234.667,235.005,-0.675,-0.763
2017-03-20 14:33:00,234.061,234.844,446.000,18.000,234.10,234.20,2500.000,5000.000,234.80,234.95,211.000,256.000,234.05,234.25,7500.000,10000.000,234.75,235.00,2991.000,5477.000,17500.000,27500.000,233.991,234.375,234.714,235.064,-0.725,-0.769
2017-03-20 14:34:00,234.018,234.850,13.000,18.000,234.15,234.20,5000.000,5000.000,234.75,234.95,4.000,256.000,234.05,234.25,5000.000,12500.000,234.70,235.00,1484.000,5625.000,25000.000,30000.000,233.931,234.374,234.610,235.058,-0.675,-0.755
2017-03-20 14:35:00,234.101,234.839,68.000,274.000,234.10,234.25,2500.000,5000.000,234.80,234.95,193.000,315.000,234.05,234.30,7500.000,12500.000,234.75,235.00,3365.000,6347.000,17500.000,30000.000,233.964,234.400,234.714,235.058,-0.700,-0.764
2017-03-20 14:36:00,234.211,234.964,590.000,87.000,234.15,234.35,2500.000,5000.000,234.90,235.00,5049.000,393.000,234.10,234.40,7500.000,2500.000,234.85,235.05,9071.000,10439.000,25000.000,20000.000,234.061,234.487,234.795,235.113,-0.700,-0.768
2017-03-20 14:37:00,234.127,234.836,4716.000,800.000,234.10,234.30,5000.000,2500.000,234.75,234.90,88.000,3628.000,234.05,234.35,5000.000,2500.000,234.70,234.95,7466.000,11790.000,27500.000,25000.000,234.043,234.418,234.600,235.020,-0.625,-0.771
2017-03-20 14:38:00,234.015,234.829,1927.000,353.000,234.10,234.15,5000.000,2500.000,234.70,234.85,90.000,367.000,234.05,234.20,10000.000,2500.000,234.65,234.90,3201.000,7606.000,35000.000,25000.000,234.043,234.316,234.596,235.015,-0.650,-0.772
2017-03-20 14:39:00,234.035,234.793,1002.000,555.000,234.10,234.15,5000.000,5000.000,234.75,234.85,88.000,367.000,234.05,234.20,5000.000,5000.000,234.65,234.90,2829.000,7640.000,30000.000,27500.000,234.006,234.293,234.592,234.955,-0.675,-0.771
2017-03-20 14:40:00,234.068,234.852,1203.000,388.000,234.10,234.15,5000.000,2500.000,234.75,234.90,394.000,367.000,234.05,234.20,5000.000,2500.000,234.70,234.95,3564.000,4478.000,30000.000,27500.000,234.010,234.319,234.596,235.018,-0.700,-0.781
2017-03-20 14:41:00,234.028,234.802,560.000,403.000,234.10,234.15,5000.000,2500.000,234.75,234.85,88.000,90.000,234.05,234.20,2500.000,5000.000,234.70,234.90,2520.000,7528.000,30000.000,27500.000,233.985,234.302,234.596,234.982,-0.675,-0.792
2017-03-20 14:42:00,234.028,234.753,8.000,403.000,234.10,234.15,5000.000,2500.000,234.75,234.80,28.000,440.000,234.05,234.20,2500.000,2500.000,234.70,234.85,1868.000,9349.000,20000.000,22500.000,233.951,234.276,234.644,234.933,-0.650,-0.812
2017-03-20 14:43:00,233.873,234.691,815.000,213.000,233.85,234.05,2500.000,5000.000,234.60,234.75,993.000,155.000,233.80,234.10,7500.000,7500.000,234.55,234.80,6831.000,10487.000,35000.000,32500.000,233.750,234.207,234.486,234.888,-0.725,-0.810
2017-03-20 14:44:00,233.782,234.538,908.000,118.000,233.65,233.90,5000.000,5000.000,234.50,234.60,1683.000,700.000,233.60,233.95,7500.000,7500.000,234.40,234.65,8658.000,7687.000,27500.000,35000.000,233.538,234.028,234.359,234.832,-0.775,-0.814
2017-03-20 14:45:00,233.652,234.485,431.000,70.000,233.65,233.80,7500.000,5000.000,234.35,234.55,575.000,1271.000,233.60,233.85,5000.000,7500.000,234.30,234.60,4204.000,7330.000,27500.000,22500.000,233.509,233.963,234.259,234.639,-0.725,-0.820
2017-03-20 14:46:00,233.659,234.485,498.000,69.000,233.65,233.80,7500.000,5000.000,234.35,234.55,575.000,447.000,233.60,233.85,5000.000,7500.000,234.30,234.60,4394.000,6643.000,27500.000,22500.000,233.512,233.976,234.259,234.639,-0.725,-0.828
2017-03-20 14:47:00,233.686,234.512,574.000,30.000,233.65,233.80,5000.000,2500.000,234.40,234.55,575.000,598.000,233.60,233.85,10000.000,5000.000,234.35,234.60,6332.000,7835.000,30000.000,20000.000,233.516,233.964,234.308,234.675,-0.750,-0.838
2017-03-20 14:48:00,233.790,234.600,121.000,2.000,233.70,233.85,7500.000,2500.000,234.50,234.65,1012.000,1356.000,233.65,233.90,2500.000,2500.000,234.45,234.70,6077.000,5162.000,25000.000,17500.000,233.565,233.989,234.410,234.764,-0.800,-0.845
2017-03-20 14:49:00,233.803,234.577,160.000,45.000,233.65,233.70,7500.000,5000.000,234.45,234.65,673.000,514.000,233.60,233.85,7500.000,2500.000,234.40,234.70,8168.000,4128.000,30000.000,20000.000,233.493,233.946,234.367,234.756,-0.875,-0.864
2017-03-20 14:50:00,233.633,234.495,82.000,45.000,233.60,233.70,10000.000,2500.000,234.40,234.50,134.000,110.000,233.55,233.75,7500.000,5000.000,234.35,234.55,3890.000,4427.000,32500.000,17500.000,233.452,233.856,234.319,234.607,-0.800,-0.848
2017-03-20 14:51:00,233.639,234.509,50.000,462.000,233.65,233.75,7500.000,5000.000,234.40,234.55,175.000,688.000,233.55,233.80,10000.000,7500.000,234.35,234.60,3969.000,6227.000,30000.000,25000.000,233.453,233.880,234.317,234.715,-0.775,-0.826
2017-03-20 14:52:00,233.620,234.495,234.000,422.000,233.55,233.75,7500.000,5000.000,234.40,234.50,751.000,726.000,233.50,233.80,5000.000,5000.000,234.35,234.55,6728.000,8309.000,32500.000,20000.000,233.410,233.898,234.296,234.581,-0.800,-0.832
2017-03-20 14:53:00,233.549,234.390,209.000,68.000,233.55,233.60,2500.000,2500.000,234.25,234.40,325.000,402.000,233.50,233.65,12500.000,5000.000,234.20,234.45,2728.000,4277.000,32500.000,20000.000,233.392,233.735,234.135,234.500,-0.750,-0.837
2017-03-20 14:54:00,233.554,234.425,40.000,71.000,233.60,233.65,10000.000,2500.000,234.25,234.45,101.000,486.000,233.55,233.70,10000.000,7500.000,234.20,234.50,1304.000,2974.000,37500.000,17500.000,233.455,233.801,234.153,234.536,-0.725,-0.801
2017-03-20 14:55:00,233.506,234.288,25.000,710.000,233.55,233.60,2500.000,2500.000,234.20,234.30,93.000,1008.000,233.50,233.65,2500.000,7500.000,234.15,234.35,2047.000,7423.000,25000.000,27500.000,233.368,233.720,234.070,234.427,-0.675,-0.806
2017-03-20 14:56:00,233.644,234.403,1105.000,84.000,233.50,233.70,5000.000,5000.000,234.35,234.50,783.000,110.000,233.45,233.75,5000.000,2500.000,234.30,234.55,6324.000,3529.000,17500.000,20000.000,233.382,233.867,234.257,234.588,-0.825,-0.786
2017-03-20 14:57:00,233.693,234.600,100.000,402.000,233.80,233.85,7500.000,5000.000,234.45,234.65,105.000,1110.000,233.75,233.90,5000.000,5000.000,234.40,234.70,1330.000,6178.000,27500.000,20000.000,233.614,233.984,234.345,234.744,-0.725,-0.749
2017-03-20 14:58:00,233.707,234.572,36.000,402.000,233.75,233.85,2500.000,7500.000,234.45,234.60,299.000,1155.000,233.65,233.90,5000.000,5000.000,234.40,234.65,4582.000,9257.000,25000.000,20000.000,233.534,233.999,234.325,234.669,-0.725,-0.741
2017-03-20 14:59:00,233.904,234.598,1552.000,647.000,233.75,233.90,2500.000,5000.000,234.60,234.75,691.000,266.000,233.70,233.95,7500.000,5000.000,234.55,234.80,7039.000,3050.000,20000.000,32500.000,233.632,234.011,234.475,234.912,-0.850,-0.756
2017-03-20 15:00:00,233.768,234.573,18.000,1002.000,233.80,233.95,2500.000,2500.000,234.50,234.65,20.000,950.000,233.75,234.00,7500.000,2500.000,234.45,234.70,2216.000,8514.000,20000.000,17500.000,233.647,234.069,234.412,234.786,-0.700,-0.742
2017-03-20 15:01:00,234.255,234.912,109.000,966.000,234.35,234.40,2500.000,5000.000,234.85,235.00,9.000,6131.000,234.25,234.45,7500.000,2500.000,234.80,235.05,2283.000,13017.000,20000.000,20000.000,234.077,234.483,234.738,235.100,-0.550,-0.768
2017-03-20 15:02:00,234.162,234.887,2.000,641.000,234.20,234.35,5000.000,5000.000,234.80,234.95,60.000,5710.000,234.15,234.40,5000.000,7500.000,234.75,235.00,2238.000,12446.000,20000.000,20000.000,234.033,234.452,234.681,235.037,-0.600,-0.795
2017-03-20 15:03:00,234.158,234.981,357.000,71.000,234.25,234.30,2500.000,7500.000,234.90,235.00,301.000,69.000,234.20,234.35,2500.000,2500.000,234.85,235.05,2344.000,8875.000,20000.000,20000.000,234.132,234.460,234.787,235.088,-0.675,-0.801
2017-03-20 15:04:00,234.328,235.095,442.000,408.000,234.35,234.50,2500.000,2500.000,235.05,235.20,647.000,51.000,234.30,234.60,10000.000,7500.000,235.00,235.25,4469.000,10732.000,25000.000,30000.000,234.250,234.703,234.955,235.321,-0.700,-0.818
2017-03-20 15:05:00,234.297,235.034,36.000,10.000,234.35,234.45,2500.000,5000.000,234.95,235.15,66.000,131.000,234.30,234.50,5000.000,5000.000,234.90,235.20,1985.000,5844.000,20000.000,27500.000,234.184,234.612,234.844,235.282,-0.650,-0.846
2017-03-20 15:06:00,234.148,234.937,282.000,618.000,234.10,234.25,2500.000,2500.000,234.80,234.95,583.000,352.000,234.05,234.30,10000.000,10000.000,234.75,235.00,5275.000,6013.000,27500.000,20000.000,233.986,234.392,234.709,235.069,-0.700,-0.853
2017-03-20 15:07:00,234.137,234.995,671.000,160.000,234.10,234.25,2500.000,10000.000,234.85,235.00,590.000,420.000,234.05,234.30,5000.000,2500.000,234.80,235.05,5811.000,6521.000,27500.000,22500.000,233.992,234.409,234.736,235.100,-0.750,-0.852
2017-03-20 15:08:00,234.193,235.047,523.000,903.000,234.25,234.40,2500.000,5000.000,235.00,235.05,724.000,150.000,234.20,234.45,2500.000,2500.000,234.95,235.10,2310.000,10678.000,22500.000,20000.000,234.179,234.517,234.883,235.162,-0.700,-0.859
2017-03-20 15:09:00,234.117,234.969,159.000,661.000,234.15,234.30,5000.000,5000.000,234.85,235.05,354.000,499.000,234.10,234.35,5000.000,2500.000,234.80,235.10,4051.000,11211.000,25000.000,20000.000,234.013,234.449,234.755,235.150,-0.725,-0.849
2017-03-20 15:10:00,234.142,235.016,793.000,50.000,234.15,234.30,7500.000,2500.000,234.90,235.10,422.000,60.000,234.10,234.35,2500.000,5000.000,234.85,235.15,5144.000,9895.000,22500.000,17500.000,234.017,234.460,234.817,235.200,-0.775,-0.826
2017-03-20 15:11:00,234.142,234.966,86.000,1594.000,234.20,234.35,7500.000,2500.000,234.90,235.05,200.000,4093.000,234.15,234.40,7500.000,5000.000,234.85,235.10,2440.000,17205.000,25000.000,22500.000,234.037,234.461,234.825,235.161,-0.700,-0.818
2017-03-20 15:12:00,234.018,234.874,200.000,412.000,234.15,234.20,2500.000,5000.000,234.80,234.95,24.000,1598.000,234.10,234.25,10000.000,12500.000,234.75,235.00,765.000,10381.000,25000.000,27500.000,234.039,234.354,234.690,235.023,-0.700,-0.808
2017-03-20 15:13:00,234.039,234.926,1488.000,752.000,234.00,234.25,7500.000,2500.000,234.85,234.95,1887.000,3444.000,233.95,234.30,5000.000,2500.000,234.80,235.00,6190.000,11848.000,27500.000,15000.000,233.918,234.364,234.768,235.050,-0.775,-0.788
2017-03-20 15:14:00,234.122,234.923,2845.000,560.000,234.10,234.25,2500.000,2500.000,234.85,234.95,412.000,1482.000,234.05,234.30,7500.000,2500.000,234.80,235.00,6891.000,9553.000,22500.000,15000.000,234.020,234.378,234.750,235.050,-0.725,-0.784
2017-03-20 15:15:00,234.216,234.977,1645.000,236.000,234.30,234.35,10000.000,5000.000,234.90,235.05,2291.000,968.000,234.25,234.40,7500.000,2500.000,234.85,235.10,4370.000,12681.000,30000.000,25000.000,234.256,234.496,234.821,235.155,-0.650,-0.769
2017-03-20 15:16:00,234.171,234.953,1975.000,10.000,234.25,234.30,2500.000,7500.000,234.95,235.00,639.000,2079.000,234.20,234.35,2500.000,2500.000,234.90,235.05,4900.000,14668.000,15000.000,22500.000,234.166,234.450,234.850,235.094,-0.700,-0.744
2017-03-20 15:17:00,234.167,234.975,986.000,804.000,234.25,234.30,2500.000,5000.000,234.90,235.00,92.000,1950.000,234.20,234.35,12500.000,2500.000,234.85,235.05,3670.000,17929.000,30000.000,20000.000,234.123,234.437,234.808,235.100,-0.675,-0.721
2017-03-20 15:18:00,234.148,234.936,21.000,260.000,234.20,234.25,2500.000,10000.000,234.85,235.00,19.000,768.000,234.15,234.30,5000.000,2500.000,234.80,235.05,1909.000,6245.000,22500.000,22500.000,234.017,234.389,234.756,235.072,-0.700,-0.686
2017-03-20 15:19:00,233.968,234.750,869.000,303.000,233.90,234.00,5000.000,7500.000,234.65,234.80,339.000,60.000,233.85,234.15,7500.000,2500.000,234.60,234.85,7244.000,8609.000,30000.000,22500.000,233.782,234.229,234.550,234.900,-0.775,-0.666
2017-03-20 15:20:00,234.156,234.840,23.000,2238.000,234.10,234.25,2500.000,10000.000,234.80,234.90,1068.000,2235.000,234.00,234.30,12500.000,2500.000,234.75,234.95,4103.000,6416.000,22500.000,27500.000,233.913,234.310,234.722,234.973,-0.675,-0.654
2017-03-20 15:21:00,234.134,234.790,2010.000,653.000,234.10,234.25,2500.000,5000.000,234.75,234.85,50.000,3302.000,234.05,234.30,5000.000,2500.000,234.70,234.90,3825.000,6205.000,17500.000,20000.000,234.030,234.331,234.650,234.950,-0.625,-0.699
2017-03-20 15:22:00,234.104,234.800,2401.000,100.000,234.15,234.25,5000.000,5000.000,234.75,234.85,117.000,2500.000,234.10,234.35,5000.000,2500.000,234.70,234.95,4393.000,10485.000,22500.000,30000.000,234.087,234.442,234.650,234.983,-0.600,-0.695
2017-03-20 15:23:00,234.090,234.705,53.000,171.000,234.05,234.15,2500.000,7500.000,234.70,234.85,1408.000,393.000,234.00,234.25,7500.000,5000.000,234.65,234.90,2455.000,2845.000,20000.000,35000.000,233.960,234.328,234.575,234.954,-0.675,-0.719
2017-03-20 15:24:00,234.003,234.685,63.000,170.000,234.05,234.10,2500.000,2500.000,234.70,234.80,590.000,50.000,234.00,234.20,5000.000,7500.000,234.65,234.85,1447.000,5357.000,17500.000,32500.000,233.953,234.280,234.607,234.927,-0.675,-0.703
2017-03-20 15:25:00,234.042,234.665,50.000,129.000,234.05,234.10,7500.000,5000.000,234.50,234.70,50.000,2500.000,234.00,234.15,12500.000,5000.000,234.45,234.75,2029.000,4256.000,40000.000,20000.000,233.776,234.183,234.387,234.794,-0.525,-0.723
2017-03-20 15:26:00,233.895,234.775,430.000,329.000,234.00,234.10,2500.000,2500.000,234.75,234.85,11.000,646.000,233.95,234.25,7500.000,2500.000,234.70,234.90,1094.000,9490.000,25000.000,30000.000,233.896,234.408,234.645,234.975,-0.750,-0.723
2017-03-20 15:27:00,234.174,234.847,896.000,1785.000,234.25,234.35,2500.000,5000.000,234.80,234.90,110.000,550.000,234.15,234.40,5000.000,7500.000,234.75,234.95,2306.000,8564.000,22500.000,25000.000,234.126,234.460,234.706,234.985,-0.550,-0.723
2017-03-20 15:28:00,233.957,234.694,200.000,36.000,233.80,233.95,5000.000,2500.000,234.65,234.85,50.000,2579.000,233.75,234.00,5000.000,15000.000,234.60,234.90,4492.000,2889.000,22500.000,40000.000,233.635,234.012,234.550,234.950,-0.875,-0.723
2017-03-20 15:29:00,234.056,234.656,852.000,3595.000,233.95,234.00,2500.000,2500.000,234.60,234.75,1228.000,200.000,233.85,234.10,10000.000,5000.000,234.55,234.85,3839.000,4145.000,25000.000,35000.000,233.746,234.035,234.500,234.911,-0.700,-0.723
2017-03-20 15:30:00,233.923,234.644,2518.000,4.000,233.65,233.85,2500.000,2500.000,234.45,234.55,300.000,33.000,233.60,234.00,5000.000,2500.000,234.40,234.70,4870.000,687.000,30000.000,12500.000,233.596,234.167,234.275,234.730,-0.750,-0.723
2017-03-21 09:16:00,235.550,235.847,410.000,373.000,235.55,235.75,2500.000,2500.000,235.90,236.20,739.000,388.000,235.50,235.80,2500.000,5000.000,235.55,236.25,2331.000,4542.000,15000.000,25000.000,235.442,235.908,235.483,236.490,-0.400,-0.359
2017-03-21 09:17:00,234.995,235.430,210.000,11.000,235.10,235.15,2500.000,5000.000,235.25,235.50,10.000,2067.000,235.05,235.20,5000.000,2500.000,235.20,235.80,576.000,5358.000,17500.000,20000.000,234.980,235.284,235.100,235.800,-0.250,-0.337
2017-03-21 09:18:00,235.504,235.915,212.000,500.000,235.55,235.60,5000.000,12500.000,235.80,236.00,1105.000,1425.000,235.50,235.75,5000.000,5000.000,235.75,236.20,2944.000,10101.000,20000.000,30000.000,235.455,235.823,235.719,236.158,-0.325,-0.339
2017-03-21 09:19:00,235.844,236.093,625.000,3408.000,235.90,236.00,7500.000,2500.000,236.00,236.20,354.000,2859.000,235.75,236.05,2500.000,2500.000,235.95,236.25,3067.000,10120.000,20000.000,17500.000,235.718,236.068,235.869,236.364,-0.150,-0.339
2017-03-21 09:20:00,235.617,235.933,706.000,149.000,235.55,235.70,7500.000,2500.000,235.85,236.10,50.000,520.000,235.50,235.75,5000.000,2500.000,235.80,236.15,2413.000,2140.000,20000.000,17500.000,235.446,235.844,235.731,236.200,-0.350,-0.331
2017-03-21 09:21:00,235.308,235.690,1045.000,15.000,235.35,235.45,2500.000,2500.000,235.65,235.75,50.000,926.000,235.30,235.50,2500.000,2500.000,235.55,235.90,3534.000,10399.000,17500.000,20000.000,235.224,235.584,235.479,235.969,-0.300,-0.331
2017-03-21 09:22:00,236.032,236.361,241.000,1768.000,235.95,236.00,10000.000,5000.000,236.20,236.50,502.000,20.000,235.90,236.05,2500.000,2500.000,236.15,236.55,2231.000,1886.000,25000.000,22500.000,235.841,236.009,236.105,236.600,-0.375,-0.352
2017-03-21 09:23:00,235.918,236.338,615.000,492.000,236.00,236.15,7500.000,2500.000,236.25,236.50,486.000,354.000,235.95,236.20,7500.000,10000.000,236.20,236.60,2051.000,11788.000,22500.000,30000.000,235.903,236.289,236.178,236.721,-0.300,-0.338
2017-03-21 09:24:00,235.814,236.061,465.000,349.000,235.70,235.90,5000.000,5000.000,236.05,236.30,604.000,354.000,235.65,235.95,2500.000,5000.000,235.95,236.35,7535.000,6808.000,17500.000,30000.000,235.549,236.047,235.886,236.412,-0.375,-0.395
2017-03-21 09:25:00,235.929,236.208,11.000,1085.000,235.95,236.00,5000.000,7500.000,236.25,236.40,62.000,25.000,235.90,236.05,2500.000,10000.000,236.05,236.45,3232.000,5940.000,22500.000,37500.000,235.772,236.156,236.022,236.513,-0.350,-0.422
2017-03-21 09:26:00,236.086,236.469,587.000,80.000,236.10,236.20,2500.000,5000.000,236.45,236.60,1037.000,141.000,236.05,236.25,5000.000,2500.000,236.40,236.75,5016.000,7343.000,20000.000,32500.000,235.985,236.370,236.319,236.804,-0.375,-0.400
2017-03-21 09:27:00,236.253,236.686,821.000,95.000,236.25,236.40,2500.000,2500.000,236.70,236.90,67.000,312.000,236.20,236.45,5000.000,5000.000,236.65,236.95,2690.000,4723.000,17500.000,37500.000,236.142,236.542,236.579,237.053,-0.475,-0.378
2017-03-21 09:28:00,236.415,236.762,8.000,145.000,236.30,236.35,2500.000,2500.000,236.70,236.90,315.000,100.000,236.25,236.45,2500.000,5000.000,236.60,236.95,3737.000,1862.000,20000.000,22500.000,236.146,236.561,236.537,237.006,-0.475,-0.362
2017-03-21 09:29:00,236.614,237.145,633.000,240.000,236.70,236.80,7500.000,2500.000,237.05,237.20,452.000,1797.000,236.65,236.85,10000.000,7500.000,237.00,237.25,3756.000,15475.000,27500.000,20000.000,236.564,236.965,236.982,237.325,-0.375,-0.333
2017-03-21 09:30:00,237.026,237.441,362.000,775.000,237.00,237.05,5000.000,2500.000,237.45,237.60,908.000,5.000,236.95,237.10,5000.000,10000.000,237.40,237.70,3477.000,2807.000,20000.000,35000.000,236.890,237.190,237.319,237.750,-0.500,-0.328
2017-03-21 09:31:00,237.403,237.679,400.000,3325.000,237.45,237.60,5000.000,2500.000,237.70,237.85,110.000,1604.000,237.35,237.65,5000.000,12500.000,237.65,237.90,4050.000,14946.000,17500.000,47500.000,237.288,237.693,237.621,237.963,-0.250,-0.345
2017-03-21 09:32:00,237.513,237.835,337.000,338.000,237.50,237.65,2500.000,7500.000,237.75,237.95,813.000,320.000,237.40,237.70,5000.000,17500.000,237.70,238.00,8053.000,11375.000,22500.000,35000.000,237.303,237.791,237.600,238.036,-0.275,-0.367
2017-03-21 09:33:00,237.382,237.646,768.000,3596.000,237.40,237.60,5000.000,5000.000,237.65,237.80,160.000,4548.000,237.30,237.65,7500.000,2500.000,237.60,237.85,4830.000,15646.000,22500.000,42500.000,237.231,237.686,237.561,237.932,-0.225,-0.370
2017-03-21 09:34:00,237.177,237.566,690.000,756.000,237.10,237.35,2500.000,7500.000,237.50,237.60,1814.000,449.000,237.05,237.40,2500.000,2500.000,237.45,237.75,9267.000,11072.000,17500.000,22500.000,237.004,237.498,237.336,237.767,-0.325,-0.335
2017-03-21 09:35:00,237.109,237.500,122.000,11.000,237.05,237.15,2500.000,5000.000,237.40,237.55,2419.000,5.000,237.00,237.20,2500.000,5000.000,237.25,237.60,5834.000,4550.000,22500.000,17500.000,236.937,237.289,237.172,237.650,-0.375,-0.298
2017-03-21 09:36:00,236.983,237.344,1762.000,38.000,237.00,237.05,7500.000,5000.000,237.25,237.45,71.000,149.000,236.95,237.10,2500.000,2500.000,237.20,237.50,5286.000,5998.000,20000.000,20000.000,236.895,237.218,237.169,237.556,-0.325,-0.277
2017-03-21 09:37:00,237.005,237.437,345.000,1383.000,237.00,237.15,5000.000,5000.000,237.30,237.50,325.000,65.000,236.95,237.20,7500.000,2500.000,237.25,237.55,2888.000,6473.000,27500.000,20000.000,236.870,237.268,237.214,237.600,-0.325,-0.240
2017-03-21 09:38:00,237.224,237.504,4.000,288.000,237.10,237.20,2500.000,5000.000,237.45,237.65,389.000,2876.000,237.05,237.25,7500.000,12500.000,237.40,237.70,9218.000,3963.000,22500.000,35000.000,236.993,237.271,237.317,237.743,-0.400,-0.231
2017-03-21 09:39:00,237.265,237.476,980.000,917.000,237.05,237.25,2500.000,7500.000,237.55,237.70,5943.000,115.000,237.00,237.30,5000.000,5000.000,237.40,237.75,14634.000,3869.000,20000.000,47500.000,236.944,237.380,237.356,237.829,-0.475,-0.256
2017-03-21 09:40:00,237.303,237.511,59.000,2008.000,237.15,237.20,2500.000,10000.000,237.55,237.70,727.000,100.000,237.10,237.25,2500.000,2500.000,237.40,237.75,17188.000,4004.000,22500.000,45000.000,236.994,237.274,237.333,237.819,-0.450,-0.283
2017-03-21 09:41:00,237.284,237.536,3773.000,11.000,237.10,237.25,2500.000,2500.000,237.55,237.75,289.000,364.000,237.05,237.30,2500.000,7500.000,237.50,237.80,19350.000,3797.000,15000.000,40000.000,236.998,237.413,237.442,237.872,-0.475,-0.313
2017-03-21 09:42:00,237.299,237.544,103.000,71.000,237.30,237.35,5000.000,2500.000,237.55,237.75,785.000,1272.000,237.25,237.40,2500.000,10000.000,237.50,237.80,6572.000,10055.000,20000.000,45000.000,237.129,237.496,237.450,237.875,-0.325,-0.328
2017-03-21 09:43:00,237.415,237.655,1279.000,627.000,237.20,237.40,5000.000,5000.000,237.60,237.80,2327.000,1064.000,237.15,237.45,5000.000,10000.000,237.55,237.85,23584.000,10032.000,30000.000,45000.000,237.042,237.520,237.496,237.911,-0.400,-0.348
2017-03-21 09:44:00,237.340,237.676,301.000,1043.000,237.25,237.40,2500.000,2500.000,237.65,237.80,1454.000,1064.000,237.20,237.45,10000.000,12500.000,237.60,237.85,10420.000,10123.000,30000.000,47500.000,237.115,237.511,237.546,237.918,-0.400,-0.361
2017-03-21 09:45:00,237.234,237.573,138.000,60.000,237.25,237.35,5000.000,2500.000,237.60,237.75,70.000,2258.000,237.20,237.40,2500.000,2500.000,237.55,237.80,6186.000,12890.000,15000.000,40000.000,237.112,237.488,237.517,237.875,-0.375,-0.378
2017-03-21 09:46:00,237.288,237.692,1193.000,1494.000,237.30,237.40,2500.000,7500.000,237.65,237.85,173.000,172.000,237.25,237.45,5000.000,17500.000,237.60,237.90,5907.000,12086.000,25000.000,50000.000,237.176,237.527,237.530,237.940,-0.400,-0.382
2017-03-21 09:47:00,237.338,237.658,3.000,1000.000,237.40,237.45,5000.000,5000.000,237.60,237.85,92.000,3697.000,237.35,237.50,12500.000,17500.000,237.55,237.90,3605.000,12224.000,30000.000,52500.000,237.201,237.558,237.517,237.962,-0.300,-0.369
2017-03-21 09:48:00,237.306,237.650,2042.000,52.000,237.20,237.25,2500.000,2500.000,237.50,237.65,580.000,412.000,237.15,237.35,2500.000,2500.000,237.45,237.70,17399.000,9917.000,25000.000,12500.000,237.031,237.470,237.375,237.750,-0.350,-0.322
2017-03-21 09:49:00,237.219,237.617,906.000,1182.000,237.30,237.40,2500.000,2500.000,237.60,237.75,128.000,816.000,237.20,237.45,5000.000,5000.000,237.50,237.80,3654.000,12327.000,27500.000,30000.000,237.140,237.526,237.409,237.871,-0.325,-0.271
2017-03-21 09:50:00,237.753,238.176,554.000,7076.000,237.75,238.00,2500.000,5000.000,238.10,238.30,402.000,2876.000,237.70,238.05,5000.000,10000.000,238.05,238.40,4807.000,18820.000,30000.000,47500.000,237.615,238.094,237.975,238.476,-0.325,-0.220
2017-03-21 09:51:00,237.646,238.067,1528.000,1009.000,237.70,237.85,2500.000,2500.000,238.05,238.15,445.000,992.000,237.60,237.90,5000.000,5000.000,238.00,238.25,7767.000,19690.000,20000.000,30000.000,237.534,237.987,237.906,238.346,-0.325,-0.168
2017-03-21 09:52:00,237.798,238.056,10.000,305.000,237.85,237.90,2500.000,2500.000,238.10,238.20,2400.000,2351.000,237.80,237.95,2500.000,2500.000,238.05,238.30,8494.000,19615.000,15000.000,45000.000,237.754,238.038,237.983,238.447,-0.275,-0.153
2017-03-21 09:53:00,238.003,238.110,448.000,6287.000,237.95,238.05,2500.000,7500.000,238.10,238.15,10546.000,2384.000,237.90,238.10,2500.000,2500.000,238.05,238.35,15787.000,15526.000,22500.000,42500.000,237.863,238.132,237.989,238.388,-0.125,-0.169
2017-03-21 09:54:00,238.225,238.372,851.000,11.000,238.05,238.15,5000.000,10000.000,238.25,238.40,2740.000,4759.000,238.00,238.30,12500.000,12500.000,238.20,238.50,21094.000,11891.000,47500.000,47500.000,237.915,238.351,238.137,238.561,-0.225,-0.197
2017-03-21 09:55:00,238.246,238.414,210.000,1450.000,238.15,238.20,5000.000,2500.000,238.40,238.55,797.000,375.000,238.10,238.25,2500.000,10000.000,238.35,238.60,19803.000,8288.000,22500.000,47500.000,238.007,238.337,238.283,238.708,-0.300,-0.216
2017-03-21 09:56:00,238.089,238.248,12360.000,60.000,238.00,238.15,2500.000,2500.000,238.25,238.35,767.000,4435.000,237.95,238.20,2500.000,2500.000,238.20,238.45,18152.000,9706.000,20000.000,37500.000,237.957,238.256,238.131,238.540,-0.225,-0.245
2017-03-21 09:57:00,238.151,238.336,12446.000,60.000,238.00,238.15,2500.000,2500.000,238.25,238.45,497.000,590.000,237.95,238.20,5000.000,2500.000,238.20,238.50,19467.000,3296.000,25000.000,27500.000,237.947,238.302,238.135,238.573,-0.275,-0.266
2017-03-21 09:58:00,238.254,238.441,567.000,654.000,238.15,238.20,2500.000,2500.000,238.30,238.45,575.000,310.000,238.10,238.25,2500.000,5000.000,238.25,238.50,13841.000,5109.000,47500.000,25000.000,238.008,238.334,238.176,238.560,-0.200,-0.278
2017-03-21 09:59:00,238.045,238.331,14907.000,1.000,238.00,238.05,5000.000,2500.000,238.20,238.40,366.000,1.000,237.95,238.10,5000.000,5000.000,238.15,238.45,20478.000,5362.000,40000.000,32500.000,237.953,238.203,238.062,238.523,-0.275,-0.280
2017-03-21 10:00:00,238.100,238.365,19.000,11.000,238.05,238.10,10000.000,2500.000,238.20,238.40,12623.000,2158.000,238.00,238.15,2500.000,2500.000,238.15,238.45,14290.000,5494.000,50000.000,27500.000,237.988,238.211,238.067,238.541,-0.225,-0.250
2017-03-21 10:01:00,238.058,238.362,10972.000,10.000,238.00,238.05,7500.000,2500.000,238.20,238.35,366.000,2189.000,237.95,238.10,2500.000,2500.000,238.15,238.40,16105.000,4862.000,50000.000,22500.000,237.947,238.139,238.058,238.478,-0.250,-0.218
2017-03-21 10:02:00,237.801,238.089,10.000,727.000,237.85,237.90,5000.000,2500.000,237.95,238.15,650.000,50.000,237.80,237.95,2500.000,2500.000,237.90,238.20,1362.000,3236.000,25000.000,20000.000,237.735,238.039,237.850,238.294,-0.175,-0.169
2017-03-21 10:03:00,237.966,238.214,350.000,1562.000,237.95,238.00,2500.000,2500.000,238.05,238.20,2296.000,821.000,237.80,238.05,7500.000,2500.000,238.00,238.30,8192.000,7150.000,35000.000,20000.000,237.717,238.102,237.925,238.356,-0.150,-0.148
2017-03-21 10:04:00,237.722,238.018,442.000,157.000,237.75,237.80,7500.000,2500.000,237.90,238.00,399.000,50.000,237.70,237.90,2500.000,2500.000,237.85,238.15,4493.000,7711.000,32500.000,22500.000,237.633,238.018,237.792,238.211,-0.175,-0.117
2017-03-21 10:05:00,237.655,237.770,137.000,10.000,237.55,237.60,5000.000,2500.000,237.70,237.95,2169.000,935.000,237.50,237.70,5000.000,5000.000,237.60,238.00,6068.000,3109.000,17500.000,20000.000,237.426,237.774,237.571,238.056,-0.250,-0.116
2017-03-21 10:06:00,237.640,237.782,1398.000,412.000,237.55,237.70,7500.000,2500.000,237.65,237.80,2319.000,2172.000,237.50,237.75,10000.000,2500.000,237.60,237.95,6823.000,6068.000,32500.000,22500.000,237.454,237.786,237.558,238.006,-0.100,-0.099
2017-03-21 10:07:00,237.783,237.827,65.000,652.000,237.70,237.75,7500.000,2500.000,237.80,237.95,257.000,600.000,237.60,237.80,10000.000,5000.000,237.65,238.00,5575.000,2667.000,27500.000,22500.000,237.510,237.854,237.659,238.067,-0.150,-0.128
2017-03-21 10:08:00,237.736,237.875,3090.000,11.000,237.60,237.65,12500.000,5000.000,237.80,238.05,1172.000,115.000,237.55,237.70,5000.000,5000.000,237.70,238.10,11415.000,754.000,35000.000,30000.000,237.496,237.783,237.661,238.162,-0.300,-0.122
2017-03-21 10:09:00,237.796,237.941,25.000,87.000,237.65,237.70,5000.000,2500.000,237.90,238.00,1068.000,80.000,237.60,237.75,10000.000,5000.000,237.80,238.10,10643.000,1726.000,30000.000,27500.000,237.509,237.836,237.767,238.168,-0.275,-0.120
2017-03-21 10:10:00,237.757,237.866,217.000,136.000,237.60,237.70,5000.000,2500.000,237.80,237.95,1122.000,324.000,237.55,237.75,2500.000,7500.000,237.75,238.00,8891.000,2618.000,25000.000,22500.000,237.458,237.831,237.670,238.056,-0.225,-0.116
2017-03-21 10:11:00,237.778,237.833,1462.000,77.000,237.60,237.75,5000.000,2500.000,237.80,237.95,1072.000,878.000,237.55,237.80,5000.000,7500.000,237.70,238.00,9715.000,3233.000,25000.000,27500.000,237.472,237.875,237.670,238.059,-0.200,-0.098
2017-03-21 10:12:00,237.603,237.794,170.000,3257.000,237.65,237.75,2500.000,42500.000,237.70,237.80,594.000,1406.000,237.60,237.80,5000.000,5000.000,237.65,237.95,3534.000,13336.000,35000.000,62500.000,237.511,237.873,237.532,237.866,-0.050,-0.097
2017-03-21 10:13:00,237.548,237.656,52.000,11.000,237.60,237.65,2500.000,2500.000,237.60,237.75,100.000,1402.000,237.55,237.70,5000.000,42500.000,237.55,237.80,4018.000,10131.000,32500.000,57500.000,237.468,237.794,237.469,237.822,-0.050,-0.102
2017-03-21 10:14:00,237.516,237.657,74.000,5.000,237.60,237.65,7500.000,25000.000,237.55,237.70,71.000,875.000,237.55,237.70,12500.000,5000.000,237.50,237.75,3142.000,14458.000,55000.000,60000.000,237.471,237.791,237.411,237.771,0.000,-0.119
2017-03-21 10:15:00,237.458,237.543,975.000,6178.000,237.50,237.55,7500.000,2500.000,237.50,237.65,70.000,10.000,237.45,237.60,2500.000,25000.000,237.45,237.70,4807.000,15761.000,37500.000,57500.000,237.368,237.660,237.383,237.752,-0.050,-0.123
2017-03-21 10:16:00,237.388,237.357,213.000,4863.000,237.45,237.50,5000.000,10000.000,237.30,237.50,102.000,2600.000,237.40,237.55,5000.000,2500.000,237.25,237.55,1493.000,17943.000,37500.000,50000.000,237.321,237.582,237.183,237.637,0.075,-0.146
2017-03-21 10:17:00,237.243,237.425,747.000,50.000,237.30,237.35,10000.000,2500.000,237.25,237.40,565.000,4891.000,237.25,237.40,5000.000,2500.000,237.15,237.45,4431.000,14393.000,47500.000,12500.000,237.185,237.476,237.103,237.500,-0.000,-0.114
2017-03-21 10:18:00,237.033,237.167,999.000,1117.000,237.10,237.30,2500.000,5000.000,237.15,237.35,90.000,64.000,237.05,237.35,5000.000,5000.000,237.10,237.40,3593.000,14895.000,20000.000,40000.000,236.989,237.458,237.037,237.591,-0.050,-0.088
2017-03-21 10:19:00,236.887,237.115,485.000,11.000,236.75,236.85,5000.000,10000.000,237.00,237.15,1460.000,868.000,236.70,236.90,2500.000,7500.000,236.95,237.20,6393.000,1808.000,22500.000,27500.000,236.643,236.960,236.883,237.250,-0.275,-0.038
2017-03-21 10:20:00,237.221,237.324,118.000,11.000,237.20,237.25,5000.000,2500.000,237.30,237.50,100.000,160.000,237.15,237.30,7500.000,2500.000,237.25,237.55,2078.000,2292.000,27500.000,35000.000,237.029,237.410,237.173,237.664,-0.175,-0.057
2017-03-21 10:21:00,237.286,237.372,168.000,1800.000,237.25,237.30,5000.000,5000.000,237.35,237.55,115.000,50.000,237.20,237.35,5000.000,7500.000,237.30,237.60,2149.000,3145.000,25000.000,50000.000,237.103,237.374,237.245,237.670,-0.175,-0.068
2017-03-21 10:22:00,237.316,237.338,638.000,1379.000,237.20,237.30,2500.000,2500.000,237.35,237.50,262.000,50.000,237.15,237.35,2500.000,2500.000,237.30,237.55,7822.000,4401.000,20000.000,42500.000,237.047,237.426,237.213,237.653,-0.175,-0.113
2017-03-21 10:23:00,237.353,237.355,150.000,50.000,237.25,237.30,2500.000,7500.000,237.35,237.60,9.000,110.000,237.20,237.40,2500.000,7500.000,237.30,237.65,2872.000,1853.000,20000.000,62500.000,237.081,237.499,237.219,237.716,-0.200,-0.145
2017-03-21 10:24:00,237.351,237.332,4.000,250.000,237.20,237.25,2500.000,2500.000,237.30,237.55,151.000,502.000,237.15,237.30,2500.000,5000.000,237.25,237.60,3725.000,1245.000,17500.000,37500.000,237.019,237.337,237.186,237.673,-0.200,-0.173
2017-03-21 10:25:00,237.076,237.271,194.000,60.000,237.05,237.15,2500.000,5000.000,237.15,237.30,1294.000,761.000,237.00,237.20,2500.000,2500.000,237.10,237.40,4244.000,6146.000,25000.000,22500.000,236.911,237.272,237.020,237.444,-0.125,-0.182
2017-03-21 10:26:00,237.100,237.240,1238.000,841.000,237.00,237.05,2500.000,5000.000,237.15,237.35,75.000,462.000,236.95,237.20,12500.000,7500.000,237.00,237.40,5696.000,3945.000,32500.000,27500.000,236.876,237.249,236.946,237.441,-0.225,-0.173
2017-03-21 10:27:00,237.102,237.350,238.000,60.000,237.00,237.15,7500.000,2500.000,237.20,237.40,186.000,134.000,236.95,237.20,5000.000,2500.000,237.15,237.45,3954.000,2710.000,32500.000,20000.000,236.866,237.314,237.088,237.512,-0.225,-0.154
2017-03-21 10:28:00,237.219,237.378,449.000,78.000,237.20,237.25,2500.000,2500.000,237.35,237.50,564.000,316.000,237.05,237.30,7500.000,2500.000,237.30,237.55,5925.000,3016.000,30000.000,37500.000,236.999,237.407,237.233,237.663,-0.200,-0.156
2017-03-21 10:29:00,237.240,237.364,571.000,99.000,237.05,237.20,2500.000,2500.000,237.30,237.50,1946.000,122.000,237.00,237.25,5000.000,5000.000,237.25,237.60,6473.000,1450.000,25000.000,37500.000,236.935,237.341,237.200,237.670,-0.275,-0.178
2017-03-21 10:30:00,237.168,237.405,752.000,60.000,237.05,237.20,2500.000,2500.000,237.20,237.40,359.000,402.000,237.00,237.25,2500.000,7500.000,237.15,237.50,5075.000,3510.000,32500.000,17500.000,236.904,237.339,237.000,237.529,-0.175,-0.180
2017-03-21 10:31:00,237.217,237.312,514.000,60.000,237.20,237.30,2500.000,2500.000,237.30,237.50,50.000,455.000,237.15,237.35,5000.000,5000.000,237.25,237.55,5166.000,6461.000,22500.000,40000.000,237.048,237.470,237.200,237.650,-0.150,-0.191
2017-03-21 10:32:00,237.135,237.291,959.000,11.000,237.10,237.15,2500.000,5000.000,237.20,237.35,535.000,1090.000,237.05,237.20,5000.000,7500.000,237.15,237.40,5213.000,3923.000,27500.000,27500.000,236.997,237.272,237.068,237.450,-0.150,-0.203
2017-03-21 10:33:00,236.997,237.166,268.000,11.000,236.90,236.95,2500.000,2500.000,237.05,237.20,179.000,1155.000,236.85,237.00,7500.000,5000.000,237.00,237.25,5563.000,2335.000,22500.000,17500.000,236.762,237.071,236.944,237.329,-0.200,-0.203
2017-03-21 10:34:00,236.838,237.072,39.000,31.000,236.90,236.95,2500.000,5000.000,237.00,237.10,101.000,388.000,236.85,237.00,5000.000,2500.000,236.95,237.15,2658.000,6210.000,20000.000,20000.000,236.749,237.124,236.894,237.238,-0.125,-0.208
2017-03-21 10:35:00,236.798,237.044,905.000,1169.000,236.80,237.05,5000.000,5000.000,236.95,237.05,1303.000,1103.000,236.75,237.10,5000.000,2500.000,236.90,237.15,6028.000,17085.000,27500.000,17500.000,236.696,237.177,236.832,237.171,-0.075,-0.184
2017-03-21 10:36:00,236.984,237.132,314.000,565.000,236.95,237.00,5000.000,2500.000,237.00,237.15,591.000,10.000,236.85,237.05,5000.000,2500.000,236.95,237.20,6022.000,3915.000,35000.000,20000.000,236.769,237.152,236.886,237.319,-0.100,-0.184
2017-03-21 10:37:00,236.942,237.160,453.000,997.000,237.00,237.10,2500.000,5000.000,237.05,237.20,190.000,147.000,236.95,237.15,12500.000,7500.000,237.00,237.25,3346.000,12054.000,35000.000,27500.000,236.858,237.242,236.946,237.336,-0.075,-0.157
2017-03-21 10:38:00,237.039,237.208,111.000,575.000,237.00,237.10,2500.000,2500.000,237.15,237.25,578.000,11.000,236.95,237.15,2500.000,5000.000,237.10,237.30,3918.000,4452.000,25000.000,25000.000,236.860,237.237,237.025,237.360,-0.150,-0.160
2017-03-21 10:39:00,236.976,237.237,78.000,11.000,237.05,237.10,2500.000,2500.000,237.10,237.20,93.000,16.000,237.00,237.15,5000.000,2500.000,237.05,237.30,3378.000,10124.000,42500.000,22500.000,236.879,237.273,236.976,237.361,-0.075,-0.140
2017-03-21 10:40:00,237.069,237.193,157.000,486.000,237.15,237.20,10000.000,2500.000,237.10,237.20,105.000,593.000,237.10,237.25,7500.000,2500.000,237.05,237.30,2393.000,14338.000,45000.000,27500.000,236.979,237.331,237.011,237.391,0.025,-0.119
2017-03-21 10:41:00,237.130,237.278,739.000,11.000,237.10,237.15,5000.000,7500.000,237.15,237.30,462.000,1370.000,237.05,237.25,7500.000,5000.000,237.10,237.35,5275.000,5366.000,42500.000,30000.000,236.977,237.352,237.041,237.408,-0.100,-0.138
2017-03-21 10:42:00,237.197,237.283,208.000,36.000,237.10,237.15,2500.000,5000.000,237.15,237.30,60.000,1000.000,237.05,237.20,10000.000,5000.000,237.10,237.35,4029.000,1872.000,45000.000,27500.000,236.962,237.249,237.044,237.418,-0.100,-0.166
2017-03-21 10:43:00,237.168,237.348,106.000,996.000,237.05,237.20,2500.000,5000.000,237.20,237.35,1515.000,160.000,237.00,237.25,5000.000,7500.000,237.15,237.40,4546.000,3100.000,35000.000,25000.000,236.929,237.307,237.075,237.460,-0.150,-0.181
2017-03-21 10:44:00,237.219,237.384,108.000,251.000,237.15,237.20,2500.000,7500.000,237.25,237.40,115.000,150.000,237.10,237.25,12500.000,2500.000,237.20,237.45,3566.000,2195.000,35000.000,20000.000,237.001,237.343,237.143,237.481,-0.150,-0.183
2017-03-21 10:45:00,237.551,237.566,466.000,899.000,237.45,237.50,5000.000,25000.000,237.50,237.70,160.000,114.000,237.40,237.55,7500.000,5000.000,237.45,237.75,4610.000,2537.000,42500.000,72500.000,237.288,237.601,237.406,237.805,-0.125,-0.204
2017-03-21 10:46:00,237.394,237.638,25.000,11.000,237.50,237.55,5000.000,20000.000,237.55,237.70,115.000,352.000,237.45,237.65,15000.000,2500.000,237.50,237.75,2137.000,12913.000,45000.000,52500.000,237.342,237.766,237.453,237.771,-0.100,-0.194
2017-03-21 10:47:00,237.618,237.845,957.000,11.000,237.60,237.65,2500.000,12500.000,237.70,237.80,403.000,146.000,237.55,237.70,5000.000,5000.000,237.65,237.95,4526.000,3404.000,45000.000,37500.000,237.494,237.814,237.564,237.943,-0.125,-0.185
2017-03-21 10:48:00,237.657,237.911,793.000,39.000,237.70,237.75,5000.000,2500.000,237.80,237.90,1065.000,249.000,237.65,237.80,5000.000,2500.000,237.75,237.95,5807.000,10680.000,40000.000,17500.000,237.576,237.979,237.691,238.014,-0.125,-0.158
2017-03-21 10:49:00,237.874,238.048,298.000,1816.000,237.85,237.90,5000.000,2500.000,238.00,238.15,410.000,361.000,237.80,237.95,2500.000,5000.000,237.90,238.20,4387.000,7564.000,25000.000,25000.000,237.701,238.011,237.860,238.260,-0.200,-0.164
2017-03-21 10:50:00,237.771,237.892,252.000,200.000,237.70,237.75,5000.000,2500.000,237.85,237.95,251.000,1122.000,237.65,237.80,5000.000,2500.000,237.80,238.00,7022.000,4981.000,22500.000,22500.000,237.540,237.874,237.761,238.122,-0.175,-0.169
2017-03-21 10:51:00,237.767,237.963,556.000,244.000,237.70,237.75,2500.000,5000.000,237.85,238.00,210.000,1025.000,237.65,237.80,2500.000,2500.000,237.75,238.05,6253.000,4273.000,35000.000,22500.000,237.553,237.872,237.671,238.111,-0.200,-0.157
2017-03-21 10:52:00,237.720,237.902,248.000,1097.000,237.70,237.80,2500.000,5000.000,237.80,237.95,20.000,192.000,237.65,237.85,2500.000,12500.000,237.75,238.00,7242.000,10127.000,27500.000,30000.000,237.525,237.963,237.650,238.029,-0.125,-0.167
2017-03-21 10:53:00,237.703,237.824,423.000,11.000,237.60,237.65,2500.000,2500.000,237.70,237.90,1518.000,407.000,237.55,237.70,7500.000,2500.000,237.65,237.95,7277.000,1798.000,32500.000,30000.000,237.488,237.788,237.569,238.000,-0.175,-0.184
2017-03-21 10:54:00,237.653,237.856,104.000,407.000,237.60,237.70,5000.000,2500.000,237.70,237.90,259.000,67.000,237.55,237.75,5000.000,2500.000,237.65,237.95,4654.000,4150.000,40000.000,25000.000,237.475,237.839,237.584,238.000,-0.150,-0.184
2017-03-21 10:55:00,237.612,237.755,320.000,1100.000,237.55,237.65,2500.000,2500.000,237.65,237.85,668.000,452.000,237.50,237.75,12500.000,2500.000,237.60,237.90,3632.000,4807.000,40000.000,35000.000,237.415,237.792,237.528,237.979,-0.150,-0.201
2017-03-21 10:56:00,237.769,237.908,356.000,1446.000,237.70,237.90,2500.000,2500.000,237.80,237.95,260.000,787.000,237.65,237.95,7500.000,20000.000,237.75,238.00,8007.000,13140.000,32500.000,32500.000,237.542,238.007,237.688,238.046,-0.075,-0.212
2017-03-21 10:57:00,237.663,237.894,716.000,1479.000,237.65,237.85,2500.000,2500.000,237.80,237.95,824.000,1147.000,237.60,237.90,5000.000,22500.000,237.75,238.00,7159.000,14710.000,30000.000,35000.000,237.533,237.986,237.692,238.043,-0.125,-0.203
2017-03-21 10:58:00,237.663,237.866,176.000,11.000,237.60,237.65,2500.000,5000.000,237.75,237.95,1501.000,527.000,237.55,237.75,7500.000,20000.000,237.70,238.00,4328.000,3400.000,32500.000,37500.000,237.493,237.816,237.631,238.047,-0.225,-0.189
2017-03-21 10:59:00,237.702,237.904,569.000,11.000,237.70,237.75,2500.000,2500.000,237.80,237.95,259.000,1109.000,237.65,237.80,7500.000,17500.000,237.75,238.00,6284.000,7513.000,32500.000,27500.000,237.554,237.910,237.696,238.023,-0.150,-0.177
2017-03-21 11:00:00,237.665,237.894,201.000,300.000,237.70,237.75,5000.000,2500.000,237.80,237.90,12.000,1244.000,237.65,237.80,7500.000,12500.000,237.75,238.00,4034.000,8565.000,32500.000,30000.000,237.532,237.905,237.696,238.075,-0.125,-0.171
2017-03-21 11:01:00,237.685,237.878,314.000,210.000,237.70,237.75,5000.000,2500.000,237.80,237.90,1364.000,291.000,237.65,237.80,7500.000,2500.000,237.75,237.95,5843.000,7610.000,40000.000,27500.000,237.566,237.918,237.700,238.000,-0.125,-0.171
2017-03-21 11:02:00,237.561,237.748,256.000,95.000,237.65,237.70,10000.000,2500.000,237.70,237.85,134.000,1722.000,237.60,237.80,7500.000,2500.000,237.60,237.90,3443.000,15375.000,45000.000,37500.000,237.499,237.913,237.556,237.987,-0.100,-0.150
2017-03-21 11:03:00,237.647,237.780,890.000,693.000,237.55,237.70,2500.000,2500.000,237.75,237.85,3342.000,522.000,237.50,237.75,20000.000,2500.000,237.65,237.90,8786.000,6339.000,45000.000,37500.000,237.446,237.820,237.594,237.987,-0.175,-0.117
2017-03-21 11:04:00,237.573,237.716,69.000,11.000,237.60,237.65,5000.000,5000.000,237.65,237.80,374.000,544.000,237.50,237.70,2500.000,2500.000,237.60,237.85,5311.000,7471.000,37500.000,35000.000,237.384,237.801,237.537,237.946,-0.100,-0.109
2017-03-21 11:05:00,237.520,237.718,402.000,720.000,237.50,237.70,2500.000,10000.000,237.65,237.80,367.000,1190.000,237.45,237.75,5000.000,5000.000,237.60,237.85,5137.000,10099.000,40000.000,37500.000,237.378,237.833,237.531,237.917,-0.125,-0.087
2017-03-21 11:06:00,237.550,237.744,4257.000,31.000,237.50,237.60,2500.000,2500.000,237.60,237.75,4.000,61.000,237.45,237.65,7500.000,7500.000,237.55,237.80,8527.000,5103.000,42500.000,17500.000,237.425,237.758,237.482,237.836,-0.125,-0.102
2017-03-21 11:07:00,237.447,237.529,550.000,61.000,237.40,237.45,2500.000,2500.000,237.50,237.60,1050.000,207.000,237.35,237.50,2500.000,5000.000,237.45,237.65,6702.000,4361.000,15000.000,20000.000,237.281,237.591,237.392,237.706,-0.125,-0.134
2017-03-21 11:08:00,237.735,237.704,33.000,5861.000,237.65,237.90,5000.000,5000.000,237.70,237.80,1338.000,1190.000,237.60,237.95,12500.000,2500.000,237.65,237.85,11811.000,22561.000,32500.000,30000.000,237.495,237.982,237.588,237.938,0.025,-0.157
2017-03-21 11:09:00,237.772,237.873,505.000,337.000,237.70,237.75,2500.000,7500.000,237.80,237.90,707.000,1070.000,237.65,237.80,5000.000,5000.000,237.75,237.95,6637.000,3908.000,37500.000,42500.000,237.559,237.880,237.680,238.032,-0.125,-0.186
2017-03-21 11:10:00,237.559,237.650,1082.000,3.000,237.45,237.50,15000.000,7500.000,237.50,237.70,514.000,60.000,237.40,237.60,10000.000,5000.000,237.45,237.75,9062.000,3906.000,45000.000,25000.000,237.308,237.735,237.411,237.780,-0.125,-0.187
2017-03-21 11:11:00,237.527,237.794,360.000,58.000,237.65,237.70,7500.000,2500.000,237.65,237.80,102.000,154.000,237.60,237.75,7500.000,5000.000,237.60,237.85,1914.000,12778.000,52500.000,27500.000,237.534,237.866,237.545,237.955,-0.050,-0.169
2017-03-21 11:12:00,237.630,237.874,511.000,9.000,237.65,237.70,5000.000,7500.000,237.70,237.85,152.000,1208.000,237.60,237.80,2500.000,2500.000,237.65,237.90,5812.000,10211.000,45000.000,32500.000,237.501,237.920,237.564,237.977,-0.100,-0.135
2017-03-21 11:13:00,237.760,237.842,949.000,17.000,237.70,237.75,5000.000,2500.000,237.75,237.90,352.000,2059.000,237.65,237.80,2500.000,2500.000,237.70,237.95,5206.000,3891.000,30000.000,30000.000,237.562,237.860,237.637,238.008,-0.100,-0.152
2017-03-21 11:14:00,237.594,237.843,57.000,7.000,237.65,237.70,2500.000,7500.000,237.70,237.85,68.000,136.000,237.60,237.75,2500.000,7500.000,237.65,237.90,3524.000,8565.000,37500.000,37500.000,237.477,237.870,237.557,237.967,-0.100,-0.140
2017-03-21 11:15:00,237.596,237.688,246.000,387.000,237.50,237.70,7500.000,7500.000,237.60,237.80,552.000,190.000,237.45,237.75,7500.000,5000.000,237.55,237.85,9467.000,9498.000,37500.000,32500.000,237.344,237.864,237.493,237.919,-0.100,-0.137
2017-03-21 11:16:00,237.547,237.726,16.000,395.000,237.65,237.70,5000.000,2500.000,237.70,237.80,1.000,566.000,237.60,237.75,2500.000,2500.000,237.65,237.85,899.000,9417.000,27500.000,30000.000,237.487,237.833,237.582,237.950,-0.075,-0.154
2017-03-21 11:17:00,237.555,237.630,100.000,5.000,237.45,237.50,5000.000,10000.000,237.50,237.65,704.000,9.000,237.40,237.55,12500.000,7500.000,237.45,237.70,10650.000,3824.000,47500.000,27500.000,237.303,237.651,237.397,237.718,-0.100,-0.182
2017-03-21 11:18:00,237.337,237.502,400.000,14.000,237.35,237.40,2500.000,2500.000,237.40,237.55,2472.000,152.000,237.30,237.50,5000.000,10000.000,237.35,237.60,5487.000,8364.000,35000.000,27500.000,237.241,237.607,237.289,237.650,-0.100,-0.192
2017-03-21 11:19:00,237.482,237.669,102.000,7.000,237.45,237.50,2500.000,2500.000,237.50,237.65,94.000,409.000,237.40,237.55,2500.000,7500.000,237.45,237.70,5182.000,5501.000,35000.000,17500.000,237.287,237.638,237.368,237.743,-0.100,-0.198
2017-03-21 11:20:00,236.819,236.900,197.000,418.000,236.65,236.85,7500.000,5000.000,236.80,237.00,1307.000,452.000,236.60,236.90,2500.000,5000.000,236.75,237.05,9893.000,5030.000,25000.000,20000.000,236.523,236.992,236.645,237.094,-0.150,-0.221
2017-03-21 11:21:00,236.907,237.168,4.000,1.000,237.00,237.05,7500.000,5000.000,237.05,237.20,55.000,331.000,236.95,237.10,5000.000,7500.000,237.00,237.25,1827.000,7405.000,22500.000,20000.000,236.857,237.213,236.956,237.325,-0.100,-0.189
2017-03-21 11:22:00,236.996,237.211,1194.000,12.000,237.00,237.05,7500.000,5000.000,237.05,237.25,110.000,11.000,236.95,237.10,10000.000,2500.000,237.00,237.30,4018.000,3264.000,27500.000,17500.000,236.903,237.241,236.973,237.386,-0.125,-0.168
2017-03-21 11:23:00,237.064,237.278,52.000,60.000,237.15,237.20,2500.000,2500.000,237.15,237.30,122.000,656.000,237.10,237.25,2500.000,2500.000,237.10,237.35,1784.000,9074.000,25000.000,20000.000,236.996,237.344,237.000,237.481,-0.050,-0.170
2017-03-21 11:24:00,237.133,237.352,16.000,118.000,237.10,237.25,2500.000,5000.000,237.20,237.35,406.000,380.000,237.05,237.30,15000.000,5000.000,237.15,237.40,6616.000,8702.000,32500.000,20000.000,236.974,237.401,237.104,237.475,-0.100,-0.137
2017-03-21 11:25:00,237.193,237.390,46.000,83.000,237.15,237.20,10000.000,2500.000,237.20,237.40,961.000,373.000,237.10,237.25,5000.000,2500.000,237.15,237.45,7732.000,5181.000,35000.000,15000.000,237.012,237.374,237.111,237.525,-0.125,-0.112
2017-03-21 11:26:00,237.206,237.304,75.000,38.000,237.15,237.20,5000.000,2500.000,237.20,237.35,563.000,310.000,237.10,237.25,7500.000,7500.000,237.15,237.40,6893.000,4623.000,35000.000,25000.000,237.004,237.352,237.096,237.455,-0.100,-0.138
2017-03-21 11:27:00,237.275,237.385,83.000,788.000,237.20,237.25,2500.000,5000.000,237.30,237.40,742.000,112.000,237.15,237.35,2500.000,7500.000,237.25,237.45,10374.000,8236.000,30000.000,27500.000,237.035,237.460,237.175,237.486,-0.125,-0.143
2017-03-21 11:28:00,237.306,237.531,451.000,54.000,237.35,237.40,20000.000,7500.000,237.40,237.45,165.000,1.000,237.30,237.45,10000.000,2500.000,237.35,237.55,5138.000,10316.000,65000.000,25000.000,237.207,237.563,237.315,237.625,-0.050,-0.135
2017-03-21 11:29:00,237.363,237.416,588.000,18.000,237.30,237.35,2500.000,5000.000,237.25,237.45,414.000,143.000,237.25,237.40,10000.000,5000.000,237.20,237.50,5535.000,2867.000,32500.000,22500.000,237.158,237.537,237.131,237.572,-0.025,-0.172
2017-03-21 11:30:00,237.003,237.077,407.000,309.000,236.85,236.95,2500.000,7500.000,236.95,237.10,1.000,4785.000,236.80,237.00,22500.000,7500.000,236.90,237.15,16905.000,8300.000,50000.000,25000.000,236.681,237.034,236.857,237.190,-0.125,-0.211
2017-03-21 11:31:00,236.820,237.050,95.000,237.000,236.90,236.95,2500.000,10000.000,236.85,237.05,104.000,564.000,236.85,237.00,22500.000,2500.000,236.80,237.10,3128.000,7645.000,42500.000,22500.000,236.783,237.130,236.762,237.178,-0.025,-0.193
2017-03-21 11:32:00,236.851,236.986,174.000,280.000,236.90,236.95,2500.000,2500.000,236.90,236.95,321.000,111.000,236.85,237.00,2500.000,2500.000,236.85,237.00,4922.000,9465.000,30000.000,15000.000,236.766,237.121,236.767,237.058,0.000,-0.242
2017-03-21 11:33:00,236.639,236.822,69.000,2052.000,236.70,236.75,2500.000,7500.000,236.65,236.80,404.000,364.000,236.65,236.80,10000.000,5000.000,236.60,236.85,7082.000,10719.000,35000.000,22500.000,236.480,236.891,236.539,236.933,-0.000,-0.260
2017-03-21 11:34:00,236.501,236.738,1.000,1614.000,236.45,236.50,2500.000,7500.000,236.60,236.75,525.000,449.000,236.35,236.55,27500.000,2500.000,236.55,236.80,6362.000,5095.000,42500.000,20000.000,236.258,236.591,236.526,236.850,-0.200,-0.257
2017-03-21 11:35:00,236.428,236.697,1.000,103.000,236.50,236.55,2500.000,7500.000,236.60,236.75,403.000,563.000,236.35,236.60,2500.000,5000.000,236.55,236.80,4759.000,7487.000,17500.000,22500.000,236.256,236.693,236.500,236.872,-0.150,-0.251
2017-03-21 11:36:00,236.539,236.682,20.000,1235.000,236.45,236.50,5000.000,5000.000,236.60,236.75,57.000,102.000,236.40,236.55,5000.000,5000.000,236.55,236.80,9940.000,5791.000,30000.000,25000.000,236.289,236.620,236.512,236.855,-0.200,-0.282
2017-03-21 11:37:00,236.234,236.613,2421.000,15.000,236.30,236.35,2500.000,2500.000,236.50,236.65,127.000,100.000,236.25,236.40,10000.000,2500.000,236.45,236.70,4265.000,6055.000,25000.000,15000.000,236.243,236.538,236.405,236.758,-0.250,-0.243
2017-03-21 11:38:00,236.173,236.447,124.000,1034.000,236.05,236.25,2500.000,5000.000,236.25,236.40,5514.000,2839.000,236.00,236.30,10000.000,2500.000,236.20,236.45,9085.000,7487.000,35000.000,15000.000,235.956,236.335,236.139,236.517,-0.175,-0.239
2017-03-21 11:39:00,236.252,236.473,116.000,194.000,236.15,236.20,2500.000,2500.000,236.35,236.50,174.000,1220.000,236.10,236.30,7500.000,5000.000,236.30,236.55,11192.000,6621.000,22500.000,15000.000,236.003,236.390,236.261,236.617,-0.250,-0.233
2017-03-21 11:40:00,236.112,236.352,186.000,56.000,236.10,236.15,2500.000,2500.000,236.25,236.35,2851.000,325.000,236.05,236.20,2500.000,5000.000,236.20,236.40,9455.000,8678.000,32500.000,20000.000,236.005,236.282,236.127,236.456,-0.175,-0.233
2017-03-21 11:41:00,236.138,236.433,252.000,362.000,236.10,236.15,2500.000,2500.000,236.20,236.35,511.000,50.000,236.05,236.20,5000.000,2500.000,236.15,236.40,9040.000,6510.000,50000.000,15000.000,235.991,236.281,236.062,236.467,-0.150,-0.243
2017-03-21 11:42:00,236.333,236.516,306.000,188.000,236.20,236.25,7500.000,2500.000,236.40,236.55,339.000,5.000,236.15,236.30,7500.000,5000.000,236.35,236.60,11211.000,3302.000,25000.000,15000.000,236.023,236.436,236.325,236.658,-0.250,-0.285
2017-03-21 11:43:00,236.367,236.622,773.000,11.000,236.35,236.40,2500.000,2500.000,236.50,236.65,354.000,20.000,236.30,236.45,7500.000,2500.000,236.45,236.70,4137.000,3896.000,20000.000,20000.000,236.219,236.557,236.412,236.931,-0.200,-0.312
2017-03-21 11:44:00,236.379,236.571,2133.000,100.000,236.40,236.45,2500.000,2500.000,236.50,236.60,305.000,2475.000,236.35,236.50,5000.000,2500.000,236.45,236.65,3818.000,5987.000,20000.000,15000.000,236.332,236.560,236.400,236.717,-0.125,-0.341
2017-03-21 11:45:00,236.300,236.537,215.000,474.000,236.30,236.35,2500.000,5000.000,236.40,236.55,231.000,2824.000,236.20,236.45,7500.000,5000.000,236.35,236.60,4172.000,7649.000,32500.000,25000.000,236.086,236.493,236.273,236.690,-0.150,-0.332
2017-03-21 11:46:00,236.033,236.380,4071.000,145.000,236.00,236.05,7500.000,5000.000,236.20,236.35,214.000,410.000,235.95,236.20,7500.000,5000.000,236.15,236.40,8459.000,7779.000,52500.000,22500.000,235.924,236.273,236.076,236.439,-0.250,-0.324
2017-03-21 11:47:00,236.142,236.534,210.000,336.000,236.10,236.25,12500.000,5000.000,236.25,236.45,329.000,248.000,236.05,236.30,7500.000,7500.000,236.20,236.50,4716.000,6248.000,62500.000,25000.000,235.984,236.377,236.116,236.620,-0.175,-0.294
2017-03-21 11:48:00,236.120,236.513,513.000,11.000,236.10,236.15,7500.000,5000.000,236.25,236.45,511.000,1230.000,236.05,236.20,10000.000,5000.000,236.20,236.50,6400.000,5306.000,55000.000,22500.000,235.987,236.303,236.114,236.628,-0.225,-0.314
2017-03-21 11:49:00,236.168,236.504,512.000,208.000,236.10,236.20,2500.000,2500.000,236.30,236.45,286.000,130.000,236.05,236.25,15000.000,5000.000,236.25,236.50,7097.000,4928.000,42500.000,20000.000,235.983,236.346,236.188,236.650,-0.225,-0.296
2017-03-21 11:50:00,236.320,236.513,32.000,500.000,236.25,236.30,2500.000,5000.000,236.40,236.50,64.000,50.000,236.15,236.35,2500.000,2500.000,236.35,236.55,9462.000,6199.000,20000.000,17500.000,236.018,236.431,236.281,236.650,-0.175,-0.340
2017-03-21 11:51:00,236.160,236.468,381.000,3.000,236.05,236.10,12500.000,5000.000,236.30,236.50,3869.000,60.000,236.00,236.20,7500.000,2500.000,236.25,236.55,7866.000,2504.000,40000.000,22500.000,235.946,236.326,236.206,236.633,-0.325,-0.374
2017-03-21 11:52:00,236.246,236.484,882.000,137.000,236.20,236.25,2500.000,2500.000,236.40,236.55,64.000,560.000,236.15,236.30,5000.000,2500.000,236.35,236.60,7149.000,5706.000,20000.000,20000.000,236.031,236.421,236.294,236.675,-0.250,-0.411
2017-03-21 11:53:00,235.478,235.975,405.000,110.000,235.55,235.80,7500.000,2500.000,235.85,236.05,1948.000,551.000,235.50,235.85,5000.000,5000.000,235.80,236.10,6490.000,25424.000,27500.000,22500.000,235.427,235.986,235.759,236.194,-0.275,-0.412
2017-03-21 11:54:00,235.539,235.781,151.000,404.000,235.55,235.60,2500.000,10000.000,235.70,235.85,1256.000,304.000,235.50,235.65,2500.000,2500.000,235.65,235.90,4963.000,7586.000,20000.000,25000.000,235.415,235.740,235.575,235.925,-0.200,-0.453
2017-03-21 11:55:00,235.685,236.100,108.000,574.000,235.80,235.85,2500.000,5000.000,236.00,236.15,221.000,671.000,235.75,235.90,5000.000,7500.000,235.95,236.20,2783.000,23976.000,22500.000,20000.000,235.650,236.001,235.906,236.238,-0.250,-0.474
2017-03-21 11:56:00,235.958,236.436,273.000,13.000,235.90,235.95,2500.000,2500.000,236.35,236.45,2749.000,15747.000,235.85,236.00,2500.000,7500.000,236.30,236.50,17136.000,17332.000,25000.000,20000.000,235.770,236.013,236.230,236.556,-0.475,-0.464
2017-03-21 11:57:00,235.926,236.347,499.000,4.000,235.90,235.95,10000.000,2500.000,236.30,236.40,1152.000,13918.000,235.85,236.00,5000.000,2500.000,236.25,236.45,9805.000,16321.000,27500.000,22500.000,235.765,236.020,236.227,236.522,-0.425,-0.471
2017-03-21 11:58:00,235.876,236.380,1037.000,3.000,235.85,235.90,15000.000,2500.000,236.30,236.45,510.000,35.000,235.80,235.95,5000.000,7500.000,236.25,236.50,12515.000,12924.000,32500.000,22500.000,235.741,236.003,236.238,236.550,-0.500,-0.460
2017-03-21 11:59:00,235.908,236.355,906.000,7.000,235.85,235.95,10000.000,2500.000,236.30,236.40,515.000,11608.000,235.80,236.00,5000.000,2500.000,236.25,236.45,12963.000,14768.000,30000.000,22500.000,235.741,236.025,236.225,236.556,-0.450,-0.466
2017-03-21 12:00:00,235.905,236.423,394.000,8.000,235.85,235.90,7500.000,5000.000,236.30,236.45,783.000,12143.000,235.80,236.00,5000.000,7500.000,236.25,236.50,12514.000,14845.000,30000.000,25000.000,235.739,236.025,236.196,236.580,-0.500,-0.457
2017-03-21 12:01:00,236.023,236.452,50.000,13065.000,235.95,236.00,2500.000,7500.000,236.35,236.50,250.000,184.000,235.90,236.10,10000.000,2500.000,236.30,236.55,10896.000,18304.000,27500.000,25000.000,235.772,236.063,236.259,236.600,-0.450,-0.464
2017-03-21 12:02:00,235.864,236.322,136.000,121.000,235.85,235.90,7500.000,7500.000,236.30,236.40,1776.000,442.000,235.80,235.95,2500.000,2500.000,236.25,236.45,11839.000,15297.000,20000.000,25000.000,235.730,236.006,236.219,236.505,-0.475,-0.480
2017-03-21 12:03:00,235.903,236.350,219.000,5.000,235.90,235.95,5000.000,5000.000,236.30,236.45,190.000,12526.000,235.85,236.00,7500.000,5000.000,236.25,236.50,5814.000,14765.000,22500.000,27500.000,235.759,236.021,236.222,236.573,-0.450,-0.503
2017-03-21 12:04:00,235.894,236.375,27.000,1109.000,235.90,235.95,2500.000,5000.000,236.30,236.45,190.000,11814.000,235.85,236.00,10000.000,5000.000,236.25,236.50,5094.000,15802.000,25000.000,25000.000,235.757,236.020,236.215,236.555,-0.450,-0.499
2017-03-21 12:05:00,235.844,236.312,422.000,5.000,235.80,235.90,2500.000,2500.000,236.25,236.35,319.000,1448.000,235.75,235.95,7500.000,7500.000,236.15,236.40,11453.000,15628.000,22500.000,17500.000,235.656,236.003,236.094,236.436,-0.450,-0.498
2017-03-21 12:06:00,235.917,236.382,62.000,1452.000,235.85,235.95,2500.000,2500.000,236.30,236.45,161.000,11907.000,235.80,236.00,7500.000,5000.000,236.25,236.50,10615.000,15837.000,22500.000,20000.000,235.685,236.016,236.211,236.569,-0.475,-0.497
2017-03-21 12:07:00,235.752,236.288,32.000,11.000,235.75,235.85,2500.000,5000.000,236.20,236.35,1044.000,716.000,235.70,235.90,2500.000,5000.000,236.15,236.40,11572.000,17139.000,20000.000,22500.000,235.624,235.999,236.075,236.472,-0.475,-0.475
2017-03-21 12:08:00,235.673,236.237,760.000,9.000,235.70,235.75,5000.000,5000.000,236.10,236.30,6.000,9115.000,235.65,235.85,7500.000,5000.000,236.05,236.35,5771.000,17664.000,37500.000,27500.000,235.553,235.914,235.980,236.418,-0.475,-0.462
2017-03-21 12:09:00,235.736,236.198,790.000,10.000,235.70,235.75,7500.000,2500.000,236.10,236.25,66.000,166.000,235.65,235.80,5000.000,2500.000,236.05,236.30,12022.000,12588.000,35000.000,22500.000,235.552,235.869,236.011,236.372,-0.450,-0.436
2017-03-21 12:10:00,235.703,236.167,22.000,10.000,235.65,235.70,2500.000,5000.000,236.05,236.20,60.000,8871.000,235.60,235.75,20000.000,5000.000,236.00,236.25,8967.000,12047.000,32500.000,17500.000,235.478,235.773,235.977,236.279,-0.450,-0.445
2017-03-21 12:11:00,235.571,236.030,55.000,399.000,235.60,235.70,5000.000,17500.000,235.95,236.05,546.000,10802.000,235.50,235.75,5000.000,2500.000,235.90,236.10,4411.000,14961.000,27500.000,30000.000,235.384,235.768,235.841,236.113,-0.350,-0.439
2017-03-21 12:12:00,235.341,235.768,76.000,185.000,235.30,235.45,2500.000,5000.000,235.75,235.90,516.000,389.000,235.25,235.50,5000.000,5000.000,235.70,235.95,3270.000,4969.000,17500.000,32500.000,235.143,235.584,235.657,236.019,-0.450,-0.447
2017-03-21 12:13:00,235.202,235.697,36.000,255.000,235.15,235.30,2500.000,2500.000,235.60,235.70,35.000,1798.000,235.10,235.35,5000.000,2500.000,235.55,235.75,7856.000,9928.000,30000.000,15000.000,234.989,235.453,235.454,235.800,-0.425,-0.421
2017-03-21 12:14:00,235.276,235.608,51.000,10.000,235.10,235.20,10000.000,5000.000,235.55,235.75,237.000,110.000,235.05,235.25,10000.000,7500.000,235.50,235.80,11903.000,2322.000,30000.000,32500.000,234.964,235.334,235.454,235.842,-0.500,-0.426
2017-03-21 12:15:00,235.184,235.695,2725.000,988.000,235.05,235.25,2500.000,2500.000,235.60,235.75,1355.000,871.000,235.00,235.30,7500.000,15000.000,235.55,235.80,10088.000,6663.000,27500.000,27500.000,234.949,235.370,235.477,235.845,-0.525,-0.385
2017-03-21 12:16:00,235.225,235.656,1294.000,137.000,235.10,235.20,2500.000,2500.000,235.55,235.70,402.000,620.000,235.05,235.25,15000.000,2500.000,235.50,235.75,9877.000,4164.000,27500.000,17500.000,234.969,235.328,235.455,235.843,-0.475,-0.370
2017-03-21 12:17:00,235.158,235.621,580.000,241.000,235.15,235.20,20000.000,5000.000,235.50,235.70,1626.000,620.000,235.10,235.25,2500.000,5000.000,235.45,235.75,4646.000,4271.000,32500.000,20000.000,235.065,235.329,235.438,235.806,-0.425,-0.371
2017-03-21 12:18:00,235.228,235.595,998.000,320.000,235.10,235.15,17500.000,2500.000,235.50,235.70,116.000,200.000,235.05,235.20,2500.000,7500.000,235.45,235.75,6559.000,2828.000,32500.000,22500.000,234.949,235.326,235.400,235.828,-0.475,-0.392
2017-03-21 12:19:00,235.432,235.791,2277.000,419.000,235.20,235.40,12500.000,5000.000,235.70,235.90,627.000,50.000,235.15,235.45,5000.000,5000.000,235.65,235.95,14156.000,3382.000,35000.000,37500.000,235.080,235.536,235.604,236.023,-0.500,-0.416
2017-03-21 12:20:00,235.444,235.750,348.000,11.000,235.30,235.35,7500.000,2500.000,235.75,235.85,1185.000,30.000,235.25,235.45,5000.000,2500.000,235.70,235.90,12081.000,3492.000,35000.000,37500.000,235.170,235.548,235.607,236.003,-0.475,-0.450
2017-03-21 12:21:00,235.572,235.927,1588.000,100.000,235.40,235.60,12500.000,22500.000,235.85,236.05,265.000,555.000,235.35,235.65,5000.000,2500.000,235.80,236.10,9993.000,5333.000,25000.000,35000.000,235.262,235.740,235.785,236.121,-0.450,-0.461
2017-03-21 12:22:00,235.704,236.174,202.000,170.000,235.65,235.70,7500.000,5000.000,236.05,236.20,386.000,361.000,235.60,235.80,5000.000,2500.000,236.00,236.25,5221.000,4883.000,25000.000,17500.000,235.509,235.892,235.940,236.343,-0.450,-0.454
2017-03-21 12:23:00,235.607,236.076,7.000,512.000,235.55,235.70,7500.000,2500.000,235.95,236.15,1333.000,248.000,235.50,235.75,5000.000,10000.000,235.90,236.20,3309.000,3986.000,25000.000,22500.000,235.432,235.818,235.815,236.289,-0.425,-0.445
2017-03-21 12:24:00,235.586,236.067,2.000,462.000,235.60,235.70,2500.000,2500.000,236.00,236.15,11.000,550.000,235.55,235.75,5000.000,5000.000,235.95,236.20,1823.000,5096.000,17500.000,20000.000,235.430,235.816,235.907,236.294,-0.425,-0.432
2017-03-21 12:25:00,235.549,236.025,667.000,742.000,235.55,235.75,5000.000,5000.000,235.95,236.10,1262.000,1952.000,235.50,235.80,7500.000,2500.000,235.90,236.15,3545.000,8266.000,22500.000,17500.000,235.455,235.878,235.833,236.186,-0.375,-0.421
2017-03-21 12:26:00,235.613,236.023,164.000,702.000,235.55,235.75,5000.000,2500.000,235.95,236.10,1287.000,1644.000,235.50,235.80,2500.000,5000.000,235.90,236.15,5416.000,7335.000,20000.000,17500.000,235.420,235.884,235.787,236.193,-0.375,-0.418
2017-03-21 12:27:00,235.627,236.061,1020.000,640.000,235.55,235.75,7500.000,2500.000,235.95,236.10,987.000,1857.000,235.50,235.80,5000.000,2500.000,235.90,236.15,6964.000,7892.000,30000.000,17500.000,235.433,235.884,235.808,236.229,-0.375,-0.423
2017-03-21 12:28:00,235.657,236.082,101.000,392.000,235.65,235.75,2500.000,5000.000,236.00,236.10,1675.000,1681.000,235.55,235.80,2500.000,2500.000,235.95,236.15,6548.000,7461.000,20000.000,15000.000,235.471,235.890,235.894,236.183,-0.350,-0.423
2017-03-21 12:29:00,235.569,235.985,784.000,1138.000,235.55,235.75,2500.000,2500.000,235.90,236.00,793.000,1287.000,235.50,235.80,5000.000,5000.000,235.85,236.05,5975.000,13122.000,25000.000,17500.000,235.418,235.874,235.795,236.107,-0.300,-0.422
2017-03-21 12:30:00,235.596,236.014,59.000,16.000,235.70,235.75,5000.000,2500.000,235.95,236.05,976.000,1599.000,235.55,235.80,5000.000,2500.000,235.90,236.10,6014.000,12494.000,20000.000,15000.000,235.462,235.894,235.856,236.158,-0.275,-0.423
2017-03-21 12:31:00,235.682,236.078,167.000,99.000,235.70,235.75,2500.000,2500.000,236.00,236.10,413.000,576.000,235.60,235.80,12500.000,5000.000,235.95,236.20,5122.000,5441.000,27500.000,17500.000,235.499,235.927,235.859,236.236,-0.325,-0.419
2017-03-21 12:32:00,235.606,236.064,5.000,447.000,235.75,235.80,2500.000,2500.000,236.00,236.10,9.000,16.000,235.70,235.85,7500.000,2500.000,235.95,236.15,3087.000,13861.000,20000.000,15000.000,235.539,235.975,235.912,236.200,-0.275,-0.414
2017-03-21 12:33:00,235.889,236.317,238.000,2325.000,235.90,236.00,15000.000,5000.000,236.20,236.40,379.000,5.000,235.85,236.10,5000.000,2500.000,236.15,236.45,4003.000,9116.000,27500.000,17500.000,235.760,236.179,236.123,236.550,-0.350,-0.421
2017-03-21 12:34:00,235.816,236.226,806.000,874.000,235.80,235.90,10000.000,2500.000,236.15,236.30,423.000,10.000,235.75,235.95,10000.000,2500.000,236.10,236.35,5354.000,7408.000,27500.000,20000.000,235.689,236.071,236.086,236.444,-0.375,-0.425
2017-03-21 12:35:00,236.099,236.523,1206.000,1041.000,236.00,236.10,7500.000,5000.000,236.40,236.55,809.000,230.000,235.95,236.15,7500.000,7500.000,236.35,236.60,5649.000,3003.000,27500.000,22500.000,235.893,236.203,236.318,236.694,-0.425,-0.418
2017-03-21 12:36:00,236.199,236.575,263.000,113.000,236.10,236.15,2500.000,5000.000,236.45,236.60,132.000,41.000,236.05,236.20,12500.000,2500.000,236.40,236.65,3972.000,1363.000,25000.000,15000.000,235.966,236.300,236.370,236.708,-0.400,-0.427
2017-03-21 12:37:00,236.324,236.755,131.000,106.000,236.35,236.40,5000.000,2500.000,236.65,236.80,199.000,180.000,236.25,236.45,7500.000,5000.000,236.60,236.85,3085.000,3652.000,25000.000,25000.000,236.167,236.556,236.550,236.990,-0.350,-0.424
2017-03-21 12:38:00,236.216,236.680,432.000,327.000,236.30,236.35,2500.000,2500.000,236.60,236.70,17.000,808.000,236.25,236.40,2500.000,2500.000,236.55,236.75,1911.000,7595.000,22500.000,15000.000,236.166,236.501,236.478,236.800,-0.325,-0.402
2017-03-21 12:39:00,236.259,236.691,524.000,459.000,236.30,236.35,2500.000,2500.000,236.60,236.70,267.000,808.000,236.25,236.40,2500.000,2500.000,236.55,236.75,4167.000,8804.000,27500.000,15000.000,236.164,236.498,236.486,236.800,-0.325,-0.402
2017-03-21 12:40:00,236.278,236.665,255.000,1147.000,236.25,236.30,5000.000,5000.000,236.55,236.70,169.000,50.000,236.20,236.35,15000.000,2500.000,236.50,236.75,4564.000,4793.000,32500.000,17500.000,236.106,236.430,236.477,236.786,-0.350,-0.398
2017-03-21 12:41:00,236.116,236.535,131.000,441.000,236.10,236.25,2500.000,10000.000,236.45,236.60,115.000,260.000,236.05,236.30,7500.000,5000.000,236.40,236.65,4601.000,6794.000,20000.000,22500.000,235.967,236.415,236.350,236.661,-0.350,-0.390
2017-03-21 12:42:00,236.147,236.562,75.000,459.000,236.10,236.25,5000.000,5000.000,236.45,236.60,648.000,280.000,236.05,236.30,15000.000,5000.000,236.40,236.65,4785.000,5308.000,30000.000,20000.000,235.977,236.407,236.371,236.713,-0.350,-0.376
2017-03-21 12:43:00,236.212,236.568,506.000,1033.000,236.15,236.25,2500.000,7500.000,236.50,236.60,254.000,541.000,236.10,236.30,2500.000,2500.000,236.45,236.65,7337.000,6339.000,22500.000,20000.000,236.017,236.387,236.394,236.688,-0.350,-0.390
2017-03-21 12:44:00,236.547,236.980,846.000,29.000,236.65,236.70,2500.000,10000.000,236.85,237.00,263.000,310.000,236.60,236.75,10000.000,2500.000,236.80,237.05,1799.000,6257.000,30000.000,27500.000,236.583,236.867,236.750,237.145,-0.250,-0.384
2017-03-21 12:45:00,236.601,236.967,165.000,1454.000,236.60,236.65,5000.000,2500.000,236.90,237.00,60.000,657.000,236.55,236.70,7500.000,2500.000,236.85,237.05,6883.000,8224.000,27500.000,17500.000,236.485,236.786,236.818,237.157,-0.325,-0.379
2017-03-21 12:46:00,236.583,236.960,430.000,138.000,236.55,236.65,2500.000,2500.000,236.90,237.00,4764.000,698.000,236.50,236.70,2500.000,2500.000,236.85,237.05,8687.000,7428.000,20000.000,17500.000,236.454,236.808,236.794,237.157,-0.350,-0.391
2017-03-21 12:47:00,236.633,236.978,396.000,86.000,236.60,236.65,2500.000,2500.000,236.90,237.00,64.000,226.000,236.55,236.70,5000.000,2500.000,236.85,237.05,8329.000,5734.000,27500.000,17500.000,236.483,236.812,236.773,237.157,-0.325,-0.401
2017-03-21 12:48:00,236.361,236.786,1.000,686.000,236.40,236.55,10000.000,2500.000,236.70,236.85,305.000,913.000,236.35,236.60,7500.000,2500.000,236.65,236.90,4983.000,13668.000,27500.000,17500.000,236.247,236.714,236.618,236.986,-0.300,-0.401
2017-03-21 12:49:00,236.532,236.938,42.000,228.000,236.50,236.55,2500.000,2500.000,236.90,237.00,692.000,528.000,236.45,236.60,7500.000,2500.000,236.85,237.05,6707.000,5183.000,22500.000,20000.000,236.361,236.721,236.783,237.144,-0.425,-0.398
2017-03-21 12:50:00,236.502,236.844,17.000,673.000,236.35,236.50,2500.000,2500.000,236.85,236.95,1341.000,311.000,236.30,236.55,2500.000,10000.000,236.80,237.00,12459.000,4942.000,15000.000,30000.000,236.239,236.625,236.750,237.058,-0.475,-0.424
2017-03-21 12:51:00,236.546,236.980,994.000,1.000,236.50,236.55,2500.000,5000.000,237.00,237.10,1.000,243.000,236.45,236.60,2500.000,5000.000,236.95,237.15,9527.000,5049.000,15000.000,42500.000,236.380,236.738,236.883,237.215,-0.525,-0.423
2017-03-21 12:52:00,236.493,236.887,1230.000,334.000,236.35,236.40,2500.000,2500.000,236.85,237.00,2600.000,121.000,236.30,236.50,7500.000,5000.000,236.80,237.05,11399.000,2216.000,17500.000,22500.000,236.249,236.571,236.764,237.117,-0.550,-0.446
2017-03-21 12:53:00,236.439,236.867,460.000,360.000,236.40,236.45,2500.000,7500.000,236.85,237.00,663.000,270.000,236.35,236.50,7500.000,12500.000,236.80,237.05,5262.000,3438.000,20000.000,40000.000,236.291,236.594,236.762,237.094,-0.500,-0.457
2017-03-21 12:54:00,236.672,237.061,74.000,252.000,236.60,236.65,2500.000,7500.000,237.00,237.15,52.000,417.000,236.55,236.75,7500.000,5000.000,236.95,237.20,5593.000,4975.000,20000.000,25000.000,236.446,236.830,236.912,237.260,-0.450,-0.468
2017-03-21 12:55:00,236.649,237.124,3625.000,502.000,236.50,236.70,5000.000,5000.000,237.05,237.20,1846.000,552.000,236.45,236.75,7500.000,5000.000,237.00,237.25,11279.000,5124.000,22500.000,20000.000,236.419,236.842,236.944,237.294,-0.525,-0.471
2017-03-21 12:56:00,236.661,237.091,1223.000,491.000,236.55,236.70,5000.000,2500.000,237.00,237.15,215.000,627.000,236.50,236.75,5000.000,7500.000,236.95,237.20,8213.000,6698.000,22500.000,20000.000,236.401,236.819,236.872,237.250,-0.450,-0.469
2017-03-21 12:57:00,236.655,237.164,356.000,45.000,236.60,236.65,2500.000,2500.000,237.10,237.25,1061.000,2242.000,236.55,236.70,5000.000,5000.000,237.05,237.30,7142.000,5105.000,25000.000,27500.000,236.481,236.755,236.980,237.364,-0.550,-0.452
2017-03-21 12:58:00,236.616,237.100,458.000,435.000,236.60,236.65,5000.000,5000.000,237.05,237.15,2614.000,2239.000,236.55,236.70,2500.000,7500.000,236.95,237.20,7281.000,7629.000,25000.000,27500.000,236.487,236.774,236.900,237.241,-0.475,-0.433
2017-03-21 12:59:00,236.466,236.908,308.000,483.000,236.40,236.50,10000.000,5000.000,236.80,237.00,5.000,536.000,236.35,236.55,5000.000,5000.000,236.75,237.05,4482.000,5296.000,25000.000,20000.000,236.218,236.617,236.730,237.094,-0.450,-0.422
2017-03-21 13:00:00,236.478,236.967,183.000,2033.000,236.55,236.60,7500.000,10000.000,236.90,237.10,2.000,243.000,236.50,236.65,2500.000,5000.000,236.85,237.15,673.000,5779.000,17500.000,27500.000,236.412,236.702,236.829,237.218,-0.425,-0.409
2017-03-21 13:01:00,236.547,236.967,277.000,215.000,236.50,236.55,7500.000,5000.000,236.90,237.10,18.000,1777.000,236.45,236.60,5000.000,7500.000,236.85,237.15,6788.000,5588.000,20000.000,25000.000,236.349,236.690,236.819,237.235,-0.475,-0.392
2017-03-21 13:02:00,236.455,236.881,79.000,2042.000,236.40,236.50,2500.000,2500.000,236.85,236.95,5.000,998.000,236.35,236.55,7500.000,5000.000,236.80,237.00,6381.000,8668.000,17500.000,22500.000,236.230,236.603,236.764,237.061,-0.450,-0.378
2017-03-21 13:03:00,236.201,236.588,86.000,486.000,236.10,236.25,2500.000,2500.000,236.55,236.70,44.000,403.000,236.05,236.30,5000.000,5000.000,236.50,236.75,4898.000,4599.000,17500.000,22500.000,235.929,236.384,236.443,236.817,-0.450,-0.365
2017-03-21 13:04:00,236.159,236.547,1031.000,56.000,236.10,236.20,2500.000,2500.000,236.50,236.65,44.000,1463.000,236.05,236.25,7500.000,5000.000,236.45,236.70,5176.000,4601.000,22500.000,22500.000,235.979,236.324,236.367,236.761,-0.425,-0.363
2017-03-21 13:05:00,236.227,236.650,92.000,90.000,236.15,236.30,10000.000,15000.000,236.60,236.80,499.000,141.000,236.10,236.35,2500.000,2500.000,236.55,236.85,6207.000,5831.000,22500.000,30000.000,235.995,236.465,236.439,236.908,-0.475,-0.345
2017-03-21 13:06:00,236.394,236.730,20.000,20.000,236.30,236.40,5000.000,2500.000,236.70,236.85,78.000,60.000,236.25,236.45,5000.000,2500.000,236.65,236.90,4857.000,4002.000,20000.000,17500.000,236.115,236.538,236.581,236.986,-0.425,-0.377
2017-03-21 13:07:00,236.486,236.843,233.000,144.000,236.40,236.45,7500.000,12500.000,236.80,237.00,2631.000,1325.000,236.30,236.50,5000.000,2500.000,236.75,237.05,7270.000,2472.000,22500.000,30000.000,236.239,236.543,236.694,237.092,-0.475,-0.364
2017-03-21 13:08:00,236.499,236.820,382.000,2672.000,236.40,236.50,5000.000,2500.000,236.85,237.00,2681.000,220.000,236.35,236.55,12500.000,2500.000,236.80,237.05,10535.000,6819.000,27500.000,27500.000,236.266,236.609,236.705,237.136,-0.475,-0.366
2017-03-21 13:09:00,236.469,236.848,105.000,1751.000,236.45,236.50,2500.000,10000.000,236.85,237.00,65.000,217.000,236.40,236.55,10000.000,2500.000,236.80,237.05,4255.000,6134.000,25000.000,30000.000,236.269,236.629,236.700,237.104,-0.450,-0.386
2017-03-21 13:10:00,236.487,236.819,177.000,1699.000,236.45,236.50,2500.000,5000.000,236.80,236.95,5.000,167.000,236.40,236.55,7500.000,7500.000,236.75,237.00,7321.000,6712.000,25000.000,35000.000,236.230,236.629,236.650,237.093,-0.400,-0.401
2017-03-21 13:11:00,236.264,236.759,16.000,643.000,236.30,236.40,5000.000,2500.000,236.60,236.75,2.000,1273.000,236.25,236.45,2500.000,2500.000,236.55,236.80,2463.000,8345.000,27500.000,12500.000,236.129,236.527,236.473,236.850,-0.325,-0.410
2017-03-21 13:12:00,236.361,236.654,2508.000,7.000,236.20,236.30,12500.000,7500.000,236.55,236.75,488.000,107.000,236.15,236.35,5000.000,7500.000,236.50,236.80,10212.000,1966.000,30000.000,27500.000,236.077,236.460,236.467,236.864,-0.400,-0.423
2017-03-21 13:13:00,236.326,236.659,2468.000,50.000,236.20,236.30,2500.000,2500.000,236.60,236.75,364.000,77.000,236.15,236.35,7500.000,7500.000,236.55,236.80,10363.000,3344.000,20000.000,22500.000,236.073,236.486,236.481,236.839,-0.425,-0.429
2017-03-21 13:14:00,236.185,236.659,21.000,516.000,236.25,236.30,2500.000,2500.000,236.55,236.70,1844.000,324.000,236.20,236.35,10000.000,2500.000,236.50,236.75,2916.000,7307.000,25000.000,15000.000,236.159,236.448,236.455,236.800,-0.350,-0.422
2017-03-21 13:15:00,236.137,236.544,3.000,124.000,236.15,236.25,5000.000,2500.000,236.50,236.60,571.000,681.000,236.10,236.30,7500.000,5000.000,236.45,236.65,5146.000,8885.000,22500.000,22500.000,236.004,236.412,236.422,236.711,-0.350,-0.427
2017-03-21 13:16:00,236.099,236.639,83.000,35.000,236.10,236.20,2500.000,5000.000,236.50,236.65,207.000,146.000,236.05,236.25,2500.000,2500.000,236.45,236.70,3549.000,4570.000,27500.000,20000.000,235.975,236.378,236.282,236.787,-0.425,-0.417
2017-03-21 13:17:00,236.219,236.577,2549.000,110.000,236.05,236.15,5000.000,2500.000,236.55,236.65,1758.000,172.000,236.00,236.20,2500.000,2500.000,236.50,236.70,11838.000,1941.000,22500.000,27500.000,235.925,236.321,236.411,236.777,-0.500,-0.431
2017-03-21 13:18:00,236.186,236.548,1237.000,13.000,236.00,236.10,5000.000,7500.000,236.45,236.65,2647.000,80.000,235.95,236.15,5000.000,12500.000,236.40,236.70,11736.000,945.000,27500.000,32500.000,235.887,236.254,236.273,236.742,-0.500,-0.464
2017-03-21 13:19:00,236.182,236.622,842.000,19.000,236.00,236.15,5000.000,5000.000,236.45,236.65,442.000,50.000,235.95,236.20,7500.000,2500.000,236.40,236.70,9050.000,2556.000,30000.000,15000.000,235.867,236.326,236.283,236.742,-0.475,-0.450
2017-03-21 13:20:00,236.130,236.562,283.000,11.000,236.05,236.15,2500.000,5000.000,236.55,236.65,1459.000,321.000,236.00,236.25,2500.000,2500.000,236.50,236.70,9643.000,8584.000,17500.000,22500.000,235.892,236.375,236.429,236.778,-0.500,-0.438
2017-03-21 13:21:00,236.112,236.603,22.000,337.000,236.25,236.30,5000.000,5000.000,236.60,236.75,17.000,236.000,236.20,236.35,2500.000,2500.000,236.55,236.80,522.000,11404.000,17500.000,22500.000,236.076,236.455,236.436,236.900,-0.400,-0.422
2017-03-21 13:22:00,236.074,236.500,229.000,37.000,236.05,236.15,5000.000,2500.000,236.45,236.60,1150.000,930.000,236.00,236.25,7500.000,2500.000,236.40,236.65,5948.000,8650.000,20000.000,17500.000,235.898,236.366,236.356,236.714,-0.425,-0.412
2017-03-21 13:23:00,236.284,236.815,2.000,2317.000,236.35,236.40,7500.000,2500.000,236.70,236.90,304.000,85.000,236.25,236.45,5000.000,2500.000,236.65,236.95,3403.000,9424.000,25000.000,17500.000,236.133,236.530,236.600,237.000,-0.425,-0.398
2017-03-21 13:24:00,236.356,236.723,154.000,12.000,236.30,236.35,5000.000,2500.000,236.70,236.85,1.000,2317.000,236.25,236.40,2500.000,2500.000,236.65,236.90,6329.000,5015.000,17500.000,20000.000,236.156,236.468,236.564,236.956,-0.450,-0.401
2017-03-21 13:25:00,236.190,236.565,4.000,87.000,236.15,236.20,2500.000,2500.000,236.55,236.70,1852.000,1213.000,236.10,236.30,5000.000,10000.000,236.50,236.75,7222.000,7710.000,15000.000,27500.000,236.014,236.393,236.458,236.809,-0.450,-0.434
2017-03-21 13:26:00,236.314,236.726,2288.000,67.000,236.30,236.35,2500.000,2500.000,236.80,236.85,2.000,2007.000,236.25,236.40,2500.000,5000.000,236.70,236.90,7900.000,8021.000,12500.000,35000.000,236.190,236.479,236.660,236.957,-0.500,-0.476
2017-03-21 13:27:00,236.414,236.789,311.000,8.000,236.50,236.55,2500.000,2500.000,236.75,236.90,60.000,2335.000,236.45,236.60,2500.000,5000.000,236.70,236.95,2869.000,13446.000,20000.000,25000.000,236.367,236.694,236.600,237.005,-0.300,-0.505
2017-03-21 13:28:00,236.389,236.850,591.000,461.000,236.30,236.45,2500.000,5000.000,236.75,236.90,168.000,416.000,236.25,236.50,2500.000,5000.000,236.70,236.95,8105.000,6458.000,22500.000,22500.000,236.158,236.615,236.617,236.983,-0.450,-0.521
2017-03-21 13:29:00,236.557,236.939,272.000,969.000,236.50,236.65,5000.000,5000.000,236.90,237.10,392.000,2457.000,236.40,236.70,5000.000,2500.000,236.85,237.15,11729.000,13186.000,20000.000,25000.000,236.281,236.781,236.812,237.230,-0.425,-0.532
2017-03-21 13:30:00,236.588,237.128,80.000,188.000,236.55,236.65,2500.000,5000.000,237.05,237.20,362.000,4161.000,236.50,236.70,7500.000,5000.000,237.00,237.25,6362.000,9679.000,20000.000,20000.000,236.380,236.764,236.950,237.294,-0.525,-0.518
2017-03-21 13:31:00,236.388,237.008,27.000,989.000,236.55,236.60,2500.000,2500.000,236.90,237.05,11.000,1030.000,236.50,236.65,7500.000,5000.000,236.85,237.10,407.000,14625.000,25000.000,20000.000,236.362,236.728,236.805,237.181,-0.400,-0.483
2017-03-21 13:32:00,236.472,236.993,3027.000,43.000,236.50,236.55,2500.000,2500.000,237.00,237.05,191.000,373.000,236.45,236.60,5000.000,2500.000,236.90,237.10,8778.000,10650.000,17500.000,17500.000,236.402,236.723,236.864,237.164,-0.500,-0.472
2017-03-21 13:33:00,236.459,237.003,3266.000,54.000,236.50,236.60,5000.000,5000.000,236.95,237.10,218.000,60.000,236.45,236.65,7500.000,2500.000,236.90,237.15,4609.000,8243.000,22500.000,25000.000,236.460,236.742,236.861,237.215,-0.475,-0.450
2017-03-21 13:34:00,236.529,236.966,137.000,282.000,236.60,236.65,2500.000,2500.000,236.95,237.10,2.000,4404.000,236.55,236.70,7500.000,2500.000,236.90,237.15,2986.000,12814.000,17500.000,22500.000,236.494,236.773,236.843,237.217,-0.400,-0.442
2017-03-21 13:35:00,236.492,236.961,2978.000,373.000,236.50,236.65,2500.000,2500.000,236.90,237.05,319.000,3602.000,236.45,236.70,5000.000,2500.000,236.85,237.10,5977.000,11999.000,17500.000,17500.000,236.424,236.775,236.779,237.171,-0.400,-0.447
2017-03-21 13:36:00,236.542,236.985,144.000,112.000,236.60,236.65,5000.000,2500.000,236.95,237.10,734.000,2181.000,236.55,236.70,5000.000,7500.000,236.90,237.15,4333.000,10759.000,17500.000,25000.000,236.500,236.792,236.871,237.200,-0.400,-0.442
2017-03-21 13:37:00,236.538,237.003,8.000,1831.000,236.60,236.65,7500.000,2500.000,236.95,237.15,668.000,2036.000,236.55,236.70,2500.000,12500.000,236.90,237.20,3628.000,12370.000,17500.000,25000.000,236.498,236.775,236.864,237.235,-0.425,-0.452
2017-03-21 13:38:00,236.520,236.956,788.000,1678.000,236.55,236.60,2500.000,2500.000,236.95,237.05,2796.000,234.000,236.50,236.65,2500.000,5000.000,236.90,237.10,5492.000,10287.000,17500.000,27500.000,236.460,236.720,236.836,237.177,-0.425,-0.453
2017-03-21 13:39:00,236.542,236.939,2700.000,346.000,236.50,236.60,2500.000,2500.000,236.95,237.10,50.000,237.000,236.45,236.65,2500.000,5000.000,236.90,237.15,8046.000,7152.000,15000.000,30000.000,236.401,236.735,236.817,237.221,-0.475,-0.456
2017-03-21 13:40:00,236.446,236.939,1939.000,432.000,236.50,236.60,2500.000,7500.000,236.90,237.10,52.000,432.000,236.45,236.65,7500.000,2500.000,236.85,237.15,2828.000,8625.000,17500.000,30000.000,236.445,236.722,236.814,237.204,-0.450,-0.451
2017-03-21 13:41:00,236.604,237.026,300.000,1209.000,236.55,236.65,2500.000,2500.000,237.00,237.15,2212.000,3838.000,236.50,236.70,7500.000,10000.000,236.95,237.20,8164.000,10072.000,20000.000,32500.000,236.403,236.752,236.875,237.254,-0.475,-0.453
2017-03-21 13:42:00,236.604,237.116,56.000,1535.000,236.55,236.65,5000.000,2500.000,237.10,237.20,740.000,1476.000,236.50,236.70,2500.000,10000.000,237.05,237.25,7017.000,7191.000,20000.000,35000.000,236.429,236.760,237.012,237.296,-0.550,-0.433
2017-03-21 13:43:00,236.596,237.037,576.000,1116.000,236.55,236.65,5000.000,2500.000,237.10,237.15,777.000,1876.000,236.50,236.70,2500.000,7500.000,237.05,237.20,7783.000,7967.000,17500.000,42500.000,236.438,236.766,236.993,237.274,-0.525,-0.423
2017-03-21 13:44:00,236.596,237.007,1.000,1763.000,236.60,236.65,5000.000,5000.000,236.95,237.10,5.000,2321.000,236.55,236.70,7500.000,7500.000,236.90,237.15,7039.000,11584.000,22500.000,27500.000,236.354,236.773,236.861,237.191,-0.400,-0.425
2017-03-21 13:45:00,236.505,236.971,9.000,453.000,236.55,236.60,5000.000,7500.000,236.90,237.10,5.000,1009.000,236.50,236.65,5000.000,5000.000,236.85,237.15,1778.000,6222.000,20000.000,27500.000,236.356,236.728,236.812,237.186,-0.425,-0.431
2017-03-21 13:46:00,236.583,237.018,183.000,445.000,236.55,236.60,5000.000,7500.000,236.95,237.10,65.000,1028.000,236.50,236.65,7500.000,5000.000,236.90,237.15,4906.000,6122.000,25000.000,30000.000,236.366,236.729,236.850,237.183,-0.450,-0.446
2017-03-21 13:47:00,236.510,236.918,3.000,127.000,236.40,236.45,2500.000,7500.000,236.90,237.00,171.000,276.000,236.35,236.50,2500.000,10000.000,236.85,237.05,9796.000,2957.000,20000.000,35000.000,236.260,236.603,236.787,237.093,-0.525,-0.448
2017-03-21 13:48:00,236.392,236.788,358.000,356.000,236.40,236.45,5000.000,2500.000,236.75,236.85,204.000,1032.000,236.35,236.50,5000.000,7500.000,236.70,236.90,5062.000,6458.000,25000.000,27500.000,236.182,236.600,236.640,236.955,-0.375,-0.458
2017-03-21 13:49:00,236.522,236.940,295.000,455.000,236.55,236.65,2500.000,7500.000,236.90,237.10,71.000,1232.000,236.50,236.70,7500.000,5000.000,236.85,237.15,3933.000,9399.000,25000.000,40000.000,236.396,236.797,236.790,237.228,-0.400,-0.451
2017-03-21 13:50:00,236.673,237.171,54.000,1672.000,236.75,236.80,2500.000,2500.000,237.10,237.25,230.000,426.000,236.70,236.85,5000.000,2500.000,237.05,237.30,2815.000,10468.000,20000.000,15000.000,236.580,236.957,236.981,237.358,-0.400,-0.425
2017-03-21 13:51:00,236.801,237.311,374.000,463.000,236.75,236.85,2500.000,5000.000,237.30,237.40,3196.000,585.000,236.70,236.90,2500.000,2500.000,237.25,237.45,10467.000,7906.000,27500.000,40000.000,236.653,236.992,237.182,237.531,-0.550,-0.413
2017-03-21 13:52:00,236.848,237.267,71.000,367.000,236.70,236.90,2500.000,5000.000,237.25,237.40,6682.000,163.000,236.65,236.95,5000.000,7500.000,237.20,237.45,12517.000,7632.000,20000.000,32500.000,236.596,237.008,237.131,237.515,-0.525,-0.415
2017-03-21 13:53:00,236.851,237.293,3.000,587.000,236.85,236.95,2500.000,7500.000,237.25,237.40,114.000,4691.000,236.80,237.00,15000.000,5000.000,237.20,237.45,4234.000,10737.000,25000.000,30000.000,236.655,237.064,237.175,237.508,-0.425,-0.407
2017-03-21 13:54:00,236.908,237.293,58.000,4702.000,236.80,237.00,2500.000,7500.000,237.25,237.40,436.000,498.000,236.75,237.05,10000.000,5000.000,237.20,237.45,7323.000,9591.000,22500.000,30000.000,236.650,237.076,237.156,237.508,-0.425,-0.398
2017-03-21 13:55:00,236.788,237.158,25.000,733.000,236.75,236.85,2500.000,2500.000,237.15,237.30,1161.000,425.000,236.65,236.90,2500.000,7500.000,237.10,237.35,9791.000,9227.000,20000.000,42500.000,236.553,236.987,237.025,237.406,-0.425,-0.395
2017-03-21 13:56:00,236.797,237.247,148.000,331.000,236.75,236.80,2500.000,5000.000,237.20,237.35,2.000,88.000,236.70,236.85,7500.000,22500.000,237.15,237.40,8600.000,6389.000,40000.000,47500.000,236.584,236.980,236.978,237.437,-0.500,-0.391
2017-03-21 13:57:00,236.834,237.265,425.000,511.000,236.85,236.90,2500.000,2500.000,237.20,237.35,29.000,556.000,236.80,236.95,2500.000,27500.000,237.15,237.40,2841.000,7401.000,35000.000,47500.000,236.687,237.004,236.968,237.432,-0.400,-0.382
2017-03-21 13:58:00,236.839,237.237,362.000,259.000,236.85,236.90,5000.000,5000.000,237.20,237.35,916.000,482.000,236.80,236.95,2500.000,25000.000,237.15,237.40,3524.000,7232.000,27500.000,47500.000,236.712,237.008,237.027,237.429,-0.400,-0.376
2017-03-21 13:59:00,237.039,237.381,266.000,4000.000,236.95,237.00,2500.000,5000.000,237.40,237.50,172.000,58.000,236.90,237.05,5000.000,2500.000,237.35,237.55,9597.000,7496.000,25000.000,52500.000,236.778,237.082,237.290,237.664,-0.475,-0.390
2017-03-21 14:00:00,237.036,237.390,827.000,3651.000,236.95,237.00,2500.000,2500.000,237.40,237.50,2.000,77.000,236.90,237.05,5000.000,17500.000,237.35,237.60,9485.000,7121.000,22500.000,50000.000,236.786,237.085,237.289,237.678,-0.475,-0.394
2017-03-21 14:01:00,237.027,237.456,784.000,2507.000,236.95,237.00,5000.000,2500.000,237.45,237.50,2.000,126.000,236.90,237.05,2500.000,15000.000,237.40,237.60,10174.000,7066.000,32500.000,47500.000,236.796,237.106,237.331,237.682,-0.500,-0.382
2017-03-21 14:02:00,237.016,237.402,8.000,8.000,236.90,236.95,5000.000,2500.000,237.40,237.50,151.000,139.000,236.85,237.00,5000.000,5000.000,237.35,237.55,9175.000,2458.000,25000.000,40000.000,236.763,237.096,237.305,237.656,-0.525,-0.376
2017-03-21 14:03:00,237.044,237.416,232.000,618.000,236.95,237.00,2500.000,2500.000,237.40,237.45,27.000,777.000,236.90,237.05,5000.000,7500.000,237.35,237.50,8702.000,5380.000,25000.000,30000.000,236.774,237.121,237.285,237.558,-0.450,-0.401
2017-03-21 14:04:00,236.935,237.345,134.000,3010.000,236.95,237.00,2500.000,7500.000,237.30,237.40,87.000,614.000,236.90,237.05,7500.000,7500.000,237.25,237.45,3704.000,11859.000,55000.000,62500.000,236.772,237.091,237.180,237.510,-0.375,-0.412
2017-03-21 14:05:00,236.945,237.319,6100.000,1248.000,236.80,236.95,2500.000,2500.000,237.30,237.35,1103.000,3135.000,236.75,237.00,15000.000,5000.000,237.25,237.40,18706.000,7754.000,42500.000,35000.000,236.709,237.035,237.197,237.493,-0.450,-0.432
2017-03-21 14:06:00,237.168,237.539,237.000,3.000,237.05,237.10,2500.000,5000.000,237.40,237.55,3312.000,20.000,237.00,237.15,5000.000,10000.000,237.35,237.60,8326.000,1194.000,65000.000,40000.000,236.944,237.251,237.279,237.691,-0.400,-0.446
2017-03-21 14:07:00,237.018,237.370,150.000,200.000,236.85,236.95,5000.000,5000.000,237.30,237.45,897.000,100.000,236.80,237.00,12500.000,5000.000,237.25,237.50,10820.000,2650.000,27500.000,22500.000,236.701,237.116,237.218,237.561,-0.475,-0.454
2017-03-21 14:08:00,236.812,237.312,507.000,10.000,236.80,236.85,2500.000,2500.000,237.25,237.35,50.000,762.000,236.70,236.90,2500.000,5000.000,237.20,237.40,8625.000,6527.000,15000.000,17500.000,236.631,236.999,237.142,237.471,-0.475,-0.438
2017-03-21 14:09:00,236.924,237.387,793.000,144.000,236.80,236.95,5000.000,5000.000,237.30,237.50,793.000,414.000,236.75,237.00,2500.000,2500.000,237.25,237.55,8774.000,4789.000,17500.000,20000.000,236.681,237.092,237.214,237.588,-0.525,-0.426
2017-03-21 14:10:00,236.783,237.259,200.000,104.000,236.70,236.80,2500.000,2500.000,237.20,237.35,152.000,97.000,236.65,236.85,5000.000,7500.000,237.10,237.40,9414.000,6106.000,20000.000,22500.000,236.554,236.968,237.056,237.472,-0.525,-0.430
2017-03-21 14:11:00,236.867,237.308,898.000,193.000,236.70,236.90,5000.000,5000.000,237.25,237.40,5405.000,1763.000,236.65,236.95,10000.000,2500.000,237.20,237.45,12562.000,6596.000,22500.000,22500.000,236.592,237.001,237.178,237.506,-0.525,-0.418
2017-03-21 14:12:00,236.930,237.319,783.000,153.000,236.85,236.90,5000.000,2500.000,237.30,237.40,4.000,349.000,236.80,236.95,2500.000,5000.000,237.25,237.45,6882.000,4047.000,20000.000,25000.000,236.697,237.030,237.213,237.515,-0.475,-0.423
2017-03-21 14:13:00,236.950,237.369,124.000,433.000,236.85,236.90,2500.000,2500.000,237.35,237.40,61.000,327.000,236.80,236.95,2500.000,2500.000,237.30,237.45,8482.000,4137.000,20000.000,20000.000,236.691,237.023,237.238,237.525,-0.500,-0.436
2017-03-21 14:14:00,237.000,237.404,2543.000,39.000,236.90,237.00,5000.000,2500.000,237.40,237.50,239.000,61.000,236.85,237.05,10000.000,2500.000,237.35,237.55,10970.000,4283.000,30000.000,30000.000,236.798,237.162,237.296,237.671,-0.500,-0.446
2017-03-21 14:15:00,237.028,237.524,314.000,46.000,237.00,237.05,2500.000,5000.000,237.50,237.60,150.000,194.000,236.95,237.10,7500.000,2500.000,237.45,237.65,7630.000,5660.000,25000.000,27500.000,236.870,237.227,237.405,237.732,-0.525,-0.434
2017-03-21 14:16:00,237.056,237.436,118.000,3.000,236.95,237.00,2500.000,7500.000,237.40,237.55,1.000,510.000,236.90,237.05,7500.000,10000.000,237.35,237.60,7087.000,3820.000,20000.000,32500.000,236.756,237.150,237.312,237.638,-0.500,-0.438
2017-03-21 14:17:00,236.973,237.388,554.000,592.000,236.80,237.00,5000.000,2500.000,237.30,237.45,1359.000,973.000,236.75,237.05,5000.000,2500.000,237.25,237.50,10729.000,5519.000,27500.000,25000.000,236.679,237.117,237.177,237.565,-0.475,-0.433
2017-03-21 14:18:00,236.897,237.381,1151.000,964.000,236.80,236.90,2500.000,2500.000,237.30,237.40,2941.000,165.000,236.70,236.95,5000.000,5000.000,237.25,237.45,11679.000,4820.000,30000.000,22500.000,236.657,237.005,237.171,237.517,-0.500,-0.417
2017-03-21 14:19:00,236.927,237.381,459.000,1116.000,236.85,236.90,2500.000,2500.000,237.30,237.40,808.000,199.000,236.80,236.95,5000.000,5000.000,237.25,237.45,10150.000,4907.000,30000.000,22500.000,236.676,237.001,237.171,237.517,-0.475,-0.394
2017-03-21 14:20:00,236.944,237.381,235.000,178.000,236.85,236.90,2500.000,2500.000,237.30,237.40,517.000,129.000,236.80,236.95,5000.000,5000.000,237.25,237.45,8091.000,4394.000,30000.000,22500.000,236.683,237.033,237.167,237.522,-0.475,-0.374
2017-03-21 14:21:00,236.942,237.343,5.000,141.000,236.85,236.90,2500.000,2500.000,237.30,237.40,516.000,530.000,236.80,236.95,5000.000,5000.000,237.25,237.45,8169.000,4838.000,30000.000,25000.000,236.679,237.027,237.162,237.530,-0.475,-0.373
2017-03-21 14:22:00,236.842,237.229,699.000,374.000,236.80,236.85,5000.000,2500.000,237.20,237.30,104.000,675.000,236.70,236.90,5000.000,5000.000,237.15,237.40,9688.000,7133.000,22500.000,25000.000,236.593,236.991,237.083,237.460,-0.425,-0.371
2017-03-21 14:23:00,236.844,237.250,402.000,198.000,236.80,236.85,2500.000,5000.000,237.20,237.30,164.000,567.000,236.70,236.90,10000.000,5000.000,237.15,237.40,9719.000,6903.000,22500.000,27500.000,236.589,236.997,237.106,237.445,-0.425,-0.367
2017-03-21 14:24:00,236.886,237.224,446.000,186.000,236.80,236.90,7500.000,5000.000,237.15,237.30,154.000,867.000,236.70,236.95,5000.000,2500.000,237.10,237.35,9345.000,7249.000,22500.000,20000.000,236.575,237.013,237.072,237.400,-0.375,-0.398
2017-03-21 14:25:00,236.904,237.241,448.000,339.000,236.85,236.95,5000.000,5000.000,237.20,237.30,53.000,2211.000,236.80,237.00,5000.000,5000.000,237.15,237.40,5990.000,7019.000,17500.000,22500.000,236.630,237.052,237.121,237.433,-0.350,-0.418
2017-03-21 14:26:00,236.825,237.221,64.000,2876.000,236.90,237.00,5000.000,5000.000,237.15,237.30,1.000,1587.000,236.85,237.05,5000.000,5000.000,237.10,237.35,1832.000,10627.000,20000.000,22500.000,236.673,237.110,237.062,237.411,-0.275,-0.426
2017-03-21 14:27:00,236.890,237.268,135.000,1804.000,236.95,237.00,2500.000,2500.000,237.25,237.30,2.000,686.000,236.90,237.05,2500.000,5000.000,237.20,237.40,4285.000,13730.000,15000.000,20000.000,236.763,237.153,237.150,237.456,-0.300,-0.452
2017-03-21 14:28:00,236.859,237.244,138.000,392.000,236.80,236.85,7500.000,2500.000,237.15,237.30,364.000,61.000,236.75,236.90,5000.000,2500.000,237.10,237.35,4247.000,3261.000,25000.000,17500.000,236.642,236.985,237.065,237.407,-0.400,-0.438
2017-03-21 14:29:00,236.715,237.208,179.000,702.000,236.75,236.80,12500.000,2500.000,237.05,237.20,100.000,476.000,236.70,236.85,10000.000,5000.000,237.00,237.25,3514.000,6949.000,47500.000,15000.000,236.587,236.960,236.929,237.292,-0.350,-0.415
2017-03-21 14:30:00,236.833,237.269,615.000,48.000,236.75,236.80,2500.000,2500.000,237.20,237.25,210.000,403.000,236.70,236.85,5000.000,2500.000,237.15,237.35,10127.000,7205.000,25000.000,20000.000,236.594,237.002,237.075,237.412,-0.450,-0.390
2017-03-21 14:31:00,236.742,237.180,1046.000,957.000,236.70,236.75,10000.000,2500.000,237.05,237.20,86.000,106.000,236.65,236.80,7500.000,5000.000,237.00,237.25,6062.000,5300.000,42500.000,20000.000,236.558,236.880,236.918,237.300,-0.400,-0.378
2017-03-21 14:32:00,236.663,237.170,700.000,62.000,236.75,236.80,2500.000,2500.000,237.10,237.20,2.000,60.000,236.70,236.85,5000.000,7500.000,237.05,237.25,2909.000,9654.000,30000.000,27500.000,236.626,236.965,236.946,237.359,-0.375,-0.337
2017-03-21 14:33:00,236.793,237.109,167.000,931.000,236.75,236.90,2500.000,2500.000,237.10,237.20,11.000,900.000,236.70,236.95,2500.000,7500.000,237.05,237.25,6296.000,10897.000,15000.000,27500.000,236.568,237.024,237.000,237.305,-0.325,-0.349
2017-03-21 14:34:00,236.863,237.242,1079.000,445.000,236.85,236.95,7500.000,2500.000,237.20,237.35,60.000,2047.000,236.80,237.00,5000.000,5000.000,237.15,237.40,4130.000,6853.000,22500.000,22500.000,236.721,237.067,237.100,237.461,-0.375,-0.359
2017-03-21 14:35:00,236.962,237.272,536.000,1707.000,236.85,236.95,2500.000,2500.000,237.25,237.35,300.000,2280.000,236.80,237.00,7500.000,5000.000,237.20,237.40,10267.000,7537.000,17500.000,22500.000,236.687,237.043,237.164,237.456,-0.400,-0.376
2017-03-21 14:36:00,236.836,237.218,172.000,402.000,236.75,236.90,5000.000,10000.000,237.10,237.30,310.000,1055.000,236.70,236.95,2500.000,5000.000,237.05,237.35,5884.000,6915.000,25000.000,25000.000,236.578,237.015,236.955,237.370,-0.375,-0.379
2017-03-21 14:37:00,236.962,237.262,955.000,678.000,236.90,236.95,2500.000,2500.000,237.25,237.35,19.000,1647.000,236.85,237.00,5000.000,7500.000,237.20,237.45,8742.000,6660.000,20000.000,32500.000,236.688,237.059,237.131,237.515,-0.375,-0.402
2017-03-21 14:38:00,236.927,237.304,131.000,1768.000,236.90,236.95,2500.000,2500.000,237.25,237.30,104.000,1346.000,236.75,237.00,2500.000,5000.000,237.20,237.35,9258.000,7847.000,20000.000,15000.000,236.651,237.051,237.137,237.392,-0.350,-0.396
2017-03-21 14:39:00,236.816,237.245,1.000,443.000,236.75,236.90,5000.000,2500.000,237.10,237.20,260.000,1886.000,236.70,236.95,2500.000,2500.000,237.05,237.30,7695.000,10200.000,35000.000,17500.000,236.579,237.026,236.950,237.371,-0.325,-0.380
2017-03-21 14:40:00,236.865,237.258,676.000,1502.000,236.85,236.90,5000.000,2500.000,237.20,237.35,62.000,2999.000,236.80,236.95,7500.000,7500.000,237.15,237.40,3480.000,6888.000,27500.000,32500.000,236.710,236.974,237.091,237.462,-0.400,-0.390
2017-03-21 14:41:00,236.808,237.207,171.000,1544.000,236.80,236.85,2500.000,7500.000,237.15,237.30,61.000,1806.000,236.75,236.90,5000.000,10000.000,237.10,237.35,3449.000,7681.000,25000.000,32500.000,236.633,236.936,237.035,237.388,-0.400,-0.370
2017-03-21 14:42:00,236.740,237.155,2.000,1995.000,236.80,236.85,2500.000,2500.000,237.10,237.20,1.000,2325.000,236.75,236.90,12500.000,2500.000,237.00,237.25,1673.000,11896.000,32500.000,22500.000,236.615,236.951,236.938,237.333,-0.325,-0.343
2017-03-21 14:43:00,236.725,237.070,1253.000,25.000,236.60,236.65,5000.000,7500.000,237.00,237.15,2141.000,239.000,236.55,236.70,2500.000,10000.000,236.95,237.20,13588.000,2145.000,25000.000,37500.000,236.485,236.782,236.880,237.230,-0.450,-0.345
2017-03-21 14:44:00,236.454,236.806,523.000,1776.000,236.40,236.50,2500.000,2500.000,236.70,236.85,27.000,1063.000,236.35,236.55,5000.000,10000.000,236.65,236.90,4011.000,6133.000,25000.000,20000.000,236.238,236.582,236.595,236.931,-0.325,-0.326
2017-03-21 14:45:00,236.410,236.850,477.000,1396.000,236.45,236.50,5000.000,2500.000,236.75,236.90,509.000,334.000,236.40,236.55,15000.000,2500.000,236.70,236.95,1767.000,4941.000,32500.000,22500.000,236.369,236.601,236.662,237.000,-0.350,-0.302
2017-03-21 14:46:00,236.488,236.789,626.000,427.000,236.40,236.50,15000.000,5000.000,236.70,236.85,134.000,685.000,236.35,236.55,2500.000,7500.000,236.65,236.90,4897.000,4059.000,32500.000,25000.000,236.243,236.617,236.623,236.940,-0.325,-0.292
2017-03-21 14:47:00,236.165,236.442,912.000,995.000,236.15,236.25,2500.000,2500.000,236.35,236.50,503.000,1003.000,236.10,236.30,2500.000,7500.000,236.30,236.55,4658.000,7112.000,22500.000,22500.000,236.032,236.368,236.228,236.589,-0.225,-0.280
2017-03-21 14:48:00,236.302,236.659,630.000,415.000,236.25,236.30,7500.000,2500.000,236.55,236.70,465.000,45.000,236.20,236.35,2500.000,5000.000,236.50,236.75,4904.000,2908.000,22500.000,17500.000,236.123,236.459,236.444,236.850,-0.350,-0.264
2017-03-21 14:49:00,236.383,236.641,3.000,39.000,236.25,236.35,2500.000,5000.000,236.60,236.75,464.000,445.000,236.20,236.45,5000.000,5000.000,236.55,236.80,7463.000,4570.000,17500.000,22500.000,236.100,236.537,236.471,236.883,-0.375,-0.280
2017-03-21 14:50:00,236.499,236.818,662.000,60.000,236.60,236.65,2500.000,5000.000,236.80,236.95,134.000,332.000,236.55,236.70,5000.000,7500.000,236.75,237.00,1804.000,7759.000,17500.000,37500.000,236.501,236.809,236.707,237.130,-0.250,-0.276
2017-03-21 14:51:00,236.482,236.734,100.000,12.000,236.45,236.55,2500.000,5000.000,236.65,236.80,61.000,1186.000,236.40,236.60,2500.000,10000.000,236.60,236.85,5001.000,7276.000,22500.000,25000.000,236.263,236.693,236.478,236.885,-0.225,-0.292
2017-03-21 14:52:00,236.516,236.728,831.000,307.000,236.60,236.65,7500.000,2500.000,236.75,236.90,12.000,210.000,236.55,236.70,2500.000,5000.000,236.70,236.95,2046.000,8393.000,17500.000,40000.000,236.502,236.790,236.679,237.097,-0.200,-0.319
2017-03-21 14:53:00,236.529,236.810,62.000,100.000,236.50,236.60,2500.000,2500.000,236.75,236.90,502.000,312.000,236.45,236.65,2500.000,5000.000,236.70,236.95,6017.000,6300.000,15000.000,22500.000,236.359,236.772,236.633,237.006,-0.275,-0.328
2017-03-21 14:54:00,236.464,236.798,279.000,160.000,236.50,236.60,2500.000,2500.000,236.70,236.85,609.000,539.000,236.45,236.65,7500.000,5000.000,236.65,236.90,3908.000,9142.000,27500.000,22500.000,236.380,236.746,236.586,236.956,-0.225,-0.310
2017-03-21 14:55:00,236.551,236.850,4.000,60.000,236.60,236.70,7500.000,2500.000,236.75,236.90,61.000,2666.000,236.50,236.75,2500.000,7500.000,236.70,236.95,4704.000,12185.000,22500.000,20000.000,236.367,236.828,236.656,237.000,-0.175,-0.311
2017-03-21 14:56:00,236.711,237.044,96.000,2300.000,236.85,236.90,7500.000,5000.000,236.90,237.10,62.000,2090.000,236.70,236.95,2500.000,7500.000,236.85,237.15,4321.000,23229.000,25000.000,20000.000,236.579,237.016,236.810,237.194,-0.125,-0.291
2017-03-21 14:57:00,236.687,237.034,263.000,720.000,236.80,236.85,2500.000,2500.000,237.00,237.10,3.000,1455.000,236.75,236.90,2500.000,7500.000,236.95,237.15,1502.000,18796.000,17500.000,22500.000,236.655,236.987,236.900,237.194,-0.225,-0.261
2017-03-21 14:58:00,236.736,237.062,2004.000,2211.000,236.80,236.85,5000.000,2500.000,236.95,237.10,1.000,58.000,236.70,236.90,10000.000,5000.000,236.90,237.15,7876.000,17470.000,30000.000,20000.000,236.626,236.984,236.850,237.194,-0.200,-0.246
2017-03-21 14:59:00,236.559,236.803,1022.000,734.000,236.50,236.60,5000.000,2500.000,236.65,236.80,352.000,60.000,236.40,236.65,12500.000,2500.000,236.60,236.85,8128.000,7452.000,32500.000,15000.000,236.294,236.718,236.558,236.925,-0.175,-0.221
2017-03-21 15:00:00,236.603,236.905,47.000,68.000,236.70,236.75,10000.000,5000.000,236.80,237.00,3.000,720.000,236.65,236.80,2500.000,2500.000,236.75,237.05,1639.000,8598.000,27500.000,27500.000,236.568,236.900,236.705,237.150,-0.175,-0.202
2017-03-21 15:01:00,236.880,237.117,144.000,7478.000,236.90,237.00,10000.000,5000.000,237.05,237.20,107.000,1401.000,236.85,237.05,7500.000,2500.000,237.00,237.25,2173.000,15303.000,25000.000,20000.000,236.758,237.057,236.975,237.312,-0.175,-0.162
2017-03-21 15:02:00,237.071,237.266,351.000,2046.000,236.95,237.00,12500.000,7500.000,237.20,237.40,789.000,2037.000,236.90,237.05,7500.000,2500.000,237.15,237.45,9521.000,5485.000,35000.000,37500.000,236.777,237.057,237.104,237.493,-0.325,-0.138
2017-03-21 15:03:00,237.099,237.352,588.000,874.000,237.05,237.20,2500.000,2500.000,237.30,237.45,293.000,2393.000,237.00,237.25,7500.000,10000.000,237.25,237.50,5459.000,9032.000,27500.000,32500.000,236.885,237.311,237.186,237.562,-0.250,-0.088
2017-03-21 15:04:00,237.355,237.476,239.000,2104.000,237.40,237.45,2500.000,5000.000,237.50,237.55,20.000,7539.000,237.35,237.50,5000.000,10000.000,237.40,237.60,2917.000,18665.000,17500.000,25000.000,237.252,237.533,237.350,237.635,-0.100,-0.091
2017-03-21 15:05:00,237.221,237.423,539.000,116.000,237.35,237.40,5000.000,2500.000,237.35,237.50,364.000,365.000,237.25,237.45,12500.000,5000.000,237.30,237.55,2920.000,17092.000,32500.000,27500.000,237.186,237.531,237.265,237.605,-0.050,-0.082
2017-03-21 15:06:00,237.327,237.365,116.000,3737.000,237.40,237.45,5000.000,2500.000,237.35,237.45,178.000,6583.000,237.35,237.50,7500.000,2500.000,237.30,237.50,1985.000,17607.000,22500.000,27500.000,237.225,237.531,237.261,237.577,0.025,-0.107
2017-03-21 15:07:00,237.333,237.410,121.000,101.000,237.40,237.50,7500.000,12500.000,237.40,237.60,167.000,534.000,237.35,237.55,5000.000,2500.000,237.35,237.65,2168.000,9823.000,22500.000,37500.000,237.253,237.637,237.311,237.710,-0.050,-0.125
2017-03-21 15:08:00,237.461,237.463,2.000,794.000,237.55,237.60,5000.000,7500.000,237.45,237.60,670.000,263.000,237.40,237.65,7500.000,2500.000,237.40,237.65,5242.000,11715.000,25000.000,40000.000,237.288,237.731,237.370,237.722,0.050,-0.141
2017-03-21 15:09:00,237.364,237.497,695.000,344.000,237.35,237.55,2500.000,2500.000,237.45,237.55,609.000,3988.000,237.30,237.60,5000.000,12500.000,237.40,237.60,6880.000,15670.000,22500.000,25000.000,237.217,237.677,237.350,237.640,-0.050,-0.135
2017-03-21 15:10:00,237.294,237.454,11.000,7.000,237.35,237.40,7500.000,5000.000,237.40,237.55,349.000,821.000,237.30,237.45,7500.000,15000.000,237.35,237.60,3100.000,7520.000,30000.000,40000.000,237.205,237.559,237.308,237.681,-0.100,-0.114
2017-03-21 15:11:00,237.169,237.329,473.000,32.000,237.10,237.15,10000.000,5000.000,237.20,237.40,2125.000,4.000,237.05,237.20,10000.000,7500.000,237.10,237.45,8469.000,3641.000,37500.000,22500.000,237.003,237.393,237.083,237.483,-0.175,-0.128
2017-03-21 15:12:00,236.907,237.076,53.000,3.000,236.90,236.95,2500.000,2500.000,237.05,237.10,1921.000,511.000,236.85,237.00,10000.000,5000.000,237.00,237.20,7048.000,6917.000,22500.000,25000.000,236.781,237.107,236.956,237.265,-0.150,-0.122
2017-03-21 15:13:00,236.945,237.026,374.000,2644.000,236.95,237.00,2500.000,5000.000,237.00,237.05,310.000,3332.000,236.90,237.05,5000.000,5000.000,236.95,237.10,5323.000,13512.000,20000.000,22500.000,236.804,237.084,236.894,237.161,-0.050,-0.118
2017-03-21 15:14:00,236.737,236.842,1269.000,10.000,236.70,236.80,2500.000,7500.000,236.80,236.90,4038.000,1312.000,236.65,236.85,5000.000,7500.000,236.75,236.95,12311.000,11702.000,17500.000,27500.000,236.593,236.943,236.707,237.009,-0.100,-0.112
2017-03-21 15:15:00,236.970,237.022,591.000,332.000,236.95,237.00,10000.000,5000.000,236.95,237.05,167.000,2500.000,236.90,237.05,10000.000,5000.000,236.90,237.10,7128.000,10816.000,35000.000,22500.000,236.779,237.113,236.875,237.139,-0.025,-0.110
2017-03-21 15:16:00,236.608,236.840,947.000,600.000,236.60,236.80,2500.000,10000.000,236.70,236.85,905.000,985.000,236.55,236.85,12500.000,2500.000,236.65,236.90,4600.000,9595.000,40000.000,22500.000,236.500,236.933,236.588,236.928,-0.075,-0.070
2017-03-21 15:17:00,236.838,236.978,153.000,445.000,236.90,237.00,7500.000,10000.000,236.85,237.05,169.000,2961.000,236.85,237.10,7500.000,2500.000,236.80,237.10,1877.000,9157.000,32500.000,25000.000,236.771,237.178,236.754,237.140,-0.000,-0.036
2017-03-21 15:18:00,237.188,237.246,459.000,7.000,237.15,237.20,5000.000,5000.000,237.20,237.30,272.000,67.000,237.10,237.25,7500.000,5000.000,237.15,237.35,5812.000,5037.000,35000.000,35000.000,236.993,237.358,237.082,237.425,-0.075,-0.022
2017-03-21 15:19:00,237.091,237.166,1307.000,803.000,237.00,237.25,5000.000,5000.000,237.15,237.30,949.000,1732.000,236.95,237.30,2500.000,5000.000,237.10,237.35,6931.000,8802.000,30000.000,40000.000,236.906,237.358,237.033,237.428,-0.100,-0.029
2017-03-21 15:20:00,237.371,237.414,151.000,2340.000,237.40,237.45,2500.000,7500.000,237.40,237.50,71.000,880.000,237.35,237.50,7500.000,5000.000,237.35,237.55,3069.000,9797.000,20000.000,35000.000,237.251,237.550,237.312,237.586,-0.025,-0.054
2017-03-21 15:21:00,237.097,237.133,89.000,780.000,236.95,237.15,2500.000,7500.000,237.05,237.20,598.000,740.000,236.90,237.20,12500.000,10000.000,237.00,237.25,7591.000,7397.000,27500.000,30000.000,236.789,237.254,236.959,237.287,-0.075,-0.042
2017-03-21 15:22:00,236.864,236.834,17.000,3571.000,236.90,237.00,2500.000,2500.000,236.80,236.95,100.000,837.000,236.85,237.05,5000.000,30000.000,236.75,237.00,539.000,6206.000,25000.000,52500.000,236.778,237.059,236.670,237.033,0.075,-0.102
2017-03-21 15:23:00,236.955,236.943,149.000,1318.000,236.85,236.90,2500.000,20000.000,236.90,237.00,107.000,150.000,236.80,236.95,2500.000,2500.000,236.85,237.05,3352.000,2046.000,22500.000,35000.000,236.707,236.938,236.789,237.064,-0.075,-0.116
2017-03-21 15:24:00,236.851,236.960,343.000,342.000,236.85,236.90,2500.000,15000.000,236.90,237.00,1537.000,5150.000,236.80,236.95,12500.000,2500.000,236.85,237.05,3723.000,6911.000,30000.000,30000.000,236.735,236.963,236.812,237.067,-0.075,-0.150
2017-03-21 15:25:00,236.979,237.148,60.000,40.000,236.85,236.95,2500.000,5000.000,237.00,237.15,993.000,722.000,236.80,237.00,5000.000,5000.000,236.95,237.20,4325.000,1299.000,32500.000,20000.000,236.757,237.032,236.862,237.231,-0.175,-0.230
2017-03-21 15:26:00,237.465,237.438,126.000,7118.000,237.40,237.50,7500.000,2500.000,237.45,237.55,60.000,16.000,237.30,237.55,2500.000,12500.000,237.35,237.60,3784.000,8217.000,25000.000,35000.000,237.201,237.515,237.315,237.668,-0.050,-0.230
2017-03-21 15:27:00,237.190,237.460,233.000,783.000,237.25,237.40,7500.000,2500.000,237.40,237.55,2.000,633.000,237.15,237.45,7500.000,7500.000,237.35,237.60,2495.000,9123.000,25000.000,25000.000,237.104,237.500,237.325,237.655,-0.150,-0.230
2017-03-21 15:28:00,237.376,237.435,111.000,100.000,237.10,237.30,10000.000,2500.000,237.40,237.50,150.000,1424.000,237.05,237.50,2500.000,10000.000,237.35,237.60,2990.000,2201.000,22500.000,27500.000,236.921,237.522,237.328,237.645,-0.250,-0.230
2017-03-21 15:29:00,237.149,237.427,197.000,235.000,236.95,237.00,7500.000,5000.000,237.35,237.50,50.000,51.000,236.90,237.30,2500.000,10000.000,237.30,237.60,2543.000,1512.000,25000.000,30000.000,236.858,237.304,237.255,237.633,-0.450,-0.230
2017-03-21 15:30:00,236.950,237.517,34.000,6364.000,236.40,237.50,7500.000,2500.000,237.50,237.55,2307.000,375.000,236.35,237.60,5000.000,5000.000,237.25,237.60,5294.000,6886.000,45000.000,27500.000,236.193,237.510,237.139,237.700,-0.575,-0.230
2017-03-22 09:16:00,235.479,235.896,56.000,406.000,235.45,235.50,5000.000,2500.000,235.80,236.15,100.000,50.000,235.35,235.55,2500.000,2500.000,235.60,236.20,3534.000,2030.000,15000.000,15000.000,235.228,235.606,235.592,236.342,-0.500,-0.444
2017-03-22 09:17:00,235.134,235.592,400.000,4.000,235.10,235.20,2500.000,5000.000,235.55,235.70,300.000,435.000,235.05,235.25,2500.000,2500.000,235.50,235.80,2757.000,2631.000,12500.000,20000.000,234.921,235.342,235.420,235.875,-0.475,-0.433
2017-03-22 09:18:00,235.063,235.489,364.000,410.000,234.90,235.00,5000.000,2500.000,235.40,235.55,623.000,21.000,234.85,235.05,2500.000,2500.000,235.35,235.60,6990.000,2078.000,20000.000,15000.000,234.787,235.191,235.300,235.658,-0.525,-0.436
2017-03-22 09:19:00,235.104,235.529,1066.000,944.000,235.00,235.20,2500.000,2500.000,235.55,235.70,339.000,912.000,234.95,235.25,2500.000,7500.000,235.45,235.75,4787.000,4224.000,12500.000,22500.000,234.913,235.303,235.370,235.794,-0.525,-0.424
2017-03-22 09:20:00,234.907,235.397,517.000,373.000,234.85,235.05,2500.000,7500.000,235.35,235.60,550.000,712.000,234.75,235.10,2500.000,5000.000,235.30,235.65,4170.000,3990.000,12500.000,25000.000,234.713,235.195,235.210,235.710,-0.525,-0.404
2017-03-22 09:21:00,234.944,235.366,464.000,102.000,234.70,234.85,2500.000,5000.000,235.15,235.40,740.000,60.000,234.65,234.90,2500.000,2500.000,235.10,235.50,6834.000,1649.000,22500.000,17500.000,234.544,235.016,235.028,235.557,-0.500,-0.431
2017-03-22 09:22:00,234.984,235.386,770.000,155.000,234.85,235.00,2500.000,5000.000,235.45,235.50,2839.000,4.000,234.80,235.05,2500.000,2500.000,235.35,235.55,8604.000,3214.000,12500.000,22500.000,234.759,235.154,235.280,235.611,-0.550,-0.446
2017-03-22 09:23:00,235.250,235.694,361.000,456.000,235.20,235.30,2500.000,5000.000,235.65,235.90,122.000,469.000,235.15,235.40,5000.000,7500.000,235.60,235.95,3552.000,4097.000,17500.000,27500.000,235.079,235.481,235.471,235.991,-0.525,-0.454
2017-03-22 09:24:00,235.197,235.559,758.000,5.000,235.05,235.15,5000.000,2500.000,235.50,235.75,132.000,165.000,235.00,235.25,2500.000,5000.000,235.45,235.80,7506.000,4231.000,17500.000,25000.000,234.904,235.309,235.379,235.870,-0.525,-0.504
2017-03-22 09:25:00,235.361,235.750,1053.000,1271.000,235.35,235.40,5000.000,2500.000,235.65,235.90,398.000,569.000,235.25,235.45,2500.000,2500.000,235.60,235.95,3236.000,3534.000,15000.000,20000.000,235.231,235.505,235.567,236.025,-0.400,-0.548
2017-03-22 09:26:00,235.033,235.590,1000.000,37.000,235.05,235.15,2500.000,5000.000,235.60,235.80,258.000,354.000,235.00,235.25,2500.000,5000.000,235.55,235.85,2698.000,5150.000,12500.000,25000.000,234.959,235.342,235.440,235.905,-0.600,-0.540
2017-03-22 09:27:00,234.868,235.344,922.000,1022.000,234.90,235.00,5000.000,2500.000,235.25,235.40,50.000,678.000,234.75,235.05,2500.000,2500.000,235.20,235.50,3871.000,6698.000,22500.000,22500.000,234.694,235.098,235.128,235.567,-0.375,-0.550
2017-03-22 09:28:00,234.864,235.348,48.000,820.000,234.75,234.85,7500.000,2500.000,235.20,235.40,244.000,18.000,234.65,234.90,2500.000,5000.000,235.15,235.45,6287.000,3576.000,32500.000,22500.000,234.531,234.970,235.077,235.506,-0.500,-0.565
2017-03-22 09:29:00,234.764,235.377,157.000,95.000,234.75,234.80,7500.000,2500.000,235.20,235.40,500.000,800.000,234.70,234.85,2500.000,5000.000,235.15,235.45,2867.000,3104.000,32500.000,17500.000,234.605,234.953,235.077,235.493,-0.525,-0.557
2017-03-22 09:30:00,234.731,235.340,414.000,766.000,234.70,234.85,2500.000,2500.000,235.20,235.35,467.000,494.000,234.65,234.90,2500.000,5000.000,235.15,235.40,5759.000,8264.000,30000.000,20000.000,234.561,234.998,235.050,235.450,-0.500,-0.522
2017-03-22 09:31:00,234.677,235.192,706.000,3.000,234.55,234.65,2500.000,2500.000,235.10,235.20,882.000,21.000,234.50,234.70,5000.000,2500.000,235.05,235.25,6999.000,1991.000,30000.000,15000.000,234.437,234.825,235.004,235.317,-0.550,-0.530
2017-03-22 09:32:00,234.720,235.250,60.000,4.000,234.70,234.80,2500.000,5000.000,235.20,235.30,554.000,1135.000,234.65,234.85,5000.000,2500.000,235.10,235.35,7866.000,9701.000,32500.000,22500.000,234.540,234.974,235.004,235.411,-0.500,-0.514
2017-03-22 09:33:00,234.808,235.364,864.000,10.000,234.75,234.85,2500.000,2500.000,235.30,235.40,643.000,1023.000,234.70,235.00,2500.000,2500.000,235.20,235.45,5447.000,6436.000,30000.000,22500.000,234.639,235.092,235.062,235.500,-0.550,-0.512
2017-03-22 09:34:00,234.809,235.385,229.000,440.000,234.80,234.95,2500.000,2500.000,235.25,235.40,400.000,1359.000,234.75,235.00,5000.000,2500.000,235.20,235.45,3550.000,7302.000,32500.000,17500.000,234.661,235.077,235.069,235.521,-0.450,-0.494
2017-03-22 09:35:00,235.165,235.600,1.000,47.000,235.10,235.15,2500.000,7500.000,235.55,235.75,339.000,50.000,234.95,235.20,2500.000,5000.000,235.45,235.80,3171.000,1182.000,17500.000,25000.000,234.868,235.304,235.400,235.845,-0.525,-0.496
2017-03-22 09:36:00,234.970,235.522,732.000,7.000,234.90,234.95,2500.000,2500.000,235.45,235.55,1331.000,802.000,234.85,235.15,5000.000,5000.000,235.40,235.75,7557.000,8419.000,20000.000,25000.000,234.787,235.235,235.306,235.795,-0.575,-0.499
2017-03-22 09:37:00,234.959,235.409,110.000,440.000,234.85,235.00,5000.000,2500.000,235.40,235.60,212.000,107.000,234.80,235.05,2500.000,5000.000,235.35,235.65,3066.000,2645.000,22500.000,47500.000,234.696,235.117,235.294,235.732,-0.575,-0.527
2017-03-22 09:38:00,234.730,235.275,192.000,138.000,234.70,234.75,7500.000,2500.000,235.25,235.40,53.000,110.000,234.65,234.85,5000.000,2500.000,235.20,235.45,5349.000,5700.000,40000.000,45000.000,234.543,234.981,235.103,235.542,-0.600,-0.540
2017-03-22 09:39:00,235.028,235.518,380.000,425.000,235.00,235.05,2500.000,5000.000,235.40,235.60,50.000,594.000,234.90,235.10,2500.000,2500.000,235.35,235.65,4757.000,4208.000,17500.000,17500.000,234.781,235.196,235.271,235.693,-0.475,-0.553
2017-03-22 09:40:00,234.994,235.439,390.000,1048.000,235.00,235.10,2500.000,2500.000,235.30,235.50,248.000,475.000,234.85,235.15,7500.000,5000.000,235.25,235.55,5611.000,7069.000,27500.000,20000.000,234.777,235.209,235.182,235.606,-0.350,-0.555
2017-03-22 09:41:00,234.928,235.491,465.000,189.000,235.00,235.05,2500.000,2500.000,235.30,235.50,644.000,893.000,234.95,235.10,7500.000,2500.000,235.25,235.55,2573.000,7170.000,30000.000,12500.000,234.897,235.202,235.188,235.600,-0.375,-0.515
2017-03-22 09:42:00,234.935,235.529,306.000,100.000,235.00,235.05,2500.000,7500.000,235.35,235.55,132.000,689.000,234.95,235.10,2500.000,5000.000,235.30,235.60,2448.000,6694.000,25000.000,22500.000,234.860,235.208,235.225,235.667,-0.425,-0.472
2017-03-22 09:43:00,234.970,235.576,746.000,645.000,235.00,235.10,5000.000,2500.000,235.40,235.60,869.000,147.000,234.95,235.15,5000.000,2500.000,235.35,235.65,3286.000,6943.000,32500.000,15000.000,234.912,235.234,235.292,235.708,-0.450,-0.424
2017-03-22 09:44:00,234.977,235.532,900.000,627.000,235.00,235.10,2500.000,5000.000,235.40,235.55,487.000,495.000,234.95,235.15,2500.000,5000.000,235.35,235.60,3100.000,7296.000,25000.000,25000.000,234.910,235.213,235.265,235.715,-0.425,-0.396
2017-03-22 09:45:00,234.919,235.374,970.000,464.000,235.00,235.05,2500.000,2500.000,235.35,235.40,38.000,3274.000,234.95,235.10,5000.000,2500.000,235.25,235.45,2880.000,12172.000,22500.000,20000.000,234.898,235.186,235.200,235.556,-0.350,-0.360
2017-03-22 09:46:00,234.681,235.045,198.000,2988.000,234.70,234.80,5000.000,2500.000,235.05,235.10,339.000,354.000,234.65,234.85,2500.000,5000.000,235.00,235.20,6448.000,14069.000,20000.000,32500.000,234.541,234.946,234.950,235.269,-0.325,-0.355
2017-03-22 09:47:00,234.612,234.990,502.000,6.000,234.60,234.70,2500.000,5000.000,234.95,235.00,837.000,2673.000,234.55,234.75,2500.000,5000.000,234.90,235.05,7951.000,10633.000,27500.000,25000.000,234.472,234.849,234.818,235.115,-0.325,-0.324
2017-03-22 09:48:00,234.710,235.076,968.000,2.000,234.65,234.75,2500.000,2500.000,235.00,235.15,1642.000,434.000,234.60,234.85,2500.000,2500.000,234.95,235.20,10818.000,9696.000,27500.000,25000.000,234.526,234.973,234.868,235.275,-0.375,-0.295
2017-03-22 09:49:00,234.832,235.250,60.000,143.000,234.80,234.90,2500.000,2500.000,235.15,235.30,1008.000,50.000,234.75,234.95,2500.000,7500.000,235.10,235.35,3305.000,3458.000,30000.000,25000.000,234.680,235.047,235.029,235.405,-0.375,-0.277
2017-03-22 09:50:00,234.782,235.057,84.000,404.000,234.75,234.85,5000.000,2500.000,234.95,235.15,250.000,2562.000,234.65,234.90,7500.000,2500.000,234.90,235.20,6548.000,7763.000,30000.000,25000.000,234.534,234.968,234.842,235.285,-0.250,-0.264
2017-03-22 09:51:00,234.730,235.068,478.000,2250.000,234.75,234.85,2500.000,2500.000,234.95,235.10,300.000,746.000,234.65,234.90,10000.000,2500.000,234.90,235.15,7254.000,13463.000,30000.000,17500.000,234.549,234.976,234.838,235.229,-0.225,-0.248
2017-03-22 09:52:00,234.576,234.800,50.000,38.000,234.55,234.65,2500.000,2500.000,234.75,234.90,2635.000,99.000,234.50,234.70,7500.000,2500.000,234.70,234.95,7749.000,8690.000,20000.000,25000.000,234.426,234.802,234.656,235.005,-0.225,-0.248
2017-03-22 09:53:00,234.774,234.996,200.000,137.000,234.85,234.90,2500.000,2500.000,235.00,235.10,845.000,6974.000,234.70,235.00,2500.000,2500.000,234.95,235.15,5575.000,14105.000,12500.000,20000.000,234.621,235.047,234.900,235.231,-0.175,-0.240
2017-03-22 09:54:00,234.983,235.311,82.000,2008.000,235.05,235.10,2500.000,5000.000,235.15,235.30,659.000,22.000,235.00,235.20,7500.000,5000.000,235.10,235.40,3784.000,10225.000,27500.000,17500.000,234.879,235.277,235.032,235.414,-0.150,-0.207
2017-03-22 09:55:00,234.970,235.178,785.000,23.000,235.00,235.05,2500.000,2500.000,235.15,235.25,60.000,1899.000,234.95,235.10,7500.000,7500.000,235.10,235.30,4311.000,7087.000,20000.000,25000.000,234.877,235.203,235.056,235.355,-0.175,-0.187
2017-03-22 09:56:00,234.698,234.956,200.000,12.000,234.80,234.85,7500.000,2500.000,234.85,235.00,150.000,662.000,234.75,234.95,5000.000,5000.000,234.80,235.10,2650.000,16169.000,35000.000,27500.000,234.659,235.057,234.757,235.164,-0.100,-0.168
2017-03-22 09:57:00,234.583,234.809,507.000,13.000,234.60,234.75,2500.000,2500.000,234.70,234.85,233.000,2565.000,234.55,234.80,5000.000,5000.000,234.65,234.90,6345.000,15339.000,30000.000,25000.000,234.473,234.889,234.562,234.955,-0.100,-0.126
2017-03-22 09:58:00,234.676,234.855,2016.000,1270.000,234.60,234.70,2500.000,5000.000,234.75,234.95,606.000,213.000,234.55,234.75,2500.000,7500.000,234.70,235.00,8108.000,5032.000,25000.000,27500.000,234.496,234.829,234.630,235.050,-0.200,-0.134
2017-03-22 09:59:00,234.489,234.655,504.000,1849.000,234.50,234.60,2500.000,2500.000,234.55,234.75,479.000,547.000,234.45,234.65,7500.000,7500.000,234.50,234.80,6934.000,15514.000,25000.000,22500.000,234.343,234.730,234.450,234.861,-0.100,-0.135
2017-03-22 10:00:00,234.488,234.594,1728.000,44.000,234.40,234.50,2500.000,5000.000,234.50,234.65,1377.000,150.000,234.35,234.55,2500.000,5000.000,234.45,234.70,9801.000,6163.000,22500.000,20000.000,234.277,234.628,234.356,234.738,-0.125,-0.140
2017-03-22 10:01:00,234.240,234.403,3612.000,909.000,234.20,234.25,2500.000,5000.000,234.30,234.40,2039.000,786.000,234.15,234.30,10000.000,5000.000,234.25,234.45,15322.000,10981.000,30000.000,20000.000,234.087,234.381,234.196,234.525,-0.125,-0.147
2017-03-22 10:02:00,233.874,233.889,201.000,54.000,233.90,233.95,5000.000,5000.000,233.80,233.95,704.000,2913.000,233.85,234.00,2500.000,5000.000,233.75,234.00,7070.000,11555.000,25000.000,20000.000,233.726,234.065,233.665,234.037,0.050,-0.167
2017-03-22 10:03:00,233.728,233.950,64.000,2.000,233.80,233.85,2500.000,5000.000,233.80,233.95,895.000,86.000,233.70,233.90,2500.000,7500.000,233.70,234.00,5323.000,10433.000,27500.000,22500.000,233.623,233.999,233.623,234.089,-0.050,-0.149
2017-03-22 10:04:00,233.793,233.965,639.000,91.000,233.75,233.95,2500.000,2500.000,233.80,234.00,1507.000,3066.000,233.70,234.00,2500.000,2500.000,233.75,234.05,6748.000,11684.000,20000.000,12500.000,233.634,234.065,233.688,234.120,-0.050,-0.117
2017-03-22 10:05:00,233.338,233.466,124.000,625.000,233.40,233.50,5000.000,2500.000,233.45,233.55,314.000,3700.000,233.35,233.55,2500.000,5000.000,233.25,233.60,3486.000,16256.000,22500.000,17500.000,233.258,233.627,233.233,233.643,-0.050,-0.112
2017-03-22 10:06:00,233.240,233.438,544.000,21.000,233.25,233.30,5000.000,2500.000,233.30,233.50,814.000,163.000,233.20,233.40,2500.000,2500.000,233.25,233.55,5515.000,8470.000,25000.000,15000.000,233.120,233.514,233.195,233.617,-0.125,-0.110
2017-03-22 10:07:00,233.352,233.466,543.000,226.000,233.35,233.45,2500.000,5000.000,233.40,233.55,1068.000,500.000,233.30,233.50,2500.000,5000.000,233.35,233.60,6435.000,9917.000,17500.000,22500.000,233.223,233.595,233.271,233.650,-0.075,-0.131
2017-03-22 10:08:00,233.290,233.422,1029.000,190.000,233.30,233.40,2500.000,2500.000,233.35,233.50,478.000,71.000,233.25,233.45,2500.000,7500.000,233.30,233.55,6116.000,11776.000,20000.000,25000.000,233.178,233.531,233.194,233.625,-0.075,-0.143
2017-03-22 10:09:00,233.282,233.297,952.000,22.000,233.20,233.30,2500.000,2500.000,233.30,233.40,1220.000,48.000,233.15,233.35,2500.000,5000.000,233.20,233.45,10610.000,6846.000,15000.000,22500.000,233.062,233.461,233.158,233.494,-0.100,-0.164
2017-03-22 10:10:00,233.142,233.241,512.000,20.000,233.15,233.20,5000.000,5000.000,233.15,233.35,1472.000,49.000,233.10,233.25,5000.000,5000.000,233.10,233.40,8045.000,9485.000,20000.000,22500.000,233.023,233.365,233.062,233.467,-0.075,-0.173
2017-03-22 10:11:00,233.306,233.498,188.000,52.000,233.25,233.30,2500.000,2500.000,233.40,233.55,1196.000,48.000,233.20,233.35,7500.000,2500.000,233.35,233.60,9579.000,7095.000,25000.000,25000.000,233.098,233.540,233.295,233.750,-0.200,-0.171
2017-03-22 10:12:00,233.660,233.877,742.000,1528.000,233.50,233.70,5000.000,7500.000,233.75,233.90,833.000,62.000,233.45,233.75,5000.000,2500.000,233.70,233.95,10239.000,5844.000,35000.000,20000.000,233.377,233.825,233.636,233.975,-0.225,-0.177
2017-03-22 10:13:00,233.536,233.730,1776.000,249.000,233.55,233.65,10000.000,2500.000,233.65,233.80,25.000,1280.000,233.50,233.70,15000.000,2500.000,233.60,233.85,5550.000,10421.000,32500.000,22500.000,233.424,233.791,233.592,233.944,-0.125,-0.191
2017-03-22 10:14:00,233.694,233.815,553.000,804.000,233.55,233.70,2500.000,2500.000,233.75,233.85,529.000,801.000,233.50,233.75,2500.000,7500.000,233.70,233.90,9802.000,5775.000,30000.000,27500.000,233.406,233.810,233.629,233.964,-0.175,-0.212
2017-03-22 10:15:00,233.500,233.642,58.000,242.000,233.40,233.50,12500.000,2500.000,233.60,233.70,1699.000,237.000,233.35,233.55,2500.000,5000.000,233.55,233.75,11444.000,6054.000,25000.000,20000.000,233.267,233.654,233.540,233.806,-0.200,-0.219
2017-03-22 10:16:00,233.444,233.627,309.000,375.000,233.35,233.40,12500.000,2500.000,233.60,233.70,1996.000,200.000,233.30,233.45,2500.000,7500.000,233.55,233.75,11506.000,3036.000,25000.000,25000.000,233.243,233.546,233.540,233.805,-0.275,-0.220
2017-03-22 10:17:00,233.504,233.747,247.000,399.000,233.45,233.55,2500.000,5000.000,233.65,233.80,255.000,1181.000,233.40,233.60,17500.000,2500.000,233.60,233.85,6485.000,6537.000,27500.000,20000.000,233.296,233.695,233.577,233.925,-0.225,-0.237
2017-03-22 10:18:00,233.650,233.912,1000.000,23.000,233.55,233.60,2500.000,2500.000,233.80,233.95,79.000,109.000,233.50,233.65,2500.000,2500.000,233.75,234.00,6734.000,1765.000,17500.000,12500.000,233.433,233.754,233.686,234.050,-0.300,-0.244
2017-03-22 10:19:00,233.538,233.767,480.000,200.000,233.50,233.55,2500.000,2500.000,233.70,233.85,55.000,688.000,233.45,233.60,2500.000,7500.000,233.65,233.90,5183.000,4742.000,17500.000,20000.000,233.345,233.694,233.600,233.944,-0.250,-0.241
2017-03-22 10:20:00,233.503,233.677,294.000,497.000,233.35,233.50,5000.000,2500.000,233.60,233.75,2036.000,497.000,233.30,233.55,2500.000,5000.000,233.55,233.80,9977.000,4084.000,20000.000,17500.000,233.237,233.616,233.506,233.850,-0.250,-0.249
2017-03-22 10:21:00,233.524,233.713,1326.000,38.000,233.35,233.50,2500.000,7500.000,233.65,233.80,2762.000,126.000,233.30,233.55,12500.000,5000.000,233.60,233.85,12656.000,2870.000,22500.000,25000.000,233.254,233.644,233.572,233.885,-0.300,-0.285
2017-03-22 10:22:00,233.456,233.789,3026.000,130.000,233.35,233.40,2500.000,2500.000,233.70,233.85,2542.000,280.000,233.30,233.45,7500.000,10000.000,233.65,233.90,10594.000,1158.000,22500.000,22500.000,233.270,233.507,233.600,233.961,-0.400,-0.288
2017-03-22 10:23:00,233.415,233.709,79.000,100.000,233.30,233.35,10000.000,2500.000,233.60,233.80,2448.000,190.000,233.25,233.40,5000.000,5000.000,233.55,233.85,5406.000,1022.000,22500.000,17500.000,233.194,233.453,233.533,233.907,-0.375,-0.296
2017-03-22 10:24:00,233.246,233.460,46.000,197.000,233.15,233.20,2500.000,5000.000,233.35,233.55,1008.000,368.000,233.10,233.25,5000.000,7500.000,233.30,233.60,6729.000,3208.000,25000.000,25000.000,232.994,233.337,233.230,233.635,-0.275,-0.339
2017-03-22 10:25:00,233.356,233.569,245.000,1.000,233.20,233.30,7500.000,5000.000,233.55,233.70,2511.000,89.000,233.15,233.35,5000.000,5000.000,233.50,233.75,13748.000,3767.000,20000.000,32500.000,233.053,233.476,233.481,233.804,-0.375,-0.386
2017-03-22 10:26:00,233.271,233.643,945.000,71.000,233.15,233.20,5000.000,7500.000,233.55,233.70,1238.000,51.000,233.10,233.25,7500.000,5000.000,233.50,233.75,11237.000,2215.000,25000.000,25000.000,233.024,233.362,233.460,233.785,-0.450,-0.406
2017-03-22 10:27:00,233.256,233.600,86.000,10.000,233.15,233.20,5000.000,2500.000,233.55,233.65,850.000,52.000,233.10,233.25,7500.000,2500.000,233.50,233.70,10089.000,2912.000,25000.000,20000.000,233.015,233.366,233.460,233.775,-0.425,-0.414
2017-03-22 10:28:00,233.168,233.507,821.000,574.000,233.05,233.20,2500.000,2500.000,233.50,233.55,3915.000,2101.000,233.00,233.25,2500.000,5000.000,233.40,233.60,10506.000,6267.000,17500.000,20000.000,232.951,233.301,233.329,233.650,-0.400,-0.436
2017-03-22 10:29:00,233.083,233.512,2397.000,66.000,233.00,233.05,2500.000,5000.000,233.35,233.55,35.000,1.000,232.95,233.10,7500.000,5000.000,233.30,233.60,7359.000,1981.000,30000.000,22500.000,232.904,233.202,233.225,233.672,-0.425,-0.441
2017-03-22 10:30:00,232.999,233.445,1270.000,546.000,233.00,233.05,10000.000,2500.000,233.30,233.50,1.000,150.000,232.95,233.10,10000.000,7500.000,233.25,233.55,5322.000,5622.000,35000.000,20000.000,232.886,233.207,233.218,233.594,-0.375,-0.444
2017-03-22 10:31:00,233.050,233.525,952.000,7.000,233.00,233.10,2500.000,5000.000,233.40,233.55,61.000,134.000,232.95,233.15,5000.000,5000.000,233.35,233.60,5473.000,4589.000,25000.000,20000.000,232.887,233.245,233.285,233.669,-0.425,-0.437
2017-03-22 10:32:00,233.150,233.531,312.000,72.000,233.10,233.15,5000.000,2500.000,233.45,233.55,3.000,111.000,233.05,233.20,5000.000,7500.000,233.40,233.60,4429.000,3323.000,25000.000,20000.000,232.944,233.307,233.335,233.637,-0.375,-0.449
2017-03-22 10:33:00,233.046,233.495,507.000,54.000,233.00,233.05,2500.000,2500.000,233.40,233.55,133.000,490.000,232.95,233.10,5000.000,7500.000,233.35,233.60,5360.000,3370.000,27500.000,27500.000,232.873,233.214,233.282,233.695,-0.450,-0.433
2017-03-22 10:34:00,232.973,233.428,3988.000,1351.000,232.80,233.00,5000.000,2500.000,233.30,233.45,4287.000,226.000,232.75,233.05,7500.000,7500.000,233.25,233.50,13038.000,4583.000,30000.000,20000.000,232.729,233.105,233.200,233.556,-0.475,-0.414
2017-03-22 10:35:00,233.049,233.510,2562.000,205.000,232.90,233.00,2500.000,5000.000,233.45,233.55,448.000,50.000,232.85,233.05,5000.000,7500.000,233.35,233.60,16648.000,3010.000,25000.000,25000.000,232.795,233.156,233.290,233.665,-0.550,-0.401
2017-03-22 10:36:00,233.085,233.524,7.000,51.000,233.00,233.05,2500.000,2500.000,233.50,233.60,2518.000,99.000,232.95,233.10,2500.000,5000.000,233.45,233.65,15563.000,5807.000,22500.000,30000.000,232.811,233.218,233.394,233.713,-0.525,-0.383
2017-03-22 10:37:00,233.117,233.555,821.000,1.000,233.00,233.05,2500.000,2500.000,233.50,233.60,2749.000,459.000,232.95,233.15,5000.000,5000.000,233.45,233.65,9622.000,5164.000,22500.000,25000.000,232.864,233.266,233.400,233.750,-0.525,-0.386
2017-03-22 10:38:00,233.190,233.561,522.000,4.000,233.05,233.15,2500.000,2500.000,233.50,233.65,2279.000,128.000,233.00,233.20,7500.000,5000.000,233.45,233.70,8599.000,2172.000,22500.000,22500.000,232.940,233.287,233.411,233.767,-0.475,-0.398
2017-03-22 10:39:00,233.224,233.586,1548.000,109.000,233.10,233.20,10000.000,5000.000,233.50,233.70,154.000,173.000,233.05,233.25,5000.000,7500.000,233.45,233.75,7806.000,2631.000,25000.000,27500.000,232.988,233.338,233.435,233.800,-0.450,-0.406
2017-03-22 10:40:00,233.265,233.661,230.000,49.000,233.10,233.20,2500.000,5000.000,233.55,233.75,318.000,36.000,233.05,233.25,12500.000,5000.000,233.50,233.80,9596.000,1677.000,25000.000,22500.000,232.976,233.372,233.465,233.883,-0.500,-0.398
2017-03-22 10:41:00,233.302,233.648,105.000,29.000,233.15,233.20,5000.000,2500.000,233.55,233.70,286.000,160.000,233.10,233.30,15000.000,5000.000,233.50,233.75,7717.000,2693.000,30000.000,20000.000,232.996,233.387,233.475,233.794,-0.450,-0.404
2017-03-22 10:42:00,233.340,233.793,302.000,21.000,233.20,233.30,2500.000,2500.000,233.65,233.80,103.000,609.000,233.15,233.40,10000.000,2500.000,233.60,233.85,8654.000,5037.000,37500.000,20000.000,233.044,233.493,233.547,233.963,-0.475,-0.398
2017-03-22 10:43:00,233.367,233.798,33.000,75.000,233.25,233.30,7500.000,5000.000,233.65,233.85,284.000,99.000,233.20,233.40,10000.000,2500.000,233.60,233.90,5684.000,2702.000,32500.000,22500.000,233.095,233.522,233.565,233.978,-0.475,-0.408
2017-03-22 10:44:00,233.296,233.700,208.000,148.000,233.25,233.30,5000.000,2500.000,233.60,233.75,64.000,110.000,233.20,233.35,5000.000,10000.000,233.55,233.80,4527.000,4314.000,30000.000,22500.000,233.065,233.453,233.512,233.833,-0.400,-0.413
2017-03-22 10:45:00,233.339,233.693,99.000,635.000,233.25,233.30,2500.000,7500.000,233.60,233.75,526.000,238.000,233.15,233.35,5000.000,12500.000,233.55,233.80,10112.000,4756.000,27500.000,27500.000,233.035,233.437,233.500,233.814,-0.400,-0.433
2017-03-22 10:46:00,233.331,233.710,257.000,50.000,233.15,233.20,5000.000,2500.000,233.60,233.75,359.000,48.000,233.10,233.25,5000.000,7500.000,233.55,233.80,11209.000,1956.000,27500.000,25000.000,233.007,233.408,233.514,233.910,-0.500,-0.437
2017-03-22 10:47:00,233.292,233.715,345.000,146.000,233.20,233.25,7500.000,7500.000,233.60,233.80,282.000,111.000,233.15,233.30,7500.000,5000.000,233.55,233.85,7435.000,3422.000,30000.000,27500.000,233.038,233.418,233.521,233.918,-0.475,-0.441
2017-03-22 10:48:00,233.361,233.838,25.000,50.000,233.30,233.35,10000.000,2500.000,233.70,233.90,370.000,109.000,233.20,233.40,5000.000,5000.000,233.65,233.95,5365.000,2362.000,30000.000,22500.000,233.115,233.524,233.613,234.039,-0.475,-0.435
2017-03-22 10:49:00,233.369,233.803,506.000,619.000,233.20,233.35,2500.000,2500.000,233.70,233.85,337.000,179.000,233.15,233.40,10000.000,2500.000,233.65,233.90,12008.000,5234.000,30000.000,20000.000,233.045,233.493,233.604,233.963,-0.500,-0.451
2017-03-22 10:50:00,233.401,233.852,298.000,50.000,233.30,233.40,2500.000,2500.000,233.75,233.90,1729.000,60.000,233.25,233.45,7500.000,7500.000,233.70,233.95,8193.000,3349.000,30000.000,25000.000,233.196,233.552,233.633,234.015,-0.475,-0.450
2017-03-22 10:51:00,233.463,233.861,367.000,502.000,233.35,233.40,2500.000,2500.000,233.75,233.90,3.000,160.000,233.30,233.50,10000.000,7500.000,233.70,233.95,6379.000,3863.000,32500.000,22500.000,233.182,233.582,233.638,233.989,-0.450,-0.460
2017-03-22 10:52:00,233.462,233.904,310.000,50.000,233.40,233.45,7500.000,2500.000,233.85,234.00,458.000,110.000,233.35,233.50,12500.000,2500.000,233.80,234.05,5737.000,2643.000,30000.000,30000.000,233.279,233.625,233.783,234.137,-0.500,-0.449
2017-03-22 10:53:00,233.493,233.944,2835.000,53.000,233.35,233.45,2500.000,2500.000,233.90,234.00,556.000,68.000,233.30,233.50,7500.000,5000.000,233.85,234.05,9289.000,1511.000,30000.000,32500.000,233.257,233.616,233.800,234.131,-0.550,-0.440
2017-03-22 10:54:00,233.456,233.968,1398.000,186.000,233.35,233.40,5000.000,2500.000,233.85,234.00,2723.000,51.000,233.30,233.45,15000.000,2500.000,233.80,234.05,8765.000,1478.000,32500.000,15000.000,233.248,233.566,233.773,234.117,-0.550,-0.424
2017-03-22 10:55:00,233.445,233.889,1373.000,51.000,233.35,233.45,2500.000,7500.000,233.85,234.00,2723.000,276.000,233.30,233.50,10000.000,15000.000,233.80,234.05,8903.000,3835.000,25000.000,42500.000,233.246,233.609,233.760,234.079,-0.525,-0.423
2017-03-22 10:56:00,233.446,233.897,1141.000,253.000,233.35,233.40,5000.000,2500.000,233.80,233.95,383.000,111.000,233.30,233.45,5000.000,5000.000,233.75,234.00,7886.000,2339.000,25000.000,17500.000,233.232,233.547,233.715,234.071,-0.500,-0.417
2017-03-22 10:57:00,233.449,233.835,1685.000,45.000,233.35,233.40,5000.000,2500.000,233.75,233.90,419.000,51.000,233.30,233.45,5000.000,2500.000,233.70,233.95,8042.000,1920.000,22500.000,20000.000,233.239,233.556,233.667,234.044,-0.450,-0.423
2017-03-22 10:58:00,233.443,233.847,1692.000,145.000,233.35,233.40,5000.000,2500.000,233.80,233.90,419.000,51.000,233.30,233.45,2500.000,10000.000,233.75,233.95,8050.000,2159.000,22500.000,27500.000,233.240,233.557,233.711,234.005,-0.475,-0.421
2017-03-22 10:59:00,233.532,233.967,189.000,52.000,233.40,233.45,7500.000,12500.000,233.85,234.05,1353.000,51.000,233.35,233.50,10000.000,2500.000,233.80,234.10,7124.000,1752.000,27500.000,25000.000,233.287,233.650,233.768,234.135,-0.525,-0.403
2017-03-22 11:00:00,233.604,234.045,27.000,151.000,233.55,233.60,7500.000,5000.000,233.95,234.10,743.000,311.000,233.45,233.65,2500.000,2500.000,233.90,234.15,7556.000,3691.000,27500.000,22500.000,233.374,233.747,233.855,234.189,-0.450,-0.395
2017-03-22 11:01:00,233.912,234.332,22.000,143.000,233.75,233.85,5000.000,7500.000,234.25,234.40,2635.000,160.000,233.70,233.95,10000.000,2500.000,234.20,234.45,6604.000,2544.000,22500.000,20000.000,233.628,234.019,234.178,234.475,-0.525,-0.369
2017-03-22 11:02:00,233.949,234.363,300.000,20.000,233.85,233.95,12500.000,2500.000,234.30,234.45,966.000,1088.000,233.75,234.00,10000.000,7500.000,234.25,234.50,5504.000,2505.000,32500.000,25000.000,233.691,234.049,234.227,234.570,-0.475,-0.354
2017-03-22 11:03:00,234.110,234.508,237.000,231.000,234.05,234.15,5000.000,2500.000,234.45,234.50,450.000,807.000,234.00,234.20,5000.000,5000.000,234.40,234.60,6299.000,7056.000,27500.000,20000.000,233.890,234.269,234.355,234.662,-0.375,-0.331
2017-03-22 11:04:00,234.117,234.460,243.000,159.000,234.10,234.15,7500.000,7500.000,234.40,234.50,192.000,1634.000,234.05,234.20,7500.000,7500.000,234.35,234.60,4695.000,5533.000,30000.000,30000.000,233.970,234.271,234.317,234.637,-0.325,-0.323
2017-03-22 11:05:00,233.987,234.389,1554.000,60.000,234.00,234.10,5000.000,5000.000,234.35,234.45,146.000,885.000,233.95,234.15,5000.000,5000.000,234.30,234.50,4960.000,8085.000,22500.000,22500.000,233.898,234.245,234.256,234.544,-0.350,-0.312
2017-03-22 11:06:00,234.139,234.429,784.000,1538.000,234.15,234.20,5000.000,2500.000,234.40,234.50,535.000,47.000,234.10,234.25,2500.000,7500.000,234.35,234.60,4732.000,8942.000,20000.000,27500.000,234.021,234.312,234.312,234.659,-0.275,-0.320
2017-03-22 11:07:00,234.084,234.423,702.000,1538.000,234.15,234.20,7500.000,2500.000,234.40,234.50,167.000,47.000,234.05,234.25,5000.000,7500.000,234.35,234.60,4848.000,10452.000,22500.000,27500.000,233.992,234.331,234.328,234.673,-0.275,-0.318
2017-03-22 11:08:00,234.269,234.553,264.000,789.000,234.20,234.35,5000.000,2500.000,234.50,234.60,595.000,3495.000,234.15,234.40,2500.000,5000.000,234.45,234.65,8415.000,11271.000,22500.000,22500.000,234.036,234.463,234.389,234.706,-0.275,-0.330
2017-03-22 11:09:00,234.205,234.506,1568.000,495.000,234.15,234.25,2500.000,5000.000,234.45,234.60,349.000,160.000,234.10,234.30,2500.000,7500.000,234.40,234.65,7667.000,6374.000,17500.000,25000.000,234.026,234.399,234.336,234.690,-0.325,-0.333
2017-03-22 11:10:00,234.164,234.510,666.000,539.000,234.15,234.30,2500.000,7500.000,234.45,234.60,211.000,636.000,234.10,234.35,2500.000,5000.000,234.40,234.65,6671.000,11678.000,22500.000,27500.000,234.008,234.445,234.289,234.695,-0.300,-0.331
2017-03-22 11:11:00,234.248,234.582,1069.000,16.000,234.20,234.30,2500.000,5000.000,234.50,234.65,965.000,511.000,234.15,234.35,5000.000,2500.000,234.45,234.70,9212.000,8906.000,25000.000,22500.000,234.057,234.453,234.385,234.750,-0.325,-0.326
2017-03-22 11:12:00,234.230,234.555,1470.000,935.000,234.20,234.30,2500.000,5000.000,234.50,234.65,598.000,548.000,234.15,234.35,5000.000,2500.000,234.45,234.70,7817.000,9326.000,22500.000,25000.000,234.066,234.441,234.383,234.760,-0.325,-0.321
2017-03-22 11:13:00,234.190,234.534,902.000,14.000,234.15,234.30,2500.000,5000.000,234.50,234.65,759.000,255.000,234.10,234.35,7500.000,5000.000,234.45,234.70,7053.000,8637.000,22500.000,32500.000,234.027,234.451,234.411,234.758,-0.350,-0.307
2017-03-22 11:14:00,234.111,234.426,323.000,134.000,234.15,234.20,2500.000,2500.000,234.40,234.50,66.000,146.000,234.10,234.25,5000.000,10000.000,234.35,234.60,4011.000,8855.000,17500.000,30000.000,233.992,234.350,234.293,234.650,-0.275,-0.322
2017-03-22 11:15:00,234.088,234.425,964.000,115.000,234.05,234.20,2500.000,2500.000,234.35,234.50,50.000,258.000,234.00,234.25,7500.000,2500.000,234.30,234.55,4546.000,6495.000,20000.000,20000.000,233.926,234.328,234.250,234.600,-0.300,-0.275
2017-03-22 11:16:00,234.116,234.425,570.000,229.000,234.05,234.20,2500.000,2500.000,234.35,234.50,56.000,146.000,234.00,234.25,7500.000,2500.000,234.30,234.55,4503.000,5293.000,20000.000,20000.000,233.913,234.322,234.250,234.600,-0.300,-0.267
2017-03-22 11:17:00,234.046,234.344,175.000,10.000,234.00,234.05,5000.000,2500.000,234.30,234.45,296.000,51.000,233.95,234.10,5000.000,7500.000,234.25,234.50,4180.000,2744.000,17500.000,22500.000,233.856,234.229,234.221,234.550,-0.350,-0.278
2017-03-22 11:18:00,234.020,234.294,705.000,110.000,233.95,234.10,2500.000,2500.000,234.25,234.40,766.000,532.000,233.90,234.15,7500.000,5000.000,234.20,234.45,7027.000,8315.000,20000.000,25000.000,233.800,234.225,234.119,234.515,-0.300,-0.311
2017-03-22 11:19:00,234.073,234.463,26.000,28.000,234.10,234.15,2500.000,5000.000,234.35,234.45,638.000,260.000,234.05,234.20,12500.000,2500.000,234.30,234.50,5730.000,8280.000,40000.000,17500.000,233.966,234.323,234.247,234.543,-0.275,-0.272
2017-03-22 11:20:00,234.546,234.648,525.000,309.000,234.55,234.60,2500.000,2500.000,234.65,234.70,495.000,3378.000,234.50,234.65,2500.000,5000.000,234.60,234.85,6512.000,12065.000,17500.000,35000.000,234.410,234.708,234.521,234.929,-0.100,-0.328
2017-03-22 11:21:00,233.909,234.181,134.000,1500.000,233.85,233.90,2500.000,5000.000,234.20,234.25,1433.000,1250.000,233.80,233.95,2500.000,5000.000,234.15,234.30,9829.000,6490.000,17500.000,35000.000,233.737,233.999,234.100,234.354,-0.350,-0.321
2017-03-22 11:22:00,233.694,234.048,501.000,496.000,233.60,233.70,2500.000,5000.000,234.20,234.25,373.000,1237.000,233.55,233.80,2500.000,5000.000,234.05,234.30,8467.000,7273.000,20000.000,47500.000,233.456,233.882,233.988,234.376,-0.575,-0.294
2017-03-22 11:23:00,234.202,234.642,1769.000,455.000,234.15,234.20,5000.000,7500.000,234.60,234.65,1886.000,339.000,234.10,234.25,2500.000,2500.000,234.55,234.70,11635.000,6684.000,25000.000,22500.000,234.034,234.346,234.505,234.761,-0.450,-0.244
2017-03-22 11:24:00,234.323,234.517,1345.000,135.000,234.30,234.35,7500.000,5000.000,234.45,234.55,1337.000,674.000,234.25,234.45,12500.000,2500.000,234.40,234.60,9372.000,10415.000,35000.000,22500.000,234.186,234.542,234.368,234.661,-0.175,-0.239
2017-03-22 11:25:00,234.173,234.550,266.000,24.000,234.25,234.30,2500.000,2500.000,234.35,234.55,467.000,210.000,234.20,234.40,10000.000,5000.000,234.30,234.60,2794.000,9267.000,37500.000,15000.000,234.127,234.516,234.237,234.650,-0.175,-0.220
2017-03-22 11:26:00,234.373,234.614,134.000,131.000,234.45,234.50,2500.000,5000.000,234.50,234.70,473.000,621.000,234.35,234.55,10000.000,7500.000,234.40,234.75,4521.000,9231.000,30000.000,22500.000,234.265,234.656,234.367,234.778,-0.125,-0.259
2017-03-22 11:27:00,234.342,234.558,64.000,687.000,234.35,234.50,5000.000,2500.000,234.45,234.65,520.000,585.000,234.30,234.55,5000.000,10000.000,234.40,234.70,4112.000,11010.000,32500.000,32500.000,234.195,234.625,234.335,234.750,-0.125,-0.323
2017-03-22 11:28:00,234.507,234.697,200.000,8.000,234.60,234.65,2500.000,2500.000,234.65,234.80,184.000,708.000,234.55,234.70,2500.000,5000.000,234.55,234.85,1871.000,11426.000,25000.000,25000.000,234.449,234.791,234.490,234.925,-0.100,-0.399
2017-03-22 11:29:00,234.425,234.593,894.000,617.000,234.35,234.55,5000.000,2500.000,234.50,234.70,678.000,110.000,234.30,234.60,5000.000,2500.000,234.45,234.75,8811.000,10101.000,20000.000,17500.000,234.222,234.696,234.394,234.807,-0.150,-0.476
2017-03-22 11:30:00,234.113,234.395,77.000,527.000,234.10,234.15,5000.000,2500.000,234.40,234.50,959.000,1001.000,234.05,234.20,5000.000,10000.000,234.35,234.55,6446.000,6845.000,22500.000,32500.000,233.986,234.278,234.294,234.615,-0.325,-0.543
2017-03-22 11:31:00,233.828,234.267,6182.000,479.000,233.65,233.90,2500.000,2500.000,234.25,234.35,1828.000,1811.000,233.60,233.95,7500.000,7500.000,234.20,234.40,14795.000,7565.000,22500.000,30000.000,233.575,234.008,234.156,234.467,-0.525,-0.555
2017-03-22 11:32:00,233.735,234.272,50.000,51.000,233.75,233.80,15000.000,2500.000,234.25,234.45,46.000,860.000,233.70,233.85,7500.000,5000.000,234.20,234.50,2970.000,5160.000,32500.000,47500.000,233.564,233.959,234.192,234.574,-0.575,-0.507
2017-03-22 11:33:00,233.906,234.474,253.000,39.000,233.85,233.90,5000.000,2500.000,234.40,234.50,71.000,665.000,233.75,233.95,7500.000,5000.000,234.35,234.55,3820.000,2686.000,40000.000,27500.000,233.649,234.006,234.284,234.632,-0.575,-0.431
2017-03-22 11:34:00,233.533,234.086,439.000,859.000,233.50,233.55,2500.000,5000.000,234.15,234.25,1210.000,530.000,233.45,233.60,5000.000,2500.000,234.05,234.30,5525.000,4509.000,25000.000,37500.000,233.388,233.676,233.950,234.383,-0.675,-0.387
2017-03-22 11:35:00,233.575,234.195,205.000,506.000,233.60,233.65,2500.000,2500.000,234.10,234.25,2.000,892.000,233.55,233.70,7500.000,7500.000,234.05,234.30,3678.000,7707.000,27500.000,22500.000,233.482,233.767,234.005,234.361,-0.550,-0.327
2017-03-22 11:36:00,233.810,234.306,1245.000,101.000,233.65,233.80,5000.000,5000.000,234.25,234.45,453.000,60.000,233.60,233.85,5000.000,7500.000,234.20,234.50,8744.000,3638.000,17500.000,25000.000,233.507,233.959,234.171,234.550,-0.625,-0.282
2017-03-22 11:37:00,234.257,234.553,2351.000,2760.000,234.25,234.30,2500.000,2500.000,234.55,234.60,2512.000,1235.000,234.20,234.35,2500.000,10000.000,234.50,234.65,12369.000,13805.000,30000.000,50000.000,234.141,234.429,234.429,234.697,-0.300,-0.301
2017-03-22 11:38:00,234.456,234.646,359.000,4582.000,234.40,234.50,10000.000,2500.000,234.55,234.60,1204.000,922.000,234.35,234.55,7500.000,5000.000,234.50,234.70,11268.000,14219.000,45000.000,20000.000,234.253,234.595,234.467,234.762,-0.125,-0.313
2017-03-22 11:39:00,234.297,234.631,1286.000,15.000,234.25,234.30,5000.000,7500.000,234.40,234.60,798.000,42.000,234.20,234.35,2500.000,2500.000,234.35,234.65,6102.000,3366.000,42500.000,17500.000,234.122,234.492,234.271,234.686,-0.225,-0.312
2017-03-22 11:40:00,234.346,234.667,107.000,25.000,234.35,234.40,2500.000,7500.000,234.55,234.70,242.000,108.000,234.30,234.45,2500.000,5000.000,234.50,234.75,4874.000,6298.000,30000.000,22500.000,234.190,234.570,234.383,234.772,-0.250,-0.315
2017-03-22 11:41:00,234.163,234.429,45.000,190.000,234.15,234.25,5000.000,2500.000,234.30,234.40,400.000,3026.000,234.10,234.30,5000.000,5000.000,234.25,234.45,5231.000,9616.000,42500.000,17500.000,234.006,234.363,234.147,234.493,-0.150,-0.323
2017-03-22 11:42:00,233.947,234.338,2142.000,382.000,233.85,233.90,2500.000,2500.000,234.25,234.35,1704.000,1208.000,233.80,233.95,2500.000,7500.000,234.15,234.40,10208.000,2539.000,35000.000,30000.000,233.763,233.962,234.054,234.471,-0.425,-0.310
2017-03-22 11:43:00,234.124,234.375,470.000,61.000,234.05,234.20,2500.000,2500.000,234.35,234.50,716.000,362.000,234.00,234.25,5000.000,5000.000,234.25,234.55,6749.000,6346.000,25000.000,30000.000,233.919,234.346,234.210,234.613,-0.300,-0.309
2017-03-22 11:44:00,234.375,234.706,983.000,99.000,234.30,234.50,2500.000,2500.000,234.60,234.75,399.000,416.000,234.25,234.55,2500.000,7500.000,234.55,234.80,6251.000,6420.000,22500.000,20000.000,234.201,234.642,234.472,234.838,-0.275,-0.311
2017-03-22 11:45:00,234.286,234.622,770.000,139.000,234.25,234.40,2500.000,2500.000,234.55,234.65,1042.000,964.000,234.20,234.45,2500.000,5000.000,234.50,234.70,5471.000,8115.000,25000.000,20000.000,234.122,234.527,234.415,234.744,-0.275,-0.323
2017-03-22 11:46:00,234.662,234.967,25.000,675.000,234.70,234.75,5000.000,5000.000,234.90,235.00,500.000,532.000,234.65,234.80,2500.000,2500.000,234.85,235.05,3739.000,10815.000,25000.000,20000.000,234.540,234.874,234.790,235.113,-0.225,-0.365
2017-03-22 11:47:00,234.643,234.969,134.000,2829.000,234.65,234.70,2500.000,7500.000,234.85,235.00,62.000,79.000,234.60,234.75,7500.000,2500.000,234.80,235.05,2646.000,6765.000,27500.000,17500.000,234.489,234.792,234.759,235.071,-0.250,-0.397
2017-03-22 11:48:00,234.276,234.521,609.000,34.000,234.25,234.40,2500.000,5000.000,234.45,234.65,675.000,199.000,234.20,234.45,2500.000,7500.000,234.40,234.70,3776.000,5157.000,15000.000,20000.000,234.135,234.549,234.300,234.731,-0.225,-0.436
2017-03-22 11:49:00,233.887,234.230,338.000,556.000,233.80,233.95,2500.000,2500.000,234.15,234.30,918.000,2354.000,233.75,234.00,5000.000,10000.000,234.05,234.35,4853.000,4910.000,32500.000,25000.000,233.678,234.047,234.000,234.400,-0.350,-0.414
2017-03-22 11:50:00,233.855,234.252,446.000,422.000,233.70,233.85,7500.000,5000.000,234.10,234.30,889.000,617.000,233.65,233.90,15000.000,5000.000,234.05,234.35,7532.000,3937.000,37500.000,20000.000,233.542,233.987,234.020,234.419,-0.425,-0.393
2017-03-22 11:51:00,233.623,234.137,4556.000,1004.000,233.50,233.60,5000.000,5000.000,234.05,234.25,2324.000,672.000,233.45,233.65,15000.000,2500.000,234.00,234.30,12963.000,3452.000,30000.000,30000.000,233.421,233.691,233.958,234.392,-0.600,-0.347
2017-03-22 11:52:00,234.145,234.629,202.000,566.000,234.20,234.25,7500.000,5000.000,234.50,234.70,546.000,643.000,234.15,234.30,2500.000,5000.000,234.45,234.75,3246.000,7986.000,27500.000,20000.000,234.084,234.395,234.395,234.781,-0.375,-0.324
2017-03-22 11:53:00,234.263,234.702,628.000,2584.000,234.30,234.35,2500.000,5000.000,234.55,234.65,566.000,1252.000,234.25,234.40,5000.000,2500.000,234.50,234.70,6146.000,14674.000,37500.000,20000.000,234.186,234.471,234.413,234.781,-0.275,-0.310
2017-03-22 11:54:00,234.206,234.442,111.000,540.000,234.20,234.25,2500.000,2500.000,234.40,234.50,5463.000,155.000,234.15,234.30,2500.000,5000.000,234.35,234.55,11793.000,10906.000,22500.000,27500.000,234.085,234.415,234.278,234.700,-0.225,-0.321
2017-03-22 11:55:00,234.042,234.335,306.000,543.000,234.10,234.15,2500.000,2500.000,234.20,234.30,288.000,4571.000,234.05,234.20,2500.000,10000.000,234.15,234.40,3299.000,15504.000,30000.000,20000.000,233.977,234.257,234.067,234.425,-0.125,-0.312
2017-03-22 11:56:00,233.966,234.247,72.000,272.000,233.95,234.00,2500.000,2500.000,234.15,234.25,343.000,2.000,233.90,234.05,5000.000,2500.000,234.10,234.30,7343.000,7426.000,27500.000,15000.000,233.790,234.175,234.041,234.383,-0.225,-0.297
2017-03-22 11:57:00,233.964,234.335,186.000,43.000,233.95,234.00,5000.000,2500.000,234.20,234.30,1491.000,39.000,233.90,234.05,2500.000,5000.000,234.15,234.40,5639.000,4709.000,32500.000,17500.000,233.821,234.183,234.081,234.443,-0.275,-0.265
2017-03-22 11:58:00,234.262,234.631,917.000,102.000,234.35,234.40,2500.000,5000.000,234.50,234.70,96.000,612.000,234.25,234.45,5000.000,7500.000,234.45,234.75,2772.000,5620.000,25000.000,20000.000,234.206,234.562,234.385,234.781,-0.225,-0.228
2017-03-22 11:59:00,234.167,234.458,6306.000,122.000,234.15,234.30,7500.000,7500.000,234.30,234.55,310.000,450.000,234.10,234.35,7500.000,5000.000,234.25,234.60,9951.000,11190.000,30000.000,32500.000,234.093,234.453,234.208,234.773,-0.200,-0.211
2017-03-22 12:00:00,234.212,234.459,929.000,23.000,234.20,234.30,5000.000,2500.000,234.35,234.55,5792.000,86.000,234.15,234.35,5000.000,7500.000,234.30,234.60,10110.000,9027.000,20000.000,20000.000,234.110,234.487,234.262,234.669,-0.200,-0.174
2017-03-22 12:01:00,234.158,234.364,4890.000,2634.000,234.20,234.25,5000.000,7500.000,234.25,234.35,319.000,2861.000,234.15,234.30,5000.000,2500.000,234.20,234.40,6284.000,14853.000,35000.000,20000.000,234.168,234.345,234.121,234.456,-0.075,-0.172
2017-03-22 12:02:00,234.172,234.386,3230.000,2525.000,234.20,234.25,2500.000,7500.000,234.25,234.35,152.000,2572.000,234.15,234.30,2500.000,2500.000,234.20,234.40,6103.000,13774.000,27500.000,17500.000,234.115,234.350,234.086,234.436,-0.075,-0.151
2017-03-22 12:03:00,234.098,234.280,416.000,627.000,234.20,234.25,2500.000,12500.000,234.15,234.35,152.000,2522.000,234.15,234.30,7500.000,5000.000,234.10,234.40,869.000,11827.000,30000.000,27500.000,234.148,234.366,234.037,234.418,-0.025,-0.135
2017-03-22 12:04:00,234.084,234.288,2068.000,39.000,234.10,234.20,2500.000,12500.000,234.15,234.35,181.000,355.000,234.05,234.25,2500.000,5000.000,234.10,234.40,4312.000,7267.000,32500.000,30000.000,234.019,234.333,234.015,234.475,-0.100,-0.133
2017-03-22 12:05:00,234.007,234.072,924.000,3.000,233.90,234.10,12500.000,2500.000,234.00,234.15,876.000,2510.000,233.85,234.15,2500.000,5000.000,233.95,234.20,10685.000,9649.000,27500.000,22500.000,233.735,234.238,233.936,234.289,-0.075,-0.150
2017-03-22 12:06:00,233.991,234.189,214.000,5.000,234.05,234.15,2500.000,2500.000,234.15,234.25,355.000,463.000,234.00,234.20,2500.000,2500.000,234.10,234.30,3255.000,10863.000,25000.000,30000.000,233.932,234.291,234.030,234.379,-0.100,-0.134
2017-03-22 12:07:00,234.087,234.196,459.000,297.000,233.95,234.00,2500.000,7500.000,234.10,234.25,897.000,44.000,233.90,234.05,7500.000,2500.000,234.05,234.30,8786.000,2356.000,32500.000,25000.000,233.790,234.137,233.950,234.330,-0.200,-0.136
2017-03-22 12:08:00,234.030,234.130,444.000,186.000,233.95,234.00,12500.000,7500.000,234.05,234.25,12.000,44.000,233.90,234.05,7500.000,2500.000,234.00,234.30,4181.000,2379.000,30000.000,25000.000,233.792,234.145,233.954,234.330,-0.175,-0.137
2017-03-22 12:09:00,233.942,234.134,421.000,427.000,233.95,234.00,2500.000,5000.000,234.05,234.20,12.000,94.000,233.90,234.05,15000.000,7500.000,234.00,234.25,3854.000,5398.000,27500.000,27500.000,233.787,234.167,233.955,234.309,-0.150,-0.113
2017-03-22 12:10:00,233.979,234.133,99.000,663.000,233.95,234.00,5000.000,2500.000,234.05,234.20,12.000,94.000,233.90,234.05,12500.000,5000.000,234.00,234.25,5339.000,5552.000,30000.000,22500.000,233.773,234.161,233.958,234.311,-0.150,-0.087
2017-03-22 12:11:00,233.978,234.093,257.000,430.000,233.95,234.00,5000.000,2500.000,234.05,234.20,12.000,44.000,233.90,234.05,12500.000,5000.000,234.00,234.25,5388.000,5383.000,30000.000,25000.000,233.776,234.169,233.921,234.320,-0.150,-0.108
2017-03-22 12:12:00,233.988,234.108,585.000,331.000,233.95,234.00,5000.000,5000.000,234.05,234.20,413.000,49.000,233.85,234.05,5000.000,5000.000,234.00,234.25,8555.000,5289.000,22500.000,25000.000,233.758,234.171,233.928,234.310,-0.150,-0.136
2017-03-22 12:13:00,233.987,234.089,323.000,196.000,233.95,234.00,5000.000,5000.000,234.05,234.20,259.000,49.000,233.85,234.05,2500.000,5000.000,234.00,234.25,8139.000,5152.000,20000.000,25000.000,233.750,234.176,233.919,234.300,-0.150,-0.165
2017-03-22 12:14:00,234.081,234.156,383.000,447.000,233.90,234.00,2500.000,5000.000,234.10,234.25,1589.000,49.000,233.85,234.05,5000.000,2500.000,234.05,234.30,10883.000,1694.000,17500.000,22500.000,233.761,234.125,233.950,234.344,-0.225,-0.200
2017-03-22 12:15:00,234.125,234.147,40.000,348.000,233.95,234.00,5000.000,2500.000,234.10,234.25,306.000,49.000,233.90,234.05,2500.000,5000.000,234.05,234.30,8824.000,1372.000,20000.000,25000.000,233.777,234.129,233.963,234.345,-0.200,-0.268
2017-03-22 12:16:00,234.050,234.274,1157.000,506.000,233.95,234.00,2500.000,7500.000,234.30,234.35,2966.000,14.000,233.90,234.05,5000.000,5000.000,234.20,234.40,10327.000,3037.000,15000.000,27500.000,233.828,234.143,234.167,234.441,-0.350,-0.279
2017-03-22 12:17:00,234.054,234.312,1017.000,441.000,233.95,234.00,2500.000,5000.000,234.30,234.35,2627.000,14.000,233.90,234.05,7500.000,2500.000,234.20,234.40,10051.000,3032.000,22500.000,20000.000,233.821,234.145,234.161,234.450,-0.350,-0.287
2017-03-22 12:18:00,234.053,234.300,790.000,286.000,233.95,234.00,2500.000,5000.000,234.30,234.35,2627.000,14.000,233.90,234.05,7500.000,2500.000,234.20,234.40,9824.000,3025.000,20000.000,20000.000,233.818,234.153,234.169,234.450,-0.350,-0.293
2017-03-22 12:19:00,234.053,234.306,992.000,237.000,233.95,234.00,2500.000,5000.000,234.30,234.35,2627.000,14.000,233.90,234.05,5000.000,5000.000,234.20,234.40,10026.000,2966.000,22500.000,22500.000,233.820,234.155,234.161,234.444,-0.350,-0.294
2017-03-22 12:20:00,234.032,234.393,259.000,646.000,234.00,234.10,7500.000,5000.000,234.30,234.45,653.000,433.000,233.95,234.15,10000.000,2500.000,234.25,234.50,4464.000,5961.000,30000.000,20000.000,233.864,234.220,234.221,234.537,-0.325,-0.282
2017-03-22 12:21:00,234.063,234.339,877.000,177.000,233.95,234.00,7500.000,2500.000,234.30,234.40,485.000,221.000,233.90,234.05,2500.000,5000.000,234.25,234.45,8238.000,2542.000,22500.000,22500.000,233.812,234.132,234.217,234.506,-0.375,-0.281
2017-03-22 12:22:00,234.071,234.370,1489.000,197.000,233.95,234.00,5000.000,2500.000,234.30,234.45,485.000,221.000,233.90,234.05,10000.000,12500.000,234.25,234.50,8903.000,2068.000,25000.000,25000.000,233.819,234.137,234.225,234.535,-0.400,-0.278
2017-03-22 12:23:00,234.048,234.326,1552.000,150.000,233.95,234.00,2500.000,5000.000,234.30,234.40,485.000,221.000,233.90,234.05,2500.000,2500.000,234.25,234.45,8931.000,3001.000,17500.000,25000.000,233.819,234.146,234.186,234.505,-0.375,-0.279
2017-03-22 12:24:00,234.045,234.303,1533.000,207.000,233.95,234.00,2500.000,5000.000,234.30,234.40,485.000,158.000,233.90,234.05,12500.000,2500.000,234.20,234.45,8792.000,3125.000,22500.000,25000.000,233.819,234.148,234.178,234.515,-0.375,-0.293
2017-03-22 12:25:00,234.002,234.300,29.000,365.000,234.00,234.05,2500.000,2500.000,234.30,234.40,1399.000,386.000,233.95,234.10,7500.000,5000.000,234.25,234.45,4999.000,5681.000,17500.000,25000.000,233.870,234.204,234.200,234.510,-0.325,-0.308
2017-03-22 12:26:00,234.030,234.300,214.000,311.000,233.95,234.00,2500.000,2500.000,234.30,234.40,2894.000,166.000,233.85,234.05,7500.000,5000.000,234.25,234.45,8275.000,2482.000,20000.000,27500.000,233.793,234.138,234.200,234.514,-0.375,-0.303
2017-03-22 12:27:00,234.073,234.361,167.000,220.000,233.95,234.00,12500.000,2500.000,234.30,234.45,500.000,226.000,233.90,234.05,5000.000,7500.000,234.25,234.50,7774.000,2098.000,25000.000,22500.000,233.804,234.145,234.235,234.539,-0.400,-0.294
2017-03-22 12:28:00,234.081,234.364,130.000,160.000,233.95,234.00,12500.000,12500.000,234.30,234.50,147.000,226.000,233.90,234.05,2500.000,5000.000,234.25,234.55,7408.000,1849.000,22500.000,30000.000,233.799,234.149,234.244,234.579,-0.425,-0.286
2017-03-22 12:29:00,234.019,234.345,753.000,183.000,233.90,234.00,10000.000,5000.000,234.30,234.45,2620.000,219.000,233.85,234.05,2500.000,10000.000,234.25,234.50,8404.000,2720.000,22500.000,30000.000,233.795,234.148,234.233,234.575,-0.425,-0.268
2017-03-22 12:30:00,233.992,234.368,164.000,111.000,234.00,234.05,2500.000,2500.000,234.35,234.45,322.000,93.000,233.95,234.10,10000.000,5000.000,234.30,234.50,4630.000,5138.000,20000.000,22500.000,233.874,234.223,234.262,234.567,-0.375,-0.260
2017-03-22 12:31:00,234.061,234.302,270.000,409.000,233.95,234.00,5000.000,2500.000,234.30,234.40,101.000,148.000,233.90,234.05,5000.000,7500.000,234.25,234.45,7571.000,2742.000,20000.000,32500.000,233.799,234.138,234.206,234.515,-0.375,-0.265
2017-03-22 12:32:00,234.058,234.300,460.000,610.000,233.95,234.00,5000.000,2500.000,234.30,234.40,101.000,148.000,233.90,234.05,5000.000,10000.000,234.25,234.45,7769.000,2943.000,20000.000,35000.000,233.803,234.128,234.206,234.511,-0.375,-0.300
2017-03-22 12:33:00,234.057,234.300,220.000,879.000,233.95,234.00,5000.000,2500.000,234.30,234.40,20.000,198.000,233.90,234.05,5000.000,10000.000,234.25,234.45,7301.000,3162.000,22500.000,37500.000,233.796,234.115,234.206,234.517,-0.375,-0.316
2017-03-22 12:34:00,234.060,234.298,425.000,531.000,233.95,234.00,5000.000,2500.000,234.30,234.40,100.000,148.000,233.90,234.05,7500.000,10000.000,234.25,234.45,7729.000,2810.000,22500.000,37500.000,233.802,234.132,234.211,234.517,-0.375,-0.337
2017-03-22 12:35:00,233.961,234.295,2771.000,136.000,233.85,233.90,5000.000,2500.000,234.30,234.40,866.000,26.000,233.80,233.95,2500.000,10000.000,234.25,234.45,10194.000,1414.000,15000.000,32500.000,233.756,234.020,234.217,234.519,-0.475,-0.356
2017-03-22 12:36:00,234.005,234.273,500.000,624.000,233.90,234.00,5000.000,2500.000,234.30,234.40,4145.000,491.000,233.85,234.05,5000.000,10000.000,234.20,234.45,10140.000,4288.000,17500.000,32500.000,233.801,234.117,234.186,234.519,-0.400,-0.391
2017-03-22 12:37:00,234.062,234.482,1380.000,88.000,233.95,234.05,10000.000,2500.000,234.40,234.55,1518.000,26.000,233.90,234.10,7500.000,2500.000,234.35,234.60,9789.000,4012.000,30000.000,17500.000,233.819,234.230,234.325,234.671,-0.475,-0.387
2017-03-22 12:38:00,234.071,234.391,1128.000,598.000,233.90,234.00,2500.000,2500.000,234.40,234.50,1641.000,81.000,233.85,234.05,10000.000,5000.000,234.30,234.55,15963.000,3773.000,20000.000,22500.000,233.757,234.136,234.269,234.617,-0.500,-0.389
2017-03-22 12:39:00,234.068,234.411,203.000,370.000,233.95,234.00,2500.000,2500.000,234.40,234.50,1071.000,83.000,233.90,234.05,10000.000,5000.000,234.30,234.55,10614.000,3696.000,22500.000,22500.000,233.791,234.145,234.272,234.617,-0.475,-0.396
2017-03-22 12:40:00,233.894,234.322,516.000,60.000,233.90,233.95,7500.000,2500.000,234.30,234.40,1619.000,1869.000,233.85,234.00,2500.000,2500.000,234.25,234.45,3479.000,4615.000,20000.000,20000.000,233.818,234.061,234.225,234.531,-0.425,-0.375
2017-03-22 12:41:00,233.884,234.326,511.000,115.000,233.90,233.95,10000.000,2500.000,234.30,234.40,1155.000,1203.000,233.85,234.00,2500.000,2500.000,234.25,234.45,3139.000,4455.000,22500.000,20000.000,233.811,234.075,234.233,234.531,-0.425,-0.361
2017-03-22 12:42:00,233.894,234.297,1132.000,153.000,233.90,233.95,7500.000,2500.000,234.30,234.40,1155.000,1214.000,233.85,234.00,5000.000,2500.000,234.20,234.45,3901.000,4509.000,20000.000,20000.000,233.820,234.074,234.200,234.531,-0.425,-0.347
2017-03-22 12:43:00,234.051,234.382,178.000,46.000,233.95,234.00,2500.000,2500.000,234.35,234.45,581.000,83.000,233.90,234.05,7500.000,2500.000,234.30,234.50,6561.000,2611.000,25000.000,25000.000,233.795,234.158,234.260,234.575,-0.425,-0.378
2017-03-22 12:44:00,233.903,234.280,676.000,1125.000,233.85,233.95,2500.000,2500.000,234.25,234.30,425.000,2066.000,233.80,234.00,2500.000,2500.000,234.20,234.35,5259.000,6032.000,20000.000,17500.000,233.726,234.046,234.088,234.400,-0.375,-0.404
2017-03-22 12:45:00,234.087,234.408,599.000,157.000,233.90,234.00,2500.000,2500.000,234.35,234.55,1078.000,27.000,233.85,234.05,5000.000,7500.000,234.30,234.60,9314.000,1532.000,20000.000,27500.000,233.757,234.158,234.225,234.664,-0.500,-0.441
2017-03-22 12:46:00,234.000,234.374,302.000,608.000,233.95,234.00,2500.000,2500.000,234.35,234.50,460.000,87.000,233.90,234.05,7500.000,5000.000,234.30,234.60,4366.000,3383.000,20000.000,32500.000,233.806,234.137,234.256,234.685,-0.450,-0.461
2017-03-22 12:47:00,234.223,234.555,289.000,1083.000,234.05,234.20,2500.000,2500.000,234.60,234.70,524.000,779.000,234.00,234.25,5000.000,2500.000,234.55,234.75,12530.000,4531.000,17500.000,37500.000,233.929,234.298,234.471,234.883,-0.525,-0.498
2017-03-22 12:48:00,234.086,234.575,1221.000,699.000,233.95,234.00,2500.000,2500.000,234.50,234.65,2800.000,499.000,233.90,234.15,5000.000,5000.000,234.45,234.70,13432.000,6086.000,20000.000,20000.000,233.842,234.201,234.387,234.762,-0.600,-0.500
2017-03-22 12:49:00,234.031,234.537,1639.000,1738.000,233.95,234.00,2500.000,2500.000,234.45,234.60,300.000,753.000,233.90,234.10,2500.000,5000.000,234.40,234.70,11605.000,8543.000,22500.000,27500.000,233.807,234.170,234.322,234.800,-0.550,-0.493
2017-03-22 12:50:00,234.047,234.550,376.000,1317.000,233.95,234.00,5000.000,7500.000,234.50,234.70,2800.000,60.000,233.90,234.10,2500.000,12500.000,234.45,234.75,12636.000,6224.000,20000.000,35000.000,233.835,234.180,234.400,234.793,-0.625,-0.502
2017-03-22 12:51:00,234.044,234.522,332.000,1679.000,233.95,234.00,2500.000,5000.000,234.50,234.65,2830.000,414.000,233.90,234.10,2500.000,10000.000,234.45,234.70,12921.000,7063.000,17500.000,40000.000,233.835,234.163,234.386,234.734,-0.600,-0.500
2017-03-22 12:52:00,233.979,234.493,414.000,882.000,233.85,234.00,2500.000,7500.000,234.45,234.65,5174.000,354.000,233.80,234.05,2500.000,15000.000,234.40,234.70,7873.000,3423.000,17500.000,40000.000,233.765,234.114,234.343,234.722,-0.625,-0.496
2017-03-22 12:53:00,234.010,234.510,143.000,475.000,233.90,234.00,5000.000,5000.000,234.45,234.65,402.000,110.000,233.85,234.05,5000.000,15000.000,234.40,234.70,6671.000,2661.000,22500.000,37500.000,233.794,234.130,234.361,234.727,-0.600,-0.480
2017-03-22 12:54:00,233.942,234.415,74.000,150.000,233.85,233.95,2500.000,2500.000,234.40,234.55,2676.000,1083.000,233.80,234.00,2500.000,7500.000,234.35,234.60,7417.000,3905.000,22500.000,42500.000,233.744,234.074,234.278,234.671,-0.575,-0.494
2017-03-22 12:55:00,233.946,234.492,57.000,176.000,233.90,233.95,2500.000,7500.000,234.40,234.60,222.000,804.000,233.85,234.00,5000.000,2500.000,234.35,234.65,5992.000,4086.000,22500.000,25000.000,233.774,234.095,234.300,234.695,-0.575,-0.501
2017-03-22 12:56:00,234.039,234.504,11.000,123.000,233.90,234.00,7500.000,20000.000,234.45,234.70,447.000,110.000,233.85,234.05,5000.000,7500.000,234.40,234.75,6869.000,1703.000,22500.000,47500.000,233.790,234.149,234.378,234.774,-0.625,-0.516
2017-03-22 12:57:00,234.077,234.573,88.000,619.000,234.05,234.15,2500.000,2500.000,234.65,234.70,4917.000,1383.000,234.00,234.20,7500.000,2500.000,234.50,234.75,6996.000,7640.000,25000.000,40000.000,233.973,234.260,234.460,234.825,-0.575,-0.527
2017-03-22 12:58:00,234.177,234.597,829.000,510.000,234.05,234.20,7500.000,10000.000,234.60,234.80,60.000,268.000,234.00,234.25,7500.000,12500.000,234.55,234.85,8083.000,4260.000,30000.000,60000.000,233.940,234.326,234.483,234.900,-0.575,-0.582
2017-03-22 12:59:00,234.249,234.794,62.000,49.000,234.15,234.25,2500.000,12500.000,234.75,234.90,2925.000,154.000,234.10,234.30,2500.000,5000.000,234.70,234.95,9005.000,3432.000,22500.000,40000.000,234.049,234.418,234.644,234.984,-0.625,-0.600
2017-03-22 13:00:00,233.902,234.481,104.000,726.000,233.85,233.90,5000.000,2500.000,234.45,234.60,50.000,1197.000,233.70,233.95,2500.000,12500.000,234.40,234.65,9381.000,6528.000,22500.000,37500.000,233.583,233.998,234.356,234.697,-0.650,-0.590
2017-03-22 13:01:00,234.009,234.548,179.000,698.000,233.85,234.00,7500.000,17500.000,234.50,234.70,50.000,616.000,233.75,234.05,5000.000,10000.000,234.45,234.75,9984.000,5249.000,25000.000,45000.000,233.619,234.125,234.425,234.778,-0.675,-0.589
2017-03-22 13:02:00,234.017,234.569,287.000,673.000,233.85,234.00,10000.000,15000.000,234.50,234.70,198.000,496.000,233.75,234.05,5000.000,5000.000,234.45,234.75,10740.000,5103.000,27500.000,37500.000,233.625,234.124,234.432,234.777,-0.675,-0.583
2017-03-22 13:03:00,233.850,234.545,17.000,1209.000,233.90,234.00,2500.000,7500.000,234.50,234.65,240.000,839.000,233.85,234.05,7500.000,7500.000,234.45,234.70,1048.000,5603.000,20000.000,30000.000,233.771,234.103,234.400,234.725,-0.625,-0.551
2017-03-22 13:04:00,233.732,234.369,349.000,45.000,233.70,233.75,5000.000,5000.000,234.25,234.45,657.000,414.000,233.65,233.85,10000.000,7500.000,234.20,234.50,5639.000,6090.000,27500.000,25000.000,233.557,233.960,234.150,234.565,-0.625,-0.541
2017-03-22 13:05:00,233.728,234.256,1099.000,23.000,233.70,233.80,5000.000,10000.000,234.15,234.35,657.000,339.000,233.65,233.85,12500.000,7500.000,234.10,234.40,7064.000,6861.000,30000.000,32500.000,233.570,233.980,234.067,234.485,-0.500,-0.556
2017-03-22 13:06:00,233.706,234.239,405.000,431.000,233.70,233.80,2500.000,5000.000,234.20,234.30,657.000,358.000,233.65,233.85,7500.000,7500.000,234.10,234.35,7798.000,10978.000,22500.000,25000.000,233.544,233.972,234.056,234.400,-0.500,-0.583
2017-03-22 13:07:00,233.776,234.297,782.000,127.000,233.80,233.85,2500.000,2500.000,234.25,234.40,353.000,263.000,233.70,233.90,5000.000,2500.000,234.20,234.45,5820.000,6954.000,20000.000,25000.000,233.621,234.001,234.150,234.555,-0.500,-0.594
2017-03-22 13:08:00,233.820,234.355,264.000,1919.000,233.85,234.00,10000.000,10000.000,234.25,234.45,27.000,823.000,233.80,234.05,7500.000,5000.000,234.20,234.50,2310.000,10730.000,27500.000,25000.000,233.687,234.104,234.182,234.525,-0.425,-0.599
2017-03-22 13:09:00,233.789,234.376,198.000,92.000,233.85,233.95,5000.000,7500.000,234.30,234.45,87.000,1748.000,233.80,234.00,7500.000,5000.000,234.25,234.50,2729.000,10086.000,25000.000,22500.000,233.682,234.100,234.200,234.533,-0.475,-0.595
2017-03-22 13:10:00,233.929,234.532,429.000,318.000,233.90,234.00,2500.000,2500.000,234.45,234.60,869.000,218.000,233.85,234.10,7500.000,7500.000,234.40,234.65,6763.000,9078.000,20000.000,22500.000,233.775,234.200,234.350,234.717,-0.575,-0.589
2017-03-22 13:11:00,233.828,234.494,430.000,590.000,233.90,234.05,5000.000,2500.000,234.40,234.55,535.000,489.000,233.85,234.10,2500.000,5000.000,234.35,234.60,3335.000,13361.000,22500.000,20000.000,233.785,234.207,234.289,234.644,-0.500,-0.571
2017-03-22 13:12:00,233.817,234.393,73.000,427.000,233.85,233.90,5000.000,2500.000,234.30,234.45,515.000,1036.000,233.75,234.00,7500.000,7500.000,234.25,234.50,5311.000,9319.000,32500.000,25000.000,233.646,234.096,234.208,234.550,-0.500,-0.575
2017-03-22 13:13:00,233.815,234.375,241.000,132.000,233.85,233.90,2500.000,2500.000,234.30,234.45,466.000,1036.000,233.75,234.00,7500.000,7500.000,234.25,234.50,5374.000,9017.000,25000.000,25000.000,233.652,234.103,234.200,234.550,-0.500,-0.564
2017-03-22 13:14:00,233.812,234.380,204.000,379.000,233.85,233.95,2500.000,7500.000,234.30,234.45,342.000,927.000,233.75,234.00,10000.000,7500.000,234.25,234.50,5019.000,9181.000,30000.000,27500.000,233.647,234.100,234.196,234.532,-0.475,-0.564
2017-03-22 13:15:00,233.804,234.379,661.000,592.000,233.75,233.95,12500.000,10000.000,234.25,234.45,451.000,455.000,233.70,234.00,10000.000,10000.000,234.20,234.50,6932.000,9154.000,40000.000,30000.000,233.622,234.104,234.144,234.512,-0.500,-0.563
2017-03-22 13:16:00,233.851,234.428,217.000,753.000,233.85,234.00,2500.000,2500.000,234.35,234.45,60.000,806.000,233.80,234.05,2500.000,7500.000,234.30,234.50,3536.000,9475.000,27500.000,22500.000,233.687,234.116,234.223,234.539,-0.475,-0.571
2017-03-22 13:17:00,233.796,234.393,201.000,184.000,233.85,233.95,5000.000,2500.000,234.30,234.45,50.000,774.000,233.80,234.00,7500.000,7500.000,234.25,234.50,2877.000,8997.000,30000.000,22500.000,233.678,234.108,234.200,234.539,-0.475,-0.584
2017-03-22 13:18:00,233.785,234.290,107.000,39.000,233.70,233.80,2500.000,2500.000,234.25,234.35,656.000,19.000,233.65,233.85,10000.000,5000.000,234.20,234.40,9950.000,6170.000,25000.000,25000.000,233.547,233.987,234.155,234.465,-0.550,-0.607
2017-03-22 13:19:00,233.770,234.336,598.000,28.000,233.70,233.80,2500.000,2500.000,234.25,234.40,941.000,20.000,233.65,233.85,12500.000,2500.000,234.20,234.45,10555.000,7080.000,30000.000,22500.000,233.558,233.985,234.158,234.522,-0.575,-0.609
2017-03-22 13:20:00,233.728,234.300,2679.000,37.000,233.70,233.80,2500.000,2500.000,234.25,234.35,739.000,357.000,233.65,233.85,10000.000,10000.000,234.20,234.40,8877.000,7767.000,22500.000,22500.000,233.597,233.973,234.161,234.439,-0.550,-0.590
2017-03-22 13:21:00,233.803,234.418,274.000,330.000,233.85,233.95,2500.000,5000.000,234.30,234.45,110.000,714.000,233.75,234.00,5000.000,5000.000,234.25,234.50,5439.000,10508.000,30000.000,25000.000,233.661,234.098,234.196,234.585,-0.475,-0.571
2017-03-22 13:22:00,233.814,234.476,691.000,4.000,233.85,234.00,7500.000,5000.000,234.35,234.55,364.000,514.000,233.80,234.10,7500.000,5000.000,234.30,234.60,4684.000,13154.000,30000.000,22500.000,233.720,234.214,234.250,234.639,-0.525,-0.546
2017-03-22 13:23:00,233.916,234.537,322.000,22.000,234.00,234.05,7500.000,5000.000,234.45,234.60,13.000,2063.000,233.95,234.10,12500.000,10000.000,234.40,234.65,1556.000,7040.000,32500.000,25000.000,233.861,234.194,234.346,234.685,-0.500,-0.530
2017-03-22 13:24:00,233.925,234.500,267.000,2729.000,234.00,234.10,5000.000,2500.000,234.45,234.60,45.000,547.000,233.95,234.15,10000.000,10000.000,234.40,234.65,1386.000,10619.000,22500.000,25000.000,233.857,234.216,234.378,234.705,-0.475,-0.524
2017-03-22 13:25:00,234.003,234.480,335.000,1517.000,233.90,234.00,12500.000,7500.000,234.40,234.60,465.000,72.000,233.85,234.05,2500.000,7500.000,234.35,234.65,6582.000,4983.000,25000.000,30000.000,233.752,234.090,234.330,234.721,-0.550,-0.535
2017-03-22 13:26:00,234.068,234.588,160.000,427.000,233.95,234.00,2500.000,2500.000,234.55,234.70,292.000,22.000,233.90,234.05,7500.000,2500.000,234.50,234.75,6250.000,2922.000,27500.000,32500.000,233.777,234.104,234.427,234.823,-0.650,-0.541
2017-03-22 13:27:00,234.028,234.565,221.000,576.000,233.95,234.00,2500.000,2500.000,234.50,234.65,556.000,18.000,233.85,234.05,7500.000,2500.000,234.45,234.70,7580.000,3958.000,27500.000,22500.000,233.750,234.116,234.373,234.822,-0.600,-0.551
2017-03-22 13:28:00,234.020,234.562,182.000,19.000,233.95,234.00,5000.000,7500.000,234.50,234.65,264.000,19.000,233.85,234.05,5000.000,5000.000,234.45,234.70,6860.000,3671.000,25000.000,25000.000,233.743,234.140,234.410,234.745,-0.600,-0.552
2017-03-22 13:29:00,233.983,234.527,138.000,123.000,233.95,234.00,7500.000,10000.000,234.45,234.65,60.000,60.000,233.85,234.05,7500.000,2500.000,234.40,234.70,4367.000,3775.000,27500.000,27500.000,233.732,234.135,234.345,234.750,-0.575,-0.544
2017-03-22 13:30:00,233.982,234.516,272.000,1039.000,234.00,234.05,2500.000,2500.000,234.50,234.60,37.000,2539.000,233.95,234.10,2500.000,5000.000,234.45,234.65,4408.000,8547.000,17500.000,30000.000,233.778,234.164,234.400,234.808,-0.525,-0.544
2017-03-22 13:31:00,233.897,234.443,280.000,83.000,233.80,233.90,2500.000,5000.000,234.40,234.50,1173.000,398.000,233.75,234.00,2500.000,5000.000,234.30,234.55,8071.000,5865.000,17500.000,20000.000,233.671,234.101,234.250,234.619,-0.600,-0.541
2017-03-22 13:32:00,233.940,234.528,15.000,79.000,233.85,233.90,2500.000,5000.000,234.40,234.55,224.000,208.000,233.80,233.95,5000.000,5000.000,234.35,234.60,4652.000,2236.000,22500.000,17500.000,233.687,234.066,234.283,234.643,-0.600,-0.526
2017-03-22 13:33:00,233.912,234.462,15.000,121.000,233.85,233.90,5000.000,2500.000,234.35,234.50,227.000,188.000,233.80,233.95,5000.000,7500.000,234.30,234.55,4483.000,3276.000,25000.000,17500.000,233.687,234.044,234.255,234.593,-0.550,-0.509
2017-03-22 13:34:00,233.872,234.372,2980.000,661.000,233.70,233.90,10000.000,2500.000,234.25,234.45,417.000,575.000,233.65,233.95,12500.000,7500.000,234.20,234.50,10009.000,5100.000,35000.000,22500.000,233.588,234.004,234.179,234.561,-0.550,-0.500
2017-03-22 13:35:00,233.822,234.357,14.000,45.000,233.75,233.85,10000.000,2500.000,234.20,234.40,2033.000,860.000,233.70,233.90,2500.000,2500.000,234.15,234.45,5471.000,4494.000,32500.000,20000.000,233.622,233.968,234.092,234.550,-0.500,-0.506
2017-03-22 13:36:00,233.818,234.352,2033.000,477.000,233.70,233.75,7500.000,5000.000,234.20,234.35,340.000,38.000,233.65,233.80,2500.000,5000.000,234.15,234.40,8631.000,1980.000,37500.000,25000.000,233.576,233.875,234.080,234.520,-0.550,-0.508
2017-03-22 13:37:00,233.610,234.121,1502.000,61.000,233.50,233.65,5000.000,2500.000,234.05,234.20,440.000,502.000,233.45,233.70,10000.000,7500.000,234.00,234.25,5048.000,2918.000,37500.000,32500.000,233.405,233.774,233.913,234.308,-0.550,-0.512
2017-03-22 13:38:00,233.632,234.098,1620.000,1.000,233.50,233.65,5000.000,2500.000,234.05,234.20,436.000,175.000,233.45,233.70,10000.000,5000.000,234.00,234.25,5483.000,2347.000,32500.000,30000.000,233.403,233.785,233.900,234.312,-0.550,-0.512
2017-03-22 13:39:00,233.673,234.129,648.000,70.000,233.55,233.70,2500.000,7500.000,234.10,234.25,1380.000,425.000,233.50,233.75,2500.000,10000.000,234.05,234.30,5227.000,2939.000,22500.000,37500.000,233.434,233.832,233.989,234.347,-0.550,-0.493
2017-03-22 13:40:00,233.557,234.119,468.000,476.000,233.55,233.70,2500.000,2500.000,234.10,234.20,1380.000,782.000,233.50,233.75,2500.000,5000.000,234.05,234.25,5237.000,8326.000,25000.000,27500.000,233.430,233.859,233.965,234.318,-0.525,-0.482
2017-03-22 13:41:00,233.602,234.146,14.000,63.000,233.60,233.70,2500.000,5000.000,234.10,234.25,468.000,497.000,233.55,233.75,2500.000,7500.000,234.05,234.30,3773.000,5503.000,25000.000,32500.000,233.464,233.859,233.965,234.358,-0.525,-0.477
2017-03-22 13:42:00,233.583,234.115,567.000,763.000,233.55,233.70,2500.000,2500.000,234.10,234.15,1132.000,2045.000,233.50,233.75,10000.000,7500.000,234.00,234.20,6306.000,9295.000,27500.000,22500.000,233.430,233.828,233.932,234.256,-0.500,-0.485
2017-03-22 13:43:00,233.280,233.744,20.000,769.000,233.30,233.40,2500.000,2500.000,233.70,233.80,240.000,1233.000,233.25,233.45,2500.000,2500.000,233.65,233.85,2835.000,9933.000,20000.000,22500.000,233.168,233.492,233.569,233.922,-0.400,-0.494
2017-03-22 13:44:00,233.458,233.822,281.000,58.000,233.35,233.40,5000.000,7500.000,233.75,233.95,60.000,41.000,233.30,233.45,5000.000,7500.000,233.70,234.00,3842.000,1278.000,22500.000,35000.000,233.202,233.562,233.639,234.125,-0.475,-0.513
2017-03-22 13:45:00,233.265,233.774,633.000,26.000,233.25,233.35,10000.000,2500.000,233.70,233.85,633.000,181.000,233.20,233.45,2500.000,2500.000,233.65,233.90,5849.000,8291.000,25000.000,22500.000,233.125,233.564,233.620,233.994,-0.475,-0.493
2017-03-22 13:46:00,233.281,233.800,697.000,92.000,233.25,233.40,2500.000,2500.000,233.75,233.85,744.000,518.000,233.20,233.45,7500.000,2500.000,233.70,233.90,5338.000,8975.000,22500.000,20000.000,233.120,233.518,233.650,233.969,-0.475,-0.497
2017-03-22 13:47:00,233.394,233.963,810.000,52.000,233.35,233.55,2500.000,5000.000,233.85,234.00,273.000,714.000,233.30,233.60,5000.000,2500.000,233.80,234.05,7120.000,10525.000,25000.000,15000.000,233.227,233.695,233.675,234.083,-0.475,-0.482
2017-03-22 13:48:00,233.492,234.002,716.000,41.000,233.50,233.60,2500.000,7500.000,234.00,234.15,737.000,314.000,233.45,233.70,2500.000,5000.000,233.95,234.20,4960.000,7749.000,17500.000,35000.000,233.390,233.825,233.871,234.261,-0.525,-0.489
2017-03-22 13:49:00,233.541,234.000,749.000,1.000,233.50,233.55,2500.000,5000.000,234.00,234.15,920.000,19.000,233.45,233.60,2500.000,5000.000,233.95,234.20,4736.000,3417.000,15000.000,32500.000,233.394,233.764,233.892,234.269,-0.550,-0.491
2017-03-22 13:50:00,233.628,234.037,117.000,21.000,233.60,233.70,7500.000,5000.000,234.05,234.20,110.000,1.000,233.55,233.75,7500.000,7500.000,234.00,234.25,2670.000,3346.000,25000.000,40000.000,233.452,233.848,233.940,234.319,-0.475,-0.509
2017-03-22 13:51:00,233.515,234.052,74.000,1.000,233.60,233.65,2500.000,7500.000,234.05,234.20,110.000,674.000,233.55,233.80,10000.000,7500.000,234.00,234.25,1892.000,10018.000,20000.000,40000.000,233.450,233.907,233.969,234.312,-0.500,-0.507
2017-03-22 13:52:00,233.792,234.287,1131.000,101.000,233.80,233.90,2500.000,5000.000,234.20,234.30,490.000,596.000,233.75,233.95,5000.000,5000.000,234.15,234.40,5200.000,10302.000,20000.000,20000.000,233.683,234.021,234.081,234.425,-0.400,-0.503
2017-03-22 13:53:00,233.719,234.264,30.000,681.000,233.80,233.90,2500.000,7500.000,234.15,234.35,136.000,233.000,233.75,233.95,5000.000,7500.000,234.10,234.40,1927.000,9450.000,20000.000,25000.000,233.639,234.050,234.037,234.450,-0.400,-0.484
2017-03-22 13:54:00,233.800,234.271,12.000,620.000,233.80,233.95,5000.000,2500.000,234.20,234.35,2686.000,1103.000,233.75,234.00,2500.000,2500.000,234.15,234.40,5193.000,11936.000,17500.000,17500.000,233.692,234.063,234.100,234.457,-0.400,-0.482
2017-03-22 13:55:00,233.815,234.314,404.000,1.000,233.80,233.85,5000.000,2500.000,234.25,234.45,2835.000,701.000,233.75,234.00,7500.000,7500.000,234.20,234.50,7215.000,8532.000,20000.000,25000.000,233.697,234.132,234.175,234.595,-0.525,-0.480
2017-03-22 13:56:00,233.777,234.300,125.000,42.000,233.80,233.90,5000.000,2500.000,234.20,234.35,2910.000,68.000,233.75,233.95,2500.000,2500.000,234.15,234.40,5455.000,9891.000,20000.000,15000.000,233.695,234.050,234.094,234.458,-0.425,-0.479
2017-03-22 13:57:00,233.769,234.247,2877.000,499.000,233.75,233.90,5000.000,5000.000,234.15,234.35,183.000,60.000,233.70,233.95,5000.000,5000.000,234.10,234.40,6956.000,9109.000,22500.000,22500.000,233.653,234.055,234.050,234.444,-0.425,-0.476
2017-03-22 13:58:00,233.848,234.297,536.000,40.000,233.80,233.90,5000.000,5000.000,234.20,234.40,3217.000,70.000,233.75,233.95,2500.000,5000.000,234.15,234.45,7444.000,5136.000,20000.000,22500.000,233.698,234.074,234.100,234.483,-0.450,-0.478
2017-03-22 13:59:00,233.819,234.279,447.000,45.000,233.80,233.90,7500.000,7500.000,234.20,234.40,661.000,132.000,233.75,233.95,2500.000,7500.000,234.15,234.45,4662.000,5167.000,20000.000,27500.000,233.667,234.073,234.113,234.473,-0.450,-0.474
2017-03-22 14:00:00,233.728,234.216,337.000,8.000,233.75,233.85,5000.000,2500.000,234.20,234.30,304.000,191.000,233.70,233.90,2500.000,7500.000,234.15,234.35,6108.000,10846.000,25000.000,30000.000,233.615,234.016,234.055,234.412,-0.450,-0.463
2017-03-22 14:01:00,233.814,234.334,488.000,20.000,233.80,233.90,5000.000,2500.000,234.25,234.40,292.000,154.000,233.75,233.95,7500.000,5000.000,234.20,234.45,4580.000,5442.000,25000.000,22500.000,233.669,234.070,234.135,234.494,-0.475,-0.451
2017-03-22 14:02:00,233.779,234.243,526.000,18.000,233.75,233.85,7500.000,2500.000,234.20,234.35,357.000,161.000,233.70,233.95,2500.000,10000.000,234.15,234.40,6241.000,8888.000,22500.000,27500.000,233.618,234.045,234.083,234.445,-0.475,-0.446
2017-03-22 14:03:00,233.798,234.257,60.000,366.000,233.85,233.95,7500.000,7500.000,234.20,234.35,499.000,1635.000,233.75,234.00,2500.000,7500.000,234.15,234.40,3732.000,10403.000,25000.000,30000.000,233.660,234.058,234.065,234.433,-0.375,-0.443
2017-03-22 14:04:00,233.786,234.224,247.000,260.000,233.85,233.90,2500.000,2500.000,234.20,234.30,449.000,245.000,233.75,233.95,2500.000,10000.000,234.15,234.35,3843.000,8714.000,22500.000,30000.000,233.662,234.028,234.056,234.404,-0.375,-0.433
2017-03-22 14:05:00,233.785,234.221,1171.000,588.000,233.80,233.95,5000.000,5000.000,234.10,234.30,410.000,1311.000,233.75,234.00,5000.000,2500.000,234.05,234.35,4063.000,8224.000,30000.000,22500.000,233.696,234.098,233.967,234.411,-0.325,-0.414
2017-03-22 14:06:00,233.724,234.184,107.000,1.000,233.80,233.85,5000.000,2500.000,234.10,234.25,359.000,24.000,233.75,233.90,2500.000,7500.000,234.05,234.30,2088.000,6661.000,25000.000,22500.000,233.656,234.010,234.000,234.350,-0.350,-0.397
2017-03-22 14:07:00,233.972,234.412,100.000,338.000,234.05,234.10,5000.000,5000.000,234.30,234.50,304.000,83.000,233.95,234.15,5000.000,5000.000,234.25,234.55,2085.000,4943.000,30000.000,22500.000,233.867,234.243,234.133,234.594,-0.325,-0.382
2017-03-22 14:08:00,234.011,234.450,407.000,32.000,234.10,234.15,2500.000,2500.000,234.35,234.55,220.000,515.000,234.05,234.25,5000.000,10000.000,234.30,234.60,1849.000,7243.000,30000.000,27500.000,233.980,234.364,234.183,234.659,-0.325,-0.383
2017-03-22 14:09:00,234.084,234.475,16.000,325.000,234.20,234.30,2500.000,2500.000,234.40,234.50,720.000,1374.000,234.10,234.35,5000.000,2500.000,234.35,234.55,4200.000,16717.000,25000.000,20000.000,234.002,234.459,234.275,234.613,-0.200,-0.377
2017-03-22 14:10:00,234.073,234.412,685.000,464.000,234.10,234.25,5000.000,2500.000,234.35,234.45,494.000,1279.000,234.05,234.30,5000.000,7500.000,234.30,234.55,4102.000,10142.000,25000.000,27500.000,233.987,234.395,234.250,234.595,-0.225,-0.385
2017-03-22 14:11:00,233.832,234.207,5.000,409.000,233.80,233.95,2500.000,2500.000,234.10,234.25,872.000,1539.000,233.75,234.00,2500.000,10000.000,234.05,234.30,3043.000,5487.000,32500.000,25000.000,233.654,234.065,233.935,234.335,-0.300,-0.364
2017-03-22 14:12:00,233.838,234.205,1469.000,711.000,233.65,233.90,2500.000,2500.000,234.10,234.25,1387.000,354.000,233.60,233.95,5000.000,5000.000,234.05,234.30,9743.000,5288.000,30000.000,22500.000,233.541,234.028,233.958,234.350,-0.400,-0.379
2017-03-22 14:13:00,233.835,234.279,179.000,423.000,233.80,233.95,5000.000,2500.000,234.10,234.30,60.000,537.000,233.70,234.00,5000.000,7500.000,234.05,234.35,4462.000,5579.000,40000.000,20000.000,233.597,234.085,233.972,234.387,-0.325,-0.360
2017-03-22 14:14:00,233.940,234.300,60.000,5.000,233.80,233.90,2500.000,2500.000,234.15,234.30,585.000,339.000,233.75,233.95,5000.000,5000.000,234.10,234.35,6796.000,2606.000,30000.000,15000.000,233.654,234.034,234.029,234.392,-0.375,-0.379
2017-03-22 14:15:00,233.867,234.244,731.000,149.000,233.75,233.80,5000.000,5000.000,234.05,234.25,414.000,39.000,233.70,233.85,15000.000,5000.000,234.00,234.30,7675.000,2767.000,47500.000,17500.000,233.626,234.003,233.892,234.336,-0.375,-0.379
2017-03-22 14:16:00,233.965,234.235,231.000,32.000,233.85,233.90,5000.000,2500.000,234.10,234.25,105.000,115.000,233.80,233.95,5000.000,5000.000,234.05,234.30,6065.000,2509.000,37500.000,20000.000,233.671,234.061,233.973,234.350,-0.300,-0.410
2017-03-22 14:17:00,233.896,234.338,94.000,1.000,233.90,233.95,5000.000,2500.000,234.20,234.35,264.000,97.000,233.85,234.00,5000.000,5000.000,234.15,234.40,2252.000,2748.000,27500.000,15000.000,233.745,234.126,234.086,234.442,-0.350,-0.417
2017-03-22 14:18:00,233.910,234.259,214.000,95.000,233.75,233.90,7500.000,2500.000,234.10,234.30,334.000,129.000,233.70,233.95,2500.000,2500.000,234.05,234.35,5634.000,2403.000,37500.000,17500.000,233.617,234.030,233.957,234.407,-0.375,-0.450
2017-03-22 14:19:00,233.733,234.188,42.000,208.000,233.70,233.80,5000.000,2500.000,234.00,234.15,339.000,464.000,233.65,233.85,2500.000,5000.000,233.95,234.20,5670.000,6723.000,27500.000,15000.000,233.532,233.965,233.882,234.292,-0.325,-0.465
2017-03-22 14:20:00,233.741,234.118,449.000,265.000,233.60,233.65,2500.000,2500.000,234.00,234.10,546.000,21.000,233.55,233.70,2500.000,2500.000,233.95,234.15,6071.000,1599.000,22500.000,12500.000,233.482,233.811,233.861,234.200,-0.425,-0.465
2017-03-22 14:21:00,233.638,234.065,103.000,190.000,233.55,233.65,5000.000,2500.000,233.90,234.10,265.000,152.000,233.50,233.70,5000.000,5000.000,233.85,234.15,4022.000,2756.000,27500.000,15000.000,233.390,233.814,233.805,234.200,-0.400,-0.443
2017-03-22 14:22:00,233.505,233.981,663.000,3.000,233.50,233.55,2500.000,5000.000,233.85,234.00,263.000,90.000,233.45,233.60,12500.000,2500.000,233.80,234.05,2742.000,2328.000,30000.000,15000.000,233.386,233.733,233.762,234.083,-0.400,-0.399
2017-03-22 14:23:00,233.454,233.969,681.000,51.000,233.50,233.55,5000.000,5000.000,233.80,233.95,83.000,153.000,233.45,233.60,2500.000,7500.000,233.75,234.00,2401.000,4095.000,32500.000,20000.000,233.374,233.726,233.669,234.044,-0.350,-0.356
2017-03-22 14:24:00,233.448,233.979,387.000,72.000,233.50,233.55,2500.000,5000.000,233.80,233.95,33.000,153.000,233.45,233.60,2500.000,7500.000,233.75,234.00,2230.000,4456.000,32500.000,20000.000,233.355,233.726,233.658,234.044,-0.350,-0.306
2017-03-22 14:25:00,233.538,233.912,33.000,672.000,233.45,233.55,2500.000,2500.000,233.80,233.90,32.000,502.000,233.40,233.60,5000.000,5000.000,233.70,233.95,6200.000,5142.000,40000.000,22500.000,233.269,233.694,233.625,234.022,-0.350,-0.292
2017-03-22 14:26:00,233.396,233.717,233.000,223.000,233.35,233.40,2500.000,2500.000,233.60,233.75,18.000,121.000,233.30,233.45,10000.000,7500.000,233.55,233.80,4678.000,3748.000,35000.000,22500.000,233.197,233.550,233.489,233.856,-0.300,-0.293
2017-03-22 14:27:00,233.413,233.668,726.000,536.000,233.35,233.40,2500.000,5000.000,233.60,233.70,18.000,189.000,233.30,233.45,2500.000,5000.000,233.55,233.75,5635.000,3705.000,22500.000,20000.000,233.214,233.523,233.489,233.794,-0.275,-0.295
2017-03-22 14:28:00,233.408,233.708,1126.000,860.000,233.35,233.40,10000.000,2500.000,233.55,233.75,76.000,19.000,233.30,233.45,10000.000,5000.000,233.50,233.80,5344.000,3218.000,42500.000,20000.000,233.226,233.534,233.424,233.863,-0.275,-0.319
2017-03-22 14:29:00,233.436,233.718,1146.000,290.000,233.35,233.40,2500.000,2500.000,233.60,233.75,126.000,19.000,233.30,233.45,7500.000,5000.000,233.55,233.80,6572.000,2611.000,30000.000,17500.000,233.220,233.552,233.475,233.850,-0.300,-0.323
2017-03-22 14:30:00,233.395,233.697,1447.000,136.000,233.35,233.45,5000.000,2500.000,233.65,233.75,310.000,84.000,233.30,233.50,5000.000,2500.000,233.60,233.80,8484.000,6926.000,20000.000,17500.000,233.231,233.619,233.569,233.857,-0.300,-0.324
2017-03-22 14:31:00,233.300,233.625,1114.000,464.000,233.25,233.30,2500.000,2500.000,233.55,233.65,952.000,43.000,233.20,233.35,2500.000,2500.000,233.50,233.70,7154.000,3990.000,20000.000,15000.000,233.136,233.455,233.431,233.767,-0.325,-0.321
2017-03-22 14:32:00,233.286,233.553,125.000,653.000,233.20,233.25,2500.000,5000.000,233.40,233.55,295.000,322.000,233.15,233.30,7500.000,5000.000,233.35,233.60,9892.000,5938.000,27500.000,17500.000,233.020,233.404,233.282,233.650,-0.250,-0.302
2017-03-22 14:33:00,233.022,233.441,4987.000,792.000,233.00,233.15,7500.000,5000.000,233.20,233.35,138.000,1876.000,232.95,233.20,2500.000,2500.000,233.15,233.40,9081.000,12544.000,40000.000,17500.000,232.926,233.273,233.078,233.521,-0.200,-0.265
2017-03-22 14:34:00,232.856,233.157,1127.000,251.000,232.80,232.95,15000.000,2500.000,233.00,233.20,919.000,464.000,232.75,233.00,2500.000,2500.000,232.95,233.25,6723.000,6633.000,35000.000,22500.000,232.683,233.107,232.882,233.450,-0.225,-0.254
2017-03-22 14:35:00,232.821,233.132,143.000,874.000,232.80,232.95,7500.000,2500.000,233.00,233.15,1140.000,3242.000,232.75,233.00,2500.000,7500.000,232.95,233.20,5566.000,10498.000,27500.000,20000.000,232.661,233.072,232.855,233.275,-0.200,-0.282
2017-03-22 14:36:00,232.223,232.530,465.000,271.000,232.15,232.25,5000.000,2500.000,232.40,232.55,1163.000,414.000,232.10,232.35,2500.000,7500.000,232.35,232.60,10334.000,8305.000,35000.000,22500.000,232.019,232.482,232.279,232.639,-0.275,-0.255
2017-03-22 14:37:00,232.369,232.539,715.000,480.000,232.20,232.25,2500.000,2500.000,232.50,232.60,339.000,89.000,232.15,232.30,2500.000,7500.000,232.45,232.65,11058.000,1711.000,22500.000,25000.000,232.039,232.352,232.394,232.710,-0.325,-0.265
2017-03-22 14:38:00,232.394,232.627,138.000,526.000,232.25,232.40,2500.000,2500.000,232.60,232.70,2540.000,473.000,232.20,232.45,2500.000,5000.000,232.55,232.75,7354.000,3217.000,15000.000,22500.000,232.142,232.517,232.483,232.822,-0.325,-0.279
2017-03-22 14:39:00,232.334,232.580,1587.000,330.000,232.20,232.30,5000.000,10000.000,232.40,232.60,60.000,36.000,232.15,232.35,7500.000,2500.000,232.35,232.65,9334.000,3795.000,50000.000,25000.000,232.047,232.460,232.287,232.685,-0.250,-0.321
2017-03-22 14:40:00,232.174,232.626,74.000,38.000,232.25,232.30,2500.000,2500.000,232.50,232.60,1115.000,80.000,232.20,232.35,7500.000,2500.000,232.45,232.65,2365.000,6200.000,30000.000,12500.000,232.139,232.467,232.379,232.700,-0.275,-0.296
2017-03-22 14:41:00,232.464,232.638,727.000,341.000,232.35,232.45,5000.000,7500.000,232.60,232.80,290.000,72.000,232.30,232.55,2500.000,7500.000,232.55,232.85,5124.000,3452.000,25000.000,47500.000,232.213,232.629,232.475,232.945,-0.300,-0.325
2017-03-22 14:42:00,232.372,232.593,1098.000,228.000,232.20,232.25,5000.000,2500.000,232.50,232.65,479.000,22.000,232.15,232.30,5000.000,2500.000,232.45,232.70,12560.000,3145.000,27500.000,22500.000,232.036,232.468,232.395,232.756,-0.350,-0.355
2017-03-22 14:43:00,232.359,232.659,731.000,437.000,232.20,232.25,2500.000,7500.000,232.55,232.75,459.000,42.000,232.15,232.30,5000.000,10000.000,232.50,232.80,8901.000,2787.000,27500.000,30000.000,232.039,232.436,232.427,232.838,-0.425,-0.395
2017-03-22 14:44:00,232.219,232.676,46.000,339.000,232.25,232.30,5000.000,2500.000,232.55,232.70,400.000,110.000,232.20,232.35,7500.000,2500.000,232.50,232.75,2050.000,3961.000,27500.000,15000.000,232.092,232.455,232.450,232.800,-0.350,-0.424
2017-03-22 14:45:00,232.298,232.626,324.000,70.000,232.25,232.30,2500.000,2500.000,232.65,232.80,1219.000,18.000,232.20,232.35,5000.000,7500.000,232.60,232.85,5703.000,3287.000,17500.000,45000.000,232.119,232.484,232.550,232.981,-0.450,-0.461
2017-03-22 14:46:00,232.272,232.589,137.000,1202.000,232.15,232.25,2500.000,7500.000,232.50,232.65,546.000,389.000,232.10,232.30,5000.000,2500.000,232.45,232.70,9298.000,5076.000,25000.000,22500.000,232.001,232.361,232.390,232.750,-0.375,-0.502
2017-03-22 14:47:00,232.205,232.576,772.000,354.000,232.05,232.15,2500.000,5000.000,232.50,232.60,6871.000,829.000,232.00,232.25,2500.000,7500.000,232.45,232.65,12746.000,3749.000,25000.000,22500.000,231.963,232.308,232.380,232.683,-0.450,-0.520
2017-03-22 14:48:00,232.084,232.586,446.000,313.000,232.00,232.10,5000.000,2500.000,232.45,232.60,175.000,72.000,231.95,232.15,10000.000,2500.000,232.40,232.65,6336.000,4355.000,50000.000,20000.000,231.860,232.242,232.317,232.738,-0.475,-0.513
2017-03-22 14:49:00,232.066,232.666,282.000,1050.000,232.10,232.20,7500.000,2500.000,232.50,232.70,50.000,598.000,232.05,232.25,5000.000,2500.000,232.45,232.75,1461.000,5129.000,27500.000,12500.000,231.963,232.312,232.414,232.800,-0.450,-0.493
2017-03-22 14:50:00,232.068,232.584,368.000,331.000,232.10,232.15,7500.000,2500.000,232.50,232.65,171.000,1009.000,232.00,232.20,7500.000,2500.000,232.45,232.70,3173.000,4958.000,32500.000,22500.000,231.908,232.282,232.412,232.789,-0.450,-0.485
2017-03-22 14:51:00,232.150,232.674,205.000,172.000,232.15,232.20,5000.000,2500.000,232.60,232.80,527.000,50.000,232.10,232.25,5000.000,7500.000,232.55,232.85,2477.000,3200.000,22500.000,25000.000,232.018,232.341,232.517,232.915,-0.525,-0.469
2017-03-22 14:52:00,232.211,232.671,218.000,152.000,232.15,232.20,2500.000,2500.000,232.60,232.70,482.000,499.000,232.10,232.25,5000.000,5000.000,232.55,232.75,3054.000,2294.000,30000.000,22500.000,232.002,232.322,232.492,232.811,-0.475,-0.476
2017-03-22 14:53:00,231.819,232.283,454.000,554.000,231.70,231.75,2500.000,7500.000,232.20,232.35,2.000,17.000,231.65,231.80,2500.000,15000.000,232.15,232.40,9058.000,3114.000,25000.000,35000.000,231.539,231.899,232.050,232.421,-0.550,-0.483
2017-03-22 14:54:00,231.810,232.308,344.000,859.000,231.85,231.90,2500.000,2500.000,232.30,232.45,298.000,423.000,231.80,231.95,5000.000,7500.000,232.25,232.50,1475.000,4102.000,17500.000,27500.000,231.739,232.012,232.193,232.564,-0.500,-0.475
2017-03-22 14:55:00,231.599,232.075,977.000,399.000,231.55,231.60,2500.000,5000.000,232.00,232.15,1879.000,142.000,231.50,231.65,5000.000,5000.000,231.95,232.20,6311.000,4522.000,20000.000,25000.000,231.434,231.796,231.894,232.245,-0.500,-0.466
2017-03-22 14:56:00,231.790,232.234,414.000,67.000,231.60,231.70,5000.000,5000.000,232.15,232.35,1149.000,40.000,231.55,231.75,5000.000,5000.000,232.10,232.40,10168.000,1588.000,22500.000,25000.000,231.457,231.850,232.061,232.450,-0.600,-0.433
2017-03-22 14:57:00,231.829,232.325,470.000,199.000,231.70,231.80,10000.000,5000.000,232.20,232.40,186.000,50.000,231.65,231.85,2500.000,5000.000,232.15,232.45,9947.000,4695.000,25000.000,20000.000,231.531,231.969,232.110,232.481,-0.550,-0.387
2017-03-22 14:58:00,231.781,232.283,97.000,130.000,231.80,231.85,7500.000,7500.000,232.20,232.35,592.000,1289.000,231.70,231.90,2500.000,7500.000,232.15,232.40,4637.000,6906.000,25000.000,27500.000,231.587,231.977,232.090,232.427,-0.450,-0.360
2017-03-22 14:59:00,231.872,232.329,60.000,119.000,231.75,231.80,7500.000,10000.000,232.25,232.40,868.000,42.000,231.70,231.85,2500.000,2500.000,232.20,232.45,5652.000,1432.000,20000.000,22500.000,231.603,231.974,232.175,232.483,-0.550,-0.325
2017-03-22 15:00:00,231.828,232.257,183.000,54.000,231.70,231.75,2500.000,7500.000,232.15,232.30,217.000,421.000,231.65,231.80,2500.000,7500.000,232.10,232.35,6711.000,2233.000,25000.000,25000.000,231.529,231.901,232.035,232.390,-0.500,-0.292
2017-03-22 15:01:00,232.517,232.793,128.000,1405.000,232.60,232.65,5000.000,2500.000,232.75,232.85,64.000,37.000,232.55,232.70,7500.000,2500.000,232.70,232.90,3343.000,10361.000,20000.000,15000.000,232.403,232.781,232.662,232.958,-0.175,-0.271
2017-03-22 15:02:00,232.610,232.880,224.000,3752.000,232.60,232.65,2500.000,2500.000,232.85,233.00,426.000,1000.000,232.55,232.70,7500.000,5000.000,232.80,233.05,3019.000,7226.000,22500.000,27500.000,232.475,232.709,232.750,233.150,-0.300,-0.275
2017-03-22 15:03:00,232.612,232.978,237.000,846.000,232.70,232.75,2500.000,2500.000,232.90,233.00,110.000,1106.000,232.60,232.80,7500.000,7500.000,232.85,233.05,3207.000,10806.000,27500.000,17500.000,232.491,232.881,232.736,233.086,-0.225,-0.262
2017-03-22 15:04:00,232.708,232.989,240.000,8.000,232.80,232.85,7500.000,5000.000,232.90,233.00,169.000,4439.000,232.75,232.90,5000.000,2500.000,232.85,233.05,1682.000,18826.000,30000.000,15000.000,232.649,232.969,232.733,233.083,-0.125,-0.256
2017-03-22 15:05:00,232.841,233.111,48.000,265.000,232.90,232.95,2500.000,12500.000,233.00,233.20,1607.000,3819.000,232.85,233.00,2500.000,5000.000,232.95,233.25,2872.000,8874.000,17500.000,30000.000,232.801,233.076,232.893,233.338,-0.175,-0.241
2017-03-22 15:06:00,233.088,233.255,742.000,198.000,233.05,233.10,5000.000,5000.000,233.25,233.40,160.000,449.000,233.00,233.25,7500.000,2500.000,233.20,233.45,5808.000,8142.000,22500.000,27500.000,232.898,233.338,233.122,233.509,-0.250,-0.246
2017-03-22 15:07:00,233.100,233.390,1581.000,24.000,233.10,233.15,5000.000,5000.000,233.30,233.50,374.000,627.000,233.05,233.20,5000.000,7500.000,233.25,233.55,4538.000,4588.000,25000.000,25000.000,233.004,233.366,233.200,233.590,-0.275,-0.238
2017-03-22 15:08:00,233.177,233.479,760.000,850.000,233.25,233.30,2500.000,7500.000,233.35,233.55,61.000,444.000,233.20,233.35,5000.000,10000.000,233.30,233.60,2983.000,18321.000,22500.000,25000.000,233.112,233.416,233.239,233.630,-0.175,-0.210
2017-03-22 15:09:00,233.113,233.364,44.000,10.000,233.20,233.25,2500.000,5000.000,233.30,233.45,172.000,5860.000,233.15,233.30,7500.000,7500.000,233.25,233.50,1483.000,14800.000,20000.000,25000.000,233.039,233.367,233.213,233.545,-0.150,-0.200
2017-03-22 15:10:00,233.186,233.381,352.000,230.000,233.20,233.25,2500.000,2500.000,233.35,233.45,207.000,4158.000,233.15,233.30,2500.000,2500.000,233.30,233.50,6478.000,11476.000,15000.000,17500.000,233.045,233.388,233.233,233.564,-0.175,-0.218
2017-03-22 15:11:00,233.054,233.247,1106.000,50.000,232.95,233.15,2500.000,2500.000,233.20,233.35,1484.000,354.000,232.90,233.20,2500.000,5000.000,233.15,233.40,10453.000,9606.000,15000.000,22500.000,232.818,233.295,233.083,233.450,-0.225,-0.253
2017-03-22 15:12:00,232.950,233.200,77.000,273.000,233.05,233.10,7500.000,2500.000,233.15,233.30,95.000,454.000,233.00,233.15,2500.000,2500.000,233.10,233.35,1677.000,9466.000,22500.000,22500.000,232.901,233.253,233.056,233.411,-0.150,-0.239
2017-03-22 15:13:00,232.814,232.975,37.000,379.000,232.90,233.00,2500.000,2500.000,233.00,233.15,356.000,1038.000,232.85,233.05,2500.000,7500.000,232.95,233.20,1246.000,9714.000,12500.000,37500.000,232.796,233.123,232.900,233.267,-0.125,-0.246
2017-03-22 15:14:00,232.786,232.989,137.000,644.000,232.80,232.95,7500.000,2500.000,232.95,233.10,432.000,2158.000,232.65,233.00,2500.000,2500.000,232.90,233.15,7010.000,12287.000,20000.000,25000.000,232.535,233.059,232.863,233.220,-0.150,-0.231
2017-03-22 15:15:00,232.828,233.109,273.000,1441.000,232.95,233.00,5000.000,2500.000,233.05,233.20,133.000,389.000,232.90,233.05,7500.000,7500.000,233.00,233.25,899.000,9633.000,20000.000,22500.000,232.840,233.149,232.975,233.289,-0.150,-0.188
2017-03-22 15:16:00,232.926,233.295,15.000,879.000,233.05,233.15,5000.000,5000.000,233.15,233.35,43.000,1185.000,233.00,233.20,2500.000,5000.000,233.10,233.40,322.000,11072.000,25000.000,25000.000,232.943,233.284,233.035,233.485,-0.150,-0.111
2017-03-22 15:17:00,232.738,232.921,100.000,349.000,232.80,232.90,2500.000,2500.000,232.90,233.00,137.000,3933.000,232.75,232.95,2500.000,2500.000,232.85,233.05,1293.000,12895.000,12500.000,17500.000,232.633,232.995,232.800,233.107,-0.100,-0.057
2017-03-22 15:18:00,232.692,232.885,620.000,149.000,232.80,232.85,2500.000,2500.000,232.85,233.00,213.000,753.000,232.75,232.90,2500.000,5000.000,232.80,233.05,1422.000,11895.000,12500.000,20000.000,232.730,232.985,232.750,233.100,-0.100,-0.004
2017-03-22 15:19:00,232.835,232.963,1.000,1790.000,232.90,232.95,5000.000,2500.000,232.90,233.00,28.000,4657.000,232.85,233.00,5000.000,2500.000,232.85,233.10,310.000,10190.000,20000.000,20000.000,232.747,233.023,232.812,233.206,-0.025,-0.017
2017-03-22 15:20:00,233.234,233.300,101.000,2774.000,233.30,233.35,7500.000,2500.000,233.25,233.40,31.000,650.000,233.20,233.40,2500.000,5000.000,233.20,233.45,2954.000,11466.000,17500.000,20000.000,233.063,233.457,233.179,233.500,-0.000,-0.048
2017-03-22 15:21:00,233.196,233.179,183.000,454.000,233.10,233.15,2500.000,10000.000,233.10,233.30,22.000,364.000,233.00,233.20,5000.000,7500.000,233.05,233.35,3435.000,2000.000,15000.000,27500.000,232.872,233.247,233.008,233.400,-0.075,-0.061
2017-03-22 15:22:00,233.426,233.343,44.000,892.000,233.40,233.50,5000.000,5000.000,233.25,233.45,478.000,510.000,233.30,233.55,5000.000,7500.000,233.20,233.50,4539.000,6083.000,17500.000,20000.000,233.177,233.615,233.171,233.531,0.100,-0.039
2017-03-22 15:23:00,233.658,233.583,147.000,168.000,233.60,233.75,5000.000,5000.000,233.50,233.65,2987.000,122.000,233.55,233.80,5000.000,5000.000,233.45,233.70,3601.000,3442.000,25000.000,20000.000,233.536,233.855,233.385,233.744,0.100,-0.050
2017-03-22 15:24:00,232.436,232.631,138.000,107.000,232.50,232.65,5000.000,2500.000,232.55,232.75,187.000,496.000,232.45,232.70,5000.000,5000.000,232.50,232.80,416.000,3667.000,20000.000,20000.000,232.435,232.745,232.469,232.869,-0.075,-0.077
2017-03-22 15:25:00,232.504,232.722,43.000,3064.000,232.55,232.75,7500.000,5000.000,232.65,232.85,64.000,225.000,232.50,232.80,2500.000,2500.000,232.60,232.90,760.000,6556.000,17500.000,22500.000,232.398,232.870,232.579,232.956,-0.100,-0.140
2017-03-22 15:26:00,232.902,232.950,314.000,2961.000,232.95,233.00,5000.000,2500.000,232.90,233.00,255.000,715.000,232.90,233.10,2500.000,5000.000,232.85,233.10,736.000,5666.000,17500.000,20000.000,232.903,233.094,232.814,233.144,0.025,-0.140
2017-03-22 15:27:00,233.347,233.158,135.000,769.000,233.45,233.50,2500.000,5000.000,233.05,233.25,19.000,50.000,233.40,233.55,2500.000,2500.000,233.00,233.30,364.000,3014.000,15000.000,17500.000,233.360,233.671,232.933,233.379,0.325,-0.140
2017-03-22 15:28:00,233.178,233.159,14.000,50.000,233.15,233.25,2500.000,2500.000,233.00,233.20,50.000,14.000,231.85,233.30,5000.000,2500.000,232.95,233.25,9882.000,2678.000,25000.000,17500.000,231.515,233.632,232.880,233.314,0.100,-0.140
2017-03-22 15:29:00,232.546,232.873,110.000,129.000,232.65,232.75,2500.000,7500.000,232.80,233.00,14.000,2500.000,232.60,232.80,2500.000,5000.000,232.70,233.05,899.000,4293.000,15000.000,22500.000,232.524,232.871,232.642,233.111,-0.200,-0.140
2017-03-22 15:30:00,232.341,232.875,14.000,385.000,231.80,232.70,2500.000,5000.000,232.70,233.30,4615.000,14.000,231.75,232.75,2500.000,5000.000,232.60,233.45,5218.000,2998.000,15000.000,25000.000,231.721,232.799,232.467,233.500,-0.750,-0.140
2017-03-23 09:16:00,234.111,234.046,1558.000,2912.000,234.10,234.35,2500.000,2500.000,233.95,234.25,117.000,3087.000,234.05,234.40,2500.000,5000.000,233.85,234.45,2169.000,8067.000,12500.000,17500.000,234.065,234.426,233.670,234.621,0.125,-0.001
2017-03-23 09:17:00,234.418,234.315,396.000,2495.000,234.25,234.40,2500.000,2500.000,234.30,234.50,419.000,70.000,234.15,234.45,2500.000,5000.000,234.15,234.55,5066.000,3439.000,12500.000,20000.000,234.036,234.440,234.100,234.669,-0.075,-0.029
2017-03-23 09:18:00,234.464,234.608,1.000,110.000,234.50,234.65,2500.000,2500.000,234.50,234.70,247.000,400.000,234.45,234.70,5000.000,2500.000,234.45,234.80,1729.000,4327.000,17500.000,15000.000,234.366,234.814,234.357,234.858,-0.025,-0.001
2017-03-23 09:19:00,234.517,234.570,104.000,315.000,234.60,234.70,2500.000,5000.000,234.55,234.70,31.000,704.000,234.55,234.75,5000.000,2500.000,234.30,234.75,956.000,6187.000,20000.000,17500.000,234.439,234.836,234.281,234.793,0.025,-0.001
2017-03-23 09:20:00,234.387,234.304,68.000,15.000,234.30,234.45,2500.000,2500.000,234.20,234.40,109.000,50.000,234.25,234.50,2500.000,5000.000,234.15,234.45,2188.000,1888.000,15000.000,17500.000,234.149,234.611,234.100,234.521,0.075,-0.012
2017-03-23 09:21:00,234.316,234.308,17.000,340.000,234.20,234.40,2500.000,2500.000,234.15,234.30,211.000,663.000,234.15,234.45,2500.000,5000.000,234.10,234.35,4664.000,5331.000,27500.000,17500.000,234.027,234.510,234.018,234.429,0.075,-0.001
2017-03-23 09:22:00,234.213,234.252,46.000,61.000,234.25,234.40,2500.000,7500.000,234.15,234.35,889.000,453.000,234.20,234.45,2500.000,10000.000,234.10,234.40,1716.000,4586.000,27500.000,27500.000,234.147,234.546,234.005,234.423,0.075,-0.002
2017-03-23 09:23:00,234.204,234.207,1832.000,2521.000,234.25,234.30,2500.000,5000.000,234.15,234.25,126.000,60.000,234.20,234.35,5000.000,5000.000,234.10,234.30,2733.000,7719.000,30000.000,22500.000,234.202,234.397,234.012,234.344,0.075,0.011
2017-03-23 09:24:00,234.336,234.387,401.000,109.000,234.30,234.40,2500.000,5000.000,234.25,234.45,2243.000,5.000,234.25,234.45,5000.000,5000.000,234.20,234.50,5071.000,4758.000,25000.000,25000.000,234.210,234.527,234.115,234.575,0.000,0.019
2017-03-23 09:25:00,234.280,234.256,3.000,3109.000,234.30,234.40,2500.000,2500.000,234.15,234.30,1789.000,996.000,234.25,234.45,2500.000,5000.000,234.10,234.35,2927.000,8793.000,25000.000,17500.000,234.213,234.489,234.045,234.407,0.125,0.013
2017-03-23 09:26:00,234.189,234.125,159.000,16.000,234.20,234.25,2500.000,5000.000,234.10,234.25,86.000,2506.000,234.15,234.30,2500.000,5000.000,234.00,234.30,3779.000,7404.000,15000.000,20000.000,234.028,234.380,233.942,234.338,0.050,0.013
2017-03-23 09:27:00,234.469,234.511,117.000,392.000,234.45,234.60,2500.000,5000.000,234.40,234.60,159.000,3034.000,234.40,234.65,15000.000,5000.000,234.35,234.65,4588.000,9742.000,25000.000,20000.000,234.288,234.719,234.325,234.694,0.025,0.030
2017-03-23 09:28:00,234.578,234.520,404.000,2463.000,234.50,234.70,2500.000,5000.000,234.45,234.65,180.000,432.000,234.45,234.75,2500.000,2500.000,234.40,234.70,4442.000,7311.000,25000.000,25000.000,234.343,234.792,234.245,234.765,0.050,0.006
2017-03-23 09:29:00,234.554,234.561,721.000,10.000,234.45,234.65,2500.000,5000.000,234.45,234.65,1191.000,412.000,234.40,234.70,5000.000,7500.000,234.40,234.70,6047.000,4947.000,27500.000,27500.000,234.321,234.822,234.332,234.745,0.000,-0.004
2017-03-23 09:30:00,234.468,234.472,89.000,29.000,234.45,234.50,2500.000,2500.000,234.40,234.50,466.000,9.000,234.40,234.55,5000.000,2500.000,234.35,234.60,4830.000,6192.000,30000.000,20000.000,234.282,234.638,234.258,234.675,0.025,-0.008
2017-03-23 09:31:00,234.623,234.560,546.000,15.000,234.60,234.65,2500.000,2500.000,234.55,234.75,1269.000,5.000,234.55,234.75,2500.000,7500.000,234.50,234.80,4149.000,4971.000,15000.000,35000.000,234.492,234.870,234.450,234.864,-0.025,-0.016
2017-03-23 09:32:00,234.560,234.517,351.000,452.000,234.50,234.60,2500.000,5000.000,234.45,234.65,178.000,366.000,234.45,234.65,5000.000,2500.000,234.40,234.70,3626.000,3868.000,30000.000,37500.000,234.376,234.693,234.350,234.770,0.000,-0.031
2017-03-23 09:33:00,234.507,234.569,12.000,151.000,234.60,234.65,2500.000,5000.000,234.45,234.70,125.000,3497.000,234.50,234.75,2500.000,5000.000,234.40,234.75,1743.000,8292.000,30000.000,35000.000,234.404,234.814,234.317,234.807,0.050,-0.020
2017-03-23 09:34:00,234.514,234.574,5.000,510.000,234.50,234.65,5000.000,2500.000,234.45,234.60,945.000,2560.000,234.45,234.70,10000.000,2500.000,234.40,234.65,5056.000,10405.000,37500.000,25000.000,234.367,234.766,234.343,234.760,0.050,-0.012
2017-03-23 09:35:00,234.467,234.492,3.000,2793.000,234.50,234.60,5000.000,5000.000,234.40,234.55,229.000,646.000,234.45,234.65,5000.000,5000.000,234.35,234.60,2238.000,9531.000,32500.000,30000.000,234.347,234.700,234.292,234.696,0.075,-0.004
2017-03-23 09:36:00,234.469,234.448,186.000,2872.000,234.45,234.60,5000.000,5000.000,234.35,234.55,564.000,661.000,234.40,234.65,2500.000,5000.000,234.30,234.60,4743.000,10874.000,30000.000,27500.000,234.294,234.706,234.258,234.664,0.075,-0.009
2017-03-23 09:37:00,234.270,234.298,200.000,83.000,234.25,234.35,2500.000,2500.000,234.20,234.35,104.000,3209.000,234.20,234.40,2500.000,5000.000,234.10,234.40,4368.000,6909.000,32500.000,22500.000,234.108,234.470,234.023,234.472,0.025,-0.008
2017-03-23 09:38:00,234.248,234.257,50.000,395.000,234.25,234.35,2500.000,2500.000,234.20,234.30,213.000,3656.000,234.20,234.40,2500.000,7500.000,234.10,234.40,3553.000,8685.000,35000.000,32500.000,234.093,234.458,234.036,234.465,0.050,-0.026
2017-03-23 09:39:00,234.258,234.277,65.000,18.000,234.25,234.35,2500.000,2500.000,234.20,234.35,215.000,2856.000,234.20,234.40,2500.000,12500.000,234.10,234.40,3701.000,6798.000,35000.000,30000.000,234.094,234.477,234.039,234.446,0.025,-0.027
2017-03-23 09:40:00,234.275,234.262,636.000,1977.000,234.25,234.40,2500.000,7500.000,234.20,234.35,215.000,1049.000,234.20,234.45,5000.000,7500.000,234.10,234.40,4217.000,8399.000,35000.000,35000.000,234.118,234.504,234.046,234.443,0.050,0.011
2017-03-23 09:41:00,234.319,234.322,110.000,2345.000,234.35,234.40,2500.000,5000.000,234.25,234.35,107.000,60.000,234.30,234.45,5000.000,2500.000,234.20,234.40,2661.000,7985.000,32500.000,30000.000,234.208,234.505,234.112,234.458,0.075,0.035
2017-03-23 09:42:00,234.456,234.479,257.000,500.000,234.50,234.60,2500.000,7500.000,234.35,234.55,465.000,1446.000,234.40,234.65,7500.000,5000.000,234.30,234.60,4288.000,9429.000,37500.000,32500.000,234.302,234.731,234.220,234.654,0.100,0.066
2017-03-23 09:43:00,233.664,233.760,895.000,686.000,233.45,233.70,2500.000,2500.000,233.85,233.90,1034.000,2087.000,233.40,233.75,2500.000,2500.000,233.75,233.95,8451.000,4924.000,15000.000,22500.000,233.316,233.779,233.675,234.033,-0.300,0.108
2017-03-23 09:44:00,234.497,234.525,363.000,47.000,234.40,234.55,5000.000,5000.000,234.40,234.55,1600.000,939.000,234.35,234.60,2500.000,2500.000,234.30,234.60,9915.000,8142.000,37500.000,22500.000,234.253,234.695,234.263,234.683,0.000,0.101
2017-03-23 09:45:00,234.364,234.157,216.000,1008.000,234.30,234.35,2500.000,2500.000,234.15,234.35,374.000,2610.000,234.25,234.45,5000.000,7500.000,234.05,234.40,6902.000,8074.000,15000.000,22500.000,234.162,234.544,233.992,234.456,0.075,0.054
2017-03-23 09:46:00,234.438,234.321,3.000,56.000,234.35,234.45,2500.000,5000.000,234.20,234.40,797.000,2339.000,234.30,234.50,2500.000,2500.000,234.15,234.45,6453.000,5022.000,25000.000,22500.000,234.205,234.562,234.080,234.500,0.100,0.038
2017-03-23 09:47:00,234.413,234.283,371.000,535.000,234.25,234.40,2500.000,2500.000,234.15,234.35,565.000,1637.000,234.20,234.45,10000.000,2500.000,234.10,234.40,8479.000,4616.000,30000.000,22500.000,234.095,234.499,234.029,234.467,0.075,0.029
2017-03-23 09:48:00,233.954,233.839,793.000,3140.000,233.85,233.95,5000.000,5000.000,233.75,233.95,200.000,150.000,233.80,234.00,7500.000,5000.000,233.70,234.00,4698.000,4277.000,30000.000,25000.000,233.723,233.982,233.588,234.060,0.050,0.015
2017-03-23 09:49:00,233.498,233.560,987.000,803.000,233.40,233.50,5000.000,2500.000,233.50,233.65,2278.000,210.000,233.35,233.60,2500.000,5000.000,233.45,233.70,11384.000,7157.000,17500.000,20000.000,233.294,233.692,233.407,233.750,-0.125,0.037
2017-03-23 09:50:00,233.220,233.250,270.000,218.000,233.10,233.20,2500.000,2500.000,233.25,233.35,4199.000,406.000,233.05,233.25,2500.000,7500.000,233.20,233.40,9218.000,2752.000,20000.000,27500.000,232.999,233.313,233.113,233.464,-0.150,0.057
2017-03-23 09:51:00,233.429,233.393,477.000,1095.000,233.25,233.30,2500.000,2500.000,233.25,233.50,136.000,142.000,233.20,233.35,7500.000,5000.000,233.20,233.55,7401.000,1532.000,27500.000,25000.000,233.076,233.338,233.141,233.620,-0.100,0.051
2017-03-23 09:52:00,233.642,233.558,924.000,126.000,233.50,233.65,2500.000,2500.000,233.55,233.70,607.000,777.000,233.45,233.70,7500.000,7500.000,233.40,233.75,8449.000,4122.000,20000.000,25000.000,233.369,233.793,233.363,233.810,-0.050,0.039
2017-03-23 09:53:00,233.682,233.637,319.000,1154.000,233.60,233.70,2500.000,5000.000,233.55,233.75,550.000,160.000,233.55,233.75,7500.000,5000.000,233.50,233.80,5653.000,3758.000,17500.000,20000.000,233.493,233.805,233.457,233.831,-0.000,0.032
2017-03-23 09:54:00,233.661,233.614,155.000,582.000,233.60,233.70,2500.000,2500.000,233.55,233.70,550.000,260.000,233.55,233.75,7500.000,2500.000,233.50,233.75,5760.000,4758.000,17500.000,17500.000,233.489,233.820,233.457,233.814,0.025,0.021
2017-03-23 09:55:00,233.653,233.580,683.000,49.000,233.55,233.60,2500.000,5000.000,233.55,233.65,4809.000,1.000,233.50,233.65,2500.000,5000.000,233.50,233.70,11221.000,2546.000,15000.000,22500.000,233.436,233.763,233.433,233.733,-0.025,0.006
2017-03-23 09:56:00,233.520,233.514,4796.000,936.000,233.50,233.55,2500.000,5000.000,233.50,233.55,161.000,21.000,233.45,233.60,2500.000,5000.000,233.40,233.60,11450.000,9817.000,25000.000,27500.000,233.399,233.682,233.315,233.655,0.000,-0.007
2017-03-23 09:57:00,233.546,233.521,2932.000,2300.000,233.50,233.65,2500.000,2500.000,233.50,233.55,160.000,603.000,233.45,233.70,2500.000,5000.000,233.40,233.60,10066.000,13406.000,25000.000,22500.000,233.378,233.773,233.320,233.667,0.050,-0.019
2017-03-23 09:58:00,233.384,233.375,309.000,561.000,233.30,233.45,2500.000,5000.000,233.25,233.45,742.000,2697.000,233.25,233.50,7500.000,5000.000,233.20,233.50,8134.000,8956.000,25000.000,20000.000,233.142,233.569,233.125,233.544,0.025,-0.036
2017-03-23 09:59:00,233.337,233.344,64.000,2715.000,233.35,233.40,2500.000,2500.000,233.25,233.35,103.000,932.000,233.30,233.45,5000.000,2500.000,233.20,233.40,3507.000,8545.000,25000.000,15000.000,233.188,233.505,233.120,233.450,0.075,-0.016
2017-03-23 10:00:00,233.475,233.480,48.000,89.000,233.40,233.45,5000.000,7500.000,233.40,233.55,350.000,110.000,233.35,233.55,2500.000,2500.000,233.35,233.60,7392.000,5698.000,27500.000,30000.000,233.237,233.667,233.295,233.696,-0.050,-0.031
2017-03-23 10:01:00,233.422,233.476,483.000,830.000,233.30,233.45,2500.000,2500.000,233.35,233.50,1873.000,86.000,233.25,233.50,10000.000,2500.000,233.30,233.55,8569.000,5100.000,27500.000,15000.000,233.178,233.580,233.250,233.600,-0.050,-0.090
2017-03-23 10:02:00,233.492,233.529,226.000,1053.000,233.50,233.65,7500.000,2500.000,233.40,233.60,147.000,520.000,233.45,233.70,5000.000,5000.000,233.35,233.65,2927.000,7676.000,30000.000,17500.000,233.357,233.773,233.312,233.721,0.075,-0.155
2017-03-23 10:03:00,233.503,233.579,236.000,187.000,233.55,233.60,2500.000,5000.000,233.45,233.60,149.000,560.000,233.50,233.65,20000.000,5000.000,233.40,233.65,2705.000,5707.000,40000.000,20000.000,233.413,233.758,233.359,233.694,0.050,-0.201
2017-03-23 10:04:00,233.490,233.398,216.000,520.000,233.40,233.60,2500.000,2500.000,233.40,233.50,743.000,347.000,233.35,233.65,10000.000,7500.000,233.30,233.55,10099.000,10910.000,35000.000,30000.000,233.247,233.753,233.136,233.617,0.050,-0.249
2017-03-23 10:05:00,232.681,232.762,500.000,1941.000,232.65,232.70,2500.000,2500.000,232.85,232.90,476.000,100.000,232.60,232.75,5000.000,2500.000,232.80,232.95,5174.000,5658.000,15000.000,27500.000,232.525,232.801,232.725,233.041,-0.200,-0.219
2017-03-23 10:06:00,232.162,232.509,533.000,215.000,232.00,232.15,2500.000,5000.000,232.45,232.60,3000.000,475.000,231.90,232.20,17500.000,12500.000,232.40,232.65,13732.000,4840.000,35000.000,37500.000,231.820,232.280,232.311,232.707,-0.450,-0.236
2017-03-23 10:07:00,232.124,232.488,1216.000,1017.000,232.20,232.30,5000.000,2500.000,232.45,232.60,1210.000,893.000,232.15,232.35,20000.000,2500.000,232.40,232.65,3330.000,10497.000,35000.000,40000.000,232.130,232.454,232.379,232.722,-0.275,-0.246
2017-03-23 10:08:00,231.987,232.292,204.000,1021.000,232.00,232.15,5000.000,2500.000,232.15,232.30,2092.000,2586.000,231.90,232.20,7500.000,2500.000,232.10,232.35,5478.000,11716.000,30000.000,15000.000,231.823,232.253,232.058,232.450,-0.150,-0.234
2017-03-23 10:09:00,232.423,232.570,496.000,761.000,232.50,232.55,2500.000,2500.000,232.50,232.60,3.000,1508.000,232.45,232.60,10000.000,2500.000,232.45,232.65,2155.000,9891.000,22500.000,15000.000,232.362,232.685,232.417,232.700,-0.025,-0.259
2017-03-23 10:10:00,232.388,232.323,1105.000,550.000,232.20,232.40,2500.000,2500.000,232.25,232.40,1884.000,578.000,232.15,232.45,5000.000,5000.000,232.20,232.45,10177.000,5413.000,15000.000,17500.000,232.060,232.500,232.158,232.543,-0.025,-0.342
2017-03-23 10:11:00,231.024,231.456,56.000,865.000,230.95,231.00,2500.000,7500.000,231.35,231.60,1000.000,514.000,230.90,231.10,2500.000,5000.000,231.30,231.65,9054.000,5404.000,17500.000,25000.000,230.756,231.185,231.236,231.675,-0.500,-0.313
2017-03-23 10:12:00,230.951,231.367,29.000,3.000,231.00,231.05,2500.000,2500.000,231.30,231.45,1682.000,655.000,230.90,231.10,7500.000,5000.000,231.25,231.50,4690.000,6180.000,25000.000,27500.000,230.823,231.220,231.195,231.555,-0.350,-0.299
2017-03-23 10:13:00,231.319,231.559,1097.000,142.000,231.20,231.25,7500.000,7500.000,231.45,231.65,169.000,200.000,231.15,231.35,2500.000,12500.000,231.40,231.70,7733.000,3569.000,27500.000,27500.000,231.048,231.454,231.323,231.714,-0.325,-0.317
2017-03-23 10:14:00,231.347,231.623,458.000,60.000,231.15,231.35,7500.000,5000.000,231.55,231.70,773.000,793.000,231.10,231.40,12500.000,22500.000,231.50,231.75,11403.000,5536.000,30000.000,35000.000,230.995,231.478,231.479,231.771,-0.375,-0.305
2017-03-23 10:15:00,231.593,231.940,204.000,29.000,231.55,231.60,7500.000,2500.000,231.75,231.90,350.000,203.000,231.50,231.70,5000.000,2500.000,231.70,231.95,6004.000,5758.000,40000.000,12500.000,231.408,231.813,231.625,232.020,-0.250,-0.294
2017-03-23 10:16:00,231.440,231.727,137.000,325.000,231.50,231.55,2500.000,7500.000,231.60,231.75,342.000,25.000,231.45,231.60,7500.000,5000.000,231.55,231.80,3000.000,9976.000,30000.000,20000.000,231.368,231.682,231.500,231.825,-0.150,-0.314
2017-03-23 10:17:00,231.361,231.707,153.000,649.000,231.40,231.45,10000.000,7500.000,231.55,231.75,5.000,110.000,231.35,231.55,12500.000,5000.000,231.50,231.80,2406.000,7108.000,32500.000,20000.000,231.249,231.632,231.465,231.875,-0.225,-0.313
2017-03-23 10:18:00,231.195,231.523,636.000,572.000,231.10,231.25,2500.000,10000.000,231.40,231.55,1251.000,1066.000,231.05,231.30,2500.000,2500.000,231.35,231.60,12110.000,8581.000,17500.000,20000.000,230.992,231.384,231.293,231.656,-0.300,-0.307
2017-03-23 10:19:00,231.320,231.536,308.000,108.000,231.25,231.35,5000.000,5000.000,231.50,231.65,399.000,555.000,231.15,231.40,5000.000,7500.000,231.45,231.70,10915.000,8427.000,17500.000,27500.000,231.022,231.501,231.421,231.755,-0.275,-0.320
2017-03-23 10:20:00,231.498,231.791,207.000,1.000,231.40,231.50,2500.000,7500.000,231.65,231.85,289.000,130.000,231.35,231.55,7500.000,2500.000,231.60,231.90,3458.000,1883.000,22500.000,17500.000,231.266,231.653,231.544,231.921,-0.300,-0.313
2017-03-23 10:21:00,231.338,231.728,414.000,340.000,231.40,231.45,5000.000,5000.000,231.60,231.75,221.000,919.000,231.35,231.55,7500.000,5000.000,231.55,231.80,1567.000,6530.000,27500.000,17500.000,231.296,231.620,231.509,231.843,-0.250,-0.299
2017-03-23 10:22:00,231.469,231.807,2871.000,874.000,231.50,231.60,2500.000,5000.000,231.70,231.85,101.000,1134.000,231.45,231.65,5000.000,2500.000,231.65,231.90,4591.000,9237.000,20000.000,15000.000,231.441,231.725,231.600,231.933,-0.225,-0.269
2017-03-23 10:23:00,231.689,231.987,299.000,335.000,231.70,231.80,5000.000,2500.000,231.85,232.05,918.000,1330.000,231.60,231.85,5000.000,2500.000,231.80,232.10,8511.000,10433.000,20000.000,17500.000,231.506,231.948,231.756,232.300,-0.200,-0.270
2017-03-23 10:24:00,231.776,232.061,2055.000,767.000,231.70,231.85,2500.000,2500.000,231.95,232.10,160.000,859.000,231.65,231.90,5000.000,5000.000,231.90,232.15,8575.000,8999.000,20000.000,15000.000,231.559,231.980,231.850,232.208,-0.250,-0.295
2017-03-23 10:25:00,231.723,231.981,64.000,962.000,231.75,231.85,2500.000,5000.000,231.90,232.10,2899.000,702.000,231.70,231.90,5000.000,2500.000,231.85,232.15,4365.000,9347.000,17500.000,22500.000,231.657,231.979,231.800,232.200,-0.200,-0.300
2017-03-23 10:26:00,231.878,232.195,492.000,93.000,231.85,231.90,2500.000,5000.000,232.05,232.20,360.000,11.000,231.80,231.95,5000.000,5000.000,232.00,232.25,5584.000,4252.000,27500.000,22500.000,231.713,232.081,231.932,232.350,-0.250,-0.275
2017-03-23 10:27:00,231.864,232.053,686.000,26.000,231.85,231.90,5000.000,2500.000,231.95,232.10,250.000,748.000,231.80,231.95,7500.000,5000.000,231.90,232.15,4922.000,7202.000,25000.000,17500.000,231.717,232.001,231.870,232.207,-0.150,-0.286
2017-03-23 10:28:00,231.714,232.017,172.000,447.000,231.75,231.85,12500.000,2500.000,231.90,232.05,2412.000,431.000,231.70,231.90,7500.000,7500.000,231.85,232.10,3739.000,9128.000,35000.000,17500.000,231.671,231.974,231.832,232.136,-0.175,-0.277
2017-03-23 10:29:00,231.849,232.257,471.000,325.000,231.85,231.90,5000.000,2500.000,232.05,232.20,858.000,513.000,231.80,231.95,2500.000,5000.000,232.00,232.25,4521.000,5036.000,35000.000,20000.000,231.716,232.067,231.939,232.387,-0.250,-0.251
2017-03-23 10:30:00,231.956,232.237,1085.000,12.000,232.00,232.05,5000.000,2500.000,232.15,232.30,312.000,400.000,231.90,232.10,2500.000,5000.000,232.10,232.35,5761.000,7955.000,20000.000,17500.000,231.817,232.216,232.050,232.400,-0.200,-0.254
2017-03-23 10:31:00,232.110,232.303,196.000,1283.000,232.05,232.20,2500.000,2500.000,232.25,232.35,1488.000,4884.000,232.00,232.25,7500.000,2500.000,232.20,232.40,5593.000,9537.000,22500.000,20000.000,231.909,232.276,232.156,232.456,-0.175,-0.277
2017-03-23 10:32:00,232.111,232.358,137.000,2241.000,232.15,232.20,2500.000,2500.000,232.30,232.40,605.000,206.000,232.10,232.25,2500.000,7500.000,232.25,232.45,2549.000,9059.000,22500.000,22500.000,232.026,232.299,232.194,232.489,-0.175,-0.282
2017-03-23 10:33:00,232.127,232.382,990.000,488.000,232.15,232.20,10000.000,5000.000,232.30,232.45,1653.000,106.000,232.10,232.25,5000.000,7500.000,232.25,232.50,5141.000,7101.000,25000.000,22500.000,232.051,232.347,232.235,232.539,-0.200,-0.313
2017-03-23 10:34:00,232.116,232.397,553.000,1060.000,232.15,232.20,7500.000,5000.000,232.30,232.45,1530.000,594.000,232.10,232.25,2500.000,5000.000,232.25,232.50,4174.000,8644.000,25000.000,20000.000,232.042,232.327,232.220,232.544,-0.200,-0.326
2017-03-23 10:35:00,232.214,232.510,812.000,601.000,232.20,232.25,5000.000,2500.000,232.50,232.55,1782.000,816.000,232.15,232.30,7500.000,5000.000,232.40,232.60,8270.000,7320.000,27500.000,22500.000,232.084,232.408,232.350,232.661,-0.300,-0.321
2017-03-23 10:36:00,232.277,232.584,1807.000,484.000,232.25,232.30,20000.000,2500.000,232.50,232.65,958.000,5.000,232.20,232.35,2500.000,7500.000,232.45,232.70,6593.000,4492.000,37500.000,25000.000,232.144,232.463,232.440,232.755,-0.300,-0.327
2017-03-23 10:37:00,232.409,232.679,234.000,192.000,232.30,232.40,7500.000,10000.000,232.65,232.80,3028.000,129.000,232.25,232.50,2500.000,10000.000,232.60,232.85,8640.000,5189.000,20000.000,40000.000,232.177,232.610,232.575,232.884,-0.375,-0.313
2017-03-23 10:38:00,232.181,232.589,122.000,10.000,232.30,232.35,2500.000,2500.000,232.50,232.65,131.000,254.000,232.25,232.40,2500.000,7500.000,232.45,232.70,1136.000,8149.000,22500.000,22500.000,232.155,232.513,232.367,232.756,-0.250,-0.296
2017-03-23 10:39:00,232.175,232.524,80.000,185.000,232.20,232.30,2500.000,2500.000,232.45,232.60,161.000,187.000,232.15,232.35,2500.000,7500.000,232.40,232.65,4161.000,7921.000,22500.000,30000.000,232.033,232.478,232.333,232.733,-0.275,-0.290
2017-03-23 10:40:00,232.175,232.446,191.000,186.000,232.20,232.25,2500.000,2500.000,232.45,232.55,584.000,514.000,232.15,232.35,5000.000,5000.000,232.40,232.60,4165.000,9111.000,22500.000,37500.000,232.048,232.449,232.333,232.687,-0.275,-0.300
2017-03-23 10:41:00,232.247,232.587,211.000,670.000,232.20,232.25,5000.000,7500.000,232.45,232.65,308.000,201.000,232.15,232.35,10000.000,5000.000,232.40,232.70,4794.000,4878.000,27500.000,20000.000,232.043,232.450,232.364,232.719,-0.325,-0.266
2017-03-23 10:42:00,232.274,232.472,67.000,961.000,232.20,232.25,2500.000,2500.000,232.45,232.60,125.000,100.000,232.15,232.30,5000.000,10000.000,232.40,232.65,4769.000,3495.000,22500.000,40000.000,232.037,232.366,232.333,232.716,-0.300,-0.288
2017-03-23 10:43:00,232.053,232.376,188.000,844.000,232.10,232.15,2500.000,2500.000,232.35,232.50,26.000,161.000,232.05,232.20,5000.000,10000.000,232.30,232.55,2361.000,5865.000,20000.000,37500.000,231.986,232.282,232.256,232.590,-0.300,-0.274
2017-03-23 10:44:00,231.888,232.206,912.000,163.000,232.00,232.05,2500.000,2500.000,232.20,232.35,1.000,427.000,231.95,232.10,2500.000,7500.000,232.15,232.40,2012.000,9403.000,17500.000,42500.000,231.901,232.218,232.079,232.506,-0.250,-0.254
2017-03-23 10:45:00,232.020,232.343,323.000,135.000,232.10,232.15,5000.000,2500.000,232.30,232.45,1952.000,287.000,232.00,232.20,7500.000,5000.000,232.25,232.50,4438.000,8174.000,22500.000,27500.000,231.946,232.310,232.189,232.559,-0.250,-0.243
2017-03-23 10:46:00,232.302,232.470,256.000,1.000,232.20,232.30,2500.000,5000.000,232.50,232.65,1463.000,253.000,232.15,232.35,2500.000,5000.000,232.45,232.70,11851.000,7364.000,12500.000,42500.000,232.040,232.452,232.400,232.774,-0.325,-0.265
2017-03-23 10:47:00,232.652,232.959,991.000,116.000,232.55,232.65,2500.000,7500.000,232.90,233.05,756.000,1130.000,232.50,232.70,5000.000,2500.000,232.85,233.10,7155.000,3835.000,20000.000,20000.000,232.421,232.785,232.769,233.169,-0.375,-0.263
2017-03-23 10:48:00,232.532,232.785,3.000,2361.000,232.55,232.60,2500.000,7500.000,232.90,233.00,404.000,351.000,232.50,232.65,2500.000,5000.000,232.80,233.05,4205.000,9293.000,12500.000,37500.000,232.404,232.715,232.720,233.120,-0.375,-0.289
2017-03-23 10:49:00,232.572,232.790,790.000,553.000,232.45,232.50,2500.000,2500.000,232.80,232.95,34.000,96.000,232.40,232.55,5000.000,7500.000,232.75,233.00,10491.000,4144.000,20000.000,45000.000,232.286,232.611,232.694,233.072,-0.400,-0.326
2017-03-23 10:50:00,232.524,232.790,680.000,1954.000,232.40,232.60,2500.000,2500.000,232.80,232.95,469.000,1712.000,232.35,232.65,5000.000,7500.000,232.75,233.00,11057.000,10247.000,17500.000,42500.000,232.261,232.708,232.693,233.065,-0.375,-0.344
2017-03-23 10:51:00,232.574,232.855,33.000,12.000,232.45,232.50,2500.000,7500.000,232.85,233.00,656.000,105.000,232.40,232.55,5000.000,15000.000,232.80,233.05,12377.000,4443.000,22500.000,47500.000,232.283,232.635,232.744,233.105,-0.450,-0.380
2017-03-23 10:52:00,232.562,232.862,439.000,598.000,232.50,232.55,5000.000,5000.000,232.85,233.00,3201.000,2309.000,232.40,232.60,10000.000,5000.000,232.80,233.05,15215.000,8283.000,22500.000,40000.000,232.308,232.682,232.772,233.103,-0.400,-0.402
2017-03-23 10:53:00,232.615,232.998,36.000,2233.000,232.55,232.60,2500.000,12500.000,232.95,233.10,1329.000,223.000,232.50,232.65,7500.000,2500.000,232.90,233.15,11486.000,8852.000,22500.000,35000.000,232.395,232.716,232.861,233.186,-0.450,-0.404
2017-03-23 10:54:00,232.551,232.956,3703.000,1952.000,232.50,232.60,5000.000,7500.000,232.95,233.15,489.000,123.000,232.45,232.65,7500.000,12500.000,232.90,233.20,10553.000,8067.000,22500.000,45000.000,232.418,232.720,232.817,233.250,-0.500,-0.426
2017-03-23 10:55:00,232.544,232.896,3115.000,1413.000,232.50,232.60,2500.000,7500.000,233.00,233.05,2625.000,462.000,232.45,232.65,5000.000,5000.000,232.95,233.10,10974.000,8479.000,15000.000,42500.000,232.428,232.721,232.875,233.176,-0.475,-0.438
2017-03-23 10:56:00,232.561,233.023,19.000,1044.000,232.55,232.60,2500.000,2500.000,233.00,233.15,566.000,123.000,232.50,232.65,5000.000,2500.000,232.95,233.20,6895.000,7763.000,20000.000,35000.000,232.424,232.736,232.900,233.250,-0.500,-0.403
2017-03-23 10:57:00,232.579,232.990,2769.000,90.000,232.50,232.65,12500.000,12500.000,232.95,233.15,2956.000,1164.000,232.45,232.70,7500.000,5000.000,232.90,233.20,11482.000,8416.000,30000.000,47500.000,232.421,232.775,232.867,233.237,-0.475,-0.372
2017-03-23 10:58:00,232.611,233.003,544.000,1409.000,232.50,232.70,5000.000,7500.000,233.00,233.15,5736.000,3291.000,232.45,232.75,5000.000,5000.000,232.95,233.20,10172.000,8788.000,22500.000,50000.000,232.426,232.779,232.906,233.255,-0.475,-0.370
2017-03-23 10:59:00,232.593,233.105,2501.000,50.000,232.55,232.65,2500.000,5000.000,233.05,233.20,3274.000,2067.000,232.50,232.70,10000.000,25000.000,233.00,233.25,10340.000,7702.000,30000.000,40000.000,232.480,232.777,232.950,233.272,-0.525,-0.340
2017-03-23 11:00:00,232.688,233.102,285.000,1020.000,232.65,232.70,2500.000,2500.000,233.05,233.25,3203.000,65.000,232.55,232.75,7500.000,15000.000,233.00,233.30,9838.000,5839.000,22500.000,37500.000,232.498,232.816,232.950,233.333,-0.475,-0.335
2017-03-23 11:01:00,232.655,232.941,2.000,4.000,232.55,232.65,2500.000,7500.000,232.95,233.15,241.000,1707.000,232.50,232.70,5000.000,5000.000,232.90,233.20,10266.000,6445.000,17500.000,37500.000,232.393,232.786,232.821,233.270,-0.450,-0.348
2017-03-23 11:02:00,232.701,232.959,871.000,781.000,232.55,232.70,5000.000,5000.000,233.00,233.15,696.000,206.000,232.50,232.75,2500.000,5000.000,232.95,233.20,12005.000,5853.000,15000.000,42500.000,232.420,232.815,232.883,233.262,-0.450,-0.370
2017-03-23 11:03:00,232.627,233.006,60.000,2.000,232.55,232.65,2500.000,7500.000,233.00,233.15,482.000,1801.000,232.50,232.70,5000.000,7500.000,232.95,233.20,9547.000,6353.000,20000.000,42500.000,232.431,232.786,232.894,233.241,-0.475,-0.330
2017-03-23 11:04:00,232.558,232.924,1336.000,102.000,232.50,232.60,5000.000,10000.000,233.00,233.10,2909.000,27.000,232.45,232.65,2500.000,7500.000,232.95,233.15,11225.000,6834.000,17500.000,50000.000,232.415,232.750,232.886,233.213,-0.500,-0.326
2017-03-23 11:05:00,232.605,232.990,73.000,87.000,232.55,232.60,5000.000,7500.000,233.00,233.15,1886.000,1727.000,232.50,232.70,5000.000,5000.000,232.95,233.20,10681.000,9248.000,20000.000,42500.000,232.440,232.774,232.894,233.244,-0.500,-0.318
2017-03-23 11:06:00,232.726,233.080,39.000,1245.000,232.65,232.70,5000.000,5000.000,233.05,233.20,625.000,165.000,232.60,232.75,5000.000,10000.000,233.00,233.25,10257.000,6415.000,22500.000,40000.000,232.505,232.814,232.956,233.284,-0.450,-0.302
2017-03-23 11:07:00,232.703,233.068,1211.000,1110.000,232.60,232.70,2500.000,7500.000,233.05,233.20,2877.000,165.000,232.55,232.75,7500.000,10000.000,233.00,233.25,11856.000,5838.000,20000.000,42500.000,232.492,232.811,232.950,233.279,-0.475,-0.289
2017-03-23 11:08:00,232.788,232.966,685.000,1439.000,232.60,232.70,5000.000,2500.000,233.00,233.10,2501.000,2045.000,232.55,232.75,5000.000,10000.000,232.95,233.15,27531.000,8168.000,22500.000,47500.000,232.430,232.786,232.911,233.239,-0.400,-0.298
2017-03-23 11:09:00,232.695,233.043,1254.000,1037.000,232.60,232.70,5000.000,7500.000,233.05,233.15,2860.000,165.000,232.55,232.75,7500.000,12500.000,233.00,233.20,13212.000,6720.000,22500.000,47500.000,232.499,232.814,232.950,233.245,-0.450,-0.305
2017-03-23 11:10:00,232.671,233.014,647.000,440.000,232.60,232.65,2500.000,7500.000,233.00,233.15,1745.000,645.000,232.50,232.70,2500.000,5000.000,232.95,233.20,13669.000,5234.000,20000.000,42500.000,232.431,232.793,232.894,233.244,-0.450,-0.290
2017-03-23 11:11:00,232.650,232.928,149.000,254.000,232.60,232.65,2500.000,2500.000,232.95,233.10,1727.000,1245.000,232.50,232.70,2500.000,10000.000,232.90,233.15,11593.000,7732.000,15000.000,47500.000,232.400,232.777,232.842,233.218,-0.400,-0.319
2017-03-23 11:12:00,232.674,232.969,115.000,1313.000,232.60,232.70,5000.000,7500.000,232.95,233.15,1927.000,205.000,232.50,232.75,7500.000,15000.000,232.90,233.20,9379.000,6596.000,20000.000,45000.000,232.416,232.816,232.856,233.231,-0.400,-0.333
2017-03-23 11:13:00,232.730,232.954,130.000,1202.000,232.60,232.70,2500.000,2500.000,233.00,233.10,214.000,1822.000,232.55,232.75,5000.000,5000.000,232.95,233.15,10699.000,6009.000,17500.000,45000.000,232.447,232.789,232.879,233.225,-0.400,-0.363
2017-03-23 11:14:00,232.696,233.080,526.000,6080.000,232.60,232.70,2500.000,5000.000,233.05,233.20,2500.000,205.000,232.55,232.75,5000.000,20000.000,233.00,233.25,11786.000,8890.000,20000.000,42500.000,232.492,232.751,232.950,233.288,-0.475,-0.360
2017-03-23 11:15:00,232.714,232.980,22.000,5761.000,232.65,232.70,2500.000,2500.000,233.00,233.15,313.000,319.000,232.60,232.75,7500.000,5000.000,232.95,233.20,8132.000,9427.000,17500.000,40000.000,232.497,232.756,232.914,233.281,-0.400,-0.392
2017-03-23 11:16:00,232.681,233.106,2452.000,5986.000,232.60,232.70,2500.000,7500.000,233.10,233.20,403.000,205.000,232.55,232.75,2500.000,7500.000,233.05,233.25,12625.000,10029.000,20000.000,40000.000,232.507,232.760,232.975,233.291,-0.500,-0.397
2017-03-23 11:17:00,232.599,232.965,2571.000,203.000,232.55,232.65,2500.000,2500.000,233.00,233.10,4145.000,6340.000,232.50,232.70,5000.000,7500.000,232.95,233.15,13074.000,11861.000,17500.000,42500.000,232.469,232.746,232.900,233.232,-0.450,-0.422
2017-03-23 11:18:00,232.648,233.024,901.000,141.000,232.60,232.65,5000.000,2500.000,233.00,233.15,82.000,6001.000,232.55,232.70,5000.000,20000.000,232.95,233.20,11334.000,10168.000,22500.000,45000.000,232.468,232.752,232.911,233.233,-0.450,-0.443
2017-03-23 11:19:00,232.606,232.973,931.000,532.000,232.55,232.65,7500.000,10000.000,232.95,233.15,4244.000,6657.000,232.50,232.70,10000.000,15000.000,232.90,233.20,10998.000,11550.000,25000.000,45000.000,232.438,232.744,232.855,233.222,-0.450,-0.474
2017-03-23 11:20:00,232.587,233.015,672.000,8.000,232.55,232.60,2500.000,2500.000,233.00,233.15,4244.000,620.000,232.50,232.65,10000.000,17500.000,232.95,233.20,12661.000,9789.000,22500.000,45000.000,232.447,232.714,232.906,233.244,-0.500,-0.486
2017-03-23 11:21:00,232.639,233.088,189.000,379.000,232.60,232.65,5000.000,2500.000,233.05,233.20,335.000,6601.000,232.55,232.70,7500.000,27500.000,233.00,233.25,11194.000,10742.000,22500.000,40000.000,232.483,232.745,232.972,233.269,-0.500,-0.492
2017-03-23 11:22:00,232.626,233.113,212.000,64.000,232.60,232.65,2500.000,12500.000,233.05,233.20,5.000,6319.000,232.55,232.70,10000.000,22500.000,233.00,233.25,8058.000,9798.000,30000.000,45000.000,232.476,232.746,232.963,233.275,-0.500,-0.474
2017-03-23 11:23:00,232.642,233.125,216.000,1108.000,232.60,232.65,10000.000,2500.000,233.05,233.15,2500.000,6307.000,232.55,232.70,7500.000,12500.000,233.00,233.25,12598.000,12447.000,35000.000,35000.000,232.481,232.737,232.968,233.300,-0.475,-0.464
2017-03-23 11:24:00,232.626,233.145,239.000,421.000,232.60,232.65,2500.000,2500.000,233.10,233.20,2500.000,2249.000,232.55,232.70,5000.000,2500.000,233.05,233.25,9056.000,7452.000,27500.000,27500.000,232.506,232.767,233.000,233.309,-0.525,-0.436
2017-03-23 11:25:00,232.652,233.143,56.000,358.000,232.60,232.65,7500.000,2500.000,233.10,233.25,2634.000,1890.000,232.55,232.70,7500.000,12500.000,233.05,233.30,9262.000,4971.000,22500.000,30000.000,232.505,232.771,233.033,233.338,-0.550,-0.423
2017-03-23 11:26:00,232.636,233.115,484.000,641.000,232.60,232.65,5000.000,7500.000,233.05,233.25,5157.000,1740.000,232.50,232.70,5000.000,15000.000,233.00,233.30,10637.000,5571.000,22500.000,37500.000,232.463,232.767,232.967,233.323,-0.525,-0.403
2017-03-23 11:27:00,232.761,233.160,218.000,774.000,232.65,232.70,7500.000,2500.000,233.15,233.30,437.000,156.000,232.60,232.75,2500.000,7500.000,233.10,233.35,10322.000,2844.000,22500.000,42500.000,232.526,232.818,233.072,233.406,-0.550,-0.400
2017-03-23 11:28:00,232.728,233.160,267.000,50.000,232.65,232.70,5000.000,7500.000,233.15,233.35,434.000,278.000,232.60,232.80,7500.000,15000.000,233.10,233.40,6479.000,3671.000,20000.000,45000.000,232.529,232.921,233.056,233.456,-0.575,-0.389
2017-03-23 11:29:00,232.711,233.092,30.000,77.000,232.65,232.70,5000.000,2500.000,233.10,233.25,3033.000,1831.000,232.60,232.75,7500.000,7500.000,233.05,233.30,9354.000,4193.000,20000.000,45000.000,232.525,232.792,233.025,233.361,-0.500,-0.379
2017-03-23 11:30:00,232.737,233.162,2542.000,73.000,232.65,232.75,2500.000,7500.000,233.15,233.30,717.000,338.000,232.60,232.80,5000.000,17500.000,233.10,233.35,10396.000,4938.000,17500.000,47500.000,232.547,232.906,233.057,233.389,-0.525,-0.375
2017-03-23 11:31:00,232.740,233.121,147.000,226.000,232.65,232.75,2500.000,2500.000,233.10,233.25,696.000,1095.000,232.60,232.80,2500.000,10000.000,233.05,233.30,7170.000,5074.000,22500.000,42500.000,232.506,232.878,232.994,233.353,-0.475,-0.392
2017-03-23 11:32:00,232.746,233.129,528.000,5.000,232.65,232.70,2500.000,2500.000,233.15,233.25,600.000,1.000,232.60,232.75,2500.000,10000.000,233.10,233.30,8369.000,2871.000,15000.000,45000.000,232.523,232.840,233.042,233.347,-0.525,-0.403
2017-03-23 11:33:00,232.751,233.128,567.000,1.000,232.65,232.70,2500.000,2500.000,233.15,233.25,600.000,648.000,232.60,232.80,2500.000,5000.000,233.10,233.30,8535.000,4240.000,15000.000,42500.000,232.524,232.895,233.042,233.353,-0.525,-0.432
2017-03-23 11:34:00,232.768,233.100,11.000,87.000,232.70,232.75,2500.000,2500.000,233.10,233.25,625.000,899.000,232.65,232.80,2500.000,7500.000,233.05,233.30,6292.000,4849.000,15000.000,40000.000,232.525,232.886,233.000,233.344,-0.450,-0.461
2017-03-23 11:35:00,232.770,233.172,11.000,804.000,232.70,232.85,2500.000,5000.000,233.15,233.25,936.000,637.000,232.65,232.90,2500.000,5000.000,233.10,233.30,8010.000,10104.000,22500.000,40000.000,232.532,232.976,233.028,233.341,-0.425,-0.476
2017-03-23 11:36:00,232.650,233.119,103.000,180.000,232.75,232.80,2500.000,5000.000,233.10,233.25,12.000,967.000,232.70,232.85,2500.000,5000.000,233.05,233.30,1968.000,9890.000,22500.000,45000.000,232.615,232.956,232.994,233.361,-0.400,-0.466
2017-03-23 11:37:00,232.753,233.190,1.000,54.000,232.75,232.80,2500.000,2500.000,233.15,233.30,192.000,100.000,232.70,232.85,2500.000,5000.000,233.10,233.35,5139.000,6450.000,25000.000,40000.000,232.579,232.971,233.015,233.412,-0.450,-0.449
2017-03-23 11:38:00,232.794,233.317,269.000,491.000,232.75,232.85,2500.000,2500.000,233.25,233.40,773.000,1006.000,232.70,232.90,5000.000,5000.000,233.20,233.45,7904.000,7903.000,30000.000,30000.000,232.622,232.990,233.062,233.496,-0.525,-0.437
2017-03-23 11:39:00,232.854,233.330,2579.000,361.000,232.80,232.95,5000.000,12500.000,233.30,233.50,228.000,2758.000,232.75,233.00,5000.000,2500.000,233.25,233.55,8022.000,8842.000,22500.000,47500.000,232.708,233.067,233.206,233.589,-0.525,-0.436
2017-03-23 11:40:00,232.878,233.353,2761.000,23.000,232.80,232.85,5000.000,7500.000,233.30,233.50,307.000,60.000,232.75,232.95,5000.000,2500.000,233.25,233.55,9117.000,4259.000,27500.000,45000.000,232.706,233.036,233.145,233.600,-0.575,-0.419
2017-03-23 11:41:00,232.885,233.307,2937.000,60.000,232.80,232.95,5000.000,2500.000,233.30,233.45,519.000,2678.000,232.75,233.00,10000.000,5000.000,233.25,233.50,9288.000,6992.000,30000.000,42500.000,232.709,233.072,233.167,233.576,-0.500,-0.429
2017-03-23 11:42:00,232.644,232.996,1532.000,83.000,232.50,232.65,5000.000,2500.000,233.00,233.15,2853.000,803.000,232.40,232.70,2500.000,5000.000,232.95,233.20,13327.000,5690.000,22500.000,42500.000,232.324,232.779,232.900,233.288,-0.500,-0.466
2017-03-23 11:43:00,232.685,233.145,2.000,1467.000,232.60,232.70,2500.000,2500.000,233.05,233.20,2.000,2337.000,232.55,232.75,7500.000,17500.000,233.00,233.25,6767.000,6635.000,30000.000,40000.000,232.457,232.775,232.929,233.331,-0.475,-0.484
2017-03-23 11:44:00,232.730,233.204,2.000,694.000,232.65,232.70,2500.000,2500.000,233.15,233.30,2.000,406.000,232.60,232.75,10000.000,12500.000,233.10,233.35,6017.000,3460.000,27500.000,35000.000,232.508,232.816,233.055,233.421,-0.550,-0.494
2017-03-23 11:45:00,232.740,233.130,3.000,656.000,232.65,232.70,2500.000,2500.000,233.10,233.25,2.000,210.000,232.60,232.75,7500.000,5000.000,233.05,233.30,5453.000,3375.000,25000.000,37500.000,232.486,232.811,233.010,233.367,-0.500,-0.509
2017-03-23 11:46:00,232.733,233.204,521.000,1.000,232.60,232.65,2500.000,5000.000,233.15,233.30,2844.000,1.000,232.55,232.75,5000.000,5000.000,233.10,233.35,7617.000,1558.000,27500.000,40000.000,232.499,232.881,233.041,233.403,-0.600,-0.520
2017-03-23 11:47:00,232.646,233.181,504.000,396.000,232.65,232.80,2500.000,5000.000,233.15,233.30,163.000,613.000,232.60,232.85,5000.000,7500.000,233.10,233.35,6136.000,10524.000,25000.000,42500.000,232.523,232.968,233.045,233.424,-0.500,-0.517
2017-03-23 11:48:00,232.638,233.190,97.000,462.000,232.60,232.80,2500.000,2500.000,233.15,233.30,214.000,588.000,232.55,232.85,5000.000,7500.000,233.10,233.35,7001.000,10729.000,27500.000,37500.000,232.447,232.967,233.041,233.410,-0.525,-0.520
2017-03-23 11:49:00,232.659,233.183,3002.000,61.000,232.65,232.80,5000.000,2500.000,233.15,233.30,67.000,946.000,232.60,232.85,5000.000,2500.000,233.10,233.35,7835.000,10686.000,27500.000,37500.000,232.548,232.968,233.041,233.420,-0.500,-0.534
2017-03-23 11:50:00,232.471,232.938,2637.000,361.000,232.30,232.50,2500.000,2500.000,232.95,233.05,1906.000,924.000,232.25,232.55,5000.000,12500.000,232.85,233.10,9347.000,3966.000,27500.000,42500.000,232.214,232.601,232.800,233.156,-0.600,-0.545
2017-03-23 11:51:00,232.410,232.933,44.000,201.000,232.25,232.30,2500.000,5000.000,232.90,233.05,1744.000,316.000,232.20,232.45,2500.000,5000.000,232.85,233.10,11404.000,4847.000,22500.000,37500.000,232.116,232.526,232.794,233.143,-0.700,-0.530
2017-03-23 11:52:00,232.413,232.933,1358.000,5.000,232.20,232.35,5000.000,12500.000,232.85,233.00,2302.000,101.000,232.15,232.45,12500.000,2500.000,232.80,233.05,14064.000,4801.000,30000.000,30000.000,232.065,232.530,232.775,233.075,-0.650,-0.523
2017-03-23 11:53:00,232.457,233.022,3.000,453.000,232.40,232.50,5000.000,10000.000,232.95,233.15,2994.000,679.000,232.35,232.60,12500.000,15000.000,232.90,233.20,8509.000,8213.000,27500.000,45000.000,232.290,232.700,232.873,233.231,-0.600,-0.525
2017-03-23 11:54:00,232.475,233.068,515.000,106.000,232.40,232.50,5000.000,5000.000,233.00,233.15,1158.000,60.000,232.35,232.55,5000.000,15000.000,232.95,233.20,5954.000,3502.000,27500.000,42500.000,232.298,232.641,232.891,233.238,-0.625,-0.505
2017-03-23 11:55:00,232.264,232.788,51.000,1.000,232.20,232.25,5000.000,2500.000,232.75,232.90,62.000,62.000,232.15,232.30,5000.000,5000.000,232.70,232.95,6586.000,4541.000,30000.000,45000.000,232.039,232.399,232.637,233.017,-0.600,-0.492
2017-03-23 11:56:00,232.272,232.718,1167.000,61.000,232.15,232.25,5000.000,2500.000,232.70,232.85,881.000,797.000,232.10,232.30,10000.000,7500.000,232.65,232.90,12654.000,5162.000,30000.000,47500.000,232.028,232.374,232.608,232.984,-0.575,-0.540
2017-03-23 11:57:00,232.399,232.882,145.000,739.000,232.30,232.40,2500.000,2500.000,232.80,232.95,51.000,1287.000,232.25,232.45,2500.000,25000.000,232.75,233.00,8914.000,6145.000,30000.000,40000.000,232.094,232.499,232.658,233.044,-0.525,-0.566
2017-03-23 11:58:00,232.351,232.930,136.000,1.000,232.25,232.30,5000.000,7500.000,232.80,233.00,129.000,109.000,232.20,232.40,7500.000,22500.000,232.75,233.05,6518.000,4110.000,35000.000,47500.000,232.083,232.511,232.668,233.103,-0.625,-0.555
2017-03-23 11:59:00,232.291,232.782,562.000,1.000,232.15,232.20,2500.000,5000.000,232.75,232.90,945.000,561.000,232.10,232.35,7500.000,2500.000,232.70,232.95,9695.000,5158.000,30000.000,45000.000,231.996,232.456,232.633,233.025,-0.650,-0.559
2017-03-23 12:00:00,232.330,232.788,699.000,239.000,232.20,232.35,5000.000,2500.000,232.80,232.90,920.000,924.000,232.15,232.40,5000.000,2500.000,232.75,232.95,9836.000,6280.000,30000.000,45000.000,232.052,232.483,232.658,233.031,-0.575,-0.571
2017-03-23 12:01:00,232.301,232.989,4.000,103.000,232.35,232.40,2500.000,2500.000,232.85,233.00,60.000,100.000,232.25,232.45,5000.000,2500.000,232.80,233.05,3195.000,5708.000,35000.000,32500.000,232.164,232.532,232.689,233.138,-0.550,-0.534
2017-03-23 12:02:00,232.372,232.983,2.000,25.000,232.35,232.45,7500.000,5000.000,232.90,233.10,141.000,993.000,232.30,232.50,7500.000,2500.000,232.85,233.15,3070.000,4263.000,32500.000,35000.000,232.188,232.601,232.781,233.207,-0.600,-0.526
2017-03-23 12:03:00,232.498,233.025,3.000,796.000,232.40,232.50,2500.000,2500.000,233.00,233.15,56.000,160.000,232.35,232.55,2500.000,7500.000,232.95,233.20,5736.000,4564.000,22500.000,37500.000,232.217,232.634,232.878,233.260,-0.625,-0.549
2017-03-23 12:04:00,232.480,232.990,638.000,439.000,232.30,232.50,10000.000,5000.000,232.95,233.15,305.000,276.000,232.25,232.55,7500.000,5000.000,232.90,233.20,8173.000,4291.000,27500.000,37500.000,232.153,232.639,232.868,233.257,-0.650,-0.585
2017-03-23 12:05:00,232.457,232.976,738.000,462.000,232.20,232.40,7500.000,7500.000,232.85,233.05,811.000,1475.000,232.15,232.45,5000.000,5000.000,232.80,233.10,17204.000,4658.000,35000.000,32500.000,232.046,232.500,232.686,233.150,-0.650,-0.567
2017-03-23 12:06:00,232.386,232.889,491.000,908.000,232.25,232.40,5000.000,10000.000,232.85,233.05,113.000,1053.000,232.20,232.45,7500.000,5000.000,232.80,233.10,9601.000,6996.000,22500.000,45000.000,232.088,232.506,232.772,233.144,-0.625,-0.564
2017-03-23 12:07:00,232.368,232.936,50.000,448.000,232.30,232.40,2500.000,5000.000,232.90,233.05,173.000,741.000,232.25,232.45,7500.000,7500.000,232.85,233.10,5578.000,6224.000,27500.000,45000.000,232.125,232.518,232.809,233.164,-0.625,-0.569
2017-03-23 12:08:00,232.306,232.948,2.000,333.000,232.35,232.40,2500.000,2500.000,232.90,233.05,52.000,1096.000,232.30,232.45,7500.000,7500.000,232.85,233.10,1757.000,6755.000,25000.000,37500.000,232.171,232.515,232.805,233.150,-0.600,-0.564
2017-03-23 12:09:00,232.430,233.125,2.000,101.000,232.50,232.55,5000.000,7500.000,233.05,233.25,61.000,345.000,232.45,232.60,7500.000,15000.000,233.00,233.30,1580.000,4015.000,25000.000,35000.000,232.346,232.728,232.950,233.336,-0.625,-0.528
2017-03-23 12:10:00,232.557,232.981,459.000,485.000,232.40,232.50,2500.000,2500.000,233.00,233.10,466.000,551.000,232.35,232.55,5000.000,2500.000,232.95,233.15,8545.000,3206.000,22500.000,37500.000,232.242,232.614,232.894,233.237,-0.600,-0.551
2017-03-23 12:11:00,232.462,232.952,74.000,487.000,232.40,232.55,5000.000,2500.000,232.95,233.10,250.000,700.000,232.35,232.60,2500.000,2500.000,232.90,233.15,5889.000,6932.000,22500.000,37500.000,232.230,232.706,232.861,233.240,-0.550,-0.574
2017-03-23 12:12:00,232.401,232.996,4.000,695.000,232.50,232.55,5000.000,2500.000,233.00,233.10,3.000,767.000,232.45,232.60,5000.000,2500.000,232.95,233.15,1146.000,7165.000,25000.000,37500.000,232.322,232.701,232.900,233.240,-0.525,-0.566
2017-03-23 12:13:00,232.478,233.092,4.000,458.000,232.50,232.65,2500.000,5000.000,233.05,233.20,101.000,598.000,232.45,232.70,5000.000,7500.000,233.00,233.25,1889.000,6075.000,25000.000,40000.000,232.346,232.773,232.935,233.306,-0.550,-0.557
2017-03-23 12:14:00,232.590,233.107,193.000,573.000,232.45,232.65,5000.000,10000.000,233.05,233.25,471.000,259.000,232.40,232.70,10000.000,12500.000,233.00,233.30,7155.000,6162.000,25000.000,45000.000,232.276,232.783,232.965,233.336,-0.600,-0.575
2017-03-23 12:15:00,232.623,233.163,54.000,28.000,232.55,232.60,2500.000,5000.000,233.10,233.30,105.000,119.000,232.50,232.65,2500.000,15000.000,233.05,233.35,2781.000,1669.000,25000.000,40000.000,232.384,232.766,232.980,233.384,-0.625,-0.562
2017-03-23 12:16:00,232.605,233.207,461.000,166.000,232.55,232.75,5000.000,7500.000,233.15,233.35,204.000,304.000,232.50,232.80,5000.000,20000.000,233.10,233.40,3236.000,4732.000,25000.000,42500.000,232.407,232.892,233.055,233.432,-0.600,-0.567
2017-03-23 12:17:00,232.522,233.075,23.000,1.000,232.45,232.50,2500.000,2500.000,233.00,233.10,455.000,639.000,232.30,232.55,2500.000,2500.000,232.95,233.15,7913.000,3332.000,22500.000,17500.000,232.202,232.627,232.894,233.236,-0.575,-0.562
2017-03-23 12:18:00,232.535,233.105,688.000,108.000,232.40,232.55,2500.000,2500.000,233.05,233.20,3071.000,769.000,232.35,232.60,5000.000,12500.000,233.00,233.25,11505.000,5617.000,22500.000,32500.000,232.272,232.707,232.950,233.288,-0.650,-0.556
2017-03-23 12:19:00,232.370,232.977,2.000,928.000,232.50,232.55,2500.000,10000.000,232.95,233.15,86.000,833.000,232.45,232.60,5000.000,5000.000,232.90,233.20,378.000,7533.000,17500.000,37500.000,232.365,232.696,232.857,233.247,-0.525,-0.543
2017-03-23 12:20:00,232.605,233.081,3027.000,160.000,232.45,232.60,2500.000,2500.000,233.10,233.20,872.000,66.000,232.40,232.65,2500.000,2500.000,233.05,233.25,13269.000,5174.000,12500.000,32500.000,232.328,232.747,233.000,233.315,-0.625,-0.539
2017-03-23 12:21:00,232.484,233.115,1.000,368.000,232.50,232.65,7500.000,5000.000,233.05,233.25,2799.000,409.000,232.45,232.70,2500.000,20000.000,233.00,233.30,3330.000,7052.000,22500.000,37500.000,232.437,232.774,232.961,233.347,-0.575,-0.532
2017-03-23 12:22:00,232.628,233.155,2461.000,357.000,232.55,232.70,2500.000,10000.000,233.10,233.30,357.000,438.000,232.50,232.75,5000.000,10000.000,233.05,233.35,5356.000,4091.000,20000.000,32500.000,232.462,232.831,233.000,233.381,-0.575,-0.552
2017-03-23 12:23:00,232.638,233.179,1250.000,102.000,232.60,232.75,7500.000,10000.000,233.15,233.35,549.000,675.000,232.55,232.80,2500.000,17500.000,233.10,233.40,3787.000,4243.000,22500.000,47500.000,232.506,232.896,233.067,233.442,-0.575,-0.567
2017-03-23 12:24:00,232.637,233.179,1247.000,77.000,232.60,232.75,7500.000,10000.000,233.15,233.35,549.000,775.000,232.55,232.80,2500.000,17500.000,233.10,233.40,3785.000,4318.000,22500.000,47500.000,232.506,232.895,233.067,233.442,-0.575,-0.564
2017-03-23 12:25:00,232.643,233.096,888.000,1.000,232.60,232.65,2500.000,10000.000,233.10,233.30,647.000,315.000,232.55,232.75,5000.000,5000.000,233.05,233.35,3220.000,2428.000,15000.000,42500.000,232.508,232.837,232.992,233.394,-0.575,-0.584
2017-03-23 12:26:00,232.623,233.221,4.000,643.000,232.70,232.85,2500.000,5000.000,233.20,233.40,60.000,442.000,232.65,232.90,5000.000,12500.000,233.15,233.45,1661.000,10540.000,20000.000,40000.000,232.571,232.984,233.056,233.488,-0.525,-0.554
2017-03-23 12:27:00,232.724,233.348,358.000,705.000,232.70,232.90,2500.000,10000.000,233.30,233.45,646.000,1644.000,232.65,232.95,5000.000,17500.000,233.25,233.50,4160.000,10369.000,20000.000,40000.000,232.556,233.005,233.188,233.519,-0.575,-0.524
2017-03-23 12:28:00,232.675,233.294,550.000,310.000,232.70,232.90,5000.000,15000.000,233.25,233.45,788.000,560.000,232.65,232.95,2500.000,15000.000,233.20,233.50,2783.000,9240.000,17500.000,45000.000,232.614,233.019,233.136,233.539,-0.550,-0.497
2017-03-23 12:29:00,232.626,233.152,740.000,137.000,232.75,232.80,2500.000,7500.000,233.20,233.40,640.000,421.000,232.70,232.85,5000.000,5000.000,233.15,233.45,1656.000,7056.000,15000.000,40000.000,232.710,232.974,233.050,233.500,-0.525,-0.487
2017-03-23 12:30:00,232.646,233.197,1.000,71.000,232.75,232.80,2500.000,2500.000,233.25,233.40,157.000,649.000,232.70,232.90,2500.000,5000.000,233.20,233.45,952.000,8049.000,12500.000,37500.000,232.611,232.994,233.110,233.513,-0.550,-0.480
2017-03-23 12:31:00,232.654,233.102,10.000,536.000,232.65,232.70,5000.000,2500.000,233.15,233.30,1.000,1042.000,232.60,232.80,2500.000,5000.000,233.10,233.35,2344.000,4962.000,17500.000,40000.000,232.475,232.868,233.007,233.422,-0.550,-0.486
2017-03-23 12:32:00,232.659,233.133,26.000,509.000,232.65,232.70,5000.000,2500.000,233.15,233.30,41.000,738.000,232.60,232.80,2500.000,2500.000,233.10,233.35,2400.000,4631.000,17500.000,35000.000,232.480,232.870,233.007,233.404,-0.550,-0.499
2017-03-23 12:33:00,232.665,233.150,43.000,220.000,232.65,232.75,5000.000,5000.000,233.15,233.35,61.000,161.000,232.60,232.80,2500.000,15000.000,233.10,233.40,2778.000,4242.000,15000.000,40000.000,232.478,232.902,233.042,233.441,-0.550,-0.534
2017-03-23 12:34:00,232.629,233.107,519.000,52.000,232.55,232.65,2500.000,7500.000,233.10,233.30,1060.000,1092.000,232.50,232.80,5000.000,5000.000,233.05,233.35,4255.000,4740.000,15000.000,40000.000,232.432,232.874,233.000,233.397,-0.600,-0.577
2017-03-23 12:35:00,232.596,233.110,84.000,36.000,232.55,232.65,5000.000,5000.000,233.10,233.30,1098.000,214.000,232.50,232.75,2500.000,7500.000,233.05,233.35,3555.000,4568.000,15000.000,37500.000,232.416,232.837,233.008,233.397,-0.600,-0.613
2017-03-23 12:36:00,232.783,233.263,459.000,1.000,232.60,232.65,5000.000,7500.000,233.20,233.40,838.000,61.000,232.55,232.75,7500.000,12500.000,233.15,233.45,7882.000,1537.000,25000.000,40000.000,232.450,232.844,233.100,233.491,-0.675,-0.623
2017-03-23 12:37:00,232.659,233.196,55.000,61.000,232.70,232.75,7500.000,7500.000,233.15,233.35,5.000,1409.000,232.60,232.80,7500.000,5000.000,233.10,233.40,2893.000,4902.000,25000.000,40000.000,232.494,232.887,233.075,233.456,-0.525,-0.604
2017-03-23 12:38:00,232.629,233.292,27.000,531.000,232.70,232.80,2500.000,5000.000,233.25,233.40,679.000,69.000,232.60,232.85,5000.000,5000.000,233.20,233.45,4601.000,10132.000,25000.000,40000.000,232.492,232.974,233.150,233.519,-0.575,-0.607
2017-03-23 12:39:00,232.652,233.344,40.000,442.000,232.70,232.80,5000.000,5000.000,233.25,233.45,563.000,283.000,232.60,232.85,5000.000,22500.000,233.20,233.50,4648.000,8612.000,25000.000,37500.000,232.488,232.968,233.160,233.537,-0.600,-0.569
2017-03-23 12:40:00,232.756,233.450,2.000,36.000,232.85,232.90,5000.000,2500.000,233.35,233.55,2.000,125.000,232.80,232.95,2500.000,10000.000,233.30,233.60,1338.000,4894.000,20000.000,25000.000,232.634,233.030,233.250,233.650,-0.575,-0.558
2017-03-23 12:41:00,232.857,233.383,12.000,6.000,232.80,232.85,2500.000,5000.000,233.35,233.55,22.000,798.000,232.75,232.95,2500.000,12500.000,233.30,233.60,3998.000,5148.000,15000.000,37500.000,232.612,233.022,233.233,233.630,-0.625,-0.579
2017-03-23 12:42:00,232.834,233.278,71.000,36.000,232.70,232.75,5000.000,2500.000,233.25,233.45,602.000,27.000,232.65,232.80,5000.000,7500.000,233.20,233.50,5275.000,1532.000,25000.000,37500.000,232.526,232.926,233.140,233.583,-0.625,-0.614
2017-03-23 12:43:00,232.624,233.302,2.000,37.000,232.75,232.80,2500.000,5000.000,233.30,233.40,14.000,37.000,232.70,232.85,2500.000,2500.000,233.25,233.45,1521.000,9440.000,17500.000,35000.000,232.608,232.977,233.179,233.507,-0.575,-0.598
2017-03-23 12:44:00,232.688,233.190,415.000,2.000,232.60,232.70,5000.000,7500.000,233.15,233.35,510.000,522.000,232.55,232.80,7500.000,7500.000,233.10,233.40,5487.000,4615.000,22500.000,37500.000,232.451,232.907,233.067,233.457,-0.600,-0.626
2017-03-23 12:45:00,232.646,233.284,126.000,1971.000,232.70,232.80,2500.000,2500.000,233.25,233.40,822.000,282.000,232.60,232.85,7500.000,5000.000,233.20,233.45,5210.000,11939.000,20000.000,35000.000,232.501,232.946,233.156,233.504,-0.575,-0.642
2017-03-23 12:46:00,232.647,233.278,87.000,1949.000,232.70,232.80,5000.000,10000.000,233.25,233.40,1000.000,272.000,232.65,232.85,5000.000,5000.000,233.20,233.45,3878.000,11807.000,20000.000,42500.000,232.572,232.946,233.162,233.485,-0.575,-0.649
2017-03-23 12:47:00,232.656,233.278,210.000,660.000,232.70,232.80,5000.000,5000.000,233.25,233.40,1150.000,153.000,232.65,232.85,5000.000,2500.000,233.20,233.45,3977.000,9061.000,20000.000,37500.000,232.579,232.960,233.162,233.500,-0.575,-0.646
2017-03-23 12:48:00,232.752,233.350,215.000,305.000,232.70,232.80,2500.000,5000.000,233.30,233.45,160.000,93.000,232.65,232.85,2500.000,22500.000,233.25,233.50,6596.000,6529.000,17500.000,35000.000,232.525,232.974,233.186,233.518,-0.625,-0.650
2017-03-23 12:49:00,232.635,233.274,93.000,157.000,232.70,232.80,2500.000,2500.000,233.25,233.40,364.000,455.000,232.65,232.85,5000.000,2500.000,233.20,233.45,2647.000,7907.000,17500.000,35000.000,232.553,232.970,233.150,233.507,-0.575,-0.651
2017-03-23 12:50:00,232.642,233.364,17.000,110.000,232.75,232.80,7500.000,5000.000,233.30,233.50,91.000,93.000,232.70,232.85,2500.000,20000.000,233.25,233.55,1479.000,6379.000,20000.000,35000.000,232.596,232.981,233.213,233.586,-0.625,-0.592
2017-03-23 12:51:00,232.853,233.517,1016.000,606.000,232.80,232.95,5000.000,7500.000,233.50,233.55,1119.000,2487.000,232.75,233.00,5000.000,7500.000,233.45,233.60,7532.000,9142.000,25000.000,32500.000,232.692,233.066,233.410,233.627,-0.650,-0.541
2017-03-23 12:52:00,232.840,233.444,355.000,1485.000,232.80,232.95,5000.000,2500.000,233.45,233.55,340.000,4165.000,232.75,233.00,7500.000,7500.000,233.40,233.60,6539.000,11579.000,22500.000,40000.000,232.665,233.048,233.372,233.659,-0.625,-0.521
2017-03-23 12:53:00,232.848,233.469,75.000,1117.000,232.80,232.95,5000.000,7500.000,233.45,233.60,340.000,2801.000,232.75,233.00,7500.000,17500.000,233.40,233.65,6400.000,9784.000,20000.000,45000.000,232.656,233.063,233.375,233.672,-0.650,-0.495
2017-03-23 12:54:00,232.668,233.308,142.000,1.000,232.75,232.80,5000.000,5000.000,233.25,233.45,76.000,121.000,232.70,232.85,5000.000,15000.000,233.20,233.50,2355.000,6997.000,22500.000,40000.000,232.579,232.983,233.161,233.578,-0.575,-0.467
2017-03-23 12:55:00,232.702,233.132,942.000,26.000,232.65,232.70,2500.000,37500.000,233.15,233.25,327.000,401.000,232.60,232.80,2500.000,2500.000,233.10,233.30,7136.000,6045.000,15000.000,77500.000,232.498,232.926,233.042,233.332,-0.525,-0.482
2017-03-23 12:56:00,232.710,233.117,1643.000,5.000,232.60,232.70,5000.000,40000.000,233.10,233.25,423.000,62.000,232.55,232.75,7500.000,2500.000,233.05,233.30,5328.000,1767.000,30000.000,82500.000,232.500,232.859,232.983,233.344,-0.525,-0.502
2017-03-23 12:57:00,232.604,233.110,1267.000,71.000,232.60,232.70,2500.000,37500.000,233.10,233.25,174.000,160.000,232.55,232.80,15000.000,2500.000,233.05,233.30,4713.000,6256.000,30000.000,80000.000,232.490,232.929,233.004,233.345,-0.525,-0.501
2017-03-23 12:58:00,232.658,233.152,1847.000,54.000,232.60,232.70,2500.000,35000.000,233.15,233.25,631.000,60.000,232.55,232.80,7500.000,2500.000,233.10,233.30,7911.000,6076.000,27500.000,77500.000,232.495,232.933,233.055,233.340,-0.550,-0.498
2017-03-23 12:59:00,232.656,233.156,1991.000,25.000,232.60,232.70,2500.000,37500.000,233.15,233.25,615.000,460.000,232.55,232.80,2500.000,2500.000,233.10,233.30,8139.000,6489.000,25000.000,77500.000,232.497,232.925,233.040,233.337,-0.550,-0.484
2017-03-23 13:00:00,232.601,233.105,1910.000,802.000,232.60,232.80,2500.000,37500.000,233.10,233.25,160.000,519.000,232.55,232.85,7500.000,2500.000,233.05,233.30,7893.000,14854.000,20000.000,72500.000,232.489,232.963,233.000,233.324,-0.475,-0.479
2017-03-23 13:01:00,232.598,233.106,1191.000,727.000,232.60,232.80,2500.000,37500.000,233.10,233.25,414.000,1017.000,232.55,232.85,7500.000,2500.000,233.05,233.30,7478.000,15290.000,20000.000,70000.000,232.478,232.961,233.000,233.314,-0.475,-0.475
2017-03-23 13:02:00,232.642,233.142,573.000,268.000,232.65,232.80,2500.000,35000.000,233.15,233.25,1087.000,1244.000,232.60,232.85,5000.000,2500.000,233.10,233.30,7776.000,15228.000,22500.000,82500.000,232.502,232.964,233.050,233.359,-0.475,-0.461
2017-03-23 13:03:00,232.635,233.118,214.000,832.000,232.65,232.80,2500.000,37500.000,233.10,233.25,1087.000,1202.000,232.60,232.85,7500.000,2500.000,233.05,233.30,6939.000,15705.000,22500.000,70000.000,232.490,232.959,233.011,233.314,-0.450,-0.439
2017-03-23 13:04:00,232.599,233.026,1448.000,31.000,232.60,232.75,5000.000,7500.000,233.05,233.20,210.000,1297.000,232.55,232.80,2500.000,40000.000,233.00,233.25,4202.000,7367.000,20000.000,72500.000,232.503,232.892,232.925,233.281,-0.450,-0.440
2017-03-23 13:05:00,232.573,233.051,229.000,784.000,232.65,232.80,5000.000,37500.000,233.05,233.25,1194.000,1048.000,232.60,232.85,2500.000,2500.000,233.00,233.30,3588.000,15503.000,22500.000,72500.000,232.521,232.960,232.922,233.321,-0.425,-0.429
2017-03-23 13:06:00,232.571,233.060,130.000,1206.000,232.65,232.80,2500.000,2500.000,233.05,233.20,788.000,1041.000,232.60,232.85,2500.000,40000.000,233.00,233.25,2972.000,15589.000,20000.000,70000.000,232.509,232.950,232.931,233.295,-0.400,-0.418
2017-03-23 13:07:00,232.600,233.031,3.000,711.000,232.70,232.80,2500.000,2500.000,233.05,233.20,1.000,1189.000,232.65,232.85,2500.000,40000.000,233.00,233.25,2528.000,15581.000,17500.000,80000.000,232.566,232.955,232.936,233.322,-0.375,-0.418
2017-03-23 13:08:00,232.713,233.085,1.000,135.000,232.75,232.80,2500.000,37500.000,233.10,233.25,1.000,562.000,232.70,232.85,7500.000,2500.000,233.05,233.30,7209.000,12952.000,17500.000,75000.000,232.596,232.971,233.000,233.322,-0.400,-0.442
2017-03-23 13:09:00,232.679,233.109,1023.000,840.000,232.65,232.75,2500.000,37500.000,233.10,233.25,6096.000,64.000,232.60,232.80,7500.000,2500.000,233.05,233.30,9227.000,6613.000,17500.000,67500.000,232.584,232.912,233.014,233.300,-0.475,-0.458
2017-03-23 13:10:00,232.641,233.064,184.000,835.000,232.70,232.75,7500.000,37500.000,233.05,233.25,1192.000,141.000,232.65,232.80,5000.000,2500.000,233.00,233.30,3218.000,6738.000,22500.000,75000.000,232.597,232.910,232.978,233.322,-0.425,-0.482
2017-03-23 13:11:00,232.638,233.073,676.000,789.000,232.70,232.75,7500.000,37500.000,233.05,233.25,692.000,141.000,232.65,232.80,5000.000,2500.000,233.00,233.30,3211.000,6702.000,20000.000,67500.000,232.605,232.911,232.981,233.300,-0.425,-0.496
2017-03-23 13:12:00,232.638,233.070,72.000,154.000,232.75,232.80,10000.000,37500.000,233.05,233.25,674.000,641.000,232.70,232.85,5000.000,2500.000,233.00,233.30,2576.000,12222.000,25000.000,75000.000,232.633,232.971,232.980,233.322,-0.375,-0.508
2017-03-23 13:13:00,232.662,233.154,93.000,1011.000,232.70,232.85,2500.000,35000.000,233.15,233.25,619.000,175.000,232.65,232.90,5000.000,2500.000,233.10,233.30,3946.000,13974.000,27500.000,75000.000,232.575,232.977,233.032,233.325,-0.425,-0.527
2017-03-23 13:14:00,232.605,233.113,594.000,565.000,232.65,232.80,7500.000,2500.000,233.10,233.25,1116.000,895.000,232.60,232.85,10000.000,2500.000,233.05,233.30,3947.000,10159.000,32500.000,45000.000,232.538,232.964,233.012,233.389,-0.450,-0.540
2017-03-23 13:15:00,232.640,233.183,416.000,2.000,232.70,232.75,5000.000,5000.000,233.15,233.35,666.000,807.000,232.65,232.85,5000.000,2500.000,233.10,233.40,2800.000,6354.000,27500.000,40000.000,232.601,232.971,233.050,233.481,-0.525,-0.538
2017-03-23 13:16:00,232.732,233.238,323.000,523.000,232.75,232.90,2500.000,12500.000,233.20,233.40,50.000,1119.000,232.70,232.95,2500.000,10000.000,233.15,233.45,2831.000,8684.000,22500.000,52500.000,232.604,233.020,233.067,233.488,-0.475,-0.538
2017-03-23 13:17:00,232.806,233.297,63.000,161.000,232.80,232.90,5000.000,2500.000,233.30,233.45,324.000,1046.000,232.75,232.95,2500.000,25000.000,233.25,233.50,2003.000,4299.000,25000.000,55000.000,232.661,233.002,233.155,233.559,-0.525,-0.516
2017-03-23 13:18:00,232.568,233.154,1130.000,62.000,232.60,232.75,2500.000,2500.000,233.10,233.25,139.000,707.000,232.55,232.80,7500.000,12500.000,233.05,233.30,3113.000,5912.000,27500.000,30000.000,232.509,232.926,232.950,233.342,-0.500,-0.502
2017-03-23 13:19:00,232.541,233.117,463.000,739.000,232.60,232.80,2500.000,2500.000,233.10,233.30,495.000,132.000,232.55,232.85,10000.000,12500.000,233.05,233.35,2852.000,9650.000,32500.000,47500.000,232.491,232.968,232.962,233.418,-0.500,-0.507
2017-03-23 13:20:00,232.631,233.162,1142.000,3.000,232.60,232.75,2500.000,2500.000,233.15,233.30,495.000,678.000,232.55,232.80,2500.000,12500.000,233.10,233.35,3532.000,3727.000,25000.000,50000.000,232.512,232.916,233.030,233.417,-0.550,-0.510
2017-03-23 13:21:00,232.602,233.107,35.000,543.000,232.65,232.75,2500.000,2500.000,233.10,233.25,193.000,675.000,232.60,232.80,5000.000,5000.000,233.05,233.30,2331.000,6146.000,25000.000,47500.000,232.495,232.913,232.995,233.374,-0.475,-0.515
2017-03-23 13:22:00,232.763,233.143,296.000,1.000,232.65,232.70,2500.000,5000.000,233.15,233.30,206.000,5.000,232.60,232.75,2500.000,12500.000,233.10,233.35,2914.000,1025.000,20000.000,52500.000,232.497,232.843,233.037,233.410,-0.550,-0.552
2017-03-23 13:23:00,232.603,233.121,86.000,817.000,232.70,232.80,2500.000,2500.000,233.15,233.30,295.000,455.000,232.65,232.85,2500.000,5000.000,233.10,233.35,2104.000,11248.000,20000.000,52500.000,232.559,232.961,233.000,233.421,-0.475,-0.549
2017-03-23 13:24:00,232.637,233.236,32.000,685.000,232.70,232.80,2500.000,2500.000,233.20,233.35,295.000,375.000,232.65,232.85,2500.000,22500.000,233.15,233.40,2689.000,8521.000,25000.000,47500.000,232.560,232.959,233.065,233.445,-0.525,-0.534
2017-03-23 13:25:00,232.658,233.206,871.000,260.000,232.70,232.80,5000.000,12500.000,233.20,233.40,646.000,61.000,232.65,232.85,2500.000,17500.000,233.15,233.45,4116.000,7684.000,20000.000,60000.000,232.595,232.975,233.088,233.496,-0.550,-0.531
2017-03-23 13:26:00,232.697,233.223,4.000,390.000,232.80,232.90,5000.000,2500.000,233.20,233.40,138.000,1027.000,232.70,232.95,2500.000,27500.000,233.15,233.45,2454.000,11262.000,22500.000,60000.000,232.612,233.030,233.089,233.510,-0.450,-0.540
2017-03-23 13:27:00,232.644,233.213,370.000,138.000,232.70,232.85,5000.000,7500.000,233.15,233.35,185.000,791.000,232.65,232.90,2500.000,2500.000,233.10,233.40,3171.000,10826.000,30000.000,47500.000,232.570,233.005,233.042,233.442,-0.475,-0.559
2017-03-23 13:28:00,232.591,233.092,541.000,153.000,232.60,232.75,2500.000,20000.000,233.05,233.15,340.000,1301.000,232.55,232.80,10000.000,12500.000,233.00,233.25,4393.000,9651.000,27500.000,52500.000,232.477,232.887,232.945,233.262,-0.425,-0.556
2017-03-23 13:29:00,232.561,233.086,516.000,134.000,232.60,232.75,7500.000,12500.000,233.05,233.15,340.000,1345.000,232.55,232.80,10000.000,22500.000,233.00,233.25,3307.000,10643.000,30000.000,50000.000,232.483,232.884,232.946,233.257,-0.425,-0.554
2017-03-23 13:30:00,232.584,233.117,747.000,144.000,232.60,232.75,7500.000,22500.000,233.05,233.25,400.000,570.000,232.55,232.80,7500.000,2500.000,233.00,233.30,3503.000,6909.000,27500.000,40000.000,232.493,232.905,232.945,233.328,-0.475,-0.565
2017-03-23 13:31:00,232.595,233.167,471.000,120.000,232.65,232.75,2500.000,10000.000,233.15,233.30,865.000,1409.000,232.60,232.85,5000.000,15000.000,233.10,233.35,4025.000,11103.000,20000.000,45000.000,232.546,232.964,233.044,233.381,-0.525,-0.572
2017-03-23 13:32:00,232.632,233.295,1.000,1321.000,232.70,232.80,2500.000,5000.000,233.25,233.40,87.000,696.000,232.65,232.85,2500.000,7500.000,233.20,233.45,2197.000,9329.000,20000.000,35000.000,232.542,232.945,233.125,233.518,-0.575,-0.568
2017-03-23 13:33:00,232.747,233.236,815.000,339.000,232.65,232.75,2500.000,2500.000,233.20,233.30,209.000,699.000,232.60,232.80,5000.000,5000.000,233.15,233.35,6505.000,4498.000,25000.000,27500.000,232.491,232.887,233.075,233.436,-0.550,-0.585
2017-03-23 13:34:00,232.739,233.250,171.000,1232.000,232.65,232.75,2500.000,5000.000,233.20,233.35,109.000,60.000,232.60,232.80,2500.000,2500.000,233.15,233.40,5674.000,5017.000,17500.000,27500.000,232.470,232.878,233.071,233.464,-0.575,-0.606
2017-03-23 13:35:00,232.599,233.187,215.000,97.000,232.45,232.60,5000.000,7500.000,233.05,233.25,395.000,160.000,232.40,232.65,7500.000,12500.000,233.00,233.30,9165.000,5539.000,35000.000,32500.000,232.267,232.756,232.936,233.327,-0.625,-0.585
2017-03-23 13:36:00,232.558,233.169,22.000,116.000,232.45,232.55,10000.000,2500.000,233.10,233.20,962.000,33.000,232.40,232.60,5000.000,10000.000,233.05,233.25,8841.000,4996.000,40000.000,37500.000,232.280,232.728,232.972,233.320,-0.650,-0.584
2017-03-23 13:37:00,232.482,233.122,2.000,375.000,232.45,232.50,2500.000,2500.000,233.05,233.15,2937.000,122.000,232.40,232.55,7500.000,7500.000,233.00,233.20,5097.000,3878.000,32500.000,30000.000,232.341,232.636,232.919,233.250,-0.625,-0.577
2017-03-23 13:38:00,232.403,232.980,282.000,192.000,232.35,232.45,2500.000,7500.000,232.95,233.10,2976.000,60.000,232.30,232.50,2500.000,15000.000,232.90,233.15,5679.000,3818.000,20000.000,42500.000,232.253,232.612,232.844,233.182,-0.625,-0.591
2017-03-23 13:39:00,232.264,232.876,121.000,97.000,232.25,232.35,7500.000,5000.000,232.85,233.00,606.000,245.000,232.20,232.40,2500.000,10000.000,232.80,233.05,3973.000,5262.000,27500.000,40000.000,232.112,232.505,232.714,233.100,-0.625,-0.587
2017-03-23 13:40:00,232.211,232.698,51.000,454.000,232.15,232.20,2500.000,5000.000,232.75,232.80,100.000,2402.000,232.10,232.25,2500.000,5000.000,232.65,232.85,7474.000,5875.000,17500.000,35000.000,232.016,232.295,232.579,232.925,-0.600,-0.599
2017-03-23 13:41:00,232.042,232.645,252.000,167.000,232.05,232.10,2500.000,5000.000,232.60,232.75,3888.000,203.000,232.00,232.15,5000.000,5000.000,232.55,232.80,5032.000,4909.000,22500.000,30000.000,231.983,232.237,232.494,232.879,-0.600,-0.601
2017-03-23 13:42:00,232.057,232.663,3.000,128.000,232.05,232.10,5000.000,2500.000,232.60,232.75,4038.000,203.000,232.00,232.15,5000.000,5000.000,232.55,232.80,5972.000,5373.000,27500.000,30000.000,231.957,232.243,232.450,232.887,-0.600,-0.566
2017-03-23 13:43:00,232.028,232.675,139.000,130.000,232.05,232.10,2500.000,2500.000,232.60,232.70,3051.000,602.000,232.00,232.15,5000.000,5000.000,232.55,232.75,4082.000,5375.000,30000.000,25000.000,231.978,232.231,232.429,232.825,-0.575,-0.557
2017-03-23 13:44:00,231.933,232.523,2158.000,248.000,232.00,232.05,2500.000,2500.000,232.50,232.60,10.000,340.000,231.95,232.10,7500.000,5000.000,232.45,232.65,3686.000,6837.000,22500.000,32500.000,231.939,232.213,232.406,232.723,-0.525,-0.544
2017-03-23 13:45:00,231.905,232.452,277.000,202.000,232.00,232.05,7500.000,2500.000,232.45,232.60,10.000,833.000,231.95,232.10,5000.000,5000.000,232.40,232.65,1745.000,7185.000,20000.000,30000.000,231.877,232.210,232.356,232.700,-0.500,-0.548
2017-03-23 13:46:00,231.921,232.537,347.000,178.000,232.00,232.05,7500.000,2500.000,232.50,232.65,70.000,1.000,231.95,232.10,7500.000,10000.000,232.45,232.70,1835.000,4877.000,22500.000,27500.000,231.866,232.228,232.422,232.745,-0.550,-0.555
2017-03-23 13:47:00,232.291,232.718,214.000,158.000,232.15,232.25,5000.000,2500.000,232.70,232.85,148.000,136.000,232.10,232.30,5000.000,10000.000,232.65,232.90,6728.000,2455.000,25000.000,37500.000,232.007,232.390,232.570,232.967,-0.575,-0.592
2017-03-23 13:48:00,232.179,232.781,3.000,576.000,232.30,232.35,5000.000,2500.000,232.75,232.90,1.000,445.000,232.25,232.40,2500.000,10000.000,232.70,232.95,1471.000,7684.000,22500.000,37500.000,232.099,232.490,232.606,233.010,-0.500,-0.592
2017-03-23 13:49:00,232.107,232.635,250.000,453.000,232.15,232.30,5000.000,2500.000,232.70,232.85,250.000,1901.000,232.10,232.35,2500.000,7500.000,232.65,232.90,2818.000,9449.000,20000.000,40000.000,232.016,232.440,232.537,232.975,-0.550,-0.624
2017-03-23 13:50:00,232.065,232.629,1218.000,88.000,232.10,232.15,2500.000,2500.000,232.60,232.75,100.000,473.000,232.05,232.25,2500.000,5000.000,232.55,232.80,3219.000,5964.000,17500.000,25000.000,232.015,232.342,232.471,232.870,-0.550,-0.613
2017-03-23 13:51:00,232.011,232.665,124.000,601.000,232.00,232.20,2500.000,2500.000,232.55,232.70,214.000,2138.000,231.95,232.25,5000.000,10000.000,232.50,232.75,3910.000,9829.000,35000.000,30000.000,231.851,232.324,232.343,232.833,-0.525,-0.585
2017-03-23 13:52:00,232.033,232.644,2580.000,46.000,232.00,232.15,2500.000,2500.000,232.55,232.70,225.000,457.000,231.95,232.20,5000.000,7500.000,232.50,232.75,6375.000,7180.000,35000.000,27500.000,231.908,232.303,232.332,232.809,-0.550,-0.578
2017-03-23 13:53:00,231.998,232.600,698.000,1644.000,232.00,232.15,5000.000,5000.000,232.50,232.65,10.000,1069.000,231.95,232.20,5000.000,2500.000,232.45,232.70,3701.000,8918.000,42500.000,30000.000,231.874,232.267,232.282,232.783,-0.500,-0.603
2017-03-23 13:54:00,231.793,232.480,502.000,96.000,231.85,231.95,5000.000,2500.000,232.40,232.55,180.000,457.000,231.80,232.00,5000.000,5000.000,232.35,232.60,1770.000,4924.000,30000.000,27500.000,231.755,232.098,232.238,232.695,-0.575,-0.606
2017-03-23 13:55:00,231.990,232.500,914.000,276.000,231.90,232.00,5000.000,2500.000,232.45,232.60,774.000,60.000,231.85,232.05,5000.000,2500.000,232.40,232.65,6083.000,3820.000,25000.000,22500.000,231.763,232.145,232.320,232.750,-0.575,-0.630
2017-03-23 13:56:00,231.992,232.507,147.000,296.000,231.80,231.90,5000.000,10000.000,232.40,232.60,387.000,100.000,231.75,231.95,5000.000,5000.000,232.35,232.65,7340.000,1904.000,27500.000,30000.000,231.627,232.021,232.264,232.704,-0.650,-0.659
2017-03-23 13:57:00,231.865,232.442,187.000,96.000,231.70,231.75,2500.000,2500.000,232.40,232.50,306.000,456.000,231.65,231.90,2500.000,2500.000,232.35,232.55,14234.000,6311.000,25000.000,22500.000,231.544,231.999,232.245,232.656,-0.725,-0.670
2017-03-23 13:58:00,231.771,232.498,1919.000,25.000,231.75,231.80,5000.000,2500.000,232.40,232.55,1870.000,60.000,231.70,231.90,5000.000,10000.000,232.35,232.60,7576.000,7337.000,30000.000,25000.000,231.651,231.999,232.250,232.645,-0.700,-0.657
2017-03-23 13:59:00,231.783,232.486,1865.000,102.000,231.75,231.80,2500.000,5000.000,232.45,232.55,368.000,206.000,231.70,231.90,7500.000,7500.000,232.40,232.60,6859.000,5679.000,22500.000,30000.000,231.644,232.009,232.344,232.642,-0.725,-0.663
2017-03-23 14:00:00,232.033,232.661,569.000,135.000,232.00,232.10,2500.000,2500.000,232.60,232.75,212.000,851.000,231.90,232.15,5000.000,2500.000,232.55,232.80,5949.000,5976.000,22500.000,25000.000,231.805,232.234,232.506,232.925,-0.625,-0.692
2017-03-23 14:01:00,232.133,232.795,11.000,27.000,232.15,232.20,2500.000,2500.000,232.75,232.85,201.000,98.000,232.10,232.25,5000.000,2500.000,232.70,232.90,3064.000,5603.000,30000.000,25000.000,231.972,232.351,232.621,232.990,-0.625,-0.705
2017-03-23 14:02:00,231.998,232.629,112.000,118.000,232.00,232.10,7500.000,5000.000,232.60,232.80,76.000,146.000,231.95,232.15,2500.000,2500.000,232.55,232.85,1967.000,3431.000,20000.000,27500.000,231.834,232.255,232.506,232.941,-0.650,-0.727
2017-03-23 14:03:00,232.077,232.738,273.000,127.000,232.05,232.10,2500.000,2500.000,232.70,232.80,522.000,60.000,232.00,232.15,5000.000,2500.000,232.65,232.85,4181.000,4062.000,22500.000,17500.000,231.903,232.249,232.567,232.929,-0.675,-0.747
2017-03-23 14:04:00,232.044,232.776,56.000,96.000,232.10,232.20,2500.000,2500.000,232.75,232.90,62.000,200.000,232.05,232.25,7500.000,2500.000,232.70,232.95,2156.000,7214.000,22500.000,30000.000,231.954,232.346,232.644,233.029,-0.675,-0.746
2017-03-23 14:05:00,231.884,232.659,391.000,1077.000,231.80,232.05,2500.000,2500.000,232.55,232.75,821.000,305.000,231.75,232.10,7500.000,5000.000,232.50,232.80,5172.000,6792.000,22500.000,20000.000,231.668,232.192,232.439,232.850,-0.725,-0.734
2017-03-23 14:06:00,231.892,232.618,2.000,100.000,231.85,231.95,2500.000,2500.000,232.55,232.70,438.000,1152.000,231.80,232.00,5000.000,5000.000,232.50,232.75,3466.000,4017.000,20000.000,22500.000,231.704,232.084,232.444,232.844,-0.725,-0.744
2017-03-23 14:07:00,231.800,232.542,600.000,98.000,231.75,231.80,2500.000,2500.000,232.45,232.65,272.000,50.000,231.70,231.85,5000.000,2500.000,232.40,232.70,5009.000,3080.000,25000.000,25000.000,231.614,231.971,232.345,232.800,-0.775,-0.744
2017-03-23 14:08:00,231.728,232.486,442.000,146.000,231.65,231.80,5000.000,5000.000,232.40,232.60,1792.000,881.000,231.60,231.85,7500.000,2500.000,232.35,232.65,6746.000,5960.000,30000.000,40000.000,231.522,231.950,232.292,232.787,-0.775,-0.756
2017-03-23 14:09:00,231.749,232.475,3.000,598.000,231.70,231.80,2500.000,2500.000,232.45,232.60,67.000,632.000,231.65,231.85,5000.000,2500.000,232.40,232.65,7679.000,7119.000,27500.000,37500.000,231.566,231.950,232.341,232.747,-0.775,-0.770
2017-03-23 14:10:00,231.743,232.458,423.000,179.000,231.70,231.80,2500.000,2500.000,232.45,232.60,87.000,221.000,231.65,231.85,5000.000,2500.000,232.40,232.65,6025.000,5813.000,25000.000,37500.000,231.555,231.967,232.345,232.757,-0.775,-0.783
2017-03-23 14:11:00,231.744,232.523,119.000,207.000,231.65,231.70,5000.000,5000.000,232.40,232.55,979.000,60.000,231.60,231.75,7500.000,2500.000,232.35,232.60,6386.000,2752.000,37500.000,22500.000,231.505,231.840,232.293,232.650,-0.800,-0.798
2017-03-23 14:12:00,231.760,232.500,92.000,234.000,231.65,231.70,2500.000,2500.000,232.50,232.60,3174.000,356.000,231.60,231.80,2500.000,2500.000,232.45,232.65,10730.000,4216.000,27500.000,40000.000,231.536,231.901,232.373,232.756,-0.875,-0.807
2017-03-23 14:13:00,231.741,232.559,3486.000,96.000,231.60,231.80,10000.000,2500.000,232.50,232.65,918.000,221.000,231.55,231.85,12500.000,7500.000,232.45,232.70,12108.000,6350.000,42500.000,40000.000,231.497,231.969,232.424,232.769,-0.875,-0.816
2017-03-23 14:14:00,231.730,232.527,1631.000,517.000,231.60,231.80,5000.000,2500.000,232.50,232.65,868.000,221.000,231.55,231.85,15000.000,7500.000,232.45,232.70,10494.000,6910.000,35000.000,40000.000,231.480,231.958,232.411,232.769,-0.875,-0.817
2017-03-23 14:15:00,231.757,232.538,1795.000,172.000,231.65,231.75,5000.000,5000.000,232.50,232.65,1786.000,1.000,231.60,231.80,12500.000,7500.000,232.45,232.70,8497.000,2967.000,32500.000,42500.000,231.543,231.929,232.415,232.762,-0.875,-0.808
2017-03-23 14:16:00,231.863,232.719,2.000,404.000,231.80,231.95,2500.000,22500.000,232.65,232.80,911.000,2093.000,231.75,232.00,5000.000,5000.000,232.60,232.85,5120.000,6890.000,32500.000,57500.000,231.662,232.055,232.535,232.937,-0.850,-0.790
2017-03-23 14:17:00,231.928,232.709,1000.000,82.000,231.75,231.90,7500.000,5000.000,232.65,232.85,2049.000,215.000,231.70,231.95,12500.000,22500.000,232.60,232.90,10866.000,3263.000,40000.000,55000.000,231.623,232.052,232.562,232.957,-0.925,-0.783
2017-03-23 14:18:00,231.808,232.671,306.000,837.000,231.80,231.90,5000.000,2500.000,232.60,232.75,103.000,3460.000,231.75,231.95,17500.000,5000.000,232.55,232.80,3994.000,9715.000,42500.000,35000.000,231.651,231.992,232.515,232.879,-0.825,-0.767
2017-03-23 14:19:00,231.831,232.637,91.000,4122.000,231.85,231.90,10000.000,2500.000,232.60,232.70,2.000,614.000,231.80,231.95,12500.000,2500.000,232.55,232.75,2141.000,9816.000,42500.000,32500.000,231.687,231.969,232.518,232.854,-0.775,-0.769
2017-03-23 14:20:00,231.994,232.729,27.000,97.000,232.00,232.05,7500.000,2500.000,232.70,232.85,500.000,925.000,231.85,232.10,10000.000,5000.000,232.65,232.90,5610.000,5053.000,30000.000,35000.000,231.746,232.192,232.625,232.989,-0.750,-0.793
2017-03-23 14:21:00,232.028,232.794,690.000,97.000,232.05,232.10,5000.000,2500.000,232.75,232.90,217.000,1250.000,232.00,232.20,7500.000,5000.000,232.70,232.95,2750.000,6379.000,30000.000,35000.000,231.936,232.268,232.658,233.025,-0.750,-0.811
2017-03-23 14:22:00,232.138,232.882,38.000,177.000,232.15,232.20,10000.000,2500.000,232.80,232.95,215.000,2072.000,232.10,232.25,7500.000,2500.000,232.75,233.00,2649.000,5912.000,32500.000,22500.000,231.985,232.314,232.727,233.089,-0.700,-0.813
2017-03-23 14:23:00,232.084,232.868,213.000,162.000,232.05,232.10,2500.000,2500.000,232.80,232.90,716.000,2.000,232.00,232.15,5000.000,5000.000,232.75,232.95,4455.000,3561.000,27500.000,20000.000,231.919,232.251,232.695,233.019,-0.775,-0.812
2017-03-23 14:24:00,232.074,232.887,311.000,173.000,232.05,232.10,2500.000,5000.000,232.80,232.95,423.000,3.000,232.00,232.15,7500.000,5000.000,232.75,233.00,2871.000,2840.000,27500.000,30000.000,231.901,232.252,232.705,233.100,-0.800,-0.803
2017-03-23 14:25:00,232.096,232.950,1.000,689.000,232.15,232.30,2500.000,5000.000,232.85,233.00,433.000,2406.000,232.10,232.35,12500.000,2500.000,232.80,233.05,3433.000,12478.000,32500.000,22500.000,232.031,232.443,232.762,233.100,-0.700,-0.797
2017-03-23 14:26:00,232.474,233.332,7.000,670.000,232.50,232.65,12500.000,2500.000,233.25,233.40,509.000,495.000,232.45,232.70,7500.000,5000.000,233.20,233.45,3034.000,8539.000,32500.000,22500.000,232.360,232.788,233.173,233.528,-0.750,-0.802
2017-03-23 14:27:00,232.879,233.635,397.000,4059.000,232.90,233.00,2500.000,5000.000,233.60,233.75,1300.000,561.000,232.85,233.05,7500.000,2500.000,233.55,233.80,3511.000,10550.000,20000.000,30000.000,232.799,233.094,233.512,233.942,-0.725,-0.815
2017-03-23 14:28:00,232.881,233.659,811.000,92.000,232.90,232.95,2500.000,2500.000,233.65,233.75,61.000,3980.000,232.85,233.00,2500.000,2500.000,233.60,233.80,3682.000,7437.000,22500.000,32500.000,232.791,233.056,233.528,233.915,-0.775,-0.822
2017-03-23 14:29:00,233.036,233.804,202.000,1096.000,232.95,233.00,2500.000,7500.000,233.80,233.90,1307.000,55.000,232.90,233.05,7500.000,7500.000,233.75,233.95,8949.000,4313.000,20000.000,40000.000,232.816,233.117,233.713,233.994,-0.875,-0.840
2017-03-23 14:30:00,232.730,233.554,252.000,556.000,232.80,232.90,2500.000,7500.000,233.50,233.70,66.000,401.000,232.70,232.95,7500.000,5000.000,233.45,233.75,2659.000,9117.000,25000.000,45000.000,232.595,233.019,233.370,233.906,-0.750,-0.843
2017-03-23 14:31:00,232.592,233.476,27.000,171.000,232.65,232.70,2500.000,5000.000,233.40,233.60,259.000,160.000,232.60,232.80,5000.000,5000.000,233.35,233.65,1277.000,3574.000,22500.000,35000.000,232.506,232.913,233.283,233.854,-0.825,-0.836
2017-03-23 14:32:00,232.594,233.418,902.000,75.000,232.55,232.60,2500.000,5000.000,233.40,233.50,784.000,60.000,232.50,232.65,2500.000,5000.000,233.35,233.55,7617.000,3715.000,12500.000,22500.000,232.456,232.760,233.300,233.594,-0.875,-0.831
2017-03-23 14:33:00,232.758,233.570,989.000,385.000,232.70,232.75,2500.000,5000.000,233.50,233.65,2397.000,63.000,232.65,232.80,7500.000,5000.000,233.45,233.70,9486.000,4896.000,25000.000,25000.000,232.588,232.893,233.375,233.770,-0.850,-0.826
2017-03-23 14:34:00,232.778,233.635,2.000,632.000,232.80,232.85,2500.000,5000.000,233.60,233.70,3253.000,366.000,232.75,232.90,2500.000,7500.000,233.55,233.75,7185.000,11184.000,20000.000,30000.000,232.691,232.988,233.494,233.808,-0.825,-0.812
2017-03-23 14:35:00,232.717,233.553,1879.000,1489.000,232.65,232.75,5000.000,5000.000,233.50,233.60,260.000,144.000,232.60,232.80,5000.000,5000.000,233.45,233.65,9538.000,6467.000,22500.000,22500.000,232.544,232.889,233.378,233.717,-0.850,-0.808
2017-03-23 14:36:00,232.609,233.460,2.000,467.000,232.60,232.70,5000.000,2500.000,233.40,233.55,1781.000,1100.000,232.55,232.75,2500.000,2500.000,233.35,233.60,3242.000,5241.000,17500.000,20000.000,232.497,232.811,233.300,233.738,-0.825,-0.822
2017-03-23 14:37:00,232.558,233.355,418.000,966.000,232.55,232.70,2500.000,2500.000,233.35,233.50,1534.000,4841.000,232.50,232.75,2500.000,2500.000,233.30,233.55,3281.000,8713.000,20000.000,32500.000,232.475,232.774,233.225,233.704,-0.800,-0.841
2017-03-23 14:38:00,232.720,233.507,675.000,598.000,232.60,232.70,2500.000,2500.000,233.50,233.60,3297.000,1250.000,232.55,232.75,2500.000,2500.000,233.45,233.65,9387.000,3724.000,20000.000,30000.000,232.493,232.800,233.375,233.738,-0.900,-0.856
2017-03-23 14:39:00,232.720,233.507,1301.000,138.000,232.65,232.70,2500.000,2500.000,233.50,233.65,2445.000,421.000,232.60,232.80,12500.000,7500.000,233.45,233.70,7696.000,4666.000,32500.000,37500.000,232.542,232.892,233.354,233.817,-0.900,-0.878
2017-03-23 14:40:00,232.473,233.288,52.000,499.000,232.45,232.50,7500.000,2500.000,233.15,233.35,35.000,535.000,232.40,232.55,2500.000,5000.000,233.10,233.40,2656.000,3240.000,30000.000,22500.000,232.318,232.607,233.050,233.506,-0.775,-0.909
2017-03-23 14:41:00,232.421,233.343,62.000,29.000,232.50,232.55,5000.000,2500.000,233.30,233.45,2587.000,60.000,232.45,232.60,7500.000,5000.000,233.25,233.50,2910.000,5303.000,27500.000,30000.000,232.442,232.732,233.214,233.608,-0.850,-0.885
2017-03-23 14:42:00,232.479,233.372,249.000,114.000,232.40,232.45,2500.000,2500.000,233.25,233.40,1518.000,1875.000,232.30,232.55,2500.000,5000.000,233.20,233.45,6948.000,4444.000,32500.000,25000.000,232.220,232.607,233.015,233.525,-0.900,-0.878
2017-03-23 14:43:00,232.529,233.392,490.000,993.000,232.45,232.55,2500.000,2500.000,233.35,233.45,1532.000,156.000,232.40,232.60,2500.000,5000.000,233.30,233.50,8572.000,6235.000,15000.000,17500.000,232.303,232.702,233.242,233.550,-0.900,-0.876
2017-03-23 14:44:00,232.370,233.267,2.000,180.000,232.35,232.40,2500.000,5000.000,233.20,233.35,412.000,532.000,232.30,232.50,2500.000,5000.000,233.15,233.40,3478.000,5238.000,20000.000,25000.000,232.190,232.587,233.100,233.440,-0.900,-0.866
2017-03-23 14:45:00,232.321,233.292,63.000,319.000,232.30,232.40,2500.000,5000.000,233.15,233.30,65.000,855.000,232.25,232.45,7500.000,7500.000,233.10,233.35,4301.000,6390.000,35000.000,25000.000,232.176,232.515,233.032,233.410,-0.875,-0.849
2017-03-23 14:46:00,232.587,233.386,287.000,198.000,232.50,232.55,2500.000,2500.000,233.40,233.45,2509.000,569.000,232.45,232.65,7500.000,5000.000,233.35,233.50,10396.000,7471.000,25000.000,30000.000,232.355,232.730,233.240,233.617,-0.900,-0.866
2017-03-23 14:47:00,232.530,233.390,282.000,1016.000,232.50,232.55,2500.000,5000.000,233.30,233.45,8.000,1161.000,232.45,232.60,5000.000,5000.000,233.25,233.50,7945.000,5991.000,17500.000,20000.000,232.260,232.673,233.207,233.569,-0.850,-0.862
2017-03-23 14:48:00,232.436,233.289,502.000,103.000,232.35,232.40,2500.000,5000.000,233.25,233.35,2832.000,60.000,232.30,232.50,5000.000,7500.000,233.20,233.40,7535.000,3761.000,15000.000,20000.000,232.233,232.618,233.158,233.425,-0.925,-0.855
2017-03-23 14:49:00,232.413,233.262,139.000,193.000,232.35,232.40,2500.000,7500.000,233.15,233.30,2203.000,1777.000,232.30,232.50,12500.000,7500.000,233.10,233.35,6166.000,5303.000,35000.000,30000.000,232.229,232.568,233.029,233.412,-0.850,-0.842
2017-03-23 14:50:00,232.343,233.227,2619.000,541.000,232.30,232.40,2500.000,7500.000,233.10,233.25,1259.000,1150.000,232.25,232.45,5000.000,5000.000,233.05,233.30,6309.000,5457.000,30000.000,25000.000,232.232,232.502,232.988,233.355,-0.825,-0.829
2017-03-23 14:51:00,232.289,233.175,511.000,101.000,232.30,232.35,5000.000,7500.000,233.10,233.25,3047.000,552.000,232.25,232.40,7500.000,5000.000,233.05,233.30,5429.000,5309.000,25000.000,25000.000,232.222,232.503,233.015,233.335,-0.850,-0.830
2017-03-23 14:52:00,232.210,233.050,2.000,147.000,232.20,232.30,10000.000,5000.000,232.95,233.15,3167.000,163.000,232.15,232.35,7500.000,7500.000,232.90,233.20,5534.000,6335.000,30000.000,27500.000,232.099,232.458,232.879,233.245,-0.800,-0.832
2017-03-23 14:53:00,232.384,233.200,449.000,80.000,232.30,232.40,2500.000,5000.000,233.10,233.30,2481.000,350.000,232.25,232.45,10000.000,10000.000,233.05,233.35,4417.000,1794.000,22500.000,25000.000,232.224,232.541,233.017,233.385,-0.850,-0.831
2017-03-23 14:54:00,232.253,233.038,369.000,326.000,232.30,232.35,2500.000,2500.000,233.00,233.15,449.000,1313.000,232.20,232.40,2500.000,7500.000,232.95,233.20,3913.000,5976.000,17500.000,25000.000,232.157,232.477,232.893,233.250,-0.750,-0.836
2017-03-23 14:55:00,232.166,232.986,838.000,97.000,232.05,232.10,2500.000,5000.000,232.85,233.05,3876.000,51.000,232.00,232.25,7500.000,2500.000,232.80,233.10,7037.000,2880.000,30000.000,22500.000,231.957,232.362,232.738,233.150,-0.875,-0.856
2017-03-23 14:56:00,231.708,232.597,60.000,50.000,231.55,231.70,5000.000,5000.000,232.50,232.65,2230.000,356.000,231.50,231.75,5000.000,5000.000,232.45,232.70,7235.000,2828.000,25000.000,20000.000,231.430,231.826,232.395,232.731,-0.950,-0.845
2017-03-23 14:57:00,231.736,232.587,1.000,853.000,231.80,231.85,15000.000,2500.000,232.50,232.70,2.000,656.000,231.75,231.90,5000.000,5000.000,232.45,232.75,2695.000,7188.000,27500.000,20000.000,231.592,231.976,232.432,232.856,-0.775,-0.850
2017-03-23 14:58:00,231.761,232.572,3.000,365.000,231.75,231.80,5000.000,5000.000,232.50,232.65,637.000,695.000,231.65,231.85,7500.000,7500.000,232.45,232.70,5246.000,4884.000,25000.000,25000.000,231.554,231.941,232.420,232.785,-0.800,-0.863
2017-03-23 14:59:00,231.723,232.531,78.000,305.000,231.75,231.80,2500.000,2500.000,232.50,232.60,100.000,696.000,231.70,231.85,2500.000,5000.000,232.45,232.65,3717.000,7356.000,17500.000,22500.000,231.580,231.951,232.400,232.717,-0.775,-0.892
2017-03-23 15:00:00,231.884,232.804,215.000,36.000,231.85,232.00,2500.000,2500.000,232.70,232.85,1005.000,384.000,231.80,232.10,5000.000,2500.000,232.65,232.90,6074.000,8603.000,20000.000,15000.000,231.740,232.209,232.581,232.967,-0.850,-0.880
2017-03-23 15:01:00,231.952,232.786,12.000,41.000,231.95,232.00,5000.000,2500.000,232.75,232.90,455.000,161.000,231.90,232.05,5000.000,7500.000,232.70,232.95,3067.000,4232.000,22500.000,30000.000,231.782,232.155,232.622,233.046,-0.850,-0.906
2017-03-23 15:02:00,232.057,232.933,22.000,18.000,232.15,232.20,2500.000,2500.000,232.90,233.00,87.000,1813.000,232.00,232.25,5000.000,5000.000,232.85,233.05,2503.000,5801.000,32500.000,27500.000,231.887,232.325,232.662,233.109,-0.775,-0.922
2017-03-23 15:03:00,232.296,233.171,416.000,50.000,232.30,232.35,10000.000,5000.000,233.15,233.35,618.000,100.000,232.25,232.50,7500.000,5000.000,233.10,233.40,2833.000,4660.000,27500.000,32500.000,232.197,232.600,233.050,233.492,-0.925,-0.926
2017-03-23 15:04:00,232.292,233.244,379.000,778.000,232.25,232.35,2500.000,2500.000,233.20,233.30,2700.000,756.000,232.20,232.40,5000.000,5000.000,233.15,233.35,6853.000,6824.000,22500.000,22500.000,232.137,232.480,233.083,233.428,-0.950,-0.912
2017-03-23 15:05:00,232.484,233.344,160.000,33.000,232.35,232.50,2500.000,5000.000,233.30,233.45,1975.000,490.000,232.30,232.55,7500.000,12500.000,233.25,233.50,5718.000,2782.000,22500.000,37500.000,232.238,232.629,233.200,233.663,-0.950,-0.907
2017-03-23 15:06:00,232.561,233.526,2755.000,485.000,232.50,232.55,5000.000,2500.000,233.45,233.60,3420.000,663.000,232.45,232.70,7500.000,2500.000,233.40,233.65,8148.000,4559.000,27500.000,25000.000,232.444,232.777,233.364,233.770,-1.000,-0.878
2017-03-23 15:07:00,232.741,233.700,9.000,328.000,232.80,232.85,2500.000,2500.000,233.60,233.75,318.000,160.000,232.70,232.90,10000.000,7500.000,233.55,233.80,6877.000,11558.000,32500.000,25000.000,232.619,233.002,233.438,233.850,-0.850,-0.878
2017-03-23 15:08:00,232.767,233.662,9.000,54.000,232.80,232.90,7500.000,2500.000,233.65,233.80,1339.000,195.000,232.75,232.95,10000.000,5000.000,233.60,233.85,4469.000,12428.000,30000.000,32500.000,232.666,233.029,233.562,233.927,-0.875,-0.877
2017-03-23 15:09:00,232.847,233.727,2.000,4.000,232.80,232.85,5000.000,2500.000,233.70,233.85,664.000,50.000,232.75,232.95,5000.000,12500.000,233.65,233.90,8888.000,8437.000,20000.000,30000.000,232.691,233.024,233.575,233.950,-0.950,-0.890
2017-03-23 15:10:00,232.900,233.738,12.000,17.000,232.90,232.95,2500.000,2500.000,233.70,233.80,1957.000,5221.000,232.85,233.00,5000.000,5000.000,233.65,233.90,5401.000,10416.000,22500.000,30000.000,232.756,233.050,233.600,233.996,-0.825,-0.913
2017-03-23 15:11:00,232.914,233.730,255.000,4947.000,232.90,233.00,2500.000,7500.000,233.70,233.80,11.000,1421.000,232.85,233.05,5000.000,7500.000,233.65,233.85,4267.000,12706.000,22500.000,32500.000,232.725,233.074,233.594,233.892,-0.800,-0.944
2017-03-23 15:12:00,232.739,233.702,365.000,50.000,232.75,232.80,7500.000,5000.000,233.60,233.75,3110.000,27.000,232.70,232.85,7500.000,5000.000,233.55,233.80,7342.000,7265.000,35000.000,22500.000,232.644,232.979,233.418,233.839,-0.900,-0.907
2017-03-23 15:13:00,232.650,233.540,29.000,34.000,232.65,232.70,10000.000,7500.000,233.45,233.60,14.000,1850.000,232.60,232.80,2500.000,7500.000,233.40,233.65,2235.000,5180.000,32500.000,30000.000,232.463,232.874,233.346,233.688,-0.850,-0.912
2017-03-23 15:14:00,232.596,233.537,4.000,2251.000,232.75,232.80,10000.000,5000.000,233.45,233.60,13.000,661.000,232.70,232.85,5000.000,10000.000,233.40,233.65,331.000,19142.000,37500.000,32500.000,232.599,232.960,233.313,233.708,-0.750,-0.921
2017-03-23 15:15:00,232.607,233.564,9.000,223.000,232.65,232.70,2500.000,7500.000,233.45,233.60,14.000,203.000,232.60,232.75,7500.000,7500.000,233.40,233.65,1494.000,3440.000,32500.000,30000.000,232.483,232.856,233.327,233.717,-0.850,-0.912
2017-03-23 15:16:00,232.586,233.557,144.000,118.000,232.55,232.60,5000.000,12500.000,233.45,233.60,2738.000,250.000,232.50,232.70,10000.000,7500.000,233.40,233.65,6641.000,5644.000,30000.000,27500.000,232.460,232.792,233.354,233.659,-0.950,-0.918
2017-03-23 15:17:00,232.871,233.650,4.000,569.000,232.90,232.95,5000.000,2500.000,233.60,233.70,13.000,17974.000,232.85,233.00,5000.000,2500.000,233.55,233.75,4601.000,25979.000,30000.000,25000.000,232.740,233.021,233.496,233.835,-0.725,-0.955
2017-03-23 15:18:00,232.588,233.500,2607.000,435.000,232.60,232.65,2500.000,5000.000,233.45,233.55,248.000,2691.000,232.55,232.75,7500.000,10000.000,233.40,233.60,4772.000,7625.000,22500.000,27500.000,232.534,232.804,233.339,233.632,-0.875,-0.958
2017-03-23 15:19:00,232.584,233.569,16.000,522.000,232.75,232.80,2500.000,5000.000,233.50,233.65,3586.000,147.000,232.65,232.85,12500.000,12500.000,233.45,233.70,6611.000,32068.000,25000.000,27500.000,232.602,232.982,233.420,233.727,-0.800,-0.952
2017-03-23 15:20:00,232.607,233.521,2452.000,548.000,232.65,232.70,2500.000,10000.000,233.50,233.60,1088.000,19.000,232.60,232.75,2500.000,10000.000,233.45,233.65,5455.000,6154.000,17500.000,35000.000,232.594,232.875,233.386,233.675,-0.875,-0.964
2017-03-23 15:21:00,232.611,233.611,904.000,47.000,232.70,232.75,2500.000,2500.000,233.55,233.65,1208.000,500.000,232.65,232.85,5000.000,7500.000,233.50,233.70,8142.000,27217.000,25000.000,22500.000,232.599,232.975,233.405,233.744,-0.875,-0.926
2017-03-23 15:22:00,232.595,233.558,6.000,989.000,232.70,232.80,7500.000,5000.000,233.45,233.60,908.000,3671.000,232.65,232.85,2500.000,7500.000,233.40,233.65,5140.000,31038.000,35000.000,27500.000,232.588,232.958,233.339,233.686,-0.775,-0.916
2017-03-23 15:23:00,232.701,233.626,11.000,2570.000,232.75,232.90,12500.000,10000.000,233.55,233.75,3021.000,2810.000,232.70,232.95,7500.000,7500.000,233.50,233.80,3851.000,24655.000,27500.000,30000.000,232.679,232.992,233.491,233.829,-0.825,-0.912
2017-03-23 15:24:00,232.604,233.560,209.000,21.000,232.70,232.75,5000.000,5000.000,233.45,233.60,2567.000,150.000,232.60,232.80,10000.000,5000.000,233.40,233.65,3720.000,7124.000,35000.000,25000.000,232.574,232.913,233.339,233.700,-0.800,-0.897
2017-03-23 15:25:00,232.421,233.398,1209.000,340.000,232.45,232.60,10000.000,5000.000,233.25,233.45,100.000,124.000,232.40,232.65,15000.000,5000.000,233.20,233.50,3176.000,7518.000,42500.000,25000.000,232.345,232.749,233.153,233.540,-0.825,-0.892
2017-03-23 15:26:00,232.622,233.431,4.000,3013.000,232.65,232.70,2500.000,5000.000,233.30,233.50,21.000,3466.000,232.60,232.75,12500.000,7500.000,233.25,233.55,2261.000,10311.000,30000.000,22500.000,232.490,232.780,233.200,233.578,-0.725,-0.892
2017-03-23 15:27:00,232.475,233.387,15.000,400.000,232.55,232.60,7500.000,7500.000,233.25,233.45,19.000,120.000,232.45,232.65,2500.000,5000.000,233.20,233.50,2949.000,6001.000,32500.000,25000.000,232.388,232.745,233.158,233.530,-0.775,-0.892
2017-03-23 15:28:00,232.465,233.371,13.000,407.000,232.55,232.60,5000.000,2500.000,233.30,233.40,675.000,892.000,232.50,232.70,2500.000,5000.000,233.25,233.45,2226.000,10922.000,30000.000,22500.000,232.458,232.802,233.162,233.517,-0.775,-0.892
2017-03-23 15:29:00,232.526,233.408,10.000,5936.000,232.60,232.65,5000.000,7500.000,233.35,233.50,200.000,319.000,232.55,232.70,10000.000,2500.000,233.30,233.55,3674.000,15156.000,30000.000,30000.000,232.491,232.753,233.262,233.621,-0.800,-0.892
2017-03-23 15:30:00,232.454,233.404,61.000,680.000,232.50,232.65,2500.000,2500.000,233.25,233.65,55.000,1846.000,232.40,232.80,5000.000,5000.000,233.20,233.70,6041.000,11663.000,32500.000,30000.000,232.189,232.924,233.069,233.779,-0.875,-0.892
2017-03-24 09:16:00,233.246,233.604,618.000,371.000,233.10,233.30,2500.000,2500.000,233.40,233.65,1044.000,109.000,233.05,233.35,2500.000,2500.000,233.35,233.70,2224.000,1108.000,17500.000,12500.000,233.040,233.393,233.286,233.790,-0.325,-0.397
2017-03-24 09:17:00,233.533,234.008,36.000,375.000,233.60,233.70,2500.000,5000.000,233.85,234.10,60.000,580.000,233.55,233.75,2500.000,2500.000,233.80,234.20,1068.000,6647.000,15000.000,15000.000,233.464,233.816,233.742,234.217,-0.325,-0.402
2017-03-24 09:18:00,232.994,233.333,138.000,60.000,233.00,233.15,2500.000,2500.000,233.30,233.50,110.000,3386.000,232.95,233.20,2500.000,2500.000,233.15,233.55,798.000,3850.000,15000.000,15000.000,232.883,233.213,232.983,233.617,-0.325,-0.420
2017-03-24 09:19:00,233.299,233.635,464.000,3906.000,233.20,233.45,5000.000,2500.000,233.60,233.75,391.000,1682.000,233.15,233.50,5000.000,2500.000,233.50,233.80,5711.000,9759.000,17500.000,15000.000,233.043,233.531,233.464,233.867,-0.350,-0.450
2017-03-24 09:20:00,233.295,233.736,120.000,1192.000,233.35,233.40,2500.000,2500.000,233.65,233.85,1.000,91.000,233.30,233.45,7500.000,2500.000,233.60,233.90,1280.000,5011.000,17500.000,17500.000,233.217,233.516,233.564,233.986,-0.375,-0.447
2017-03-24 09:21:00,233.773,234.166,140.000,803.000,233.75,233.90,2500.000,2500.000,234.10,234.30,227.000,868.000,233.70,233.95,5000.000,5000.000,234.05,234.35,3259.000,7403.000,17500.000,22500.000,233.590,234.004,234.000,234.417,-0.375,-0.448
2017-03-24 09:22:00,233.851,234.350,165.000,38.000,233.90,234.00,2500.000,5000.000,234.25,234.40,160.000,3057.000,233.85,234.10,2500.000,2500.000,234.20,234.50,3704.000,12701.000,15000.000,17500.000,233.757,234.198,234.142,234.564,-0.375,-0.438
2017-03-24 09:23:00,233.693,234.127,54.000,372.000,233.70,233.85,5000.000,2500.000,233.95,234.20,722.000,2850.000,233.60,233.90,7500.000,2500.000,233.90,234.30,4810.000,8910.000,22500.000,15000.000,233.501,233.974,233.872,234.350,-0.300,-0.444
2017-03-24 09:24:00,233.604,234.089,398.000,26.000,233.60,233.80,7500.000,5000.000,233.95,234.20,519.000,701.000,233.55,233.85,5000.000,2500.000,233.90,234.25,3245.000,7381.000,25000.000,20000.000,233.478,233.936,233.870,234.300,-0.375,-0.444
2017-03-24 09:25:00,233.710,234.132,658.000,2147.000,233.70,233.80,5000.000,2500.000,234.05,234.20,204.000,349.000,233.65,233.85,5000.000,2500.000,234.00,234.25,4756.000,9021.000,20000.000,15000.000,233.561,233.911,233.969,234.317,-0.375,-0.457
2017-03-24 09:26:00,233.862,234.263,115.000,2099.000,233.90,233.95,7500.000,5000.000,234.15,234.40,23.000,371.000,233.80,234.00,2500.000,5000.000,234.10,234.45,2804.000,7285.000,22500.000,25000.000,233.684,234.052,234.067,234.485,-0.350,-0.475
2017-03-24 09:27:00,233.846,234.294,165.000,1848.000,233.85,233.95,2500.000,5000.000,234.25,234.40,771.000,813.000,233.80,234.00,2500.000,5000.000,234.15,234.45,3855.000,8260.000,20000.000,25000.000,233.716,234.065,234.062,234.485,-0.425,-0.501
2017-03-24 09:28:00,233.805,234.267,346.000,1776.000,233.85,233.95,7500.000,2500.000,234.15,234.40,22.000,464.000,233.80,234.00,2500.000,2500.000,234.10,234.45,2068.000,7940.000,22500.000,22500.000,233.715,234.068,234.061,234.506,-0.375,-0.484
2017-03-24 09:29:00,233.727,234.213,1.000,34.000,233.80,233.85,5000.000,2500.000,234.10,234.35,222.000,701.000,233.75,233.95,2500.000,2500.000,234.05,234.40,1672.000,7284.000,20000.000,20000.000,233.652,234.047,234.006,234.469,-0.400,-0.487
2017-03-24 09:30:00,233.881,234.368,63.000,1017.000,233.85,234.00,5000.000,2500.000,234.20,234.45,140.000,523.000,233.80,234.05,2500.000,5000.000,234.15,234.50,3046.000,6196.000,20000.000,15000.000,233.677,234.112,234.088,234.542,-0.400,-0.465
2017-03-24 09:31:00,233.897,234.387,388.000,674.000,233.85,234.00,5000.000,2500.000,234.25,234.45,422.000,70.000,233.80,234.05,2500.000,5000.000,234.15,234.50,4087.000,5454.000,22500.000,15000.000,233.711,234.134,234.094,234.542,-0.425,-0.445
2017-03-24 09:32:00,233.983,234.563,47.000,771.000,234.10,234.20,5000.000,2500.000,234.45,234.70,200.000,409.000,234.00,234.25,2500.000,5000.000,234.40,234.75,1536.000,6890.000,22500.000,25000.000,233.917,234.351,234.356,234.830,-0.425,-0.400
2017-03-24 09:33:00,234.059,234.433,510.000,6.000,233.90,234.00,2500.000,5000.000,234.40,234.55,561.000,1.000,233.85,234.05,2500.000,2500.000,234.35,234.60,6923.000,1296.000,12500.000,17500.000,233.777,234.183,234.280,234.650,-0.525,-0.405
2017-03-24 09:34:00,233.473,233.975,1246.000,83.000,233.50,233.65,5000.000,5000.000,233.85,234.10,60.000,330.000,233.45,233.70,2500.000,2500.000,233.80,234.15,2802.000,5700.000,17500.000,17500.000,233.411,233.808,233.757,234.193,-0.400,-0.393
2017-03-24 09:35:00,233.607,233.986,594.000,47.000,233.60,233.70,7500.000,2500.000,233.90,234.15,160.000,511.000,233.55,233.75,2500.000,2500.000,233.85,234.20,2893.000,4034.000,17500.000,17500.000,233.495,233.834,233.807,234.264,-0.375,-0.396
2017-03-24 09:36:00,233.714,234.103,364.000,100.000,233.65,233.80,2500.000,2500.000,234.00,234.20,337.000,449.000,233.60,233.85,5000.000,2500.000,233.95,234.25,5591.000,6507.000,20000.000,17500.000,233.501,233.937,233.900,234.321,-0.375,-0.409
2017-03-24 09:37:00,233.740,234.097,1.000,956.000,233.70,233.85,5000.000,2500.000,234.05,234.20,61.000,3117.000,233.65,233.90,5000.000,5000.000,234.00,234.25,3814.000,8096.000,17500.000,22500.000,233.521,233.947,233.971,234.328,-0.350,-0.417
2017-03-24 09:38:00,233.693,234.092,102.000,1.000,233.65,233.70,2500.000,2500.000,234.00,234.15,399.000,52.000,233.60,233.80,2500.000,2500.000,233.90,234.20,4528.000,4927.000,25000.000,20000.000,233.504,233.893,233.820,234.256,-0.400,-0.442
2017-03-24 09:39:00,233.521,233.962,664.000,2518.000,233.55,233.70,5000.000,5000.000,233.85,234.10,549.000,834.000,233.50,233.75,2500.000,7500.000,233.80,234.15,3066.000,10774.000,25000.000,27500.000,233.446,233.810,233.755,234.200,-0.350,-0.452
2017-03-24 09:40:00,233.407,233.803,257.000,17.000,233.40,233.45,5000.000,2500.000,233.75,233.90,60.000,726.000,233.35,233.55,2500.000,2500.000,233.65,233.95,2493.000,4777.000,20000.000,20000.000,233.257,233.613,233.606,234.006,-0.400,-0.475
2017-03-24 09:41:00,233.366,233.820,181.000,1.000,233.45,233.55,2500.000,2500.000,233.80,233.95,115.000,466.000,233.40,233.60,5000.000,5000.000,233.65,234.00,1713.000,8410.000,17500.000,20000.000,233.299,233.702,233.621,234.069,-0.375,-0.487
2017-03-24 09:42:00,233.511,233.907,514.000,9.000,233.45,233.55,7500.000,2500.000,233.85,234.05,574.000,15.000,233.40,233.60,2500.000,2500.000,233.75,234.10,4332.000,3507.000,20000.000,17500.000,233.313,233.705,233.738,234.179,-0.450,-0.507
2017-03-24 09:43:00,233.241,233.764,61.000,4.000,233.25,233.30,5000.000,2500.000,233.70,233.85,565.000,696.000,233.20,233.45,2500.000,2500.000,233.60,233.95,2890.000,7069.000,22500.000,22500.000,233.112,233.529,233.561,234.000,-0.500,-0.505
2017-03-24 09:44:00,233.169,233.661,59.000,237.000,233.15,233.25,2500.000,2500.000,233.55,233.70,288.000,3052.000,233.10,233.40,2500.000,2500.000,233.50,233.75,5813.000,13605.000,20000.000,15000.000,232.996,233.472,233.431,233.800,-0.425,-0.494
2017-03-24 09:45:00,232.948,233.459,104.000,489.000,232.90,232.95,2500.000,2500.000,233.40,233.50,1968.000,4596.000,232.85,233.00,2500.000,5000.000,233.30,233.55,7300.000,6993.000,25000.000,17500.000,232.775,233.034,233.200,233.593,-0.525,-0.475
2017-03-24 09:46:00,233.096,233.611,652.000,111.000,233.05,233.15,2500.000,2500.000,233.50,233.65,3289.000,238.000,233.00,233.20,12500.000,2500.000,233.45,233.70,7805.000,5292.000,27500.000,17500.000,232.953,233.327,233.400,233.757,-0.475,-0.468
2017-03-24 09:47:00,233.091,233.587,309.000,93.000,233.05,233.15,2500.000,2500.000,233.50,233.60,3315.000,588.000,233.00,233.20,7500.000,5000.000,233.45,233.65,7942.000,7209.000,32500.000,25000.000,232.945,233.290,233.350,233.740,-0.450,-0.476
2017-03-24 09:48:00,233.337,233.847,69.000,48.000,233.20,233.30,5000.000,2500.000,233.65,233.90,214.000,50.000,233.15,233.40,2500.000,5000.000,233.60,233.95,8590.000,5521.000,30000.000,17500.000,233.022,233.510,233.533,233.993,-0.525,-0.488
2017-03-24 09:49:00,233.306,233.745,126.000,93.000,233.20,233.25,2500.000,5000.000,233.60,233.80,1118.000,374.000,233.10,233.30,5000.000,5000.000,233.55,233.85,9074.000,2375.000,27500.000,20000.000,233.021,233.381,233.491,233.881,-0.475,-0.510
2017-03-24 09:50:00,233.332,233.747,778.000,99.000,233.15,233.20,2500.000,7500.000,233.60,233.80,817.000,25.000,233.10,233.30,7500.000,2500.000,233.55,233.85,11276.000,1512.000,25000.000,17500.000,233.019,233.403,233.500,233.871,-0.525,-0.548
2017-03-24 09:51:00,233.218,233.700,19.000,103.000,233.15,233.20,7500.000,7500.000,233.55,233.80,817.000,159.000,233.10,233.25,5000.000,2500.000,233.50,233.85,4042.000,1568.000,25000.000,20000.000,233.047,233.351,233.465,233.881,-0.500,-0.591
2017-03-24 09:52:00,233.173,233.709,434.000,161.000,233.10,233.20,2500.000,12500.000,233.60,233.80,2867.000,379.000,233.05,233.30,2500.000,2500.000,233.55,233.85,6222.000,4785.000,17500.000,25000.000,233.006,233.393,233.493,233.885,-0.550,-0.610
2017-03-24 09:53:00,233.025,233.595,685.000,775.000,233.05,233.20,2500.000,2500.000,233.55,233.70,206.000,148.000,233.00,233.25,2500.000,5000.000,233.50,233.75,2921.000,6524.000,20000.000,32500.000,232.940,233.353,233.438,233.850,-0.500,-0.627
2017-03-24 09:54:00,232.979,233.525,6.000,76.000,232.95,233.00,2500.000,2500.000,233.50,233.60,219.000,50.000,232.90,233.10,2500.000,5000.000,233.45,233.65,4961.000,5656.000,20000.000,25000.000,232.775,233.237,233.375,233.735,-0.575,-0.649
2017-03-24 09:55:00,232.832,233.439,1097.000,434.000,232.75,233.00,2500.000,2500.000,233.35,233.55,690.000,1169.000,232.70,233.05,5000.000,5000.000,233.30,233.60,3876.000,4788.000,22500.000,22500.000,232.666,233.122,233.256,233.706,-0.575,-0.644
2017-03-24 09:56:00,232.881,233.576,391.000,852.000,232.85,233.05,2500.000,5000.000,233.45,233.65,1639.000,399.000,232.80,233.10,10000.000,2500.000,233.40,233.70,4069.000,5731.000,22500.000,20000.000,232.765,233.199,233.356,233.750,-0.600,-0.638
2017-03-24 09:57:00,232.876,233.506,576.000,739.000,232.80,232.95,2500.000,2500.000,233.40,233.55,108.000,410.000,232.75,233.00,2500.000,5000.000,233.35,233.60,3943.000,4042.000,22500.000,20000.000,232.662,233.081,233.283,233.669,-0.600,-0.642
2017-03-24 09:58:00,232.950,233.608,39.000,784.000,232.95,233.00,2500.000,2500.000,233.50,233.65,1404.000,50.000,232.80,233.05,5000.000,2500.000,233.45,233.70,4956.000,4365.000,17500.000,12500.000,232.716,233.129,233.407,233.770,-0.600,-0.664
2017-03-24 09:59:00,232.931,233.584,243.000,116.000,232.85,232.90,2500.000,2500.000,233.50,233.60,246.000,264.000,232.80,232.95,5000.000,5000.000,233.45,233.65,3395.000,2261.000,22500.000,17500.000,232.688,233.015,233.406,233.729,-0.675,-0.663
2017-03-24 10:00:00,232.679,233.262,53.000,410.000,232.55,232.60,2500.000,5000.000,233.25,233.35,1274.000,48.000,232.50,232.65,2500.000,5000.000,233.20,233.40,7897.000,1666.000,15000.000,25000.000,232.417,232.726,233.150,233.450,-0.725,-0.692
2017-03-24 10:01:00,233.138,233.803,50.000,1012.000,233.10,233.20,2500.000,2500.000,233.70,233.80,366.000,553.000,233.00,233.25,7500.000,2500.000,233.65,233.85,3521.000,4479.000,25000.000,15000.000,232.887,233.302,233.590,233.942,-0.600,-0.646
2017-03-24 10:02:00,232.777,233.429,120.000,60.000,232.65,232.80,7500.000,2500.000,233.35,233.50,214.000,952.000,232.60,232.85,2500.000,2500.000,233.30,233.55,7703.000,5345.000,22500.000,20000.000,232.481,232.949,233.267,233.637,-0.700,-0.610
2017-03-24 10:03:00,232.728,233.496,93.000,46.000,232.80,232.85,5000.000,2500.000,233.40,233.55,1.000,534.000,232.75,232.90,2500.000,2500.000,233.35,233.60,1398.000,4897.000,20000.000,15000.000,232.645,233.001,233.294,233.667,-0.650,-0.570
2017-03-24 10:04:00,232.826,233.474,576.000,24.000,232.80,232.85,2500.000,2500.000,233.45,233.60,61.000,324.000,232.75,232.95,7500.000,2500.000,233.40,233.65,2948.000,3616.000,20000.000,22500.000,232.672,233.031,233.331,233.744,-0.700,-0.558
2017-03-24 10:05:00,232.950,233.675,171.000,27.000,233.05,233.10,2500.000,5000.000,233.60,233.75,233.000,382.000,233.00,233.15,7500.000,5000.000,233.55,233.80,898.000,5018.000,30000.000,30000.000,232.954,233.245,233.488,233.887,-0.600,-0.518
2017-03-24 10:06:00,233.212,233.650,97.000,31.000,233.15,233.20,5000.000,7500.000,233.60,233.80,60.000,10.000,233.10,233.25,7500.000,5000.000,233.55,233.85,2260.000,1566.000,20000.000,27500.000,232.985,233.357,233.512,233.895,-0.525,-0.551
2017-03-24 10:07:00,233.087,233.558,487.000,81.000,233.05,233.15,2500.000,5000.000,233.55,233.70,21.000,399.000,233.00,233.20,7500.000,2500.000,233.50,233.75,3332.000,3585.000,17500.000,27500.000,232.897,233.313,233.457,233.891,-0.525,-0.576
2017-03-24 10:08:00,233.115,233.684,146.000,429.000,233.15,233.30,2500.000,2500.000,233.65,233.80,401.000,964.000,233.10,233.35,2500.000,5000.000,233.60,233.85,3931.000,10249.000,15000.000,25000.000,233.005,233.461,233.542,233.960,-0.500,-0.577
2017-03-24 10:09:00,233.117,233.705,38.000,108.000,233.25,233.30,2500.000,7500.000,233.65,233.85,349.000,453.000,233.20,233.35,2500.000,10000.000,233.60,233.90,594.000,5144.000,15000.000,35000.000,233.168,233.463,233.533,233.968,-0.475,-0.593
2017-03-24 10:10:00,233.248,233.771,80.000,81.000,233.15,233.20,2500.000,2500.000,233.70,233.85,729.000,300.000,233.10,233.25,5000.000,10000.000,233.65,233.90,4399.000,1623.000,20000.000,27500.000,233.016,233.334,233.575,233.977,-0.600,-0.606
2017-03-24 10:11:00,233.021,233.625,518.000,62.000,233.00,233.15,2500.000,2500.000,233.60,233.75,1052.000,448.000,232.95,233.20,2500.000,7500.000,233.55,233.80,3606.000,4998.000,17500.000,27500.000,232.894,233.299,233.486,233.900,-0.600,-0.602
2017-03-24 10:12:00,233.057,233.653,804.000,416.000,233.00,233.15,2500.000,2500.000,233.65,233.75,735.000,748.000,232.95,233.20,2500.000,5000.000,233.60,233.80,5047.000,5439.000,17500.000,27500.000,232.884,233.287,233.529,233.918,-0.625,-0.614
2017-03-24 10:13:00,233.076,233.650,42.000,439.000,233.00,233.10,2500.000,2500.000,233.65,233.75,389.000,49.000,232.95,233.15,2500.000,5000.000,233.60,233.80,4278.000,3435.000,17500.000,27500.000,232.855,233.233,233.536,233.918,-0.650,-0.645
2017-03-24 10:14:00,233.015,233.683,628.000,964.000,233.00,233.10,2500.000,2500.000,233.70,233.75,728.000,349.000,232.95,233.15,2500.000,2500.000,233.65,233.80,3438.000,5072.000,15000.000,22500.000,232.890,233.217,233.600,233.878,-0.675,-0.631
2017-03-24 10:15:00,233.026,233.616,355.000,719.000,232.90,233.00,2500.000,2500.000,233.65,233.75,1216.000,364.000,232.85,233.10,5000.000,2500.000,233.55,233.80,9521.000,5146.000,17500.000,22500.000,232.774,233.191,233.500,233.883,-0.750,-0.630
2017-03-24 10:16:00,233.010,233.595,343.000,690.000,232.95,233.00,2500.000,2500.000,233.65,233.75,56.000,364.000,232.90,233.10,5000.000,2500.000,233.55,233.80,8000.000,8317.000,17500.000,30000.000,232.769,233.195,233.493,233.921,-0.725,-0.617
2017-03-24 10:17:00,232.962,233.619,569.000,62.000,232.80,232.85,5000.000,2500.000,233.55,233.70,3060.000,5.000,232.75,232.95,7500.000,2500.000,233.50,233.75,12313.000,2450.000,22500.000,17500.000,232.671,233.062,233.467,233.821,-0.800,-0.621
2017-03-24 10:18:00,232.924,233.650,317.000,60.000,232.95,233.05,7500.000,2500.000,233.60,233.75,68.000,795.000,232.90,233.10,12500.000,2500.000,233.55,233.80,3553.000,7311.000,30000.000,22500.000,232.817,233.202,233.521,233.878,-0.675,-0.570
2017-03-24 10:19:00,233.122,233.719,183.000,896.000,233.00,233.10,5000.000,2500.000,233.65,233.75,69.000,553.000,232.90,233.15,7500.000,2500.000,233.60,233.80,9640.000,5418.000,25000.000,15000.000,232.775,233.211,233.565,233.858,-0.650,-0.550
2017-03-24 10:20:00,233.043,233.628,1481.000,219.000,233.00,233.10,2500.000,2500.000,233.65,233.80,9.000,264.000,232.95,233.15,2500.000,2500.000,233.60,233.85,5285.000,5065.000,15000.000,30000.000,232.885,233.235,233.542,233.938,-0.675,-0.535
2017-03-24 10:21:00,233.068,233.589,1275.000,33.000,233.00,233.05,2500.000,2500.000,233.60,233.75,141.000,158.000,232.90,233.10,5000.000,5000.000,233.55,233.80,10626.000,5148.000,15000.000,30000.000,232.797,233.224,233.508,233.917,-0.650,-0.554
2017-03-24 10:22:00,233.097,233.772,547.000,394.000,233.15,233.30,2500.000,2500.000,233.70,233.85,1865.000,2522.000,233.10,233.35,5000.000,7500.000,233.65,233.90,2829.000,9304.000,20000.000,25000.000,233.092,233.432,233.606,233.970,-0.550,-0.531
2017-03-24 10:23:00,233.295,233.767,492.000,300.000,233.30,233.35,5000.000,5000.000,233.80,233.90,141.000,821.000,233.15,233.40,5000.000,2500.000,233.75,233.95,9189.000,9011.000,17500.000,27500.000,233.038,233.485,233.679,233.995,-0.525,-0.539
2017-03-24 10:24:00,233.166,233.665,157.000,200.000,233.15,233.25,2500.000,2500.000,233.70,233.85,1358.000,690.000,233.10,233.30,2500.000,10000.000,233.65,233.90,3991.000,4827.000,17500.000,32500.000,233.046,233.390,233.493,233.954,-0.575,-0.543
2017-03-24 10:25:00,233.068,233.575,989.000,31.000,233.10,233.20,2500.000,2500.000,233.60,233.75,509.000,349.000,233.05,233.25,5000.000,5000.000,233.55,233.80,2232.000,3943.000,15000.000,25000.000,233.034,233.345,233.483,233.910,-0.525,-0.554
2017-03-24 10:26:00,233.082,233.700,938.000,924.000,233.10,233.30,7500.000,7500.000,233.65,233.85,550.000,756.000,233.05,233.35,2500.000,7500.000,233.60,233.90,3394.000,8509.000,17500.000,32500.000,233.004,233.444,233.571,233.954,-0.550,-0.536
2017-03-24 10:27:00,233.121,233.681,900.000,60.000,233.05,233.25,2500.000,5000.000,233.65,233.80,520.000,531.000,233.00,233.30,2500.000,2500.000,233.60,233.85,3472.000,3516.000,15000.000,25000.000,232.957,233.398,233.550,233.940,-0.575,-0.522
2017-03-24 10:28:00,233.197,233.710,624.000,31.000,233.05,233.10,2500.000,5000.000,233.65,233.80,511.000,101.000,233.00,233.25,5000.000,5000.000,233.60,233.85,6950.000,3510.000,20000.000,30000.000,232.897,233.344,233.550,233.963,-0.650,-0.536
2017-03-24 10:29:00,233.191,233.708,101.000,689.000,233.10,233.25,2500.000,2500.000,233.70,233.80,472.000,857.000,233.05,233.30,2500.000,5000.000,233.60,233.85,5294.000,5739.000,17500.000,27500.000,232.938,233.362,233.550,233.977,-0.575,-0.537
2017-03-24 10:30:00,233.164,233.725,238.000,1376.000,233.10,233.35,2500.000,2500.000,233.75,233.85,493.000,978.000,233.05,233.40,2500.000,2500.000,233.70,233.90,7839.000,12380.000,12500.000,22500.000,232.973,233.484,233.630,233.978,-0.575,-0.502
2017-03-24 10:31:00,233.043,233.571,36.000,31.000,233.05,233.15,2500.000,2500.000,233.60,233.75,211.000,60.000,233.00,233.20,7500.000,5000.000,233.55,233.80,1749.000,2696.000,17500.000,35000.000,232.903,233.322,233.493,233.961,-0.575,-0.488
2017-03-24 10:32:00,233.204,233.692,121.000,58.000,233.05,233.15,5000.000,7500.000,233.65,233.85,523.000,40.000,233.00,233.20,5000.000,2500.000,233.60,233.90,5324.000,2675.000,17500.000,32500.000,232.886,233.350,233.564,233.996,-0.650,-0.474
2017-03-24 10:33:00,233.097,233.683,545.000,54.000,233.10,233.15,2500.000,2500.000,233.65,233.80,550.000,100.000,233.05,233.20,5000.000,5000.000,233.60,233.85,2783.000,2572.000,17500.000,32500.000,232.993,233.327,233.550,234.008,-0.600,-0.452
2017-03-24 10:34:00,233.181,233.703,23.000,303.000,233.25,233.35,2500.000,5000.000,233.70,233.85,411.000,894.000,233.20,233.40,5000.000,5000.000,233.65,233.90,2621.000,11448.000,17500.000,30000.000,233.084,233.496,233.550,233.971,-0.475,-0.459
2017-03-24 10:35:00,233.223,233.607,4.000,262.000,233.15,233.20,5000.000,2500.000,233.65,233.80,491.000,199.000,233.10,233.25,2500.000,5000.000,233.60,233.85,6045.000,3517.000,15000.000,35000.000,233.012,233.325,233.542,233.979,-0.550,-0.516
2017-03-24 10:36:00,233.183,233.643,101.000,131.000,233.10,233.15,5000.000,2500.000,233.70,233.75,889.000,190.000,233.05,233.20,2500.000,5000.000,233.65,233.80,9000.000,3564.000,17500.000,32500.000,232.966,233.320,233.564,233.900,-0.600,-0.545
2017-03-24 10:37:00,233.215,233.634,97.000,100.000,233.10,233.20,2500.000,5000.000,233.70,233.75,1256.000,398.000,233.05,233.25,2500.000,5000.000,233.60,233.80,9363.000,4299.000,15000.000,32500.000,232.969,233.338,233.525,233.888,-0.575,-0.567
2017-03-24 10:38:00,233.137,233.612,485.000,131.000,233.10,233.15,5000.000,2500.000,233.65,233.80,100.000,195.000,233.05,233.25,2500.000,2500.000,233.60,233.85,4170.000,3807.000,15000.000,27500.000,232.987,233.348,233.525,233.968,-0.600,-0.587
2017-03-24 10:39:00,233.262,233.819,1574.000,327.000,233.25,233.30,5000.000,7500.000,233.75,233.95,110.000,663.000,233.20,233.45,5000.000,17500.000,233.70,234.00,4587.000,7582.000,20000.000,32500.000,233.137,233.516,233.600,234.031,-0.575,-0.594
2017-03-24 10:40:00,232.842,233.509,105.000,214.000,232.90,232.95,5000.000,7500.000,233.45,233.65,64.000,646.000,232.85,233.00,2500.000,5000.000,233.40,233.70,1136.000,3450.000,17500.000,25000.000,232.752,233.093,233.321,233.735,-0.625,-0.587
2017-03-24 10:41:00,232.882,233.488,97.000,250.000,232.85,232.90,2500.000,7500.000,233.40,233.60,156.000,481.000,232.80,232.95,5000.000,7500.000,233.35,233.65,2795.000,3637.000,17500.000,25000.000,232.682,233.010,233.293,233.695,-0.625,-0.600
2017-03-24 10:42:00,232.918,233.445,99.000,47.000,232.80,232.90,2500.000,10000.000,233.45,233.60,300.000,414.000,232.75,232.95,2500.000,10000.000,233.40,233.65,6297.000,3367.000,12500.000,42500.000,232.656,233.018,233.350,233.791,-0.675,-0.627
2017-03-24 10:43:00,232.836,233.413,41.000,57.000,232.75,232.85,10000.000,5000.000,233.35,233.55,674.000,399.000,232.70,232.90,5000.000,10000.000,233.30,233.60,6671.000,5109.000,25000.000,32500.000,232.582,233.001,233.270,233.673,-0.650,-0.625
2017-03-24 10:44:00,232.849,233.444,675.000,152.000,232.70,232.80,7500.000,2500.000,233.35,233.55,600.000,324.000,232.65,232.90,5000.000,2500.000,233.30,233.60,10026.000,4928.000,22500.000,17500.000,232.548,233.003,233.261,233.664,-0.700,-0.604
2017-03-24 10:45:00,232.618,233.250,1053.000,148.000,232.50,232.55,5000.000,2500.000,233.20,233.35,2615.000,264.000,232.40,232.65,2500.000,7500.000,233.15,233.40,10801.000,3696.000,20000.000,27500.000,232.326,232.743,233.100,233.482,-0.750,-0.588
2017-03-24 10:46:00,232.917,233.585,262.000,110.000,232.80,232.95,5000.000,5000.000,233.45,233.65,110.000,1784.000,232.75,233.00,7500.000,2500.000,233.40,233.70,4349.000,3586.000,25000.000,17500.000,232.658,233.045,233.360,233.736,-0.675,-0.566
2017-03-24 10:47:00,232.888,233.550,4521.000,239.000,232.85,232.95,2500.000,7500.000,233.45,233.60,50.000,1571.000,232.75,233.00,5000.000,5000.000,233.40,233.65,8982.000,6032.000,22500.000,25000.000,232.748,233.071,233.344,233.710,-0.625,-0.548
2017-03-24 10:48:00,233.071,233.638,61.000,1438.000,232.95,233.05,2500.000,2500.000,233.60,233.75,264.000,130.000,232.90,233.10,2500.000,2500.000,233.55,233.80,13156.000,6350.000,17500.000,25000.000,232.804,233.187,233.493,233.930,-0.675,-0.578
2017-03-24 10:49:00,233.219,233.710,137.000,941.000,233.10,233.20,2500.000,2500.000,233.75,233.85,100.000,2351.000,233.00,233.25,2500.000,5000.000,233.65,233.90,9806.000,5838.000,17500.000,32500.000,232.887,233.281,233.593,233.981,-0.650,-0.625
2017-03-24 10:50:00,233.161,233.715,36.000,26.000,233.05,233.15,2500.000,2500.000,233.75,233.85,105.000,699.000,233.00,233.20,2500.000,5000.000,233.65,233.90,9848.000,5955.000,17500.000,32500.000,232.886,233.292,233.579,233.981,-0.700,-0.633
2017-03-24 10:51:00,233.004,233.561,4.000,13.000,232.90,233.00,2500.000,5000.000,233.60,233.80,4630.000,214.000,232.85,233.10,2500.000,2500.000,233.55,233.85,9906.000,4844.000,15000.000,30000.000,232.808,233.227,233.467,233.942,-0.750,-0.658
2017-03-24 10:52:00,232.897,233.466,2747.000,546.000,232.70,232.90,2500.000,5000.000,233.50,233.65,1235.000,618.000,232.65,232.95,2500.000,2500.000,233.45,233.70,13020.000,5565.000,12500.000,42500.000,232.570,233.014,233.400,233.768,-0.775,-0.669
2017-03-24 10:53:00,232.906,233.624,220.000,26.000,232.80,232.90,5000.000,5000.000,233.55,233.70,634.000,409.000,232.75,232.95,5000.000,12500.000,233.50,233.75,5978.000,2800.000,25000.000,27500.000,232.684,233.030,233.410,233.791,-0.775,-0.655
2017-03-24 10:54:00,232.824,233.553,139.000,149.000,232.75,232.80,2500.000,5000.000,233.50,233.60,260.000,324.000,232.70,232.90,2500.000,2500.000,233.45,233.65,7417.000,5380.000,22500.000,25000.000,232.609,233.005,233.361,233.715,-0.775,-0.646
2017-03-24 10:55:00,232.892,233.483,155.000,11.000,232.70,232.80,2500.000,2500.000,233.50,233.60,3194.000,134.000,232.65,232.90,2500.000,7500.000,233.45,233.65,15907.000,5127.000,17500.000,40000.000,232.546,233.004,233.379,233.722,-0.800,-0.671
2017-03-24 10:56:00,232.842,233.527,223.000,20.000,232.75,232.80,2500.000,7500.000,233.50,233.65,2538.000,137.000,232.70,232.90,5000.000,15000.000,233.45,233.70,9650.000,4862.000,25000.000,50000.000,232.631,233.008,233.360,233.732,-0.800,-0.680
2017-03-24 10:57:00,232.901,233.523,92.000,29.000,232.75,232.80,2500.000,7500.000,233.50,233.65,48.000,498.000,232.70,232.95,5000.000,15000.000,233.45,233.70,6680.000,3802.000,20000.000,50000.000,232.602,233.005,233.381,233.735,-0.800,-0.693
2017-03-24 10:58:00,232.895,233.541,73.000,16.000,232.70,232.80,2500.000,2500.000,233.50,233.65,2989.000,223.000,232.65,232.90,5000.000,15000.000,233.45,233.70,16366.000,5170.000,25000.000,42500.000,232.543,233.008,233.360,233.741,-0.825,-0.702
2017-03-24 10:59:00,232.854,233.537,45.000,31.000,232.75,232.80,2500.000,2500.000,233.55,233.65,2422.000,173.000,232.70,232.90,2500.000,15000.000,233.50,233.70,9870.000,5185.000,15000.000,45000.000,232.608,233.008,233.450,233.739,-0.825,-0.704
2017-03-24 11:00:00,232.887,233.604,51.000,1089.000,232.80,232.95,2500.000,5000.000,233.55,233.70,5429.000,2782.000,232.70,233.00,5000.000,27500.000,233.50,233.75,10204.000,7692.000,25000.000,42500.000,232.649,233.039,233.415,233.765,-0.750,-0.696
2017-03-24 11:01:00,232.882,233.613,34.000,934.000,232.85,232.95,2500.000,5000.000,233.55,233.70,2.000,2443.000,232.80,233.00,5000.000,5000.000,233.50,233.75,5703.000,7537.000,17500.000,22500.000,232.660,233.047,233.457,233.806,-0.725,-0.693
2017-03-24 11:02:00,232.882,233.572,1898.000,13.000,232.70,232.80,5000.000,5000.000,233.50,233.65,3214.000,60.000,232.65,232.90,2500.000,5000.000,233.45,233.70,18804.000,5185.000,20000.000,25000.000,232.568,233.013,233.387,233.750,-0.825,-0.682
2017-03-24 11:03:00,232.860,233.550,77.000,16.000,232.75,232.80,2500.000,2500.000,233.55,233.60,4226.000,399.000,232.70,232.90,5000.000,5000.000,233.50,233.65,11836.000,5288.000,17500.000,25000.000,232.623,233.001,233.450,233.705,-0.800,-0.689
2017-03-24 11:04:00,232.949,233.640,1059.000,1228.000,232.80,233.00,5000.000,2500.000,233.60,233.80,2989.000,1090.000,232.75,233.05,7500.000,17500.000,233.55,233.85,9480.000,5695.000,27500.000,37500.000,232.698,233.105,233.486,233.907,-0.800,-0.682
2017-03-24 11:05:00,233.113,233.792,171.000,42.000,233.05,233.15,2500.000,2500.000,233.80,233.90,2624.000,953.000,233.00,233.20,5000.000,2500.000,233.75,233.95,7344.000,5682.000,17500.000,32500.000,232.943,233.274,233.707,234.015,-0.750,-0.685
2017-03-24 11:06:00,233.044,233.759,254.000,1060.000,233.05,233.15,7500.000,2500.000,233.70,233.85,3.000,1178.000,233.00,233.20,5000.000,5000.000,233.65,233.90,3449.000,6662.000,27500.000,30000.000,232.856,233.254,233.605,233.983,-0.675,-0.676
2017-03-24 11:07:00,233.114,233.750,5.000,582.000,233.10,233.15,5000.000,5000.000,233.75,233.85,126.000,1392.000,233.05,233.20,10000.000,2500.000,233.70,233.90,4485.000,6398.000,22500.000,32500.000,232.886,233.260,233.678,233.969,-0.675,-0.673
2017-03-24 11:08:00,233.001,233.725,13.000,76.000,232.90,232.95,2500.000,7500.000,233.60,233.75,188.000,913.000,232.80,233.00,2500.000,5000.000,233.55,233.80,7491.000,2488.000,35000.000,25000.000,232.710,233.070,233.479,233.830,-0.750,-0.681
2017-03-24 11:09:00,232.854,233.511,39.000,879.000,232.80,232.90,2500.000,5000.000,233.50,233.60,1886.000,1017.000,232.70,232.95,2500.000,2500.000,233.45,233.65,9326.000,7824.000,17500.000,27500.000,232.629,233.022,233.393,233.727,-0.700,-0.698
2017-03-24 11:10:00,233.022,233.716,69.000,465.000,233.00,233.10,2500.000,2500.000,233.65,233.80,40.000,467.000,232.95,233.15,2500.000,2500.000,233.60,233.85,3503.000,6240.000,27500.000,27500.000,232.814,233.227,233.518,233.950,-0.675,-0.715
2017-03-24 11:11:00,232.889,233.559,553.000,73.000,232.75,232.90,5000.000,15000.000,233.50,233.70,2403.000,264.000,232.70,232.95,7500.000,12500.000,233.45,233.75,10058.000,4596.000,20000.000,37500.000,232.639,233.029,233.425,233.757,-0.775,-0.731
2017-03-24 11:12:00,232.841,233.463,1656.000,71.000,232.70,232.75,2500.000,2500.000,233.50,233.60,2743.000,140.000,232.65,232.80,5000.000,7500.000,233.45,233.65,17069.000,2839.000,20000.000,55000.000,232.556,232.924,233.400,233.723,-0.825,-0.761
2017-03-24 11:13:00,232.883,233.645,107.000,688.000,232.85,232.95,2500.000,5000.000,233.60,233.75,83.000,2372.000,232.80,233.00,5000.000,7500.000,233.55,233.80,4612.000,7106.000,22500.000,32500.000,232.717,233.047,233.506,233.842,-0.775,-0.764
2017-03-24 11:14:00,232.952,233.693,48.000,2835.000,233.00,233.05,2500.000,5000.000,233.65,233.80,77.000,407.000,232.95,233.10,7500.000,10000.000,233.60,233.85,4238.000,10860.000,25000.000,32500.000,232.779,233.168,233.555,233.912,-0.700,-0.744
2017-03-24 11:15:00,232.935,233.716,3678.000,213.000,232.80,232.90,2500.000,2500.000,233.65,233.75,663.000,15.000,232.75,232.95,5000.000,5000.000,233.60,233.80,12672.000,3663.000,25000.000,22500.000,232.684,233.046,233.535,233.850,-0.850,-0.719
2017-03-24 11:16:00,232.952,233.700,15.000,300.000,232.95,233.00,2500.000,2500.000,233.65,233.75,272.000,2457.000,232.90,233.05,5000.000,2500.000,233.60,233.80,4442.000,6033.000,22500.000,22500.000,232.772,233.103,233.544,233.856,-0.725,-0.701
2017-03-24 11:17:00,232.940,233.713,189.000,24.000,232.90,233.00,5000.000,2500.000,233.60,233.75,349.000,2255.000,232.85,233.05,5000.000,2500.000,233.55,233.80,5148.000,6111.000,30000.000,20000.000,232.776,233.115,233.496,233.850,-0.725,-0.690
2017-03-24 11:18:00,232.949,233.724,240.000,496.000,232.95,233.05,7500.000,2500.000,233.65,233.85,363.000,50.000,232.90,233.10,5000.000,5000.000,233.60,233.90,4141.000,5866.000,27500.000,30000.000,232.817,233.216,233.564,233.983,-0.750,-0.668
2017-03-24 11:19:00,233.022,233.664,10.000,470.000,232.95,233.05,2500.000,5000.000,233.70,233.80,349.000,389.000,232.90,233.10,5000.000,5000.000,233.60,233.85,8100.000,6643.000,20000.000,35000.000,232.794,233.204,233.556,233.929,-0.750,-0.675
2017-03-24 11:20:00,232.900,233.555,7.000,509.000,232.80,232.90,5000.000,2500.000,233.50,233.65,217.000,400.000,232.75,232.95,5000.000,5000.000,233.45,233.70,6618.000,5058.000,22500.000,25000.000,232.640,233.008,233.417,233.755,-0.725,-0.665
2017-03-24 11:21:00,232.897,233.557,26.000,808.000,232.75,232.90,2500.000,5000.000,233.50,233.65,814.000,757.000,232.70,232.95,5000.000,5000.000,233.45,233.70,11273.000,6582.000,22500.000,30000.000,232.605,233.006,233.406,233.754,-0.750,-0.660
2017-03-24 11:22:00,232.903,233.619,2550.000,374.000,232.80,232.90,5000.000,2500.000,233.55,233.70,549.000,150.000,232.75,232.95,5000.000,7500.000,233.50,233.75,10572.000,4913.000,27500.000,25000.000,232.694,233.020,233.450,233.810,-0.775,-0.643
2017-03-24 11:23:00,232.904,233.570,373.000,768.000,232.70,232.90,2500.000,5000.000,233.50,233.65,3092.000,419.000,232.65,232.95,7500.000,2500.000,233.45,233.70,15141.000,6204.000,27500.000,27500.000,232.566,233.013,233.386,233.773,-0.775,-0.634
2017-03-24 11:24:00,232.805,233.481,523.000,168.000,232.65,232.70,2500.000,5000.000,233.45,233.55,3307.000,110.000,232.60,232.85,7500.000,7500.000,233.40,233.60,15471.000,6406.000,22500.000,37500.000,232.510,232.962,233.344,233.700,-0.825,-0.633
2017-03-24 11:25:00,232.768,233.375,373.000,22.000,232.60,232.70,7500.000,2500.000,233.40,233.50,1980.000,60.000,232.55,232.75,2500.000,5000.000,233.35,233.55,13440.000,2231.000,22500.000,42500.000,232.478,232.861,233.317,233.635,-0.800,-0.659
2017-03-24 11:26:00,232.723,233.356,264.000,18.000,232.60,232.70,5000.000,2500.000,233.35,233.50,335.000,125.000,232.55,232.75,5000.000,5000.000,233.30,233.55,6942.000,2352.000,22500.000,40000.000,232.482,232.857,233.250,233.613,-0.775,-0.683
2017-03-24 11:27:00,232.838,233.470,61.000,13.000,232.65,232.70,5000.000,2500.000,233.45,233.60,2284.000,110.000,232.60,232.85,5000.000,2500.000,233.40,233.65,15788.000,4847.000,22500.000,40000.000,232.504,232.964,233.356,233.706,-0.850,-0.702
2017-03-24 11:28:00,232.825,233.446,59.000,13.000,232.65,232.70,5000.000,2500.000,233.45,233.60,2214.000,149.000,232.60,232.80,2500.000,7500.000,233.40,233.65,13513.000,2817.000,17500.000,42500.000,232.504,232.916,233.336,233.697,-0.850,-0.723
2017-03-24 11:29:00,232.656,233.328,281.000,70.000,232.60,232.65,5000.000,2500.000,233.30,233.45,310.000,474.000,232.55,232.70,5000.000,5000.000,233.25,233.50,6359.000,4290.000,17500.000,27500.000,232.474,232.771,233.221,233.550,-0.750,-0.742
2017-03-24 11:30:00,232.299,233.033,251.000,784.000,232.40,232.45,5000.000,2500.000,233.05,233.25,500.000,1894.000,232.35,232.50,5000.000,12500.000,233.00,233.30,1414.000,10610.000,22500.000,37500.000,232.311,232.583,232.878,233.360,-0.725,-0.743
2017-03-24 11:31:00,232.767,233.522,899.000,242.000,232.65,232.80,2500.000,5000.000,233.45,233.55,2513.000,678.000,232.60,232.85,2500.000,10000.000,233.40,233.60,10959.000,6669.000,22500.000,22500.000,232.517,232.956,233.333,233.622,-0.775,-0.734
2017-03-24 11:32:00,232.763,233.491,749.000,13.000,232.60,232.75,2500.000,5000.000,233.40,233.60,1052.000,300.000,232.55,232.80,2500.000,2500.000,233.35,233.65,8489.000,2937.000,20000.000,20000.000,232.474,232.915,233.262,233.706,-0.825,-0.740
2017-03-24 11:33:00,232.560,233.282,53.000,177.000,232.35,232.45,2500.000,5000.000,233.20,233.35,487.000,139.000,232.30,232.50,2500.000,10000.000,233.15,233.40,13696.000,1633.000,22500.000,27500.000,232.199,232.586,233.078,233.441,-0.875,-0.748
2017-03-24 11:34:00,232.479,233.248,850.000,893.000,232.35,232.55,2500.000,2500.000,233.20,233.35,349.000,300.000,232.30,232.60,7500.000,10000.000,233.15,233.40,11086.000,8743.000,22500.000,30000.000,232.199,232.701,233.100,233.454,-0.825,-0.745
2017-03-24 11:35:00,232.688,233.428,2846.000,383.000,232.55,232.75,2500.000,2500.000,233.35,233.50,1523.000,1004.000,232.50,232.80,5000.000,2500.000,233.30,233.55,8849.000,5483.000,20000.000,20000.000,232.456,232.864,233.244,233.644,-0.775,-0.748
2017-03-24 11:36:00,232.739,233.450,5.000,59.000,232.60,232.70,5000.000,7500.000,233.35,233.55,1941.000,318.000,232.55,232.75,2500.000,2500.000,233.30,233.60,7044.000,2628.000,22500.000,20000.000,232.453,232.849,233.233,233.637,-0.800,-0.742
2017-03-24 11:37:00,232.663,233.420,1475.000,467.000,232.55,232.60,2500.000,2500.000,233.35,233.45,177.000,13.000,232.50,232.65,2500.000,5000.000,233.30,233.50,10885.000,3743.000,20000.000,17500.000,232.403,232.731,233.238,233.543,-0.825,-0.716
2017-03-24 11:38:00,232.631,233.398,14.000,386.000,232.55,232.65,5000.000,2500.000,233.30,233.45,2580.000,111.000,232.50,232.70,7500.000,2500.000,233.25,233.50,6396.000,4114.000,27500.000,22500.000,232.423,232.796,233.195,233.611,-0.775,-0.697
2017-03-24 11:39:00,232.660,233.413,3049.000,185.000,232.50,232.65,2500.000,2500.000,233.30,233.45,401.000,111.000,232.45,232.70,5000.000,2500.000,233.25,233.50,10346.000,3541.000,22500.000,15000.000,232.379,232.814,233.178,233.550,-0.800,-0.698
2017-03-24 11:40:00,232.659,233.413,2955.000,85.000,232.50,232.65,2500.000,2500.000,233.30,233.45,541.000,111.000,232.45,232.70,5000.000,2500.000,233.25,233.50,10407.000,3577.000,22500.000,15000.000,232.379,232.817,233.178,233.550,-0.800,-0.695
2017-03-24 11:41:00,232.629,233.310,42.000,104.000,232.50,232.65,2500.000,2500.000,233.25,233.40,2456.000,405.000,232.45,232.70,5000.000,5000.000,233.20,233.45,9028.000,5719.000,17500.000,20000.000,232.354,232.785,233.157,233.500,-0.750,-0.686
2017-03-24 11:42:00,232.751,233.379,2389.000,26.000,232.55,232.65,7500.000,2500.000,233.35,233.50,424.000,51.000,232.50,232.70,5000.000,5000.000,233.30,233.55,15930.000,1381.000,22500.000,25000.000,232.419,232.800,233.256,233.620,-0.825,-0.697
2017-03-24 11:43:00,232.677,233.347,2837.000,87.000,232.50,232.65,5000.000,2500.000,233.30,233.40,1442.000,389.000,232.45,232.70,2500.000,2500.000,233.25,233.45,13648.000,4636.000,20000.000,22500.000,232.372,232.771,233.181,233.522,-0.775,-0.716
2017-03-24 11:44:00,232.691,233.450,28.000,18.000,232.60,232.65,2500.000,7500.000,233.35,233.50,2168.000,1.000,232.55,232.70,2500.000,2500.000,233.30,233.55,6016.000,1949.000,17500.000,22500.000,232.477,232.812,233.236,233.639,-0.800,-0.705
2017-03-24 11:45:00,232.732,233.471,2688.000,115.000,232.55,232.70,7500.000,2500.000,233.35,233.55,384.000,305.000,232.50,232.75,7500.000,5000.000,233.30,233.60,11186.000,3058.000,27500.000,20000.000,232.429,232.846,233.236,233.688,-0.825,-0.692
2017-03-24 11:46:00,232.246,232.879,187.000,121.000,232.05,232.10,5000.000,5000.000,232.85,233.05,3266.000,304.000,232.00,232.20,2500.000,5000.000,232.80,233.10,16401.000,2604.000,17500.000,25000.000,231.902,232.274,232.700,233.145,-0.875,-0.703
2017-03-24 11:47:00,232.055,232.739,3022.000,696.000,231.85,232.00,2500.000,2500.000,232.75,232.85,1278.000,1012.000,231.80,232.05,2500.000,2500.000,232.70,232.90,22910.000,5016.000,20000.000,35000.000,231.727,232.106,232.619,232.986,-0.875,-0.711
2017-03-24 11:48:00,232.004,232.767,18.000,560.000,231.95,232.00,2500.000,2500.000,232.70,232.85,250.000,110.000,231.90,232.05,5000.000,7500.000,232.65,232.90,3361.000,3037.000,17500.000,20000.000,231.791,232.118,232.607,232.950,-0.800,-0.726
2017-03-24 11:49:00,232.009,232.715,51.000,516.000,231.95,232.00,7500.000,2500.000,232.65,232.80,294.000,604.000,231.85,232.05,7500.000,2500.000,232.60,232.85,4105.000,2758.000,22500.000,20000.000,231.756,232.101,232.572,232.925,-0.750,-0.723
2017-03-24 11:50:00,232.034,232.708,644.000,26.000,231.85,231.90,2500.000,5000.000,232.70,232.80,1116.000,565.000,231.80,232.00,7500.000,2500.000,232.65,232.85,15232.000,3460.000,25000.000,35000.000,231.688,232.101,232.590,232.925,-0.875,-0.742
2017-03-24 11:51:00,231.911,232.598,2501.000,100.000,231.80,231.90,7500.000,5000.000,232.60,232.75,1411.000,285.000,231.70,231.95,5000.000,17500.000,232.55,232.80,16191.000,6707.000,22500.000,40000.000,231.632,232.017,232.478,232.838,-0.825,-0.753
2017-03-24 11:52:00,231.607,232.329,181.000,825.000,231.40,231.50,2500.000,2500.000,232.30,232.35,491.000,449.000,231.35,231.55,2500.000,2500.000,232.25,232.40,19219.000,3520.000,25000.000,22500.000,231.238,231.594,232.115,232.483,-0.875,-0.761
2017-03-24 11:53:00,231.596,232.434,4210.000,180.000,231.50,231.65,2500.000,2500.000,232.30,232.45,60.000,509.000,231.45,231.70,7500.000,5000.000,232.25,232.50,7648.000,4236.000,35000.000,27500.000,231.438,231.764,232.136,232.600,-0.800,-0.716
2017-03-24 11:54:00,231.926,232.619,135.000,1651.000,231.85,231.90,2500.000,5000.000,232.60,232.70,2500.000,50.000,231.80,231.95,5000.000,2500.000,232.55,232.75,6254.000,3560.000,17500.000,22500.000,231.738,231.975,232.464,232.833,-0.775,-0.711
2017-03-24 11:55:00,232.245,233.016,146.000,146.000,232.20,232.25,5000.000,2500.000,232.95,233.15,2756.000,245.000,232.15,232.40,5000.000,7500.000,232.90,233.20,6157.000,7070.000,20000.000,20000.000,232.082,232.495,232.787,233.238,-0.825,-0.701
2017-03-24 11:56:00,232.292,233.032,57.000,228.000,232.30,232.35,5000.000,2500.000,232.95,233.10,384.000,455.000,232.20,232.40,5000.000,2500.000,232.90,233.15,4553.000,4470.000,20000.000,15000.000,232.137,232.484,232.838,233.200,-0.700,-0.689
2017-03-24 11:57:00,232.401,233.165,3208.000,4.000,232.35,232.45,2500.000,5000.000,233.15,233.20,607.000,11.000,232.30,232.50,2500.000,2500.000,233.10,233.30,7276.000,3621.000,12500.000,20000.000,232.286,232.627,233.050,233.331,-0.775,-0.694
2017-03-24 11:58:00,232.511,233.121,17.000,499.000,232.45,232.50,5000.000,2500.000,233.10,233.20,264.000,221.000,232.40,232.55,2500.000,2500.000,233.05,233.25,5445.000,4347.000,15000.000,15000.000,232.293,232.622,233.000,233.317,-0.675,-0.727
2017-03-24 11:59:00,232.438,233.107,4.000,956.000,232.45,232.55,2500.000,2500.000,233.10,233.15,35.000,1128.000,232.40,232.60,2500.000,2500.000,233.05,233.20,5430.000,11551.000,20000.000,17500.000,232.291,232.690,232.919,233.286,-0.625,-0.758
2017-03-24 12:00:00,232.349,233.072,60.000,2039.000,232.30,232.45,2500.000,2500.000,233.00,233.15,558.000,150.000,232.25,232.50,2500.000,5000.000,232.95,233.20,5132.000,6315.000,17500.000,22500.000,232.195,232.568,232.843,233.250,-0.700,-0.768
2017-03-24 12:01:00,232.369,233.047,357.000,20.000,232.25,232.30,5000.000,2500.000,233.00,233.15,2156.000,1.000,232.20,232.40,5000.000,2500.000,232.95,233.20,7091.000,2494.000,17500.000,20000.000,232.122,232.534,232.921,233.262,-0.800,-0.785
2017-03-24 12:02:00,232.343,233.132,1778.000,78.000,232.30,232.35,2500.000,2500.000,233.10,233.20,377.000,599.000,232.25,232.50,5000.000,5000.000,233.05,233.25,6512.000,6161.000,20000.000,22500.000,232.185,232.611,233.000,233.317,-0.825,-0.776
2017-03-24 12:03:00,232.425,233.203,1695.000,5.000,232.35,232.50,5000.000,2500.000,233.15,233.30,1219.000,4364.000,232.30,232.55,7500.000,7500.000,233.10,233.35,8714.000,9220.000,20000.000,25000.000,232.237,232.602,233.075,233.410,-0.800,-0.792
2017-03-24 12:04:00,232.381,233.202,1712.000,890.000,232.35,232.50,2500.000,5000.000,233.15,233.25,1219.000,5015.000,232.30,232.55,7500.000,5000.000,233.10,233.30,6191.000,10255.000,25000.000,25000.000,232.272,232.588,233.055,233.340,-0.775,-0.792
2017-03-24 12:05:00,232.424,233.200,39.000,81.000,232.40,232.50,7500.000,5000.000,233.15,233.25,1681.000,4849.000,232.35,232.55,2500.000,7500.000,233.10,233.35,5767.000,9270.000,20000.000,27500.000,232.281,232.597,233.069,233.395,-0.750,-0.804
2017-03-24 12:06:00,232.420,233.179,120.000,1143.000,232.40,232.50,2500.000,5000.000,233.15,233.25,1680.000,5214.000,232.35,232.55,2500.000,5000.000,233.10,233.30,5722.000,10697.000,17500.000,25000.000,232.283,232.585,233.043,233.360,-0.750,-0.814
2017-03-24 12:07:00,232.422,233.167,52.000,735.000,232.45,232.50,2500.000,5000.000,233.15,233.20,102.000,5345.000,232.40,232.55,2500.000,5000.000,233.10,233.25,4380.000,12641.000,20000.000,25000.000,232.304,232.605,233.031,233.305,-0.700,-0.815
2017-03-24 12:08:00,232.278,233.137,63.000,36.000,232.30,232.45,5000.000,10000.000,233.05,233.25,399.000,574.000,232.25,232.50,10000.000,2500.000,233.00,233.30,2878.000,8096.000,22500.000,25000.000,232.172,232.579,232.967,233.330,-0.775,-0.808
2017-03-24 12:09:00,232.360,233.182,53.000,83.000,232.35,232.50,5000.000,5000.000,233.10,233.25,409.000,4054.000,232.30,232.55,7500.000,5000.000,233.05,233.30,3159.000,8099.000,25000.000,22500.000,232.211,232.599,233.020,233.344,-0.750,-0.769
2017-03-24 12:10:00,232.361,233.197,118.000,83.000,232.35,232.50,2500.000,7500.000,233.10,233.25,409.000,4054.000,232.30,232.55,10000.000,5000.000,233.05,233.30,3224.000,8099.000,27500.000,22500.000,232.214,232.599,233.014,233.333,-0.750,-0.729
2017-03-24 12:11:00,232.495,233.306,688.000,176.000,232.35,232.50,2500.000,2500.000,233.20,233.30,389.000,3905.000,232.30,232.55,2500.000,7500.000,233.15,233.35,11853.000,7509.000,25000.000,20000.000,232.202,232.598,233.070,233.400,-0.825,-0.710
2017-03-24 12:12:00,232.507,233.254,357.000,121.000,232.35,232.50,2500.000,7500.000,233.20,233.35,861.000,3690.000,232.30,232.55,2500.000,7500.000,233.15,233.40,12029.000,6871.000,22500.000,40000.000,232.200,232.594,233.072,233.434,-0.850,-0.699
2017-03-24 12:13:00,232.335,233.158,33.000,158.000,232.40,232.45,7500.000,5000.000,233.05,233.25,60.000,384.000,232.30,232.50,10000.000,2500.000,233.00,233.30,3897.000,8143.000,25000.000,20000.000,232.223,232.582,232.985,233.350,-0.725,-0.677
2017-03-24 12:14:00,232.868,233.494,764.000,61.000,232.70,232.80,5000.000,2500.000,233.40,233.55,215.000,2207.000,232.65,233.00,7500.000,7500.000,233.35,233.60,8145.000,6023.000,25000.000,20000.000,232.566,233.055,233.310,233.637,-0.725,-0.706
2017-03-24 12:15:00,232.655,233.290,2994.000,14.000,232.45,232.50,5000.000,2500.000,233.25,233.35,2036.000,330.000,232.40,232.60,2500.000,5000.000,233.20,233.40,16472.000,2122.000,25000.000,25000.000,232.325,232.740,233.105,233.465,-0.825,-0.717
2017-03-24 12:16:00,232.591,233.312,2967.000,3.000,232.45,232.55,2500.000,2500.000,233.25,233.40,1312.000,272.000,232.40,232.60,5000.000,2500.000,233.20,233.45,11022.000,2366.000,15000.000,17500.000,232.341,232.724,233.158,233.507,-0.825,-0.705
2017-03-24 12:17:00,232.565,233.256,595.000,149.000,232.45,232.60,2500.000,2500.000,233.20,233.35,2510.000,265.000,232.40,232.65,2500.000,7500.000,233.15,233.40,7420.000,4071.000,22500.000,22500.000,232.343,232.745,233.006,233.450,-0.750,-0.709
2017-03-24 12:18:00,232.550,233.263,659.000,6.000,232.45,232.50,2500.000,5000.000,233.15,233.35,10.000,1000.000,232.40,232.55,5000.000,5000.000,233.10,233.40,5367.000,1974.000,25000.000,22500.000,232.327,232.599,233.005,233.472,-0.775,-0.697
2017-03-24 12:19:00,232.617,233.390,60.000,66.000,232.50,232.65,7500.000,2500.000,233.25,233.45,3628.000,365.000,232.45,232.70,7500.000,5000.000,233.20,233.50,6379.000,3008.000,30000.000,20000.000,232.401,232.814,233.129,233.594,-0.775,-0.679
2017-03-24 12:20:00,232.554,233.244,68.000,1.000,232.50,232.55,5000.000,2500.000,233.15,233.35,449.000,66.000,232.45,232.60,2500.000,5000.000,233.10,233.40,4431.000,2777.000,22500.000,20000.000,232.349,232.731,233.017,233.456,-0.725,-0.685
2017-03-24 12:21:00,232.776,233.432,3076.000,229.000,232.60,232.70,2500.000,2500.000,233.40,233.55,1441.000,7.000,232.55,232.75,5000.000,2500.000,233.35,233.60,11179.000,846.000,17500.000,17500.000,232.500,232.834,233.279,233.671,-0.825,-0.693
2017-03-24 12:22:00,232.765,233.479,143.000,18.000,232.70,232.75,2500.000,5000.000,233.45,233.60,2499.000,11.000,232.65,232.80,5000.000,2500.000,233.40,233.65,7219.000,3959.000,20000.000,27500.000,232.585,232.976,233.325,233.714,-0.800,-0.691
2017-03-24 12:23:00,232.768,233.421,235.000,9.000,232.65,232.75,2500.000,2500.000,233.40,233.55,2999.000,71.000,232.60,232.80,5000.000,5000.000,233.35,233.60,7269.000,2263.000,15000.000,20000.000,232.543,232.918,233.283,233.662,-0.775,-0.693
2017-03-24 12:24:00,232.769,233.453,3172.000,1.000,232.65,232.75,2500.000,2500.000,233.45,233.60,1239.000,13.000,232.60,232.80,2500.000,2500.000,233.40,233.65,10835.000,4288.000,15000.000,27500.000,232.543,232.979,233.350,233.732,-0.825,-0.689
2017-03-24 12:25:00,232.746,233.464,29.000,2.000,232.70,232.75,2500.000,2500.000,233.45,233.60,1773.000,13.000,232.65,232.80,5000.000,2500.000,233.40,233.65,5816.000,4289.000,17500.000,27500.000,232.573,232.979,233.357,233.732,-0.800,-0.677
2017-03-24 12:26:00,232.792,233.489,2116.000,11.000,232.70,232.80,2500.000,2500.000,233.50,233.60,829.000,646.000,232.65,232.90,5000.000,2500.000,233.45,233.65,8775.000,6313.000,17500.000,27500.000,232.577,232.992,233.400,233.727,-0.800,-0.674
2017-03-24 12:27:00,232.747,233.450,371.000,16.000,232.70,232.75,2500.000,2500.000,233.45,233.60,1773.000,646.000,232.65,232.90,5000.000,2500.000,233.40,233.65,5813.000,6668.000,15000.000,25000.000,232.580,232.991,233.342,233.720,-0.800,-0.669
2017-03-24 12:28:00,232.719,233.383,353.000,66.000,232.70,232.80,2500.000,2500.000,233.40,233.55,20.000,264.000,232.65,232.85,5000.000,5000.000,233.35,233.60,4668.000,5449.000,15000.000,22500.000,232.561,232.970,233.258,233.667,-0.725,-0.660
2017-03-24 12:29:00,232.807,233.471,904.000,625.000,232.80,232.90,2500.000,2500.000,233.50,233.60,2088.000,1478.000,232.70,232.95,5000.000,2500.000,233.45,233.65,5365.000,6792.000,17500.000,25000.000,232.668,232.993,233.343,233.720,-0.700,-0.669
2017-03-24 12:30:00,232.809,233.469,921.000,314.000,232.80,232.90,7500.000,2500.000,233.50,233.60,1793.000,160.000,232.70,232.95,5000.000,7500.000,233.45,233.70,5087.000,5502.000,22500.000,30000.000,232.666,233.015,233.361,233.754,-0.700,-0.686
2017-03-24 12:31:00,232.797,233.476,30.000,48.000,232.85,232.90,2500.000,2500.000,233.50,233.60,2007.000,638.000,232.70,232.95,5000.000,2500.000,233.45,233.65,4405.000,5664.000,17500.000,25000.000,232.644,233.017,233.357,233.730,-0.675,-0.682
2017-03-24 12:32:00,232.797,233.476,46.000,7.000,232.85,232.90,2500.000,2500.000,233.50,233.60,2007.000,638.000,232.70,232.95,5000.000,2500.000,233.45,233.65,4421.000,5628.000,17500.000,25000.000,232.644,233.018,233.357,233.730,-0.675,-0.687
2017-03-24 12:33:00,232.791,233.410,29.000,88.000,232.70,232.85,2500.000,5000.000,233.40,233.55,727.000,715.000,232.65,232.90,2500.000,5000.000,233.35,233.60,7241.000,6180.000,15000.000,22500.000,232.558,232.995,233.208,233.650,-0.700,-0.707
2017-03-24 12:34:00,232.616,233.325,4.000,1.000,232.55,232.60,5000.000,5000.000,233.25,233.40,137.000,82.000,232.50,232.70,2500.000,2500.000,233.20,233.45,4675.000,3131.000,25000.000,20000.000,232.423,232.824,233.065,233.500,-0.750,-0.710
2017-03-24 12:35:00,232.602,233.347,204.000,1.000,232.55,232.60,2500.000,5000.000,233.25,233.35,73.000,392.000,232.50,232.70,2500.000,5000.000,233.20,233.40,4811.000,3815.000,22500.000,17500.000,232.426,232.813,233.072,233.429,-0.725,-0.706
2017-03-24 12:36:00,232.661,233.321,267.000,31.000,232.60,232.70,5000.000,2500.000,233.25,233.35,45.000,400.000,232.55,232.75,2500.000,2500.000,233.20,233.45,4086.000,4015.000,25000.000,17500.000,232.448,232.832,233.070,233.507,-0.650,-0.709
2017-03-24 12:37:00,232.739,233.439,55.000,762.000,232.65,232.85,2500.000,2500.000,233.40,233.50,2337.000,890.000,232.60,232.90,2500.000,7500.000,233.35,233.55,7651.000,8649.000,22500.000,25000.000,232.523,232.972,233.294,233.610,-0.700,-0.728
2017-03-24 12:38:00,232.763,233.482,2119.000,810.000,232.65,232.85,5000.000,2500.000,233.45,233.55,689.000,765.000,232.60,232.90,2500.000,5000.000,233.40,233.60,10118.000,9011.000,20000.000,22500.000,232.523,232.977,233.350,233.667,-0.750,-0.741
2017-03-24 12:39:00,232.741,233.465,35.000,836.000,232.75,232.85,2500.000,2500.000,233.45,233.50,2232.000,1104.000,232.65,232.90,2500.000,5000.000,233.40,233.60,6074.000,9137.000,17500.000,25000.000,232.574,232.970,233.336,233.665,-0.675,-0.746
2017-03-24 12:40:00,232.739,233.465,52.000,847.000,232.75,232.85,2500.000,2500.000,233.45,233.50,2232.000,1104.000,232.65,232.90,2500.000,5000.000,233.40,233.60,6091.000,9276.000,17500.000,25000.000,232.575,232.971,233.336,233.665,-0.675,-0.752
2017-03-24 12:41:00,232.673,233.350,469.000,135.000,232.60,232.75,2500.000,2500.000,233.35,233.50,2480.000,859.000,232.55,232.85,10000.000,5000.000,233.30,233.55,8192.000,7983.000,20000.000,25000.000,232.497,232.958,233.238,233.625,-0.750,-0.752
2017-03-24 12:42:00,232.310,233.103,2.000,4866.000,232.25,232.40,7500.000,7500.000,233.00,233.20,3463.000,122.000,232.20,232.45,5000.000,2500.000,232.95,233.25,5294.000,7865.000,20000.000,17500.000,232.161,232.460,232.906,233.286,-0.775,-0.731
2017-03-24 12:43:00,232.049,232.833,1003.000,671.000,232.00,232.15,2500.000,5000.000,232.75,232.95,2500.000,350.000,231.95,232.20,2500.000,12500.000,232.70,233.00,5218.000,5380.000,25000.000,32500.000,231.925,232.272,232.580,233.035,-0.775,-0.716
2017-03-24 12:44:00,232.234,232.985,3773.000,1.000,232.15,232.25,2500.000,2500.000,232.95,233.05,213.000,1809.000,232.10,232.35,5000.000,5000.000,232.90,233.10,10631.000,7372.000,17500.000,25000.000,232.043,232.439,232.850,233.155,-0.800,-0.710
2017-03-24 12:45:00,232.415,233.171,92.000,57.000,232.35,232.45,10000.000,5000.000,233.05,233.25,160.000,156.000,232.30,232.50,5000.000,5000.000,233.00,233.30,4812.000,3279.000,25000.000,17500.000,232.227,232.617,232.945,233.343,-0.750,-0.698
2017-03-24 12:46:00,232.494,233.169,85.000,1.000,232.35,232.40,5000.000,5000.000,233.10,233.25,2743.000,8.000,232.30,232.45,5000.000,7500.000,233.05,233.30,8366.000,1063.000,20000.000,25000.000,232.215,232.576,233.006,233.425,-0.800,-0.704
2017-03-24 12:47:00,232.561,233.250,110.000,7.000,232.45,232.50,17500.000,2500.000,233.20,233.30,2500.000,65.000,232.40,232.55,5000.000,2500.000,233.15,233.40,8708.000,2822.000,30000.000,17500.000,232.305,232.649,233.133,233.443,-0.775,-0.711
2017-03-24 12:48:00,232.572,233.281,2828.000,7.000,232.45,232.50,10000.000,2500.000,233.25,233.30,1060.000,5.000,232.35,232.55,5000.000,2500.000,233.20,233.35,19423.000,2689.000,25000.000,15000.000,232.291,232.651,233.185,233.408,-0.800,-0.728
2017-03-24 12:49:00,232.738,233.461,22.000,1335.000,232.65,232.70,7500.000,5000.000,233.40,233.55,2157.000,105.000,232.60,232.75,5000.000,7500.000,233.35,233.60,6850.000,3558.000,22500.000,25000.000,232.511,232.804,233.328,233.635,-0.800,-0.727
2017-03-24 12:50:00,232.720,233.417,1982.000,815.000,232.60,232.70,7500.000,2500.000,233.40,233.50,1198.000,165.000,232.50,232.75,5000.000,7500.000,233.35,233.55,12202.000,3966.000,22500.000,30000.000,232.446,232.824,233.328,233.600,-0.800,-0.734
2017-03-24 12:51:00,232.774,233.478,2021.000,1.000,232.65,232.70,10000.000,10000.000,233.45,233.60,779.000,116.000,232.55,232.75,5000.000,2500.000,233.40,233.65,15698.000,1712.000,27500.000,45000.000,232.494,232.873,233.382,233.689,-0.850,-0.725
2017-03-24 12:52:00,232.763,233.485,2335.000,656.000,232.65,232.75,7500.000,10000.000,233.45,233.55,60.000,624.000,232.60,232.80,2500.000,12500.000,233.40,233.60,10652.000,5153.000,25000.000,35000.000,232.520,232.879,233.365,233.621,-0.800,-0.712
2017-03-24 12:53:00,232.703,233.500,1326.000,420.000,232.65,232.80,7500.000,10000.000,233.45,233.60,60.000,698.000,232.60,232.85,7500.000,5000.000,233.40,233.65,7143.000,8344.000,25000.000,32500.000,232.508,232.952,233.380,233.681,-0.800,-0.674
2017-03-24 12:54:00,232.779,233.498,1312.000,825.000,232.65,232.70,10000.000,2500.000,233.45,233.55,60.000,644.000,232.60,232.80,2500.000,10000.000,233.40,233.60,12129.000,5292.000,27500.000,25000.000,232.504,232.867,233.373,233.645,-0.825,-0.665
2017-03-24 12:55:00,232.763,233.492,4851.000,205.000,232.65,232.70,10000.000,7500.000,233.45,233.55,60.000,695.000,232.60,232.80,2500.000,12500.000,233.40,233.60,15668.000,5173.000,27500.000,32500.000,232.537,232.890,233.368,233.627,-0.825,-0.665
2017-03-24 12:56:00,232.528,233.185,365.000,66.000,232.50,232.65,2500.000,2500.000,233.20,233.35,897.000,400.000,232.45,232.70,2500.000,2500.000,233.15,233.40,5650.000,7660.000,15000.000,17500.000,232.402,232.785,232.958,233.471,-0.700,-0.683
2017-03-24 12:57:00,232.511,233.171,219.000,74.000,232.50,232.60,2500.000,10000.000,233.20,233.35,661.000,60.000,232.45,232.65,2500.000,5000.000,233.15,233.40,5493.000,6008.000,12500.000,30000.000,232.392,232.768,233.050,233.442,-0.725,-0.666
2017-03-24 12:58:00,232.546,233.153,70.000,546.000,232.55,232.60,2500.000,5000.000,233.15,233.30,200.000,110.000,232.50,232.65,2500.000,5000.000,233.10,233.35,5001.000,7901.000,15000.000,25000.000,232.366,232.755,232.950,233.420,-0.650,-0.661
2017-03-24 12:59:00,232.603,233.278,51.000,54.000,232.55,232.70,5000.000,5000.000,233.25,233.40,272.000,1250.000,232.50,232.75,2500.000,5000.000,233.20,233.45,6155.000,7358.000,20000.000,25000.000,232.415,232.840,233.106,233.495,-0.700,-0.650
2017-03-24 13:00:00,232.629,233.356,645.000,1597.000,232.55,232.75,7500.000,2500.000,233.30,233.45,3039.000,165.000,232.50,232.80,7500.000,5000.000,233.25,233.50,6773.000,7334.000,25000.000,20000.000,232.454,232.873,233.200,233.550,-0.725,-0.617
2017-03-24 13:01:00,232.597,233.344,368.000,426.000,232.55,232.70,5000.000,5000.000,233.25,233.45,781.000,1400.000,232.50,232.75,5000.000,5000.000,233.20,233.50,6692.000,7586.000,20000.000,20000.000,232.429,232.849,233.119,233.531,-0.725,-0.574
2017-03-24 13:02:00,232.577,233.154,343.000,505.000,232.40,232.60,2500.000,5000.000,233.10,233.25,1350.000,450.000,232.35,232.65,2500.000,2500.000,233.05,233.30,12562.000,6648.000,12500.000,17500.000,232.270,232.710,233.000,233.336,-0.675,-0.567
2017-03-24 13:03:00,232.481,233.064,2.000,506.000,232.40,232.55,5000.000,10000.000,233.00,233.20,12.000,864.000,232.35,232.60,5000.000,5000.000,232.95,233.25,6605.000,8179.000,20000.000,25000.000,232.217,232.673,232.825,233.295,-0.625,-0.573
2017-03-24 13:04:00,232.503,233.121,68.000,406.000,232.40,232.55,7500.000,2500.000,233.05,233.20,478.000,709.000,232.35,232.60,5000.000,5000.000,233.00,233.25,9093.000,7974.000,20000.000,15000.000,232.244,232.678,232.956,233.292,-0.650,-0.561
2017-03-24 13:05:00,232.415,232.975,383.000,32.000,232.30,232.40,2500.000,5000.000,233.00,233.10,584.000,321.000,232.25,232.50,2500.000,5000.000,232.90,233.15,9111.000,5363.000,15000.000,30000.000,232.185,232.587,232.842,233.254,-0.700,-0.545
2017-03-24 13:06:00,232.452,232.984,396.000,3.000,232.30,232.40,2500.000,5000.000,232.95,233.10,404.000,569.000,232.25,232.50,2500.000,2500.000,232.90,233.15,9143.000,4441.000,15000.000,25000.000,232.166,232.567,232.833,233.225,-0.675,-0.539
2017-03-24 13:07:00,232.416,232.956,404.000,57.000,232.25,232.45,7500.000,2500.000,232.90,233.05,1690.000,2702.000,232.20,232.50,5000.000,2500.000,232.85,233.10,9375.000,5743.000,22500.000,20000.000,232.113,232.563,232.822,233.188,-0.625,-0.527
2017-03-24 13:08:00,232.366,232.978,124.000,7.000,232.30,232.45,7500.000,2500.000,232.95,233.05,499.000,2752.000,232.25,232.50,7500.000,2500.000,232.90,233.15,7729.000,8243.000,25000.000,20000.000,232.164,232.590,232.840,233.213,-0.625,-0.515
2017-03-24 13:09:00,232.497,233.057,73.000,1.000,232.45,232.55,5000.000,2500.000,233.05,233.20,364.000,55.000,232.40,232.60,2500.000,5000.000,233.00,233.25,7393.000,8439.000,15000.000,20000.000,232.265,232.711,232.942,233.319,-0.625,-0.517
2017-03-24 13:10:00,232.607,233.089,801.000,466.000,232.45,232.65,5000.000,2500.000,233.10,233.25,689.000,3591.000,232.40,232.70,2500.000,2500.000,233.05,233.30,9713.000,7209.000,15000.000,30000.000,232.301,232.753,233.017,233.383,-0.625,-0.525
2017-03-24 13:11:00,232.561,233.063,31.000,472.000,232.45,232.60,2500.000,2500.000,233.05,233.20,272.000,2900.000,232.40,232.65,5000.000,5000.000,233.00,233.25,8759.000,8898.000,15000.000,22500.000,232.266,232.708,232.950,233.322,-0.600,-0.537
2017-03-24 13:12:00,232.511,232.991,1342.000,28.000,232.35,232.45,2500.000,2500.000,233.00,233.15,453.000,80.000,232.30,232.55,5000.000,2500.000,232.95,233.20,12122.000,4351.000,15000.000,25000.000,232.228,232.633,232.883,233.270,-0.675,-0.547
2017-03-24 13:13:00,232.453,233.006,226.000,105.000,232.40,232.50,2500.000,2500.000,233.00,233.15,499.000,450.000,232.35,232.55,5000.000,2500.000,232.95,233.20,7111.000,7632.000,20000.000,25000.000,232.233,232.647,232.831,233.310,-0.625,-0.538
2017-03-24 13:14:00,232.567,233.137,255.000,454.000,232.45,232.65,2500.000,7500.000,233.10,233.25,600.000,1227.000,232.40,232.70,2500.000,2500.000,233.05,233.30,8753.000,8896.000,15000.000,22500.000,232.296,232.765,232.975,233.333,-0.625,-0.528
2017-03-24 13:15:00,232.581,233.103,753.000,454.000,232.45,232.65,5000.000,2500.000,233.10,233.25,562.000,3727.000,232.40,232.70,2500.000,2500.000,233.05,233.30,9234.000,8557.000,15000.000,22500.000,232.304,232.751,232.992,233.367,-0.625,-0.552
2017-03-24 13:16:00,232.584,233.145,363.000,125.000,232.50,232.65,10000.000,2500.000,233.15,233.30,890.000,1038.000,232.45,232.70,2500.000,5000.000,233.10,233.35,6406.000,6037.000,22500.000,27500.000,232.372,232.772,233.028,233.423,-0.650,-0.566
2017-03-24 13:17:00,232.627,233.159,33.000,52.000,232.55,232.65,5000.000,5000.000,233.20,233.35,654.000,1038.000,232.50,232.70,5000.000,7500.000,233.15,233.40,7234.000,5685.000,20000.000,37500.000,232.402,232.790,233.069,233.470,-0.675,-0.599
2017-03-24 13:18:00,232.483,232.989,23.000,676.000,232.40,232.55,2500.000,5000.000,233.00,233.20,209.000,409.000,232.35,232.60,2500.000,10000.000,232.95,233.25,7645.000,8535.000,12500.000,32500.000,232.220,232.689,232.870,233.304,-0.625,-0.615
2017-03-24 13:19:00,232.399,232.918,208.000,505.000,232.25,232.45,2500.000,5000.000,232.90,233.05,2136.000,350.000,232.20,232.50,2500.000,7500.000,232.85,233.10,9912.000,6445.000,15000.000,27500.000,232.124,232.573,232.767,233.132,-0.625,-0.645
2017-03-24 13:20:00,232.417,233.058,536.000,5.000,232.30,232.45,5000.000,2500.000,233.00,233.15,1120.000,440.000,232.25,232.50,7500.000,5000.000,232.95,233.20,9400.000,4663.000,25000.000,22500.000,232.199,232.604,232.885,233.283,-0.700,-0.642
2017-03-24 13:21:00,232.303,232.934,121.000,97.000,232.20,232.25,2500.000,5000.000,232.80,233.00,249.000,41.000,232.15,232.30,5000.000,7500.000,232.75,233.05,7603.000,4555.000,25000.000,22500.000,232.019,232.489,232.595,233.089,-0.675,-0.639
2017-03-24 13:22:00,232.174,232.871,15.000,615.000,232.20,232.25,2500.000,5000.000,232.75,232.95,504.000,51.000,232.15,232.30,2500.000,5000.000,232.70,233.00,3684.000,6859.000,30000.000,22500.000,232.032,232.407,232.533,233.039,-0.625,-0.634
2017-03-24 13:23:00,232.251,232.837,327.000,399.000,232.15,232.20,2500.000,5000.000,232.80,232.95,210.000,62.000,232.10,232.25,5000.000,7500.000,232.75,233.00,10000.000,3612.000,15000.000,22500.000,232.001,232.370,232.692,233.033,-0.700,-0.642
2017-03-24 13:24:00,232.338,233.009,186.000,1.000,232.30,232.35,2500.000,2500.000,232.95,233.15,458.000,55.000,232.25,232.45,5000.000,5000.000,232.90,233.20,5790.000,5437.000,17500.000,25000.000,232.166,232.569,232.843,233.265,-0.725,-0.635
2017-03-24 13:25:00,232.418,233.043,50.000,1.000,232.40,232.45,2500.000,2500.000,233.00,233.15,506.000,1039.000,232.30,232.50,5000.000,2500.000,232.95,233.20,6184.000,5313.000,17500.000,20000.000,232.201,232.593,232.900,233.287,-0.650,-0.650
2017-03-24 13:26:00,232.402,233.019,222.000,1848.000,232.30,232.50,2500.000,2500.000,232.95,233.15,365.000,50.000,232.25,232.55,2500.000,2500.000,232.90,233.20,6664.000,7764.000,15000.000,17500.000,232.161,232.602,232.850,233.279,-0.650,-0.663
2017-03-24 13:27:00,232.321,232.993,27.000,161.000,232.30,232.40,2500.000,2500.000,232.90,233.05,61.000,349.000,232.25,232.45,5000.000,7500.000,232.85,233.10,5221.000,8339.000,25000.000,25000.000,232.126,232.538,232.790,233.190,-0.625,-0.662
2017-03-24 13:28:00,232.400,233.023,57.000,12.000,232.40,232.45,2500.000,2500.000,233.05,233.15,927.000,1492.000,232.30,232.50,5000.000,2500.000,233.00,233.20,7065.000,5827.000,17500.000,32500.000,232.248,232.585,232.929,233.323,-0.675,-0.675
2017-03-24 13:29:00,232.474,233.110,945.000,1165.000,232.40,232.50,5000.000,2500.000,233.10,233.25,883.000,115.000,232.35,232.60,5000.000,2500.000,233.05,233.30,9358.000,8202.000,22500.000,30000.000,232.291,232.675,232.972,233.367,-0.725,-0.681
2017-03-24 13:30:00,232.529,233.227,285.000,28.000,232.60,232.65,2500.000,5000.000,233.25,233.35,110.000,1548.000,232.50,232.70,7500.000,5000.000,233.15,233.40,5587.000,10562.000,20000.000,35000.000,232.433,232.799,233.119,233.500,-0.675,-0.680
2017-03-24 13:31:00,232.559,233.242,277.000,398.000,232.60,232.65,5000.000,5000.000,233.15,233.30,250.000,1798.000,232.55,232.70,2500.000,2500.000,233.10,233.35,4428.000,11771.000,25000.000,20000.000,232.484,232.769,233.055,233.400,-0.600,-0.677
2017-03-24 13:32:00,232.476,233.145,74.000,1.000,232.40,232.45,2500.000,2500.000,233.05,233.20,399.000,686.000,232.35,232.60,5000.000,5000.000,233.00,233.25,7904.000,8599.000,25000.000,22500.000,232.251,232.678,232.935,233.344,-0.700,-0.692
2017-03-24 13:33:00,232.502,233.189,319.000,190.000,232.55,232.60,2500.000,5000.000,233.15,233.30,110.000,1214.000,232.45,232.70,2500.000,2500.000,233.10,233.35,5365.000,11961.000,25000.000,32500.000,232.364,232.775,233.035,233.435,-0.650,-0.703
2017-03-24 13:34:00,232.581,233.250,119.000,1378.000,232.65,232.70,2500.000,2500.000,233.20,233.35,364.000,862.000,232.50,232.75,5000.000,7500.000,233.15,233.40,6257.000,11518.000,30000.000,37500.000,232.404,232.826,233.079,233.477,-0.600,-0.713
2017-03-24 13:35:00,232.600,233.292,347.000,692.000,232.55,232.65,2500.000,2500.000,233.20,233.35,60.000,826.000,232.50,232.70,5000.000,10000.000,233.15,233.40,6053.000,6614.000,22500.000,25000.000,232.401,232.782,233.089,233.465,-0.675,-0.737
2017-03-24 13:36:00,232.581,233.250,262.000,66.000,232.55,232.60,2500.000,5000.000,233.20,233.35,160.000,200.000,232.50,232.65,2500.000,7500.000,233.15,233.40,6068.000,5183.000,20000.000,27500.000,232.400,232.767,233.081,233.459,-0.700,-0.755
2017-03-24 13:37:00,232.587,233.333,122.000,149.000,232.60,232.65,2500.000,7500.000,233.25,233.40,60.000,1476.000,232.55,232.70,7500.000,2500.000,233.20,233.45,4733.000,7021.000,25000.000,25000.000,232.452,232.805,233.110,233.485,-0.700,-0.753
2017-03-24 13:38:00,232.568,233.306,112.000,470.000,232.60,232.65,2500.000,7500.000,233.25,233.40,449.000,1477.000,232.50,232.70,5000.000,2500.000,233.20,233.45,5872.000,7283.000,17500.000,25000.000,232.432,232.798,233.143,233.485,-0.700,-0.738
2017-03-24 13:39:00,232.558,233.281,3176.000,86.000,232.45,232.60,2500.000,2500.000,233.25,233.35,789.000,1741.000,232.40,232.70,5000.000,7500.000,233.15,233.40,10246.000,7854.000,20000.000,25000.000,232.341,232.783,233.094,233.475,-0.775,-0.737
2017-03-24 13:40:00,232.484,233.297,70.000,550.000,232.50,232.65,2500.000,7500.000,233.25,233.40,2345.000,1527.000,232.45,232.70,2500.000,2500.000,233.20,233.45,4647.000,9693.000,15000.000,25000.000,232.407,232.789,233.133,233.485,-0.750,-0.730
2017-03-24 13:41:00,232.537,233.295,119.000,110.000,232.50,232.60,2500.000,2500.000,233.25,233.40,2188.000,131.000,232.45,232.65,5000.000,5000.000,233.20,233.45,4936.000,4657.000,22500.000,32500.000,232.400,232.736,233.100,233.500,-0.775,-0.727
2017-03-24 13:42:00,232.731,233.465,181.000,1602.000,232.75,232.90,5000.000,2500.000,233.45,233.60,1351.000,1471.000,232.65,232.95,5000.000,2500.000,233.40,233.65,5000.000,12319.000,22500.000,37500.000,232.569,232.999,233.350,233.727,-0.700,-0.719
2017-03-24 13:43:00,232.788,233.452,174.000,1222.000,232.80,232.90,5000.000,2500.000,233.45,233.60,304.000,1471.000,232.70,232.95,10000.000,2500.000,233.40,233.65,4858.000,9253.000,27500.000,37500.000,232.608,233.003,233.341,233.727,-0.675,-0.721
2017-03-24 13:44:00,232.561,233.278,125.000,192.000,232.55,232.60,2500.000,2500.000,233.25,233.40,551.000,61.000,232.50,232.70,2500.000,5000.000,233.20,233.45,4994.000,5844.000,15000.000,25000.000,232.416,232.828,233.133,233.515,-0.750,-0.716
2017-03-24 13:45:00,232.571,233.347,133.000,144.000,232.55,232.60,2500.000,2500.000,233.30,233.45,1688.000,81.000,232.50,232.70,5000.000,7500.000,233.25,233.50,5093.000,6346.000,20000.000,25000.000,232.427,232.864,233.137,233.545,-0.800,-0.702
2017-03-24 13:46:00,232.547,233.291,152.000,241.000,232.55,232.60,2500.000,2500.000,233.25,233.40,258.000,405.000,232.50,232.70,2500.000,2500.000,233.20,233.45,4318.000,6499.000,20000.000,22500.000,232.403,232.817,233.088,233.539,-0.750,-0.704
2017-03-24 13:47:00,232.419,233.114,116.000,120.000,232.30,232.35,5000.000,2500.000,233.05,233.25,1375.000,148.000,232.25,232.45,5000.000,2500.000,233.00,233.30,5931.000,2890.000,17500.000,17500.000,232.149,232.547,232.943,233.357,-0.825,-0.696
2017-03-24 13:48:00,232.571,233.240,101.000,60.000,232.45,232.50,5000.000,2500.000,233.20,233.35,1215.000,310.000,232.40,232.60,5000.000,5000.000,233.15,233.40,7124.000,3854.000,22500.000,30000.000,232.287,232.689,233.106,233.463,-0.800,-0.710
2017-03-24 13:49:00,232.576,233.268,147.000,177.000,232.55,232.60,5000.000,5000.000,233.25,233.45,1720.000,190.000,232.45,232.70,5000.000,5000.000,233.20,233.50,4118.000,3355.000,20000.000,35000.000,232.389,232.802,233.131,233.554,-0.775,-0.713
2017-03-24 13:50:00,232.585,233.292,131.000,57.000,232.55,232.70,2500.000,2500.000,233.30,233.45,1265.000,738.000,232.50,232.75,2500.000,2500.000,233.25,233.50,4919.000,6699.000,15000.000,30000.000,232.411,232.852,233.183,233.583,-0.750,-0.684
2017-03-24 13:51:00,232.362,233.115,19.000,60.000,232.40,232.50,2500.000,2500.000,233.05,233.25,30.000,264.000,232.35,232.55,7500.000,7500.000,233.00,233.30,2845.000,6614.000,22500.000,27500.000,232.242,232.666,232.917,233.364,-0.700,-0.662
2017-03-24 13:52:00,232.537,233.193,700.000,246.000,232.45,232.60,7500.000,5000.000,233.15,233.35,304.000,633.000,232.40,232.65,2500.000,5000.000,233.10,233.40,8698.000,7141.000,22500.000,32500.000,232.313,232.756,233.044,233.465,-0.725,-0.653
2017-03-24 13:53:00,232.175,232.915,27.000,333.000,232.25,232.30,5000.000,5000.000,232.85,233.00,260.000,1013.000,232.10,232.35,5000.000,7500.000,232.80,233.05,8218.000,11867.000,20000.000,22500.000,232.014,232.458,232.769,233.083,-0.650,-0.638
2017-03-24 13:54:00,232.318,233.029,2720.000,60.000,232.25,232.45,2500.000,2500.000,232.95,233.15,26.000,895.000,232.20,232.50,2500.000,10000.000,232.90,233.20,7374.000,7749.000,17500.000,25000.000,232.167,232.585,232.829,233.240,-0.700,-0.612
2017-03-24 13:55:00,232.480,233.039,68.000,566.000,232.45,232.60,7500.000,7500.000,233.05,233.25,110.000,339.000,232.35,232.65,2500.000,2500.000,233.00,233.30,6438.000,8842.000,20000.000,35000.000,232.250,232.721,232.919,233.396,-0.625,-0.637
2017-03-24 13:56:00,232.383,233.028,27.000,59.000,232.40,232.45,5000.000,5000.000,232.95,233.15,499.000,174.000,232.30,232.50,5000.000,2500.000,232.90,233.20,7828.000,8507.000,25000.000,25000.000,232.196,232.621,232.815,233.285,-0.625,-0.640
2017-03-24 13:57:00,232.412,233.024,46.000,272.000,232.40,232.45,2500.000,2500.000,233.00,233.15,2232.000,111.000,232.30,232.50,5000.000,5000.000,232.95,233.20,8028.000,6465.000,20000.000,27500.000,232.218,232.602,232.894,233.273,-0.650,-0.643
2017-03-24 13:58:00,232.365,233.029,1.000,186.000,232.35,232.40,2500.000,2500.000,233.00,233.15,1907.000,861.000,232.30,232.50,5000.000,2500.000,232.95,233.20,6533.000,8923.000,17500.000,25000.000,232.227,232.587,232.907,233.270,-0.700,-0.637
2017-03-24 13:59:00,232.269,232.848,75.000,234.000,232.20,232.25,5000.000,5000.000,232.85,233.05,10.000,110.000,232.15,232.35,2500.000,5000.000,232.80,233.10,8739.000,7168.000,15000.000,37500.000,232.028,232.476,232.750,233.193,-0.725,-0.658
2017-03-24 14:00:00,232.138,232.823,457.000,105.000,232.05,232.10,10000.000,2500.000,232.70,232.90,2093.000,354.000,232.00,232.25,5000.000,7500.000,232.65,232.95,7927.000,5990.000,32500.000,22500.000,231.930,232.344,232.585,232.989,-0.725,-0.669
2017-03-24 14:01:00,232.209,232.868,661.000,58.000,232.15,232.20,2500.000,10000.000,232.85,233.05,400.000,110.000,232.10,232.35,5000.000,2500.000,232.80,233.10,8889.000,7657.000,20000.000,35000.000,232.026,232.480,232.731,233.171,-0.775,-0.695
2017-03-24 14:02:00,232.194,232.821,120.000,402.000,232.15,232.20,5000.000,2500.000,232.75,232.90,500.000,60.000,232.10,232.25,5000.000,5000.000,232.70,232.95,6463.000,5248.000,20000.000,22500.000,231.988,232.364,232.656,233.017,-0.650,-0.730
2017-03-24 14:03:00,231.974,232.612,29.000,183.000,231.85,231.90,5000.000,2500.000,232.55,232.70,2439.000,841.000,231.75,232.00,12500.000,7500.000,232.50,232.75,9337.000,3719.000,27500.000,25000.000,231.654,232.082,232.450,232.795,-0.750,-0.757
2017-03-24 14:04:00,231.777,232.460,1157.000,87.000,231.75,231.80,2500.000,5000.000,232.45,232.60,50.000,414.000,231.70,231.90,5000.000,5000.000,232.40,232.65,7495.000,7818.000,20000.000,32500.000,231.614,232.016,232.306,232.712,-0.750,-0.776
2017-03-24 14:05:00,231.649,232.389,35.000,140.000,231.65,231.70,2500.000,7500.000,232.25,232.45,974.000,1248.000,231.60,231.80,5000.000,2500.000,232.20,232.50,5512.000,9702.000,22500.000,22500.000,231.492,231.897,232.128,232.556,-0.675,-0.783
2017-03-24 14:06:00,231.548,232.333,945.000,50.000,231.45,231.50,2500.000,2500.000,232.20,232.35,4489.000,276.000,231.40,231.60,5000.000,2500.000,232.15,232.40,10949.000,4393.000,32500.000,20000.000,231.339,231.723,232.054,232.481,-0.800,-0.793
2017-03-24 14:07:00,231.555,232.359,5118.000,292.000,231.45,231.50,5000.000,2500.000,232.20,232.35,4774.000,449.000,231.40,231.65,5000.000,2500.000,232.15,232.40,17577.000,7583.000,37500.000,17500.000,231.354,231.751,232.060,232.471,-0.800,-0.802
2017-03-24 14:08:00,231.433,232.204,34.000,631.000,231.45,231.50,5000.000,2500.000,232.10,232.25,296.000,449.000,231.40,231.55,7500.000,7500.000,232.05,232.30,3815.000,6434.000,35000.000,22500.000,231.301,231.645,232.014,232.350,-0.700,-0.814
2017-03-24 14:09:00,231.455,232.233,4.000,908.000,231.45,231.50,2500.000,2500.000,232.10,232.25,489.000,449.000,231.40,231.55,7500.000,7500.000,232.05,232.30,4822.000,6767.000,35000.000,17500.000,231.295,231.638,232.007,232.336,-0.700,-0.818
2017-03-24 14:10:00,231.445,232.220,14.000,1405.000,231.45,231.50,2500.000,5000.000,232.10,232.25,11.000,110.000,231.40,231.55,7500.000,5000.000,232.05,232.30,4354.000,7353.000,35000.000,20000.000,231.286,231.635,232.007,232.344,-0.700,-0.825
2017-03-24 14:11:00,231.453,232.289,1317.000,1.000,231.40,231.45,2500.000,7500.000,232.15,232.30,2648.000,1824.000,231.35,231.50,5000.000,2500.000,232.10,232.35,7870.000,4291.000,35000.000,20000.000,231.300,231.576,232.032,232.387,-0.800,-0.814
2017-03-24 14:12:00,231.436,232.283,414.000,20.000,231.40,231.45,2500.000,2500.000,232.15,232.30,2893.000,1157.000,231.35,231.50,5000.000,10000.000,232.10,232.35,5895.000,3812.000,32500.000,20000.000,231.301,231.589,232.035,232.381,-0.800,-0.802
2017-03-24 14:13:00,231.469,232.302,452.000,1689.000,231.45,231.50,5000.000,2500.000,232.15,232.30,1104.000,749.000,231.40,231.60,5000.000,7500.000,232.10,232.35,7095.000,9389.000,35000.000,20000.000,231.328,231.674,232.036,232.412,-0.750,-0.797
2017-03-24 14:14:00,231.529,232.327,2101.000,2054.000,231.45,231.50,2500.000,2500.000,232.20,232.30,3604.000,60.000,231.40,231.55,5000.000,5000.000,232.15,232.35,10528.000,4813.000,37500.000,22500.000,231.348,231.582,232.053,232.456,-0.775,-0.790
2017-03-24 14:15:00,231.462,232.272,1146.000,3.000,231.40,231.45,2500.000,5000.000,232.15,232.30,2660.000,1655.000,231.35,231.50,5000.000,5000.000,232.10,232.35,8875.000,4342.000,35000.000,27500.000,231.293,231.583,232.032,232.445,-0.800,-0.780
2017-03-24 14:16:00,231.526,232.305,27.000,2171.000,231.45,231.50,2500.000,5000.000,232.15,232.30,1194.000,110.000,231.40,231.55,5000.000,5000.000,232.10,232.35,8016.000,5533.000,35000.000,20000.000,231.310,231.590,232.032,232.412,-0.750,-0.753
2017-03-24 14:17:00,231.510,232.300,10.000,1623.000,231.45,231.50,7500.000,5000.000,232.15,232.35,795.000,110.000,231.40,231.60,5000.000,2500.000,232.10,232.40,7939.000,7819.000,37500.000,22500.000,231.303,231.669,232.047,232.456,-0.775,-0.762
2017-03-24 14:18:00,231.468,232.274,1404.000,16.000,231.40,231.45,2500.000,7500.000,232.15,232.30,2660.000,1722.000,231.35,231.50,5000.000,2500.000,232.10,232.35,9722.000,4333.000,35000.000,22500.000,231.295,231.577,232.032,232.400,-0.800,-0.762
2017-03-24 14:19:00,231.536,232.300,52.000,2033.000,231.45,231.50,5000.000,5000.000,232.15,232.30,1280.000,110.000,231.40,231.55,5000.000,5000.000,232.10,232.35,8177.000,4967.000,37500.000,22500.000,231.312,231.581,232.040,232.422,-0.750,-0.781
2017-03-24 14:20:00,231.542,232.302,3554.000,2394.000,231.40,231.50,5000.000,5000.000,232.20,232.30,367.000,110.000,231.35,231.55,2500.000,5000.000,232.15,232.35,14868.000,5328.000,37500.000,37500.000,231.279,231.576,232.060,232.490,-0.800,-0.779
2017-03-24 14:21:00,231.639,232.286,27.000,2246.000,231.60,231.75,10000.000,5000.000,232.25,232.45,144.000,944.000,231.55,231.80,5000.000,5000.000,232.20,232.50,4955.000,9354.000,25000.000,37500.000,231.451,231.849,232.175,232.597,-0.675,-0.806
2017-03-24 14:22:00,231.430,232.264,754.000,1518.000,231.40,231.50,2500.000,5000.000,232.15,232.30,2321.000,689.000,231.35,231.60,7500.000,5000.000,232.10,232.35,7361.000,9166.000,37500.000,25000.000,231.291,231.691,232.037,232.410,-0.775,-0.788
2017-03-24 14:23:00,231.520,232.326,2925.000,15.000,231.40,231.45,2500.000,2500.000,232.20,232.30,575.000,1454.000,231.35,231.50,2500.000,5000.000,232.15,232.35,11907.000,4278.000,37500.000,25000.000,231.281,231.599,232.053,232.420,-0.825,-0.777
2017-03-24 14:24:00,231.428,232.289,48.000,1424.000,231.45,231.50,2500.000,2500.000,232.15,232.30,638.000,689.000,231.40,231.60,7500.000,5000.000,232.10,232.35,5797.000,11658.000,37500.000,20000.000,231.314,231.694,232.037,232.394,-0.750,-0.734
2017-03-24 14:25:00,231.438,232.185,31.000,2220.000,231.45,231.50,5000.000,5000.000,232.10,232.25,1098.000,265.000,231.40,231.55,7500.000,12500.000,232.05,232.30,4488.000,7896.000,35000.000,32500.000,231.323,231.620,232.007,232.350,-0.700,-0.733
2017-03-24 14:26:00,231.461,232.242,1012.000,1553.000,231.40,231.60,10000.000,2500.000,232.10,232.25,70.000,389.000,231.35,231.65,7500.000,5000.000,232.05,232.30,7122.000,10354.000,40000.000,20000.000,231.285,231.713,232.019,232.375,-0.675,-0.723
2017-03-24 14:27:00,231.486,232.231,164.000,1577.000,231.45,231.50,2500.000,7500.000,232.15,232.30,990.000,50.000,231.40,231.60,7500.000,7500.000,232.10,232.35,8062.000,8801.000,32500.000,32500.000,231.305,231.696,232.042,232.396,-0.750,-0.711
2017-03-24 14:28:00,231.485,232.238,643.000,342.000,231.45,231.50,2500.000,12500.000,232.15,232.30,305.000,354.000,231.40,231.60,5000.000,2500.000,232.10,232.35,8425.000,8209.000,30000.000,30000.000,231.306,231.724,232.037,232.387,-0.750,-0.710
2017-03-24 14:29:00,231.359,232.002,822.000,95.000,231.20,231.30,10000.000,5000.000,232.00,232.10,1727.000,350.000,231.15,231.40,2500.000,7500.000,231.95,232.15,18454.000,8056.000,25000.000,32500.000,231.047,231.515,231.890,232.215,-0.800,-0.739
2017-03-24 14:30:00,230.906,231.652,220.000,385.000,230.80,230.85,7500.000,7500.000,231.55,231.75,351.000,51.000,230.75,230.90,22500.000,15000.000,231.50,231.80,4362.000,1447.000,37500.000,35000.000,230.664,230.986,231.483,231.861,-0.825,-0.743
2017-03-24 14:31:00,230.798,231.526,30.000,532.000,230.80,230.85,10000.000,5000.000,231.50,231.60,1173.000,698.000,230.70,230.90,5000.000,2500.000,231.45,231.65,13760.000,13372.000,22500.000,25000.000,230.612,230.999,231.439,231.715,-0.725,-0.760
2017-03-24 14:32:00,230.738,231.424,2042.000,261.000,230.60,230.65,2500.000,5000.000,231.45,231.55,60.000,60.000,230.55,230.75,2500.000,2500.000,231.35,231.60,11596.000,3686.000,15000.000,27500.000,230.468,230.827,231.308,231.659,-0.875,-0.767
2017-03-24 14:33:00,230.967,231.715,27.000,525.000,230.95,231.05,5000.000,5000.000,231.75,231.85,169.000,3178.000,230.90,231.10,5000.000,5000.000,231.70,231.90,5829.000,10665.000,22500.000,37500.000,230.770,231.177,231.650,232.003,-0.800,-0.772
2017-03-24 14:34:00,230.825,231.614,2614.000,357.000,230.75,230.90,2500.000,2500.000,231.60,231.75,716.000,1020.000,230.70,230.95,5000.000,7500.000,231.55,231.80,8648.000,9140.000,17500.000,27500.000,230.636,231.003,231.493,231.891,-0.850,-0.792
2017-03-24 14:35:00,230.928,231.694,5.000,79.000,230.85,230.90,5000.000,2500.000,231.65,231.75,1779.000,4008.000,230.80,231.00,7500.000,7500.000,231.60,231.80,8173.000,7983.000,22500.000,22500.000,230.707,231.041,231.572,231.839,-0.825,-0.787
2017-03-24 14:36:00,231.306,232.117,1183.000,36.000,231.20,231.30,2500.000,5000.000,232.05,232.20,215.000,279.000,231.15,231.35,5000.000,7500.000,232.00,232.25,8607.000,7052.000,20000.000,25000.000,231.038,231.484,231.944,232.285,-0.875,-0.766
2017-03-24 14:37:00,231.203,231.925,569.000,941.000,231.00,231.25,2500.000,2500.000,231.90,232.05,554.000,2889.000,230.95,231.30,10000.000,7500.000,231.85,232.10,11347.000,7939.000,22500.000,32500.000,230.838,231.345,231.811,232.165,-0.850,-0.771
2017-03-24 14:38:00,230.985,231.757,665.000,388.000,230.80,231.00,5000.000,2500.000,231.70,231.85,519.000,471.000,230.75,231.05,5000.000,5000.000,231.65,231.90,12383.000,6661.000,27500.000,25000.000,230.652,231.116,231.545,231.960,-0.875,-0.764
2017-03-24 14:39:00,230.918,231.809,27.000,645.000,230.95,231.00,2500.000,2500.000,231.75,231.90,39.000,50.000,230.90,231.05,5000.000,7500.000,231.70,231.95,2584.000,6595.000,27500.000,30000.000,230.764,231.136,231.627,232.017,-0.850,-0.733
2017-03-24 14:40:00,230.898,231.636,39.000,271.000,230.90,230.95,2500.000,5000.000,231.60,231.75,500.000,4081.000,230.85,231.00,2500.000,10000.000,231.55,231.80,4587.000,7141.000,17500.000,27500.000,230.738,231.042,231.486,231.836,-0.750,-0.751
2017-03-24 14:41:00,231.026,231.733,25.000,236.000,231.00,231.15,5000.000,5000.000,231.75,231.95,110.000,3214.000,230.95,231.20,5000.000,10000.000,231.70,232.00,4357.000,8445.000,20000.000,45000.000,230.874,231.253,231.644,232.117,-0.775,-0.782
2017-03-24 14:42:00,231.006,231.756,494.000,476.000,231.00,231.10,5000.000,10000.000,231.70,231.90,70.000,500.000,230.90,231.15,2500.000,2500.000,231.65,231.95,6332.000,8344.000,22500.000,40000.000,230.819,231.220,231.583,231.991,-0.750,-0.790
2017-03-24 14:43:00,231.018,231.754,172.000,451.000,231.00,231.10,5000.000,2500.000,231.70,231.85,120.000,3169.000,230.90,231.15,2500.000,15000.000,231.65,231.90,6299.000,8564.000,32500.000,37500.000,230.807,231.201,231.550,231.950,-0.725,-0.808
2017-03-24 14:44:00,231.065,231.802,1609.000,446.000,230.95,231.10,5000.000,7500.000,231.75,231.90,2620.000,1048.000,230.90,231.15,5000.000,2500.000,231.70,231.95,12432.000,8857.000,30000.000,35000.000,230.820,231.217,231.583,231.996,-0.800,-0.812
2017-03-24 14:45:00,230.908,231.732,353.000,95.000,230.95,231.00,2500.000,10000.000,231.70,231.90,60.000,341.000,230.90,231.10,5000.000,10000.000,231.65,231.95,4464.000,7571.000,30000.000,45000.000,230.767,231.207,231.479,231.997,-0.825,-0.811
2017-03-24 14:46:00,230.731,231.595,206.000,854.000,230.80,230.85,2500.000,2500.000,231.55,231.65,200.000,110.000,230.75,230.90,12500.000,2500.000,231.50,231.70,2882.000,11626.000,27500.000,25000.000,230.645,230.987,231.432,231.760,-0.775,-0.782
2017-03-24 14:47:00,230.833,231.625,3959.000,3481.000,230.75,230.95,7500.000,7500.000,231.60,231.70,296.000,5251.000,230.70,231.00,2500.000,15000.000,231.55,231.75,8985.000,12088.000,25000.000,35000.000,230.671,231.012,231.515,231.779,-0.800,-0.771
2017-03-24 14:48:00,230.856,231.680,3048.000,130.000,230.75,230.95,7500.000,2500.000,231.60,231.75,432.000,2775.000,230.70,231.00,5000.000,5000.000,231.55,231.80,8611.000,7799.000,27500.000,22500.000,230.656,231.051,231.523,231.850,-0.825,-0.755
2017-03-24 14:49:00,230.943,231.698,149.000,1409.000,230.90,231.00,7500.000,5000.000,231.65,231.80,3043.000,482.000,230.80,231.05,10000.000,10000.000,231.60,231.85,7243.000,7221.000,32500.000,35000.000,230.726,231.098,231.562,231.900,-0.775,-0.755
2017-03-24 14:50:00,230.863,231.681,1882.000,90.000,230.80,230.85,2500.000,2500.000,231.65,231.70,315.000,887.000,230.75,230.95,5000.000,5000.000,231.60,231.75,10188.000,9084.000,27500.000,25000.000,230.675,231.009,231.536,231.815,-0.850,-0.746
2017-03-24 14:51:00,230.897,231.618,2507.000,70.000,230.80,230.85,5000.000,2500.000,231.60,231.75,2550.000,379.000,230.75,230.95,2500.000,5000.000,231.55,231.80,14025.000,6831.000,25000.000,30000.000,230.684,231.028,231.490,231.867,-0.850,-0.740
2017-03-24 14:52:00,231.037,231.773,2077.000,907.000,231.00,231.10,7500.000,2500.000,231.80,231.85,1206.000,3836.000,230.95,231.15,2500.000,2500.000,231.75,231.90,10195.000,13132.000,22500.000,32500.000,230.878,231.207,231.683,231.969,-0.775,-0.725
2017-03-24 14:53:00,230.878,231.622,2525.000,20.000,230.80,230.90,2500.000,2500.000,231.60,231.70,2560.000,998.000,230.75,230.95,5000.000,5000.000,231.55,231.75,10565.000,6570.000,27500.000,30000.000,230.705,231.011,231.495,231.812,-0.800,-0.734
2017-03-24 14:54:00,230.662,231.420,945.000,1.000,230.60,230.70,2500.000,5000.000,231.40,231.55,2600.000,649.000,230.55,230.75,2500.000,7500.000,231.35,231.60,9182.000,6534.000,17500.000,32500.000,230.497,230.834,231.300,231.654,-0.825,-0.739
2017-03-24 14:55:00,230.699,231.469,5030.000,1669.000,230.60,230.75,2500.000,5000.000,231.45,231.55,106.000,1822.000,230.55,230.80,5000.000,5000.000,231.40,231.60,14818.000,10090.000,17500.000,27500.000,230.509,230.860,231.357,231.641,-0.825,-0.731
2017-03-24 14:56:00,230.736,231.426,1681.000,289.000,230.65,230.70,5000.000,2500.000,231.40,231.50,392.000,1320.000,230.60,230.75,5000.000,7500.000,231.35,231.60,12439.000,6021.000,22500.000,30000.000,230.525,230.798,231.278,231.642,-0.775,-0.755
2017-03-24 14:57:00,230.814,231.475,2501.000,723.000,230.70,230.90,2500.000,5000.000,231.45,231.65,113.000,4214.000,230.65,230.95,5000.000,7500.000,231.40,231.70,14924.000,14888.000,22500.000,42500.000,230.573,231.000,231.328,231.753,-0.750,-0.789
2017-03-24 14:58:00,230.600,231.392,4832.000,231.000,230.45,230.50,2500.000,7500.000,231.30,231.45,475.000,999.000,230.40,230.60,2500.000,17500.000,231.25,231.50,17073.000,3327.000,30000.000,35000.000,230.330,230.680,231.121,231.521,-0.900,-0.784
2017-03-24 14:59:00,230.563,231.344,5.000,739.000,230.45,230.60,5000.000,2500.000,231.25,231.40,3123.000,2482.000,230.40,230.65,2500.000,10000.000,231.20,231.45,10603.000,8606.000,32500.000,32500.000,230.310,230.706,231.115,231.496,-0.800,-0.789
2017-03-24 15:00:00,230.411,231.143,344.000,1517.000,230.30,230.40,15000.000,2500.000,231.05,231.20,1000.000,939.000,230.25,230.45,17500.000,10000.000,231.00,231.25,8875.000,6122.000,45000.000,25000.000,230.160,230.478,230.975,231.285,-0.775,-0.797
2017-03-24 15:01:00,230.503,231.310,35.000,153.000,230.45,230.55,5000.000,2500.000,231.20,231.35,3.000,1497.000,230.40,230.60,5000.000,5000.000,231.15,231.40,7547.000,7069.000,45000.000,32500.000,230.306,230.700,231.067,231.481,-0.775,-0.807
2017-03-24 15:02:00,230.447,231.279,590.000,350.000,230.45,230.50,5000.000,5000.000,231.15,231.30,818.000,749.000,230.40,230.55,10000.000,5000.000,231.10,231.35,3160.000,4166.000,45000.000,25000.000,230.357,230.613,231.039,231.395,-0.750,-0.809
2017-03-24 15:03:00,230.504,231.273,254.000,1591.000,230.45,230.60,5000.000,2500.000,231.20,231.35,632.000,483.000,230.40,230.65,5000.000,12500.000,231.15,231.40,9242.000,12226.000,42500.000,37500.000,230.293,230.738,231.050,231.460,-0.750,-0.820
2017-03-24 15:04:00,230.335,231.142,388.000,609.000,230.35,230.40,2500.000,2500.000,231.10,231.15,300.000,759.000,230.30,230.45,10000.000,2500.000,231.05,231.20,7624.000,11295.000,37500.000,25000.000,230.208,230.555,230.973,231.310,-0.750,-0.819
2017-03-24 15:05:00,230.417,231.187,601.000,92.000,230.30,230.40,7500.000,5000.000,231.10,231.30,2914.000,206.000,230.25,230.50,2500.000,7500.000,231.05,231.35,12501.000,7375.000,27500.000,30000.000,230.166,230.611,231.018,231.392,-0.850,-0.841
2017-03-24 15:06:00,230.420,231.276,175.000,351.000,230.40,230.45,2500.000,2500.000,231.20,231.30,3045.000,155.000,230.35,230.50,2500.000,7500.000,231.15,231.35,8259.000,6229.000,30000.000,27500.000,230.286,230.621,231.062,231.400,-0.825,-0.830
2017-03-24 15:07:00,230.993,231.835,1221.000,56.000,230.90,230.95,7500.000,5000.000,231.65,231.80,335.000,567.000,230.85,231.00,2500.000,10000.000,231.60,231.85,8042.000,2784.000,67500.000,32500.000,230.774,231.098,231.524,231.919,-0.800,-0.822
2017-03-24 15:08:00,230.751,231.573,895.000,182.000,230.75,230.80,52500.000,2500.000,231.50,231.55,2114.000,691.000,230.65,230.85,5000.000,2500.000,231.45,231.65,13649.000,11946.000,85000.000,22500.000,230.559,230.972,231.426,231.706,-0.750,-0.822
2017-03-24 15:09:00,230.858,231.664,4.000,57.000,230.75,230.80,2500.000,7500.000,231.55,231.70,4615.000,61.000,230.70,230.90,45000.000,7500.000,231.50,231.75,9356.000,3146.000,55000.000,27500.000,230.650,231.015,231.489,231.782,-0.850,-0.828
2017-03-24 15:10:00,230.723,231.601,7.000,132.000,230.75,230.80,35000.000,2500.000,231.50,231.60,992.000,411.000,230.70,230.85,2500.000,10000.000,231.45,231.70,6765.000,11322.000,60000.000,27500.000,230.610,230.957,231.415,231.750,-0.775,-0.822
2017-03-24 15:11:00,230.509,231.311,846.000,743.000,230.50,230.60,2500.000,5000.000,231.25,231.40,1347.000,485.000,230.40,230.65,7500.000,2500.000,231.20,231.45,8662.000,9105.000,22500.000,25000.000,230.327,230.754,231.161,231.500,-0.775,-0.853
2017-03-24 15:12:00,230.487,231.289,2506.000,469.000,230.45,230.50,7500.000,5000.000,231.20,231.30,891.000,1339.000,230.35,230.55,5000.000,5000.000,231.15,231.35,12829.000,8017.000,42500.000,25000.000,230.283,230.639,231.047,231.400,-0.775,-0.845
2017-03-24 15:13:00,230.173,230.998,2.000,627.000,230.20,230.30,2500.000,7500.000,230.95,231.05,2.000,756.000,230.10,230.35,2500.000,2500.000,230.90,231.10,11737.000,17992.000,25000.000,27500.000,229.999,230.460,230.765,231.145,-0.750,-0.862
2017-03-24 15:14:00,230.219,231.055,5146.000,849.000,230.05,230.25,5000.000,10000.000,231.00,231.10,3629.000,1160.000,230.00,230.30,5000.000,10000.000,230.95,231.15,13809.000,4915.000,22500.000,30000.000,229.985,230.350,230.911,231.196,-0.900,-0.857
2017-03-24 15:15:00,230.002,230.846,100.000,564.000,230.00,230.05,5000.000,2500.000,230.75,230.85,90.000,1098.000,229.90,230.10,5000.000,7500.000,230.70,230.90,9429.000,10867.000,37500.000,22500.000,229.764,230.205,230.643,230.939,-0.775,-0.848
2017-03-24 15:16:00,229.933,230.891,19.000,147.000,230.05,230.10,5000.000,5000.000,230.75,230.90,455.000,1296.000,230.00,230.15,5000.000,2500.000,230.70,230.95,2033.000,9791.000,32500.000,22500.000,229.863,230.240,230.623,230.994,-0.750,-0.838
2017-03-24 15:17:00,229.704,230.464,7.000,464.000,229.70,229.75,5000.000,2500.000,230.40,230.50,100.000,1183.000,229.65,229.80,5000.000,2500.000,230.35,230.55,5550.000,6558.000,25000.000,20000.000,229.506,229.869,230.295,230.613,-0.725,-0.852
2017-03-24 15:18:00,229.480,230.391,2851.000,60.000,229.50,229.60,15000.000,2500.000,230.25,230.40,30.000,957.000,229.45,229.65,7500.000,10000.000,230.20,230.45,5219.000,7446.000,60000.000,27500.000,229.428,229.755,230.152,230.491,-0.775,-0.826
2017-03-24 15:19:00,229.470,230.281,17.000,628.000,229.30,229.45,2500.000,2500.000,230.25,230.30,1340.000,1748.000,229.25,229.50,7500.000,10000.000,230.20,230.35,11039.000,4951.000,35000.000,32500.000,229.160,229.546,230.139,230.408,-0.900,-0.797
2017-03-24 15:20:00,229.437,230.235,13.000,532.000,229.45,229.50,2500.000,2500.000,230.15,230.25,173.000,1787.000,229.40,229.55,15000.000,7500.000,230.10,230.30,3510.000,6913.000,37500.000,22500.000,229.213,229.608,230.053,230.339,-0.725,-0.791
2017-03-24 15:21:00,229.525,230.436,40.000,9.000,229.55,229.65,2500.000,10000.000,230.30,230.45,2690.000,496.000,229.50,229.70,7500.000,2500.000,230.25,230.50,4921.000,7784.000,35000.000,27500.000,229.455,229.813,230.171,230.568,-0.775,-0.758
2017-03-24 15:22:00,229.589,230.417,2556.000,51.000,229.45,229.60,7500.000,5000.000,230.25,230.45,415.000,201.000,229.40,229.65,7500.000,2500.000,230.20,230.50,9467.000,4721.000,35000.000,17500.000,229.319,229.744,230.157,230.536,-0.825,-0.751
2017-03-24 15:23:00,229.426,230.210,2.000,820.000,229.40,229.45,7500.000,2500.000,230.10,230.25,558.000,5835.000,229.30,229.50,10000.000,10000.000,230.05,230.30,14290.000,13555.000,37500.000,25000.000,229.204,229.566,230.003,230.345,-0.750,-0.714
2017-03-24 15:24:00,229.251,229.918,75.000,445.000,229.15,229.25,2500.000,5000.000,229.90,230.00,1131.000,1030.000,229.10,229.30,7500.000,2500.000,229.85,230.05,15772.000,9904.000,20000.000,27500.000,229.002,229.383,229.806,230.100,-0.750,-0.737
2017-03-24 15:25:00,229.502,230.270,784.000,1113.000,229.45,229.50,5000.000,2500.000,230.20,230.30,7510.000,704.000,229.30,229.55,2500.000,2500.000,230.15,230.35,14423.000,5802.000,35000.000,27500.000,229.268,229.579,230.068,230.436,-0.775,-0.771
2017-03-24 15:26:00,229.160,229.903,2499.000,3719.000,229.10,229.20,7500.000,7500.000,229.80,229.90,2985.000,1750.000,229.00,229.25,5000.000,5000.000,229.75,230.00,12892.000,10712.000,25000.000,22500.000,228.962,229.273,229.715,230.033,-0.700,-0.771
2017-03-24 15:27:00,229.197,229.991,1572.000,73.000,229.10,229.20,2500.000,2500.000,229.95,230.05,4954.000,114.000,229.05,229.25,2500.000,2500.000,229.90,230.10,14326.000,8156.000,30000.000,27500.000,229.001,229.418,229.779,230.173,-0.850,-0.771
2017-03-24 15:28:00,229.524,230.121,6.000,550.000,229.45,229.50,5000.000,5000.000,230.05,230.20,14.000,50.000,229.20,229.60,2500.000,5000.000,230.00,230.25,10956.000,4200.000,20000.000,22500.000,229.143,229.645,229.944,230.294,-0.650,-0.771
2017-03-24 15:29:00,229.369,230.150,65.000,50.000,229.35,229.40,2500.000,2500.000,230.15,230.25,274.000,592.000,229.30,229.45,2500.000,5000.000,230.05,230.30,11289.000,7492.000,22500.000,27500.000,229.222,229.565,229.994,230.377,-0.825,-0.771
2017-03-24 15:30:00,229.442,230.383,51.000,12.000,229.30,229.70,2500.000,2500.000,230.15,230.45,6912.000,1908.000,229.25,229.75,7500.000,10000.000,230.10,230.60,10779.000,11241.000,27500.000,25000.000,229.214,229.888,230.009,230.695,-0.800,-0.771
2017-03-27 09:16:00,229.728,230.159,3923.000,21.000,229.80,229.90,2500.000,2500.000,229.90,230.25,652.000,3.000,229.65,229.95,2500.000,2500.000,229.85,230.40,4970.000,4533.000,15000.000,12500.000,229.760,230.044,229.550,230.680,-0.225,-0.619
2017-03-27 09:17:00,229.464,230.188,218.000,50.000,229.50,229.55,2500.000,5000.000,230.10,230.30,937.000,4549.000,229.45,229.60,2500.000,2500.000,230.05,230.35,2219.000,7480.000,15000.000,17500.000,229.392,229.668,229.875,230.436,-0.675,-0.574
2017-03-27 09:18:00,229.657,230.275,440.000,12.000,229.60,229.75,7500.000,5000.000,230.20,230.45,703.000,2749.000,229.55,229.80,2500.000,5000.000,229.95,230.55,5507.000,6415.000,17500.000,17500.000,229.511,229.849,230.014,230.586,-0.650,-0.568
2017-03-27 09:19:00,229.708,230.260,194.000,2414.000,229.75,229.80,2500.000,2500.000,230.25,230.40,48.000,1665.000,229.65,229.85,2500.000,2500.000,230.05,230.45,5437.000,12183.000,12500.000,12500.000,229.543,229.914,230.020,230.500,-0.550,-0.567
2017-03-27 09:20:00,229.677,230.250,608.000,85.000,229.50,229.65,5000.000,30000.000,230.20,230.45,3370.000,70.000,229.45,229.70,2500.000,2500.000,230.15,230.50,13249.000,3860.000,15000.000,40000.000,229.376,229.805,230.050,230.481,-0.750,-0.571
2017-03-27 09:21:00,229.541,230.166,200.000,585.000,229.55,229.60,2500.000,2500.000,230.15,230.40,20.000,101.000,229.50,229.65,5000.000,2500.000,230.10,230.45,3144.000,4816.000,17500.000,37500.000,229.401,229.744,230.050,230.533,-0.700,-0.553
2017-03-27 09:22:00,229.548,230.053,1381.000,2.000,229.35,229.45,2500.000,5000.000,230.05,230.30,2557.000,14.000,229.30,229.50,5000.000,2500.000,230.00,230.35,16351.000,3077.000,15000.000,35000.000,229.221,229.669,229.925,230.429,-0.775,-0.570
2017-03-27 09:23:00,229.565,230.150,150.000,418.000,229.50,229.65,2500.000,2500.000,230.15,230.35,195.000,2409.000,229.45,229.70,2500.000,2500.000,230.05,230.45,8894.000,11256.000,17500.000,37500.000,229.355,229.768,229.957,230.513,-0.675,-0.594
2017-03-27 09:24:00,229.616,230.165,611.000,61.000,229.45,229.60,5000.000,2500.000,230.20,230.40,10187.000,361.000,229.40,229.65,5000.000,2500.000,230.05,230.45,21210.000,6230.000,22500.000,35000.000,229.340,229.755,230.017,230.529,-0.775,-0.618
2017-03-27 09:25:00,229.571,230.162,424.000,908.000,229.50,229.60,2500.000,5000.000,230.05,230.30,3584.000,426.000,229.40,229.65,7500.000,2500.000,230.00,230.35,8696.000,5720.000,20000.000,22500.000,229.327,229.721,229.900,230.500,-0.625,-0.625
2017-03-27 09:26:00,229.501,230.040,3218.000,763.000,229.40,229.50,2500.000,7500.000,229.95,230.15,10.000,505.000,229.35,229.55,2500.000,2500.000,229.90,230.20,8356.000,4041.000,17500.000,20000.000,229.251,229.606,229.814,230.238,-0.600,-0.636
2017-03-27 09:27:00,229.053,229.642,320.000,1831.000,228.85,229.00,5000.000,2500.000,229.50,229.75,356.000,53.000,228.80,229.05,7500.000,5000.000,229.40,229.80,11633.000,2987.000,27500.000,17500.000,228.727,229.068,229.336,229.857,-0.700,-0.626
2017-03-27 09:28:00,229.143,229.846,378.000,1765.000,229.00,229.15,5000.000,2500.000,229.75,229.85,3353.000,460.000,228.95,229.20,5000.000,2500.000,229.70,230.00,15026.000,7716.000,17500.000,12500.000,228.881,229.254,229.657,230.030,-0.725,-0.619
2017-03-27 09:29:00,229.215,229.882,358.000,11.000,229.10,229.15,5000.000,5000.000,229.85,230.00,2676.000,472.000,229.05,229.20,2500.000,2500.000,229.65,230.10,13382.000,2754.000,25000.000,25000.000,228.978,229.309,229.620,230.155,-0.800,-0.630
2017-03-27 09:30:00,229.263,229.889,406.000,86.000,229.10,229.20,2500.000,2500.000,229.85,230.00,4353.000,60.000,229.05,229.25,2500.000,5000.000,229.80,230.10,16829.000,3040.000,12500.000,22500.000,228.980,229.355,229.750,230.178,-0.775,-0.610
2017-03-27 09:31:00,229.707,230.300,50.000,1084.000,229.60,229.75,2500.000,5000.000,230.25,230.40,458.000,978.000,229.55,229.80,2500.000,5000.000,230.20,230.50,7500.000,6406.000,17500.000,22500.000,229.454,229.864,230.057,230.539,-0.650,-0.627
2017-03-27 09:32:00,229.996,230.533,906.000,75.000,229.75,229.90,2500.000,7500.000,230.45,230.65,695.000,1096.000,229.70,229.95,2500.000,2500.000,230.35,230.70,15393.000,2802.000,17500.000,20000.000,229.592,229.998,230.243,230.725,-0.725,-0.641
2017-03-27 09:33:00,229.732,230.400,741.000,398.000,229.60,229.75,2500.000,5000.000,230.35,230.45,4090.000,678.000,229.55,229.80,2500.000,2500.000,230.20,230.50,18021.000,8406.000,20000.000,17500.000,229.489,229.894,230.094,230.579,-0.725,-0.625
2017-03-27 09:34:00,229.591,230.316,587.000,46.000,229.60,229.65,5000.000,5000.000,230.15,230.40,1.000,769.000,229.55,229.70,2500.000,2500.000,230.10,230.45,2592.000,3270.000,22500.000,17500.000,229.486,229.796,230.039,230.486,-0.650,-0.584
2017-03-27 09:35:00,229.952,230.479,582.000,1856.000,229.70,229.90,5000.000,5000.000,230.35,230.60,576.000,364.000,229.65,229.95,2500.000,2500.000,230.30,230.65,12339.000,4524.000,17500.000,17500.000,229.542,230.017,230.229,230.714,-0.675,-0.594
2017-03-27 09:36:00,229.375,230.053,552.000,640.000,229.30,229.50,2500.000,7500.000,229.95,230.20,310.000,878.000,229.25,229.55,2500.000,5000.000,229.90,230.25,6029.000,7117.000,20000.000,22500.000,229.162,229.693,229.762,230.272,-0.675,-0.556
2017-03-27 09:37:00,229.125,229.732,313.000,1.000,228.90,229.00,5000.000,2500.000,229.60,229.85,424.000,10.000,228.85,229.05,2500.000,5000.000,229.55,229.90,18598.000,1011.000,27500.000,22500.000,228.755,229.144,229.445,229.972,-0.775,-0.539
2017-03-27 09:38:00,229.181,229.770,562.000,242.000,229.05,229.20,10000.000,5000.000,229.65,229.95,1981.000,367.000,229.00,229.25,2500.000,17500.000,229.60,230.00,6112.000,3316.000,30000.000,40000.000,228.922,229.340,229.567,230.037,-0.675,-0.551
2017-03-27 09:39:00,229.312,229.831,305.000,3.000,229.20,229.25,2500.000,5000.000,229.80,229.95,4.000,86.000,229.15,229.30,2500.000,5000.000,229.70,230.00,6946.000,2769.000,25000.000,35000.000,229.027,229.418,229.620,230.057,-0.650,-0.561
2017-03-27 09:40:00,229.156,229.735,298.000,466.000,229.00,229.20,7500.000,2500.000,229.65,229.85,392.000,446.000,228.95,229.25,5000.000,12500.000,229.60,229.95,7125.000,4690.000,27500.000,37500.000,228.854,229.332,229.564,230.000,-0.650,-0.555
2017-03-27 09:41:00,228.921,229.409,80.000,1653.000,228.80,228.90,5000.000,2500.000,229.40,229.55,4774.000,562.000,228.75,228.95,5000.000,2500.000,229.30,229.60,10857.000,5125.000,30000.000,40000.000,228.681,228.985,229.246,229.753,-0.625,-0.584
2017-03-27 09:42:00,228.967,229.488,156.000,419.000,228.80,228.95,2500.000,5000.000,229.45,229.65,5035.000,616.000,228.75,229.00,5000.000,10000.000,229.40,229.70,11651.000,3503.000,27500.000,45000.000,228.691,229.089,229.291,229.753,-0.675,-0.597
2017-03-27 09:43:00,228.937,229.584,4.000,755.000,228.90,228.95,5000.000,2500.000,229.50,229.65,1588.000,50.000,228.85,229.00,5000.000,12500.000,229.45,229.75,6891.000,5283.000,30000.000,40000.000,228.719,229.073,229.392,229.806,-0.650,-0.576
2017-03-27 09:44:00,229.033,229.606,732.000,674.000,228.85,228.95,2500.000,2500.000,229.55,229.65,200.000,356.000,228.80,229.00,7500.000,10000.000,229.50,229.75,15695.000,4073.000,25000.000,35000.000,228.685,229.086,229.440,229.793,-0.700,-0.581
2017-03-27 09:45:00,228.869,229.414,252.000,552.000,228.70,228.80,5000.000,2500.000,229.40,229.50,1200.000,356.000,228.65,228.85,2500.000,2500.000,229.30,229.55,19129.000,5194.000,27500.000,27500.000,228.547,228.941,229.236,229.650,-0.700,-0.570
2017-03-27 09:46:00,228.832,229.465,235.000,149.000,228.80,228.85,10000.000,2500.000,229.40,229.60,16.000,406.000,228.75,228.90,2500.000,2500.000,229.35,229.65,5262.000,5536.000,30000.000,37500.000,228.629,228.998,229.312,229.723,-0.675,-0.560
2017-03-27 09:47:00,228.863,229.448,300.000,391.000,228.80,228.85,5000.000,2500.000,229.40,229.50,1572.000,689.000,228.70,228.90,2500.000,7500.000,229.30,229.65,10630.000,6019.000,27500.000,35000.000,228.597,228.991,229.245,229.693,-0.625,-0.548
2017-03-27 09:48:00,228.761,229.305,9.000,428.000,228.60,228.70,2500.000,5000.000,229.20,229.40,216.000,386.000,228.55,228.75,2500.000,7500.000,229.15,229.50,6858.000,2558.000,27500.000,42500.000,228.436,228.817,229.064,229.576,-0.650,-0.548
2017-03-27 09:49:00,228.733,229.331,5.000,218.000,228.65,228.70,5000.000,7500.000,229.20,229.45,974.000,231.000,228.60,228.75,2500.000,15000.000,229.15,229.50,2945.000,1407.000,30000.000,47500.000,228.524,228.811,229.071,229.563,-0.650,-0.551
2017-03-27 09:50:00,228.717,229.208,111.000,297.000,228.55,228.60,5000.000,2500.000,229.20,229.35,1037.000,188.000,228.50,228.65,2500.000,2500.000,229.15,229.40,10370.000,1539.000,22500.000,37500.000,228.389,228.726,229.083,229.497,-0.700,-0.566
2017-03-27 09:51:00,228.454,229.033,500.000,239.000,228.30,228.45,5000.000,2500.000,229.05,229.20,3020.000,684.000,228.25,228.50,2500.000,5000.000,229.00,229.25,15867.000,5881.000,17500.000,35000.000,228.183,228.601,228.929,229.314,-0.750,-0.578
2017-03-27 09:52:00,228.535,229.062,1.000,5.000,228.40,228.50,2500.000,7500.000,229.10,229.25,547.000,686.000,228.35,228.55,2500.000,7500.000,229.00,229.30,11519.000,4727.000,12500.000,40000.000,228.254,228.637,228.960,229.338,-0.725,-0.586
2017-03-27 09:53:00,228.425,228.969,244.000,1187.000,228.25,228.30,2500.000,2500.000,229.00,229.10,3270.000,161.000,228.20,228.45,2500.000,7500.000,228.95,229.15,15117.000,5123.000,15000.000,37500.000,228.124,228.496,228.883,229.260,-0.775,-0.604
2017-03-27 09:54:00,228.260,228.875,218.000,14.000,228.10,228.15,2500.000,5000.000,228.75,228.95,356.000,69.000,228.05,228.25,12500.000,7500.000,228.70,229.00,5551.000,1414.000,25000.000,20000.000,227.955,228.366,228.665,229.037,-0.725,-0.595
2017-03-27 09:55:00,228.183,228.746,601.000,264.000,228.00,228.20,2500.000,2500.000,228.60,228.80,269.000,1204.000,227.95,228.25,10000.000,12500.000,228.55,228.85,11444.000,6359.000,37500.000,27500.000,227.839,228.339,228.500,228.905,-0.600,-0.605
2017-03-27 09:56:00,228.113,228.752,381.000,2.000,227.95,228.00,5000.000,2500.000,228.65,228.85,419.000,444.000,227.90,228.10,15000.000,12500.000,228.60,228.90,18949.000,4514.000,37500.000,30000.000,227.804,228.229,228.543,228.942,-0.775,-0.571
2017-03-27 09:57:00,228.144,228.713,1.000,437.000,228.00,228.05,2500.000,5000.000,228.65,228.75,2594.000,449.000,227.90,228.15,5000.000,5000.000,228.60,228.80,18029.000,5962.000,30000.000,30000.000,227.800,228.225,228.529,228.846,-0.675,-0.626
2017-03-27 09:58:00,228.045,228.680,1145.000,664.000,227.90,228.10,2500.000,2500.000,228.65,228.70,3461.000,2008.000,227.85,228.15,2500.000,2500.000,228.60,228.75,16794.000,10513.000,25000.000,25000.000,227.785,228.226,228.520,228.820,-0.675,-0.620
2017-03-27 09:59:00,228.138,228.706,416.000,3.000,227.95,228.10,2500.000,2500.000,228.65,228.80,593.000,110.000,227.90,228.15,5000.000,5000.000,228.60,228.85,15507.000,5388.000,20000.000,20000.000,227.795,228.249,228.519,228.956,-0.700,-0.617
2017-03-27 10:00:00,228.777,229.393,536.000,434.000,228.70,228.85,2500.000,2500.000,229.30,229.45,255.000,339.000,228.65,228.90,5000.000,2500.000,229.25,229.50,9372.000,9887.000,17500.000,20000.000,228.529,229.003,229.200,229.731,-0.600,-0.619
2017-03-27 10:01:00,228.361,228.827,394.000,1000.000,228.15,228.25,2500.000,5000.000,228.80,228.95,732.000,90.000,228.10,228.30,2500.000,2500.000,228.75,229.00,10669.000,1225.000,12500.000,20000.000,228.012,228.272,228.680,229.062,-0.675,-0.640
2017-03-27 10:02:00,227.668,228.512,257.000,685.000,227.75,227.85,5000.000,2500.000,228.40,228.60,402.000,768.000,227.70,227.90,7500.000,7500.000,228.35,228.65,1918.000,11315.000,22500.000,20000.000,227.646,227.980,228.311,228.688,-0.700,-0.589
2017-03-27 10:03:00,228.028,228.636,3954.000,135.000,227.90,227.95,5000.000,2500.000,228.60,228.75,2573.000,719.000,227.75,228.00,5000.000,2500.000,228.55,228.80,26873.000,3738.000,20000.000,25000.000,227.686,228.091,228.519,228.870,-0.750,-0.590
2017-03-27 10:04:00,228.763,229.313,440.000,143.000,228.60,228.65,2500.000,7500.000,229.25,229.40,624.000,202.000,228.55,228.70,2500.000,2500.000,229.20,229.45,9560.000,2766.000,17500.000,20000.000,228.442,228.839,229.100,229.506,-0.700,-0.600
2017-03-27 10:05:00,228.404,229.029,580.000,8.000,228.30,228.45,2500.000,2500.000,228.95,229.10,921.000,255.000,228.25,228.50,2500.000,2500.000,228.90,229.15,5568.000,3548.000,17500.000,17500.000,228.165,228.630,228.843,229.243,-0.650,-0.583
2017-03-27 10:06:00,228.415,228.987,121.000,1.000,228.30,228.35,2500.000,5000.000,228.90,229.05,569.000,84.000,228.25,228.45,7500.000,5000.000,228.85,229.10,3748.000,1473.000,20000.000,17500.000,228.173,228.567,228.806,229.129,-0.650,-0.593
2017-03-27 10:07:00,228.374,228.965,446.000,4.000,228.30,228.35,2500.000,5000.000,228.90,229.05,457.000,4.000,228.25,228.45,5000.000,5000.000,228.85,229.10,3188.000,1599.000,15000.000,17500.000,228.194,228.575,228.800,229.129,-0.650,-0.585
2017-03-27 10:08:00,228.275,228.888,500.000,8.000,228.10,228.20,2500.000,7500.000,228.70,228.90,310.000,459.000,228.05,228.25,5000.000,2500.000,228.65,228.95,6366.000,1489.000,25000.000,17500.000,227.958,228.309,228.575,228.993,-0.650,-0.559
2017-03-27 10:09:00,228.396,228.994,338.000,8.000,228.20,228.25,2500.000,5000.000,228.90,229.00,713.000,1.000,228.15,228.30,2500.000,2500.000,228.85,229.05,19150.000,1345.000,22500.000,17500.000,228.027,228.444,228.783,229.121,-0.725,-0.568
2017-03-27 10:10:00,228.382,228.924,459.000,1.000,228.20,228.25,5000.000,7500.000,228.75,228.95,246.000,20.000,228.15,228.30,7500.000,10000.000,228.70,229.00,8866.000,938.000,32500.000,25000.000,228.033,228.393,228.604,229.040,-0.625,-0.585
2017-03-27 10:11:00,228.267,228.889,205.000,368.000,228.30,228.35,5000.000,2500.000,228.75,228.90,6.000,702.000,228.20,228.40,7500.000,2500.000,228.70,228.95,3522.000,5836.000,32500.000,15000.000,228.084,228.487,228.592,229.025,-0.500,-0.580
2017-03-27 10:12:00,228.466,229.017,315.000,8.000,228.40,228.45,2500.000,5000.000,229.00,229.10,517.000,66.000,228.35,228.50,2500.000,2500.000,228.95,229.15,6673.000,3040.000,15000.000,22500.000,228.269,228.636,228.892,229.267,-0.625,-0.597
2017-03-27 10:13:00,228.376,228.860,100.000,50.000,228.20,228.25,5000.000,2500.000,228.75,228.95,234.000,3.000,228.15,228.35,7500.000,7500.000,228.70,229.00,9679.000,2706.000,20000.000,17500.000,228.022,228.482,228.675,229.043,-0.625,-0.618
2017-03-27 10:14:00,228.114,228.756,114.000,68.000,227.95,228.00,2500.000,2500.000,228.65,228.80,329.000,50.000,227.90,228.10,5000.000,5000.000,228.60,228.85,14437.000,4206.000,22500.000,17500.000,227.784,228.235,228.533,228.921,-0.750,-0.618
2017-03-27 10:15:00,228.081,228.706,645.000,19.000,227.95,228.00,7500.000,5000.000,228.60,228.80,324.000,110.000,227.90,228.10,2500.000,2500.000,228.55,228.85,12023.000,5057.000,25000.000,20000.000,227.785,228.232,228.510,228.925,-0.725,-0.628
2017-03-27 10:16:00,228.002,228.597,3754.000,8.000,227.85,227.90,10000.000,5000.000,228.50,228.70,200.000,60.000,227.80,227.95,2500.000,7500.000,228.45,228.75,11586.000,994.000,22500.000,25000.000,227.722,228.053,228.428,228.850,-0.725,-0.637
2017-03-27 10:17:00,227.956,228.593,62.000,665.000,227.95,228.00,12500.000,5000.000,228.50,228.65,1019.000,844.000,227.90,228.05,2500.000,10000.000,228.45,228.70,3506.000,4501.000,27500.000,25000.000,227.840,228.114,228.423,228.735,-0.600,-0.630
2017-03-27 10:18:00,228.033,228.621,655.000,8.000,227.90,227.95,5000.000,7500.000,228.55,228.70,269.000,157.000,227.85,228.00,5000.000,7500.000,228.50,228.75,10716.000,2771.000,22500.000,30000.000,227.740,228.115,228.467,228.842,-0.700,-0.635
2017-03-27 10:19:00,228.112,228.755,1558.000,200.000,227.95,228.00,5000.000,2500.000,228.65,228.80,664.000,3.000,227.90,228.10,2500.000,2500.000,228.60,228.85,16194.000,3971.000,27500.000,22500.000,227.799,228.230,228.541,228.961,-0.750,-0.633
2017-03-27 10:20:00,227.965,228.639,104.000,182.000,227.95,228.00,2500.000,5000.000,228.55,228.70,1283.000,696.000,227.85,228.10,2500.000,7500.000,228.50,228.75,7618.000,7693.000,22500.000,22500.000,227.755,228.212,228.450,228.800,-0.650,-0.617
2017-03-27 10:21:00,228.002,228.647,6.000,136.000,227.95,228.00,2500.000,5000.000,228.55,228.70,1274.000,354.000,227.85,228.05,2500.000,5000.000,228.50,228.75,6452.000,3905.000,22500.000,20000.000,227.755,228.137,228.450,228.806,-0.650,-0.615
2017-03-27 10:22:00,228.025,228.624,37.000,45.000,227.95,228.00,2500.000,5000.000,228.55,228.70,762.000,3.000,227.85,228.05,5000.000,7500.000,228.50,228.75,7017.000,3270.000,22500.000,25000.000,227.746,228.152,228.456,228.825,-0.650,-0.613
2017-03-27 10:23:00,227.923,228.537,199.000,1459.000,227.85,228.00,5000.000,2500.000,228.45,228.55,805.000,816.000,227.80,228.05,7500.000,5000.000,228.40,228.60,3679.000,5358.000,22500.000,15000.000,227.697,228.085,228.361,228.658,-0.575,-0.620
2017-03-27 10:24:00,228.109,228.742,289.000,200.000,227.95,228.00,5000.000,2500.000,228.65,228.80,903.000,3.000,227.90,228.05,5000.000,5000.000,228.60,228.85,15586.000,4550.000,25000.000,22500.000,227.788,228.229,228.550,228.956,-0.750,-0.616
2017-03-27 10:25:00,228.137,228.731,50.000,100.000,227.95,228.00,5000.000,5000.000,228.65,228.80,144.000,3.000,227.90,228.05,5000.000,5000.000,228.60,228.85,15526.000,1329.000,20000.000,20000.000,227.784,228.159,228.569,228.912,-0.750,-0.606
2017-03-27 10:26:00,228.071,228.706,762.000,8.000,227.90,227.95,5000.000,5000.000,228.65,228.80,514.000,220.000,227.85,228.00,2500.000,5000.000,228.60,228.85,21271.000,987.000,17500.000,22500.000,227.764,228.090,228.564,228.933,-0.800,-0.617
2017-03-27 10:27:00,228.103,228.694,234.000,166.000,227.95,228.00,2500.000,2500.000,228.65,228.75,497.000,63.000,227.90,228.05,2500.000,5000.000,228.60,228.80,15677.000,3619.000,20000.000,22500.000,227.779,228.141,228.537,228.872,-0.725,-0.615
2017-03-27 10:28:00,228.070,228.718,603.000,5.000,228.00,228.05,5000.000,2500.000,228.70,228.75,1218.000,347.000,227.95,228.10,5000.000,2500.000,228.60,228.80,13832.000,7819.000,27500.000,20000.000,227.847,228.214,228.559,228.887,-0.700,-0.608
2017-03-27 10:29:00,228.277,228.888,664.000,1.000,228.10,228.20,2500.000,2500.000,228.80,228.95,564.000,1367.000,228.05,228.35,5000.000,5000.000,228.75,229.00,14985.000,8191.000,17500.000,15000.000,227.939,228.451,228.707,229.042,-0.725,-0.606
2017-03-27 10:30:00,228.318,228.864,255.000,8.000,228.20,228.25,2500.000,5000.000,228.85,228.95,389.000,2.000,228.15,228.30,2500.000,2500.000,228.80,229.00,10186.000,5300.000,15000.000,20000.000,228.026,228.476,228.733,229.069,-0.675,-0.601
2017-03-27 10:31:00,228.163,228.850,172.000,150.000,228.25,228.30,5000.000,5000.000,228.80,228.95,12.000,515.000,228.20,228.35,5000.000,5000.000,228.75,229.00,2426.000,5795.000,22500.000,25000.000,228.054,228.462,228.678,229.065,-0.600,-0.587
2017-03-27 10:32:00,228.111,228.696,491.000,8.000,227.95,228.00,2500.000,2500.000,228.60,228.75,61.000,462.000,227.90,228.05,5000.000,2500.000,228.55,228.80,9343.000,2105.000,20000.000,15000.000,227.772,228.133,228.494,228.867,-0.700,-0.617
2017-03-27 10:33:00,228.111,228.721,477.000,26.000,227.95,228.00,5000.000,2500.000,228.65,228.80,151.000,53.000,227.90,228.10,10000.000,5000.000,228.60,228.85,13413.000,3907.000,25000.000,22500.000,227.787,228.231,228.570,228.906,-0.750,-0.624
2017-03-27 10:34:00,227.961,228.562,447.000,26.000,227.75,227.90,2500.000,2500.000,228.50,228.65,617.000,171.000,227.70,227.95,5000.000,7500.000,228.45,228.70,15998.000,3242.000,20000.000,22500.000,227.617,228.044,228.400,228.756,-0.750,-0.613
2017-03-27 10:35:00,227.976,228.500,10.000,382.000,227.80,227.90,5000.000,2500.000,228.45,228.60,535.000,408.000,227.75,227.95,5000.000,7500.000,228.40,228.65,8971.000,3167.000,27500.000,30000.000,227.622,228.011,228.318,228.708,-0.675,-0.622
2017-03-27 10:36:00,227.863,228.476,168.000,8.000,227.70,227.75,2500.000,5000.000,228.40,228.55,101.000,9.000,227.65,227.80,2500.000,7500.000,228.35,228.60,13961.000,2685.000,22500.000,25000.000,227.521,227.929,228.283,228.645,-0.750,-0.608
2017-03-27 10:37:00,227.846,228.582,21.000,50.000,227.90,227.95,2500.000,5000.000,228.50,228.65,568.000,374.000,227.85,228.00,2500.000,5000.000,228.45,228.70,1644.000,4292.000,20000.000,22500.000,227.780,228.090,228.338,228.733,-0.650,-0.593
2017-03-27 10:38:00,227.851,228.495,29.000,103.000,227.80,227.85,7500.000,5000.000,228.40,228.55,60.000,224.000,227.70,227.90,2500.000,5000.000,228.35,228.60,5064.000,3426.000,27500.000,22500.000,227.576,228.007,228.295,228.650,-0.650,-0.598
2017-03-27 10:39:00,227.892,228.439,5600.000,1.000,227.70,227.80,2500.000,10000.000,228.40,228.55,308.000,110.000,227.65,227.90,5000.000,5000.000,228.35,228.60,21141.000,4544.000,17500.000,30000.000,227.568,228.013,228.300,228.633,-0.725,-0.604
2017-03-27 10:40:00,227.888,228.458,6099.000,8.000,227.70,227.80,5000.000,5000.000,228.40,228.55,327.000,1.000,227.65,227.85,2500.000,5000.000,228.35,228.60,22874.000,2375.000,22500.000,27500.000,227.573,227.989,228.289,228.659,-0.725,-0.604
2017-03-27 10:41:00,227.917,228.463,217.000,1.000,227.75,227.80,5000.000,7500.000,228.40,228.55,5047.000,554.000,227.70,227.95,5000.000,2500.000,228.35,228.60,12933.000,5082.000,22500.000,25000.000,227.616,228.028,228.294,228.660,-0.700,-0.595
2017-03-27 10:42:00,228.022,228.683,24.000,288.000,228.00,228.05,5000.000,7500.000,228.55,228.75,176.000,406.000,227.95,228.10,12500.000,2500.000,228.50,228.80,4382.000,4176.000,30000.000,22500.000,227.773,228.203,228.467,228.872,-0.625,-0.593
2017-03-27 10:43:00,227.988,228.655,316.000,219.000,228.00,228.05,7500.000,5000.000,228.55,228.70,25.000,407.000,227.95,228.10,10000.000,7500.000,228.50,228.75,4998.000,6037.000,30000.000,22500.000,227.776,228.215,228.458,228.800,-0.600,-0.578
2017-03-27 10:44:00,227.855,228.432,597.000,699.000,227.75,227.90,2500.000,7500.000,228.40,228.55,4308.000,1876.000,227.70,227.95,2500.000,5000.000,228.35,228.60,9224.000,7215.000,15000.000,27500.000,227.640,227.994,228.283,228.645,-0.650,-0.574
2017-03-27 10:45:00,227.994,228.562,166.000,169.000,228.00,228.05,5000.000,5000.000,228.50,228.65,75.000,696.000,227.85,228.10,2500.000,5000.000,228.45,228.70,9048.000,8075.000,20000.000,22500.000,227.728,228.216,228.331,228.794,-0.550,-0.563
2017-03-27 10:46:00,227.928,228.429,18.000,76.000,227.85,227.90,7500.000,7500.000,228.30,228.50,2000.000,170.000,227.80,227.95,7500.000,2500.000,228.25,228.55,8652.000,3597.000,30000.000,22500.000,227.732,228.038,228.204,228.617,-0.525,-0.595
2017-03-27 10:47:00,228.126,228.775,6.000,1049.000,228.15,228.25,2500.000,2500.000,228.75,228.90,519.000,570.000,228.10,228.30,2500.000,2500.000,228.70,228.95,2714.000,6884.000,15000.000,20000.000,228.010,228.378,228.617,229.025,-0.625,-0.585
2017-03-27 10:48:00,228.202,228.794,1578.000,135.000,228.00,228.20,2500.000,2500.000,228.75,228.85,1162.000,466.000,227.95,228.25,2500.000,2500.000,228.65,228.90,12669.000,3998.000,22500.000,20000.000,227.889,228.343,228.583,228.988,-0.700,-0.601
2017-03-27 10:49:00,227.968,228.526,176.000,35.000,227.90,227.95,5000.000,5000.000,228.45,228.60,6.000,688.000,227.85,228.00,2500.000,5000.000,228.40,228.65,7902.000,4125.000,22500.000,20000.000,227.696,228.103,228.322,228.688,-0.600,-0.611
2017-03-27 10:50:00,228.144,228.658,75.000,43.000,227.95,228.00,10000.000,2500.000,228.65,228.80,581.000,110.000,227.90,228.15,5000.000,5000.000,228.60,228.85,16339.000,6052.000,22500.000,22500.000,227.777,228.252,228.556,228.928,-0.750,-0.623
2017-03-27 10:51:00,227.834,228.497,198.000,305.000,227.80,227.90,2500.000,2500.000,228.40,228.50,952.000,1112.000,227.75,227.95,5000.000,7500.000,228.35,228.60,6777.000,7911.000,22500.000,22500.000,227.696,228.011,228.272,228.672,-0.600,-0.604
2017-03-27 10:52:00,228.042,228.639,575.000,140.000,227.80,228.00,5000.000,2500.000,228.55,228.75,1544.000,213.000,227.75,228.05,5000.000,5000.000,228.50,228.80,16147.000,2999.000,17500.000,17500.000,227.687,228.141,228.464,228.886,-0.750,-0.607
2017-03-27 10:53:00,227.873,228.546,49.000,8.000,227.80,227.90,2500.000,2500.000,228.45,228.60,996.000,326.000,227.75,227.95,5000.000,2500.000,228.40,228.65,10258.000,8738.000,17500.000,15000.000,227.666,228.016,228.350,228.717,-0.675,-0.582
2017-03-27 10:54:00,227.996,228.606,5680.000,8.000,227.85,227.95,2500.000,7500.000,228.55,228.70,60.000,5103.000,227.80,228.00,5000.000,5000.000,228.50,228.75,26610.000,8530.000,15000.000,27500.000,227.722,228.057,228.458,228.868,-0.725,-0.558
2017-03-27 10:55:00,228.047,228.621,4974.000,184.000,227.85,228.00,5000.000,2500.000,228.55,228.75,106.000,583.000,227.80,228.05,5000.000,5000.000,228.50,228.80,17900.000,3764.000,20000.000,22500.000,227.734,228.129,228.438,228.856,-0.725,-0.497
2017-03-27 10:56:00,227.963,228.532,4759.000,50.000,227.85,227.90,5000.000,2500.000,228.45,228.60,946.000,359.000,227.75,227.95,2500.000,2500.000,228.40,228.65,18457.000,3085.000,22500.000,20000.000,227.703,228.018,228.344,228.713,-0.650,-0.442
2017-03-27 10:57:00,227.966,228.575,304.000,19.000,227.90,228.00,2500.000,2500.000,228.50,228.65,50.000,334.000,227.85,228.05,5000.000,5000.000,228.45,228.70,4285.000,3762.000,20000.000,20000.000,227.744,228.151,228.350,228.769,-0.625,-0.377
2017-03-27 10:58:00,228.073,228.621,361.000,50.000,228.00,228.20,5000.000,2500.000,228.55,228.75,575.000,1176.000,227.95,228.25,7500.000,5000.000,228.50,228.80,3394.000,4398.000,20000.000,22500.000,227.863,228.331,228.475,228.900,-0.550,-0.350
2017-03-27 10:59:00,228.193,228.683,48.000,160.000,228.15,228.20,2500.000,2500.000,228.65,228.75,415.000,319.000,228.10,228.25,5000.000,10000.000,228.60,228.80,5000.000,3847.000,22500.000,30000.000,228.014,228.342,228.544,228.846,-0.525,-0.344
2017-03-27 11:00:00,228.954,229.224,399.000,2904.000,228.85,228.95,5000.000,7500.000,229.15,229.35,857.000,2750.000,228.80,229.00,2500.000,7500.000,229.10,229.40,7915.000,6096.000,17500.000,25000.000,228.740,228.983,229.014,229.420,-0.350,-0.366
2017-03-27 11:01:00,229.061,229.357,40.000,499.000,229.00,229.10,2500.000,5000.000,229.35,229.50,218.000,99.000,228.95,229.15,5000.000,2500.000,229.30,229.55,3382.000,3410.000,15000.000,22500.000,228.859,229.218,229.233,229.617,-0.375,-0.389
2017-03-27 11:02:00,228.992,229.272,15.000,819.000,228.90,229.00,2500.000,5000.000,229.25,229.45,766.000,61.000,228.80,229.05,5000.000,7500.000,229.20,229.50,5668.000,3665.000,15000.000,25000.000,228.695,229.122,229.117,229.565,-0.400,-0.412
2017-03-27 11:03:00,228.829,229.244,151.000,60.000,228.80,228.90,7500.000,2500.000,229.20,229.30,210.000,2611.000,228.75,228.95,5000.000,7500.000,229.15,229.40,4851.000,8088.000,22500.000,22500.000,228.645,229.007,229.089,229.444,-0.400,-0.421
2017-03-27 11:04:00,228.734,229.193,134.000,7.000,228.80,228.85,2500.000,5000.000,229.15,229.30,100.000,1102.000,228.75,228.90,5000.000,2500.000,229.10,229.35,1711.000,6265.000,17500.000,20000.000,228.641,228.991,228.971,229.387,-0.400,-0.430
2017-03-27 11:05:00,228.752,229.134,454.000,357.000,228.60,228.70,2500.000,5000.000,229.10,229.25,389.000,339.000,228.55,228.75,2500.000,7500.000,229.05,229.30,10062.000,2169.000,15000.000,25000.000,228.492,228.807,228.958,229.355,-0.525,-0.453
2017-03-27 11:06:00,228.306,228.715,1044.000,119.000,228.15,228.30,7500.000,2500.000,228.70,228.80,1864.000,68.000,228.10,228.35,2500.000,5000.000,228.65,228.85,11588.000,3971.000,20000.000,22500.000,228.034,228.466,228.600,228.911,-0.525,-0.471
2017-03-27 11:07:00,228.662,229.057,272.000,1855.000,228.65,228.75,2500.000,10000.000,229.00,229.20,295.000,578.000,228.60,228.80,5000.000,2500.000,228.95,229.25,3463.000,5779.000,15000.000,22500.000,228.451,228.857,228.858,229.278,-0.400,-0.511
2017-03-27 11:08:00,228.473,228.934,227.000,203.000,228.60,228.65,2500.000,7500.000,228.90,229.10,34.000,110.000,228.55,228.70,2500.000,2500.000,228.85,229.15,835.000,6789.000,15000.000,25000.000,228.473,228.814,228.733,229.185,-0.375,-0.529
2017-03-27 11:09:00,228.137,228.639,506.000,7.000,228.00,228.15,5000.000,5000.000,228.65,228.75,1135.000,692.000,227.95,228.20,2500.000,7500.000,228.60,228.80,9296.000,4987.000,15000.000,30000.000,227.869,228.282,228.558,228.850,-0.625,-0.536
2017-03-27 11:10:00,228.448,228.944,36.000,1438.000,228.35,228.50,5000.000,5000.000,228.85,229.05,166.000,786.000,228.25,228.55,5000.000,2500.000,228.80,229.10,4705.000,4914.000,22500.000,20000.000,228.128,228.581,228.744,229.162,-0.525,-0.537
2017-03-27 11:11:00,228.464,228.963,406.000,60.000,228.30,228.50,2500.000,2500.000,228.90,229.05,747.000,857.000,228.25,228.55,2500.000,5000.000,228.85,229.10,6218.000,3665.000,17500.000,20000.000,228.173,228.612,228.779,229.169,-0.575,-0.557
2017-03-27 11:12:00,228.394,228.992,5.000,616.000,228.45,228.50,12500.000,5000.000,228.90,229.10,225.000,745.000,228.40,228.55,2500.000,2500.000,228.85,229.15,999.000,4448.000,25000.000,20000.000,228.313,228.610,228.815,229.250,-0.525,-0.559
2017-03-27 11:13:00,228.500,229.050,427.000,8.000,228.30,228.35,5000.000,5000.000,229.00,229.10,3026.000,45.000,228.25,228.40,7500.000,5000.000,228.90,229.15,16329.000,1017.000,25000.000,22500.000,228.166,228.578,228.860,229.200,-0.725,-0.556
2017-03-27 11:14:00,228.523,229.059,305.000,8.000,228.40,228.45,2500.000,5000.000,229.00,229.15,2812.000,62.000,228.25,228.50,2500.000,2500.000,228.95,229.20,16332.000,3042.000,20000.000,22500.000,228.155,228.622,228.850,229.261,-0.650,-0.571
2017-03-27 11:15:00,228.597,229.100,1.000,8.000,228.45,228.50,2500.000,5000.000,229.05,229.15,60.000,506.000,228.35,228.55,5000.000,2500.000,229.00,229.20,13474.000,3102.000,17500.000,17500.000,228.230,228.622,228.943,229.243,-0.625,-0.585
2017-03-27 11:16:00,228.365,228.962,149.000,5.000,228.30,228.35,2500.000,5000.000,228.90,229.00,60.000,351.000,228.20,228.40,2500.000,2500.000,228.85,229.05,11707.000,6245.000,20000.000,22500.000,228.091,228.507,228.775,229.139,-0.625,-0.571
2017-03-27 11:17:00,228.118,228.726,156.000,7.000,228.10,228.15,2500.000,7500.000,228.70,228.80,101.000,60.000,228.05,228.20,2500.000,5000.000,228.65,228.85,4738.000,4760.000,15000.000,27500.000,227.966,228.298,228.600,228.914,-0.625,-0.574
2017-03-27 11:18:00,228.158,228.694,42.000,964.000,228.10,228.25,2500.000,2500.000,228.65,228.80,101.000,1038.000,228.05,228.30,5000.000,7500.000,228.60,228.85,4600.000,5796.000,17500.000,27500.000,227.990,228.352,228.529,228.918,-0.550,-0.584
2017-03-27 11:19:00,227.974,228.585,65.000,330.000,227.90,228.00,2500.000,2500.000,228.50,228.65,523.000,160.000,227.85,228.10,7500.000,5000.000,228.45,228.70,7168.000,6184.000,22500.000,20000.000,227.762,228.221,228.389,228.744,-0.625,-0.566
2017-03-27 11:20:00,228.114,228.686,19.000,16.000,228.05,228.15,5000.000,2500.000,228.60,228.75,35.000,406.000,228.00,228.20,7500.000,2500.000,228.55,228.80,4846.000,5186.000,25000.000,20000.000,227.858,228.299,228.500,228.850,-0.575,-0.548
2017-03-27 11:21:00,228.040,228.568,387.000,2.000,227.85,227.90,2500.000,5000.000,228.50,228.65,947.000,1.000,227.80,227.95,2500.000,7500.000,228.45,228.70,12185.000,419.000,17500.000,25000.000,227.697,228.085,228.386,228.750,-0.700,-0.554
2017-03-27 11:22:00,228.013,228.634,2.000,78.000,228.10,228.15,5000.000,2500.000,228.55,228.70,50.000,739.000,228.05,228.20,5000.000,5000.000,228.50,228.75,871.000,8006.000,22500.000,17500.000,227.936,228.270,228.394,228.821,-0.500,-0.535
2017-03-27 11:23:00,228.086,228.674,200.000,15.000,228.05,228.10,2500.000,2500.000,228.60,228.75,4556.000,563.000,228.00,228.15,5000.000,7500.000,228.55,228.80,8769.000,6306.000,22500.000,20000.000,227.938,228.241,228.494,228.850,-0.600,-0.531
2017-03-27 11:24:00,228.097,228.619,4877.000,16.000,228.00,228.05,2500.000,2500.000,228.55,228.70,60.000,398.000,227.95,228.15,5000.000,5000.000,228.50,228.75,11166.000,3818.000,20000.000,20000.000,227.900,228.240,228.412,228.806,-0.600,-0.546
2017-03-27 11:25:00,228.151,228.634,46.000,174.000,228.05,228.15,5000.000,5000.000,228.60,228.75,4380.000,160.000,228.00,228.20,5000.000,10000.000,228.55,228.80,10077.000,5012.000,20000.000,27500.000,227.924,228.300,228.506,228.841,-0.575,-0.554
2017-03-27 11:26:00,228.088,228.642,4165.000,16.000,228.00,228.05,7500.000,2500.000,228.60,228.75,60.000,2.000,227.95,228.10,5000.000,10000.000,228.55,228.80,13343.000,3763.000,22500.000,25000.000,227.884,228.238,228.517,228.850,-0.650,-0.533
2017-03-27 11:27:00,228.129,228.659,3711.000,8.000,228.00,228.05,7500.000,2500.000,228.65,228.75,364.000,113.000,227.95,228.15,2500.000,12500.000,228.55,228.80,16443.000,4367.000,27500.000,27500.000,227.886,228.251,228.482,228.845,-0.675,-0.513
2017-03-27 11:28:00,228.082,228.646,3899.000,8.000,228.00,228.05,2500.000,2500.000,228.60,228.70,279.000,133.000,227.95,228.15,5000.000,2500.000,228.55,228.75,11567.000,5106.000,15000.000,15000.000,227.900,228.247,228.508,228.800,-0.625,-0.493
2017-03-27 11:29:00,228.308,228.908,176.000,16.000,228.30,228.35,2500.000,5000.000,228.85,228.95,60.000,1372.000,228.25,228.40,2500.000,2500.000,228.80,229.00,4118.000,5928.000,15000.000,17500.000,228.125,228.492,228.733,229.071,-0.575,-0.466
2017-03-27 11:30:00,228.198,228.722,147.000,7.000,228.10,228.15,5000.000,2500.000,228.65,228.80,110.000,175.000,228.05,228.25,7500.000,7500.000,228.60,228.85,8195.000,4648.000,20000.000,20000.000,227.954,228.362,228.575,228.912,-0.600,-0.442
2017-03-27 11:31:00,228.282,228.731,224.000,8.000,228.15,228.20,2500.000,2500.000,228.70,228.85,96.000,3.000,228.10,228.25,2500.000,7500.000,228.65,228.90,9436.000,2596.000,15000.000,25000.000,227.981,228.383,228.583,228.955,-0.600,-0.441
2017-03-27 11:32:00,228.166,228.597,435.000,8.000,228.05,228.20,2500.000,2500.000,228.55,228.70,4282.000,1275.000,228.00,228.25,2500.000,5000.000,228.50,228.75,7580.000,4039.000,17500.000,25000.000,227.955,228.325,228.436,228.805,-0.500,-0.448
2017-03-27 11:33:00,228.097,228.557,47.000,1236.000,228.05,228.20,2500.000,2500.000,228.50,228.65,3728.000,4841.000,228.00,228.25,2500.000,5000.000,228.45,228.70,6132.000,9415.000,17500.000,20000.000,227.951,228.285,228.364,228.756,-0.450,-0.437
2017-03-27 11:34:00,228.045,228.512,3587.000,8.000,228.00,228.05,2500.000,5000.000,228.45,228.60,50.000,1109.000,227.95,228.20,5000.000,2500.000,228.40,228.65,7279.000,6438.000,20000.000,22500.000,227.915,228.265,228.306,228.700,-0.500,-0.443
2017-03-27 11:35:00,228.140,228.543,706.000,257.000,228.05,228.20,2500.000,2500.000,228.50,228.65,3280.000,2230.000,228.00,228.25,2500.000,5000.000,228.45,228.70,6684.000,5506.000,15000.000,20000.000,227.952,228.302,228.375,228.744,-0.450,-0.462
2017-03-27 11:36:00,228.018,228.462,4874.000,8.000,228.00,228.05,2500.000,5000.000,228.45,228.65,70.000,625.000,227.95,228.20,5000.000,5000.000,228.40,228.70,8499.000,7741.000,15000.000,27500.000,227.933,228.288,228.317,228.768,-0.525,-0.474
2017-03-27 11:37:00,228.015,228.482,3927.000,76.000,228.00,228.05,2500.000,2500.000,228.45,228.60,289.000,1131.000,227.95,228.20,5000.000,10000.000,228.40,228.65,6736.000,7487.000,17500.000,25000.000,227.936,228.261,228.307,228.690,-0.500,-0.464
2017-03-27 11:38:00,228.104,228.509,1499.000,40.000,228.05,228.15,5000.000,2500.000,228.50,228.65,3917.000,303.000,228.00,228.20,2500.000,7500.000,228.45,228.70,8015.000,5347.000,15000.000,27500.000,227.967,228.290,228.400,228.750,-0.475,-0.453
2017-03-27 11:39:00,228.099,228.595,1393.000,7.000,228.05,228.10,2500.000,12500.000,228.55,228.70,3917.000,226.000,228.00,228.20,5000.000,10000.000,228.50,228.75,7855.000,4927.000,17500.000,35000.000,227.970,228.296,228.414,228.789,-0.550,-0.422
2017-03-27 11:40:00,228.051,228.548,1113.000,1.000,228.05,228.10,2500.000,5000.000,228.55,228.65,3917.000,624.000,228.00,228.20,2500.000,7500.000,228.50,228.70,6120.000,7052.000,15000.000,35000.000,227.989,228.279,228.433,228.757,-0.525,-0.416
2017-03-27 11:41:00,228.103,228.608,192.000,3739.000,228.10,228.15,2500.000,7500.000,228.55,228.70,127.000,730.000,228.05,228.20,5000.000,12500.000,228.50,228.75,5044.000,9210.000,17500.000,30000.000,227.993,228.231,228.429,228.775,-0.500,-0.414
2017-03-27 11:42:00,228.016,228.434,419.000,3472.000,228.05,228.15,2500.000,2500.000,228.40,228.50,4164.000,849.000,228.00,228.20,5000.000,2500.000,228.35,228.55,6729.000,18187.000,20000.000,20000.000,227.959,228.268,228.281,228.613,-0.350,-0.431
2017-03-27 11:43:00,228.138,228.485,16.000,8.000,228.05,228.10,2500.000,2500.000,228.45,228.60,4739.000,1489.000,228.00,228.15,5000.000,5000.000,228.40,228.65,7811.000,2769.000,20000.000,22500.000,227.950,228.188,228.331,228.706,-0.450,-0.471
2017-03-27 11:44:00,228.129,228.472,294.000,15.000,228.05,228.10,2500.000,2500.000,228.45,228.60,3242.000,1349.000,228.00,228.15,2500.000,10000.000,228.40,228.65,6460.000,2937.000,12500.000,27500.000,227.944,228.191,228.350,228.736,-0.450,-0.491
2017-03-27 11:45:00,228.023,228.488,3068.000,16.000,228.00,228.05,2500.000,2500.000,228.45,228.60,409.000,30.000,227.95,228.10,2500.000,7500.000,228.40,228.65,6437.000,3687.000,12500.000,20000.000,227.929,228.198,228.350,228.694,-0.500,-0.468
2017-03-27 11:46:00,227.980,228.477,1511.000,5.000,228.00,228.05,2500.000,5000.000,228.45,228.55,70.000,12.000,227.95,228.10,2500.000,2500.000,228.40,228.60,4883.000,5743.000,15000.000,22500.000,227.896,228.219,228.333,228.650,-0.475,-0.451
2017-03-27 11:47:00,228.011,228.515,827.000,8.000,228.00,228.05,2500.000,2500.000,228.45,228.60,568.000,35.000,227.95,228.10,5000.000,7500.000,228.40,228.65,4433.000,4002.000,15000.000,17500.000,227.889,228.205,228.358,228.686,-0.500,-0.418
2017-03-27 11:48:00,228.005,228.550,2550.000,147.000,228.00,228.10,5000.000,7500.000,228.45,228.60,70.000,1757.000,227.95,228.15,5000.000,5000.000,228.40,228.65,5774.000,7995.000,20000.000,22500.000,227.916,228.225,228.338,228.717,-0.475,-0.395
2017-03-27 11:49:00,228.115,228.556,6.000,629.000,228.20,228.25,2500.000,7500.000,228.40,228.55,256.000,2700.000,228.15,228.30,2500.000,2500.000,228.35,228.60,4593.000,15931.000,25000.000,20000.000,227.990,228.392,228.275,228.675,-0.250,-0.420
2017-03-27 11:50:00,228.127,228.482,430.000,16.000,228.10,228.15,2500.000,2500.000,228.45,228.55,406.000,98.000,228.05,228.25,2500.000,5000.000,228.40,228.60,6605.000,6781.000,15000.000,20000.000,227.987,228.352,228.350,228.700,-0.375,-0.457
2017-03-27 11:51:00,228.194,228.604,4.000,939.000,228.20,228.30,2500.000,2500.000,228.55,228.65,60.000,98.000,228.15,228.35,2500.000,2500.000,228.50,228.70,5914.000,11645.000,17500.000,17500.000,228.023,228.449,228.429,228.764,-0.350,-0.459
2017-03-27 11:52:00,228.247,228.585,50.000,8.000,228.10,228.15,2500.000,5000.000,228.50,228.65,1005.000,60.000,228.05,228.25,5000.000,7500.000,228.45,228.70,6179.000,1355.000,20000.000,22500.000,227.988,228.349,228.394,228.750,-0.450,-0.458
2017-03-27 11:53:00,228.170,228.600,108.000,203.000,228.05,228.10,2500.000,5000.000,228.50,228.65,2715.000,100.000,228.00,228.25,7500.000,5000.000,228.45,228.70,5893.000,2974.000,22500.000,20000.000,227.943,228.341,228.400,228.756,-0.500,-0.468
2017-03-27 11:54:00,228.002,228.571,1694.000,16.000,228.00,228.05,5000.000,2500.000,228.50,228.60,354.000,200.000,227.95,228.15,7500.000,2500.000,228.45,228.65,5331.000,6142.000,25000.000,17500.000,227.910,228.247,228.410,228.700,-0.525,-0.455
2017-03-27 11:55:00,228.009,228.550,1157.000,5.000,228.00,228.05,5000.000,2500.000,228.50,228.60,354.000,206.000,227.95,228.15,7500.000,2500.000,228.45,228.65,4794.000,5446.000,25000.000,22500.000,227.900,228.249,228.410,228.728,-0.525,-0.434
2017-03-27 11:56:00,228.282,228.702,62.000,414.000,228.20,228.35,5000.000,7500.000,228.60,228.80,149.000,181.000,228.15,228.40,5000.000,5000.000,228.55,228.85,6847.000,7153.000,25000.000,27500.000,228.020,228.506,228.515,228.918,-0.425,-0.441
2017-03-27 11:57:00,228.225,228.558,302.000,8.000,228.05,228.10,5000.000,2500.000,228.50,228.65,3154.000,35.000,228.00,228.25,7500.000,10000.000,228.45,228.70,8009.000,1868.000,22500.000,25000.000,227.942,228.361,228.411,228.755,-0.500,-0.469
2017-03-27 11:58:00,228.090,228.569,3345.000,8.000,228.00,228.10,5000.000,5000.000,228.50,228.65,743.000,60.000,227.95,228.15,7500.000,7500.000,228.45,228.70,7221.000,2358.000,22500.000,22500.000,227.932,228.248,228.411,228.750,-0.525,-0.451
2017-03-27 11:59:00,228.051,228.553,2714.000,8.000,228.00,228.05,5000.000,5000.000,228.50,228.65,514.000,68.000,227.95,228.10,5000.000,7500.000,228.45,228.70,6533.000,2122.000,20000.000,25000.000,227.922,228.234,228.406,228.750,-0.550,-0.424
2017-03-27 12:00:00,228.282,228.719,219.000,8.000,228.15,228.20,2500.000,2500.000,228.65,228.80,535.000,44.000,228.10,228.25,5000.000,7500.000,228.60,228.85,8276.000,2815.000,22500.000,22500.000,228.005,228.435,228.539,228.906,-0.550,-0.434
2017-03-27 12:01:00,228.157,228.609,315.000,3.000,228.05,228.10,2500.000,2500.000,228.55,228.70,2839.000,165.000,228.00,228.20,7500.000,2500.000,228.50,228.75,6564.000,2420.000,20000.000,22500.000,227.938,228.321,228.456,228.850,-0.550,-0.444
2017-03-27 12:02:00,228.041,228.517,2391.000,13.000,228.00,228.05,7500.000,2500.000,228.50,228.65,294.000,63.000,227.95,228.15,5000.000,2500.000,228.45,228.70,6025.000,4019.000,20000.000,25000.000,227.911,228.251,228.419,228.770,-0.550,-0.471
2017-03-27 12:03:00,228.196,228.586,182.000,375.000,228.10,228.15,7500.000,2500.000,228.55,228.70,499.000,101.000,228.05,228.20,12500.000,5000.000,228.50,228.75,4081.000,1373.000,27500.000,25000.000,227.983,228.264,228.482,228.835,-0.500,-0.509
2017-03-27 12:04:00,228.176,228.543,349.000,7.000,227.95,228.10,12500.000,2500.000,228.50,228.70,618.000,1022.000,227.90,228.15,5000.000,7500.000,228.45,228.75,9567.000,2355.000,25000.000,30000.000,227.794,228.199,228.430,228.846,-0.575,-0.543
2017-03-27 12:05:00,228.050,228.534,928.000,8.000,227.85,227.95,10000.000,2500.000,228.50,228.60,1128.000,208.000,227.80,228.00,5000.000,5000.000,228.45,228.65,14723.000,2855.000,27500.000,20000.000,227.725,228.149,228.400,228.719,-0.650,-0.557
2017-03-27 12:06:00,228.019,228.524,2.000,8.000,227.85,227.90,10000.000,2500.000,228.50,228.60,1240.000,15.000,227.80,227.95,5000.000,5000.000,228.45,228.65,14655.000,613.000,25000.000,22500.000,227.717,228.046,228.425,228.711,-0.675,-0.559
2017-03-27 12:07:00,228.040,228.648,3796.000,211.000,227.85,228.00,2500.000,5000.000,228.60,228.70,2308.000,60.000,227.80,228.05,5000.000,5000.000,228.55,228.75,18714.000,2673.000,27500.000,27500.000,227.762,228.144,228.500,228.805,-0.725,-0.547
2017-03-27 12:08:00,228.068,228.652,2.000,163.000,227.95,228.00,5000.000,7500.000,228.60,228.70,430.000,633.000,227.90,228.10,2500.000,5000.000,228.55,228.75,16337.000,8360.000,27500.000,27500.000,227.793,228.203,228.505,228.791,-0.675,-0.525
2017-03-27 12:09:00,228.011,228.548,2.000,33.000,227.85,227.95,12500.000,5000.000,228.50,228.70,1600.000,391.000,227.80,228.00,5000.000,5000.000,228.45,228.75,12421.000,3037.000,25000.000,30000.000,227.709,228.118,228.430,228.800,-0.700,-0.547
2017-03-27 12:10:00,228.046,228.600,301.000,293.000,227.95,228.00,2500.000,5000.000,228.55,228.70,4100.000,282.000,227.80,228.05,12500.000,2500.000,228.50,228.75,15066.000,3907.000,25000.000,27500.000,227.721,228.140,228.465,228.805,-0.650,-0.551
2017-03-27 12:11:00,228.023,228.535,1651.000,659.000,227.80,228.00,12500.000,7500.000,228.50,228.65,3174.000,678.000,227.75,228.05,5000.000,2500.000,228.45,228.70,15291.000,4654.000,27500.000,30000.000,227.673,228.117,228.432,228.754,-0.675,-0.566
2017-03-27 12:12:00,228.030,228.576,2.000,8.000,227.90,227.95,2500.000,5000.000,228.55,228.65,110.000,312.000,227.85,228.00,10000.000,2500.000,228.50,228.70,12021.000,3110.000,22500.000,25000.000,227.742,228.125,228.461,228.755,-0.675,-0.556
2017-03-27 12:13:00,227.786,228.260,2.000,46.000,227.60,227.70,2500.000,5000.000,228.25,228.40,430.000,307.000,227.55,227.75,5000.000,10000.000,228.20,228.45,13808.000,3306.000,17500.000,35000.000,227.435,227.842,228.150,228.511,-0.675,-0.583
2017-03-27 12:14:00,227.668,228.317,2888.000,33.000,227.55,227.60,2500.000,2500.000,228.30,228.40,1515.000,1.000,227.50,227.65,2500.000,5000.000,228.25,228.45,19176.000,2232.000,17500.000,27500.000,227.450,227.760,228.186,228.509,-0.775,-0.565
2017-03-27 12:15:00,227.797,228.372,2.000,2.000,227.65,227.75,2500.000,2500.000,228.35,228.45,3035.000,559.000,227.60,227.80,2500.000,2500.000,228.30,228.50,17722.000,5075.000,20000.000,25000.000,227.520,227.895,228.225,228.575,-0.700,-0.541
2017-03-27 12:16:00,227.795,228.379,2.000,203.000,227.65,227.70,5000.000,2500.000,228.35,228.45,3214.000,300.000,227.60,227.80,5000.000,5000.000,228.30,228.50,20246.000,5290.000,22500.000,25000.000,227.530,227.893,228.256,228.570,-0.725,-0.525
2017-03-27 12:17:00,228.074,228.575,2.000,184.000,227.95,228.00,5000.000,2500.000,228.60,228.70,2500.000,3.000,227.90,228.05,10000.000,12500.000,228.50,228.75,15913.000,3652.000,27500.000,32500.000,227.812,228.155,228.464,228.804,-0.675,-0.538
2017-03-27 12:18:00,228.067,228.673,576.000,15.000,228.00,228.05,7500.000,5000.000,228.65,228.80,60.000,44.000,227.95,228.10,7500.000,5000.000,228.60,228.85,10705.000,5477.000,25000.000,35000.000,227.854,228.235,228.575,228.921,-0.700,-0.539
2017-03-27 12:19:00,228.337,228.893,1.000,8.000,228.20,228.35,5000.000,5000.000,228.85,229.00,956.000,506.000,228.15,228.40,10000.000,5000.000,228.80,229.05,12908.000,7785.000,25000.000,30000.000,228.040,228.500,228.775,229.108,-0.650,-0.547
2017-03-27 12:20:00,228.499,228.956,219.000,32.000,228.30,228.35,7500.000,5000.000,228.95,229.10,625.000,581.000,228.25,228.45,5000.000,2500.000,228.90,229.15,13984.000,2607.000,25000.000,37500.000,228.138,228.533,228.870,229.243,-0.700,-0.575
2017-03-27 12:21:00,228.336,228.838,210.000,16.000,228.25,228.30,2500.000,2500.000,228.85,229.00,186.000,393.000,228.15,228.40,5000.000,7500.000,228.80,229.05,10599.000,5989.000,15000.000,27500.000,228.049,228.504,228.717,229.100,-0.650,-0.583
2017-03-27 12:22:00,228.351,228.921,309.000,16.000,228.20,228.25,2500.000,2500.000,228.90,229.00,1399.000,60.000,228.15,228.35,5000.000,5000.000,228.85,229.05,17836.000,5403.000,20000.000,27500.000,228.047,228.481,228.806,229.105,-0.725,-0.594
2017-03-27 12:23:00,228.296,228.905,324.000,7.000,228.25,228.30,2500.000,2500.000,228.90,229.00,400.000,233.000,228.20,228.35,5000.000,2500.000,228.85,229.05,7787.000,5351.000,20000.000,30000.000,228.103,228.474,228.806,229.121,-0.675,-0.588
2017-03-27 12:24:00,228.304,228.900,120.000,8.000,228.30,228.35,7500.000,2500.000,228.90,229.00,393.000,1911.000,228.25,228.40,5000.000,2500.000,228.85,229.05,7946.000,8903.000,22500.000,30000.000,228.102,228.482,228.811,229.117,-0.625,-0.580
2017-03-27 12:25:00,228.324,228.923,70.000,16.000,228.30,228.35,2500.000,2500.000,228.90,229.00,168.000,1933.000,228.25,228.40,5000.000,2500.000,228.85,229.05,6432.000,8283.000,25000.000,30000.000,228.123,228.484,228.750,229.117,-0.625,-0.578
2017-03-27 12:26:00,228.356,228.898,70.000,149.000,228.30,228.35,7500.000,5000.000,228.85,229.05,310.000,1453.000,228.20,228.40,7500.000,7500.000,228.80,229.10,7365.000,5682.000,25000.000,30000.000,228.063,228.479,228.730,229.142,-0.625,-0.595
2017-03-27 12:27:00,228.313,228.939,65.000,45.000,228.30,228.35,7500.000,2500.000,228.90,229.00,562.000,1755.000,228.20,228.40,7500.000,10000.000,228.85,229.10,8303.000,7804.000,25000.000,32500.000,228.102,228.485,228.830,229.135,-0.625,-0.573
2017-03-27 12:28:00,228.337,228.913,459.000,8.000,228.25,228.30,5000.000,2500.000,228.90,229.00,568.000,10.000,228.20,228.35,5000.000,2500.000,228.85,229.05,11918.000,5464.000,25000.000,22500.000,228.095,228.471,228.780,229.122,-0.675,-0.568
2017-03-27 12:29:00,228.338,228.897,100.000,64.000,228.25,228.30,5000.000,2500.000,228.90,229.00,1350.000,50.000,228.20,228.35,5000.000,2500.000,228.85,229.05,12320.000,5560.000,22500.000,22500.000,228.097,228.468,228.789,229.122,-0.675,-0.563
2017-03-27 12:30:00,228.236,228.821,1.000,50.000,228.25,228.30,7500.000,5000.000,228.80,229.00,564.000,53.000,228.20,228.35,2500.000,5000.000,228.75,229.05,3624.000,5096.000,17500.000,25000.000,228.091,228.473,228.686,229.095,-0.625,-0.552
2017-03-27 12:31:00,228.079,228.709,18.000,60.000,228.00,228.10,7500.000,2500.000,228.65,228.85,60.000,269.000,227.95,228.15,7500.000,5000.000,228.60,228.90,7568.000,6139.000,25000.000,32500.000,227.843,228.242,228.570,228.954,-0.700,-0.546
2017-03-27 12:32:00,228.109,228.621,60.000,8.000,227.90,228.00,10000.000,5000.000,228.60,228.75,1884.000,27.000,227.85,228.05,2500.000,5000.000,228.55,228.80,20285.000,1706.000,22500.000,30000.000,227.761,228.146,228.533,228.875,-0.725,-0.560
2017-03-27 12:33:00,228.021,228.572,505.000,1054.000,227.80,227.85,2500.000,2500.000,228.50,228.65,500.000,113.000,227.75,227.95,2500.000,7500.000,228.45,228.70,18856.000,2585.000,20000.000,25000.000,227.637,227.956,228.375,228.740,-0.750,-0.574
2017-03-27 12:34:00,227.971,228.505,4.000,1491.000,227.85,227.90,2500.000,7500.000,228.45,228.65,2057.000,789.000,227.80,227.95,5000.000,10000.000,228.40,228.70,10825.000,4070.000,20000.000,30000.000,227.656,227.976,228.306,228.721,-0.675,-0.582
2017-03-27 12:35:00,227.994,228.523,1246.000,1392.000,227.85,227.90,2500.000,2500.000,228.50,228.65,55.000,212.000,227.80,227.95,2500.000,7500.000,228.45,228.70,15897.000,3801.000,22500.000,32500.000,227.649,227.985,228.344,228.758,-0.700,-0.587
2017-03-27 12:36:00,227.857,228.458,1543.000,30.000,227.70,227.75,5000.000,2500.000,228.40,228.55,71.000,419.000,227.65,227.85,5000.000,5000.000,228.35,228.60,23749.000,6464.000,25000.000,22500.000,227.553,227.963,228.300,228.656,-0.750,-0.586
2017-03-27 12:37:00,227.810,228.392,830.000,40.000,227.65,227.70,5000.000,2500.000,228.35,228.50,710.000,282.000,227.60,227.80,10000.000,2500.000,228.30,228.55,20098.000,4333.000,22500.000,25000.000,227.519,227.908,228.267,228.610,-0.750,-0.598
2017-03-27 12:38:00,227.809,228.433,1113.000,30.000,227.65,227.70,5000.000,2500.000,228.40,228.55,5929.000,63.000,227.60,227.80,7500.000,10000.000,228.35,228.60,23341.000,3409.000,27500.000,30000.000,227.541,227.917,228.305,228.662,-0.800,-0.617
2017-03-27 12:39:00,227.605,228.178,1711.000,80.000,227.55,227.60,2500.000,5000.000,228.15,228.35,2014.000,726.000,227.50,227.65,5000.000,5000.000,228.10,228.40,10683.000,5221.000,27500.000,30000.000,227.401,227.732,227.968,228.467,-0.675,-0.634
2017-03-27 12:40:00,227.761,228.315,2832.000,18.000,227.60,227.65,7500.000,5000.000,228.30,228.50,1873.000,4.000,227.55,227.70,5000.000,5000.000,228.25,228.55,19792.000,2283.000,25000.000,40000.000,227.476,227.881,228.205,228.622,-0.775,-0.649
2017-03-27 12:41:00,227.705,228.302,1787.000,49.000,227.60,227.65,2500.000,2500.000,228.25,228.40,2092.000,64.000,227.55,227.70,7500.000,2500.000,228.20,228.45,11095.000,1959.000,27500.000,27500.000,227.499,227.805,228.095,228.527,-0.700,-0.657
2017-03-27 12:42:00,227.835,228.476,708.000,3.000,227.70,227.75,2500.000,5000.000,228.45,228.60,2719.000,3.000,227.65,227.85,5000.000,7500.000,228.40,228.65,21038.000,6986.000,22500.000,35000.000,227.562,227.968,228.350,228.718,-0.800,-0.642
2017-03-27 12:43:00,227.742,228.461,2832.000,51.000,227.60,227.65,2500.000,5000.000,228.40,228.50,4692.000,346.000,227.55,227.70,2500.000,5000.000,228.35,228.55,27189.000,1632.000,22500.000,22500.000,227.491,227.787,228.283,228.594,-0.825,-0.629
2017-03-27 12:44:00,228.090,228.750,49.000,8.000,227.95,228.05,10000.000,2500.000,228.65,228.85,1214.000,300.000,227.90,228.10,5000.000,2500.000,228.60,228.90,17702.000,6192.000,25000.000,20000.000,227.798,228.232,228.580,228.963,-0.750,-0.615
2017-03-27 12:45:00,228.206,228.833,2720.000,249.000,228.00,228.10,2500.000,2500.000,228.80,228.95,4144.000,250.000,227.95,228.15,7500.000,5000.000,228.75,229.00,23293.000,2684.000,25000.000,42500.000,227.888,228.296,228.700,229.103,-0.825,-0.616
2017-03-27 12:46:00,228.176,228.816,2953.000,573.000,228.05,228.10,2500.000,2500.000,228.80,228.95,5202.000,30.000,228.00,228.15,7500.000,5000.000,228.75,229.00,21636.000,2485.000,22500.000,25000.000,227.946,228.218,228.700,229.085,-0.800,-0.610
2017-03-27 12:47:00,228.256,228.818,379.000,30.000,228.10,228.15,7500.000,2500.000,228.80,228.95,551.000,60.000,228.05,228.20,7500.000,2500.000,228.75,229.00,17716.000,1705.000,27500.000,27500.000,227.964,228.306,228.718,229.091,-0.750,-0.627
2017-03-27 12:48:00,228.313,228.971,426.000,30.000,228.15,228.20,2500.000,5000.000,228.90,229.05,2720.000,148.000,228.10,228.25,2500.000,2500.000,228.85,229.10,17209.000,1144.000,25000.000,22500.000,228.017,228.341,228.735,229.161,-0.800,-0.633
2017-03-27 12:49:00,228.341,228.928,1006.000,168.000,228.20,228.25,5000.000,2500.000,228.90,229.05,529.000,136.000,228.15,228.30,5000.000,5000.000,228.85,229.10,18832.000,3541.000,25000.000,25000.000,228.052,228.412,228.775,229.180,-0.750,-0.641
2017-03-27 12:50:00,228.368,229.003,1285.000,38.000,228.20,228.25,2500.000,2500.000,228.90,229.00,529.000,505.000,228.15,228.30,5000.000,2500.000,228.85,229.10,21433.000,2665.000,22500.000,15000.000,228.044,228.387,228.772,229.142,-0.725,-0.639
2017-03-27 12:51:00,228.400,229.007,3962.000,8.000,228.20,228.25,2500.000,5000.000,229.00,229.20,3243.000,505.000,228.15,228.30,5000.000,5000.000,228.95,229.25,33203.000,1913.000,20000.000,35000.000,228.070,228.418,228.881,229.332,-0.875,-0.661
2017-03-27 12:52:00,228.063,228.711,708.000,578.000,227.90,228.05,2500.000,2500.000,228.65,228.80,1290.000,389.000,227.80,228.10,5000.000,2500.000,228.60,228.85,19570.000,7220.000,27500.000,27500.000,227.705,228.202,228.477,228.923,-0.750,-0.667
2017-03-27 12:53:00,227.996,228.686,1019.000,15.000,227.90,227.95,2500.000,2500.000,228.65,228.75,655.000,11.000,227.85,228.00,2500.000,2500.000,228.60,228.80,10364.000,3128.000,27500.000,25000.000,227.774,228.121,228.473,228.895,-0.775,-0.660
2017-03-27 12:54:00,228.202,228.826,1476.000,1377.000,228.00,228.20,5000.000,2500.000,228.80,228.90,2560.000,3122.000,227.95,228.25,2500.000,2500.000,228.75,228.95,17147.000,7992.000,27500.000,30000.000,227.869,228.276,228.682,229.025,-0.750,-0.669
2017-03-27 12:55:00,228.235,228.860,1762.000,373.000,228.05,228.20,2500.000,5000.000,228.80,229.00,2666.000,173.000,228.00,228.25,2500.000,10000.000,228.75,229.05,14690.000,4271.000,20000.000,32500.000,227.922,228.335,228.681,229.100,-0.775,-0.679
2017-03-27 12:56:00,228.350,229.067,359.000,3.000,228.25,228.30,10000.000,2500.000,229.00,229.15,2016.000,460.000,228.20,228.40,2500.000,5000.000,228.95,229.20,13375.000,6404.000,27500.000,25000.000,228.132,228.495,228.918,229.265,-0.800,-0.660
2017-03-27 12:57:00,228.461,229.143,743.000,8.000,228.30,228.40,2500.000,2500.000,229.10,229.20,375.000,60.000,228.25,228.45,5000.000,5000.000,229.05,229.25,17246.000,4410.000,27500.000,27500.000,228.161,228.543,228.995,229.318,-0.800,-0.658
2017-03-27 12:58:00,228.475,229.126,502.000,19.000,228.35,228.45,2500.000,2500.000,229.10,229.25,2560.000,36.000,228.30,228.50,5000.000,5000.000,229.05,229.30,13344.000,5075.000,25000.000,32500.000,228.216,228.610,229.005,229.392,-0.775,-0.662
2017-03-27 12:59:00,228.456,229.125,60.000,74.000,228.35,228.45,5000.000,2500.000,229.05,229.20,2773.000,3517.000,228.30,228.50,12500.000,5000.000,229.00,229.25,11304.000,7237.000,25000.000,20000.000,228.207,228.558,228.980,229.306,-0.725,-0.665
2017-03-27 13:00:00,228.461,229.139,486.000,450.000,228.40,228.45,2500.000,2500.000,229.10,229.20,1250.000,2823.000,228.35,228.50,2500.000,2500.000,229.05,229.25,10568.000,8241.000,22500.000,22500.000,228.255,228.560,229.000,229.322,-0.725,-0.669
2017-03-27 13:01:00,228.415,229.035,125.000,515.000,228.35,228.40,20000.000,2500.000,229.00,229.15,2273.000,856.000,228.30,228.45,2500.000,2500.000,228.95,229.20,7477.000,5697.000,35000.000,30000.000,228.205,228.507,228.929,229.287,-0.700,-0.672
2017-03-27 13:02:00,228.379,229.054,819.000,127.000,228.30,228.35,17500.000,2500.000,229.00,229.15,60.000,500.000,228.25,228.40,2500.000,7500.000,228.95,229.20,10379.000,5500.000,32500.000,27500.000,228.154,228.490,228.923,229.245,-0.750,-0.668
2017-03-27 13:03:00,228.329,228.998,547.000,8.000,228.25,228.30,7500.000,2500.000,229.00,229.15,1720.000,365.000,228.20,228.35,5000.000,12500.000,228.95,229.20,10971.000,4084.000,22500.000,37500.000,228.129,228.468,228.906,229.257,-0.800,-0.674
2017-03-27 13:04:00,228.267,228.950,330.000,30.000,228.25,228.30,2500.000,7500.000,228.90,229.10,160.000,539.000,228.10,228.35,7500.000,7500.000,228.85,229.15,10552.000,6587.000,22500.000,42500.000,228.007,228.472,228.789,229.203,-0.725,-0.673
2017-03-27 13:05:00,228.300,228.996,364.000,8.000,228.15,228.20,10000.000,5000.000,228.90,229.10,703.000,3.000,228.10,228.25,5000.000,5000.000,228.85,229.15,9344.000,918.000,30000.000,30000.000,228.017,228.387,228.808,229.200,-0.825,-0.667
2017-03-27 13:06:00,228.255,228.894,1297.000,15.000,228.10,228.15,5000.000,2500.000,228.85,229.00,3150.000,108.000,228.00,228.25,5000.000,2500.000,228.80,229.05,19436.000,3845.000,27500.000,32500.000,227.922,228.359,228.741,229.138,-0.800,-0.675
2017-03-27 13:07:00,228.205,228.861,749.000,16.000,228.10,228.15,2500.000,2500.000,228.80,228.95,256.000,545.000,228.00,228.25,2500.000,7500.000,228.75,229.00,9040.000,4232.000,27500.000,30000.000,227.905,228.345,228.682,229.067,-0.750,-0.677
2017-03-27 13:08:00,228.235,228.930,524.000,5.000,228.10,228.20,5000.000,2500.000,228.85,229.00,281.000,65.000,228.05,228.25,5000.000,2500.000,228.80,229.05,7895.000,2209.000,30000.000,27500.000,227.978,228.378,228.742,229.114,-0.775,-0.669
2017-03-27 13:09:00,228.169,228.850,60.000,8.000,227.95,228.05,7500.000,7500.000,228.75,228.95,4210.000,11.000,227.90,228.10,7500.000,10000.000,228.70,229.00,25642.000,1827.000,30000.000,32500.000,227.804,228.209,228.646,229.046,-0.850,-0.667
2017-03-27 13:10:00,228.085,228.750,1064.000,24.000,227.90,227.95,7500.000,2500.000,228.70,228.85,2729.000,1.000,227.85,228.00,7500.000,7500.000,228.65,228.90,26662.000,692.000,27500.000,27500.000,227.756,228.131,228.609,228.959,-0.850,-0.668
2017-03-27 13:11:00,228.044,228.723,2937.000,13.000,227.90,227.95,5000.000,2500.000,228.70,228.80,2500.000,63.000,227.85,228.00,7500.000,5000.000,228.65,228.85,25936.000,2815.000,37500.000,37500.000,227.771,228.125,228.550,228.927,-0.825,-0.661
2017-03-27 13:12:00,228.053,228.716,630.000,36.000,227.90,227.95,5000.000,2500.000,228.70,228.80,1335.000,3.000,227.85,228.00,7500.000,5000.000,228.65,228.85,23049.000,2663.000,30000.000,32500.000,227.759,228.130,228.592,228.923,-0.825,-0.668
2017-03-27 13:13:00,228.062,228.719,1071.000,13.000,227.90,227.95,7500.000,2500.000,228.70,228.80,979.000,63.000,227.85,228.00,7500.000,5000.000,228.65,228.85,26743.000,2700.000,40000.000,37500.000,227.754,228.129,228.559,228.933,-0.825,-0.676
2017-03-27 13:14:00,228.056,228.725,568.000,19.000,227.90,227.95,5000.000,2500.000,228.70,228.80,979.000,63.000,227.85,228.00,7500.000,7500.000,228.65,228.85,24190.000,2706.000,37500.000,37500.000,227.757,228.128,228.550,228.923,-0.825,-0.704
2017-03-27 13:15:00,228.027,228.698,2257.000,21.000,227.90,227.95,7500.000,5000.000,228.65,228.80,979.000,105.000,227.85,228.00,2500.000,5000.000,228.60,228.85,15695.000,2857.000,35000.000,37500.000,227.769,228.118,228.500,228.917,-0.800,-0.721
2017-03-27 13:16:00,228.018,228.664,514.000,14.000,227.85,227.90,2500.000,2500.000,228.65,228.75,175.000,63.000,227.80,227.95,2500.000,7500.000,228.60,228.80,16255.000,1561.000,20000.000,35000.000,227.701,228.059,228.525,228.857,-0.825,-0.743
2017-03-27 13:17:00,227.909,228.608,1329.000,452.000,227.80,227.85,2500.000,7500.000,228.55,228.70,252.000,348.000,227.75,227.90,10000.000,5000.000,228.50,228.75,12699.000,5311.000,27500.000,32500.000,227.635,227.993,228.450,228.804,-0.800,-0.708
2017-03-27 13:18:00,227.869,228.566,963.000,106.000,227.70,227.75,10000.000,7500.000,228.50,228.70,8223.000,108.000,227.60,227.85,2500.000,7500.000,228.45,228.75,30751.000,3478.000,27500.000,35000.000,227.537,227.970,228.427,228.796,-0.875,-0.700
2017-03-27 13:19:00,227.666,228.470,3362.000,8.000,227.55,227.60,7500.000,5000.000,228.40,228.50,10189.000,54.000,227.50,227.65,2500.000,5000.000,228.35,228.55,28685.000,2827.000,30000.000,25000.000,227.457,227.757,228.296,228.590,-0.875,-0.673
2017-03-27 13:20:00,227.712,228.469,10.000,66.000,227.55,227.60,10000.000,2500.000,228.40,228.55,10408.000,60.000,227.50,227.70,2500.000,7500.000,228.35,228.60,26338.000,3625.000,30000.000,30000.000,227.441,227.827,228.308,228.654,-0.900,-0.656
2017-03-27 13:21:00,227.677,228.434,2854.000,8.000,227.55,227.60,2500.000,7500.000,228.40,228.50,4646.000,63.000,227.50,227.65,7500.000,5000.000,228.30,228.55,23576.000,3769.000,27500.000,27500.000,227.428,227.755,228.259,228.591,-0.875,-0.646
2017-03-27 13:22:00,228.072,228.596,50.000,8.000,227.90,228.00,10000.000,2500.000,228.60,228.80,611.000,507.000,227.85,228.05,5000.000,2500.000,228.55,228.85,7329.000,2447.000,25000.000,37500.000,227.725,228.135,228.515,228.950,-0.750,-0.662
2017-03-27 13:23:00,227.859,228.512,486.000,68.000,227.60,227.65,2500.000,5000.000,228.45,228.60,4409.000,125.000,227.55,227.80,12500.000,5000.000,228.40,228.65,24615.000,1109.000,25000.000,25000.000,227.471,227.891,228.365,228.710,-0.900,-0.691
2017-03-27 13:24:00,227.748,228.422,2851.000,168.000,227.50,227.55,7500.000,7500.000,228.30,228.50,210.000,1.000,227.45,227.60,5000.000,5000.000,228.25,228.55,26563.000,1980.000,35000.000,27500.000,227.362,227.783,228.161,228.582,-0.875,-0.696
2017-03-27 13:25:00,227.664,228.331,1606.000,106.000,227.50,227.55,5000.000,5000.000,228.25,228.45,100.000,1.000,227.45,227.60,10000.000,7500.000,228.20,228.50,13279.000,3058.000,30000.000,30000.000,227.358,227.748,228.137,228.558,-0.825,-0.697
2017-03-27 13:26:00,227.638,228.350,504.000,127.000,227.50,227.55,2500.000,2500.000,228.25,228.40,150.000,1.000,227.45,227.60,12500.000,10000.000,228.20,228.45,9921.000,2511.000,37500.000,30000.000,227.333,227.721,228.120,228.525,-0.800,-0.680
2017-03-27 13:27:00,227.598,228.198,103.000,150.000,227.35,227.40,7500.000,12500.000,228.15,228.35,454.000,205.000,227.30,227.55,2500.000,7500.000,228.10,228.40,24944.000,4156.000,22500.000,37500.000,227.201,227.711,228.056,228.437,-0.875,-0.689
2017-03-27 13:28:00,227.549,228.352,1714.000,8.000,227.40,227.45,12500.000,2500.000,228.25,228.40,8379.000,4.000,227.35,227.50,7500.000,7500.000,228.20,228.45,26275.000,766.000,40000.000,25000.000,227.291,227.640,228.137,228.505,-0.900,-0.661
2017-03-27 13:29:00,227.642,228.338,1760.000,91.000,227.45,227.50,7500.000,7500.000,228.25,228.45,935.000,1.000,227.40,227.55,7500.000,5000.000,228.20,228.50,24085.000,2889.000,35000.000,35000.000,227.309,227.722,228.118,228.546,-0.875,-0.638
2017-03-27 13:30:00,227.624,228.300,892.000,348.000,227.50,227.55,2500.000,7500.000,228.25,228.40,1000.000,447.000,227.45,227.60,5000.000,5000.000,228.20,228.45,12486.000,4052.000,20000.000,27500.000,227.338,227.698,228.150,228.495,-0.800,-0.636
2017-03-27 13:31:00,227.673,228.298,45.000,745.000,227.50,227.65,10000.000,2500.000,228.25,228.40,150.000,516.000,227.45,227.70,5000.000,7500.000,228.20,228.45,9081.000,4758.000,25000.000,32500.000,227.335,227.746,228.175,228.512,-0.750,-0.642
2017-03-27 13:32:00,227.736,228.383,1659.000,66.000,227.50,227.60,2500.000,2500.000,228.30,228.50,1442.000,60.000,227.45,227.70,2500.000,5000.000,228.25,228.55,17351.000,1976.000,17500.000,20000.000,227.365,227.802,228.150,228.606,-0.850,-0.636
2017-03-27 13:33:00,227.702,228.363,1924.000,30.000,227.50,227.60,2500.000,2500.000,228.30,228.45,777.000,63.000,227.45,227.65,2500.000,5000.000,228.25,228.50,17973.000,1778.000,17500.000,22500.000,227.363,227.752,228.171,228.556,-0.825,-0.656
2017-03-27 13:34:00,227.730,228.313,1611.000,8.000,227.50,227.60,5000.000,2500.000,228.35,228.55,7716.000,252.000,227.45,227.65,2500.000,2500.000,228.30,228.60,27099.000,1084.000,22500.000,35000.000,227.388,227.774,228.172,228.696,-0.900,-0.670
2017-03-27 13:35:00,227.684,228.348,26.000,89.000,227.55,227.65,5000.000,2500.000,228.30,228.45,1367.000,494.000,227.50,227.70,2500.000,5000.000,228.25,228.50,9951.000,4149.000,25000.000,27500.000,227.412,227.767,228.150,228.564,-0.775,-0.678
2017-03-27 13:36:00,227.750,228.402,1226.000,48.000,227.55,227.60,2500.000,2500.000,228.35,228.50,832.000,31.000,227.50,227.65,7500.000,5000.000,228.30,228.55,17154.000,1966.000,25000.000,27500.000,227.403,227.806,228.220,228.609,-0.850,-0.695
2017-03-27 13:37:00,227.777,228.396,82.000,31.000,227.60,227.65,5000.000,2500.000,228.40,228.55,380.000,3.000,227.55,227.70,2500.000,7500.000,228.35,228.60,20337.000,1259.000,20000.000,40000.000,227.452,227.804,228.306,228.678,-0.850,-0.701
2017-03-27 13:38:00,227.825,228.587,3764.000,58.000,227.65,227.70,2500.000,2500.000,228.55,228.70,5920.000,149.000,227.60,227.80,5000.000,12500.000,228.50,228.75,26089.000,3377.000,17500.000,30000.000,227.553,227.972,228.457,228.783,-0.950,-0.677
2017-03-27 13:39:00,227.870,228.524,55.000,129.000,227.70,227.80,2500.000,5000.000,228.50,228.65,650.000,60.000,227.65,227.85,5000.000,5000.000,228.45,228.70,19036.000,5127.000,17500.000,30000.000,227.535,227.981,228.393,228.762,-0.825,-0.666
2017-03-27 13:40:00,227.612,228.315,1.000,8.000,227.40,227.50,2500.000,7500.000,228.25,228.40,2620.000,565.000,227.35,227.55,2500.000,2500.000,228.20,228.45,22997.000,1538.000,22500.000,27500.000,227.266,227.622,228.128,228.505,-0.875,-0.658
2017-03-27 13:41:00,227.550,228.287,2076.000,98.000,227.35,227.40,2500.000,2500.000,228.20,228.40,2994.000,3.000,227.30,227.50,5000.000,7500.000,228.15,228.45,24235.000,1130.000,22500.000,27500.000,227.229,227.607,228.072,228.509,-0.925,-0.621
2017-03-27 13:42:00,227.545,228.193,2189.000,63.000,227.30,227.50,5000.000,2500.000,228.15,228.30,8269.000,783.000,227.25,227.55,5000.000,5000.000,228.10,228.35,29088.000,5421.000,25000.000,30000.000,227.190,227.685,228.050,228.429,-0.825,-0.620
2017-03-27 13:43:00,227.525,228.167,6.000,366.000,227.35,227.50,5000.000,5000.000,228.10,228.30,1396.000,571.000,227.30,227.55,5000.000,10000.000,228.05,228.35,11907.000,5372.000,22500.000,27500.000,227.195,227.681,227.994,228.395,-0.775,-0.600
2017-03-27 13:44:00,227.549,228.150,330.000,115.000,227.30,227.35,2500.000,2500.000,228.10,228.25,550.000,252.000,227.25,227.50,5000.000,5000.000,228.05,228.30,17838.000,2336.000,27500.000,27500.000,227.149,227.577,227.936,228.368,-0.850,-0.600
2017-03-27 13:45:00,227.371,228.033,471.000,832.000,227.25,227.30,5000.000,5000.000,228.00,228.15,87.000,141.000,227.20,227.35,5000.000,7500.000,227.95,228.20,11812.000,3975.000,17500.000,27500.000,227.095,227.431,227.914,228.236,-0.800,-0.583
2017-03-27 13:46:00,227.332,227.881,120.000,35.000,227.15,227.20,5000.000,7500.000,227.85,228.05,702.000,537.000,227.10,227.25,2500.000,5000.000,227.80,228.10,18372.000,2245.000,17500.000,27500.000,226.980,227.330,227.707,228.150,-0.775,-0.599
2017-03-27 13:47:00,227.339,227.984,2926.000,60.000,227.15,227.20,5000.000,2500.000,227.90,228.10,1341.000,60.000,227.05,227.30,5000.000,5000.000,227.85,228.15,28492.000,1701.000,25000.000,22500.000,226.988,227.397,227.775,228.217,-0.825,-0.598
2017-03-27 13:48:00,227.485,228.026,50.000,406.000,227.20,227.40,5000.000,2500.000,227.95,228.15,915.000,968.000,227.15,227.45,2500.000,2500.000,227.90,228.20,19533.000,4774.000,20000.000,22500.000,227.020,227.502,227.844,228.278,-0.750,-0.602
2017-03-27 13:49:00,227.361,227.966,1702.000,59.000,227.15,227.20,5000.000,2500.000,227.90,228.00,20.000,693.000,227.10,227.35,2500.000,2500.000,227.85,228.05,23537.000,5074.000,25000.000,15000.000,227.003,227.454,227.730,228.108,-0.775,-0.594
2017-03-27 13:50:00,227.438,228.013,2647.000,37.000,227.20,227.30,5000.000,2500.000,228.00,228.10,885.000,575.000,227.15,227.40,2500.000,2500.000,227.95,228.15,32835.000,4335.000,25000.000,22500.000,227.058,227.489,227.790,228.228,-0.800,-0.604
2017-03-27 13:51:00,227.437,228.067,1398.000,314.000,227.20,227.25,2500.000,2500.000,228.00,228.10,696.000,494.000,227.15,227.40,2500.000,5000.000,227.95,228.15,27887.000,4481.000,20000.000,17500.000,227.049,227.476,227.838,228.200,-0.825,-0.611
2017-03-27 13:52:00,227.409,228.047,713.000,100.000,227.20,227.25,2500.000,2500.000,228.00,228.10,1559.000,3.000,227.15,227.35,2500.000,5000.000,227.95,228.15,27074.000,2978.000,20000.000,20000.000,227.048,227.466,227.844,228.206,-0.825,-0.604
2017-03-27 13:53:00,227.444,228.008,148.000,8.000,227.25,227.35,5000.000,5000.000,227.95,228.10,1237.000,660.000,227.15,227.40,2500.000,10000.000,227.90,228.15,20752.000,4268.000,20000.000,25000.000,227.029,227.483,227.825,228.180,-0.725,-0.635
2017-03-27 13:54:00,227.459,228.020,190.000,50.000,227.20,227.25,7500.000,2500.000,227.95,228.10,1506.000,602.000,227.15,227.40,10000.000,5000.000,227.90,228.15,21172.000,3231.000,27500.000,22500.000,227.031,227.479,227.873,228.206,-0.800,-0.643
2017-03-27 13:55:00,227.491,228.117,81.000,8.000,227.25,227.40,7500.000,2500.000,228.05,228.15,1990.000,407.000,227.20,227.45,2500.000,10000.000,228.00,228.25,27019.000,4121.000,27500.000,25000.000,227.103,227.529,227.927,228.280,-0.775,-0.649
2017-03-27 13:56:00,227.422,228.086,602.000,66.000,227.20,227.25,7500.000,2500.000,228.00,228.15,881.000,3.000,227.15,227.35,2500.000,7500.000,227.95,228.20,33474.000,2649.000,27500.000,25000.000,227.045,227.478,227.895,228.250,-0.850,-0.656
2017-03-27 13:57:00,227.618,228.224,205.000,8.000,227.35,227.50,7500.000,2500.000,228.15,228.30,615.000,625.000,227.30,227.55,5000.000,5000.000,228.10,228.35,25446.000,2403.000,22500.000,20000.000,227.196,227.617,228.072,228.400,-0.800,-0.661
2017-03-27 13:58:00,227.602,228.321,3251.000,10.000,227.60,227.65,7500.000,2500.000,228.20,228.35,50.000,319.000,227.50,227.70,5000.000,5000.000,228.15,228.40,5604.000,3827.000,30000.000,17500.000,227.513,227.767,228.100,228.450,-0.650,-0.657
2017-03-27 13:59:00,227.731,228.330,3351.000,8.000,227.60,227.70,2500.000,2500.000,228.25,228.40,60.000,158.000,227.55,227.75,5000.000,5000.000,228.20,228.45,7999.000,1963.000,17500.000,20000.000,227.504,227.838,228.143,228.506,-0.675,-0.678
2017-03-27 14:00:00,227.774,228.432,709.000,56.000,227.65,227.90,7500.000,2500.000,228.35,228.50,3067.000,1357.000,227.60,227.95,5000.000,5000.000,228.30,228.55,11157.000,11155.000,22500.000,20000.000,227.522,228.030,228.278,228.637,-0.650,-0.678
2017-03-27 14:01:00,227.790,228.488,3104.000,8.000,227.60,227.75,2500.000,2500.000,228.40,228.50,642.000,281.000,227.55,227.80,2500.000,2500.000,228.35,228.55,19640.000,4652.000,20000.000,12500.000,227.478,227.906,228.256,228.600,-0.775,-0.667
2017-03-27 14:02:00,227.625,228.258,1589.000,530.000,227.60,227.65,2500.000,5000.000,228.25,228.40,50.000,269.000,227.55,227.70,5000.000,5000.000,228.20,228.45,7081.000,6683.000,22500.000,25000.000,227.419,227.775,228.028,228.500,-0.700,-0.670
2017-03-27 14:03:00,227.745,228.441,815.000,10.000,227.60,227.65,5000.000,2500.000,228.35,228.55,633.000,563.000,227.55,227.75,5000.000,7500.000,228.30,228.60,11043.000,4801.000,22500.000,20000.000,227.456,227.921,228.239,228.650,-0.825,-0.665
2017-03-27 14:04:00,227.948,228.650,406.000,149.000,227.80,227.95,7500.000,7500.000,228.55,228.75,356.000,568.000,227.75,228.00,7500.000,7500.000,228.50,228.80,8336.000,4249.000,22500.000,22500.000,227.644,228.112,228.483,228.817,-0.775,-0.648
2017-03-27 14:05:00,227.944,228.603,394.000,151.000,227.80,227.90,2500.000,5000.000,228.55,228.70,730.000,63.000,227.75,227.95,7500.000,5000.000,228.50,228.75,11132.000,4042.000,20000.000,25000.000,227.639,228.078,228.463,228.795,-0.775,-0.629
2017-03-27 14:06:00,227.551,228.193,639.000,136.000,227.35,227.55,5000.000,7500.000,228.10,228.30,398.000,523.000,227.30,227.60,2500.000,2500.000,228.05,228.35,16682.000,7328.000,17500.000,20000.000,227.190,227.711,227.979,228.375,-0.750,-0.618
2017-03-27 14:07:00,227.613,228.262,300.000,523.000,227.50,227.70,5000.000,2500.000,228.20,228.35,406.000,5640.000,227.45,227.75,2500.000,5000.000,228.15,228.40,8414.000,10120.000,22500.000,20000.000,227.338,227.794,228.061,228.456,-0.675,-0.602
2017-03-27 14:08:00,227.647,228.321,1334.000,44.000,227.60,227.65,2500.000,5000.000,228.30,228.45,110.000,100.000,227.55,227.70,2500.000,2500.000,228.25,228.50,5817.000,3517.000,15000.000,27500.000,227.459,227.840,228.192,228.559,-0.750,-0.554
2017-03-27 14:09:00,227.829,228.446,1355.000,20.000,227.70,227.80,5000.000,2500.000,228.45,228.60,1155.000,3.000,227.65,227.85,5000.000,5000.000,228.40,228.65,16363.000,5784.000,20000.000,40000.000,227.556,227.996,228.356,228.728,-0.775,-0.575
2017-03-27 14:10:00,227.799,228.364,628.000,58.000,227.75,227.80,2500.000,5000.000,228.40,228.55,510.000,2883.000,227.65,227.95,5000.000,5000.000,228.35,228.60,8309.000,9444.000,17500.000,35000.000,227.549,228.019,228.257,228.671,-0.700,-0.584
2017-03-27 14:11:00,227.695,228.279,647.000,493.000,227.60,227.80,5000.000,2500.000,228.30,228.50,354.000,169.000,227.55,227.85,2500.000,5000.000,228.25,228.55,7134.000,7649.000,17500.000,30000.000,227.446,227.947,228.171,228.642,-0.700,-0.585
2017-03-27 14:12:00,227.708,228.278,410.000,39.000,227.50,227.55,2500.000,2500.000,228.30,228.40,643.000,209.000,227.45,227.70,5000.000,7500.000,228.20,228.45,15219.000,3956.000,20000.000,25000.000,227.347,227.798,228.113,228.505,-0.825,-0.574
2017-03-27 14:13:00,227.691,228.123,187.000,16.000,227.45,227.55,2500.000,7500.000,228.20,228.40,504.000,60.000,227.40,227.70,5000.000,7500.000,228.15,228.45,16928.000,6109.000,22500.000,47500.000,227.270,227.793,227.989,228.534,-0.800,-0.619
2017-03-27 14:14:00,227.432,228.153,450.000,66.000,227.50,227.55,5000.000,5000.000,228.10,228.20,60.000,3074.000,227.40,227.60,5000.000,7500.000,228.05,228.25,5037.000,10848.000,20000.000,20000.000,227.295,227.697,227.988,228.275,-0.625,-0.591
2017-03-27 14:15:00,227.560,228.171,205.000,813.000,227.50,227.70,2500.000,5000.000,228.15,228.35,110.000,2684.000,227.45,227.75,2500.000,5000.000,228.10,228.40,4694.000,7653.000,17500.000,25000.000,227.354,227.816,227.979,228.460,-0.650,-0.578
2017-03-27 14:16:00,227.804,228.392,1201.000,2463.000,227.70,227.90,2500.000,2500.000,228.40,228.50,767.000,652.000,227.65,227.95,5000.000,2500.000,228.35,228.55,9615.000,12828.000,17500.000,27500.000,227.546,228.019,228.300,228.641,-0.650,-0.591
2017-03-27 14:17:00,227.942,228.459,850.000,180.000,227.70,227.80,5000.000,5000.000,228.45,228.65,835.000,50.000,227.65,227.95,2500.000,5000.000,228.40,228.70,14426.000,4044.000,17500.000,25000.000,227.546,228.032,228.321,228.760,-0.800,-0.610
2017-03-27 14:18:00,227.551,228.208,30.000,58.000,227.60,227.70,2500.000,7500.000,228.20,228.35,110.000,3075.000,227.55,227.75,2500.000,2500.000,228.15,228.40,1796.000,7075.000,17500.000,27500.000,227.446,227.826,228.029,228.459,-0.625,-0.603
2017-03-27 14:19:00,227.701,228.283,616.000,424.000,227.50,227.75,2500.000,2500.000,228.25,228.40,844.000,2719.000,227.45,227.80,2500.000,2500.000,228.20,228.45,11675.000,7264.000,17500.000,20000.000,227.344,227.877,228.100,228.525,-0.700,-0.606
2017-03-27 14:20:00,227.659,228.206,150.000,481.000,227.60,227.70,2500.000,5000.000,228.20,228.40,178.000,576.000,227.50,227.75,5000.000,5000.000,228.15,228.45,4289.000,4660.000,15000.000,27500.000,227.374,227.797,228.075,228.505,-0.650,-0.634
2017-03-27 14:21:00,227.413,228.068,215.000,58.000,227.35,227.40,7500.000,2500.000,228.00,228.20,310.000,110.000,227.30,227.50,2500.000,5000.000,227.95,228.25,4386.000,3409.000,20000.000,22500.000,227.221,227.596,227.919,228.306,-0.725,-0.623
2017-03-27 14:22:00,227.810,228.420,802.000,8.000,227.60,227.75,2500.000,2500.000,228.40,228.50,1041.000,110.000,227.55,227.80,2500.000,5000.000,228.35,228.55,19200.000,4495.000,17500.000,37500.000,227.457,227.893,228.279,228.697,-0.775,-0.619
2017-03-27 14:23:00,227.759,228.382,1234.000,113.000,227.60,227.80,2500.000,5000.000,228.40,228.55,1118.000,390.000,227.55,227.85,5000.000,2500.000,228.35,228.60,18438.000,10015.000,15000.000,32500.000,227.461,227.973,228.308,228.688,-0.775,-0.623
2017-03-27 14:24:00,227.783,228.378,47.000,21.000,227.60,227.65,2500.000,2500.000,228.40,228.50,792.000,4.000,227.55,227.70,2500.000,5000.000,228.35,228.55,18486.000,3888.000,17500.000,55000.000,227.438,227.881,228.279,228.709,-0.825,-0.642
2017-03-27 14:25:00,227.605,228.292,993.000,8.000,227.35,227.50,2500.000,2500.000,228.20,228.35,3109.000,416.000,227.30,227.55,5000.000,5000.000,228.15,228.40,31550.000,2195.000,25000.000,22500.000,227.217,227.636,228.075,228.461,-0.850,-0.649
2017-03-27 14:26:00,227.792,228.390,811.000,49.000,227.55,227.60,2500.000,5000.000,228.40,228.55,2883.000,8.000,227.50,227.65,2500.000,2500.000,228.35,228.60,25497.000,2346.000,12500.000,37500.000,227.407,227.852,228.300,228.697,-0.900,-0.669
2017-03-27 14:27:00,227.792,228.385,933.000,18.000,227.60,227.65,2500.000,5000.000,228.40,228.55,268.000,415.000,227.55,227.80,7500.000,7500.000,228.35,228.60,18856.000,5650.000,22500.000,35000.000,227.446,227.915,228.289,228.671,-0.850,-0.684
2017-03-27 14:28:00,227.982,228.624,892.000,50.000,227.75,227.95,2500.000,2500.000,228.60,228.70,3234.000,4370.000,227.70,228.00,7500.000,2500.000,228.55,228.75,27583.000,8491.000,22500.000,25000.000,227.617,228.045,228.511,228.825,-0.800,-0.709
2017-03-27 14:29:00,228.209,228.900,34.000,58.000,228.05,228.10,2500.000,2500.000,228.80,228.95,2102.000,3.000,228.00,228.20,2500.000,5000.000,228.75,229.00,12518.000,3704.000,20000.000,20000.000,227.889,228.334,228.694,229.075,-0.800,-0.699
2017-03-27 14:30:00,228.126,228.850,1176.000,157.000,228.10,228.20,5000.000,2500.000,228.80,228.95,166.000,3853.000,228.05,228.25,7500.000,7500.000,228.75,229.00,5712.000,8742.000,20000.000,20000.000,227.965,228.311,228.700,229.044,-0.725,-0.682
2017-03-27 14:31:00,228.201,228.898,2030.000,15.000,228.10,228.20,2500.000,2500.000,228.85,229.00,348.000,200.000,228.05,228.25,10000.000,5000.000,228.80,229.05,9439.000,4098.000,25000.000,25000.000,227.973,228.389,228.730,229.130,-0.775,-0.680
2017-03-27 14:32:00,228.296,228.963,405.000,58.000,228.15,228.20,2500.000,2500.000,228.95,229.00,2027.000,29.000,228.10,228.30,2500.000,2500.000,228.90,229.05,20013.000,6277.000,20000.000,27500.000,228.006,228.412,228.825,229.155,-0.800,-0.685
2017-03-27 14:33:00,228.202,228.968,1250.000,58.000,228.30,228.35,5000.000,2500.000,228.95,229.00,25.000,5450.000,228.25,228.40,2500.000,10000.000,228.90,229.10,2148.000,17293.000,20000.000,27500.000,228.232,228.475,228.844,229.155,-0.650,-0.664
2017-03-27 14:34:00,228.311,228.950,1936.000,54.000,228.30,228.35,7500.000,2500.000,229.00,229.20,1095.000,50.000,228.25,228.45,5000.000,7500.000,228.95,229.25,7495.000,7284.000,20000.000,52500.000,228.186,228.584,228.919,229.424,-0.775,-0.659
2017-03-27 14:35:00,228.397,229.039,25.000,593.000,228.25,228.30,5000.000,2500.000,229.00,229.10,275.000,756.000,228.20,228.45,5000.000,5000.000,228.95,229.15,10878.000,7713.000,22500.000,22500.000,228.076,228.494,228.894,229.206,-0.775,-0.642
2017-03-27 14:36:00,228.133,228.818,2136.000,416.000,228.10,228.15,2500.000,2500.000,228.80,228.95,12.000,769.000,228.05,228.25,2500.000,2500.000,228.75,229.00,6241.000,6329.000,15000.000,20000.000,227.982,228.330,228.658,229.075,-0.750,-0.638
2017-03-27 14:37:00,228.186,228.877,841.000,205.000,228.10,228.15,2500.000,2500.000,228.80,228.90,72.000,425.000,228.05,228.20,5000.000,2500.000,228.75,228.95,8508.000,4010.000,20000.000,17500.000,227.960,228.285,228.681,229.043,-0.725,-0.645
2017-03-27 14:38:00,228.168,228.831,862.000,360.000,228.15,228.20,5000.000,2500.000,228.80,228.90,200.000,152.000,228.10,228.25,5000.000,5000.000,228.75,229.00,4232.000,5005.000,17500.000,22500.000,228.018,228.320,228.721,229.056,-0.675,-0.678
2017-03-27 14:39:00,228.348,228.962,317.000,996.000,228.20,228.40,2500.000,7500.000,228.95,229.10,1109.000,210.000,228.15,228.45,2500.000,2500.000,228.90,229.15,10277.000,8401.000,17500.000,35000.000,228.051,228.498,228.829,229.218,-0.725,-0.723
2017-03-27 14:40:00,228.296,228.855,912.000,840.000,228.15,228.35,2500.000,7500.000,228.85,229.05,851.000,358.000,228.10,228.40,2500.000,7500.000,228.80,229.10,8342.000,6064.000,17500.000,35000.000,228.006,228.476,228.657,229.146,-0.700,-0.752
2017-03-27 14:41:00,228.173,228.838,24.000,647.000,227.95,228.10,2500.000,5000.000,228.75,228.95,1177.000,439.000,227.90,228.15,5000.000,5000.000,228.70,229.00,18987.000,5710.000,20000.000,20000.000,227.774,228.221,228.588,229.044,-0.825,-0.765
2017-03-27 14:42:00,228.406,229.130,5000.000,1320.000,228.20,228.40,12500.000,2500.000,229.10,229.20,1177.000,1046.000,228.15,228.45,2500.000,5000.000,229.05,229.25,28425.000,8827.000,30000.000,32500.000,228.102,228.488,229.008,229.319,-0.850,-0.745
2017-03-27 14:43:00,228.346,229.176,4884.000,80.000,228.20,228.35,10000.000,5000.000,229.10,229.25,3311.000,300.000,228.15,228.40,2500.000,5000.000,229.05,229.30,28879.000,9173.000,25000.000,22500.000,228.112,228.492,229.010,229.356,-0.900,-0.705
2017-03-27 14:44:00,228.311,229.148,2236.000,8.000,228.20,228.25,7500.000,2500.000,229.10,229.20,3157.000,3.000,228.15,228.30,2500.000,5000.000,229.00,229.25,25618.000,6542.000,30000.000,22500.000,228.103,228.487,228.958,229.350,-0.925,-0.693
2017-03-27 14:45:00,228.079,228.781,656.000,639.000,227.80,228.00,2500.000,5000.000,228.70,228.85,70.000,739.000,227.75,228.05,2500.000,2500.000,228.65,228.90,21268.000,2903.000,15000.000,17500.000,227.670,228.091,228.542,228.964,-0.875,-0.711
2017-03-27 14:46:00,228.085,228.815,36.000,8.000,227.90,228.00,2500.000,2500.000,228.75,228.90,2960.000,60.000,227.85,228.05,2500.000,2500.000,228.70,228.95,20221.000,2589.000,17500.000,15000.000,227.772,228.150,228.543,229.000,-0.875,-0.685
2017-03-27 14:47:00,228.227,228.852,667.000,9.000,227.95,228.10,2500.000,10000.000,228.80,229.00,3040.000,364.000,227.90,228.20,2500.000,5000.000,228.75,229.05,19046.000,2798.000,22500.000,42500.000,227.807,228.310,228.506,229.118,-0.875,-0.716
2017-03-27 14:48:00,228.074,228.703,378.000,8.000,227.85,227.95,5000.000,5000.000,228.65,228.80,510.000,140.000,227.80,228.00,2500.000,5000.000,228.60,228.85,16006.000,1673.000,17500.000,22500.000,227.687,228.104,228.521,228.889,-0.825,-0.760
2017-03-27 14:49:00,227.833,228.614,196.000,821.000,227.85,227.95,2500.000,5000.000,228.55,228.70,77.000,3450.000,227.80,228.00,2500.000,5000.000,228.50,228.75,3217.000,11158.000,15000.000,20000.000,227.667,228.053,228.433,228.819,-0.725,-0.778
2017-03-27 14:50:00,227.923,228.711,386.000,8.000,227.85,227.90,2500.000,7500.000,228.55,228.75,3.000,354.000,227.80,227.95,2500.000,5000.000,228.50,228.80,4680.000,3704.000,40000.000,30000.000,227.668,228.027,228.303,228.875,-0.775,-0.774
2017-03-27 14:51:00,228.011,228.612,1060.000,1555.000,227.80,228.00,5000.000,5000.000,228.60,228.80,486.000,364.000,227.75,228.05,5000.000,7500.000,228.55,228.85,15113.000,6472.000,20000.000,32500.000,227.644,228.128,228.469,228.938,-0.800,-0.822
2017-03-27 14:52:00,227.921,228.704,200.000,6.000,227.80,227.85,5000.000,5000.000,228.55,228.75,20.000,6.000,227.75,227.90,2500.000,7500.000,228.50,228.80,6885.000,2398.000,40000.000,30000.000,227.629,228.016,228.319,228.879,-0.825,-0.802
2017-03-27 14:53:00,227.850,228.698,3213.000,6.000,227.65,227.80,2500.000,5000.000,228.55,228.75,4035.000,6.000,227.60,227.85,2500.000,7500.000,228.50,228.80,27569.000,3849.000,42500.000,25000.000,227.547,227.983,228.285,228.855,-0.925,-0.787
2017-03-27 14:54:00,227.815,228.685,2236.000,8.000,227.60,227.75,5000.000,2500.000,228.50,228.65,5524.000,68.000,227.55,227.80,2500.000,5000.000,228.45,228.70,24412.000,2348.000,40000.000,20000.000,227.500,227.908,228.309,228.775,-0.900,-0.749
2017-03-27 14:55:00,227.673,228.439,1976.000,8.000,227.50,227.60,2500.000,5000.000,228.35,228.50,60.000,412.000,227.45,227.65,2500.000,2500.000,228.30,228.55,20659.000,3745.000,17500.000,17500.000,227.369,227.747,228.236,228.586,-0.875,-0.720
2017-03-27 14:56:00,227.635,228.478,2236.000,6.000,227.45,227.55,5000.000,5000.000,228.30,228.45,606.000,359.000,227.40,227.60,7500.000,5000.000,228.25,228.50,28372.000,4476.000,47500.000,25000.000,227.308,227.727,228.095,228.615,-0.875,-0.671
2017-03-27 14:57:00,227.653,228.333,920.000,8.000,227.45,227.55,2500.000,2500.000,228.30,228.45,999.000,2.000,227.40,227.60,2500.000,5000.000,228.25,228.50,18293.000,1705.000,12500.000,17500.000,227.311,227.738,228.180,228.550,-0.875,-0.653
2017-03-27 14:58:00,227.599,228.375,2181.000,50.000,227.35,227.50,5000.000,2500.000,228.20,228.35,909.000,3.000,227.30,227.55,2500.000,5000.000,228.15,228.40,22784.000,1659.000,35000.000,20000.000,227.221,227.662,228.050,228.456,-0.850,-0.636
2017-03-27 14:59:00,227.747,228.429,4583.000,3.000,227.50,227.60,2500.000,2500.000,228.40,228.55,3430.000,12.000,227.45,227.65,2500.000,5000.000,228.35,228.60,24892.000,1742.000,12500.000,17500.000,227.392,227.859,228.280,228.657,-0.925,-0.647
2017-03-27 15:00:00,227.807,228.428,293.000,527.000,227.60,227.80,7500.000,5000.000,228.40,228.60,721.000,379.000,227.55,227.85,2500.000,2500.000,228.35,228.65,19085.000,8262.000,17500.000,27500.000,227.431,227.968,228.329,228.755,-0.800,-0.677
2017-03-27 15:01:00,228.046,228.641,500.000,110.000,227.85,227.95,5000.000,7500.000,228.65,228.80,1372.000,2102.000,227.80,228.00,5000.000,2500.000,228.60,228.85,15228.000,3302.000,17500.000,40000.000,227.692,228.041,228.571,228.966,-0.825,-0.707
2017-03-27 15:02:00,228.047,228.636,406.000,810.000,227.90,228.00,2500.000,2500.000,228.70,228.80,1195.000,389.000,227.85,228.10,5000.000,2500.000,228.65,228.85,15795.000,8177.000,15000.000,30000.000,227.750,228.192,228.592,228.954,-0.800,-0.749
2017-03-27 15:03:00,227.969,228.660,177.000,189.000,227.95,228.00,2500.000,2500.000,228.70,228.80,50.000,151.000,227.90,228.10,5000.000,2500.000,228.65,228.85,7381.000,9868.000,17500.000,35000.000,227.774,228.221,228.557,228.982,-0.775,-0.769
2017-03-27 15:04:00,227.878,228.617,256.000,3076.000,227.85,228.00,5000.000,2500.000,228.55,228.70,1158.000,435.000,227.80,228.05,2500.000,2500.000,228.50,228.75,3993.000,7665.000,15000.000,15000.000,227.752,228.086,228.467,228.800,-0.700,-0.782
2017-03-27 15:05:00,227.743,228.512,1029.000,1744.000,227.75,227.80,2500.000,7500.000,228.45,228.60,354.000,18.000,227.65,227.85,5000.000,2500.000,228.40,228.65,9017.000,10422.000,17500.000,22500.000,227.548,227.952,228.343,228.689,-0.750,-0.774
2017-03-27 15:06:00,227.826,228.573,1079.000,942.000,227.75,227.80,5000.000,2500.000,228.50,228.65,384.000,20.000,227.70,227.90,5000.000,7500.000,228.45,228.70,8943.000,7935.000,27500.000,27500.000,227.595,227.964,228.368,228.750,-0.800,-0.768
2017-03-27 15:07:00,227.794,228.593,389.000,50.000,227.65,227.75,5000.000,5000.000,228.45,228.60,489.000,3038.000,227.60,227.80,5000.000,2500.000,228.40,228.65,14368.000,6379.000,35000.000,20000.000,227.486,227.876,228.289,228.694,-0.825,-0.741
2017-03-27 15:08:00,227.727,228.520,151.000,3544.000,227.70,227.80,2500.000,5000.000,228.45,228.55,434.000,62.000,227.65,227.85,7500.000,10000.000,228.40,228.60,8598.000,14227.000,25000.000,25000.000,227.525,227.924,228.335,228.625,-0.750,-0.737
2017-03-27 15:09:00,227.727,228.529,685.000,2371.000,227.70,227.75,2500.000,7500.000,228.45,228.55,250.000,2646.000,227.65,227.80,7500.000,5000.000,228.40,228.60,9171.000,11687.000,27500.000,25000.000,227.536,227.870,228.327,228.630,-0.775,-0.745
2017-03-27 15:10:00,227.957,228.688,278.000,83.000,227.85,227.95,2500.000,2500.000,228.60,228.75,314.000,1242.000,227.80,228.00,10000.000,2500.000,228.55,228.80,5534.000,3648.000,32500.000,30000.000,227.695,228.066,228.458,228.858,-0.775,-0.760
2017-03-27 15:11:00,227.885,228.598,151.000,161.000,227.85,227.95,2500.000,5000.000,228.60,228.70,3.000,1628.000,227.80,228.00,7500.000,7500.000,228.55,228.75,5135.000,8924.000,25000.000,42500.000,227.665,228.059,228.510,228.850,-0.750,-0.778
2017-03-27 15:12:00,227.897,228.561,171.000,60.000,227.80,227.85,2500.000,7500.000,228.55,228.70,3011.000,547.000,227.75,227.90,10000.000,7500.000,228.50,228.75,8692.000,3279.000,22500.000,45000.000,227.667,227.983,228.456,228.850,-0.800,-0.825
2017-03-27 15:13:00,227.758,228.533,855.000,190.000,227.60,227.75,2500.000,5000.000,228.45,228.60,1607.000,1377.000,227.55,227.85,7500.000,7500.000,228.40,228.65,17982.000,9445.000,25000.000,27500.000,227.476,227.954,228.335,228.682,-0.850,-0.800
2017-03-27 15:14:00,227.720,228.559,2185.000,40.000,227.50,227.65,2500.000,7500.000,228.40,228.55,6108.000,800.000,227.45,227.70,7500.000,7500.000,228.35,228.60,23564.000,2690.000,37500.000,32500.000,227.391,227.774,228.273,228.719,-0.900,-0.788
2017-03-27 15:15:00,227.519,228.325,1988.000,719.000,227.35,227.50,7500.000,2500.000,228.20,228.40,474.000,416.000,227.30,227.55,7500.000,10000.000,228.15,228.45,13052.000,4704.000,27500.000,22500.000,227.218,227.645,228.109,228.506,-0.875,-0.780
2017-03-27 15:16:00,227.455,228.257,2643.000,261.000,227.30,227.35,5000.000,7500.000,228.15,228.30,136.000,100.000,227.25,227.45,5000.000,2500.000,228.10,228.35,16698.000,3664.000,27500.000,22500.000,227.175,227.527,228.055,228.417,-0.900,-0.774
2017-03-27 15:17:00,227.164,228.063,1343.000,1366.000,227.00,227.20,2500.000,7500.000,227.90,228.05,4196.000,1065.000,226.95,227.25,7500.000,2500.000,227.85,228.10,14988.000,6524.000,35000.000,22500.000,226.912,227.321,227.761,228.150,-0.875,-0.730
2017-03-27 15:18:00,227.413,228.064,1425.000,1166.000,227.20,227.40,7500.000,12500.000,228.00,228.25,3364.000,489.000,227.10,227.45,5000.000,2500.000,227.95,228.30,19957.000,5798.000,20000.000,32500.000,227.031,227.527,227.931,228.373,-0.825,-0.749
2017-03-27 15:19:00,227.386,228.168,2484.000,439.000,227.25,227.40,5000.000,2500.000,228.10,228.20,285.000,1094.000,227.20,227.45,5000.000,10000.000,228.05,228.25,18734.000,9404.000,35000.000,35000.000,227.129,227.534,227.986,228.371,-0.825,-0.754
2017-03-27 15:20:00,227.418,228.182,597.000,148.000,227.30,227.40,2500.000,2500.000,228.10,228.20,3695.000,107.000,227.25,227.45,10000.000,7500.000,228.05,228.25,16046.000,7272.000,32500.000,22500.000,227.154,227.564,227.996,228.317,-0.800,-0.750
2017-03-27 15:21:00,227.880,228.655,2643.000,75.000,227.75,227.80,2500.000,5000.000,228.55,228.70,1159.000,110.000,227.70,227.85,5000.000,5000.000,228.50,228.75,10658.000,1599.000,30000.000,22500.000,227.628,227.955,228.438,228.806,-0.850,-0.763
2017-03-27 15:22:00,228.017,228.693,351.000,60.000,227.90,227.95,7500.000,7500.000,228.60,228.80,242.000,984.000,227.75,228.00,7500.000,2500.000,228.55,228.85,8441.000,2560.000,27500.000,27500.000,227.638,228.062,228.509,228.905,-0.775,-0.771
2017-03-27 15:23:00,227.943,228.692,122.000,50.000,227.75,227.85,5000.000,5000.000,228.65,228.80,2928.000,79.000,227.70,227.90,2500.000,2500.000,228.60,228.85,14876.000,1053.000,20000.000,25000.000,227.634,227.980,228.562,228.915,-0.925,-0.786
2017-03-27 15:24:00,228.049,228.857,246.000,60.000,228.00,228.05,7500.000,7500.000,228.80,228.95,658.000,958.000,227.85,228.10,5000.000,7500.000,228.75,229.00,10610.000,4389.000,32500.000,37500.000,227.776,228.209,228.708,229.097,-0.850,-0.777
2017-03-27 15:25:00,228.075,228.814,817.000,800.000,227.95,228.00,7500.000,7500.000,228.75,228.95,450.000,459.000,227.80,228.10,10000.000,10000.000,228.70,229.00,17394.000,4680.000,32500.000,37500.000,227.662,228.186,228.662,229.080,-0.875,-0.739
2017-03-27 15:26:00,228.039,228.879,184.000,1.000,228.00,228.05,12500.000,7500.000,228.75,228.95,2350.000,1072.000,227.95,228.15,7500.000,10000.000,228.70,229.00,3527.000,3032.000,35000.000,25000.000,227.931,228.209,228.682,229.015,-0.825,-0.739
2017-03-27 15:27:00,228.047,228.765,848.000,200.000,227.85,228.00,5000.000,7500.000,228.70,228.90,966.000,768.000,227.75,228.05,5000.000,7500.000,228.65,228.95,9559.000,2168.000,27500.000,37500.000,227.654,228.085,228.564,228.987,-0.875,-0.739
2017-03-27 15:28:00,227.786,228.610,528.000,243.000,227.75,227.90,5000.000,2500.000,228.55,228.65,50.000,300.000,227.65,227.95,5000.000,2500.000,228.50,228.75,5701.000,7242.000,27500.000,22500.000,227.527,228.081,228.405,228.861,-0.775,-0.739
2017-03-27 15:29:00,227.577,228.339,2042.000,430.000,227.30,227.45,5000.000,7500.000,228.25,228.45,2505.000,55.000,227.25,227.50,2500.000,5000.000,228.20,228.50,20024.000,3205.000,27500.000,30000.000,227.120,227.698,228.141,228.596,-0.975,-0.739
2017-03-27 15:30:00,227.740,228.294,2500.000,500.000,227.30,227.65,2500.000,5000.000,228.30,228.75,80.000,160.000,227.25,227.75,5000.000,2500.000,228.05,228.80,10608.000,3765.000,15000.000,25000.000,227.177,228.115,228.008,228.915,-1.050,-0.739
2017-03-28 09:16:00,228.175,228.695,492.000,343.000,227.95,228.00,2500.000,2500.000,228.70,228.80,2000.000,105.000,227.90,228.05,2500.000,2500.000,228.55,228.85,9653.000,1500.000,12500.000,12500.000,227.788,228.236,228.440,228.950,-0.775,-0.558
2017-03-28 09:17:00,228.204,228.700,2118.000,298.000,228.10,228.15,2500.000,5000.000,228.65,228.85,3208.000,198.000,228.05,228.20,2500.000,2500.000,228.60,228.95,8483.000,1167.000,12500.000,20000.000,228.018,228.244,228.510,229.044,-0.625,-0.573
2017-03-28 09:18:00,228.585,229.214,129.000,3.000,228.50,228.55,5000.000,2500.000,229.10,229.30,145.000,304.000,228.45,228.65,2500.000,2500.000,229.05,229.45,3710.000,3020.000,15000.000,12500.000,228.324,228.747,228.958,229.480,-0.675,-0.581
2017-03-28 09:19:00,228.571,229.174,386.000,9.000,228.55,228.60,7500.000,5000.000,229.10,229.35,289.000,90.000,228.50,228.65,2500.000,2500.000,229.05,229.40,2271.000,2117.000,20000.000,22500.000,228.448,228.720,228.963,229.444,-0.650,-0.566
2017-03-28 09:20:00,228.534,229.135,304.000,5.000,228.50,228.60,2500.000,2500.000,229.05,229.30,354.000,761.000,228.45,228.65,2500.000,2500.000,229.00,229.35,2896.000,4136.000,15000.000,17500.000,228.371,228.748,228.908,229.414,-0.625,-0.577
2017-03-28 09:21:00,228.526,228.987,98.000,14.000,228.50,228.60,2500.000,2500.000,229.00,229.25,291.000,411.000,228.40,228.65,5000.000,2500.000,228.75,229.30,2481.000,2338.000,17500.000,20000.000,228.317,228.746,228.721,229.375,-0.575,-0.632
2017-03-28 09:22:00,228.404,228.978,632.000,40.000,228.30,228.45,2500.000,5000.000,228.90,229.15,994.000,163.000,228.25,228.50,2500.000,2500.000,228.75,229.20,4108.000,2990.000,20000.000,25000.000,228.192,228.646,228.688,229.320,-0.650,-0.641
2017-03-28 09:23:00,228.432,229.097,886.000,504.000,228.40,228.50,5000.000,2500.000,229.00,229.20,1136.000,1475.000,228.35,228.60,5000.000,2500.000,228.95,229.25,4685.000,5707.000,20000.000,17500.000,228.301,228.685,228.869,229.300,-0.650,-0.631
2017-03-28 09:24:00,228.689,229.217,344.000,613.000,228.55,228.75,2500.000,2500.000,229.25,229.45,555.000,1196.000,228.50,228.80,2500.000,2500.000,229.20,229.50,6298.000,4671.000,12500.000,25000.000,228.417,228.873,229.090,229.605,-0.700,-0.640
2017-03-28 09:25:00,228.665,229.322,1219.000,101.000,228.50,228.60,2500.000,2500.000,229.15,229.45,864.000,615.000,228.45,228.70,2500.000,5000.000,229.10,229.50,8131.000,2653.000,25000.000,25000.000,228.375,228.796,229.010,229.580,-0.750,-0.657
2017-03-28 09:26:00,228.593,229.327,1549.000,4.000,228.50,228.65,2500.000,2500.000,229.15,229.45,1019.000,554.000,228.45,228.70,2500.000,2500.000,229.10,229.50,5185.000,2814.000,27500.000,22500.000,228.423,228.804,229.027,229.572,-0.725,-0.638
2017-03-28 09:27:00,228.667,229.287,695.000,252.000,228.50,228.65,2500.000,5000.000,229.20,229.40,793.000,113.000,228.45,228.70,2500.000,2500.000,229.15,229.45,10121.000,3734.000,20000.000,27500.000,228.363,228.809,229.062,229.523,-0.725,-0.616
2017-03-28 09:28:00,228.490,229.103,111.000,64.000,228.55,228.60,2500.000,5000.000,229.05,229.30,1.000,588.000,228.50,228.65,7500.000,2500.000,229.00,229.35,1676.000,5172.000,17500.000,22500.000,228.410,228.741,228.929,229.411,-0.600,-0.604
2017-03-28 09:29:00,228.615,229.188,60.000,527.000,228.55,228.70,2500.000,2500.000,229.15,229.35,747.000,387.000,228.50,228.75,2500.000,5000.000,229.10,229.40,3857.000,4368.000,20000.000,30000.000,228.422,228.823,229.012,229.483,-0.625,-0.582
2017-03-28 09:30:00,229.027,229.773,959.000,64.000,229.05,229.30,2500.000,5000.000,229.65,229.90,881.000,1717.000,229.00,229.35,2500.000,2500.000,229.60,229.95,3935.000,10493.000,12500.000,15000.000,228.955,229.461,229.550,230.000,-0.600,-0.507
2017-03-28 09:31:00,229.338,229.978,811.000,2057.000,229.30,229.45,2500.000,7500.000,229.90,230.15,854.000,2553.000,229.25,229.50,2500.000,2500.000,229.75,230.20,3591.000,6450.000,20000.000,25000.000,229.212,229.524,229.688,230.240,-0.650,-0.444
2017-03-28 09:32:00,229.376,229.887,6093.000,2435.000,229.30,229.50,2500.000,2500.000,229.90,230.00,610.000,2130.000,229.25,229.55,5000.000,5000.000,229.75,230.15,9095.000,10084.000,15000.000,22500.000,229.256,229.575,229.725,230.206,-0.550,-0.431
2017-03-28 09:33:00,229.445,229.996,1432.000,141.000,229.40,229.50,5000.000,2500.000,229.85,230.10,642.000,161.000,229.35,229.60,2500.000,2500.000,229.80,230.15,8294.000,7373.000,20000.000,15000.000,229.311,229.714,229.762,230.208,-0.525,-0.423
2017-03-28 09:34:00,229.473,229.935,596.000,10.000,229.40,229.55,2500.000,5000.000,229.90,230.10,753.000,443.000,229.35,229.60,2500.000,2500.000,229.80,230.15,9396.000,7458.000,12500.000,20000.000,229.289,229.713,229.760,230.194,-0.525,-0.408
2017-03-28 09:35:00,229.413,229.782,871.000,914.000,229.20,229.40,5000.000,7500.000,229.70,229.95,433.000,475.000,229.15,229.45,2500.000,2500.000,229.55,230.00,10075.000,4379.000,25000.000,25000.000,229.046,229.511,229.485,230.040,-0.525,-0.438
2017-03-28 09:36:00,229.348,229.676,940.000,98.000,229.15,229.25,2500.000,5000.000,229.65,229.85,1815.000,150.000,229.10,229.30,2500.000,2500.000,229.60,229.90,13311.000,1336.000,15000.000,27500.000,229.019,229.386,229.533,229.982,-0.550,-0.480
2017-03-28 09:37:00,229.292,229.735,563.000,782.000,229.25,229.30,10000.000,5000.000,229.70,229.85,60.000,811.000,229.20,229.35,2500.000,5000.000,229.55,229.90,5639.000,5644.000,25000.000,25000.000,229.091,229.424,229.560,229.975,-0.500,-0.482
2017-03-28 09:38:00,229.273,229.782,500.000,1135.000,229.15,229.30,7500.000,5000.000,229.70,229.85,650.000,775.000,229.10,229.35,2500.000,2500.000,229.60,229.90,12128.000,7694.000,22500.000,20000.000,229.015,229.433,229.572,229.975,-0.550,-0.502
2017-03-28 09:39:00,229.303,229.689,144.000,700.000,229.20,229.30,7500.000,5000.000,229.70,229.80,500.000,584.000,229.15,229.35,5000.000,2500.000,229.55,229.85,10162.000,6933.000,25000.000,22500.000,229.031,229.440,229.545,229.922,-0.500,-0.482
2017-03-28 09:40:00,228.660,229.182,300.000,386.000,228.70,228.85,2500.000,2500.000,229.00,229.35,65.000,1040.000,228.65,228.90,2500.000,5000.000,228.95,229.45,1346.000,4712.000,12500.000,15000.000,228.589,228.976,228.900,229.500,-0.400,-0.487
2017-03-28 09:41:00,228.652,229.189,393.000,139.000,228.70,228.80,2500.000,2500.000,229.10,229.25,233.000,610.000,228.65,228.85,2500.000,5000.000,229.05,229.35,4134.000,10074.000,15000.000,20000.000,228.550,228.970,228.983,229.450,-0.425,-0.499
2017-03-28 09:42:00,228.658,229.111,1056.000,707.000,228.60,228.70,5000.000,2500.000,228.95,229.20,935.000,53.000,228.55,228.80,5000.000,2500.000,228.90,229.25,4296.000,3817.000,20000.000,15000.000,228.503,228.881,228.869,229.333,-0.425,-0.527
2017-03-28 09:43:00,229.147,229.758,2.000,54.000,229.25,229.35,5000.000,2500.000,229.45,229.65,451.000,3625.000,229.20,229.40,5000.000,2500.000,229.40,229.85,2580.000,23894.000,45000.000,15000.000,229.118,229.490,229.328,229.875,-0.250,-0.556
2017-03-28 09:44:00,228.956,229.244,89.000,145.000,228.80,228.85,2500.000,2500.000,229.25,229.40,905.000,244.000,228.75,228.95,2500.000,7500.000,229.10,229.55,5339.000,1743.000,15000.000,27500.000,228.653,229.016,229.067,229.605,-0.500,-0.621
2017-03-28 09:45:00,228.549,229.097,751.000,60.000,228.30,228.40,2500.000,5000.000,229.10,229.20,1617.000,407.000,228.25,228.55,5000.000,5000.000,229.00,229.25,18689.000,4281.000,20000.000,25000.000,228.158,228.639,228.919,229.300,-0.800,-0.659
2017-03-28 09:46:00,228.605,229.198,137.000,238.000,228.55,228.60,2500.000,2500.000,229.25,229.45,1237.000,1328.000,228.50,228.65,5000.000,12500.000,229.20,229.50,6941.000,5040.000,20000.000,62500.000,228.420,228.717,229.100,229.582,-0.775,-0.658
2017-03-28 09:47:00,228.819,229.411,928.000,50.000,228.65,228.70,5000.000,7500.000,229.40,229.70,318.000,136.000,228.60,228.75,2500.000,7500.000,229.30,229.75,15124.000,2257.000,17500.000,37500.000,228.483,228.852,229.264,229.830,-0.875,-0.684
2017-03-28 09:48:00,228.985,229.744,2397.000,970.000,228.90,229.00,7500.000,7500.000,229.65,229.80,60.000,448.000,228.85,229.05,17500.000,12500.000,229.60,229.85,8856.000,5950.000,60000.000,47500.000,228.778,229.118,229.560,229.889,-0.775,-0.644
2017-03-28 09:49:00,228.844,229.459,43.000,1265.000,228.85,228.95,5000.000,2500.000,229.45,229.60,358.000,2561.000,228.80,229.00,2500.000,7500.000,229.35,229.75,2033.000,6103.000,17500.000,25000.000,228.716,229.036,229.271,229.805,-0.625,-0.598
2017-03-28 09:50:00,228.739,229.475,85.000,233.000,228.80,228.85,2500.000,2500.000,229.45,229.55,127.000,218.000,228.75,228.90,2500.000,2500.000,229.35,229.60,1823.000,5714.000,12500.000,12500.000,228.637,228.999,229.300,229.650,-0.675,-0.550
2017-03-28 09:51:00,229.091,229.682,408.000,2.000,229.00,229.10,5000.000,7500.000,229.60,229.90,863.000,215.000,228.95,229.15,7500.000,2500.000,229.55,229.95,2689.000,1223.000,22500.000,32500.000,228.894,229.259,229.489,230.008,-0.700,-0.501
2017-03-28 09:52:00,229.081,229.800,600.000,632.000,229.10,229.15,5000.000,2500.000,229.65,229.85,1760.000,560.000,229.05,229.20,5000.000,7500.000,229.60,229.90,3742.000,4352.000,32500.000,22500.000,229.032,229.286,229.523,229.956,-0.625,-0.440
2017-03-28 09:53:00,229.726,230.283,1907.000,241.000,229.70,229.85,5000.000,10000.000,230.15,230.40,1746.000,1792.000,229.65,229.90,10000.000,5000.000,230.10,230.45,9401.000,12044.000,32500.000,35000.000,229.594,230.004,230.038,230.543,-0.500,-0.426
2017-03-28 09:54:00,229.725,230.114,78.000,2124.000,229.75,229.90,2500.000,17500.000,230.05,230.20,981.000,413.000,229.70,229.95,7500.000,2500.000,230.00,230.40,4788.000,15448.000,20000.000,35000.000,229.623,230.019,229.925,230.346,-0.300,-0.437
2017-03-28 09:55:00,229.766,230.260,60.000,86.000,229.85,229.90,2500.000,2500.000,230.10,230.30,319.000,914.000,229.80,230.00,7500.000,2500.000,230.05,230.35,3092.000,13613.000,32500.000,17500.000,229.731,230.102,229.992,230.414,-0.325,-0.425
2017-03-28 09:56:00,229.480,229.823,575.000,2.000,229.30,229.35,2500.000,5000.000,229.75,230.00,304.000,110.000,229.25,229.55,5000.000,2500.000,229.70,230.05,3121.000,1005.000,15000.000,22500.000,229.186,229.648,229.658,230.144,-0.550,-0.455
2017-03-28 09:57:00,229.404,229.822,800.000,584.000,229.25,229.30,2500.000,5000.000,229.80,229.95,269.000,756.000,229.20,229.40,2500.000,20000.000,229.75,230.00,11370.000,4476.000,15000.000,35000.000,229.074,229.463,229.683,230.039,-0.600,-0.470
2017-03-28 09:58:00,229.170,229.655,237.000,2.000,229.05,229.10,2500.000,7500.000,229.70,229.85,3496.000,251.000,229.00,229.15,5000.000,7500.000,229.60,229.90,9839.000,2571.000,15000.000,40000.000,228.904,229.289,229.567,229.963,-0.700,-0.499
2017-03-28 09:59:00,229.218,229.662,1814.000,3.000,229.15,229.20,2500.000,2500.000,229.70,229.85,800.000,162.000,229.10,229.25,2500.000,7500.000,229.65,229.90,7079.000,2712.000,15000.000,35000.000,229.050,229.345,229.583,229.982,-0.600,-0.518
2017-03-28 10:00:00,229.115,229.550,96.000,621.000,229.00,229.10,2500.000,2500.000,229.55,229.75,160.000,793.000,228.90,229.15,2500.000,5000.000,229.50,229.80,7892.000,4358.000,12500.000,20000.000,228.791,229.205,229.390,229.863,-0.600,-0.523
2017-03-28 10:01:00,229.518,230.011,1127.000,341.000,229.35,229.50,5000.000,2500.000,230.00,230.15,2441.000,60.000,229.30,229.55,2500.000,5000.000,229.95,230.20,10425.000,2888.000,15000.000,20000.000,229.248,229.634,229.883,230.256,-0.650,-0.523
2017-03-28 10:02:00,229.650,230.143,520.000,500.000,229.55,229.60,5000.000,2500.000,230.10,230.20,1500.000,354.000,229.50,229.70,5000.000,2500.000,230.05,230.30,11550.000,6827.000,17500.000,17500.000,229.404,229.790,230.007,230.350,-0.575,-0.521
2017-03-28 10:03:00,229.630,230.261,946.000,107.000,229.65,229.80,2500.000,2500.000,230.15,230.25,1046.000,1643.000,229.60,229.85,2500.000,5000.000,230.10,230.30,6092.000,12869.000,35000.000,20000.000,229.542,229.952,230.018,230.350,-0.475,-0.489
2017-03-28 10:04:00,229.593,230.132,1317.000,453.000,229.60,229.80,2500.000,2500.000,230.05,230.20,666.000,6013.000,229.55,229.85,2500.000,2500.000,230.00,230.25,6261.000,16776.000,17500.000,17500.000,229.518,229.915,229.914,230.300,-0.425,-0.476
2017-03-28 10:05:00,229.675,230.133,526.000,460.000,229.70,229.80,2500.000,10000.000,230.05,230.25,60.000,1551.000,229.65,229.85,5000.000,5000.000,230.00,230.30,6213.000,14088.000,20000.000,25000.000,229.542,229.950,229.912,230.325,-0.400,-0.475
2017-03-28 10:06:00,229.723,230.216,76.000,1752.000,229.80,229.85,5000.000,2500.000,230.20,230.30,670.000,203.000,229.75,229.90,2500.000,2500.000,230.15,230.35,2753.000,13377.000,20000.000,20000.000,229.673,229.980,230.062,230.419,-0.425,-0.482
2017-03-28 10:07:00,229.739,230.219,26.000,1238.000,229.80,229.85,5000.000,2500.000,230.20,230.30,339.000,203.000,229.75,229.90,5000.000,5000.000,230.15,230.40,2372.000,10355.000,20000.000,25000.000,229.659,229.969,230.075,230.460,-0.425,-0.497
2017-03-28 10:08:00,229.596,230.068,5.000,626.000,229.65,229.70,2500.000,7500.000,230.00,230.20,82.000,571.000,229.60,229.75,2500.000,5000.000,229.95,230.25,2832.000,9930.000,12500.000,22500.000,229.467,229.836,229.900,230.283,-0.425,-0.525
2017-03-28 10:09:00,229.640,230.116,1228.000,2382.000,229.60,229.80,2500.000,2500.000,230.05,230.20,731.000,2917.000,229.55,229.85,5000.000,2500.000,230.00,230.25,8193.000,13832.000,17500.000,22500.000,229.494,229.918,229.943,230.361,-0.425,-0.540
2017-03-28 10:10:00,229.644,230.097,265.000,1039.000,229.65,229.75,2500.000,2500.000,230.05,230.20,516.000,2473.000,229.60,229.80,5000.000,5000.000,230.00,230.25,5828.000,12367.000,15000.000,22500.000,229.492,229.881,229.958,230.339,-0.425,-0.576
2017-03-28 10:11:00,229.688,230.216,2.000,546.000,229.70,229.75,2500.000,2500.000,230.10,230.25,383.000,7218.000,229.65,229.80,5000.000,5000.000,230.05,230.30,5829.000,14143.000,22500.000,17500.000,229.539,229.854,229.983,230.379,-0.450,-0.591
2017-03-28 10:12:00,229.669,230.223,10.000,1731.000,229.70,229.75,5000.000,5000.000,230.10,230.25,367.000,7218.000,229.65,229.80,7500.000,5000.000,230.05,230.30,5453.000,17341.000,35000.000,25000.000,229.530,229.859,229.993,230.420,-0.450,-0.579
2017-03-28 10:13:00,229.690,230.305,101.000,982.000,229.70,229.75,5000.000,2500.000,230.20,230.30,675.000,7218.000,229.65,229.80,10000.000,2500.000,230.15,230.40,6051.000,13753.000,32500.000,20000.000,229.547,229.854,230.100,230.463,-0.525,-0.564
2017-03-28 10:14:00,229.698,230.250,1403.000,2639.000,229.70,229.75,5000.000,2500.000,230.15,230.25,116.000,5218.000,229.65,229.80,5000.000,2500.000,230.10,230.30,7028.000,14159.000,27500.000,12500.000,229.563,229.846,230.059,230.350,-0.475,-0.590
2017-03-28 10:15:00,229.524,230.155,2136.000,488.000,229.45,229.50,5000.000,7500.000,230.05,230.20,1295.000,327.000,229.40,229.70,5000.000,10000.000,230.00,230.25,12292.000,12860.000,25000.000,25000.000,229.328,229.783,229.945,230.275,-0.650,-0.586
2017-03-28 10:16:00,229.459,230.064,1674.000,308.000,229.45,229.50,2500.000,2500.000,230.00,230.10,50.000,923.000,229.40,229.60,2500.000,7500.000,229.95,230.15,7418.000,9230.000,22500.000,22500.000,229.305,229.720,229.878,230.194,-0.575,-0.594
2017-03-28 10:17:00,229.492,229.982,122.000,1261.000,229.45,229.50,2500.000,2500.000,229.90,230.05,350.000,220.000,229.30,229.55,2500.000,5000.000,229.85,230.10,8123.000,5688.000,17500.000,17500.000,229.186,229.628,229.779,230.157,-0.500,-0.622
2017-03-28 10:18:00,229.628,230.171,552.000,500.000,229.45,229.50,2500.000,2500.000,230.10,230.20,1626.000,3.000,229.40,229.55,2500.000,7500.000,230.05,230.25,12516.000,956.000,17500.000,17500.000,229.301,229.589,229.993,230.300,-0.675,-0.628
2017-03-28 10:19:00,229.544,230.224,438.000,2142.000,229.45,229.50,5000.000,2500.000,230.15,230.20,1434.000,966.000,229.40,229.65,2500.000,5000.000,230.10,230.25,14193.000,11996.000,25000.000,17500.000,229.308,229.719,230.035,230.307,-0.700,-0.610
2017-03-28 10:20:00,229.576,230.190,558.000,2235.000,229.40,229.50,5000.000,7500.000,230.15,230.25,4943.000,217.000,229.35,229.60,2500.000,7500.000,230.10,230.30,15632.000,5239.000,20000.000,30000.000,229.281,229.626,230.056,230.358,-0.750,-0.600
2017-03-28 10:21:00,229.519,230.161,1738.000,197.000,229.40,229.45,5000.000,2500.000,230.15,230.20,5125.000,1912.000,229.35,229.50,2500.000,5000.000,230.10,230.25,16997.000,3262.000,20000.000,25000.000,229.290,229.546,230.056,230.330,-0.750,-0.588
2017-03-28 10:22:00,229.460,230.089,100.000,1446.000,229.35,229.50,2500.000,2500.000,230.00,230.15,730.000,884.000,229.30,229.55,5000.000,7500.000,229.95,230.20,3856.000,4156.000,25000.000,20000.000,229.194,229.571,229.850,230.262,-0.650,-0.584
2017-03-28 10:23:00,229.575,230.147,915.000,191.000,229.35,229.50,2500.000,5000.000,230.05,230.20,780.000,634.000,229.30,229.55,10000.000,10000.000,230.00,230.25,13929.000,2834.000,25000.000,22500.000,229.206,229.617,229.935,230.283,-0.700,-0.600
2017-03-28 10:24:00,229.592,230.184,565.000,133.000,229.40,229.50,2500.000,2500.000,230.10,230.20,1168.000,63.000,229.35,229.55,10000.000,10000.000,230.05,230.25,13580.000,2152.000,27500.000,20000.000,229.256,229.634,230.009,230.294,-0.700,-0.609
2017-03-28 10:25:00,229.633,230.194,1264.000,775.000,229.45,229.50,2500.000,5000.000,230.25,230.30,3595.000,3.000,229.40,229.55,2500.000,2500.000,230.20,230.35,24372.000,4185.000,15000.000,30000.000,229.301,229.687,230.100,230.429,-0.800,-0.632
2017-03-28 10:26:00,229.540,230.123,368.000,5515.000,229.45,229.50,2500.000,5000.000,230.10,230.25,74.000,367.000,229.40,229.55,2500.000,10000.000,230.05,230.30,7711.000,7952.000,17500.000,37500.000,229.272,229.543,230.000,230.380,-0.700,-0.649
2017-03-28 10:27:00,229.516,230.128,414.000,5819.000,229.40,229.50,7500.000,2500.000,230.10,230.20,142.000,342.000,229.35,229.55,2500.000,2500.000,230.05,230.25,9228.000,7970.000,22500.000,22500.000,229.255,229.534,230.022,230.322,-0.700,-0.647
2017-03-28 10:28:00,229.303,229.956,324.000,100.000,229.20,229.30,2500.000,2500.000,229.95,230.10,1172.000,62.000,229.15,229.35,5000.000,5000.000,229.90,230.15,17604.000,8662.000,15000.000,27500.000,229.057,229.482,229.858,230.223,-0.775,-0.645
2017-03-28 10:29:00,229.383,230.018,100.000,1001.000,229.25,229.40,5000.000,5000.000,229.95,230.15,110.000,916.000,229.20,229.45,5000.000,5000.000,229.90,230.20,10839.000,8515.000,22500.000,25000.000,229.090,229.492,229.817,230.265,-0.725,-0.640
2017-03-28 10:30:00,229.298,229.976,8.000,248.000,229.30,229.35,5000.000,5000.000,229.95,230.15,85.000,214.000,229.25,229.40,5000.000,7500.000,229.90,230.20,4937.000,7486.000,22500.000,35000.000,229.137,229.493,229.817,230.271,-0.725,-0.618
2017-03-28 10:31:00,229.294,229.960,25.000,734.000,229.30,229.35,2500.000,5000.000,229.90,230.05,265.000,642.000,229.20,229.40,2500.000,7500.000,229.85,230.10,6868.000,9259.000,20000.000,32500.000,229.078,229.479,229.775,230.177,-0.650,-0.595
2017-03-28 10:32:00,229.308,229.913,1078.000,67.000,229.20,229.30,5000.000,5000.000,229.90,230.05,1187.000,711.000,229.15,229.35,2500.000,7500.000,229.85,230.10,17981.000,9125.000,15000.000,32500.000,229.048,229.476,229.817,230.181,-0.725,-0.580
2017-03-28 10:33:00,229.372,230.013,4.000,62.000,229.35,229.40,2500.000,2500.000,230.00,230.10,786.000,339.000,229.30,229.45,5000.000,2500.000,229.95,230.15,5727.000,8544.000,22500.000,25000.000,229.188,229.505,229.861,230.220,-0.675,-0.567
2017-03-28 10:34:00,229.611,230.221,81.000,210.000,229.50,229.60,2500.000,2500.000,230.20,230.35,681.000,324.000,229.45,229.65,5000.000,2500.000,230.15,230.40,11294.000,6370.000,22500.000,25000.000,229.337,229.757,230.044,230.485,-0.725,-0.562
2017-03-28 10:35:00,229.560,230.128,330.000,615.000,229.40,229.50,2500.000,5000.000,230.15,230.30,656.000,60.000,229.35,229.55,5000.000,5000.000,230.10,230.35,10595.000,2562.000,17500.000,40000.000,229.270,229.627,230.021,230.422,-0.775,-0.553
2017-03-28 10:36:00,229.584,230.136,711.000,665.000,229.45,229.50,2500.000,2500.000,230.15,230.30,381.000,610.000,229.40,229.60,5000.000,2500.000,230.10,230.35,10076.000,4866.000,17500.000,35000.000,229.285,229.673,230.021,230.425,-0.750,-0.560
2017-03-28 10:37:00,229.584,230.115,1200.000,635.000,229.45,229.50,5000.000,2500.000,230.15,230.30,374.000,60.000,229.40,229.55,5000.000,5000.000,230.10,230.35,11902.000,2999.000,20000.000,37500.000,229.302,229.620,230.025,230.427,-0.750,-0.571
2017-03-28 10:38:00,229.586,230.160,1115.000,630.000,229.45,229.50,2500.000,2500.000,230.20,230.30,474.000,563.000,229.40,229.60,5000.000,5000.000,230.15,230.35,13757.000,4880.000,20000.000,40000.000,229.315,229.675,230.069,230.431,-0.775,-0.573
2017-03-28 10:39:00,229.577,230.162,367.000,297.000,229.45,229.50,2500.000,5000.000,230.20,230.30,474.000,146.000,229.40,229.55,5000.000,5000.000,230.15,230.35,13215.000,3325.000,20000.000,42500.000,229.306,229.637,230.069,230.424,-0.775,-0.566
2017-03-28 10:40:00,229.600,230.125,104.000,1033.000,229.45,229.50,2500.000,7500.000,230.15,230.30,224.000,445.000,229.40,229.55,5000.000,5000.000,230.10,230.35,12270.000,3828.000,17500.000,42500.000,229.269,229.609,230.007,230.403,-0.750,-0.577
2017-03-28 10:41:00,230.148,230.733,95.000,1266.000,229.95,230.15,5000.000,2500.000,230.70,230.85,2857.000,1871.000,229.90,230.20,5000.000,2500.000,230.65,230.90,13746.000,7080.000,20000.000,25000.000,229.802,230.244,230.619,230.990,-0.725,-0.569
2017-03-28 10:42:00,230.040,230.624,10.000,1145.000,229.95,230.00,2500.000,5000.000,230.60,230.75,50.000,806.000,229.90,230.05,2500.000,7500.000,230.55,230.80,8486.000,4837.000,15000.000,27500.000,229.735,230.100,230.483,230.836,-0.700,-0.567
2017-03-28 10:43:00,229.829,230.414,4.000,94.000,229.70,229.80,2500.000,2500.000,230.40,230.55,60.000,571.000,229.65,229.85,2500.000,10000.000,230.35,230.60,9014.000,4741.000,15000.000,30000.000,229.523,229.952,230.292,230.658,-0.725,-0.560
2017-03-28 10:44:00,229.942,230.493,411.000,919.000,229.75,229.90,10000.000,7500.000,230.45,230.60,60.000,1558.000,229.70,229.95,7500.000,2500.000,230.40,230.65,11108.000,5061.000,27500.000,27500.000,229.588,229.973,230.364,230.700,-0.700,-0.565
2017-03-28 10:45:00,229.788,230.365,223.000,788.000,229.65,229.80,2500.000,5000.000,230.35,230.50,700.000,726.000,229.60,229.85,2500.000,2500.000,230.30,230.55,11444.000,6995.000,15000.000,27500.000,229.491,229.942,230.250,230.614,-0.700,-0.566
2017-03-28 10:46:00,229.757,230.306,191.000,33.000,229.65,229.70,2500.000,2500.000,230.30,230.40,700.000,681.000,229.60,229.75,5000.000,5000.000,230.25,230.50,6760.000,3353.000,17500.000,22500.000,229.482,229.816,230.164,230.556,-0.675,-0.564
2017-03-28 10:47:00,229.769,230.342,824.000,3.000,229.65,229.80,2500.000,5000.000,230.35,230.50,625.000,414.000,229.60,229.85,2500.000,7500.000,230.30,230.55,11075.000,6816.000,15000.000,32500.000,229.504,229.968,230.158,230.585,-0.700,-0.559
2017-03-28 10:48:00,229.667,230.215,65.000,30.000,229.60,229.65,5000.000,5000.000,230.20,230.40,50.000,110.000,229.55,229.70,2500.000,5000.000,230.15,230.45,3618.000,2820.000,20000.000,30000.000,229.409,229.805,230.069,230.521,-0.675,-0.576
2017-03-28 10:49:00,229.661,230.238,378.000,450.000,229.45,229.60,2500.000,2500.000,230.15,230.30,426.000,417.000,229.40,229.65,5000.000,5000.000,230.10,230.35,13202.000,4321.000,20000.000,20000.000,229.276,229.733,230.031,230.394,-0.700,-0.578
2017-03-28 10:50:00,229.762,230.347,653.000,10.000,229.60,229.65,2500.000,5000.000,230.30,230.45,314.000,3.000,229.55,229.70,7500.000,5000.000,230.25,230.50,12099.000,1586.000,17500.000,25000.000,229.445,229.816,230.214,230.580,-0.750,-0.571
2017-03-28 10:51:00,229.758,230.294,371.000,493.000,229.55,229.70,2500.000,5000.000,230.25,230.40,2298.000,754.000,229.50,229.75,2500.000,5000.000,230.20,230.45,11202.000,3118.000,15000.000,25000.000,229.407,229.798,230.142,230.525,-0.700,-0.593
2017-03-28 10:52:00,229.755,230.304,553.000,697.000,229.55,229.70,2500.000,2500.000,230.25,230.35,2298.000,1129.000,229.50,229.75,2500.000,5000.000,230.20,230.40,11212.000,3461.000,15000.000,15000.000,229.409,229.774,230.150,230.442,-0.675,-0.602
2017-03-28 10:53:00,229.577,230.213,946.000,3.000,229.50,229.60,5000.000,5000.000,230.15,230.35,150.000,524.000,229.45,229.65,5000.000,5000.000,230.10,230.40,5826.000,3836.000,17500.000,22500.000,229.377,229.744,230.057,230.478,-0.700,-0.608
2017-03-28 10:54:00,229.638,230.222,168.000,8.000,229.55,229.60,2500.000,5000.000,230.20,230.35,750.000,220.000,229.50,229.65,5000.000,5000.000,230.15,230.40,5127.000,2563.000,20000.000,25000.000,229.391,229.754,230.062,230.485,-0.700,-0.617
2017-03-28 10:55:00,229.692,230.242,537.000,63.000,229.55,229.65,2500.000,7500.000,230.20,230.35,1082.000,481.000,229.50,229.70,5000.000,5000.000,230.15,230.40,7143.000,2975.000,17500.000,27500.000,229.397,229.777,230.100,230.459,-0.675,-0.637
2017-03-28 10:56:00,229.731,230.379,988.000,920.000,229.55,229.75,5000.000,2500.000,230.25,230.45,2259.000,410.000,229.50,229.80,5000.000,5000.000,230.20,230.50,10206.000,5075.000,22500.000,20000.000,229.412,229.884,230.128,230.600,-0.700,-0.646
2017-03-28 10:57:00,229.759,230.353,1105.000,64.000,229.50,229.65,5000.000,5000.000,230.25,230.45,3194.000,512.000,229.45,229.70,7500.000,2500.000,230.20,230.50,19125.000,1779.000,22500.000,25000.000,229.355,229.779,230.161,230.585,-0.775,-0.667
2017-03-28 10:58:00,229.740,230.407,235.000,64.000,229.55,229.65,5000.000,2500.000,230.30,230.50,2960.000,495.000,229.50,229.70,5000.000,2500.000,230.25,230.55,13148.000,1800.000,20000.000,17500.000,229.415,229.786,230.206,230.607,-0.800,-0.655
2017-03-28 10:59:00,229.700,230.325,66.000,64.000,229.50,229.60,2500.000,2500.000,230.30,230.40,2918.000,762.000,229.45,229.70,5000.000,2500.000,230.25,230.45,17402.000,4832.000,20000.000,20000.000,229.361,229.767,230.175,230.525,-0.800,-0.652
2017-03-28 11:00:00,229.703,230.353,511.000,64.000,229.55,229.60,7500.000,2500.000,230.30,230.45,2650.000,498.000,229.50,229.70,5000.000,2500.000,230.25,230.50,12576.000,3301.000,20000.000,20000.000,229.417,229.790,230.231,230.575,-0.800,-0.642
2017-03-28 11:01:00,229.799,230.494,3485.000,63.000,229.60,229.75,5000.000,2500.000,230.40,230.55,146.000,517.000,229.55,229.80,5000.000,7500.000,230.35,230.60,20014.000,4136.000,22500.000,22500.000,229.478,229.906,230.300,230.667,-0.800,-0.622
2017-03-28 11:02:00,229.804,230.500,138.000,222.000,229.65,229.70,7500.000,5000.000,230.40,230.55,3346.000,13.000,229.60,229.75,5000.000,7500.000,230.35,230.60,13702.000,1485.000,25000.000,22500.000,229.514,229.842,230.310,230.656,-0.800,-0.606
2017-03-28 11:03:00,229.565,230.174,849.000,41.000,229.40,229.50,2500.000,2500.000,230.15,230.30,366.000,60.000,229.35,229.55,5000.000,2500.000,230.10,230.35,11009.000,1985.000,20000.000,22500.000,229.275,229.665,230.025,230.433,-0.775,-0.614
2017-03-28 11:04:00,229.599,230.209,89.000,544.000,229.45,229.50,5000.000,5000.000,230.15,230.35,1053.000,387.000,229.40,229.55,5000.000,2500.000,230.10,230.40,9456.000,2058.000,20000.000,22500.000,229.296,229.602,230.044,230.456,-0.775,-0.631
2017-03-28 11:05:00,229.459,230.059,815.000,34.000,229.30,229.40,5000.000,2500.000,230.05,230.15,2845.000,357.000,229.25,229.45,2500.000,7500.000,230.00,230.25,13779.000,3321.000,15000.000,25000.000,229.170,229.534,229.942,230.290,-0.750,-0.633
2017-03-28 11:06:00,229.532,230.130,828.000,24.000,229.30,229.40,2500.000,5000.000,230.10,230.25,3271.000,503.000,229.25,229.50,2500.000,5000.000,230.05,230.30,18994.000,2794.000,15000.000,22500.000,229.162,229.588,229.967,230.350,-0.825,-0.629
2017-03-28 11:07:00,229.531,230.144,929.000,66.000,229.30,229.40,2500.000,5000.000,230.10,230.25,2738.000,691.000,229.25,229.50,2500.000,5000.000,230.05,230.30,18901.000,3024.000,17500.000,22500.000,229.159,229.580,229.936,230.350,-0.825,-0.620
2017-03-28 11:08:00,229.509,230.157,129.000,62.000,229.35,229.40,5000.000,2500.000,230.10,230.25,2906.000,3.000,229.30,229.45,2500.000,2500.000,230.05,230.30,14005.000,1671.000,17500.000,17500.000,229.206,229.543,229.986,230.357,-0.800,-0.613
2017-03-28 11:09:00,229.538,230.235,232.000,341.000,229.40,229.50,5000.000,2500.000,230.15,230.35,3413.000,417.000,229.35,229.60,5000.000,2500.000,230.10,230.40,12709.000,6196.000,22500.000,20000.000,229.267,229.706,230.033,230.475,-0.800,-0.602
2017-03-28 11:10:00,229.559,230.166,2962.000,1265.000,229.30,229.50,5000.000,2500.000,230.10,230.25,364.000,566.000,229.25,229.55,2500.000,5000.000,230.05,230.30,22208.000,4141.000,20000.000,20000.000,229.177,229.585,229.956,230.350,-0.775,-0.610
2017-03-28 11:11:00,229.472,230.053,246.000,807.000,229.30,229.40,2500.000,5000.000,230.05,230.15,70.000,494.000,229.25,229.45,2500.000,10000.000,230.00,230.20,15345.000,5305.000,12500.000,30000.000,229.134,229.500,229.950,230.246,-0.750,-0.628
2017-03-28 11:12:00,229.356,229.923,392.000,321.000,229.15,229.30,2500.000,2500.000,229.90,230.00,607.000,1335.000,229.10,229.35,2500.000,5000.000,229.85,230.05,26095.000,8015.000,20000.000,30000.000,228.995,229.417,229.775,230.113,-0.725,-0.640
2017-03-28 11:13:00,229.283,229.897,857.000,432.000,229.10,229.25,2500.000,2500.000,229.80,230.00,1610.000,987.000,229.05,229.30,7500.000,2500.000,229.75,230.05,16245.000,5748.000,25000.000,22500.000,228.962,229.366,229.690,230.117,-0.725,-0.660
2017-03-28 11:14:00,229.387,230.028,99.000,110.000,229.25,229.35,2500.000,2500.000,229.90,230.10,382.000,2479.000,229.15,229.40,5000.000,5000.000,229.85,230.15,17015.000,7791.000,22500.000,22500.000,229.020,229.476,229.783,230.211,-0.700,-0.662
2017-03-28 11:15:00,229.373,230.019,77.000,1875.000,229.30,229.40,2500.000,2500.000,229.95,230.10,110.000,518.000,229.20,229.45,2500.000,7500.000,229.90,230.15,8420.000,7925.000,17500.000,22500.000,229.083,229.496,229.807,230.206,-0.675,-0.655
2017-03-28 11:16:00,229.568,230.240,477.000,3.000,229.45,229.50,2500.000,2500.000,230.15,230.35,3406.000,10.000,229.40,229.55,5000.000,2500.000,230.10,230.40,14792.000,3744.000,20000.000,17500.000,229.305,229.690,230.019,230.464,-0.775,-0.659
2017-03-28 11:17:00,229.552,230.179,71.000,10.000,229.45,229.55,5000.000,2500.000,230.10,230.25,447.000,275.000,229.40,229.60,2500.000,5000.000,230.05,230.30,7539.000,4688.000,17500.000,17500.000,229.285,229.711,230.007,230.379,-0.675,-0.662
2017-03-28 11:18:00,229.482,230.197,93.000,1405.000,229.45,229.60,5000.000,7500.000,230.10,230.30,397.000,452.000,229.40,229.65,2500.000,5000.000,230.05,230.35,4551.000,8155.000,17500.000,20000.000,229.278,229.730,230.014,230.369,-0.675,-0.639
2017-03-28 11:19:00,229.531,230.181,93.000,432.000,229.50,229.55,5000.000,2500.000,230.10,230.25,207.000,572.000,229.40,229.60,2500.000,5000.000,230.05,230.30,6897.000,5724.000,20000.000,20000.000,229.284,229.696,230.006,230.369,-0.650,-0.635
2017-03-28 11:20:00,229.687,230.300,988.000,693.000,229.50,229.70,5000.000,2500.000,230.20,230.35,1188.000,814.000,229.45,229.75,2500.000,5000.000,230.15,230.40,10364.000,5880.000,22500.000,17500.000,229.353,229.795,230.100,230.443,-0.675,-0.633
2017-03-28 11:21:00,229.533,230.225,90.000,50.000,229.55,229.60,2500.000,5000.000,230.15,230.30,881.000,26.000,229.45,229.65,10000.000,5000.000,230.10,230.35,5741.000,6466.000,20000.000,20000.000,229.347,229.763,230.069,230.381,-0.650,-0.610
2017-03-28 11:22:00,229.631,230.269,1720.000,63.000,229.50,229.60,7500.000,2500.000,230.20,230.35,570.000,25.000,229.45,229.65,2500.000,2500.000,230.15,230.40,13538.000,4513.000,25000.000,20000.000,229.367,229.775,230.110,230.463,-0.725,-0.602
2017-03-28 11:23:00,229.721,230.322,197.000,164.000,229.65,229.70,2500.000,2500.000,230.25,230.35,636.000,1018.000,229.60,229.75,5000.000,2500.000,230.20,230.40,6599.000,4890.000,22500.000,17500.000,229.498,229.805,230.144,230.450,-0.625,-0.611
2017-03-28 11:24:00,229.667,230.300,1090.000,153.000,229.60,229.70,5000.000,2500.000,230.20,230.35,50.000,679.000,229.55,229.75,5000.000,2500.000,230.15,230.40,6304.000,5046.000,22500.000,15000.000,229.487,229.816,230.117,230.450,-0.625,-0.615
2017-03-28 11:25:00,229.700,230.300,72.000,256.000,229.65,229.70,5000.000,2500.000,230.20,230.35,818.000,679.000,229.60,229.75,5000.000,2500.000,230.15,230.40,5551.000,5135.000,22500.000,15000.000,229.498,229.813,230.117,230.450,-0.600,-0.616
2017-03-28 11:26:00,229.767,230.344,193.000,100.000,229.65,229.70,2500.000,2500.000,230.30,230.35,936.000,339.000,229.60,229.75,5000.000,2500.000,230.25,230.40,11913.000,4489.000,25000.000,17500.000,229.493,229.822,230.175,230.450,-0.650,-0.629
2017-03-28 11:27:00,229.906,230.506,492.000,170.000,229.75,229.80,2500.000,7500.000,230.45,230.60,1187.000,400.000,229.70,229.90,5000.000,2500.000,230.40,230.65,13856.000,4539.000,20000.000,25000.000,229.590,230.004,230.338,230.710,-0.750,-0.641
2017-03-28 11:28:00,229.849,230.493,846.000,127.000,229.70,229.80,2500.000,5000.000,230.40,230.55,634.000,10.000,229.65,229.85,2500.000,7500.000,230.35,230.60,14925.000,4874.000,25000.000,27500.000,229.544,229.978,230.280,230.682,-0.725,-0.651
2017-03-28 11:29:00,229.808,230.464,140.000,160.000,229.80,229.85,5000.000,2500.000,230.40,230.50,101.000,542.000,229.75,229.90,2500.000,7500.000,230.35,230.60,5156.000,7444.000,22500.000,22500.000,229.625,229.992,230.300,230.656,-0.625,-0.667
2017-03-28 11:30:00,229.837,230.439,937.000,214.000,229.70,229.80,2500.000,2500.000,230.40,230.50,1195.000,314.000,229.65,229.85,2500.000,2500.000,230.35,230.55,15565.000,6006.000,22500.000,25000.000,229.548,229.961,230.267,230.655,-0.700,-0.657
2017-03-28 11:31:00,229.795,230.439,304.000,180.000,229.75,229.80,2500.000,2500.000,230.35,230.50,566.000,152.000,229.65,229.85,5000.000,2500.000,230.30,230.55,9334.000,6259.000,25000.000,20000.000,229.532,229.968,230.235,230.631,-0.650,-0.660
2017-03-28 11:32:00,229.741,230.400,273.000,295.000,229.70,229.80,5000.000,2500.000,230.30,230.45,566.000,321.000,229.65,229.85,10000.000,5000.000,230.25,230.50,6164.000,6885.000,25000.000,17500.000,229.537,229.958,230.220,230.564,-0.625,-0.674
2017-03-28 11:33:00,229.762,230.455,89.000,906.000,229.80,229.90,5000.000,5000.000,230.35,230.50,99.000,1365.000,229.75,229.95,7500.000,2500.000,230.30,230.55,1581.000,8583.000,30000.000,20000.000,229.643,230.000,230.246,230.588,-0.575,-0.684
2017-03-28 11:34:00,229.728,230.462,14.000,233.000,229.80,229.85,2500.000,5000.000,230.35,230.50,184.000,533.000,229.70,229.90,7500.000,2500.000,230.30,230.55,3287.000,7853.000,25000.000,17500.000,229.581,229.995,230.260,230.600,-0.600,-0.659
2017-03-28 11:35:00,229.786,230.341,898.000,399.000,229.60,229.80,2500.000,2500.000,230.30,230.40,1002.000,411.000,229.55,229.85,5000.000,2500.000,230.25,230.45,13696.000,6345.000,17500.000,22500.000,229.459,229.948,230.193,230.550,-0.650,-0.670
2017-03-28 11:36:00,229.785,230.444,263.000,159.000,229.70,229.80,5000.000,2500.000,230.35,230.50,1064.000,82.000,229.65,229.85,7500.000,2500.000,230.30,230.55,8964.000,5726.000,25000.000,17500.000,229.551,229.972,230.260,230.614,-0.675,-0.683
2017-03-28 11:37:00,229.716,230.445,109.000,13.000,229.75,229.80,2500.000,2500.000,230.35,230.50,300.000,73.000,229.70,229.85,10000.000,2500.000,230.30,230.55,3331.000,5523.000,30000.000,20000.000,229.597,229.977,230.221,230.644,-0.650,-0.679
2017-03-28 11:38:00,229.781,230.524,347.000,522.000,229.80,229.90,5000.000,2500.000,230.40,230.50,18.000,712.000,229.75,229.95,2500.000,7500.000,230.35,230.60,2682.000,7710.000,30000.000,17500.000,229.665,230.007,230.283,230.629,-0.600,-0.663
2017-03-28 11:39:00,229.993,230.603,90.000,373.000,229.90,229.95,7500.000,5000.000,230.50,230.60,479.000,1376.000,229.85,230.00,2500.000,2500.000,230.45,230.70,8000.000,4666.000,27500.000,20000.000,229.744,230.052,230.391,230.731,-0.625,-0.680
2017-03-28 11:40:00,229.988,230.597,90.000,234.000,229.90,229.95,7500.000,5000.000,230.50,230.60,82.000,1181.000,229.85,230.00,2500.000,2500.000,230.45,230.65,7542.000,4677.000,30000.000,17500.000,229.738,230.062,230.392,230.693,-0.625,-0.685
2017-03-28 11:41:00,229.803,230.526,195.000,168.000,229.85,229.95,5000.000,2500.000,230.40,230.55,251.000,1482.000,229.80,230.00,7500.000,5000.000,230.35,230.60,1224.000,5627.000,30000.000,17500.000,229.736,230.053,230.304,230.657,-0.575,-0.680
2017-03-28 11:42:00,229.863,230.574,45.000,218.000,229.90,229.95,5000.000,2500.000,230.45,230.60,500.000,1382.000,229.85,230.00,5000.000,5000.000,230.40,230.65,1665.000,5229.000,30000.000,17500.000,229.774,230.055,230.342,230.707,-0.600,-0.651
2017-03-28 11:43:00,229.917,230.578,129.000,305.000,229.90,229.95,2500.000,2500.000,230.50,230.60,500.000,1229.000,229.85,230.00,2500.000,5000.000,230.45,230.65,4117.000,5173.000,22500.000,17500.000,229.772,230.060,230.378,230.707,-0.625,-0.638
2017-03-28 11:44:00,229.873,230.569,500.000,10.000,229.85,229.90,2500.000,2500.000,230.45,230.60,365.000,290.000,229.80,229.95,7500.000,5000.000,230.40,230.65,4151.000,4275.000,27500.000,17500.000,229.708,230.041,230.336,230.707,-0.650,-0.611
2017-03-28 11:45:00,229.866,230.500,179.000,1102.000,229.85,229.95,5000.000,2500.000,230.40,230.55,365.000,1523.000,229.80,230.00,10000.000,5000.000,230.35,230.60,2989.000,6748.000,30000.000,20000.000,229.694,230.040,230.292,230.688,-0.575,-0.583
2017-03-28 11:46:00,229.742,230.441,37.000,133.000,229.75,229.85,5000.000,2500.000,230.35,230.50,200.000,125.000,229.70,229.90,5000.000,5000.000,230.30,230.55,3907.000,7170.000,22500.000,17500.000,229.588,230.006,230.267,230.593,-0.625,-0.545
2017-03-28 11:47:00,229.721,230.285,214.000,1054.000,229.70,229.85,2500.000,5000.000,230.25,230.40,200.000,739.000,229.65,229.90,5000.000,7500.000,230.20,230.45,4190.000,8862.000,15000.000,27500.000,229.522,229.974,230.142,230.495,-0.550,-0.553
2017-03-28 11:48:00,229.753,230.350,706.000,113.000,229.70,229.80,2500.000,2500.000,230.30,230.45,553.000,63.000,229.65,229.85,5000.000,12500.000,230.25,230.50,6405.000,5288.000,15000.000,22500.000,229.555,229.980,230.208,230.528,-0.625,-0.559
2017-03-28 11:49:00,229.845,230.406,1310.000,140.000,229.70,229.90,2500.000,15000.000,230.30,230.50,414.000,846.000,229.65,229.95,7500.000,2500.000,230.25,230.55,8098.000,6027.000,20000.000,25000.000,229.563,230.014,230.188,230.560,-0.600,-0.582
2017-03-28 11:50:00,229.720,230.215,420.000,284.000,229.70,229.80,7500.000,5000.000,230.20,230.35,320.000,758.000,229.65,229.85,2500.000,7500.000,230.15,230.40,4516.000,6499.000,17500.000,32500.000,229.533,229.951,230.129,230.446,-0.525,-0.591
2017-03-28 11:51:00,229.740,230.250,119.000,140.000,229.70,229.80,2500.000,5000.000,230.25,230.35,200.000,523.000,229.65,229.85,5000.000,7500.000,230.20,230.40,5070.000,6173.000,17500.000,35000.000,229.519,229.958,230.157,230.454,-0.550,-0.599
2017-03-28 11:52:00,229.764,230.365,79.000,80.000,229.70,229.80,2500.000,2500.000,230.30,230.45,412.000,304.000,229.65,229.85,2500.000,12500.000,230.25,230.50,7608.000,6595.000,17500.000,25000.000,229.535,229.968,230.186,230.570,-0.625,-0.598
2017-03-28 11:53:00,229.724,230.356,165.000,292.000,229.65,229.80,5000.000,2500.000,230.25,230.45,264.000,305.000,229.60,229.85,5000.000,12500.000,230.20,230.50,7027.000,6882.000,20000.000,25000.000,229.497,229.959,230.156,230.560,-0.625,-0.593
2017-03-28 11:54:00,229.749,230.423,1317.000,5.000,229.65,229.75,5000.000,15000.000,230.30,230.50,849.000,805.000,229.60,229.90,7500.000,2500.000,230.25,230.55,8845.000,7520.000,25000.000,25000.000,229.525,230.000,230.165,230.560,-0.700,-0.572
2017-03-28 11:55:00,229.803,230.345,687.000,70.000,229.65,229.75,2500.000,5000.000,230.30,230.45,1106.000,8.000,229.60,229.80,5000.000,15000.000,230.25,230.50,8474.000,2045.000,20000.000,32500.000,229.519,229.920,230.194,230.573,-0.675,-0.578
2017-03-28 11:56:00,229.732,230.282,700.000,303.000,229.65,229.75,5000.000,2500.000,230.20,230.40,305.000,8.000,229.60,229.80,5000.000,5000.000,230.15,230.45,4063.000,2792.000,22500.000,25000.000,229.510,229.897,230.072,230.510,-0.600,-0.569
2017-03-28 11:57:00,229.685,230.278,356.000,1251.000,229.60,229.75,5000.000,7500.000,230.20,230.40,155.000,373.000,229.55,229.80,2500.000,5000.000,230.15,230.45,4453.000,4471.000,20000.000,30000.000,229.473,229.856,230.088,230.479,-0.625,-0.574
2017-03-28 11:58:00,229.738,230.347,702.000,1160.000,229.55,229.75,2500.000,2500.000,230.25,230.40,1847.000,369.000,229.50,229.80,5000.000,5000.000,230.20,230.45,9232.000,4379.000,25000.000,25000.000,229.422,229.857,230.100,230.505,-0.675,-0.576
2017-03-28 11:59:00,229.659,230.225,719.000,163.000,229.50,229.70,2500.000,2500.000,230.20,230.35,1623.000,1909.000,229.45,229.75,2500.000,2500.000,230.15,230.40,7796.000,4756.000,17500.000,27500.000,229.377,229.809,230.071,230.486,-0.675,-0.598
2017-03-28 12:00:00,229.644,230.216,739.000,51.000,229.50,229.55,2500.000,2500.000,230.20,230.35,1047.000,3.000,229.45,229.60,2500.000,2500.000,230.15,230.40,9568.000,1750.000,17500.000,30000.000,229.351,229.711,230.071,230.488,-0.750,-0.617
2017-03-28 12:01:00,229.753,230.258,832.000,13.000,229.55,229.65,2500.000,2500.000,230.25,230.40,839.000,75.000,229.50,229.70,5000.000,5000.000,230.20,230.45,12612.000,2152.000,15000.000,30000.000,229.386,229.809,230.158,230.508,-0.725,-0.641
2017-03-28 12:02:00,229.549,230.167,115.000,108.000,229.60,229.65,2500.000,2500.000,230.20,230.30,540.000,256.000,229.55,229.70,2500.000,2500.000,230.15,230.35,2375.000,6063.000,17500.000,27500.000,229.477,229.789,230.071,230.450,-0.625,-0.632
2017-03-28 12:03:00,229.563,230.182,357.000,316.000,229.55,229.65,2500.000,2500.000,230.20,230.30,520.000,281.000,229.50,229.70,2500.000,2500.000,230.15,230.35,4142.000,6296.000,15000.000,27500.000,229.412,229.784,230.083,230.445,-0.650,-0.659
2017-03-28 12:04:00,229.463,230.139,204.000,900.000,229.55,229.65,5000.000,5000.000,230.10,230.30,207.000,192.000,229.45,229.70,5000.000,2500.000,230.05,230.35,1740.000,6810.000,22500.000,32500.000,229.391,229.770,230.017,230.431,-0.600,-0.629
2017-03-28 12:05:00,229.600,230.269,104.000,266.000,229.55,229.65,5000.000,2500.000,230.20,230.40,312.000,150.000,229.50,229.70,2500.000,5000.000,230.15,230.45,3892.000,3699.000,22500.000,30000.000,229.398,229.811,230.094,230.508,-0.700,-0.613
2017-03-28 12:06:00,229.612,230.238,95.000,80.000,229.50,229.60,2500.000,2500.000,230.15,230.35,217.000,186.000,229.45,229.65,7500.000,2500.000,230.10,230.40,3790.000,1804.000,25000.000,25000.000,229.363,229.751,230.050,230.475,-0.700,-0.605
2017-03-28 12:07:00,229.698,230.269,429.000,45.000,229.50,229.55,2500.000,2500.000,230.20,230.40,523.000,186.000,229.45,229.65,2500.000,5000.000,230.15,230.45,9434.000,1626.000,20000.000,32500.000,229.339,229.753,230.081,230.531,-0.775,-0.610
2017-03-28 12:08:00,229.428,230.184,279.000,591.000,229.50,229.60,5000.000,5000.000,230.10,230.25,10.000,1318.000,229.45,229.65,5000.000,7500.000,230.05,230.30,758.000,5635.000,25000.000,22500.000,229.385,229.710,230.010,230.339,-0.625,-0.579
2017-03-28 12:09:00,229.569,230.094,1047.000,40.000,229.35,229.45,5000.000,7500.000,230.05,230.25,217.000,4.000,229.30,229.50,5000.000,7500.000,230.00,230.30,14209.000,1390.000,22500.000,37500.000,229.194,229.614,229.939,230.390,-0.750,-0.582
2017-03-28 12:10:00,229.423,230.009,619.000,1548.000,229.20,229.40,2500.000,5000.000,229.90,230.00,1463.000,748.000,229.15,229.45,2500.000,2500.000,229.85,230.05,15176.000,6636.000,22500.000,20000.000,229.036,229.499,229.772,230.137,-0.650,-0.581
2017-03-28 12:11:00,229.448,230.036,1368.000,255.000,229.25,229.35,5000.000,2500.000,230.05,230.10,4052.000,3.000,229.20,229.40,2500.000,2500.000,229.95,230.15,22545.000,1593.000,17500.000,17500.000,229.128,229.492,229.929,230.221,-0.775,-0.583
2017-03-28 12:12:00,229.458,230.054,183.000,91.000,229.30,229.35,2500.000,2500.000,230.00,230.15,807.000,8.000,229.25,229.40,2500.000,2500.000,229.95,230.20,9099.000,1552.000,15000.000,17500.000,229.137,229.514,229.900,230.286,-0.750,-0.572
2017-03-28 12:13:00,229.449,230.050,3.000,83.000,229.30,229.35,2500.000,2500.000,230.00,230.15,1597.000,108.000,229.25,229.40,2500.000,2500.000,229.95,230.20,9236.000,1812.000,15000.000,17500.000,229.141,229.503,229.900,230.271,-0.750,-0.569
2017-03-28 12:14:00,229.631,230.170,3.000,2057.000,229.50,229.60,2500.000,7500.000,230.15,230.30,862.000,191.000,229.40,229.65,5000.000,5000.000,230.10,230.35,11160.000,6472.000,20000.000,35000.000,229.265,229.701,230.044,230.414,-0.675,-0.573
2017-03-28 12:15:00,229.592,230.175,996.000,40.000,229.40,229.55,2500.000,7500.000,230.15,230.30,738.000,1866.000,229.35,229.60,5000.000,5000.000,230.10,230.35,17451.000,5745.000,22500.000,37500.000,229.248,229.692,230.044,230.413,-0.750,-0.594
2017-03-28 12:16:00,229.552,230.148,819.000,679.000,229.40,229.55,2500.000,2500.000,230.10,230.25,277.000,2172.000,229.35,229.60,7500.000,7500.000,230.05,230.30,12042.000,7000.000,22500.000,27500.000,229.239,229.670,230.006,230.364,-0.700,-0.601
2017-03-28 12:17:00,229.562,230.102,888.000,895.000,229.35,229.55,2500.000,5000.000,230.10,230.25,566.000,2172.000,229.30,229.60,7500.000,7500.000,230.05,230.30,18435.000,7359.000,22500.000,42500.000,229.205,229.668,229.989,230.403,-0.725,-0.625
2017-03-28 12:18:00,229.596,230.180,269.000,46.000,229.45,229.55,5000.000,2500.000,230.15,230.25,242.000,2222.000,229.40,229.60,7500.000,7500.000,230.10,230.30,13873.000,6560.000,27500.000,30000.000,229.272,229.683,230.059,230.367,-0.700,-0.647
2017-03-28 12:19:00,229.491,230.053,73.000,178.000,229.35,229.40,2500.000,2500.000,230.05,230.20,27.000,3.000,229.30,229.45,2500.000,5000.000,230.00,230.25,9362.000,2498.000,15000.000,32500.000,229.173,229.582,229.942,230.358,-0.750,-0.663
2017-03-28 12:20:00,229.151,229.838,717.000,25.000,229.05,229.10,2500.000,2500.000,229.80,229.95,753.000,300.000,228.95,229.15,5000.000,7500.000,229.75,230.00,16844.000,5285.000,17500.000,25000.000,228.854,229.260,229.693,230.065,-0.800,-0.673
2017-03-28 12:21:00,229.274,229.906,83.000,456.000,229.15,229.25,2500.000,5000.000,229.85,230.00,86.000,846.000,229.05,229.30,2500.000,5000.000,229.80,230.05,11600.000,6378.000,20000.000,25000.000,228.916,229.372,229.719,230.105,-0.725,-0.687
2017-03-28 12:22:00,229.284,229.941,1067.000,50.000,229.20,229.25,2500.000,5000.000,229.95,230.00,182.000,657.000,229.15,229.30,2500.000,2500.000,229.90,230.05,10759.000,5610.000,15000.000,25000.000,229.052,229.384,229.833,230.115,-0.750,-0.699
2017-03-28 12:23:00,229.184,229.881,92.000,782.000,229.25,229.30,2500.000,5000.000,229.85,230.00,975.000,809.000,229.20,229.35,2500.000,5000.000,229.80,230.05,2970.000,10231.000,17500.000,27500.000,229.139,229.433,229.743,230.105,-0.650,-0.699
2017-03-28 12:24:00,229.366,230.007,1845.000,43.000,229.25,229.30,7500.000,2500.000,230.00,230.20,814.000,3.000,229.20,229.35,2500.000,5000.000,229.95,230.25,14716.000,3581.000,22500.000,47500.000,229.110,229.486,229.894,230.334,-0.825,-0.708
2017-03-28 12:25:00,229.135,229.875,224.000,3.000,229.00,229.10,7500.000,2500.000,229.80,230.00,369.000,60.000,228.95,229.15,7500.000,7500.000,229.75,230.05,13567.000,4892.000,25000.000,25000.000,228.863,229.249,229.720,230.100,-0.850,-0.690
2017-03-28 12:26:00,229.028,229.731,933.000,659.000,228.85,229.05,7500.000,2500.000,229.70,229.90,7500.000,410.000,228.80,229.10,2500.000,5000.000,229.65,229.95,22551.000,8437.000,22500.000,30000.000,228.742,229.218,229.572,230.025,-0.850,-0.669
2017-03-28 12:27:00,229.195,229.911,314.000,32.000,229.05,229.10,5000.000,2500.000,229.85,230.00,208.000,3.000,229.00,229.15,5000.000,7500.000,229.80,230.05,15533.000,2131.000,22500.000,25000.000,228.915,229.246,229.761,230.100,-0.850,-0.651
2017-03-28 12:28:00,229.037,229.732,209.000,491.000,228.95,229.05,2500.000,5000.000,229.70,229.85,218.000,625.000,228.85,229.10,5000.000,7500.000,229.65,229.90,19982.000,10993.000,20000.000,30000.000,228.744,229.223,229.569,229.950,-0.775,-0.638
2017-03-28 12:29:00,229.020,229.706,455.000,140.000,228.95,229.05,2500.000,5000.000,229.70,229.80,228.000,750.000,228.85,229.10,5000.000,5000.000,229.65,229.85,17738.000,11087.000,17500.000,25000.000,228.754,229.215,229.579,229.905,-0.750,-0.626
2017-03-28 12:30:00,229.020,229.671,757.000,21.000,228.95,229.05,2500.000,5000.000,229.65,229.80,210.000,411.000,228.85,229.10,2500.000,5000.000,229.60,229.85,16019.000,10800.000,12500.000,22500.000,228.736,229.221,229.550,229.906,-0.725,-0.633
2017-03-28 12:31:00,229.013,229.611,526.000,54.000,228.95,229.00,2500.000,2500.000,229.60,229.75,70.000,407.000,228.85,229.05,2500.000,2500.000,229.55,229.80,9970.000,5584.000,12500.000,22500.000,228.746,229.144,229.500,229.872,-0.700,-0.644
2017-03-28 12:32:00,228.990,229.615,259.000,53.000,228.90,229.00,2500.000,5000.000,229.65,229.75,10.000,495.000,228.85,229.10,2500.000,5000.000,229.60,229.80,15640.000,13175.000,15000.000,35000.000,228.744,229.215,229.517,229.875,-0.750,-0.656
2017-03-28 12:33:00,228.992,229.621,331.000,59.000,228.90,229.00,5000.000,5000.000,229.60,229.80,233.000,114.000,228.85,229.10,5000.000,5000.000,229.55,229.85,11097.000,9467.000,17500.000,30000.000,228.732,229.221,229.507,229.908,-0.750,-0.668
2017-03-28 12:34:00,229.097,229.725,453.000,14.000,229.00,229.10,2500.000,2500.000,229.70,229.90,60.000,53.000,228.95,229.15,7500.000,15000.000,229.65,229.95,10337.000,6604.000,25000.000,35000.000,228.832,229.271,229.535,230.007,-0.750,-0.662
2017-03-28 12:35:00,229.070,229.756,1023.000,17.000,229.00,229.15,10000.000,2500.000,229.75,229.95,766.000,53.000,228.95,229.20,7500.000,10000.000,229.70,230.00,11883.000,9718.000,32500.000,52500.000,228.876,229.329,229.650,230.086,-0.775,-0.661
2017-03-28 12:36:00,229.138,229.789,1002.000,40.000,229.10,229.15,2500.000,2500.000,229.80,229.95,545.000,3.000,229.05,229.20,7500.000,10000.000,229.75,230.00,11624.000,9227.000,22500.000,45000.000,228.949,229.317,229.700,230.075,-0.750,-0.652
2017-03-28 12:37:00,229.061,229.747,794.000,321.000,229.00,229.15,5000.000,5000.000,229.70,229.85,754.000,1164.000,228.95,229.20,5000.000,5000.000,229.65,229.90,11214.000,14529.000,20000.000,22500.000,228.839,229.282,229.581,229.939,-0.700,-0.644
2017-03-28 12:38:00,229.135,229.826,339.000,33.000,229.05,229.10,7500.000,2500.000,229.80,229.95,1230.000,53.000,229.00,229.20,2500.000,7500.000,229.75,230.00,14843.000,8743.000,30000.000,42500.000,228.915,229.317,229.700,230.082,-0.800,-0.638
2017-03-28 12:39:00,229.164,229.760,637.000,1139.000,229.05,229.20,2500.000,2500.000,229.75,229.90,872.000,2214.000,229.00,229.25,10000.000,2500.000,229.70,229.95,11693.000,11269.000,20000.000,30000.000,228.887,229.293,229.669,230.037,-0.700,-0.639
2017-03-28 12:40:00,229.246,229.930,682.000,3.000,229.15,229.25,10000.000,2500.000,229.85,230.05,203.000,2284.000,229.10,229.30,5000.000,20000.000,229.80,230.10,12231.000,8194.000,27500.000,40000.000,228.985,229.405,229.768,230.137,-0.750,-0.616
2017-03-28 12:41:00,229.012,229.618,605.000,23.000,228.95,229.00,2500.000,5000.000,229.65,229.80,215.000,50.000,228.90,229.10,5000.000,2500.000,229.60,229.85,10621.000,9460.000,17500.000,37500.000,228.772,229.226,229.514,229.927,-0.750,-0.622
2017-03-28 12:42:00,229.199,229.842,575.000,26.000,229.05,229.15,2500.000,2500.000,229.85,229.95,571.000,410.000,229.00,229.20,10000.000,10000.000,229.75,230.00,24986.000,9864.000,25000.000,40000.000,228.877,229.314,229.710,230.088,-0.800,-0.615
2017-03-28 12:43:00,229.350,230.012,2966.000,259.000,229.20,229.40,2500.000,2500.000,230.00,230.20,269.000,619.000,229.15,229.45,10000.000,10000.000,229.95,230.25,16546.000,8860.000,22500.000,42500.000,229.080,229.568,229.917,230.332,-0.800,-0.595
2017-03-28 12:44:00,229.321,229.922,109.000,915.000,229.20,229.35,5000.000,2500.000,229.95,230.10,99.000,872.000,229.15,229.40,7500.000,5000.000,229.90,230.15,13389.000,9964.000,22500.000,35000.000,229.045,229.478,229.817,230.207,-0.750,-0.597
2017-03-28 12:45:00,229.334,229.903,668.000,23.000,229.15,229.20,5000.000,2500.000,229.90,230.10,264.000,157.000,229.10,229.35,2500.000,5000.000,229.85,230.15,23271.000,7641.000,15000.000,27500.000,228.992,229.485,229.800,230.223,-0.825,-0.610
2017-03-28 12:46:00,229.404,230.039,218.000,301.000,229.30,229.40,5000.000,2500.000,230.05,230.15,666.000,549.000,229.25,229.45,7500.000,5000.000,230.00,230.20,17216.000,9755.000,25000.000,30000.000,229.162,229.531,229.905,230.258,-0.750,-0.641
2017-03-28 12:47:00,229.411,230.018,100.000,1156.000,229.25,229.40,5000.000,2500.000,230.00,230.15,3116.000,846.000,229.20,229.45,2500.000,10000.000,229.95,230.20,20057.000,9622.000,20000.000,35000.000,229.102,229.522,229.869,230.254,-0.750,-0.650
2017-03-28 12:48:00,229.417,229.979,104.000,23.000,229.35,229.40,7500.000,12500.000,230.00,230.20,508.000,110.000,229.25,229.45,5000.000,5000.000,229.95,230.25,11694.000,6167.000,22500.000,50000.000,229.125,229.584,229.900,230.322,-0.725,-0.667
2017-03-28 12:49:00,229.424,230.033,621.000,449.000,229.25,229.45,7500.000,5000.000,230.00,230.15,811.000,893.000,229.20,229.50,2500.000,10000.000,229.95,230.20,16371.000,9777.000,22500.000,30000.000,229.095,229.580,229.883,230.254,-0.725,-0.671
2017-03-28 12:50:00,229.417,230.052,70.000,602.000,229.40,229.50,2500.000,5000.000,230.05,230.20,110.000,249.000,229.30,229.55,15000.000,5000.000,230.00,230.25,9599.000,12419.000,27500.000,37500.000,229.165,229.642,229.950,230.337,-0.675,-0.671
2017-03-28 12:51:00,228.939,229.729,467.000,658.000,228.80,228.95,2500.000,2500.000,229.65,229.75,3188.000,2185.000,228.75,229.00,2500.000,7500.000,229.60,229.80,18829.000,9481.000,17500.000,17500.000,228.677,229.078,229.543,229.857,-0.825,-0.651
2017-03-28 12:52:00,229.034,229.687,68.000,771.000,228.90,229.00,5000.000,2500.000,229.65,229.75,278.000,1018.000,228.80,229.05,2500.000,2500.000,229.60,229.80,18718.000,6824.000,22500.000,25000.000,228.709,229.114,229.550,229.860,-0.750,-0.660
2017-03-28 12:53:00,228.968,229.615,1146.000,16.000,228.85,228.95,2500.000,5000.000,229.60,229.75,2085.000,1.000,228.80,229.00,2500.000,5000.000,229.55,229.80,14328.000,6283.000,15000.000,27500.000,228.699,229.133,229.458,229.855,-0.775,-0.667
2017-03-28 12:54:00,229.010,229.640,138.000,500.000,228.90,229.00,2500.000,10000.000,229.65,229.80,1057.000,1127.000,228.85,229.05,2500.000,7500.000,229.60,229.85,14058.000,7926.000,12500.000,40000.000,228.746,229.145,229.550,229.891,-0.775,-0.654
2017-03-28 12:55:00,229.047,229.684,1706.000,700.000,228.90,229.00,2500.000,5000.000,229.75,229.80,4276.000,3.000,228.85,229.05,2500.000,2500.000,229.60,229.85,24052.000,5908.000,15000.000,32500.000,228.778,229.158,229.558,229.938,-0.825,-0.643
2017-03-28 12:56:00,228.926,229.615,107.000,62.000,228.95,229.05,5000.000,5000.000,229.60,229.80,1492.000,326.000,228.90,229.10,2500.000,7500.000,229.55,229.85,5858.000,10432.000,17500.000,32500.000,228.823,229.216,229.500,229.908,-0.700,-0.634
2017-03-28 12:57:00,228.893,229.589,628.000,264.000,228.90,229.00,2500.000,12500.000,229.55,229.75,300.000,414.000,228.85,229.05,5000.000,2500.000,229.50,229.80,3966.000,6442.000,15000.000,30000.000,228.793,229.138,229.458,229.838,-0.700,-0.624
2017-03-28 12:58:00,228.934,229.617,117.000,200.000,228.95,229.00,5000.000,2500.000,229.60,229.80,848.000,467.000,228.90,229.10,2500.000,10000.000,229.55,229.85,5795.000,10603.000,17500.000,35000.000,228.795,229.212,229.514,229.918,-0.725,-0.616
2017-03-28 12:59:00,229.033,229.597,1004.000,86.000,228.90,229.00,5000.000,2500.000,229.60,229.75,300.000,60.000,228.85,229.05,2500.000,5000.000,229.55,229.80,13931.000,5964.000,17500.000,32500.000,228.738,229.169,229.514,229.881,-0.725,-0.627
2017-03-28 13:00:00,229.026,229.607,588.000,83.000,228.90,229.00,7500.000,2500.000,229.60,229.75,481.000,50.000,228.85,229.05,2500.000,5000.000,229.55,229.80,11447.000,5592.000,20000.000,32500.000,228.727,229.173,229.494,229.865,-0.725,-0.621
2017-03-28 13:01:00,229.141,229.786,302.000,2.000,229.00,229.10,2500.000,5000.000,229.75,229.90,611.000,83.000,228.90,229.15,5000.000,2500.000,229.70,229.95,18205.000,5012.000,22500.000,32500.000,228.815,229.252,229.611,230.019,-0.775,-0.618
2017-03-28 13:02:00,229.144,229.792,1062.000,394.000,229.00,229.15,5000.000,2500.000,229.80,229.95,854.000,750.000,228.95,229.20,2500.000,10000.000,229.75,230.00,18901.000,8069.000,22500.000,40000.000,228.877,229.309,229.661,230.069,-0.800,-0.616
2017-03-28 13:03:00,229.136,229.777,748.000,3.000,229.00,229.15,2500.000,2500.000,229.80,229.95,574.000,815.000,228.95,229.20,2500.000,10000.000,229.75,230.00,16828.000,8032.000,20000.000,40000.000,228.868,229.318,229.644,230.075,-0.800,-0.616
2017-03-28 13:04:00,229.146,229.767,5130.000,64.000,229.10,229.20,2500.000,2500.000,229.80,229.95,150.000,868.000,229.05,229.25,2500.000,10000.000,229.75,230.00,11829.000,9857.000,20000.000,45000.000,228.994,229.344,229.644,230.075,-0.725,-0.598
2017-03-28 13:05:00,229.211,229.762,3386.000,27.000,229.10,229.20,2500.000,7500.000,229.80,229.95,110.000,1007.000,229.05,229.25,5000.000,10000.000,229.75,230.00,14968.000,7766.000,17500.000,47500.000,228.960,229.337,229.693,230.066,-0.725,-0.630
2017-03-28 13:06:00,229.198,229.828,3298.000,2855.000,229.10,229.20,5000.000,2500.000,229.85,229.95,910.000,440.000,229.05,229.25,5000.000,12500.000,229.80,230.00,17430.000,9992.000,20000.000,37500.000,228.986,229.305,229.762,230.067,-0.750,-0.648
2017-03-28 13:07:00,229.223,229.860,3454.000,2850.000,229.15,229.20,7500.000,2500.000,229.90,229.95,922.000,390.000,229.10,229.25,5000.000,12500.000,229.80,230.00,18204.000,9818.000,27500.000,37500.000,229.032,229.305,229.786,230.067,-0.750,-0.671
2017-03-28 13:08:00,229.166,229.809,204.000,2096.000,229.15,229.30,2500.000,5000.000,229.85,230.00,226.000,858.000,229.10,229.35,2500.000,2500.000,229.80,230.05,6896.000,13588.000,15000.000,42500.000,228.978,229.439,229.733,230.121,-0.700,-0.679
2017-03-28 13:09:00,229.251,229.783,909.000,289.000,229.10,229.25,5000.000,5000.000,229.85,230.00,642.000,1232.000,229.05,229.30,2500.000,2500.000,229.80,230.05,17003.000,8683.000,15000.000,50000.000,228.926,229.389,229.750,230.127,-0.750,-0.706
2017-03-28 13:10:00,228.857,229.565,25.000,863.000,228.80,228.90,5000.000,2500.000,229.55,229.70,27.000,657.000,228.75,228.95,5000.000,2500.000,229.50,229.75,9099.000,9681.000,17500.000,25000.000,228.649,229.025,229.457,229.815,-0.775,-0.694
2017-03-28 13:11:00,228.881,229.603,25.000,62.000,228.80,228.85,2500.000,2500.000,229.60,229.70,5110.000,63.000,228.70,228.90,2500.000,5000.000,229.55,229.75,19434.000,6269.000,12500.000,25000.000,228.627,229.008,229.500,229.820,-0.825,-0.701
2017-03-28 13:12:00,228.939,229.690,5116.000,3.000,228.85,228.90,5000.000,7500.000,229.65,229.85,7666.000,221.000,228.75,228.95,5000.000,2500.000,229.60,229.90,22134.000,2829.000,20000.000,30000.000,228.735,229.051,229.531,229.946,-0.875,-0.683
2017-03-28 13:13:00,228.825,229.504,133.000,465.000,228.70,228.75,2500.000,5000.000,229.45,229.60,142.000,1624.000,228.60,228.80,2500.000,2500.000,229.40,229.65,17657.000,4925.000,15000.000,17500.000,228.498,228.857,229.308,229.693,-0.800,-0.685
2017-03-28 13:14:00,228.827,229.497,109.000,925.000,228.60,228.75,2500.000,12500.000,229.45,229.60,3575.000,958.000,228.55,228.80,2500.000,2500.000,229.40,229.65,26279.000,4393.000,17500.000,27500.000,228.467,228.856,229.300,229.677,-0.850,-0.701
2017-03-28 13:15:00,228.983,229.629,720.000,8.000,228.70,228.80,5000.000,2500.000,229.55,229.75,2637.000,277.000,228.65,228.95,12500.000,5000.000,229.50,229.80,31010.000,4083.000,25000.000,22500.000,228.560,229.032,229.470,229.861,-0.900,-0.718
2017-03-28 13:16:00,228.938,229.698,594.000,1145.000,228.85,228.95,7500.000,5000.000,229.60,229.80,199.000,1343.000,228.80,229.00,7500.000,7500.000,229.55,229.85,7794.000,6888.000,32500.000,27500.000,228.687,229.059,229.515,229.895,-0.800,-0.706
2017-03-28 13:17:00,228.967,229.625,1090.000,937.000,228.85,228.90,2500.000,10000.000,229.60,229.75,119.000,488.000,228.80,228.95,5000.000,7500.000,229.55,229.80,8775.000,4147.000,22500.000,37500.000,228.682,228.996,229.494,229.840,-0.800,-0.722
2017-03-28 13:18:00,228.925,229.616,45.000,914.000,228.80,228.90,2500.000,7500.000,229.55,229.70,100.000,633.000,228.75,228.95,7500.000,10000.000,229.50,229.75,11281.000,7113.000,25000.000,30000.000,228.614,229.031,229.380,229.779,-0.775,-0.735
2017-03-28 13:19:00,228.928,229.678,428.000,1467.000,228.75,228.95,2500.000,5000.000,229.60,229.75,848.000,1873.000,228.70,229.00,5000.000,5000.000,229.55,229.80,19310.000,10181.000,32500.000,25000.000,228.613,229.074,229.427,229.855,-0.825,-0.736
2017-03-28 13:20:00,228.887,229.617,39.000,128.000,228.75,228.80,2500.000,7500.000,229.60,229.70,735.000,63.000,228.70,228.90,10000.000,7500.000,229.50,229.75,20045.000,7373.000,25000.000,27500.000,228.606,229.003,229.410,229.782,-0.875,-0.759
2017-03-28 13:21:00,228.912,229.613,109.000,128.000,228.70,228.80,2500.000,5000.000,229.55,229.70,305.000,113.000,228.65,228.90,10000.000,7500.000,229.50,229.75,30926.000,7509.000,25000.000,25000.000,228.550,229.003,229.405,229.790,-0.875,-0.761
2017-03-28 13:22:00,228.829,229.568,21.000,993.000,228.70,228.80,2500.000,5000.000,229.55,229.65,10555.000,330.000,228.60,228.85,7500.000,7500.000,229.50,229.70,34539.000,8939.000,17500.000,25000.000,228.536,228.955,229.457,229.740,-0.850,-0.761
2017-03-28 13:23:00,228.874,229.628,100.000,1044.000,228.75,228.80,5000.000,2500.000,229.55,229.70,76.000,331.000,228.70,228.90,12500.000,7500.000,229.50,229.75,20156.000,11276.000,42500.000,25000.000,228.586,228.972,229.341,229.810,-0.850,-0.740
2017-03-28 13:24:00,229.040,229.796,504.000,59.000,228.90,229.05,15000.000,5000.000,229.75,229.95,1784.000,839.000,228.85,229.10,2500.000,5000.000,229.70,230.00,17888.000,8140.000,35000.000,32500.000,228.770,229.217,229.618,230.069,-0.875,-0.717
2017-03-28 13:25:00,229.027,229.870,3138.000,853.000,228.85,229.05,12500.000,2500.000,229.75,229.90,3058.000,620.000,228.80,229.10,2500.000,7500.000,229.70,229.95,25228.000,10054.000,42500.000,25000.000,228.743,229.200,229.597,230.015,-0.875,-0.701
2017-03-28 13:26:00,228.880,229.594,3116.000,15.000,228.70,228.85,2500.000,2500.000,229.55,229.70,1062.000,1425.000,228.65,228.90,2500.000,5000.000,229.50,229.75,19252.000,6463.000,17500.000,22500.000,228.566,228.979,229.386,229.806,-0.850,-0.697
2017-03-28 13:27:00,228.861,229.600,1649.000,616.000,228.70,228.85,2500.000,2500.000,229.55,229.70,575.000,1365.000,228.65,228.90,2500.000,5000.000,229.50,229.75,16428.000,7704.000,17500.000,20000.000,228.557,228.971,229.386,229.819,-0.850,-0.709
2017-03-28 13:28:00,228.934,229.581,114.000,1384.000,228.80,228.90,5000.000,2500.000,229.60,229.75,3387.000,449.000,228.70,228.95,2500.000,5000.000,229.55,229.80,13774.000,5207.000,15000.000,30000.000,228.618,228.991,229.500,229.871,-0.825,-0.737
2017-03-28 13:29:00,228.967,229.607,739.000,258.000,228.75,228.90,2500.000,5000.000,229.60,229.80,612.000,53.000,228.70,228.95,5000.000,5000.000,229.55,229.85,12575.000,2580.000,15000.000,35000.000,228.609,229.043,229.492,229.900,-0.875,-0.751
2017-03-28 13:30:00,228.801,229.566,372.000,377.000,228.75,228.85,5000.000,2500.000,229.50,229.70,488.000,280.000,228.70,228.90,2500.000,10000.000,229.45,229.75,5517.000,5687.000,22500.000,32500.000,228.603,228.989,229.356,229.815,-0.800,-0.753
2017-03-28 13:31:00,228.892,229.585,871.000,24.000,228.75,228.85,2500.000,2500.000,229.60,229.75,402.000,230.000,228.70,228.90,2500.000,5000.000,229.55,229.80,14907.000,4773.000,15000.000,27500.000,228.614,229.002,229.483,229.877,-0.875,-0.775
2017-03-28 13:32:00,228.778,229.577,952.000,82.000,228.75,228.85,7500.000,2500.000,229.50,229.65,758.000,1478.000,228.70,228.90,2500.000,2500.000,229.45,229.70,7405.000,9182.000,20000.000,17500.000,228.611,228.993,229.412,229.757,-0.775,-0.746
2017-03-28 13:33:00,228.775,229.563,200.000,2006.000,228.80,228.85,5000.000,5000.000,229.50,229.65,504.000,1210.000,228.75,228.90,2500.000,5000.000,229.45,229.70,4238.000,10638.000,22500.000,25000.000,228.640,228.969,229.356,229.750,-0.750,-0.704
2017-03-28 13:34:00,228.831,229.541,559.000,39.000,228.75,228.85,2500.000,2500.000,229.55,229.65,502.000,1046.000,228.70,228.90,5000.000,2500.000,229.50,229.70,10577.000,8376.000,15000.000,27500.000,228.587,228.999,229.458,229.768,-0.800,-0.675
2017-03-28 13:35:00,228.781,229.553,60.000,1162.000,228.75,228.85,2500.000,2500.000,229.50,229.65,437.000,657.000,228.70,228.90,2500.000,10000.000,229.45,229.70,6404.000,9613.000,20000.000,27500.000,228.567,228.986,229.338,229.745,-0.775,-0.644
2017-03-28 13:36:00,228.751,229.555,60.000,21.000,228.75,228.80,2500.000,2500.000,229.50,229.60,137.000,935.000,228.70,228.85,5000.000,2500.000,229.45,229.65,6613.000,9299.000,27500.000,25000.000,228.564,228.966,229.359,229.710,-0.775,-0.621
2017-03-28 13:37:00,228.437,229.094,1949.000,124.000,228.35,228.50,2500.000,2500.000,229.05,229.15,762.000,50.000,228.30,228.55,12500.000,10000.000,229.00,229.20,7715.000,5874.000,22500.000,20000.000,228.247,228.630,228.950,229.231,-0.675,-0.641
2017-03-28 13:38:00,228.232,228.808,480.000,45.000,228.20,228.30,5000.000,2500.000,228.80,228.90,668.000,2377.000,228.15,228.35,2500.000,12500.000,228.75,228.95,9562.000,12781.000,15000.000,30000.000,228.043,228.436,228.717,229.017,-0.600,-0.664
2017-03-28 13:39:00,228.072,228.637,1055.000,20.000,227.95,228.00,5000.000,2500.000,228.70,228.85,1526.000,800.000,227.90,228.10,2500.000,12500.000,228.65,228.90,10728.000,4032.000,15000.000,35000.000,227.822,228.200,228.533,228.982,-0.800,-0.696
2017-03-28 13:40:00,227.798,228.417,550.000,67.000,227.60,227.75,5000.000,5000.000,228.40,228.55,1612.000,360.000,227.55,227.80,2500.000,10000.000,228.35,228.60,13173.000,3922.000,17500.000,32500.000,227.444,227.916,228.314,228.650,-0.800,-0.716
2017-03-28 13:41:00,227.493,228.178,1101.000,16.000,227.45,227.50,5000.000,5000.000,228.15,228.30,2147.000,103.000,227.40,227.60,5000.000,5000.000,228.10,228.35,9056.000,7356.000,20000.000,25000.000,227.319,227.732,228.006,228.395,-0.750,-0.715
2017-03-28 13:42:00,227.493,228.252,507.000,464.000,227.50,227.65,7500.000,7500.000,228.20,228.40,158.000,529.000,227.45,227.70,7500.000,5000.000,228.15,228.45,4253.000,8157.000,25000.000,27500.000,227.395,227.794,228.095,228.505,-0.725,-0.700
2017-03-28 13:43:00,227.530,228.222,1161.000,40.000,227.45,227.50,7500.000,10000.000,228.15,228.35,2501.000,113.000,227.40,227.60,7500.000,2500.000,228.10,228.40,9230.000,4906.000,22500.000,22500.000,227.323,227.735,228.050,228.428,-0.775,-0.693
2017-03-28 13:44:00,227.447,228.174,10.000,60.000,227.50,227.55,7500.000,2500.000,228.15,228.25,802.000,625.000,227.45,227.60,7500.000,5000.000,228.10,228.30,5725.000,10675.000,22500.000,20000.000,227.383,227.721,228.067,228.375,-0.675,-0.684
2017-03-28 13:45:00,227.635,228.353,17.000,1187.000,227.60,227.70,2500.000,5000.000,228.30,228.45,60.000,1074.000,227.55,227.75,2500.000,10000.000,228.25,228.50,5322.000,7850.000,17500.000,27500.000,227.431,227.823,228.179,228.536,-0.725,-0.699
2017-03-28 13:46:00,227.588,228.269,10.000,856.000,227.60,227.65,2500.000,5000.000,228.25,228.30,3040.000,1206.000,227.50,227.70,7500.000,2500.000,228.20,228.35,10243.000,12277.000,22500.000,22500.000,227.427,227.770,228.133,228.406,-0.650,-0.722
2017-03-28 13:47:00,227.642,228.324,93.000,2.000,227.60,227.70,5000.000,2500.000,228.30,228.45,75.000,110.000,227.55,227.75,5000.000,7500.000,228.25,228.50,6373.000,6710.000,20000.000,27500.000,227.437,227.868,228.188,228.555,-0.725,-0.730
2017-03-28 13:48:00,227.538,228.195,871.000,71.000,227.50,227.55,2500.000,5000.000,228.20,228.35,615.000,300.000,227.45,227.60,2500.000,2500.000,228.15,228.40,4901.000,4026.000,17500.000,30000.000,227.396,227.742,228.071,228.475,-0.750,-0.741
2017-03-28 13:49:00,227.676,228.357,588.000,4.000,227.55,227.65,5000.000,7500.000,228.30,228.50,1221.000,110.000,227.50,227.75,7500.000,10000.000,228.25,228.55,11221.000,6412.000,22500.000,32500.000,227.401,227.871,228.211,228.581,-0.800,-0.754
2017-03-28 13:50:00,227.642,228.439,1098.000,1415.000,227.60,227.80,2500.000,2500.000,228.40,228.50,1149.000,2739.000,227.55,227.85,5000.000,2500.000,228.35,228.55,11835.000,19307.000,25000.000,30000.000,227.463,227.938,228.280,228.613,-0.750,-0.757
2017-03-28 13:51:00,227.591,228.384,2785.000,974.000,227.60,227.80,5000.000,12500.000,228.35,228.55,583.000,324.000,227.55,227.85,5000.000,7500.000,228.30,228.60,8068.000,16198.000,22500.000,50000.000,227.508,227.959,228.256,228.670,-0.750,-0.763
2017-03-28 13:52:00,227.649,228.372,188.000,454.000,227.60,227.75,5000.000,2500.000,228.35,228.50,614.000,986.000,227.55,227.80,5000.000,7500.000,228.30,228.55,7087.000,9850.000,22500.000,35000.000,227.442,227.888,228.256,228.607,-0.750,-0.766
2017-03-28 13:53:00,227.755,228.469,1881.000,3306.000,227.65,227.85,2500.000,10000.000,228.50,228.60,1021.000,451.000,227.60,227.90,5000.000,5000.000,228.40,228.65,17193.000,16442.000,20000.000,45000.000,227.528,227.972,228.350,228.697,-0.800,-0.793
2017-03-28 13:54:00,227.775,228.517,300.000,20.000,227.70,227.75,2500.000,5000.000,228.50,228.65,1981.000,4.000,227.65,227.85,2500.000,2500.000,228.45,228.70,17017.000,11533.000,15000.000,30000.000,227.553,227.977,228.400,228.758,-0.850,-0.828
2017-03-28 13:55:00,227.604,228.416,228.000,53.000,227.55,227.65,2500.000,5000.000,228.35,228.50,121.000,2480.000,227.50,227.70,5000.000,7500.000,228.30,228.55,6603.000,8540.000,22500.000,25000.000,227.383,227.761,228.239,228.590,-0.825,-0.812
2017-03-28 13:56:00,227.610,228.432,755.000,9.000,227.50,227.60,2500.000,2500.000,228.40,228.50,5337.000,3.000,227.45,227.65,5000.000,5000.000,228.35,228.55,18985.000,8611.000,20000.000,22500.000,227.376,227.740,228.281,228.600,-0.900,-0.820
2017-03-28 13:57:00,227.720,228.462,1320.000,28.000,227.65,227.70,7500.000,2500.000,228.40,228.60,799.000,80.000,227.55,227.75,7500.000,10000.000,228.35,228.65,10648.000,4403.000,27500.000,35000.000,227.471,227.859,228.314,228.707,-0.825,-0.819
2017-03-28 13:58:00,227.668,228.514,245.000,547.000,227.75,227.80,5000.000,7500.000,228.45,228.60,50.000,449.000,227.70,227.85,5000.000,7500.000,228.40,228.65,3327.000,12327.000,25000.000,30000.000,227.578,227.965,228.345,228.696,-0.750,-0.817
2017-03-28 13:59:00,227.651,228.571,85.000,175.000,227.75,227.80,2500.000,2500.000,228.50,228.70,110.000,50.000,227.70,227.85,10000.000,12500.000,228.45,228.75,2774.000,9951.000,20000.000,27500.000,227.590,227.985,228.419,228.782,-0.825,-0.779
2017-03-28 14:00:00,227.840,228.568,320.000,258.000,227.65,227.70,10000.000,5000.000,228.45,228.65,523.000,207.000,227.60,227.80,5000.000,5000.000,228.40,228.70,13133.000,3259.000,30000.000,25000.000,227.473,227.900,228.354,228.745,-0.875,-0.781
2017-03-28 14:01:00,227.663,228.527,264.000,1949.000,227.60,227.80,7500.000,2500.000,228.45,228.60,928.000,1888.000,227.55,227.85,10000.000,2500.000,228.40,228.65,11240.000,15218.000,32500.000,22500.000,227.460,227.942,228.342,228.700,-0.825,-0.769
2017-03-28 14:02:00,227.740,228.478,1.000,1392.000,227.55,227.70,2500.000,2500.000,228.40,228.55,117.000,1087.000,227.50,227.75,2500.000,5000.000,228.35,228.60,11866.000,5966.000,20000.000,20000.000,227.370,227.789,228.281,228.650,-0.850,-0.789
2017-03-28 14:03:00,227.610,228.444,148.000,224.000,227.55,227.65,2500.000,5000.000,228.35,228.55,47.000,414.000,227.50,227.70,5000.000,5000.000,228.30,228.60,4237.000,4332.000,20000.000,22500.000,227.374,227.802,228.244,228.644,-0.850,-0.767
2017-03-28 14:04:00,227.766,228.496,502.000,3.000,227.60,227.75,10000.000,2500.000,228.45,228.65,1692.000,257.000,227.55,227.80,7500.000,7500.000,228.40,228.70,14146.000,4882.000,30000.000,32500.000,227.466,227.923,228.350,228.765,-0.875,-0.755
2017-03-28 14:05:00,227.798,228.535,583.000,5.000,227.60,227.70,12500.000,2500.000,228.45,228.65,689.000,53.000,227.55,227.75,10000.000,5000.000,228.40,228.70,16642.000,1901.000,35000.000,32500.000,227.462,227.856,228.375,228.769,-0.900,-0.747
2017-03-28 14:06:00,227.830,228.635,101.000,617.000,227.70,227.80,2500.000,2500.000,228.55,228.70,2500.000,443.000,227.65,227.85,10000.000,10000.000,228.50,228.75,19402.000,8440.000,32500.000,25000.000,227.546,227.956,228.415,228.795,-0.875,-0.714
2017-03-28 14:07:00,227.851,228.689,2766.000,85.000,227.75,227.80,7500.000,2500.000,228.60,228.75,3498.000,238.000,227.70,227.90,12500.000,5000.000,228.55,228.80,21180.000,8949.000,32500.000,22500.000,227.641,227.990,228.519,228.844,-0.900,-0.689
2017-03-28 14:08:00,228.227,228.953,2711.000,214.000,228.05,228.15,5000.000,2500.000,228.90,229.05,287.000,160.000,228.00,228.20,10000.000,5000.000,228.85,229.10,13807.000,1802.000,25000.000,22500.000,227.932,228.285,228.815,229.167,-0.875,-0.689
2017-03-28 14:09:00,228.321,228.993,490.000,360.000,228.15,228.20,5000.000,2500.000,228.95,229.05,1083.000,862.000,228.10,228.30,10000.000,2500.000,228.90,229.10,10558.000,3339.000,27500.000,22500.000,227.991,228.343,228.873,229.172,-0.825,-0.695
2017-03-28 14:10:00,228.249,228.945,722.000,450.000,228.10,228.15,10000.000,2500.000,228.90,229.05,160.000,674.000,228.05,228.20,7500.000,2500.000,228.85,229.10,12660.000,2438.000,27500.000,25000.000,227.950,228.265,228.809,229.170,-0.850,-0.697
2017-03-28 14:11:00,228.263,228.903,1149.000,674.000,228.05,228.20,5000.000,2500.000,228.85,229.00,1140.000,342.000,228.00,228.25,5000.000,5000.000,228.80,229.05,9980.000,2829.000,20000.000,20000.000,227.898,228.300,228.750,229.100,-0.800,-0.724
2017-03-28 14:12:00,228.244,228.956,1153.000,1388.000,228.05,228.20,7500.000,2500.000,228.90,229.00,1440.000,342.000,228.00,228.25,5000.000,5000.000,228.85,229.05,12728.000,3721.000,22500.000,17500.000,227.925,228.283,228.806,229.100,-0.825,-0.740
2017-03-28 14:13:00,228.308,229.034,509.000,679.000,228.15,228.20,5000.000,2500.000,229.00,229.15,1134.000,3.000,228.10,228.25,7500.000,5000.000,228.95,229.20,17105.000,1684.000,25000.000,30000.000,228.016,228.316,228.920,229.279,-0.900,-0.766
2017-03-28 14:14:00,228.377,229.078,724.000,3.000,228.20,228.25,2500.000,5000.000,229.05,229.20,636.000,8.000,228.15,228.30,10000.000,10000.000,229.00,229.25,14437.000,731.000,22500.000,35000.000,228.055,228.419,228.961,229.307,-0.900,-0.800
2017-03-28 14:15:00,228.481,229.184,120.000,865.000,228.35,228.45,5000.000,5000.000,229.10,229.25,407.000,1834.000,228.25,228.50,5000.000,5000.000,229.05,229.30,9159.000,4912.000,25000.000,22500.000,228.134,228.529,228.990,229.361,-0.775,-0.833
2017-03-28 14:16:00,228.567,229.345,912.000,25.000,228.40,228.55,5000.000,2500.000,229.25,229.40,1291.000,100.000,228.35,228.60,7500.000,2500.000,229.20,229.45,13414.000,4575.000,27500.000,20000.000,228.264,228.731,229.123,229.506,-0.850,-0.843
2017-03-28 14:17:00,228.867,229.656,899.000,1022.000,228.70,228.90,5000.000,2500.000,229.60,229.70,910.000,586.000,228.65,228.95,7500.000,5000.000,229.55,229.75,20037.000,12994.000,22500.000,20000.000,228.564,228.994,229.522,229.806,-0.850,-0.852
2017-03-28 14:18:00,228.800,229.661,519.000,99.000,228.80,228.85,2500.000,7500.000,229.60,229.70,60.000,1880.000,228.70,228.90,2500.000,2500.000,229.55,229.75,10902.000,12358.000,22500.000,22500.000,228.593,228.985,229.472,229.778,-0.825,-0.814
2017-03-28 14:19:00,228.703,229.572,20.000,1499.000,228.75,228.80,2500.000,2500.000,229.50,229.65,367.000,60.000,228.65,228.85,2500.000,15000.000,229.45,229.70,8198.000,13326.000,20000.000,25000.000,228.530,228.967,229.394,229.725,-0.800,-0.784
2017-03-28 14:20:00,228.688,229.555,577.000,1412.000,228.70,228.80,7500.000,5000.000,229.45,229.65,268.000,78.000,228.65,228.90,10000.000,5000.000,229.40,229.70,5942.000,14422.000,27500.000,25000.000,228.549,228.984,229.373,229.735,-0.800,-0.763
2017-03-28 14:21:00,228.565,229.395,158.000,1422.000,228.70,228.80,5000.000,7500.000,229.35,229.55,60.000,519.000,228.60,228.85,5000.000,5000.000,229.30,229.60,3046.000,15406.000,20000.000,30000.000,228.484,228.969,229.213,229.642,-0.700,-0.729
2017-03-28 14:22:00,228.655,229.486,308.000,1326.000,228.70,228.80,2500.000,2500.000,229.45,229.60,61.000,60.000,228.65,228.85,5000.000,5000.000,229.40,229.65,5326.000,12836.000,17500.000,27500.000,228.538,228.973,229.350,229.709,-0.775,-0.712
2017-03-28 14:23:00,228.798,229.469,1124.000,318.000,228.80,228.90,5000.000,2500.000,229.55,229.65,2610.000,381.000,228.75,228.95,10000.000,12500.000,229.50,229.70,8684.000,15487.000,25000.000,60000.000,228.693,229.019,229.430,229.765,-0.750,-0.722
2017-03-28 14:24:00,229.023,229.745,883.000,294.000,228.95,229.15,2500.000,2500.000,229.65,229.80,130.000,3402.000,228.90,229.20,2500.000,7500.000,229.60,229.85,8313.000,11951.000,25000.000,25000.000,228.806,229.265,229.470,229.900,-0.675,-0.724
2017-03-28 14:25:00,228.736,229.493,839.000,304.000,228.55,228.75,2500.000,5000.000,229.40,229.55,582.000,225.000,228.50,228.80,2500.000,5000.000,229.35,229.60,13190.000,7079.000,35000.000,22500.000,228.388,228.893,229.096,229.639,-0.825,-0.723
2017-03-28 14:26:00,228.637,229.298,379.000,257.000,228.65,228.75,2500.000,2500.000,229.40,229.55,131.000,225.000,228.60,228.80,2500.000,5000.000,229.35,229.60,3773.000,6500.000,12500.000,37500.000,228.498,228.917,229.250,229.697,-0.775,-0.756
2017-03-28 14:27:00,228.883,229.629,157.000,478.000,228.85,228.90,2500.000,5000.000,229.55,229.75,582.000,500.000,228.80,229.00,10000.000,5000.000,229.50,229.80,4307.000,5501.000,20000.000,22500.000,228.697,229.083,229.469,229.850,-0.775,-0.751
2017-03-28 14:28:00,228.780,229.502,704.000,324.000,228.80,228.95,10000.000,2500.000,229.50,229.65,419.000,2257.000,228.75,229.00,5000.000,5000.000,229.45,229.70,4861.000,12670.000,25000.000,37500.000,228.675,229.083,229.415,229.780,-0.700,-0.755
2017-03-28 14:29:00,228.872,229.607,1038.000,5.000,228.80,228.85,5000.000,7500.000,229.55,229.75,911.000,690.000,228.75,228.90,7500.000,7500.000,229.50,229.80,5609.000,2468.000,22500.000,30000.000,228.692,228.973,229.439,229.842,-0.825,-0.748
2017-03-28 14:30:00,228.879,229.629,285.000,690.000,228.85,228.90,5000.000,7500.000,229.60,229.75,1029.000,113.000,228.75,228.95,2500.000,5000.000,229.55,229.80,7692.000,6000.000,20000.000,32500.000,228.654,229.043,229.512,229.850,-0.800,-0.748
2017-03-28 14:31:00,228.713,229.541,380.000,1.000,228.75,228.80,2500.000,5000.000,229.50,229.65,60.000,1.000,228.70,228.85,5000.000,5000.000,229.45,229.70,5608.000,9196.000,17500.000,25000.000,228.613,228.974,229.371,229.745,-0.800,-0.729
2017-03-28 14:32:00,228.689,229.411,65.000,1214.000,228.75,228.85,5000.000,7500.000,229.40,229.55,1022.000,4742.000,228.70,228.90,2500.000,5000.000,229.35,229.60,3971.000,18802.000,22500.000,32500.000,228.609,228.975,229.228,229.658,-0.675,-0.736
2017-03-28 14:33:00,228.687,229.429,184.000,2.000,228.75,228.80,5000.000,5000.000,229.40,229.55,571.000,1000.000,228.70,228.85,2500.000,2500.000,229.35,229.60,5458.000,14666.000,22500.000,25000.000,228.614,228.956,229.228,229.670,-0.700,-0.713
2017-03-28 14:34:00,228.697,229.395,196.000,500.000,228.75,228.85,2500.000,2500.000,229.40,229.55,571.000,1998.000,228.70,228.90,2500.000,2500.000,229.35,229.60,4084.000,16037.000,20000.000,27500.000,228.596,228.981,229.200,229.691,-0.675,-0.706
2017-03-28 14:35:00,228.623,229.371,249.000,874.000,228.65,228.80,2500.000,2500.000,229.35,229.45,886.000,3588.000,228.60,228.85,2500.000,2500.000,229.30,229.50,6437.000,18192.000,15000.000,20000.000,228.519,228.937,229.250,229.562,-0.675,-0.690
2017-03-28 14:36:00,228.598,229.332,1656.000,20.000,228.60,228.75,2500.000,2500.000,229.35,229.45,2238.000,1269.000,228.55,228.80,2500.000,5000.000,229.30,229.50,7224.000,12015.000,15000.000,32500.000,228.519,228.891,229.242,229.596,-0.725,-0.691
2017-03-28 14:37:00,228.587,229.346,726.000,1335.000,228.60,228.75,2500.000,2500.000,229.35,229.45,2130.000,4269.000,228.55,228.80,2500.000,5000.000,229.30,229.50,6012.000,14490.000,12500.000,22500.000,228.508,228.869,229.240,229.556,-0.725,-0.673
2017-03-28 14:38:00,228.538,229.165,366.000,274.000,228.55,228.60,5000.000,2500.000,229.15,229.30,293.000,2660.000,228.50,228.65,2500.000,7500.000,229.10,229.35,5665.000,14878.000,22500.000,37500.000,228.406,228.748,229.061,229.420,-0.650,-0.706
2017-03-28 14:39:00,228.524,229.184,736.000,300.000,228.50,228.55,2500.000,22500.000,229.20,229.30,739.000,974.000,228.45,228.60,7500.000,5000.000,229.15,229.35,8248.000,7418.000,17500.000,55000.000,228.343,228.687,229.114,229.380,-0.725,-0.726
2017-03-28 14:40:00,228.505,229.175,133.000,1414.000,228.55,228.60,5000.000,7500.000,229.15,229.35,636.000,908.000,228.50,228.65,2500.000,12500.000,229.10,229.40,3433.000,10797.000,15000.000,35000.000,228.403,228.722,229.067,229.436,-0.675,-0.744
2017-03-28 14:41:00,228.484,229.218,346.000,67.000,228.50,228.55,2500.000,7500.000,229.20,229.35,400.000,1000.000,228.45,228.60,5000.000,7500.000,229.15,229.40,4726.000,6516.000,17500.000,30000.000,228.376,228.704,229.079,229.446,-0.750,-0.765
2017-03-28 14:42:00,228.509,229.182,50.000,1405.000,228.55,228.65,5000.000,2500.000,229.20,229.30,1353.000,655.000,228.50,228.70,2500.000,2500.000,229.15,229.35,5189.000,16594.000,20000.000,22500.000,228.410,228.779,229.037,229.417,-0.650,-0.770
2017-03-28 14:43:00,228.548,229.340,571.000,2500.000,228.60,228.75,2500.000,2500.000,229.30,229.40,1844.000,348.000,228.55,228.80,5000.000,2500.000,229.25,229.45,6264.000,21022.000,20000.000,17500.000,228.493,228.894,229.156,229.507,-0.675,-0.738
2017-03-28 14:44:00,228.553,229.312,284.000,2499.000,228.65,228.75,5000.000,2500.000,229.25,229.40,1209.000,878.000,228.60,228.80,5000.000,2500.000,229.20,229.45,3835.000,24061.000,22500.000,17500.000,228.533,228.898,229.100,229.500,-0.625,-0.746
2017-03-28 14:45:00,228.617,229.377,29.000,3838.000,228.70,228.80,2500.000,2500.000,229.30,229.45,123.000,1229.000,228.65,228.85,5000.000,2500.000,229.25,229.50,2660.000,20217.000,17500.000,15000.000,228.547,228.927,229.150,229.550,-0.625,-0.726
2017-03-28 14:46:00,228.552,229.393,1383.000,1253.000,228.60,228.80,5000.000,5000.000,229.25,229.45,464.000,170.000,228.55,228.85,5000.000,5000.000,229.20,229.50,6426.000,21803.000,30000.000,20000.000,228.496,228.952,229.058,229.531,-0.650,-0.707
2017-03-28 14:47:00,228.627,229.327,29.000,460.000,228.70,228.80,2500.000,2500.000,229.35,229.50,467.000,70.000,228.65,228.85,2500.000,5000.000,229.30,229.55,4931.000,14842.000,12500.000,25000.000,228.560,228.976,229.240,229.635,-0.675,-0.704
2017-03-28 14:48:00,228.608,229.238,189.000,425.000,228.65,228.75,2500.000,5000.000,229.20,229.35,491.000,5940.000,228.60,228.80,7500.000,5000.000,229.00,229.40,3228.000,15100.000,27500.000,22500.000,228.490,228.857,228.955,229.444,-0.575,-0.710
2017-03-28 14:49:00,228.552,229.350,1266.000,3.000,228.60,228.70,2500.000,5000.000,229.20,229.40,681.000,203.000,228.55,228.80,7500.000,7500.000,229.15,229.45,4453.000,13963.000,25000.000,20000.000,228.497,228.890,229.050,229.488,-0.650,-0.678
2017-03-28 14:50:00,228.552,229.215,1110.000,50.000,228.55,228.60,2500.000,2500.000,229.15,229.30,790.000,600.000,228.50,228.65,2500.000,7500.000,229.10,229.35,9586.000,8773.000,20000.000,22500.000,228.434,228.777,228.994,229.389,-0.650,-0.686
2017-03-28 14:51:00,228.432,229.175,748.000,25.000,228.50,228.55,5000.000,5000.000,229.10,229.25,3500.000,520.000,228.45,228.65,5000.000,7500.000,229.05,229.30,6800.000,20891.000,25000.000,25000.000,228.418,228.748,228.915,229.355,-0.650,-0.666
2017-03-28 14:52:00,228.446,229.133,295.000,276.000,228.50,228.60,5000.000,5000.000,229.05,229.20,1118.000,5694.000,228.45,228.65,5000.000,5000.000,229.00,229.25,5810.000,22849.000,30000.000,22500.000,228.353,228.730,228.829,229.283,-0.575,-0.673
2017-03-28 14:53:00,228.522,229.183,303.000,599.000,228.60,228.65,2500.000,2500.000,229.10,229.25,290.000,2117.000,228.55,228.70,2500.000,5000.000,229.05,229.30,2914.000,17318.000,20000.000,17500.000,228.476,228.770,228.881,229.343,-0.550,-0.697
2017-03-28 14:54:00,228.529,229.165,100.000,1033.000,228.60,228.70,5000.000,2500.000,229.10,229.25,418.000,8323.000,228.55,228.75,2500.000,5000.000,229.05,229.30,3589.000,24017.000,15000.000,17500.000,228.462,228.818,229.000,229.371,-0.525,-0.719
2017-03-28 14:55:00,228.515,229.216,142.000,3562.000,228.60,228.70,2500.000,5000.000,229.15,229.30,281.000,159.000,228.55,228.75,2500.000,7500.000,229.10,229.35,3017.000,22094.000,17500.000,22500.000,228.460,228.829,229.000,229.383,-0.575,-0.711
2017-03-28 14:56:00,228.541,229.187,124.000,93.000,228.60,228.65,2500.000,2500.000,229.15,229.30,60.000,3456.000,228.55,228.70,2500.000,7500.000,229.10,229.35,3223.000,12192.000,17500.000,20000.000,228.463,228.774,228.964,229.394,-0.600,-0.723
2017-03-28 14:57:00,228.615,229.334,1166.000,92.000,228.65,228.70,2500.000,7500.000,229.25,229.45,621.000,92.000,228.60,228.75,2500.000,5000.000,229.20,229.50,4929.000,6749.000,17500.000,22500.000,228.543,228.876,229.150,229.533,-0.675,-0.741
2017-03-28 14:58:00,228.376,229.158,493.000,5.000,228.45,228.50,2500.000,2500.000,229.05,229.20,1094.000,89.000,228.35,228.55,5000.000,5000.000,229.00,229.25,4958.000,8208.000,27500.000,17500.000,228.297,228.665,228.882,229.293,-0.650,-0.743
2017-03-28 14:59:00,228.153,228.900,286.000,89.000,228.20,228.25,2500.000,7500.000,228.75,228.95,60.000,3247.000,228.15,228.35,2500.000,5000.000,228.70,229.00,4125.000,14937.000,27500.000,22500.000,228.043,228.430,228.600,229.022,-0.625,-0.753
2017-03-28 15:00:00,228.228,228.886,235.000,25.000,228.15,228.20,7500.000,10000.000,228.80,229.00,728.000,91.000,228.05,228.25,2500.000,5000.000,228.75,229.05,7711.000,3079.000,30000.000,32500.000,227.965,228.344,228.650,229.085,-0.725,-0.792
2017-03-28 15:01:00,228.252,228.960,579.000,101.000,228.20,228.25,5000.000,7500.000,228.85,229.05,466.000,291.000,228.15,228.30,5000.000,10000.000,228.80,229.10,4702.000,3484.000,35000.000,30000.000,228.056,228.390,228.654,229.133,-0.725,-0.813
2017-03-28 15:02:00,228.148,228.955,902.000,89.000,228.10,228.15,2500.000,2500.000,228.85,228.95,263.000,98.000,228.05,228.20,5000.000,2500.000,228.80,229.00,8034.000,4118.000,30000.000,17500.000,227.984,228.332,228.671,229.064,-0.775,-0.782
2017-03-28 15:03:00,228.144,228.940,372.000,102.000,228.15,228.20,2500.000,2500.000,228.90,228.95,916.000,93.000,228.10,228.25,2500.000,2500.000,228.80,229.00,8098.000,10028.000,30000.000,22500.000,227.998,228.374,228.671,229.122,-0.750,-0.786
2017-03-28 15:04:00,228.110,228.904,118.000,98.000,228.25,228.30,2500.000,2500.000,228.90,229.05,71.000,194.000,228.20,228.35,2500.000,2500.000,228.85,229.10,1452.000,12460.000,12500.000,20000.000,228.104,228.479,228.790,229.181,-0.700,-0.793
2017-03-28 15:05:00,228.013,228.867,631.000,9.000,228.10,228.15,5000.000,2500.000,228.75,228.95,223.000,94.000,228.05,228.20,2500.000,7500.000,228.70,229.00,2620.000,5841.000,30000.000,27500.000,227.999,228.344,228.629,229.105,-0.725,-0.771
2017-03-28 15:06:00,228.110,228.921,174.000,36.000,228.15,228.20,2500.000,2500.000,228.80,229.00,182.000,88.000,228.10,228.25,7500.000,2500.000,228.75,229.05,2447.000,3916.000,37500.000,22500.000,228.010,228.385,228.637,229.144,-0.725,-0.792
2017-03-28 15:07:00,228.301,228.953,8.000,89.000,228.15,228.20,2500.000,2500.000,228.90,229.05,473.000,85.000,228.10,228.25,7500.000,2500.000,228.85,229.10,7348.000,970.000,22500.000,22500.000,228.008,228.363,228.800,229.178,-0.800,-0.847
2017-03-28 15:08:00,228.109,228.929,43.000,78.000,228.20,228.25,2500.000,5000.000,228.90,229.05,216.000,182.000,228.15,228.30,7500.000,2500.000,228.85,229.10,2587.000,10286.000,22500.000,30000.000,228.029,228.419,228.800,229.171,-0.750,-0.840
2017-03-28 15:09:00,228.092,228.920,122.000,7.000,228.15,228.20,5000.000,5000.000,228.90,229.00,1017.000,152.000,228.10,228.25,7500.000,5000.000,228.85,229.05,4753.000,9372.000,27500.000,30000.000,228.019,228.379,228.805,229.121,-0.775,-0.829
2017-03-28 15:10:00,228.178,228.923,289.000,85.000,228.10,228.15,2500.000,7500.000,228.90,229.00,201.000,92.000,228.05,228.20,5000.000,7500.000,228.85,229.05,7346.000,3669.000,25000.000,40000.000,227.944,228.330,228.790,229.134,-0.825,-0.842
2017-03-28 15:11:00,227.956,228.873,1474.000,1003.000,228.05,228.10,2500.000,7500.000,228.80,228.90,52.000,200.000,228.00,228.15,2500.000,5000.000,228.70,228.95,2804.000,11746.000,30000.000,25000.000,227.965,228.248,228.625,228.980,-0.775,-0.814
2017-03-28 15:12:00,227.869,228.798,46.000,89.000,228.00,228.05,2500.000,10000.000,228.70,228.85,106.000,50.000,227.95,228.10,2500.000,5000.000,228.65,228.90,1516.000,12411.000,27500.000,32500.000,227.844,228.222,228.586,228.969,-0.750,-0.793
2017-03-28 15:13:00,228.090,228.870,108.000,38.000,228.20,228.25,7500.000,5000.000,228.80,229.00,41.000,467.000,228.15,228.30,7500.000,2500.000,228.75,229.05,1196.000,12582.000,30000.000,27500.000,228.053,228.389,228.688,229.132,-0.675,-0.799
2017-03-28 15:14:00,228.092,228.866,176.000,18.000,228.15,228.20,5000.000,5000.000,228.80,229.00,277.000,52.000,228.10,228.25,7500.000,2500.000,228.75,229.05,3551.000,9139.000,27500.000,27500.000,227.989,228.363,228.677,229.127,-0.725,-0.799
2017-03-28 15:15:00,228.035,228.844,210.000,92.000,228.10,228.15,2500.000,2500.000,228.80,228.90,41.000,66.000,228.05,228.20,5000.000,5000.000,228.75,228.95,3629.000,12486.000,22500.000,22500.000,227.962,228.289,228.661,229.006,-0.725,-0.795
2017-03-28 15:16:00,228.137,228.913,483.000,7.000,228.20,228.25,2500.000,10000.000,228.85,229.00,26.000,2596.000,228.15,228.30,5000.000,2500.000,228.80,229.05,3168.000,12585.000,27500.000,30000.000,228.043,228.381,228.705,229.104,-0.700,-0.802
2017-03-28 15:17:00,228.135,228.960,48.000,26.000,228.15,228.20,7500.000,5000.000,228.90,229.05,406.000,75.000,228.10,228.25,7500.000,5000.000,228.85,229.10,4740.000,6578.000,30000.000,32500.000,227.997,228.372,228.812,229.154,-0.800,-0.797
2017-03-28 15:18:00,228.109,228.917,756.000,95.000,228.05,228.10,5000.000,7500.000,228.90,229.00,612.000,77.000,228.00,228.15,2500.000,5000.000,228.85,229.05,12799.000,6215.000,20000.000,30000.000,227.920,228.291,228.806,229.100,-0.875,-0.787
2017-03-28 15:19:00,228.277,229.050,88.000,62.000,228.20,228.25,5000.000,2500.000,229.05,229.10,300.000,60.000,228.15,228.30,5000.000,10000.000,229.00,229.15,13095.000,7154.000,25000.000,35000.000,228.049,228.400,228.960,229.200,-0.850,-0.791
2017-03-28 15:20:00,228.320,229.113,225.000,2520.000,228.40,228.45,5000.000,5000.000,229.10,229.20,27.000,3319.000,228.35,228.50,10000.000,7500.000,229.05,229.25,1545.000,14244.000,25000.000,32500.000,228.259,228.559,229.025,229.312,-0.725,-0.803
2017-03-28 15:21:00,228.286,229.098,5315.000,1334.000,228.35,228.40,10000.000,2500.000,229.00,229.15,118.000,2571.000,228.30,228.45,5000.000,7500.000,228.95,229.20,7152.000,11584.000,32500.000,22500.000,228.306,228.532,228.873,229.244,-0.700,-0.798
2017-03-28 15:22:00,228.421,229.217,696.000,99.000,228.50,228.55,7500.000,5000.000,229.20,229.35,101.000,2731.000,228.45,228.60,2500.000,7500.000,229.15,229.40,3058.000,12550.000,20000.000,37500.000,228.382,228.689,229.119,229.447,-0.750,-0.818
2017-03-28 15:23:00,228.400,229.161,7.000,3232.000,228.45,228.55,7500.000,5000.000,229.10,229.30,39.000,2838.000,228.40,228.60,7500.000,7500.000,229.05,229.35,4447.000,17712.000,25000.000,32500.000,228.293,228.677,229.020,229.408,-0.700,-0.837
2017-03-28 15:24:00,228.418,229.209,83.000,20.000,228.45,228.50,7500.000,5000.000,229.15,229.35,2.000,23.000,228.40,228.55,5000.000,5000.000,229.10,229.40,2997.000,6386.000,25000.000,32500.000,228.276,228.652,229.050,229.450,-0.775,-0.849
2017-03-28 15:25:00,228.398,229.253,620.000,629.000,228.45,228.50,2500.000,2500.000,229.20,229.40,254.000,301.000,228.40,228.60,2500.000,7500.000,229.15,229.45,3336.000,9885.000,17500.000,30000.000,228.303,228.696,229.093,229.496,-0.825,-0.825
2017-03-28 15:26:00,228.540,229.329,784.000,534.000,228.60,228.65,10000.000,7500.000,229.30,229.45,541.000,590.000,228.45,228.70,5000.000,2500.000,229.25,229.50,6717.000,12005.000,22500.000,30000.000,228.352,228.766,229.239,229.558,-0.750,-0.825
2017-03-28 15:27:00,228.442,229.338,363.000,615.000,228.55,228.60,12500.000,5000.000,229.25,229.40,62.000,744.000,228.50,228.65,2500.000,7500.000,229.20,229.45,922.000,12955.000,32500.000,27500.000,228.469,228.725,229.165,229.486,-0.750,-0.825
2017-03-28 15:28:00,228.466,229.318,27.000,1368.000,228.55,228.60,2500.000,5000.000,229.20,229.40,278.000,344.000,228.50,228.65,12500.000,12500.000,229.15,229.45,460.000,9245.000,32500.000,30000.000,228.462,228.695,229.104,229.475,-0.725,-0.825
2017-03-28 15:29:00,228.713,229.567,1.000,2541.000,228.80,228.85,12500.000,2500.000,229.50,229.65,2600.000,2940.000,228.50,228.90,2500.000,2500.000,229.45,229.70,15185.000,16555.000,27500.000,22500.000,228.367,228.947,229.432,229.767,-0.750,-0.825
2017-03-28 15:30:00,228.886,229.620,488.000,850.000,228.70,228.90,2500.000,2500.000,229.65,229.80,2500.000,1906.000,228.65,229.00,2500.000,2500.000,229.40,229.85,13847.000,8776.000,27500.000,30000.000,228.526,229.096,229.236,230.025,-0.925,-0.825
2017-03-29 09:16:00,229.371,229.970,375.000,409.000,229.15,229.35,2500.000,2500.000,229.60,230.25,50.000,45.000,229.10,229.40,2500.000,2500.000,229.55,230.30,2869.000,1130.000,20000.000,17500.000,228.973,229.430,229.431,230.386,-0.675,-0.762
2017-03-29 09:17:00,229.150,229.923,100.000,913.000,229.00,229.10,2500.000,5000.000,229.70,229.95,4085.000,784.000,228.85,229.15,2500.000,2500.000,229.65,230.00,17349.000,4433.000,17500.000,15000.000,228.744,229.208,229.571,230.108,-0.775,-0.745
2017-03-29 09:18:00,229.092,230.064,5019.000,14.000,228.90,229.00,2500.000,2500.000,229.75,230.10,2500.000,1.000,228.85,229.05,5000.000,2500.000,229.70,230.25,23649.000,1420.000,22500.000,12500.000,228.787,229.154,229.572,230.300,-0.975,-0.678
2017-03-29 09:19:00,229.104,229.780,2192.000,44.000,228.90,229.00,2500.000,2500.000,229.70,229.85,12.000,1013.000,228.85,229.05,2500.000,2500.000,229.65,229.90,25282.000,3362.000,17500.000,20000.000,228.751,229.130,229.571,229.969,-0.825,-0.658
2017-03-29 09:20:00,229.169,229.787,124.000,31.000,229.00,229.05,5000.000,2500.000,229.75,229.90,2483.000,89.000,228.95,229.10,2500.000,5000.000,229.70,230.00,16887.000,2097.000,15000.000,25000.000,228.842,229.199,229.667,230.095,-0.800,-0.669
2017-03-29 09:21:00,229.143,229.912,2161.000,31.000,229.00,229.05,2500.000,10000.000,229.75,229.95,1645.000,60.000,228.95,229.10,5000.000,2500.000,229.70,230.00,15483.000,2205.000,27500.000,22500.000,228.862,229.221,229.618,230.061,-0.825,-0.635
2017-03-29 09:22:00,229.247,229.934,559.000,33.000,229.10,229.15,5000.000,2500.000,229.80,230.00,1342.000,91.000,229.05,229.20,5000.000,10000.000,229.75,230.10,13817.000,2589.000,25000.000,22500.000,228.942,229.328,229.700,230.128,-0.775,-0.624
2017-03-29 09:23:00,229.547,230.183,500.000,456.000,229.35,229.40,10000.000,5000.000,230.15,230.25,2494.000,782.000,229.30,229.50,5000.000,5000.000,230.10,230.30,36581.000,5471.000,25000.000,27500.000,229.203,229.576,230.060,230.336,-0.825,-0.606
2017-03-29 09:24:00,229.237,229.817,810.000,5.000,229.00,229.05,2500.000,5000.000,229.70,229.95,350.000,304.000,228.95,229.15,2500.000,12500.000,229.65,230.00,12772.000,2635.000,20000.000,30000.000,228.819,229.302,229.575,230.050,-0.800,-0.626
2017-03-29 09:25:00,229.222,229.894,112.000,26.000,229.15,229.20,7500.000,5000.000,229.75,230.00,535.000,180.000,229.10,229.25,2500.000,10000.000,229.70,230.05,2818.000,1229.000,22500.000,22500.000,229.030,229.354,229.633,230.078,-0.700,-0.626
2017-03-29 09:26:00,229.409,230.008,902.000,3.000,229.20,229.25,2500.000,2500.000,229.90,230.15,716.000,50.000,229.15,229.30,5000.000,2500.000,229.85,230.20,19747.000,547.000,20000.000,27500.000,229.032,229.391,229.794,230.286,-0.800,-0.638
2017-03-29 09:27:00,229.791,230.425,78.000,268.000,229.70,229.75,2500.000,2500.000,230.35,230.50,570.000,410.000,229.65,229.80,2500.000,2500.000,230.30,230.55,20475.000,7086.000,12500.000,12500.000,229.450,229.890,230.250,230.600,-0.700,-0.650
2017-03-29 09:28:00,229.771,230.313,525.000,32.000,229.55,229.70,2500.000,5000.000,230.25,230.50,304.000,492.000,229.50,229.75,5000.000,2500.000,230.20,230.55,14653.000,3822.000,20000.000,27500.000,229.378,229.868,230.106,230.618,-0.750,-0.688
2017-03-29 09:29:00,229.669,230.350,114.000,190.000,229.65,229.70,5000.000,5000.000,230.25,230.50,297.000,228.000,229.60,229.75,2500.000,2500.000,230.20,230.60,5864.000,5349.000,20000.000,27500.000,229.505,229.875,230.150,230.650,-0.700,-0.682
2017-03-29 09:30:00,229.668,230.343,1525.000,218.000,229.70,229.75,2500.000,2500.000,230.35,230.45,60.000,1182.000,229.65,229.85,5000.000,10000.000,230.25,230.50,5099.000,12514.000,20000.000,30000.000,229.577,229.928,230.169,230.588,-0.675,-0.690
2017-03-29 09:31:00,229.559,230.216,283.000,163.000,229.60,229.70,2500.000,7500.000,230.10,230.40,50.000,743.000,229.55,229.75,5000.000,5000.000,230.05,230.45,5684.000,8560.000,20000.000,27500.000,229.443,229.880,230.006,230.486,-0.600,-0.674
2017-03-29 09:32:00,229.793,230.492,265.000,467.000,229.75,229.90,2500.000,2500.000,230.35,230.60,3776.000,196.000,229.70,229.95,5000.000,2500.000,230.30,230.65,6495.000,7106.000,25000.000,20000.000,229.663,230.034,230.245,230.725,-0.650,-0.666
2017-03-29 09:33:00,229.792,230.524,720.000,600.000,229.75,229.90,2500.000,5000.000,230.40,230.60,2859.000,146.000,229.70,229.95,2500.000,2500.000,230.35,230.65,6701.000,7789.000,22500.000,20000.000,229.657,230.030,230.272,230.706,-0.675,-0.631
2017-03-29 09:34:00,229.860,230.509,7.000,4.000,229.80,229.85,2500.000,5000.000,230.40,230.60,987.000,465.000,229.75,229.90,2500.000,2500.000,230.35,230.65,6688.000,4123.000,20000.000,22500.000,229.655,230.008,230.287,230.739,-0.675,-0.618
2017-03-29 09:35:00,230.119,230.832,1687.000,37.000,230.00,230.05,5000.000,5000.000,230.65,230.90,41.000,60.000,229.95,230.10,2500.000,5000.000,230.60,231.00,20334.000,2406.000,22500.000,20000.000,229.898,230.207,230.550,231.050,-0.750,-0.600
2017-03-29 09:36:00,230.339,230.918,1533.000,637.000,230.15,230.25,2500.000,2500.000,230.85,231.00,924.000,462.000,230.10,230.30,5000.000,2500.000,230.80,231.10,19723.000,4644.000,20000.000,22500.000,229.986,230.380,230.750,231.178,-0.725,-0.637
2017-03-29 09:37:00,230.227,230.885,664.000,115.000,230.15,230.30,2500.000,7500.000,230.75,231.00,1339.000,894.000,230.10,230.35,7500.000,5000.000,230.70,231.15,6287.000,5020.000,22500.000,27500.000,230.031,230.463,230.622,231.159,-0.650,-0.639
2017-03-29 09:38:00,230.102,230.656,172.000,4012.000,230.15,230.20,5000.000,2500.000,230.60,230.75,515.000,3040.000,230.10,230.25,5000.000,2500.000,230.55,230.85,2405.000,12265.000,20000.000,22500.000,230.045,230.288,230.506,230.939,-0.500,-0.632
2017-03-29 09:39:00,230.102,230.690,418.000,4977.000,230.05,230.20,7500.000,7500.000,230.65,230.85,666.000,1182.000,230.00,230.25,7500.000,5000.000,230.50,230.90,3732.000,8455.000,30000.000,32500.000,229.922,230.248,230.496,230.954,-0.625,-0.659
2017-03-29 09:40:00,230.087,230.710,197.000,60.000,230.10,230.15,2500.000,7500.000,230.70,230.85,339.000,7040.000,230.05,230.20,5000.000,2500.000,230.65,230.90,2393.000,8434.000,20000.000,32500.000,229.986,230.213,230.562,230.958,-0.650,-0.673
2017-03-29 09:41:00,230.155,230.917,22.000,54.000,230.30,230.35,12500.000,7500.000,230.80,231.00,27.000,243.000,230.25,230.40,5000.000,5000.000,230.75,231.15,1146.000,8096.000,32500.000,32500.000,230.093,230.497,230.727,231.177,-0.575,-0.651
2017-03-29 09:42:00,230.738,231.407,1210.000,182.000,230.70,230.80,5000.000,12500.000,231.35,231.50,5453.000,275.000,230.65,230.85,7500.000,2500.000,231.30,231.60,13221.000,9620.000,25000.000,32500.000,230.604,230.978,231.240,231.623,-0.675,-0.651
2017-03-29 09:43:00,230.730,231.248,849.000,673.000,230.70,230.75,7500.000,7500.000,231.15,231.45,4612.000,1637.000,230.65,230.80,5000.000,7500.000,231.10,231.50,9142.000,5541.000,22500.000,35000.000,230.598,230.862,231.072,231.575,-0.575,-0.674
2017-03-29 09:44:00,230.427,231.150,105.000,321.000,230.45,230.50,2500.000,2500.000,231.00,231.15,135.000,624.000,230.40,230.55,5000.000,2500.000,230.95,231.30,2265.000,5111.000,25000.000,17500.000,230.280,230.630,230.840,231.357,-0.600,-0.644
2017-03-29 09:45:00,230.417,231.109,204.000,291.000,230.40,230.50,7500.000,5000.000,230.95,231.25,105.000,790.000,230.35,230.55,2500.000,2500.000,230.90,231.30,1674.000,2764.000,22500.000,20000.000,230.245,230.627,230.856,231.356,-0.650,-0.642
2017-03-29 09:46:00,230.642,231.297,181.000,400.000,230.50,230.60,2500.000,2500.000,231.20,231.30,561.000,267.000,230.45,230.65,7500.000,2500.000,231.15,231.40,18223.000,8188.000,22500.000,15000.000,230.320,230.765,231.106,231.458,-0.700,-0.624
2017-03-29 09:47:00,230.609,231.278,838.000,36.000,230.55,230.70,5000.000,2500.000,231.15,231.40,2670.000,266.000,230.50,230.75,7500.000,2500.000,231.10,231.45,5756.000,4870.000,25000.000,20000.000,230.456,230.860,231.060,231.537,-0.650,-0.608
2017-03-29 09:48:00,230.582,231.214,1618.000,372.000,230.60,230.65,2500.000,7500.000,231.20,231.35,614.000,457.000,230.55,230.75,5000.000,7500.000,231.10,231.40,4321.000,7031.000,22500.000,32500.000,230.509,230.832,231.022,231.469,-0.650,-0.597
2017-03-29 09:49:00,230.563,231.137,553.000,505.000,230.60,230.65,7500.000,5000.000,231.05,231.35,464.000,37.000,230.55,230.70,2500.000,7500.000,231.00,231.40,2026.000,3517.000,20000.000,30000.000,230.501,230.795,230.969,231.458,-0.575,-0.619
2017-03-29 09:50:00,230.449,231.128,176.000,631.000,230.55,230.65,5000.000,2500.000,231.00,231.20,175.000,2184.000,230.50,230.70,5000.000,5000.000,230.95,231.30,951.000,10023.000,32500.000,25000.000,230.445,230.780,230.862,231.365,-0.500,-0.602
2017-03-29 09:51:00,230.529,231.097,485.000,93.000,230.50,230.55,2500.000,5000.000,231.05,231.20,1000.000,222.000,230.40,230.60,5000.000,2500.000,231.00,231.30,6824.000,4474.000,20000.000,30000.000,230.307,230.727,230.944,231.363,-0.600,-0.601
2017-03-29 09:52:00,230.549,231.135,207.000,100.000,230.60,230.65,5000.000,2500.000,231.05,231.20,100.000,1790.000,230.55,230.70,10000.000,2500.000,231.00,231.30,2958.000,10525.000,32500.000,27500.000,230.488,230.761,230.931,231.373,-0.500,-0.598
2017-03-29 09:53:00,230.624,231.200,1098.000,52.000,230.60,230.70,2500.000,2500.000,231.15,231.30,147.000,153.000,230.55,230.75,5000.000,5000.000,231.10,231.35,5949.000,7915.000,25000.000,32500.000,230.479,230.824,231.030,231.419,-0.575,-0.608
2017-03-29 09:54:00,230.614,231.300,745.000,64.000,230.65,230.70,7500.000,12500.000,231.15,231.40,980.000,133.000,230.60,230.75,2500.000,5000.000,231.10,231.45,3977.000,5379.000,37500.000,35000.000,230.544,230.878,231.040,231.475,-0.600,-0.600
2017-03-29 09:55:00,230.767,231.363,180.000,30.000,230.80,230.85,5000.000,7500.000,231.30,231.40,537.000,4218.000,230.75,230.90,5000.000,2500.000,231.25,231.45,7156.000,18142.000,30000.000,27500.000,230.661,230.971,231.204,231.514,-0.525,-0.615
2017-03-29 09:56:00,230.864,231.426,3791.000,25.000,230.90,230.95,2500.000,7500.000,231.35,231.55,56.000,6906.000,230.85,231.00,5000.000,5000.000,231.30,231.60,5493.000,13456.000,25000.000,32500.000,230.849,231.041,231.240,231.654,-0.525,-0.631
2017-03-29 09:57:00,230.941,231.511,6.000,7830.000,230.95,231.00,2500.000,2500.000,231.40,231.60,699.000,104.000,230.90,231.05,2500.000,2500.000,231.35,231.65,2587.000,12100.000,25000.000,22500.000,230.802,231.054,231.280,231.722,-0.525,-0.641
2017-03-29 09:58:00,230.890,231.517,637.000,70.000,230.80,230.95,2500.000,2500.000,231.40,231.60,1130.000,1185.000,230.75,231.00,5000.000,5000.000,231.35,231.65,6035.000,4866.000,20000.000,17500.000,230.680,231.084,231.300,231.693,-0.625,-0.640
2017-03-29 09:59:00,230.904,231.550,332.000,791.000,230.90,230.95,5000.000,2500.000,231.40,231.55,373.000,902.000,230.80,231.00,7500.000,2500.000,231.35,231.65,5134.000,5992.000,30000.000,15000.000,230.710,231.065,231.308,231.708,-0.550,-0.615
2017-03-29 10:00:00,230.873,231.541,578.000,86.000,230.90,230.95,2500.000,5000.000,231.40,231.60,235.000,903.000,230.80,231.00,5000.000,2500.000,231.35,231.65,4041.000,4820.000,25000.000,17500.000,230.732,231.098,231.300,231.686,-0.575,-0.583
2017-03-29 10:01:00,230.986,231.631,55.000,499.000,230.95,231.00,2500.000,2500.000,231.50,231.60,715.000,18.000,230.90,231.05,7500.000,2500.000,231.45,231.70,6120.000,6162.000,32500.000,20000.000,230.782,231.145,231.392,231.806,-0.575,-0.561
2017-03-29 10:02:00,230.931,231.550,22.000,1269.000,230.95,231.00,2500.000,2500.000,231.45,231.60,461.000,78.000,230.90,231.05,2500.000,5000.000,231.40,231.65,2498.000,5799.000,27500.000,27500.000,230.806,231.111,231.318,231.759,-0.550,-0.543
2017-03-29 10:03:00,230.918,231.539,121.000,100.000,230.95,231.00,5000.000,2500.000,231.40,231.60,441.000,178.000,230.90,231.05,2500.000,2500.000,231.35,231.65,2578.000,4772.000,27500.000,17500.000,230.824,231.144,231.300,231.714,-0.525,-0.511
2017-03-29 10:04:00,231.109,231.630,304.000,624.000,231.10,231.30,2500.000,2500.000,231.55,231.80,809.000,790.000,231.05,231.35,12500.000,2500.000,231.50,231.85,4588.000,10611.000,27500.000,30000.000,230.976,231.427,231.459,231.958,-0.475,-0.500
2017-03-29 10:05:00,231.373,231.882,120.000,401.000,231.40,231.45,5000.000,2500.000,231.80,231.95,2186.000,1306.000,231.35,231.50,10000.000,20000.000,231.75,232.00,6053.000,9912.000,40000.000,37500.000,231.293,231.589,231.700,232.047,-0.450,-0.507
2017-03-29 10:06:00,231.342,231.879,858.000,142.000,231.40,231.45,10000.000,2500.000,231.80,231.95,2484.000,1366.000,231.35,231.50,5000.000,20000.000,231.75,232.00,5352.000,12276.000,40000.000,37500.000,231.310,231.595,231.706,232.047,-0.450,-0.475
2017-03-29 10:07:00,231.374,231.903,4348.000,40.000,231.35,231.45,2500.000,22500.000,231.85,232.00,283.000,1098.000,231.30,231.50,10000.000,2500.000,231.80,232.05,9011.000,8175.000,32500.000,47500.000,231.271,231.597,231.750,232.082,-0.525,-0.480
2017-03-29 10:08:00,231.629,232.086,138.000,58.000,231.65,231.70,5000.000,2500.000,232.00,232.15,2115.000,2851.000,231.60,231.75,5000.000,2500.000,231.95,232.20,7974.000,14571.000,27500.000,27500.000,231.520,231.832,231.914,232.359,-0.400,-0.499
2017-03-29 10:09:00,231.611,232.080,221.000,175.000,231.70,231.75,2500.000,5000.000,232.00,232.20,17.000,2657.000,231.65,231.80,10000.000,2500.000,231.95,232.25,3554.000,16611.000,30000.000,27500.000,231.544,231.902,231.896,232.332,-0.375,-0.528
2017-03-29 10:10:00,231.574,232.114,543.000,256.000,231.60,231.65,2500.000,10000.000,232.05,232.15,1683.000,4773.000,231.55,231.80,5000.000,5000.000,232.00,232.20,8059.000,20462.000,25000.000,27500.000,231.481,231.888,231.930,232.227,-0.475,-0.531
2017-03-29 10:11:00,231.400,231.778,292.000,52.000,231.40,231.45,7500.000,2500.000,231.65,231.95,459.000,265.000,231.30,231.50,10000.000,5000.000,231.60,232.00,2702.000,2530.000,32500.000,30000.000,231.220,231.598,231.577,232.088,-0.375,-0.576
2017-03-29 10:12:00,231.238,231.793,100.000,664.000,231.30,231.40,2500.000,2500.000,231.60,231.75,363.000,1788.000,231.25,231.45,10000.000,2500.000,231.55,231.80,5281.000,21588.000,45000.000,12500.000,231.178,231.532,231.475,231.850,-0.325,-0.580
2017-03-29 10:13:00,231.199,231.750,1935.000,2.000,231.20,231.35,2500.000,2500.000,231.60,231.75,366.000,2781.000,231.15,231.40,5000.000,2500.000,231.55,231.80,8025.000,15274.000,37500.000,22500.000,231.090,231.488,231.467,231.928,-0.400,-0.592
2017-03-29 10:14:00,231.475,232.090,349.000,62.000,231.50,231.55,2500.000,7500.000,232.05,232.15,976.000,754.000,231.45,231.70,2500.000,5000.000,232.00,232.20,5336.000,12041.000,15000.000,22500.000,231.372,231.806,231.942,232.222,-0.575,-0.599
2017-03-29 10:15:00,231.506,232.060,50.000,143.000,231.55,231.60,7500.000,2500.000,231.90,232.15,2001.000,964.000,231.50,231.65,2500.000,5000.000,231.80,232.20,3109.000,6337.000,30000.000,20000.000,231.465,231.732,231.750,232.250,-0.450,-0.604
2017-03-29 10:16:00,231.542,232.147,111.000,101.000,231.55,231.60,2500.000,2500.000,232.05,232.15,161.000,31.000,231.50,231.65,5000.000,5000.000,232.00,232.20,4333.000,6355.000,30000.000,17500.000,231.399,231.751,231.933,232.257,-0.525,-0.599
2017-03-29 10:17:00,231.506,232.082,664.000,675.000,231.55,231.70,10000.000,5000.000,232.00,232.30,1260.000,921.000,231.50,231.75,10000.000,2500.000,231.90,232.35,3097.000,8492.000,35000.000,40000.000,231.477,231.841,231.889,232.431,-0.525,-0.605
2017-03-29 10:18:00,231.445,232.057,559.000,1057.000,231.50,231.65,2500.000,5000.000,231.95,232.20,158.000,1846.000,231.45,231.70,10000.000,2500.000,231.90,232.25,2040.000,9961.000,27500.000,30000.000,231.404,231.766,231.850,232.317,-0.500,-0.611
2017-03-29 10:19:00,231.431,232.081,354.000,80.000,231.50,231.60,2500.000,2500.000,231.95,232.15,122.000,302.000,231.45,231.65,7500.000,5000.000,231.90,232.25,1835.000,6989.000,30000.000,30000.000,231.418,231.735,231.825,232.304,-0.500,-0.610
2017-03-29 10:20:00,231.442,232.019,1833.000,72.000,231.40,231.50,7500.000,2500.000,231.90,232.15,152.000,91.000,231.35,231.55,7500.000,10000.000,231.85,232.25,4752.000,3370.000,30000.000,35000.000,231.305,231.673,231.800,232.293,-0.575,-0.624
2017-03-29 10:21:00,231.478,232.060,589.000,101.000,231.50,231.55,2500.000,2500.000,232.00,232.20,50.000,540.000,231.45,231.60,5000.000,10000.000,231.95,232.25,5949.000,7129.000,25000.000,37500.000,231.400,231.716,231.895,232.303,-0.575,-0.626
2017-03-29 10:22:00,231.447,232.052,595.000,106.000,231.50,231.55,5000.000,2500.000,231.95,232.15,4387.000,557.000,231.40,231.60,5000.000,5000.000,231.90,232.20,7902.000,11094.000,30000.000,30000.000,231.360,231.693,231.842,232.254,-0.525,-0.620
2017-03-29 10:23:00,231.476,232.117,1540.000,247.000,231.50,231.55,7500.000,2500.000,232.05,232.15,60.000,542.000,231.45,231.60,2500.000,2500.000,231.95,232.20,6908.000,11055.000,35000.000,22500.000,231.383,231.694,231.907,232.250,-0.575,-0.609
2017-03-29 10:24:00,231.435,232.079,1551.000,52.000,231.40,231.50,2500.000,5000.000,231.95,232.20,538.000,122.000,231.35,231.55,10000.000,7500.000,231.90,232.25,6717.000,6431.000,32500.000,32500.000,231.279,231.660,231.842,232.300,-0.625,-0.599
2017-03-29 10:25:00,231.305,231.950,518.000,21.000,231.40,231.45,5000.000,2500.000,231.90,232.00,17.000,1009.000,231.35,231.50,2500.000,7500.000,231.85,232.10,2185.000,8749.000,27500.000,32500.000,231.278,231.611,231.791,232.165,-0.525,-0.593
2017-03-29 10:26:00,231.229,231.824,148.000,13.000,231.30,231.35,5000.000,2500.000,231.75,231.95,118.000,423.000,231.25,231.40,5000.000,5000.000,231.70,232.05,1446.000,5376.000,20000.000,27500.000,231.185,231.484,231.669,232.100,-0.525,-0.597
2017-03-29 10:27:00,231.166,231.742,184.000,163.000,231.25,231.30,10000.000,2500.000,231.65,231.85,675.000,1029.000,231.20,231.35,2500.000,7500.000,231.60,231.90,1611.000,6319.000,30000.000,30000.000,231.147,231.445,231.550,231.967,-0.475,-0.633
2017-03-29 10:28:00,230.927,231.515,430.000,2549.000,230.90,230.95,2500.000,2500.000,231.45,231.65,245.000,1003.000,230.85,231.00,10000.000,7500.000,231.40,231.70,4172.000,6438.000,25000.000,35000.000,230.749,231.036,231.345,231.757,-0.625,-0.663
2017-03-29 10:29:00,230.912,231.502,776.000,9.000,230.75,230.80,2500.000,5000.000,231.45,231.65,2474.000,561.000,230.70,230.90,10000.000,2500.000,231.40,231.70,19995.000,6719.000,25000.000,32500.000,230.587,230.985,231.330,231.746,-0.775,-0.667
2017-03-29 10:30:00,230.947,231.565,195.000,521.000,230.90,230.95,2500.000,2500.000,231.50,231.70,590.000,29.000,230.85,231.00,2500.000,7500.000,231.45,231.75,4716.000,3297.000,17500.000,25000.000,230.773,231.090,231.400,231.800,-0.675,-0.658
2017-03-29 10:31:00,230.927,231.539,543.000,262.000,230.80,230.90,2500.000,2500.000,231.45,231.65,138.000,110.000,230.75,230.95,12500.000,5000.000,231.40,231.70,6457.000,2975.000,30000.000,27500.000,230.661,231.015,231.329,231.750,-0.700,-0.675
2017-03-29 10:32:00,230.859,231.618,1335.000,330.000,230.80,231.00,7500.000,2500.000,231.45,231.70,641.000,406.000,230.75,231.05,2500.000,7500.000,231.40,231.75,4867.000,5233.000,32500.000,22500.000,230.725,231.141,231.342,231.806,-0.675,-0.657
2017-03-29 10:33:00,230.988,231.723,712.000,82.000,230.95,231.00,7500.000,2500.000,231.60,231.85,574.000,60.000,230.90,231.10,10000.000,5000.000,231.55,231.95,6900.000,6215.000,32500.000,32500.000,230.827,231.211,231.515,232.023,-0.750,-0.641
2017-03-29 10:34:00,230.757,231.368,465.000,46.000,230.70,230.75,7500.000,2500.000,231.35,231.55,96.000,3.000,230.65,230.80,7500.000,2500.000,231.25,231.60,7861.000,4651.000,22500.000,27500.000,230.551,230.933,231.250,231.691,-0.725,-0.646
2017-03-29 10:35:00,230.748,231.321,860.000,16.000,230.55,230.60,7500.000,7500.000,231.25,231.45,668.000,231.000,230.50,230.65,2500.000,7500.000,231.15,231.50,17182.000,1246.000,30000.000,35000.000,230.377,230.743,231.092,231.554,-0.775,-0.683
2017-03-29 10:36:00,230.502,231.198,100.000,398.000,230.40,230.45,2500.000,2500.000,231.10,231.25,279.000,848.000,230.35,230.50,5000.000,7500.000,231.05,231.30,11082.000,6519.000,32500.000,25000.000,230.211,230.581,230.992,231.360,-0.750,-0.703
2017-03-29 10:37:00,230.459,231.128,645.000,95.000,230.30,230.40,5000.000,2500.000,231.05,231.20,871.000,646.000,230.25,230.45,12500.000,2500.000,231.00,231.25,19807.000,6267.000,32500.000,25000.000,230.155,230.514,230.973,231.315,-0.775,-0.699
2017-03-29 10:38:00,230.476,231.129,690.000,2383.000,230.40,230.45,2500.000,5000.000,231.05,231.20,12.000,3360.000,230.30,230.50,12500.000,5000.000,231.00,231.25,13862.000,10748.000,32500.000,27500.000,230.169,230.538,230.958,231.300,-0.700,-0.700
2017-03-29 10:39:00,230.317,230.952,657.000,1129.000,230.20,230.30,2500.000,5000.000,230.90,231.00,15.000,1466.000,230.15,230.35,2500.000,5000.000,230.85,231.05,14461.000,9950.000,22500.000,27500.000,230.015,230.428,230.767,231.095,-0.700,-0.721
2017-03-29 10:40:00,230.203,230.965,50.000,1135.000,230.25,230.35,5000.000,7500.000,230.85,231.00,21.000,1859.000,230.20,230.40,10000.000,2500.000,230.80,231.05,2211.000,11726.000,37500.000,22500.000,230.076,230.458,230.747,231.094,-0.625,-0.726
2017-03-29 10:41:00,230.162,230.954,56.000,823.000,230.20,230.30,7500.000,5000.000,230.80,231.00,13.000,993.000,230.15,230.35,7500.000,2500.000,230.75,231.05,4603.000,12861.000,42500.000,20000.000,230.033,230.448,230.671,231.106,-0.650,-0.693
2017-03-29 10:42:00,230.211,230.863,960.000,45.000,230.05,230.10,5000.000,2500.000,230.75,230.90,2085.000,2122.000,230.00,230.20,17500.000,7500.000,230.70,230.95,16497.000,5160.000,42500.000,25000.000,229.898,230.272,230.629,231.000,-0.750,-0.699
2017-03-29 10:43:00,230.123,230.780,1.000,769.000,230.00,230.10,2500.000,2500.000,230.75,230.85,409.000,869.000,229.90,230.15,12500.000,5000.000,230.65,230.90,19440.000,8846.000,37500.000,32500.000,229.793,230.226,230.600,230.973,-0.750,-0.703
2017-03-29 10:44:00,230.169,230.912,19.000,840.000,230.10,230.20,7500.000,5000.000,230.75,230.95,151.000,918.000,230.00,230.25,10000.000,2500.000,230.70,231.00,7995.000,7322.000,42500.000,20000.000,229.870,230.318,230.647,231.044,-0.700,-0.681
2017-03-29 10:45:00,230.419,231.203,474.000,2033.000,230.45,230.50,2500.000,2500.000,231.10,231.25,597.000,31.000,230.40,230.55,2500.000,5000.000,231.05,231.30,3630.000,8060.000,22500.000,17500.000,230.343,230.616,230.994,231.343,-0.700,-0.681
2017-03-29 10:46:00,230.450,231.079,574.000,690.000,230.20,230.40,7500.000,2500.000,230.95,231.15,729.000,521.000,230.15,230.45,5000.000,7500.000,230.90,231.20,20978.000,6670.000,30000.000,22500.000,230.028,230.531,230.858,231.239,-0.750,-0.693
2017-03-29 10:47:00,230.552,231.234,749.000,1429.000,230.40,230.60,5000.000,2500.000,231.15,231.30,991.000,2119.000,230.35,230.65,5000.000,2500.000,231.10,231.35,14788.000,10952.000,32500.000,22500.000,230.255,230.708,231.042,231.433,-0.725,-0.704
2017-03-29 10:48:00,230.634,231.311,383.000,101.000,230.45,230.50,5000.000,2500.000,231.20,231.35,676.000,100.000,230.40,230.55,5000.000,2500.000,231.15,231.40,21667.000,2109.000,35000.000,22500.000,230.284,230.636,231.100,231.472,-0.800,-0.722
2017-03-29 10:49:00,230.385,231.023,634.000,47.000,230.20,230.25,5000.000,2500.000,231.00,231.10,1011.000,63.000,230.15,230.35,2500.000,2500.000,230.95,231.15,36579.000,6228.000,25000.000,30000.000,230.053,230.469,230.885,231.238,-0.825,-0.726
2017-03-29 10:50:00,230.205,230.988,134.000,663.000,230.25,230.30,2500.000,5000.000,230.90,231.10,70.000,712.000,230.20,230.35,2500.000,2500.000,230.85,231.15,2374.000,6423.000,25000.000,27500.000,230.091,230.438,230.785,231.209,-0.725,-0.727
2017-03-29 10:51:00,230.456,231.143,1.000,731.000,230.45,230.50,5000.000,2500.000,231.05,231.25,622.000,1453.000,230.30,230.55,7500.000,5000.000,231.00,231.30,7184.000,7253.000,27500.000,25000.000,230.171,230.625,230.959,231.375,-0.675,-0.731
2017-03-29 10:52:00,230.586,231.321,959.000,52.000,230.55,230.60,2500.000,2500.000,231.20,231.40,50.000,51.000,230.50,230.65,12500.000,2500.000,231.15,231.45,3293.000,2255.000,25000.000,17500.000,230.420,230.774,231.085,231.514,-0.725,-0.716
2017-03-29 10:53:00,230.590,231.360,574.000,74.000,230.60,230.65,5000.000,2500.000,231.25,231.45,1937.000,256.000,230.55,230.70,12500.000,7500.000,231.20,231.50,3950.000,3633.000,30000.000,20000.000,230.510,230.823,231.133,231.550,-0.725,-0.691
2017-03-29 10:54:00,230.635,231.292,60.000,58.000,230.45,230.60,2500.000,5000.000,231.15,231.35,787.000,264.000,230.40,230.65,12500.000,2500.000,231.10,231.40,11648.000,4507.000,27500.000,17500.000,230.278,230.770,231.045,231.443,-0.725,-0.689
2017-03-29 10:55:00,230.496,231.284,662.000,376.000,230.50,230.70,5000.000,2500.000,231.15,231.35,575.000,638.000,230.45,230.75,5000.000,2500.000,231.10,231.40,2563.000,6912.000,25000.000,15000.000,230.408,230.813,231.060,231.458,-0.650,-0.661
2017-03-29 10:56:00,230.461,231.164,13.000,469.000,230.45,230.60,2500.000,7500.000,231.10,231.25,202.000,933.000,230.40,230.65,5000.000,5000.000,231.05,231.30,2927.000,7087.000,20000.000,25000.000,230.276,230.718,231.006,231.330,-0.650,-0.633
2017-03-29 10:57:00,230.509,231.173,754.000,74.000,230.40,230.50,7500.000,5000.000,231.10,231.30,419.000,29.000,230.35,230.60,5000.000,5000.000,231.05,231.35,9985.000,6690.000,22500.000,27500.000,230.238,230.738,231.017,231.409,-0.750,-0.616
2017-03-29 10:58:00,230.594,231.236,894.000,101.000,230.45,230.60,7500.000,7500.000,231.15,231.35,844.000,85.000,230.40,230.65,2500.000,10000.000,231.10,231.40,11274.000,6254.000,20000.000,25000.000,230.282,230.771,231.062,231.415,-0.725,-0.609
2017-03-29 10:59:00,230.613,231.262,587.000,199.000,230.50,230.60,7500.000,2500.000,231.20,231.35,638.000,25.000,230.45,230.65,5000.000,7500.000,231.15,231.40,9210.000,4745.000,20000.000,20000.000,230.338,230.778,231.131,231.444,-0.725,-0.613
2017-03-29 11:00:00,230.580,231.225,268.000,105.000,230.45,230.55,7500.000,5000.000,231.15,231.35,609.000,96.000,230.40,230.60,2500.000,10000.000,231.10,231.40,10193.000,4872.000,20000.000,25000.000,230.271,230.732,231.069,231.430,-0.750,-0.609
2017-03-29 11:01:00,230.523,231.086,137.000,13.000,230.30,230.40,7500.000,5000.000,231.05,231.20,627.000,275.000,230.25,230.45,5000.000,5000.000,231.00,231.25,19468.000,1584.000,20000.000,25000.000,230.147,230.542,230.981,231.310,-0.775,-0.631
2017-03-29 11:02:00,230.524,231.103,661.000,85.000,230.30,230.40,7500.000,2500.000,231.05,231.20,434.000,79.000,230.25,230.45,5000.000,5000.000,231.00,231.25,19461.000,1400.000,22500.000,22500.000,230.149,230.547,230.972,231.322,-0.775,-0.651
2017-03-29 11:03:00,230.374,230.984,1924.000,268.000,230.20,230.40,2500.000,5000.000,230.90,231.10,746.000,688.000,230.15,230.45,2500.000,10000.000,230.85,231.15,13432.000,7987.000,20000.000,27500.000,230.046,230.529,230.794,231.186,-0.700,-0.641
2017-03-29 11:04:00,230.358,231.026,495.000,26.000,230.40,230.45,5000.000,2500.000,230.95,231.15,110.000,25.000,230.30,230.50,2500.000,5000.000,230.90,231.20,4151.000,5627.000,22500.000,30000.000,230.216,230.613,230.833,231.300,-0.625,-0.619
2017-03-29 11:05:00,230.430,231.058,792.000,56.000,230.40,230.50,2500.000,2500.000,231.00,231.20,315.000,285.000,230.30,230.55,5000.000,7500.000,230.95,231.25,6171.000,5990.000,20000.000,27500.000,230.212,230.642,230.887,231.327,-0.650,-0.639
2017-03-29 11:06:00,230.424,231.094,137.000,50.000,230.40,230.45,5000.000,2500.000,231.00,231.15,315.000,76.000,230.30,230.50,2500.000,5000.000,230.95,231.20,5550.000,4481.000,22500.000,20000.000,230.194,230.604,230.889,231.244,-0.650,-0.658
2017-03-29 11:07:00,230.408,231.089,373.000,69.000,230.35,230.40,5000.000,5000.000,231.00,231.15,153.000,33.000,230.30,230.45,2500.000,5000.000,230.95,231.20,5624.000,3337.000,22500.000,22500.000,230.196,230.587,230.889,231.233,-0.700,-0.677
2017-03-29 11:08:00,230.518,231.077,831.000,20.000,230.35,230.45,5000.000,2500.000,231.05,231.20,543.000,40.000,230.30,230.50,5000.000,7500.000,231.00,231.25,11283.000,2993.000,20000.000,30000.000,230.189,230.633,230.963,231.312,-0.725,-0.680
2017-03-29 11:09:00,230.547,231.103,1277.000,14.000,230.35,230.40,7500.000,2500.000,231.05,231.20,316.000,105.000,230.30,230.45,5000.000,7500.000,231.00,231.25,12868.000,607.000,22500.000,25000.000,230.186,230.550,230.978,231.300,-0.750,-0.690
2017-03-29 11:10:00,230.383,231.111,460.000,10.000,230.40,230.45,5000.000,5000.000,231.05,231.20,522.000,83.000,230.35,230.50,7500.000,7500.000,231.00,231.25,3864.000,5197.000,25000.000,30000.000,230.251,230.628,230.965,231.312,-0.700,-0.704
2017-03-29 11:11:00,230.354,231.120,75.000,354.000,230.45,230.55,2500.000,5000.000,231.05,231.20,215.000,1055.000,230.40,230.60,7500.000,5000.000,231.00,231.25,1423.000,10542.000,27500.000,27500.000,230.328,230.688,230.932,231.305,-0.625,-0.682
2017-03-29 11:12:00,230.367,231.140,168.000,463.000,230.45,230.55,5000.000,2500.000,231.05,231.20,215.000,957.000,230.40,230.60,7500.000,7500.000,231.00,231.25,1971.000,10895.000,27500.000,22500.000,230.322,230.690,230.950,231.289,-0.625,-0.667
2017-03-29 11:13:00,230.482,231.059,924.000,60.000,230.35,230.55,5000.000,2500.000,231.05,231.20,326.000,952.000,230.30,230.60,7500.000,7500.000,231.00,231.25,11485.000,9278.000,27500.000,52500.000,230.188,230.702,230.950,231.310,-0.675,-0.670
2017-03-29 11:14:00,230.412,231.017,400.000,424.000,230.40,230.50,5000.000,40000.000,231.00,231.20,468.000,269.000,230.30,230.55,10000.000,7500.000,230.95,231.25,5655.000,6881.000,30000.000,90000.000,230.203,230.637,230.887,231.264,-0.650,-0.682
2017-03-29 11:15:00,230.958,231.756,300.000,297.000,231.00,231.10,2500.000,2500.000,231.60,231.85,977.000,799.000,230.95,231.15,20000.000,5000.000,231.55,231.90,2838.000,6715.000,37500.000,25000.000,230.895,231.299,231.513,231.990,-0.675,-0.641
2017-03-29 11:16:00,230.738,231.396,187.000,368.000,230.80,230.85,20000.000,2500.000,231.30,231.50,301.000,250.000,230.75,230.90,5000.000,5000.000,231.25,231.55,2736.000,8329.000,37500.000,25000.000,230.654,230.997,231.243,231.625,-0.575,-0.635
2017-03-29 11:17:00,230.578,231.277,530.000,163.000,230.70,230.75,5000.000,5000.000,231.20,231.40,110.000,794.000,230.60,230.80,2500.000,7500.000,231.15,231.45,2103.000,8385.000,22500.000,32500.000,230.556,230.893,231.083,231.488,-0.575,-0.633
2017-03-29 11:18:00,230.500,231.089,1261.000,16.000,230.40,230.55,5000.000,2500.000,231.10,231.25,370.000,508.000,230.35,230.60,2500.000,22500.000,231.05,231.30,11003.000,8527.000,20000.000,50000.000,230.246,230.713,230.969,231.340,-0.700,-0.654
2017-03-29 11:19:00,230.436,231.100,781.000,23.000,230.30,230.40,2500.000,5000.000,231.00,231.15,558.000,597.000,230.25,230.50,2500.000,2500.000,230.90,231.20,10287.000,5906.000,25000.000,20000.000,230.146,230.599,230.815,231.250,-0.725,-0.663
2017-03-29 11:20:00,230.408,231.003,956.000,47.000,230.25,230.35,2500.000,2500.000,230.95,231.10,1546.000,60.000,230.20,230.40,2500.000,5000.000,230.90,231.15,11466.000,3335.000,17500.000,22500.000,230.098,230.517,230.843,231.206,-0.725,-0.683
2017-03-29 11:21:00,230.379,231.008,971.000,33.000,230.30,230.45,2500.000,2500.000,230.95,231.10,1895.000,2352.000,230.25,230.50,2500.000,5000.000,230.90,231.15,6574.000,5940.000,20000.000,25000.000,230.206,230.554,230.838,231.235,-0.650,-0.708
2017-03-29 11:22:00,230.335,231.021,1161.000,45.000,230.30,230.35,5000.000,5000.000,230.95,231.10,638.000,5.000,230.25,230.40,2500.000,5000.000,230.90,231.15,6009.000,5299.000,22500.000,25000.000,230.184,230.554,230.844,231.195,-0.700,-0.689
2017-03-29 11:23:00,230.272,230.966,12.000,115.000,230.35,230.40,2500.000,5000.000,230.90,231.05,826.000,50.000,230.30,230.45,5000.000,5000.000,230.85,231.10,2448.000,8132.000,22500.000,25000.000,230.224,230.554,230.800,231.150,-0.600,-0.683
2017-03-29 11:24:00,230.382,231.093,98.000,67.000,230.35,230.40,2500.000,7500.000,230.95,231.15,800.000,357.000,230.30,230.50,2500.000,5000.000,230.90,231.20,4334.000,4639.000,27500.000,30000.000,230.198,230.622,230.823,231.283,-0.675,-0.651
2017-03-29 11:25:00,230.628,231.324,418.000,225.000,230.65,230.80,5000.000,7500.000,231.25,231.45,528.000,1934.000,230.60,230.85,5000.000,7500.000,231.20,231.50,3748.000,9389.000,20000.000,27500.000,230.528,230.940,231.169,231.541,-0.625,-0.607
2017-03-29 11:26:00,230.577,231.328,46.000,204.000,230.70,230.75,2500.000,10000.000,231.25,231.45,250.000,110.000,230.65,230.80,5000.000,5000.000,231.20,231.50,1037.000,6327.000,17500.000,27500.000,230.565,230.923,231.143,231.536,-0.625,-0.564
2017-03-29 11:27:00,230.619,231.214,488.000,500.000,230.55,230.60,2500.000,5000.000,231.20,231.35,275.000,790.000,230.45,230.70,2500.000,7500.000,231.15,231.40,9782.000,7555.000,17500.000,35000.000,230.332,230.788,231.071,231.468,-0.700,-0.553
2017-03-29 11:28:00,230.904,231.565,1859.000,4211.000,230.90,231.00,5000.000,7500.000,231.45,231.60,910.000,359.000,230.85,231.05,5000.000,5000.000,231.40,231.65,5618.000,12407.000,35000.000,25000.000,230.813,231.079,231.346,231.695,-0.575,-0.518
2017-03-29 11:29:00,230.881,231.433,674.000,25.000,230.85,230.90,5000.000,2500.000,231.25,231.50,1235.000,748.000,230.80,230.95,10000.000,2500.000,231.20,231.55,6719.000,6092.000,30000.000,15000.000,230.718,231.036,231.167,231.617,-0.500,-0.524
2017-03-29 11:30:00,230.819,231.294,200.000,883.000,230.85,230.90,5000.000,2500.000,231.15,231.30,815.000,3690.000,230.80,230.95,15000.000,2500.000,231.10,231.35,6128.000,15495.000,47500.000,20000.000,230.701,231.022,231.042,231.425,-0.350,-0.521
2017-03-29 11:31:00,230.995,231.531,742.000,1942.000,230.95,231.00,2500.000,2500.000,231.40,231.50,606.000,205.000,230.90,231.15,2500.000,2500.000,231.30,231.65,10834.000,15952.000,37500.000,22500.000,230.803,231.209,231.233,231.717,-0.475,-0.534
2017-03-29 11:32:00,231.004,231.546,200.000,217.000,231.05,231.15,2500.000,2500.000,231.35,231.55,379.000,3280.000,231.00,231.20,12500.000,2500.000,231.30,231.60,3671.000,12251.000,47500.000,17500.000,230.890,231.288,231.237,231.671,-0.350,-0.552
2017-03-29 11:33:00,231.127,231.608,1072.000,1415.000,231.15,231.20,5000.000,2500.000,231.45,231.65,384.000,1.000,231.10,231.25,7500.000,5000.000,231.40,231.70,6404.000,11188.000,37500.000,22500.000,231.017,231.341,231.333,231.756,-0.375,-0.578
2017-03-29 11:34:00,230.881,231.464,835.000,60.000,230.90,231.10,2500.000,2500.000,231.35,231.60,175.000,1530.000,230.85,231.15,5000.000,7500.000,231.30,231.65,3184.000,8085.000,32500.000,40000.000,230.804,231.243,231.242,231.753,-0.475,-0.595
2017-03-29 11:35:00,231.134,231.595,120.000,2399.000,231.20,231.25,2500.000,2500.000,231.55,231.80,267.000,154.000,231.15,231.30,2500.000,2500.000,231.50,231.85,2595.000,10173.000,20000.000,35000.000,231.036,231.387,231.425,231.943,-0.450,-0.606
2017-03-29 11:36:00,230.794,231.395,885.000,1550.000,230.75,230.85,5000.000,2500.000,231.25,231.50,338.000,865.000,230.70,230.90,7500.000,2500.000,231.20,231.55,4634.000,6354.000,32500.000,22500.000,230.625,230.938,231.142,231.633,-0.575,-0.602
2017-03-29 11:37:00,230.467,231.100,859.000,5.000,230.45,230.50,5000.000,5000.000,231.00,231.20,743.000,1500.000,230.35,230.55,7500.000,2500.000,230.95,231.25,7766.000,6735.000,20000.000,20000.000,230.274,230.624,230.925,231.319,-0.625,-0.597
2017-03-29 11:38:00,230.774,231.386,164.000,120.000,230.80,230.85,7500.000,2500.000,231.25,231.40,1.000,751.000,230.75,230.90,7500.000,2500.000,231.20,231.45,5772.000,10445.000,32500.000,12500.000,230.650,231.000,231.173,231.500,-0.500,-0.616
2017-03-29 11:39:00,230.601,231.268,868.000,551.000,230.60,230.75,5000.000,5000.000,231.15,231.35,265.000,822.000,230.55,230.80,2500.000,7500.000,231.10,231.40,4686.000,7918.000,22500.000,20000.000,230.480,230.909,231.033,231.425,-0.575,-0.621
2017-03-29 11:40:00,230.707,231.221,279.000,109.000,230.55,230.65,2500.000,7500.000,231.10,231.30,1314.000,200.000,230.50,230.70,5000.000,5000.000,231.05,231.35,7501.000,1918.000,22500.000,25000.000,230.417,230.788,230.983,231.385,-0.600,-0.651
2017-03-29 11:41:00,230.667,231.253,95.000,50.000,230.55,230.60,2500.000,2500.000,231.15,231.30,1604.000,29.000,230.50,230.65,7500.000,7500.000,231.10,231.35,8473.000,2307.000,25000.000,20000.000,230.410,230.751,231.045,231.387,-0.650,-0.663
2017-03-29 11:42:00,230.581,231.189,443.000,338.000,230.50,230.55,2500.000,2500.000,231.15,231.25,3240.000,301.000,230.45,230.60,5000.000,5000.000,231.10,231.30,7548.000,2644.000,20000.000,25000.000,230.397,230.675,231.037,231.350,-0.675,-0.647
2017-03-29 11:43:00,230.590,231.295,2685.000,124.000,230.55,230.65,5000.000,2500.000,231.15,231.35,70.000,701.000,230.50,230.70,5000.000,5000.000,231.10,231.40,6880.000,6150.000,30000.000,20000.000,230.453,230.786,231.037,231.456,-0.650,-0.657
2017-03-29 11:44:00,230.792,231.482,359.000,537.000,230.80,230.90,2500.000,2500.000,231.35,231.55,100.000,1065.000,230.75,230.95,5000.000,2500.000,231.30,231.60,2125.000,4856.000,27500.000,20000.000,230.684,231.006,231.232,231.675,-0.600,-0.629
2017-03-29 11:45:00,230.754,231.421,33.000,95.000,230.80,230.85,2500.000,5000.000,231.35,231.55,150.000,820.000,230.75,230.90,5000.000,2500.000,231.25,231.60,1352.000,4103.000,22500.000,25000.000,230.659,230.973,231.189,231.660,-0.625,-0.625
2017-03-29 11:46:00,230.737,231.383,48.000,116.000,230.75,230.80,5000.000,5000.000,231.30,231.50,413.000,41.000,230.70,230.85,2500.000,5000.000,231.25,231.55,3241.000,4561.000,20000.000,25000.000,230.578,230.979,231.194,231.595,-0.625,-0.623
2017-03-29 11:47:00,230.809,231.335,65.000,4.000,230.70,230.75,5000.000,5000.000,231.30,231.45,421.000,25.000,230.65,230.80,2500.000,7500.000,231.20,231.50,6181.000,2256.000,22500.000,27500.000,230.537,230.926,231.167,231.545,-0.650,-0.649
2017-03-29 11:48:00,230.609,231.366,746.000,20.000,230.70,230.80,5000.000,2500.000,231.25,231.50,483.000,156.000,230.65,230.85,5000.000,5000.000,231.20,231.55,2399.000,7526.000,20000.000,20000.000,230.607,230.981,231.162,231.606,-0.625,-0.619
2017-03-29 11:49:00,230.849,231.400,586.000,424.000,230.75,230.90,2500.000,2500.000,231.35,231.55,314.000,225.000,230.70,230.95,5000.000,5000.000,231.30,231.60,5330.000,5143.000,17500.000,25000.000,230.598,231.011,231.257,231.670,-0.625,-0.615
2017-03-29 11:50:00,230.779,231.422,485.000,574.000,230.80,230.95,2500.000,5000.000,231.35,231.50,72.000,3560.000,230.75,231.00,5000.000,2500.000,231.30,231.55,3476.000,11396.000,20000.000,20000.000,230.666,231.064,231.250,231.606,-0.550,-0.605
2017-03-29 11:51:00,230.781,231.418,490.000,750.000,230.85,230.95,2500.000,2500.000,231.30,231.45,180.000,3785.000,230.80,231.00,2500.000,2500.000,231.25,231.50,2477.000,15192.000,25000.000,17500.000,230.704,231.070,231.160,231.579,-0.475,-0.602
2017-03-29 11:52:00,230.679,231.335,176.000,77.000,230.80,230.85,2500.000,5000.000,231.20,231.45,12.000,1373.000,230.75,230.90,5000.000,5000.000,231.15,231.50,1169.000,10448.000,25000.000,25000.000,230.638,231.009,231.080,231.550,-0.500,-0.601
2017-03-29 11:53:00,230.619,231.230,37.000,60.000,230.70,230.75,2500.000,5000.000,231.10,231.35,241.000,5.000,230.60,230.80,5000.000,5000.000,231.05,231.40,4356.000,8014.000,25000.000,25000.000,230.490,230.940,230.995,231.445,-0.500,-0.587
2017-03-29 11:54:00,230.778,231.305,828.000,55.000,230.70,230.75,5000.000,2500.000,231.15,231.40,4074.000,18.000,230.65,230.80,7500.000,5000.000,231.10,231.45,8652.000,2294.000,27500.000,20000.000,230.607,230.921,231.064,231.494,-0.550,-0.591
2017-03-29 11:55:00,230.785,231.378,275.000,108.000,230.70,230.75,2500.000,2500.000,231.25,231.40,4463.000,332.000,230.65,230.80,7500.000,5000.000,231.20,231.45,10358.000,3473.000,27500.000,17500.000,230.589,230.890,231.132,231.493,-0.600,-0.605
2017-03-29 11:56:00,230.668,231.292,3324.000,362.000,230.65,230.75,2500.000,7500.000,231.20,231.30,1485.000,318.000,230.60,230.80,2500.000,2500.000,231.15,231.40,10357.000,10323.000,25000.000,25000.000,230.557,230.907,231.070,231.425,-0.550,-0.619
2017-03-29 11:57:00,230.532,231.183,195.000,415.000,230.60,230.65,5000.000,5000.000,231.05,231.15,273.000,300.000,230.55,230.70,5000.000,2500.000,231.00,231.25,2841.000,10865.000,32500.000,17500.000,230.480,230.780,230.912,231.271,-0.475,-0.622
2017-03-29 11:58:00,230.736,231.275,2909.000,33.000,230.65,230.70,2500.000,2500.000,231.25,231.35,1454.000,22.000,230.60,230.75,2500.000,7500.000,231.20,231.40,10282.000,2492.000,15000.000,25000.000,230.551,230.875,231.142,231.455,-0.625,-0.636
2017-03-29 11:59:00,230.613,231.162,2073.000,806.000,230.65,230.75,2500.000,5000.000,231.10,231.25,112.000,1331.000,230.60,230.80,5000.000,10000.000,231.05,231.30,5162.000,13585.000,22500.000,27500.000,230.553,230.875,230.978,231.332,-0.475,-0.629
2017-03-29 12:00:00,230.754,231.418,2724.000,60.000,230.80,230.85,5000.000,5000.000,231.30,231.45,414.000,863.000,230.75,230.90,5000.000,5000.000,231.25,231.50,7023.000,10753.000,25000.000,17500.000,230.714,231.014,231.195,231.529,-0.550,-0.593
2017-03-29 12:01:00,230.709,231.400,774.000,40.000,230.75,230.85,2500.000,5000.000,231.30,231.45,522.000,30.000,230.70,230.90,2500.000,7500.000,231.25,231.50,5971.000,11380.000,20000.000,20000.000,230.628,231.030,231.175,231.525,-0.575,-0.554
2017-03-29 12:02:00,230.701,231.370,237.000,79.000,230.75,230.85,2500.000,2500.000,231.30,231.40,522.000,30.000,230.70,230.90,2500.000,2500.000,231.25,231.45,5450.000,13391.000,20000.000,17500.000,230.612,231.015,231.156,231.500,-0.550,-0.501
2017-03-29 12:03:00,230.669,231.278,270.000,40.000,230.70,230.75,2500.000,2500.000,231.20,231.30,1371.000,60.000,230.65,230.80,2500.000,2500.000,231.15,231.35,5568.000,8655.000,25000.000,20000.000,230.560,230.923,231.060,231.425,-0.525,-0.470
2017-03-29 12:04:00,230.636,231.150,1071.000,425.000,230.65,230.75,2500.000,10000.000,231.05,231.25,120.000,620.000,230.60,230.80,7500.000,10000.000,231.00,231.30,4943.000,10440.000,27500.000,32500.000,230.517,230.881,230.950,231.331,-0.450,-0.448
2017-03-29 12:05:00,230.634,231.118,500.000,41.000,230.65,230.70,2500.000,7500.000,231.05,231.20,120.000,390.000,230.60,230.75,7500.000,10000.000,231.00,231.25,4372.000,8696.000,27500.000,35000.000,230.500,230.825,230.945,231.286,-0.450,-0.442
2017-03-29 12:06:00,230.757,231.249,255.000,4367.000,230.80,230.90,2500.000,15000.000,231.20,231.30,60.000,198.000,230.75,230.95,7500.000,12500.000,231.15,231.35,5720.000,23386.000,45000.000,60000.000,230.656,231.013,231.069,231.387,-0.400,-0.432
2017-03-29 12:07:00,230.795,231.200,724.000,31.000,230.80,230.85,10000.000,2500.000,231.05,231.35,240.000,408.000,230.75,230.95,2500.000,2500.000,231.00,231.40,4780.000,7706.000,27500.000,22500.000,230.678,231.040,230.968,231.483,-0.375,-0.440
2017-03-29 12:08:00,230.703,231.156,390.000,2227.000,230.75,230.80,2500.000,7500.000,231.10,231.20,784.000,1.000,230.70,230.90,27500.000,7500.000,230.95,231.25,8616.000,23590.000,55000.000,32500.000,230.622,230.993,230.916,231.292,-0.375,-0.469
2017-03-29 12:09:00,230.583,230.988,20.000,1040.000,230.60,230.65,10000.000,5000.000,230.90,231.10,400.000,3024.000,230.50,230.70,5000.000,7500.000,230.85,231.15,5345.000,8141.000,30000.000,30000.000,230.406,230.763,230.821,231.204,-0.375,-0.508
2017-03-29 12:10:00,230.584,231.037,983.000,103.000,230.50,230.65,2500.000,7500.000,230.90,231.15,1374.000,384.000,230.45,230.70,2500.000,5000.000,230.85,231.20,6873.000,5577.000,25000.000,25000.000,230.388,230.785,230.785,231.240,-0.450,-0.520
2017-03-29 12:11:00,230.424,230.869,578.000,9.000,230.40,230.45,2500.000,5000.000,230.80,230.95,185.000,2563.000,230.35,230.55,2500.000,2500.000,230.75,231.00,6227.000,7751.000,22500.000,22500.000,230.273,230.636,230.700,231.061,-0.450,-0.541
2017-03-29 12:12:00,230.456,230.898,2392.000,60.000,230.30,230.45,2500.000,7500.000,230.75,230.95,728.000,3083.000,230.25,230.55,5000.000,5000.000,230.70,231.00,9920.000,5822.000,32500.000,22500.000,230.182,230.599,230.646,231.028,-0.475,-0.560
2017-03-29 12:13:00,230.116,230.713,348.000,2.000,230.05,230.10,5000.000,7500.000,230.55,230.75,2789.000,6.000,230.00,230.15,5000.000,5000.000,230.50,230.80,7368.000,2959.000,37500.000,22500.000,229.945,230.257,230.420,230.822,-0.575,-0.541
2017-03-29 12:14:00,230.000,230.604,7074.000,120.000,230.00,230.10,5000.000,5000.000,230.50,230.65,210.000,461.000,229.95,230.15,12500.000,5000.000,230.45,230.70,10751.000,11419.000,35000.000,25000.000,229.950,230.241,230.404,230.745,-0.525,-0.515
2017-03-29 12:15:00,230.209,230.721,44.000,337.000,230.20,230.25,5000.000,2500.000,230.60,230.75,293.000,687.000,230.15,230.30,2500.000,7500.000,230.55,230.80,6677.000,10024.000,35000.000,25000.000,230.029,230.382,230.464,230.860,-0.450,-0.516
2017-03-29 12:16:00,230.120,230.670,375.000,981.000,230.10,230.25,5000.000,7500.000,230.55,230.75,2507.000,1015.000,230.05,230.30,10000.000,5000.000,230.50,230.80,6483.000,11993.000,30000.000,27500.000,229.994,230.357,230.458,230.850,-0.475,-0.503
2017-03-29 12:17:00,230.109,230.648,372.000,922.000,230.10,230.20,10000.000,7500.000,230.50,230.70,2182.000,1336.000,230.05,230.25,5000.000,7500.000,230.45,230.75,6344.000,11098.000,40000.000,27500.000,229.995,230.303,230.400,230.773,-0.450,-0.488
2017-03-29 12:18:00,230.130,230.630,700.000,16.000,230.10,230.20,2500.000,5000.000,230.55,230.70,3365.000,565.000,230.05,230.25,7500.000,7500.000,230.50,230.75,8168.000,9208.000,25000.000,25000.000,230.003,230.318,230.460,230.790,-0.475,-0.489
2017-03-29 12:19:00,230.155,230.631,1000.000,2.000,230.15,230.20,2500.000,5000.000,230.55,230.70,1237.000,255.000,230.10,230.25,2500.000,10000.000,230.50,230.75,7806.000,8843.000,25000.000,27500.000,230.052,230.320,230.445,230.786,-0.450,-0.518
2017-03-29 12:20:00,229.939,230.456,5.000,40.000,230.00,230.05,5000.000,2500.000,230.40,230.55,731.000,160.000,229.95,230.10,7500.000,5000.000,230.35,230.60,4295.000,11330.000,30000.000,30000.000,229.864,230.204,230.317,230.671,-0.450,-0.540
2017-03-29 12:21:00,230.087,230.570,383.000,152.000,230.05,230.15,2500.000,2500.000,230.50,230.60,70.000,3582.000,230.00,230.20,5000.000,7500.000,230.45,230.65,14085.000,15933.000,30000.000,27500.000,229.939,230.266,230.371,230.705,-0.450,-0.573
2017-03-29 12:22:00,230.125,230.589,406.000,13.000,230.05,230.15,5000.000,2500.000,230.50,230.65,220.000,254.000,230.00,230.20,10000.000,5000.000,230.45,230.70,14600.000,9427.000,30000.000,25000.000,229.936,230.291,230.408,230.760,-0.475,-0.614
2017-03-29 12:23:00,230.255,230.762,563.000,67.000,230.25,230.30,5000.000,2500.000,230.65,230.80,227.000,728.000,230.20,230.35,5000.000,2500.000,230.60,230.85,12224.000,12010.000,25000.000,15000.000,230.148,230.445,230.555,230.908,-0.450,-0.644
2017-03-29 12:24:00,230.126,230.747,444.000,432.000,230.15,230.25,2500.000,5000.000,230.65,230.80,62.000,653.000,230.10,230.30,5000.000,5000.000,230.60,230.85,4337.000,9841.000,25000.000,22500.000,229.999,230.395,230.540,230.883,-0.525,-0.658
2017-03-29 12:25:00,230.109,230.734,1346.000,126.000,230.15,230.25,5000.000,7500.000,230.65,230.80,232.000,553.000,230.10,230.30,2500.000,2500.000,230.60,230.85,4450.000,9850.000,27500.000,27500.000,230.047,230.401,230.532,230.900,-0.525,-0.665
2017-03-29 12:26:00,230.113,230.759,1326.000,75.000,230.15,230.25,7500.000,5000.000,230.70,230.80,616.000,99.000,230.10,230.30,5000.000,2500.000,230.65,230.85,4776.000,9445.000,30000.000,25000.000,230.051,230.406,230.600,230.910,-0.550,-0.666
2017-03-29 12:27:00,230.168,230.838,352.000,612.000,230.25,230.35,5000.000,2500.000,230.70,230.90,215.000,484.000,230.20,230.40,5000.000,5000.000,230.65,230.95,3293.000,14153.000,22500.000,17500.000,230.141,230.500,230.606,231.007,-0.500,-0.652
2017-03-29 12:28:00,230.257,230.914,1116.000,185.000,230.25,230.35,7500.000,2500.000,230.75,230.95,215.000,34.000,230.20,230.40,12500.000,5000.000,230.70,231.00,5849.000,6382.000,35000.000,17500.000,230.136,230.532,230.661,231.057,-0.550,-0.624
2017-03-29 12:29:00,230.274,230.966,734.000,37.000,230.30,230.40,2500.000,5000.000,230.85,231.00,1060.000,302.000,230.25,230.45,2500.000,5000.000,230.80,231.05,6515.000,10306.000,27500.000,20000.000,230.184,230.580,230.723,231.106,-0.575,-0.600
2017-03-29 12:30:00,230.401,231.061,496.000,541.000,230.50,230.55,2500.000,2500.000,230.95,231.10,371.000,2248.000,230.40,230.60,2500.000,5000.000,230.90,231.15,5135.000,15248.000,25000.000,20000.000,230.295,230.705,230.830,231.213,-0.500,-0.577
2017-03-29 12:31:00,230.368,231.020,161.000,101.000,230.40,230.45,2500.000,5000.000,230.90,231.00,1371.000,85.000,230.35,230.50,5000.000,2500.000,230.85,231.05,4804.000,8239.000,32500.000,17500.000,230.279,230.599,230.765,231.093,-0.525,-0.549
2017-03-29 12:32:00,230.384,230.984,757.000,420.000,230.40,230.55,2500.000,5000.000,230.85,231.00,1012.000,9464.000,230.35,230.60,2500.000,2500.000,230.80,231.05,6627.000,19039.000,30000.000,17500.000,230.278,230.666,230.733,231.093,-0.450,-0.545
2017-03-29 12:33:00,230.591,231.105,465.000,931.000,230.55,230.60,2500.000,2500.000,231.00,231.15,115.000,137.000,230.50,230.65,5000.000,7500.000,230.95,231.20,7389.000,6716.000,27500.000,25000.000,230.378,230.758,230.886,231.260,-0.500,-0.558
2017-03-29 12:34:00,230.544,231.116,31.000,94.000,230.50,230.55,2500.000,7500.000,231.00,231.15,177.000,819.000,230.45,230.60,2500.000,7500.000,230.95,231.20,7467.000,5398.000,32500.000,30000.000,230.352,230.718,230.877,231.242,-0.550,-0.569
2017-03-29 12:35:00,230.501,231.048,939.000,157.000,230.40,230.50,10000.000,5000.000,230.90,231.10,1338.000,230.000,230.35,230.55,7500.000,7500.000,230.85,231.15,9944.000,4717.000,40000.000,25000.000,230.273,230.665,230.806,231.185,-0.550,-0.570
2017-03-29 12:36:00,230.651,231.164,100.000,74.000,230.65,230.70,2500.000,2500.000,231.10,231.20,448.000,1696.000,230.60,230.75,5000.000,5000.000,231.05,231.25,4981.000,8905.000,25000.000,20000.000,230.482,230.821,231.000,231.306,-0.475,-0.580
2017-03-29 12:37:00,230.585,231.163,736.000,2.000,230.55,230.65,5000.000,2500.000,231.05,231.20,748.000,2328.000,230.50,230.70,7500.000,5000.000,231.00,231.25,9501.000,10578.000,30000.000,17500.000,230.413,230.797,230.958,231.307,-0.525,-0.572
2017-03-29 12:38:00,230.519,231.100,194.000,1142.000,230.60,230.65,5000.000,2500.000,231.00,231.15,162.000,2227.000,230.55,230.70,7500.000,5000.000,230.95,231.20,1769.000,12017.000,30000.000,20000.000,230.459,230.771,230.917,231.250,-0.450,-0.572
2017-03-29 12:39:00,230.524,231.152,159.000,671.000,230.60,230.65,2500.000,10000.000,231.05,231.20,209.000,2227.000,230.55,230.70,7500.000,7500.000,231.00,231.25,2109.000,11161.000,30000.000,27500.000,230.456,230.776,230.942,231.268,-0.500,-0.557
2017-03-29 12:40:00,230.501,231.052,158.000,100.000,230.55,230.65,2500.000,7500.000,231.00,231.10,391.000,5169.000,230.50,230.70,5000.000,2500.000,230.95,231.15,4668.000,18781.000,27500.000,27500.000,230.382,230.777,230.900,231.209,-0.450,-0.569
2017-03-29 12:41:00,230.514,231.077,86.000,114.000,230.55,230.60,5000.000,5000.000,231.00,231.10,391.000,86.000,230.50,230.65,5000.000,2500.000,230.95,231.15,4542.000,11986.000,32500.000,22500.000,230.379,230.734,230.904,231.206,-0.475,-0.560
2017-03-29 12:42:00,230.538,231.074,103.000,54.000,230.55,230.60,2500.000,2500.000,231.00,231.10,391.000,186.000,230.50,230.65,5000.000,2500.000,230.95,231.15,6804.000,11681.000,27500.000,20000.000,230.381,230.747,230.891,231.213,-0.475,-0.555
2017-03-29 12:43:00,230.509,231.090,63.000,125.000,230.55,230.60,2500.000,2500.000,231.00,231.10,591.000,188.000,230.50,230.65,5000.000,2500.000,230.95,231.15,4874.000,11754.000,30000.000,20000.000,230.387,230.746,230.883,231.219,-0.475,-0.576
2017-03-29 12:44:00,230.317,230.871,77.000,104.000,230.25,230.40,2500.000,2500.000,230.80,230.95,168.000,266.000,230.20,230.45,7500.000,10000.000,230.75,231.00,6242.000,6626.000,25000.000,27500.000,230.093,230.559,230.685,231.041,-0.550,-0.572
2017-03-29 12:45:00,230.296,230.907,77.000,147.000,230.25,230.35,5000.000,5000.000,230.80,230.95,628.000,63.000,230.20,230.40,10000.000,7500.000,230.75,231.00,6448.000,5186.000,32500.000,25000.000,230.120,230.533,230.681,231.030,-0.575,-0.576
2017-03-29 12:46:00,230.383,230.902,517.000,129.000,230.25,230.35,7500.000,7500.000,230.80,231.00,224.000,3.000,230.20,230.40,5000.000,5000.000,230.75,231.05,6541.000,1986.000,30000.000,30000.000,230.124,230.525,230.700,231.096,-0.600,-0.578
2017-03-29 12:47:00,230.372,230.880,300.000,165.000,230.25,230.35,2500.000,2500.000,230.80,230.95,428.000,3.000,230.20,230.40,7500.000,7500.000,230.75,231.00,6540.000,2753.000,25000.000,25000.000,230.105,230.521,230.695,231.045,-0.575,-0.592
2017-03-29 12:48:00,230.633,231.320,276.000,980.000,230.75,230.80,2500.000,5000.000,231.15,231.35,293.000,677.000,230.65,230.85,5000.000,7500.000,231.10,231.40,4578.000,15557.000,42500.000,25000.000,230.548,230.964,231.026,231.440,-0.475,-0.563
2017-03-29 12:49:00,230.369,230.903,1170.000,500.000,230.40,230.45,5000.000,2500.000,230.85,230.95,60.000,1399.000,230.30,230.50,5000.000,5000.000,230.80,231.00,8504.000,12429.000,27500.000,22500.000,230.221,230.581,230.759,231.067,-0.475,-0.574
2017-03-29 12:50:00,230.385,231.018,217.000,1074.000,230.30,230.45,2500.000,5000.000,230.90,231.05,2673.000,3182.000,230.25,230.50,5000.000,2500.000,230.85,231.10,8079.000,8429.000,37500.000,25000.000,230.178,230.543,230.770,231.155,-0.600,-0.575
2017-03-29 12:51:00,230.418,230.946,818.000,50.000,230.30,230.35,5000.000,5000.000,230.85,231.00,50.000,50.000,230.25,230.40,5000.000,5000.000,230.80,231.05,6649.000,2377.000,35000.000,27500.000,230.135,230.503,230.739,231.114,-0.600,-0.586
2017-03-29 12:52:00,230.231,230.811,41.000,317.000,230.20,230.25,2500.000,2500.000,230.70,230.85,50.000,67.000,230.15,230.30,2500.000,7500.000,230.65,230.90,5381.000,4316.000,25000.000,20000.000,230.065,230.410,230.575,230.944,-0.550,-0.612
2017-03-29 12:53:00,230.194,230.734,3333.000,100.000,230.10,230.15,2500.000,2500.000,230.70,230.80,250.000,100.000,230.05,230.20,2500.000,10000.000,230.65,230.85,11431.000,2641.000,20000.000,27500.000,229.995,230.323,230.581,230.900,-0.625,-0.630
2017-03-29 12:54:00,230.368,230.959,815.000,59.000,230.30,230.45,2500.000,5000.000,230.90,231.00,333.000,240.000,230.25,230.50,5000.000,2500.000,230.85,231.05,8759.000,8545.000,22500.000,20000.000,230.157,230.612,230.800,231.100,-0.575,-0.655
2017-03-29 12:55:00,230.278,230.916,98.000,12.000,230.35,230.40,2500.000,2500.000,230.80,230.95,661.000,1098.000,230.30,230.45,15000.000,7500.000,230.75,231.00,1970.000,6299.000,32500.000,22500.000,230.219,230.550,230.708,231.078,-0.500,-0.624
2017-03-29 12:56:00,230.593,231.173,691.000,78.000,230.50,230.60,2500.000,5000.000,231.05,231.25,123.000,22.000,230.45,230.65,7500.000,5000.000,231.00,231.30,4674.000,2736.000,30000.000,25000.000,230.353,230.771,230.938,231.345,-0.600,-0.630
2017-03-29 12:57:00,230.427,231.137,170.000,235.000,230.55,230.60,7500.000,5000.000,231.00,231.20,117.000,24.000,230.50,230.65,5000.000,7500.000,230.95,231.25,1102.000,7802.000,35000.000,22500.000,230.422,230.765,230.900,231.283,-0.525,-0.606
2017-03-29 12:58:00,230.420,231.055,20.000,908.000,230.55,230.60,5000.000,5000.000,230.95,231.15,117.000,34.000,230.50,230.65,15000.000,7500.000,230.90,231.20,309.000,10711.000,30000.000,25000.000,230.443,230.738,230.863,231.235,-0.475,-0.605
2017-03-29 12:59:00,230.385,231.100,54.000,93.000,230.50,230.55,2500.000,5000.000,231.00,231.15,12.000,1647.000,230.45,230.60,2500.000,5000.000,230.95,231.20,1558.000,9538.000,27500.000,22500.000,230.336,230.718,230.882,231.239,-0.550,-0.578
2017-03-29 13:00:00,230.564,231.045,72.000,211.000,230.45,230.50,2500.000,2500.000,231.05,231.10,676.000,126.000,230.40,230.55,2500.000,5000.000,230.95,231.15,8121.000,3345.000,25000.000,25000.000,230.290,230.619,230.905,231.215,-0.600,-0.599
2017-03-29 13:01:00,230.245,230.853,8.000,162.000,230.25,230.30,2500.000,5000.000,230.75,230.95,390.000,2.000,230.20,230.35,7500.000,5000.000,230.70,231.00,2602.000,2870.000,20000.000,22500.000,230.109,230.482,230.650,231.067,-0.575,-0.597
2017-03-29 13:02:00,230.333,230.925,966.000,124.000,230.20,230.25,5000.000,7500.000,230.80,231.00,340.000,114.000,230.15,230.30,7500.000,5000.000,230.75,231.05,10484.000,3750.000,27500.000,22500.000,230.046,230.483,230.650,231.072,-0.675,-0.565
2017-03-29 13:03:00,230.227,230.858,299.000,390.000,230.30,230.35,7500.000,2500.000,230.80,230.95,565.000,796.000,230.20,230.40,7500.000,2500.000,230.75,231.00,4816.000,11550.000,32500.000,27500.000,230.103,230.488,230.650,231.068,-0.550,-0.551
2017-03-29 13:04:00,230.679,231.259,635.000,15.000,230.60,230.65,7500.000,2500.000,231.15,231.35,459.000,17.000,230.55,230.70,10000.000,7500.000,231.10,231.40,3836.000,1585.000,30000.000,25000.000,230.466,230.822,231.071,231.445,-0.625,-0.565
2017-03-29 13:05:00,230.627,231.209,1341.000,519.000,230.65,230.85,2500.000,5000.000,231.15,231.25,564.000,431.000,230.60,230.90,2500.000,2500.000,231.10,231.40,7420.000,19385.000,20000.000,22500.000,230.536,231.002,230.988,231.439,-0.450,-0.565
2017-03-29 13:06:00,230.812,231.410,144.000,82.000,230.85,230.90,2500.000,5000.000,231.25,231.45,260.000,215.000,230.80,230.95,7500.000,7500.000,231.20,231.50,3146.000,12774.000,37500.000,25000.000,230.688,231.000,231.123,231.540,-0.475,-0.534
2017-03-29 13:07:00,230.456,230.892,42.000,70.000,230.30,230.40,2500.000,7500.000,230.75,230.95,726.000,60.000,230.25,230.45,7500.000,2500.000,230.70,231.00,3636.000,897.000,25000.000,22500.000,230.167,230.557,230.635,231.039,-0.500,-0.569
2017-03-29 13:08:00,230.746,231.307,394.000,366.000,230.80,230.90,2500.000,7500.000,231.15,231.35,72.000,581.000,230.75,230.95,5000.000,2500.000,231.10,231.40,3856.000,14075.000,32500.000,22500.000,230.662,231.034,231.023,231.439,-0.400,-0.561
2017-03-29 13:09:00,230.359,231.009,272.000,66.000,230.35,230.50,2500.000,2500.000,230.85,231.00,1595.000,127.000,230.30,230.55,5000.000,2500.000,230.80,231.05,5681.000,7877.000,30000.000,12500.000,230.230,230.679,230.717,231.100,-0.500,-0.536
2017-03-29 13:10:00,230.473,231.056,144.000,25.000,230.50,230.60,2500.000,2500.000,230.95,231.10,609.000,152.000,230.40,230.65,2500.000,2500.000,230.90,231.15,6971.000,9825.000,25000.000,20000.000,230.298,230.776,230.820,231.213,-0.475,-0.541
2017-03-29 13:11:00,230.611,231.054,126.000,101.000,230.50,230.60,7500.000,7500.000,230.95,231.15,110.000,134.000,230.45,230.65,2500.000,5000.000,230.90,231.20,5174.000,3186.000,30000.000,30000.000,230.332,230.744,230.846,231.246,-0.500,-0.560
2017-03-29 13:12:00,230.441,231.048,1244.000,1225.000,230.40,230.60,5000.000,7500.000,230.95,231.10,1126.000,1485.000,230.35,230.65,2500.000,2500.000,230.90,231.15,9331.000,13650.000,27500.000,25000.000,230.287,230.745,230.827,231.195,-0.525,-0.558
2017-03-29 13:13:00,230.443,230.966,559.000,884.000,230.40,230.50,2500.000,10000.000,230.85,231.05,737.000,798.000,230.35,230.55,5000.000,5000.000,230.80,231.10,5023.000,5528.000,27500.000,27500.000,230.295,230.605,230.736,231.132,-0.500,-0.564
2017-03-29 13:14:00,230.408,230.932,462.000,117.000,230.40,230.45,2500.000,10000.000,230.80,231.00,57.000,66.000,230.35,230.50,5000.000,5000.000,230.75,231.05,4149.000,3901.000,30000.000,25000.000,230.286,230.607,230.683,231.065,-0.475,-0.561
2017-03-29 13:15:00,230.228,230.836,607.000,693.000,230.30,230.40,5000.000,7500.000,230.75,230.90,10.000,819.000,230.25,230.45,7500.000,2500.000,230.70,230.95,2884.000,10632.000,27500.000,25000.000,230.157,230.557,230.641,231.005,-0.475,-0.562
2017-03-29 13:16:00,230.170,230.709,20.000,55.000,230.10,230.15,2500.000,7500.000,230.60,230.75,809.000,23.000,230.05,230.20,2500.000,5000.000,230.55,230.80,6907.000,2951.000,30000.000,27500.000,229.978,230.318,230.467,230.832,-0.550,-0.557
2017-03-29 13:17:00,230.151,230.750,481.000,1184.000,230.25,230.35,5000.000,2500.000,230.65,230.80,951.000,718.000,230.20,230.40,7500.000,5000.000,230.60,230.85,2602.000,17208.000,25000.000,17500.000,230.154,230.493,230.565,230.893,-0.425,-0.538
2017-03-29 13:18:00,230.151,230.702,20.000,1105.000,230.15,230.25,2500.000,7500.000,230.60,230.75,113.000,267.000,230.10,230.30,2500.000,5000.000,230.55,230.80,6712.000,11566.000,27500.000,25000.000,229.986,230.403,230.482,230.830,-0.475,-0.532
2017-03-29 13:19:00,230.137,230.647,4077.000,1.000,230.00,230.10,7500.000,2500.000,230.50,230.70,674.000,60.000,229.95,230.15,12500.000,2500.000,230.45,230.75,8867.000,1107.000,32500.000,15000.000,229.928,230.241,230.431,230.817,-0.550,-0.532
2017-03-29 13:20:00,230.135,230.747,267.000,1226.000,230.10,230.25,2500.000,2500.000,230.60,230.75,600.000,489.000,230.05,230.30,2500.000,2500.000,230.55,230.80,6216.000,8423.000,30000.000,17500.000,229.982,230.387,230.467,230.864,-0.500,-0.500
2017-03-29 13:21:00,230.137,230.648,2134.000,15.000,230.00,230.10,7500.000,10000.000,230.50,230.70,573.000,291.000,229.95,230.15,7500.000,2500.000,230.45,230.75,6438.000,1379.000,32500.000,20000.000,229.906,230.230,230.423,230.762,-0.550,-0.492
2017-03-29 13:22:00,230.113,230.616,1701.000,104.000,230.00,230.10,5000.000,7500.000,230.50,230.70,513.000,237.000,229.95,230.15,7500.000,5000.000,230.45,230.75,6027.000,2083.000,30000.000,25000.000,229.897,230.246,230.412,230.790,-0.550,-0.492
2017-03-29 13:23:00,230.077,230.603,1904.000,116.000,230.00,230.05,7500.000,5000.000,230.50,230.70,513.000,513.000,229.95,230.10,5000.000,5000.000,230.45,230.75,4942.000,1441.000,25000.000,22500.000,229.914,230.175,230.425,230.789,-0.575,-0.499
2017-03-29 13:24:00,230.071,230.579,486.000,60.000,230.05,230.10,2500.000,5000.000,230.50,230.65,18.000,505.000,230.00,230.15,7500.000,2500.000,230.45,230.70,3400.000,3707.000,27500.000,25000.000,229.904,230.240,230.400,230.760,-0.500,-0.518
2017-03-29 13:25:00,230.182,230.637,78.000,282.000,230.00,230.10,5000.000,7500.000,230.55,230.70,672.000,23.000,229.95,230.15,5000.000,5000.000,230.50,230.75,6879.000,1550.000,25000.000,25000.000,229.847,230.233,230.455,230.780,-0.575,-0.546
2017-03-29 13:26:00,230.206,230.674,240.000,83.000,230.00,230.10,7500.000,2500.000,230.55,230.75,879.000,23.000,229.95,230.15,5000.000,2500.000,230.50,230.80,7248.000,864.000,25000.000,17500.000,229.851,230.255,230.470,230.850,-0.600,-0.567
2017-03-29 13:27:00,230.129,230.634,7.000,27.000,230.00,230.10,5000.000,5000.000,230.55,230.70,513.000,284.000,229.95,230.15,5000.000,5000.000,230.50,230.75,6665.000,3140.000,25000.000,22500.000,229.840,230.249,230.455,230.794,-0.575,-0.581
2017-03-29 13:28:00,230.029,230.590,1644.000,52.000,230.00,230.05,2500.000,2500.000,230.55,230.65,506.000,70.000,229.95,230.10,2500.000,5000.000,230.50,230.70,8595.000,6046.000,25000.000,27500.000,229.870,230.234,230.440,230.764,-0.575,-0.570
2017-03-29 13:29:00,230.003,230.605,692.000,94.000,230.00,230.05,2500.000,7500.000,230.50,230.70,506.000,66.000,229.95,230.10,10000.000,7500.000,230.45,230.75,5527.000,5406.000,27500.000,27500.000,229.864,230.234,230.414,230.777,-0.575,-0.569
2017-03-29 13:30:00,229.948,230.545,107.000,112.000,230.00,230.05,7500.000,10000.000,230.45,230.65,505.000,66.000,229.95,230.10,10000.000,7500.000,230.40,230.70,3119.000,5848.000,35000.000,35000.000,229.852,230.235,230.325,230.736,-0.525,-0.565
2017-03-29 13:31:00,229.968,230.541,655.000,65.000,229.95,230.05,2500.000,2500.000,230.50,230.60,613.000,146.000,229.90,230.10,10000.000,2500.000,230.45,230.65,6238.000,7565.000,27500.000,27500.000,229.812,230.214,230.409,230.718,-0.550,-0.564
2017-03-29 13:32:00,229.966,230.541,579.000,431.000,229.95,230.10,10000.000,5000.000,230.45,230.65,1641.000,854.000,229.90,230.15,7500.000,7500.000,230.40,230.70,6029.000,9647.000,27500.000,27500.000,229.826,230.246,230.377,230.741,-0.525,-0.562
2017-03-29 13:33:00,230.134,230.641,117.000,113.000,230.05,230.10,5000.000,5000.000,230.55,230.75,592.000,3.000,230.00,230.15,7500.000,7500.000,230.50,230.80,4390.000,1894.000,27500.000,27500.000,229.915,230.250,230.459,230.877,-0.575,-0.577
2017-03-29 13:34:00,230.049,230.643,419.000,63.000,230.00,230.05,2500.000,5000.000,230.55,230.70,707.000,4.000,229.95,230.10,10000.000,5000.000,230.50,230.75,5972.000,3365.000,27500.000,22500.000,229.867,230.239,230.459,230.789,-0.600,-0.580
2017-03-29 13:35:00,230.114,230.690,386.000,66.000,230.00,230.05,5000.000,7500.000,230.55,230.75,679.000,4.000,229.95,230.10,12500.000,5000.000,230.50,230.80,5822.000,1380.000,30000.000,20000.000,229.866,230.234,230.471,230.819,-0.625,-0.581
2017-03-29 13:36:00,230.073,230.643,22.000,113.000,230.05,230.10,15000.000,2500.000,230.55,230.70,370.000,331.000,230.00,230.15,7500.000,7500.000,230.50,230.75,3627.000,3343.000,32500.000,20000.000,229.925,230.243,230.492,230.794,-0.550,-0.579
2017-03-29 13:37:00,230.129,230.690,167.000,16.000,230.10,230.15,7500.000,2500.000,230.55,230.70,294.000,78.000,230.05,230.20,7500.000,5000.000,230.50,230.75,3509.000,3043.000,37500.000,15000.000,229.956,230.311,230.467,230.792,-0.500,-0.602
2017-03-29 13:38:00,229.995,230.580,396.000,318.000,229.95,230.00,2500.000,7500.000,230.50,230.65,600.000,110.000,229.90,230.10,12500.000,5000.000,230.45,230.70,6924.000,6714.000,27500.000,27500.000,229.786,230.225,230.409,230.732,-0.600,-0.585
2017-03-29 13:39:00,229.979,230.587,1847.000,279.000,230.00,230.10,2500.000,10000.000,230.50,230.65,339.000,858.000,229.95,230.15,12500.000,5000.000,230.45,230.70,4197.000,7634.000,30000.000,27500.000,229.924,230.229,230.412,230.727,-0.525,-0.558
2017-03-29 13:40:00,229.985,230.565,2137.000,119.000,230.00,230.10,5000.000,5000.000,230.50,230.65,474.000,17.000,229.95,230.15,12500.000,2500.000,230.45,230.70,4684.000,6878.000,30000.000,27500.000,229.929,230.241,230.425,230.759,-0.525,-0.553
2017-03-29 13:41:00,230.047,230.609,525.000,52.000,230.00,230.10,7500.000,2500.000,230.50,230.65,576.000,50.000,229.95,230.15,5000.000,2500.000,230.45,230.70,4969.000,4439.000,35000.000,20000.000,229.875,230.252,230.400,230.762,-0.525,-0.558
2017-03-29 13:42:00,230.030,230.705,323.000,153.000,230.15,230.25,5000.000,2500.000,230.55,230.75,408.000,150.000,230.05,230.30,5000.000,2500.000,230.50,230.80,2931.000,9258.000,30000.000,17500.000,229.970,230.433,230.442,230.857,-0.450,-0.518
2017-03-29 13:43:00,230.187,230.689,70.000,69.000,230.15,230.20,5000.000,7500.000,230.55,230.75,150.000,282.000,230.10,230.25,17500.000,2500.000,230.50,230.80,2155.000,2043.000,35000.000,22500.000,230.000,230.334,230.468,230.833,-0.475,-0.524
2017-03-29 13:44:00,230.300,230.771,1032.000,40.000,230.15,230.20,5000.000,5000.000,230.65,230.85,150.000,17.000,230.10,230.25,2500.000,5000.000,230.60,230.90,6073.000,767.000,32500.000,27500.000,230.013,230.344,230.538,230.955,-0.575,-0.535
2017-03-29 13:45:00,230.175,230.728,312.000,465.000,230.25,230.30,5000.000,7500.000,230.60,230.80,525.000,189.000,230.20,230.35,12500.000,5000.000,230.55,230.85,3007.000,8011.000,37500.000,25000.000,230.112,230.474,230.503,230.910,-0.425,-0.532
2017-03-29 13:46:00,230.188,230.777,291.000,285.000,230.25,230.30,10000.000,7500.000,230.60,230.80,525.000,175.000,230.20,230.35,7500.000,5000.000,230.55,230.85,3550.000,7757.000,55000.000,22500.000,230.107,230.479,230.507,230.894,-0.425,-0.506
2017-03-29 13:47:00,230.250,230.724,558.000,1.000,230.20,230.25,10000.000,7500.000,230.60,230.80,262.000,912.000,230.15,230.30,5000.000,7500.000,230.55,230.85,4747.000,3363.000,40000.000,27500.000,230.060,230.398,230.506,230.882,-0.475,-0.532
2017-03-29 13:48:00,230.073,230.607,311.000,41.000,230.15,230.20,17500.000,2500.000,230.50,230.65,24.000,890.000,230.10,230.25,7500.000,7500.000,230.45,230.70,3375.000,12347.000,45000.000,25000.000,229.989,230.355,230.433,230.740,-0.400,-0.547
2017-03-29 13:49:00,230.094,230.618,600.000,111.000,230.15,230.20,2500.000,5000.000,230.55,230.65,84.000,532.000,230.10,230.25,22500.000,5000.000,230.50,230.70,4737.000,12058.000,42500.000,32500.000,229.999,230.358,230.456,230.746,-0.425,-0.568
2017-03-29 13:50:00,230.093,230.632,206.000,200.000,230.15,230.20,2500.000,2500.000,230.55,230.65,84.000,582.000,230.10,230.25,15000.000,5000.000,230.50,230.70,4414.000,11808.000,37500.000,25000.000,229.986,230.358,230.447,230.750,-0.425,-0.562
2017-03-29 13:51:00,230.154,230.612,525.000,96.000,230.05,230.10,2500.000,5000.000,230.55,230.65,1364.000,10.000,230.00,230.15,17500.000,5000.000,230.50,230.70,7089.000,1606.000,35000.000,27500.000,229.936,230.265,230.461,230.741,-0.525,-0.595
2017-03-29 13:52:00,230.162,230.769,312.000,808.000,230.25,230.30,2500.000,5000.000,230.65,230.85,32.000,181.000,230.15,230.35,10000.000,5000.000,230.60,230.90,3094.000,8355.000,32500.000,27500.000,230.052,230.450,230.546,230.950,-0.475,-0.575
2017-03-29 13:53:00,230.251,230.858,479.000,127.000,230.25,230.30,5000.000,5000.000,230.70,230.90,692.000,271.000,230.15,230.35,12500.000,5000.000,230.65,230.95,5396.000,4769.000,37500.000,27500.000,230.070,230.456,230.593,231.000,-0.525,-0.582
2017-03-29 13:54:00,230.198,230.830,100.000,885.000,230.35,230.40,2500.000,5000.000,230.80,230.90,229.000,1639.000,230.25,230.45,5000.000,2500.000,230.75,230.95,2696.000,18140.000,22500.000,27500.000,230.157,230.556,230.694,231.014,-0.475,-0.581
2017-03-29 13:55:00,230.237,230.742,300.000,112.000,230.25,230.30,2500.000,2500.000,230.75,230.85,16.000,799.000,230.20,230.35,5000.000,5000.000,230.70,230.90,4456.000,6960.000,17500.000,30000.000,230.090,230.456,230.657,230.975,-0.525,-0.599
2017-03-29 13:56:00,230.102,230.728,164.000,214.000,230.20,230.25,2500.000,5000.000,230.65,230.70,550.000,329.000,230.10,230.30,2500.000,5000.000,230.60,230.75,5478.000,13796.000,35000.000,22500.000,230.007,230.415,230.525,230.817,-0.450,-0.594
2017-03-29 13:57:00,230.211,230.714,1591.000,102.000,230.05,230.15,2500.000,2500.000,230.60,230.70,1192.000,508.000,230.00,230.20,2500.000,5000.000,230.55,230.75,9280.000,1736.000,40000.000,22500.000,229.937,230.263,230.478,230.806,-0.550,-0.613
2017-03-29 13:58:00,230.288,230.930,649.000,249.000,230.30,230.45,2500.000,7500.000,230.80,231.00,1427.000,346.000,230.25,230.50,7500.000,5000.000,230.75,231.05,4925.000,9385.000,27500.000,22500.000,230.195,230.601,230.705,231.072,-0.525,-0.602
2017-03-29 13:59:00,230.491,231.122,896.000,4.000,230.50,230.55,5000.000,2500.000,231.00,231.15,130.000,5047.000,230.45,230.60,5000.000,7500.000,230.95,231.20,3184.000,6694.000,35000.000,22500.000,230.400,230.634,230.882,231.239,-0.550,-0.583
2017-03-29 14:00:00,230.456,231.050,1123.000,23.000,230.50,230.55,2500.000,2500.000,230.95,231.10,60.000,3626.000,230.45,230.60,2500.000,5000.000,230.90,231.15,4351.000,9118.000,27500.000,20000.000,230.397,230.688,230.809,231.213,-0.500,-0.576
2017-03-29 14:01:00,230.429,231.031,454.000,53.000,230.50,230.55,2500.000,2500.000,230.95,231.10,60.000,3622.000,230.45,230.60,5000.000,7500.000,230.90,231.15,3284.000,10416.000,22500.000,22500.000,230.386,230.695,230.844,231.217,-0.500,-0.547
2017-03-29 14:02:00,230.403,231.000,522.000,156.000,230.50,230.55,2500.000,2500.000,230.95,231.05,60.000,3622.000,230.45,230.60,5000.000,5000.000,230.90,231.10,2976.000,13501.000,22500.000,22500.000,230.389,230.704,230.844,231.156,-0.475,-0.526
2017-03-29 14:03:00,230.420,231.008,240.000,144.000,230.50,230.55,2500.000,5000.000,230.90,231.10,60.000,3636.000,230.45,230.60,10000.000,5000.000,230.85,231.15,2500.000,10327.000,25000.000,22500.000,230.380,230.691,230.805,231.200,-0.475,-0.514
2017-03-29 14:04:00,230.535,231.071,1974.000,1818.000,230.60,230.75,5000.000,2500.000,231.00,231.15,110.000,3179.000,230.55,230.80,7500.000,7500.000,230.95,231.20,5623.000,24460.000,22500.000,20000.000,230.517,230.884,230.883,231.238,-0.400,-0.499
2017-03-29 14:05:00,230.548,231.105,1176.000,1632.000,230.60,230.70,2500.000,7500.000,231.00,231.15,1011.000,1996.000,230.55,230.75,7500.000,10000.000,230.95,231.20,6378.000,18637.000,40000.000,32500.000,230.501,230.837,230.881,231.231,-0.425,-0.464
2017-03-29 14:06:00,230.596,231.055,563.000,1434.000,230.70,230.75,7500.000,5000.000,231.00,231.20,56.000,352.000,230.65,230.80,7500.000,7500.000,230.95,231.25,4091.000,19971.000,25000.000,30000.000,230.545,230.917,230.895,231.296,-0.375,-0.477
2017-03-29 14:07:00,230.618,231.111,1150.000,288.000,230.70,230.75,5000.000,2500.000,231.05,231.20,2031.000,1753.000,230.65,230.80,5000.000,7500.000,231.00,231.25,7285.000,19865.000,22500.000,25000.000,230.597,230.919,230.944,231.300,-0.400,-0.473
2017-03-29 14:08:00,230.562,231.086,1820.000,3.000,230.65,230.70,2500.000,7500.000,230.95,231.15,1062.000,321.000,230.60,230.75,7500.000,7500.000,230.90,231.20,4783.000,13875.000,32500.000,30000.000,230.584,230.858,230.819,231.225,-0.375,-0.463
2017-03-29 14:09:00,230.645,231.108,1150.000,999.000,230.75,230.80,5000.000,2500.000,231.00,231.15,12.000,2531.000,230.70,230.85,5000.000,7500.000,230.95,231.20,6589.000,36972.000,37500.000,27500.000,230.619,230.956,230.853,231.250,-0.300,-0.458
2017-03-29 14:10:00,230.643,231.025,790.000,1903.000,230.70,230.75,5000.000,2500.000,231.00,231.05,1859.000,3932.000,230.65,230.80,10000.000,5000.000,230.95,231.10,9048.000,24389.000,25000.000,25000.000,230.580,230.891,230.920,231.185,-0.300,-0.480
2017-03-29 14:11:00,230.632,231.152,794.000,86.000,230.70,230.75,5000.000,2500.000,231.05,231.15,1369.000,30.000,230.65,230.80,2500.000,5000.000,231.00,231.20,7122.000,15355.000,35000.000,17500.000,230.584,230.927,230.879,231.243,-0.375,-0.454
2017-03-29 14:12:00,230.637,231.113,2858.000,65.000,230.65,230.70,2500.000,5000.000,231.00,231.15,1326.000,50.000,230.60,230.75,5000.000,7500.000,230.95,231.20,8679.000,7470.000,32500.000,27500.000,230.558,230.894,230.827,231.236,-0.400,-0.436
2017-03-29 14:13:00,230.614,231.088,425.000,58.000,230.75,230.80,5000.000,2500.000,231.05,231.15,2693.000,53.000,230.65,230.85,5000.000,5000.000,231.00,231.20,9284.000,34637.000,20000.000,20000.000,230.585,230.967,230.969,231.256,-0.325,-0.421
2017-03-29 14:14:00,230.649,231.087,123.000,63.000,230.70,230.75,2500.000,2500.000,231.05,231.15,2259.000,31.000,230.65,230.80,5000.000,5000.000,231.00,231.20,8681.000,15566.000,17500.000,20000.000,230.577,230.926,230.950,231.256,-0.375,-0.403
2017-03-29 14:15:00,230.610,231.100,2232.000,43.000,230.65,230.75,2500.000,2500.000,231.05,231.15,1910.000,151.000,230.60,230.80,2500.000,5000.000,231.00,231.20,9068.000,15646.000,22500.000,22500.000,230.557,230.925,230.906,231.256,-0.400,-0.387
2017-03-29 14:16:00,230.652,231.043,1150.000,57.000,230.75,230.80,2500.000,5000.000,231.00,231.10,5.000,4769.000,230.70,230.85,5000.000,5000.000,230.95,231.15,6557.000,37126.000,27500.000,30000.000,230.620,230.947,230.864,231.196,-0.275,-0.397
2017-03-29 14:17:00,230.671,231.058,699.000,5745.000,230.75,230.80,7500.000,5000.000,231.00,231.10,5.000,3603.000,230.70,230.85,7500.000,5000.000,230.95,231.15,6342.000,34017.000,32500.000,30000.000,230.610,230.929,230.900,231.196,-0.275,-0.398
2017-03-29 14:18:00,230.651,231.052,349.000,222.000,230.75,230.80,2500.000,2500.000,230.95,231.10,80.000,3603.000,230.70,230.85,5000.000,7500.000,230.90,231.15,6134.000,33617.000,30000.000,30000.000,230.603,230.953,230.817,231.204,-0.250,-0.394
2017-03-29 14:19:00,230.638,230.982,500.000,1616.000,230.70,230.75,2500.000,2500.000,230.90,231.00,1512.000,4395.000,230.65,230.80,7500.000,2500.000,230.85,231.05,6787.000,29847.000,42500.000,27500.000,230.573,230.867,230.782,231.127,-0.225,-0.414
2017-03-29 14:20:00,230.598,231.008,1658.000,429.000,230.65,230.70,7500.000,7500.000,230.90,231.05,1128.000,1568.000,230.60,230.75,10000.000,7500.000,230.85,231.10,7671.000,16473.000,45000.000,35000.000,230.541,230.851,230.786,231.143,-0.300,-0.428
2017-03-29 14:21:00,230.644,231.088,191.000,580.000,230.75,230.80,2500.000,7500.000,230.95,231.15,1954.000,105.000,230.70,230.85,15000.000,10000.000,230.90,231.20,8061.000,30057.000,37500.000,32500.000,230.624,230.981,230.840,231.238,-0.275,-0.427
2017-03-29 14:22:00,230.630,231.019,1761.000,76.000,230.70,230.75,7500.000,2500.000,230.90,231.05,1877.000,1144.000,230.65,230.80,12500.000,5000.000,230.85,231.10,7574.000,19272.000,47500.000,25000.000,230.603,230.905,230.808,231.165,-0.250,-0.437
2017-03-29 14:23:00,230.625,231.006,1080.000,74.000,230.70,230.75,7500.000,2500.000,230.90,231.05,1518.000,5556.000,230.65,230.80,10000.000,2500.000,230.85,231.10,6873.000,26182.000,37500.000,22500.000,230.588,230.887,230.807,231.172,-0.250,-0.453
2017-03-29 14:24:00,230.669,231.115,2280.000,31.000,230.75,230.85,7500.000,5000.000,231.00,231.15,1819.000,446.000,230.70,230.90,2500.000,10000.000,230.95,231.20,7814.000,36740.000,45000.000,30000.000,230.655,230.990,230.875,231.233,-0.275,-0.452
2017-03-29 14:25:00,230.663,231.141,2429.000,134.000,230.75,230.85,5000.000,5000.000,231.00,231.15,1753.000,662.000,230.70,230.90,5000.000,10000.000,230.95,231.20,6797.000,36948.000,55000.000,30000.000,230.672,230.986,230.882,231.229,-0.275,-0.442
2017-03-29 14:26:00,230.672,231.113,2429.000,136.000,230.75,230.85,7500.000,7500.000,231.00,231.15,1803.000,523.000,230.70,230.90,5000.000,12500.000,230.95,231.20,7900.000,36845.000,45000.000,35000.000,230.655,230.987,230.886,231.221,-0.275,-0.424
2017-03-29 14:27:00,230.678,231.117,2409.000,5123.000,230.75,230.85,7500.000,2500.000,231.00,231.15,1701.000,418.000,230.70,230.90,5000.000,10000.000,230.95,231.20,7858.000,36038.000,45000.000,30000.000,230.656,230.980,230.889,231.238,-0.275,-0.406
2017-03-29 14:28:00,230.671,231.133,1578.000,3532.000,230.75,230.85,5000.000,2500.000,231.00,231.15,1701.000,419.000,230.70,230.90,2500.000,10000.000,230.95,231.20,6858.000,34300.000,50000.000,30000.000,230.648,230.985,230.875,231.242,-0.275,-0.371
2017-03-29 14:29:00,230.609,231.048,2496.000,2406.000,230.70,230.80,2500.000,2500.000,230.95,231.10,282.000,4292.000,230.65,230.85,10000.000,5000.000,230.90,231.15,7032.000,37750.000,42500.000,32500.000,230.593,230.947,230.850,231.231,-0.275,-0.370
2017-03-29 14:30:00,230.648,231.077,2389.000,770.000,230.75,230.80,2500.000,7500.000,230.95,231.10,1341.000,4592.000,230.70,230.85,5000.000,5000.000,230.90,231.15,6369.000,34967.000,40000.000,35000.000,230.664,230.945,230.816,231.211,-0.250,-0.382
2017-03-29 14:31:00,230.924,231.273,981.000,4935.000,231.00,231.05,2500.000,5000.000,231.20,231.25,75.000,8626.000,230.95,231.10,2500.000,5000.000,231.15,231.35,4215.000,35212.000,32500.000,27500.000,230.881,231.155,231.073,231.395,-0.200,-0.411
2017-03-29 14:32:00,230.649,230.997,1162.000,517.000,230.70,230.80,2500.000,2500.000,230.90,231.05,216.000,60.000,230.65,230.85,10000.000,2500.000,230.85,231.10,6238.000,20211.000,22500.000,15000.000,230.571,230.937,230.811,231.167,-0.225,-0.430
2017-03-29 14:33:00,230.815,231.103,1268.000,46.000,230.70,230.75,2500.000,5000.000,231.00,231.20,305.000,3.000,230.65,230.80,10000.000,7500.000,230.95,231.25,6152.000,1344.000,20000.000,20000.000,230.576,230.906,230.919,231.275,-0.375,-0.461
2017-03-29 14:34:00,230.511,230.948,891.000,79.000,230.40,230.50,2500.000,7500.000,230.70,230.95,925.000,5.000,230.35,230.55,2500.000,2500.000,230.65,231.05,4627.000,1468.000,37500.000,20000.000,230.299,230.674,230.570,231.069,-0.375,-0.456
2017-03-29 14:35:00,230.354,230.840,310.000,3.000,230.40,230.55,2500.000,2500.000,230.75,230.90,972.000,275.000,230.35,230.60,2500.000,2500.000,230.70,230.95,6680.000,14844.000,20000.000,17500.000,230.274,230.741,230.631,231.014,-0.350,-0.444
2017-03-29 14:36:00,230.294,230.789,1559.000,426.000,230.30,230.50,2500.000,7500.000,230.70,230.85,1588.000,941.000,230.25,230.55,5000.000,5000.000,230.65,230.90,6935.000,12998.000,22500.000,25000.000,230.205,230.666,230.583,230.940,-0.375,-0.434
2017-03-29 14:37:00,230.230,230.673,74.000,23.000,230.10,230.20,2500.000,2500.000,230.55,230.70,750.000,489.000,230.05,230.30,10000.000,2500.000,230.50,230.75,7557.000,4806.000,25000.000,12500.000,229.948,230.390,230.455,230.800,-0.475,-0.448
2017-03-29 14:38:00,229.832,230.274,300.000,1183.000,229.85,229.95,2500.000,5000.000,230.15,230.35,2930.000,1426.000,229.80,230.00,5000.000,5000.000,230.10,230.40,3461.000,6177.000,27500.000,30000.000,229.799,230.063,230.032,230.500,-0.350,-0.494
2017-03-29 14:39:00,229.887,230.300,395.000,378.000,229.80,229.90,2500.000,2500.000,230.20,230.35,575.000,414.000,229.75,229.95,5000.000,7500.000,230.15,230.40,3340.000,2596.000,30000.000,25000.000,229.655,230.016,230.079,230.455,-0.425,-0.541
2017-03-29 14:40:00,229.958,230.386,296.000,43.000,229.80,229.95,7500.000,2500.000,230.30,230.45,619.000,336.000,229.75,230.00,10000.000,10000.000,230.25,230.50,7667.000,3335.000,35000.000,27500.000,229.655,230.106,230.218,230.550,-0.500,-0.571
2017-03-29 14:41:00,229.928,230.371,398.000,2.000,229.75,229.85,10000.000,10000.000,230.25,230.45,6.000,454.000,229.70,229.95,5000.000,10000.000,230.20,230.50,7063.000,2729.000,37500.000,32500.000,229.598,230.035,230.163,230.519,-0.550,-0.613
2017-03-29 14:42:00,229.811,230.326,1510.000,101.000,229.75,229.80,7500.000,5000.000,230.25,230.40,26.000,2.000,229.70,229.85,5000.000,5000.000,230.20,230.45,7662.000,4222.000,37500.000,40000.000,229.601,229.988,230.153,230.550,-0.550,-0.617
2017-03-29 14:43:00,229.336,230.007,346.000,292.000,229.50,229.55,10000.000,2500.000,229.95,230.10,309.000,564.000,229.45,229.60,10000.000,5000.000,229.90,230.15,1156.000,9963.000,30000.000,25000.000,229.400,229.703,229.879,230.215,-0.500,-0.591
2017-03-29 14:44:00,229.703,230.350,1791.000,992.000,229.65,229.80,10000.000,7500.000,230.20,230.40,1418.000,318.000,229.60,229.90,2500.000,7500.000,230.15,230.45,8225.000,10897.000,47500.000,32500.000,229.539,229.979,230.089,230.485,-0.575,-0.563
2017-03-29 14:45:00,229.835,230.415,1625.000,4.000,229.85,229.95,7500.000,5000.000,230.35,230.50,790.000,581.000,229.80,230.00,5000.000,2500.000,230.30,230.55,4435.000,6571.000,32500.000,32500.000,229.759,230.105,230.262,230.608,-0.525,-0.547
2017-03-29 14:46:00,229.985,230.636,233.000,67.000,230.05,230.10,5000.000,2500.000,230.55,230.70,283.000,249.000,230.00,230.15,10000.000,5000.000,230.50,230.75,2995.000,8388.000,37500.000,35000.000,229.889,230.263,230.447,230.836,-0.550,-0.516
2017-03-29 14:47:00,230.006,230.544,1233.000,248.000,230.00,230.15,7500.000,2500.000,230.50,230.65,414.000,235.000,229.95,230.20,5000.000,5000.000,230.45,230.70,4932.000,9212.000,27500.000,32500.000,229.900,230.274,230.409,230.800,-0.500,-0.500
2017-03-29 14:48:00,230.179,230.720,1251.000,642.000,230.10,230.35,7500.000,10000.000,230.60,230.80,1064.000,3447.000,230.05,230.40,7500.000,2500.000,230.55,230.85,7706.000,11132.000,40000.000,30000.000,230.003,230.456,230.509,230.883,-0.475,-0.491
2017-03-29 14:49:00,230.184,230.693,904.000,12.000,230.15,230.25,5000.000,5000.000,230.60,230.75,445.000,3046.000,230.10,230.35,5000.000,7500.000,230.55,230.80,6368.000,9330.000,30000.000,25000.000,230.020,230.428,230.492,230.835,-0.475,-0.484
2017-03-29 14:50:00,230.211,230.708,1211.000,17.000,230.25,230.30,2500.000,5000.000,230.65,230.80,240.000,207.000,230.20,230.35,2500.000,5000.000,230.60,230.85,4366.000,6839.000,27500.000,37500.000,230.129,230.474,230.500,230.920,-0.450,-0.485
2017-03-29 14:51:00,230.134,230.632,1044.000,39.000,230.20,230.30,5000.000,10000.000,230.55,230.70,131.000,2350.000,230.15,230.35,5000.000,2500.000,230.50,230.75,3674.000,11776.000,25000.000,25000.000,230.095,230.451,230.455,230.770,-0.375,-0.470
2017-03-29 14:52:00,230.079,230.532,150.000,1943.000,230.15,230.25,7500.000,7500.000,230.45,230.60,256.000,1113.000,230.10,230.30,2500.000,5000.000,230.40,230.65,3811.000,16622.000,27500.000,27500.000,230.004,230.394,230.350,230.686,-0.325,-0.438
2017-03-29 14:53:00,230.122,230.618,1004.000,3.000,230.20,230.35,5000.000,10000.000,230.55,230.70,125.000,2223.000,230.15,230.40,5000.000,5000.000,230.50,230.75,4399.000,19962.000,22500.000,27500.000,230.069,230.507,230.467,230.768,-0.350,-0.424
2017-03-29 14:54:00,230.376,230.852,1143.000,565.000,230.40,230.50,2500.000,7500.000,230.80,230.90,624.000,220.000,230.35,230.55,5000.000,5000.000,230.75,230.95,5597.000,10952.000,27500.000,35000.000,230.290,230.644,230.677,230.982,-0.400,-0.416
2017-03-29 14:55:00,230.476,230.977,724.000,19.000,230.55,230.65,7500.000,10000.000,230.85,231.00,282.000,2374.000,230.50,230.70,7500.000,5000.000,230.80,231.05,4340.000,17363.000,40000.000,25000.000,230.412,230.802,230.747,231.075,-0.325,-0.409
2017-03-29 14:56:00,230.544,230.971,1374.000,1568.000,230.55,230.70,2500.000,5000.000,230.95,231.00,1460.000,1907.000,230.50,230.75,2500.000,5000.000,230.90,231.05,7689.000,16838.000,22500.000,25000.000,230.452,230.822,230.839,231.105,-0.350,-0.424
2017-03-29 14:57:00,230.750,231.043,806.000,100.000,230.65,230.70,2500.000,2500.000,230.95,231.10,784.000,54.000,230.60,230.75,5000.000,10000.000,230.90,231.15,4803.000,1522.000,27500.000,27500.000,230.522,230.848,230.823,231.191,-0.350,-0.464
2017-03-29 14:58:00,230.203,230.626,37.000,1731.000,230.30,230.40,5000.000,5000.000,230.55,230.70,60.000,854.000,230.20,230.45,5000.000,2500.000,230.50,230.75,5165.000,23369.000,25000.000,22500.000,230.099,230.528,230.465,230.800,-0.275,-0.462
2017-03-29 14:59:00,229.908,230.343,726.000,1917.000,230.00,230.05,7500.000,2500.000,230.30,230.40,712.000,85.000,229.95,230.15,7500.000,7500.000,230.25,230.45,4459.000,22854.000,30000.000,27500.000,229.898,230.244,230.213,230.514,-0.325,-0.469
2017-03-29 15:00:00,230.346,230.811,583.000,118.000,230.40,230.45,10000.000,2500.000,230.75,230.90,18.000,51.000,230.35,230.50,7500.000,10000.000,230.70,230.95,2838.000,6317.000,27500.000,27500.000,230.272,230.609,230.686,230.991,-0.400,-0.464
2017-03-29 15:01:00,230.260,230.762,648.000,86.000,230.40,230.45,2500.000,5000.000,230.75,230.80,140.000,4305.000,230.30,230.50,5000.000,2500.000,230.70,230.85,2372.000,16463.000,20000.000,22500.000,230.258,230.583,230.650,230.911,-0.350,-0.440
2017-03-29 15:02:00,230.289,230.782,898.000,60.000,230.35,230.50,5000.000,5000.000,230.70,230.90,239.000,491.000,230.30,230.55,5000.000,2500.000,230.65,230.95,2485.000,10432.000,20000.000,22500.000,230.252,230.635,230.619,230.994,-0.375,-0.431
2017-03-29 15:03:00,230.302,230.717,383.000,2087.000,230.40,230.45,5000.000,7500.000,230.65,230.80,37.000,151.000,230.35,230.50,5000.000,2500.000,230.60,230.85,2094.000,14673.000,22500.000,22500.000,230.259,230.589,230.556,230.894,-0.300,-0.405
2017-03-29 15:04:00,230.220,230.690,926.000,435.000,230.30,230.40,2500.000,7500.000,230.60,230.75,7.000,2663.000,230.25,230.45,5000.000,7500.000,230.55,230.80,3653.000,15160.000,25000.000,25000.000,230.196,230.548,230.495,230.825,-0.325,-0.393
2017-03-29 15:05:00,230.309,230.748,452.000,1463.000,230.45,230.50,2500.000,7500.000,230.65,230.80,264.000,7300.000,230.35,230.60,7500.000,5000.000,230.60,230.85,2604.000,28780.000,30000.000,25000.000,230.277,230.674,230.525,230.890,-0.250,-0.380
2017-03-29 15:06:00,230.375,230.758,1171.000,5616.000,230.40,230.60,2500.000,5000.000,230.70,230.80,973.000,3044.000,230.35,230.65,12500.000,5000.000,230.65,230.85,5289.000,24882.000,32500.000,27500.000,230.301,230.693,230.596,230.914,-0.250,-0.373
2017-03-29 15:07:00,230.418,230.868,1212.000,2251.000,230.50,230.75,5000.000,5000.000,230.80,230.95,913.000,769.000,230.45,230.80,10000.000,10000.000,230.75,231.00,3572.000,26601.000,30000.000,32500.000,230.436,230.885,230.708,231.042,-0.250,-0.366
2017-03-29 15:08:00,230.553,230.836,255.000,2435.000,230.65,230.70,5000.000,7500.000,230.75,230.90,34.000,3492.000,230.60,230.75,5000.000,2500.000,230.70,230.95,852.000,21561.000,27500.000,25000.000,230.526,230.808,230.655,230.990,-0.150,-0.354
2017-03-29 15:09:00,230.573,230.983,1057.000,2378.000,230.65,230.85,5000.000,7500.000,230.90,231.05,1874.000,1794.000,230.60,230.90,7500.000,2500.000,230.85,231.10,6015.000,39251.000,35000.000,32500.000,230.561,230.983,230.793,231.154,-0.225,-0.323
2017-03-29 15:10:00,230.600,230.971,119.000,37.000,230.75,230.80,2500.000,7500.000,230.90,231.05,135.000,1134.000,230.70,230.85,5000.000,5000.000,230.85,231.10,1779.000,28912.000,27500.000,32500.000,230.616,230.970,230.777,231.150,-0.200,-0.300
2017-03-29 15:11:00,230.635,230.984,30.000,1330.000,230.80,230.85,2500.000,7500.000,230.95,231.05,393.000,3588.000,230.70,230.90,10000.000,10000.000,230.90,231.10,2133.000,38169.000,27500.000,35000.000,230.601,230.988,230.850,231.146,-0.175,-0.269
2017-03-29 15:12:00,230.621,231.039,665.000,211.000,230.80,230.85,10000.000,7500.000,230.95,231.10,244.000,565.000,230.70,230.90,5000.000,2500.000,230.90,231.15,2821.000,29556.000,37500.000,32500.000,230.643,231.013,230.843,231.204,-0.200,-0.231
2017-03-29 15:13:00,230.504,230.723,8.000,1.000,230.60,230.65,5000.000,2500.000,230.70,230.80,98.000,7568.000,230.55,230.70,7500.000,7500.000,230.65,230.85,1890.000,26534.000,25000.000,30000.000,230.444,230.768,230.610,230.917,-0.125,-0.261
2017-03-29 15:14:00,230.679,230.938,738.000,6512.000,230.75,230.85,2500.000,5000.000,230.85,230.95,818.000,7939.000,230.70,230.90,10000.000,7500.000,230.80,231.00,3206.000,38283.000,45000.000,30000.000,230.645,230.944,230.739,231.046,-0.100,-0.279
2017-03-29 15:15:00,230.674,230.930,202.000,4558.000,230.75,230.85,2500.000,2500.000,230.85,230.95,10.000,8139.000,230.70,230.90,5000.000,10000.000,230.80,231.00,2452.000,35838.000,32500.000,25000.000,230.595,230.949,230.731,231.050,-0.100,-0.295
2017-03-29 15:16:00,230.781,230.971,384.000,3835.000,230.85,230.90,5000.000,2500.000,230.90,231.00,75.000,5578.000,230.80,230.95,7500.000,5000.000,230.85,231.05,1907.000,28193.000,40000.000,30000.000,230.737,230.985,230.784,231.121,-0.075,-0.313
2017-03-29 15:17:00,230.754,230.985,28.000,360.000,230.85,230.90,2500.000,7500.000,230.90,231.05,150.000,7240.000,230.80,230.95,2500.000,7500.000,230.85,231.10,992.000,32762.000,37500.000,40000.000,230.707,231.004,230.763,231.153,-0.100,-0.330
2017-03-29 15:18:00,230.433,230.803,198.000,85.000,230.65,230.70,10000.000,7500.000,230.70,230.90,354.000,359.000,230.50,230.75,5000.000,2500.000,230.65,230.95,2477.000,19567.000,25000.000,22500.000,230.436,230.867,230.635,230.978,-0.125,-0.325
2017-03-29 15:19:00,230.547,230.893,11.000,310.000,230.75,230.80,2500.000,5000.000,230.80,230.95,359.000,3375.000,230.60,230.85,7500.000,7500.000,230.75,231.00,2775.000,33697.000,27500.000,25000.000,230.516,230.935,230.700,231.030,-0.100,-0.310
2017-03-29 15:20:00,230.478,230.817,188.000,333.000,230.65,230.70,2500.000,2500.000,230.75,230.90,785.000,842.000,230.55,230.75,10000.000,5000.000,230.70,230.95,2631.000,18851.000,25000.000,25000.000,230.499,230.868,230.660,231.005,-0.150,-0.284
2017-03-29 15:21:00,230.497,230.775,192.000,6927.000,230.55,230.75,5000.000,7500.000,230.70,230.85,6.000,6454.000,230.50,230.80,2500.000,10000.000,230.65,230.90,2126.000,30659.000,25000.000,30000.000,230.384,230.833,230.595,230.925,-0.125,-0.282
2017-03-29 15:22:00,230.357,230.675,804.000,68.000,230.40,230.45,5000.000,7500.000,230.55,230.75,750.000,1300.000,230.35,230.60,7500.000,7500.000,230.50,230.80,4454.000,12743.000,25000.000,25000.000,230.269,230.699,230.460,230.840,-0.225,-0.278
2017-03-29 15:23:00,230.383,230.727,176.000,456.000,230.50,230.65,5000.000,2500.000,230.65,230.85,15.000,415.000,230.45,230.70,2500.000,2500.000,230.60,230.90,1315.000,17296.000,17500.000,20000.000,230.335,230.800,230.564,230.956,-0.175,-0.249
2017-03-29 15:24:00,230.509,230.781,60.000,3365.000,230.55,230.75,2500.000,2500.000,230.75,230.85,1451.000,5851.000,230.50,230.80,5000.000,7500.000,230.70,230.90,3690.000,23410.000,17500.000,22500.000,230.435,230.847,230.643,230.944,-0.150,-0.260
2017-03-29 15:25:00,230.604,230.813,853.000,677.000,230.70,230.75,2500.000,2500.000,230.80,230.90,735.000,5953.000,230.65,230.85,5000.000,2500.000,230.75,230.95,2074.000,25527.000,20000.000,27500.000,230.654,230.912,230.688,231.032,-0.125,-0.299
2017-03-29 15:26:00,230.470,230.736,129.000,50.000,230.60,230.65,2500.000,12500.000,230.70,230.80,60.000,3578.000,230.50,230.70,2500.000,7500.000,230.65,230.90,1529.000,19199.000,17500.000,35000.000,230.439,230.753,230.593,230.904,-0.125,-0.299
2017-03-29 15:27:00,230.311,230.610,465.000,1.000,230.40,230.45,2500.000,7500.000,230.55,230.70,551.000,185.000,230.35,230.50,2500.000,7500.000,230.50,230.75,3134.000,12890.000,25000.000,37500.000,230.318,230.650,230.425,230.783,-0.200,-0.299
2017-03-29 15:28:00,230.285,230.484,138.000,1108.000,230.35,230.45,2500.000,5000.000,230.45,230.55,807.000,6364.000,230.30,230.50,2500.000,12500.000,230.40,230.60,1081.000,15270.000,22500.000,32500.000,230.295,230.531,230.339,230.638,-0.100,-0.299
2017-03-29 15:29:00,230.158,230.482,160.000,50.000,230.30,230.40,2500.000,15000.000,230.45,230.60,1.000,1000.000,230.25,230.45,5000.000,2500.000,230.40,230.65,1347.000,15310.000,20000.000,35000.000,230.118,230.529,230.356,230.689,-0.175,-0.299
2017-03-29 15:30:00,230.227,230.631,293.000,777.000,230.15,230.45,2500.000,12500.000,230.45,230.80,938.000,549.000,230.10,230.50,2500.000,2500.000,230.40,230.90,4103.000,7631.000,17500.000,22500.000,229.973,230.674,230.243,230.883,-0.325,-0.299
2017-03-30 09:16:00,230.694,230.905,9.000,557.000,230.75,230.90,2500.000,2500.000,230.80,231.05,231.000,45.000,230.70,230.95,2500.000,2500.000,230.75,231.10,6766.000,34162.000,12500.000,12500.000,230.607,231.025,230.620,231.190,-0.100,-0.179
2017-03-30 09:17:00,230.811,231.025,177.000,92.000,230.85,230.90,2500.000,2500.000,231.00,231.10,3361.000,21.000,230.80,230.95,2500.000,2500.000,230.90,231.15,13292.000,30912.000,12500.000,12500.000,230.720,231.034,230.850,231.200,-0.175,-0.167
2017-03-30 09:18:00,230.861,231.171,3881.000,15.000,230.80,230.95,2500.000,2500.000,231.05,231.25,3264.000,17419.000,230.75,231.00,2500.000,2500.000,230.95,231.30,13290.000,18587.000,15000.000,15000.000,230.724,231.007,230.892,231.450,-0.275,-0.146
2017-03-30 09:19:00,230.978,231.139,906.000,73.000,230.85,230.95,2500.000,7500.000,231.00,231.20,1720.000,2247.000,230.80,231.00,2500.000,2500.000,230.95,231.25,10002.000,4480.000,17500.000,17500.000,230.718,231.056,230.886,231.293,-0.200,-0.140
2017-03-30 09:20:00,230.788,230.904,3389.000,2.000,230.65,230.75,2500.000,2500.000,230.80,231.00,22.000,314.000,230.60,230.80,2500.000,5000.000,230.75,231.05,10357.000,2343.000,17500.000,17500.000,230.548,230.893,230.650,231.100,-0.200,-0.161
2017-03-30 09:21:00,230.840,230.936,2.000,129.000,230.85,230.90,2500.000,5000.000,230.90,231.10,245.000,1121.000,230.80,230.95,2500.000,2500.000,230.80,231.15,9225.000,14149.000,20000.000,25000.000,230.656,231.075,230.744,231.215,-0.125,-0.187
2017-03-30 09:22:00,230.727,230.881,298.000,70.000,230.70,230.85,5000.000,5000.000,230.75,231.00,8094.000,708.000,230.65,230.90,2500.000,7500.000,230.70,231.05,14393.000,18927.000,20000.000,20000.000,230.595,230.996,230.631,231.075,-0.100,-0.197
2017-03-30 09:23:00,229.632,229.836,49.000,118.000,229.70,229.80,2500.000,2500.000,229.85,230.00,408.000,779.000,229.65,229.85,2500.000,2500.000,229.60,230.05,4994.000,13289.000,12500.000,15000.000,229.559,229.984,229.590,230.158,-0.175,-0.202
2017-03-30 09:24:00,229.735,229.867,589.000,56.000,229.55,229.65,2500.000,5000.000,229.70,229.95,360.000,5.000,229.50,229.70,2500.000,2500.000,229.65,230.00,5647.000,911.000,17500.000,20000.000,229.410,229.804,229.571,230.100,-0.225,-0.236
2017-03-30 09:25:00,229.489,229.706,41.000,10.000,229.45,229.50,2500.000,5000.000,229.55,229.80,589.000,13.000,229.40,229.55,2500.000,2500.000,229.50,229.85,4204.000,3362.000,17500.000,22500.000,229.278,229.691,229.436,230.017,-0.200,-0.252
2017-03-30 09:26:00,229.553,229.779,41.000,658.000,229.70,229.75,2500.000,5000.000,229.65,229.95,8.000,320.000,229.65,229.80,7500.000,2500.000,229.55,230.00,910.000,20124.000,17500.000,17500.000,229.531,229.913,229.514,230.036,-0.075,-0.268
2017-03-30 09:27:00,229.573,229.776,937.000,37.000,229.50,229.60,2500.000,5000.000,229.60,229.90,515.000,69.000,229.45,229.65,2500.000,5000.000,229.55,229.95,4535.000,3399.000,22500.000,20000.000,229.382,229.722,229.483,230.006,-0.200,-0.277
2017-03-30 09:28:00,229.999,230.228,563.000,59.000,229.80,229.95,7500.000,5000.000,230.05,230.30,2463.000,115.000,229.75,230.00,2500.000,2500.000,230.00,230.45,8129.000,1316.000,22500.000,17500.000,229.694,230.106,229.939,230.493,-0.300,-0.302
2017-03-30 09:29:00,230.087,230.391,1586.000,70.000,230.10,230.15,5000.000,2500.000,230.25,230.45,455.000,795.000,230.05,230.20,5000.000,5000.000,230.20,230.50,4541.000,5607.000,22500.000,20000.000,230.012,230.286,230.144,230.569,-0.225,-0.292
2017-03-30 09:30:00,230.042,230.341,209.000,3379.000,230.00,230.10,2500.000,2500.000,230.20,230.40,160.000,266.000,229.95,230.15,2500.000,2500.000,230.15,230.45,3516.000,5920.000,22500.000,17500.000,229.881,230.163,230.067,230.507,-0.250,-0.288
2017-03-30 09:31:00,229.910,230.214,178.000,130.000,230.00,230.05,5000.000,2500.000,230.15,230.30,96.000,999.000,229.90,230.10,2500.000,2500.000,230.10,230.35,6046.000,13037.000,22500.000,22500.000,229.814,230.219,230.033,230.467,-0.200,-0.279
2017-03-30 09:32:00,230.074,230.321,414.000,69.000,230.00,230.05,5000.000,5000.000,230.15,230.40,568.000,101.000,229.90,230.10,2500.000,2500.000,230.10,230.45,7163.000,2833.000,27500.000,20000.000,229.811,230.225,230.000,230.494,-0.250,-0.304
2017-03-30 09:33:00,230.259,230.617,834.000,174.000,230.15,230.30,2500.000,2500.000,230.40,230.65,2433.000,175.000,230.10,230.35,2500.000,5000.000,230.35,230.70,8079.000,4507.000,27500.000,17500.000,230.039,230.464,230.268,230.757,-0.300,-0.288
2017-03-30 09:34:00,230.217,230.470,5.000,1492.000,230.20,230.35,2500.000,5000.000,230.35,230.60,166.000,332.000,230.15,230.40,5000.000,5000.000,230.30,230.65,4585.000,8601.000,17500.000,20000.000,230.034,230.493,230.250,230.694,-0.200,-0.301
2017-03-30 09:35:00,230.118,230.397,72.000,419.000,230.15,230.20,5000.000,5000.000,230.25,230.50,110.000,466.000,230.05,230.25,2500.000,2500.000,230.20,230.55,3340.000,4614.000,20000.000,17500.000,229.949,230.357,230.150,230.586,-0.200,-0.300
2017-03-30 09:36:00,230.012,230.273,1.000,178.000,230.05,230.15,5000.000,2500.000,230.15,230.40,377.000,165.000,230.00,230.20,2500.000,2500.000,230.05,230.45,4127.000,8519.000,27500.000,22500.000,229.886,230.334,230.018,230.567,-0.175,-0.324
2017-03-30 09:37:00,230.019,230.387,50.000,88.000,230.10,230.20,2500.000,2500.000,230.20,230.40,410.000,601.000,230.05,230.25,2500.000,2500.000,230.15,230.50,2676.000,10142.000,30000.000,20000.000,229.950,230.368,230.058,230.556,-0.150,-0.281
2017-03-30 09:38:00,230.287,230.566,462.000,11.000,230.25,230.30,5000.000,2500.000,230.40,230.65,924.000,74.000,230.20,230.35,5000.000,7500.000,230.35,230.70,4183.000,3566.000,22500.000,17500.000,230.117,230.522,230.306,230.750,-0.250,-0.286
2017-03-30 09:39:00,230.022,230.339,2781.000,111.000,230.00,230.10,2500.000,10000.000,230.25,230.40,225.000,360.000,229.95,230.20,5000.000,5000.000,230.10,230.45,6304.000,5728.000,27500.000,27500.000,229.927,230.324,230.045,230.505,-0.275,-0.289
2017-03-30 09:40:00,229.956,230.229,1468.000,65.000,230.00,230.05,2500.000,5000.000,230.10,230.30,19.000,121.000,229.95,230.10,7500.000,2500.000,230.05,230.35,7475.000,10067.000,27500.000,20000.000,229.809,230.227,230.000,230.406,-0.175,-0.308
2017-03-30 09:41:00,230.009,230.393,235.000,76.000,230.10,230.15,7500.000,2500.000,230.15,230.40,627.000,74.000,230.05,230.20,5000.000,5000.000,230.10,230.45,3640.000,8768.000,35000.000,15000.000,229.988,230.346,230.043,230.508,-0.150,-0.300
2017-03-30 09:42:00,230.235,230.386,239.000,201.000,230.10,230.15,2500.000,2500.000,230.25,230.45,1069.000,86.000,230.05,230.20,5000.000,5000.000,230.20,230.50,8161.000,1105.000,22500.000,22500.000,229.979,230.285,230.133,230.628,-0.225,-0.332
2017-03-30 09:43:00,230.076,230.382,2705.000,123.000,230.05,230.10,2500.000,2500.000,230.30,230.40,5094.000,129.000,230.00,230.15,2500.000,2500.000,230.25,230.45,10701.000,4416.000,20000.000,15000.000,229.993,230.272,230.144,230.517,-0.275,-0.319
2017-03-30 09:44:00,229.900,230.231,3096.000,249.000,230.00,230.05,5000.000,2500.000,230.10,230.25,50.000,122.000,229.90,230.10,5000.000,2500.000,230.05,230.30,8539.000,18126.000,30000.000,15000.000,229.855,230.224,230.004,230.350,-0.150,-0.299
2017-03-30 09:45:00,229.892,230.260,3155.000,111.000,230.00,230.05,2500.000,5000.000,230.15,230.25,267.000,72.000,229.95,230.10,2500.000,2500.000,230.10,230.35,6381.000,23482.000,30000.000,22500.000,229.915,230.224,230.021,230.389,-0.175,-0.281
2017-03-30 09:46:00,229.942,230.287,104.000,3.000,230.05,230.10,2500.000,2500.000,230.15,230.30,4279.000,199.000,230.00,230.15,2500.000,2500.000,230.10,230.35,5281.000,20453.000,30000.000,17500.000,229.979,230.267,230.021,230.407,-0.150,-0.245
2017-03-30 09:47:00,229.925,230.234,1546.000,635.000,230.00,230.10,2500.000,2500.000,230.15,230.25,944.000,281.000,229.90,230.15,2500.000,5000.000,230.10,230.35,9819.000,23536.000,25000.000,22500.000,229.824,230.256,230.035,230.406,-0.150,-0.212
2017-03-30 09:48:00,229.647,229.891,154.000,110.000,229.70,229.75,2500.000,2500.000,229.75,229.85,119.000,3590.000,229.65,229.80,5000.000,5000.000,229.70,230.05,6165.000,19837.000,30000.000,25000.000,229.545,229.883,229.629,230.105,-0.075,-0.192
2017-03-30 09:49:00,229.587,229.814,1825.000,500.000,229.60,229.65,2500.000,5000.000,229.80,229.90,776.000,75.000,229.55,229.70,5000.000,5000.000,229.65,230.00,10906.000,11810.000,20000.000,25000.000,229.495,229.818,229.600,230.040,-0.225,-0.187
2017-03-30 09:50:00,229.525,229.803,586.000,136.000,229.55,229.60,2500.000,2500.000,229.75,229.85,3487.000,56.000,229.50,229.65,5000.000,2500.000,229.60,229.90,10093.000,11118.000,22500.000,17500.000,229.450,229.784,229.550,229.993,-0.225,-0.174
2017-03-30 09:51:00,229.472,229.639,2708.000,5772.000,229.50,229.65,2500.000,10000.000,229.60,229.75,310.000,5918.000,229.45,229.70,2500.000,5000.000,229.55,229.80,5090.000,26832.000,17500.000,30000.000,229.428,229.725,229.486,229.842,-0.100,-0.185
2017-03-30 09:52:00,229.116,229.258,606.000,147.000,229.10,229.25,2500.000,5000.000,229.15,229.40,1254.000,2727.000,229.05,229.30,2500.000,2500.000,229.10,229.45,9838.000,16765.000,20000.000,25000.000,229.004,229.369,229.025,229.505,-0.100,-0.199
2017-03-30 09:53:00,229.489,229.632,1874.000,66.000,229.35,229.40,2500.000,2500.000,229.50,229.70,317.000,15.000,229.30,229.45,2500.000,5000.000,229.40,229.75,8814.000,913.000,25000.000,17500.000,229.232,229.544,229.335,229.793,-0.225,-0.227
2017-03-30 09:54:00,229.620,229.824,2137.000,70.000,229.50,229.55,7500.000,2500.000,229.65,229.85,770.000,17.000,229.45,229.60,5000.000,2500.000,229.60,229.95,12196.000,2524.000,27500.000,15000.000,229.332,229.731,229.564,229.992,-0.225,-0.224
2017-03-30 09:55:00,229.644,229.858,962.000,71.000,229.45,229.55,2500.000,2500.000,229.75,229.90,1122.000,110.000,229.40,229.65,2500.000,5000.000,229.60,229.95,12336.000,3671.000,30000.000,17500.000,229.298,229.755,229.529,230.000,-0.325,-0.227
2017-03-30 09:56:00,229.710,229.931,86.000,15.000,229.60,229.65,5000.000,2500.000,229.70,229.95,2099.000,388.000,229.55,229.70,5000.000,2500.000,229.65,230.00,5763.000,1413.000,32500.000,12500.000,229.483,229.771,229.592,230.050,-0.200,-0.234
2017-03-30 09:57:00,229.243,229.455,519.000,61.000,229.15,229.20,5000.000,2500.000,229.30,229.50,2882.000,15.000,229.10,229.25,5000.000,5000.000,229.25,229.60,12596.000,3476.000,27500.000,20000.000,229.029,229.389,229.195,229.650,-0.225,-0.255
2017-03-30 09:58:00,229.189,229.472,1344.000,15.000,229.10,229.15,5000.000,2500.000,229.30,229.50,3017.000,73.000,229.05,229.20,7500.000,5000.000,229.25,229.60,11112.000,4837.000,27500.000,17500.000,228.979,229.370,229.200,229.636,-0.275,-0.227
2017-03-30 09:59:00,229.253,229.441,2844.000,60.000,229.10,229.25,2500.000,5000.000,229.40,229.50,2693.000,500.000,229.05,229.30,7500.000,2500.000,229.35,229.60,17773.000,6594.000,17500.000,22500.000,228.983,229.404,229.314,229.644,-0.275,-0.241
2017-03-30 10:00:00,229.435,229.666,2940.000,63.000,229.30,229.35,2500.000,2500.000,229.50,229.70,318.000,75.000,229.20,229.40,7500.000,7500.000,229.45,229.80,9462.000,1147.000,27500.000,20000.000,229.144,229.472,229.395,229.831,-0.275,-0.247
2017-03-30 10:01:00,229.268,229.524,5.000,67.000,229.35,229.40,5000.000,2500.000,229.45,229.65,1228.000,165.000,229.30,229.45,5000.000,5000.000,229.40,229.70,2334.000,6644.000,22500.000,25000.000,229.237,229.569,229.356,229.775,-0.175,-0.247
2017-03-30 10:02:00,229.550,229.864,1170.000,15.000,229.60,229.65,2500.000,2500.000,229.70,229.90,711.000,315.000,229.55,229.70,10000.000,2500.000,229.65,229.95,5515.000,10286.000,35000.000,17500.000,229.504,229.805,229.593,230.021,-0.175,-0.240
2017-03-30 10:03:00,229.782,229.928,904.000,487.000,229.55,229.70,2500.000,2500.000,229.80,230.00,439.000,343.000,229.50,229.75,2500.000,2500.000,229.75,230.05,6419.000,1345.000,22500.000,17500.000,229.405,229.772,229.683,230.114,-0.275,-0.245
2017-03-30 10:04:00,229.560,229.817,237.000,510.000,229.40,229.55,2500.000,5000.000,229.65,229.90,505.000,691.000,229.35,229.60,2500.000,10000.000,229.60,229.95,8259.000,4157.000,32500.000,27500.000,229.242,229.683,229.519,229.986,-0.300,-0.229
2017-03-30 10:05:00,229.326,229.590,106.000,120.000,229.25,229.30,2500.000,2500.000,229.45,229.65,1600.000,487.000,229.20,229.40,2500.000,7500.000,229.40,229.70,7113.000,5058.000,27500.000,22500.000,229.108,229.505,229.318,229.744,-0.275,-0.236
2017-03-30 10:06:00,229.464,229.720,91.000,296.000,229.35,229.40,2500.000,5000.000,229.55,229.80,45.000,86.000,229.30,229.45,7500.000,5000.000,229.50,229.90,5956.000,1419.000,27500.000,22500.000,229.227,229.537,229.455,229.939,-0.300,-0.250
2017-03-30 10:07:00,229.444,229.723,613.000,115.000,229.35,229.40,5000.000,2500.000,229.55,229.80,1045.000,86.000,229.30,229.45,10000.000,5000.000,229.50,229.90,8573.000,3291.000,32500.000,22500.000,229.246,229.614,229.465,229.967,-0.300,-0.239
2017-03-30 10:08:00,229.591,229.762,155.000,15.000,229.45,229.50,5000.000,2500.000,229.60,229.80,100.000,75.000,229.40,229.55,2500.000,2500.000,229.55,229.85,7764.000,1896.000,32500.000,17500.000,229.285,229.661,229.488,229.914,-0.225,-0.271
2017-03-30 10:09:00,229.162,229.338,2815.000,1167.000,229.00,229.15,2500.000,7500.000,229.20,229.40,426.000,794.000,228.90,229.20,2500.000,5000.000,229.15,229.45,13626.000,5321.000,27500.000,25000.000,228.824,229.266,229.059,229.485,-0.225,-0.316
2017-03-30 10:10:00,229.021,229.319,40.000,81.000,229.05,229.10,17500.000,7500.000,229.10,229.35,1923.000,1743.000,229.00,229.15,22500.000,5000.000,229.05,229.40,2883.000,5566.000,75000.000,25000.000,228.960,229.216,229.023,229.435,-0.150,-0.330
2017-03-30 10:11:00,228.799,229.129,1926.000,251.000,228.75,228.80,2500.000,7500.000,229.00,229.15,800.000,216.000,228.70,228.85,7500.000,2500.000,228.95,229.20,10212.000,6424.000,27500.000,20000.000,228.622,228.957,228.850,229.256,-0.300,-0.323
2017-03-30 10:12:00,229.420,229.639,256.000,770.000,229.25,229.35,2500.000,7500.000,229.40,229.70,25.000,63.000,229.20,229.40,5000.000,5000.000,229.35,229.75,4138.000,1592.000,35000.000,20000.000,229.088,229.420,229.286,229.769,-0.250,-0.342
2017-03-30 10:13:00,229.067,229.402,1773.000,16.000,228.95,229.00,5000.000,2500.000,229.15,229.45,362.000,19.000,228.90,229.05,10000.000,2500.000,229.10,229.50,9603.000,2871.000,40000.000,15000.000,228.829,229.242,229.059,229.567,-0.325,-0.325
2017-03-30 10:14:00,229.039,229.438,121.000,63.000,229.10,229.15,5000.000,2500.000,229.25,229.45,48.000,191.000,229.05,229.20,7500.000,5000.000,229.20,229.50,1714.000,4793.000,37500.000,15000.000,228.964,229.299,229.150,229.542,-0.225,-0.295
2017-03-30 10:15:00,229.183,229.550,133.000,1087.000,229.20,229.25,5000.000,5000.000,229.35,229.60,1213.000,515.000,229.15,229.30,5000.000,2500.000,229.30,229.65,2601.000,4392.000,37500.000,20000.000,229.092,229.370,229.240,229.700,-0.250,-0.276
2017-03-30 10:16:00,229.100,229.395,5091.000,731.000,229.05,229.20,2500.000,2500.000,229.30,229.40,2435.000,1396.000,229.00,229.25,15000.000,5000.000,229.25,229.45,14030.000,13111.000,35000.000,17500.000,228.963,229.350,229.204,229.507,-0.225,-0.274
2017-03-30 10:17:00,229.124,229.437,2636.000,571.000,229.10,229.15,2500.000,2500.000,229.35,229.40,543.000,577.000,229.05,229.20,2500.000,2500.000,229.30,229.45,10275.000,7722.000,30000.000,17500.000,228.993,229.303,229.233,229.557,-0.250,-0.258
2017-03-30 10:18:00,229.274,229.523,179.000,1053.000,229.20,229.25,2500.000,2500.000,229.40,229.55,650.000,603.000,229.15,229.30,5000.000,7500.000,229.35,229.60,6521.000,4411.000,32500.000,22500.000,229.046,229.368,229.265,229.661,-0.250,-0.276
2017-03-30 10:19:00,229.264,229.517,294.000,557.000,229.15,229.20,2500.000,2500.000,229.40,229.50,2804.000,1006.000,229.10,229.25,2500.000,7500.000,229.35,229.60,15223.000,4308.000,30000.000,22500.000,229.020,229.320,229.258,229.656,-0.275,-0.282
2017-03-30 10:20:00,229.261,229.531,1513.000,183.000,229.15,229.20,2500.000,2500.000,229.40,229.50,2043.000,1006.000,229.10,229.25,2500.000,2500.000,229.35,229.55,15651.000,4081.000,35000.000,17500.000,229.026,229.333,229.254,229.600,-0.275,-0.274
2017-03-30 10:21:00,229.259,229.542,1525.000,475.000,229.15,229.20,2500.000,2500.000,229.40,229.50,2043.000,1006.000,229.10,229.25,2500.000,2500.000,229.35,229.55,15685.000,4385.000,35000.000,15000.000,229.026,229.323,229.254,229.600,-0.275,-0.260
2017-03-30 10:22:00,229.306,229.540,26.000,583.000,229.20,229.25,2500.000,2500.000,229.40,229.50,3172.000,143.000,229.15,229.30,2500.000,5000.000,229.35,229.60,13177.000,4190.000,37500.000,22500.000,229.066,229.390,229.237,229.689,-0.225,-0.267
2017-03-30 10:23:00,229.059,229.398,160.000,270.000,229.10,229.15,5000.000,2500.000,229.25,229.35,924.000,597.000,229.05,229.20,5000.000,5000.000,229.20,229.50,4191.000,7410.000,35000.000,20000.000,228.990,229.304,229.143,229.544,-0.175,-0.256
2017-03-30 10:24:00,229.055,229.339,103.000,702.000,229.10,229.15,7500.000,2500.000,229.20,229.40,924.000,246.000,229.05,229.20,7500.000,2500.000,229.15,229.45,3627.000,6379.000,35000.000,20000.000,228.997,229.308,229.111,229.525,-0.175,-0.242
2017-03-30 10:25:00,229.085,229.315,119.000,576.000,229.10,229.15,5000.000,2500.000,229.20,229.40,924.000,246.000,229.05,229.20,5000.000,5000.000,229.15,229.45,3536.000,4282.000,32500.000,27500.000,228.992,229.308,229.092,229.514,-0.175,-0.242
2017-03-30 10:26:00,229.138,229.355,950.000,24.000,229.05,229.10,7500.000,2500.000,229.25,229.40,1332.000,894.000,229.00,229.15,5000.000,5000.000,229.20,229.45,5505.000,2137.000,32500.000,22500.000,228.933,229.216,229.150,229.506,-0.250,-0.263
2017-03-30 10:27:00,229.115,229.384,806.000,43.000,229.05,229.10,7500.000,2500.000,229.25,229.40,1332.000,644.000,229.00,229.15,7500.000,2500.000,229.20,229.45,5257.000,2951.000,37500.000,17500.000,228.926,229.229,229.150,229.514,-0.250,-0.268
2017-03-30 10:28:00,229.134,229.415,151.000,130.000,229.10,229.15,10000.000,2500.000,229.25,229.40,617.000,198.000,229.05,229.20,5000.000,7500.000,229.20,229.50,4082.000,3408.000,40000.000,20000.000,228.961,229.303,229.144,229.537,-0.200,-0.264
2017-03-30 10:29:00,229.188,229.403,592.000,677.000,229.05,229.15,2500.000,2500.000,229.30,229.40,1364.000,198.000,229.00,229.20,10000.000,5000.000,229.25,229.50,9414.000,3811.000,30000.000,20000.000,228.902,229.284,229.204,229.550,-0.250,-0.295
2017-03-30 10:30:00,229.200,229.430,103.000,51.000,229.10,229.15,2500.000,2500.000,229.30,229.45,767.000,88.000,229.05,229.20,10000.000,5000.000,229.25,229.50,5715.000,1750.000,32500.000,17500.000,228.964,229.329,229.196,229.550,-0.250,-0.304
2017-03-30 10:31:00,229.203,229.524,2370.000,87.000,229.15,229.20,2500.000,2500.000,229.35,229.50,522.000,117.000,229.10,229.25,5000.000,5000.000,229.30,229.60,6030.000,2168.000,35000.000,17500.000,229.073,229.351,229.232,229.650,-0.250,-0.306
2017-03-30 10:32:00,229.298,229.593,1194.000,134.000,229.20,229.25,7500.000,2500.000,229.40,229.60,820.000,164.000,229.15,229.30,5000.000,2500.000,229.35,229.70,7174.000,2280.000,37500.000,17500.000,229.069,229.415,229.303,229.757,-0.275,-0.304
2017-03-30 10:33:00,229.285,229.545,122.000,135.000,229.20,229.25,5000.000,2500.000,229.40,229.55,150.000,174.000,229.15,229.30,5000.000,2500.000,229.35,229.65,5724.000,3113.000,30000.000,17500.000,229.026,229.419,229.300,229.700,-0.250,-0.311
2017-03-30 10:34:00,229.119,229.488,39.000,1493.000,229.20,229.30,2500.000,2500.000,229.30,229.50,169.000,334.000,229.15,229.35,7500.000,2500.000,229.25,229.55,3285.000,14563.000,35000.000,15000.000,229.035,229.459,229.186,229.608,-0.150,-0.288
2017-03-30 10:35:00,229.174,229.450,1006.000,143.000,229.15,229.20,2500.000,2500.000,229.30,229.40,651.000,136.000,229.10,229.25,2500.000,5000.000,229.25,229.55,3996.000,3109.000,27500.000,20000.000,229.054,229.333,229.168,229.606,-0.175,-0.280
2017-03-30 10:36:00,228.988,229.318,1.000,67.000,229.00,229.05,2500.000,5000.000,229.15,229.35,68.000,610.000,228.95,229.10,5000.000,7500.000,229.10,229.45,4522.000,6314.000,35000.000,27500.000,228.842,229.219,229.036,229.505,-0.225,-0.270
2017-03-30 10:37:00,229.139,229.429,2092.000,108.000,229.05,229.10,5000.000,2500.000,229.25,229.45,98.000,98.000,229.00,229.15,5000.000,5000.000,229.20,229.50,5872.000,1383.000,35000.000,17500.000,228.950,229.268,229.136,229.543,-0.275,-0.279
2017-03-30 10:38:00,229.195,229.488,671.000,104.000,229.10,229.15,2500.000,2500.000,229.35,229.55,3092.000,102.000,229.05,229.20,5000.000,2500.000,229.30,229.60,9111.000,2767.000,25000.000,17500.000,228.973,229.323,229.235,229.664,-0.325,-0.265
2017-03-30 10:39:00,229.259,229.511,3417.000,76.000,229.10,229.25,2500.000,2500.000,229.40,229.55,1948.000,443.000,229.05,229.30,5000.000,10000.000,229.35,229.65,13404.000,3586.000,22500.000,22500.000,229.004,229.415,229.294,229.694,-0.300,-0.275
2017-03-30 10:40:00,229.264,229.500,35.000,106.000,229.20,229.25,5000.000,2500.000,229.40,229.55,2952.000,143.000,229.15,229.30,5000.000,2500.000,229.35,229.60,7326.000,3501.000,25000.000,17500.000,229.074,229.421,229.300,229.664,-0.250,-0.290
2017-03-30 10:41:00,229.204,229.481,2341.000,830.000,229.15,229.25,2500.000,2500.000,229.35,229.50,250.000,293.000,229.10,229.30,10000.000,2500.000,229.25,229.60,6082.000,4614.000,37500.000,22500.000,229.053,229.385,229.197,229.656,-0.225,-0.297
2017-03-30 10:42:00,229.091,229.430,13.000,1744.000,229.15,229.25,2500.000,2500.000,229.30,229.45,390.000,312.000,229.05,229.30,10000.000,2500.000,229.25,229.50,5438.000,13297.000,32500.000,22500.000,228.948,229.393,229.185,229.600,-0.175,-0.273
2017-03-30 10:43:00,229.153,229.373,299.000,204.000,229.10,229.15,2500.000,2500.000,229.30,229.45,2685.000,500.000,229.05,229.20,7500.000,7500.000,229.25,229.50,7925.000,4329.000,27500.000,27500.000,228.981,229.308,229.186,229.568,-0.250,-0.273
2017-03-30 10:44:00,229.175,229.478,383.000,762.000,229.15,229.30,2500.000,10000.000,229.35,229.55,868.000,239.000,229.10,229.35,5000.000,2500.000,229.30,229.60,7020.000,10496.000,30000.000,27500.000,229.013,229.451,229.229,229.632,-0.225,-0.268
2017-03-30 10:45:00,229.154,229.467,1172.000,851.000,229.15,229.30,2500.000,5000.000,229.40,229.50,441.000,2759.000,229.10,229.35,5000.000,2500.000,229.30,229.55,9643.000,17411.000,35000.000,25000.000,229.007,229.456,229.236,229.605,-0.225,-0.258
2017-03-30 10:46:00,229.165,229.478,44.000,2123.000,229.25,229.30,2500.000,2500.000,229.40,229.50,220.000,307.000,229.20,229.35,2500.000,2500.000,229.30,229.60,2821.000,13332.000,32500.000,25000.000,229.112,229.443,229.235,229.665,-0.175,-0.231
2017-03-30 10:47:00,229.254,229.470,180.000,101.000,229.20,229.25,2500.000,2500.000,229.40,229.50,900.000,1711.000,229.15,229.30,2500.000,2500.000,229.30,229.55,7106.000,5902.000,30000.000,20000.000,229.048,229.375,229.229,229.619,-0.225,-0.241
2017-03-30 10:48:00,229.251,229.468,178.000,109.000,229.20,229.25,2500.000,2500.000,229.40,229.50,1025.000,1642.000,229.15,229.30,2500.000,2500.000,229.30,229.55,7265.000,6138.000,30000.000,20000.000,229.050,229.377,229.233,229.619,-0.225,-0.241
2017-03-30 10:49:00,229.168,229.448,459.000,1265.000,229.15,229.20,7500.000,2500.000,229.30,229.50,173.000,198.000,229.10,229.25,7500.000,2500.000,229.25,229.55,4542.000,5268.000,35000.000,20000.000,229.000,229.340,229.204,229.613,-0.225,-0.258
2017-03-30 10:50:00,229.185,229.450,60.000,175.000,229.15,229.20,7500.000,5000.000,229.30,229.50,182.000,110.000,229.10,229.25,7500.000,7500.000,229.25,229.60,4152.000,4051.000,32500.000,25000.000,228.986,229.348,229.212,229.620,-0.225,-0.264
2017-03-30 10:51:00,229.251,229.428,491.000,143.000,229.10,229.15,5000.000,7500.000,229.40,229.55,922.000,3.000,229.05,229.20,7500.000,5000.000,229.25,229.60,8572.000,523.000,35000.000,40000.000,228.983,229.262,229.207,229.641,-0.350,-0.288
2017-03-30 10:52:00,229.204,229.469,182.000,14.000,229.10,229.15,5000.000,2500.000,229.40,229.50,902.000,3.000,229.05,229.20,10000.000,2500.000,229.25,229.55,7023.000,1734.000,35000.000,17500.000,228.975,229.334,229.218,229.600,-0.325,-0.310
2017-03-30 10:53:00,229.274,229.493,2312.000,148.000,229.20,229.25,5000.000,2500.000,229.45,229.55,793.000,140.000,229.15,229.30,2500.000,2500.000,229.35,229.60,12715.000,5434.000,30000.000,27500.000,229.065,229.435,229.292,229.732,-0.275,-0.326
2017-03-30 10:54:00,229.089,229.450,87.000,968.000,229.10,229.25,5000.000,5000.000,229.25,229.45,407.000,2772.000,229.05,229.30,5000.000,5000.000,229.20,229.50,7234.000,14889.000,45000.000,20000.000,228.973,229.401,229.122,229.537,-0.175,-0.295
2017-03-30 10:55:00,229.082,229.377,138.000,157.000,229.10,229.15,5000.000,2500.000,229.25,229.40,407.000,3246.000,229.05,229.20,5000.000,2500.000,229.20,229.45,4048.000,9679.000,35000.000,20000.000,228.962,229.254,229.132,229.519,-0.200,-0.271
2017-03-30 10:56:00,229.030,229.327,339.000,161.000,229.05,229.10,5000.000,2500.000,229.20,229.35,1200.000,179.000,229.00,229.15,5000.000,2500.000,229.10,229.40,5706.000,10242.000,47500.000,22500.000,228.917,229.233,229.042,229.467,-0.200,-0.263
2017-03-30 10:57:00,228.979,229.354,134.000,123.000,229.05,229.10,5000.000,2500.000,229.15,229.30,1200.000,281.000,229.00,229.15,2500.000,5000.000,229.10,229.45,5654.000,16741.000,42500.000,22500.000,228.905,229.261,229.026,229.483,-0.150,-0.242
2017-03-30 10:58:00,229.024,229.327,2.000,3637.000,229.05,229.10,5000.000,2500.000,229.15,229.30,396.000,135.000,228.95,229.15,2500.000,7500.000,229.10,229.45,7742.000,13277.000,37500.000,27500.000,228.842,229.227,229.030,229.495,-0.150,-0.235
2017-03-30 10:59:00,229.006,229.208,11.000,98.000,229.00,229.05,5000.000,7500.000,229.10,229.30,573.000,3397.000,228.95,229.10,2500.000,5000.000,229.05,229.35,5459.000,8454.000,30000.000,30000.000,228.842,229.175,228.979,229.404,-0.175,-0.228
2017-03-30 11:00:00,229.011,229.189,81.000,878.000,229.00,229.05,7500.000,2500.000,229.10,229.30,124.000,3447.000,228.95,229.10,2500.000,5000.000,229.05,229.35,5157.000,8615.000,35000.000,32500.000,228.834,229.162,228.989,229.450,-0.175,-0.250
2017-03-30 11:01:00,229.000,229.255,325.000,3170.000,228.95,229.05,5000.000,2500.000,229.10,229.25,1005.000,997.000,228.90,229.10,5000.000,2500.000,229.05,229.30,9709.000,11336.000,37500.000,15000.000,228.795,229.175,228.993,229.350,-0.175,-0.245
2017-03-30 11:02:00,228.967,229.238,2.000,3922.000,229.00,229.10,5000.000,5000.000,229.10,229.30,685.000,393.000,228.95,229.15,5000.000,5000.000,229.05,229.35,5715.000,16268.000,37500.000,25000.000,228.845,229.234,228.993,229.415,-0.150,-0.243
2017-03-30 11:03:00,228.978,229.246,18.000,3804.000,229.05,229.10,5000.000,2500.000,229.10,229.30,1212.000,349.000,229.00,229.15,7500.000,2500.000,229.05,229.35,3790.000,14878.000,37500.000,20000.000,228.930,229.233,229.003,229.438,-0.125,-0.237
2017-03-30 11:04:00,229.072,229.241,1763.000,170.000,229.00,229.05,5000.000,2500.000,229.10,229.30,3302.000,2374.000,228.95,229.10,2500.000,5000.000,229.05,229.35,10280.000,4584.000,32500.000,22500.000,228.900,229.155,228.973,229.428,-0.175,-0.283
2017-03-30 11:05:00,228.981,229.268,1633.000,194.000,229.00,229.05,2500.000,2500.000,229.15,229.25,1621.000,2359.000,228.95,229.10,2500.000,2500.000,229.10,229.30,8461.000,10936.000,32500.000,17500.000,228.888,229.209,229.008,229.364,-0.175,-0.278
2017-03-30 11:06:00,228.993,229.226,1033.000,965.000,229.00,229.10,5000.000,2500.000,229.10,229.25,1948.000,240.000,228.95,229.15,10000.000,2500.000,229.00,229.30,9352.000,15479.000,37500.000,15000.000,228.876,229.246,228.970,229.358,-0.125,-0.269
2017-03-30 11:07:00,228.985,229.242,555.000,1022.000,229.00,229.10,5000.000,2500.000,229.05,229.20,1896.000,240.000,228.95,229.15,5000.000,2500.000,229.00,229.30,8052.000,15875.000,47500.000,17500.000,228.872,229.238,228.939,229.357,-0.075,-0.281
2017-03-30 11:08:00,229.048,229.287,661.000,1113.000,229.05,229.10,7500.000,2500.000,229.15,229.30,1674.000,81.000,229.00,229.15,10000.000,5000.000,229.10,229.35,7875.000,9470.000,45000.000,25000.000,228.933,229.243,229.056,229.445,-0.150,-0.273
2017-03-30 11:09:00,229.310,229.707,119.000,321.000,229.40,229.45,5000.000,2500.000,229.55,229.75,368.000,1157.000,229.35,229.50,7500.000,2500.000,229.50,229.85,2664.000,8888.000,32500.000,20000.000,229.269,229.622,229.454,229.931,-0.225,-0.235
2017-03-30 11:10:00,229.338,229.600,16.000,441.000,229.30,229.40,7500.000,2500.000,229.45,229.65,343.000,260.000,229.25,229.45,2500.000,2500.000,229.40,229.70,2866.000,3572.000,25000.000,15000.000,229.161,229.524,229.350,229.750,-0.200,-0.225
2017-03-30 11:11:00,229.434,229.621,3083.000,322.000,229.30,229.40,5000.000,2500.000,229.55,229.70,552.000,200.000,229.25,229.45,2500.000,5000.000,229.50,229.75,9273.000,2702.000,15000.000,15000.000,229.194,229.515,229.467,229.792,-0.275,-0.246
2017-03-30 11:12:00,229.273,229.592,39.000,189.000,229.30,229.35,5000.000,2500.000,229.45,229.65,505.000,186.000,229.20,229.40,5000.000,7500.000,229.40,229.70,3310.000,4261.000,27500.000,20000.000,229.097,229.508,229.341,229.738,-0.225,-0.218
2017-03-30 11:13:00,229.183,229.382,113.000,564.000,229.20,229.30,5000.000,2500.000,229.35,229.40,23.000,1285.000,229.15,229.35,7500.000,2500.000,229.30,229.45,6053.000,15424.000,25000.000,25000.000,229.030,229.430,229.260,229.605,-0.125,-0.217
2017-03-30 11:14:00,229.225,229.434,150.000,140.000,229.20,229.25,2500.000,2500.000,229.40,229.45,68.000,100.000,229.15,229.30,7500.000,2500.000,229.35,229.55,6607.000,6097.000,20000.000,20000.000,229.036,229.428,229.312,229.606,-0.200,-0.217
2017-03-30 11:15:00,229.223,229.432,112.000,118.000,229.20,229.25,7500.000,2500.000,229.35,229.45,68.000,160.000,229.15,229.30,7500.000,2500.000,229.30,229.55,6428.000,6222.000,27500.000,20000.000,229.034,229.426,229.268,229.600,-0.175,-0.200
2017-03-30 11:16:00,229.162,229.456,100.000,219.000,229.20,229.25,5000.000,5000.000,229.40,229.45,68.000,102.000,229.15,229.30,5000.000,5000.000,229.35,229.60,6713.000,11329.000,20000.000,22500.000,229.039,229.436,229.312,229.611,-0.200,-0.186
2017-03-30 11:17:00,229.262,229.441,1785.000,125.000,229.10,229.20,5000.000,5000.000,229.40,229.45,2151.000,102.000,229.05,229.25,5000.000,5000.000,229.35,229.60,13335.000,1797.000,17500.000,22500.000,228.994,229.360,229.321,229.611,-0.275,-0.195
2017-03-30 11:18:00,229.258,229.453,2689.000,122.000,229.10,229.20,5000.000,5000.000,229.40,229.45,2151.000,102.000,229.05,229.25,5000.000,5000.000,229.35,229.60,14578.000,1953.000,20000.000,22500.000,229.000,229.360,229.312,229.617,-0.275,-0.215
2017-03-30 11:19:00,229.272,229.482,366.000,66.000,229.20,229.25,5000.000,2500.000,229.35,229.50,313.000,57.000,229.15,229.30,7500.000,2500.000,229.30,229.60,5310.000,2833.000,30000.000,20000.000,229.048,229.422,229.246,229.656,-0.200,-0.205
2017-03-30 11:20:00,229.297,229.419,258.000,297.000,229.15,229.20,7500.000,2500.000,229.35,229.45,1403.000,101.000,229.10,229.25,5000.000,2500.000,229.30,229.50,10608.000,1593.000,27500.000,17500.000,229.010,229.334,229.259,229.571,-0.225,-0.231
2017-03-30 11:21:00,229.335,229.560,679.000,75.000,229.25,229.40,10000.000,2500.000,229.45,229.60,1166.000,269.000,229.20,229.45,2500.000,12500.000,229.40,229.75,5762.000,4717.000,25000.000,25000.000,229.127,229.546,229.365,229.780,-0.200,-0.246
2017-03-30 11:22:00,229.315,229.537,562.000,177.000,229.30,229.35,7500.000,2500.000,229.45,229.60,1006.000,424.000,229.25,229.40,2500.000,2500.000,229.40,229.65,3275.000,2950.000,22500.000,17500.000,229.201,229.485,229.356,229.714,-0.200,-0.235
2017-03-30 11:23:00,229.182,229.479,139.000,206.000,229.30,229.35,10000.000,2500.000,229.35,229.50,1058.000,582.000,229.25,229.40,5000.000,7500.000,229.30,229.60,1784.000,10670.000,42500.000,27500.000,229.232,229.508,229.259,229.650,-0.100,-0.217
2017-03-30 11:24:00,229.349,229.510,125.000,149.000,229.30,229.35,7500.000,7500.000,229.40,229.60,1042.000,64.000,229.25,229.40,7500.000,2500.000,229.35,229.65,2623.000,1387.000,27500.000,25000.000,229.197,229.497,229.314,229.685,-0.175,-0.225
2017-03-30 11:25:00,229.337,229.589,96.000,115.000,229.40,229.45,2500.000,5000.000,229.50,229.60,255.000,718.000,229.35,229.50,10000.000,5000.000,229.40,229.70,3903.000,12180.000,32500.000,25000.000,229.247,229.598,229.346,229.725,-0.125,-0.231
2017-03-30 11:26:00,229.312,229.610,378.000,81.000,229.40,229.45,10000.000,5000.000,229.45,229.60,6.000,718.000,229.35,229.50,7500.000,2500.000,229.40,229.65,2718.000,14596.000,55000.000,20000.000,229.261,229.590,229.348,229.694,-0.100,-0.210
2017-03-30 11:27:00,229.405,229.572,93.000,374.000,229.45,229.50,7500.000,2500.000,229.45,229.55,11.000,8295.000,229.40,229.55,5000.000,5000.000,229.40,229.60,2631.000,17057.000,42500.000,20000.000,229.261,229.588,229.359,229.681,-0.025,-0.231
2017-03-30 11:28:00,229.345,229.554,40.000,1096.000,229.40,229.45,2500.000,2500.000,229.45,229.55,6.000,859.000,229.35,229.50,2500.000,5000.000,229.40,229.60,5176.000,18144.000,40000.000,22500.000,229.246,229.578,229.322,229.667,-0.075,-0.251
2017-03-30 11:29:00,229.279,229.478,1.000,816.000,229.35,229.40,7500.000,2500.000,229.35,229.45,1035.000,4072.000,229.30,229.45,5000.000,5000.000,229.30,229.55,2982.000,20190.000,50000.000,25000.000,229.232,229.507,229.245,229.605,-0.025,-0.270
2017-03-30 11:30:00,229.201,229.480,714.000,565.000,229.25,229.30,5000.000,2500.000,229.30,229.50,66.000,5.000,229.20,229.35,5000.000,5000.000,229.25,229.55,4046.000,7775.000,32500.000,17500.000,229.102,229.477,229.173,229.593,-0.125,-0.266
2017-03-30 11:31:00,229.350,229.543,1834.000,209.000,229.25,229.30,2500.000,2500.000,229.40,229.60,232.000,103.000,229.20,229.35,5000.000,2500.000,229.35,229.65,6143.000,1629.000,22500.000,15000.000,229.138,229.433,229.289,229.708,-0.225,-0.275
2017-03-30 11:32:00,229.178,229.450,445.000,253.000,229.25,229.30,2500.000,2500.000,229.40,229.45,6.000,317.000,229.20,229.35,2500.000,5000.000,229.35,229.50,4413.000,13905.000,17500.000,17500.000,229.097,229.460,229.293,229.571,-0.150,-0.270
2017-03-30 11:33:00,229.168,229.478,944.000,257.000,229.25,229.30,2500.000,5000.000,229.40,229.50,6.000,105.000,229.20,229.35,2500.000,2500.000,229.35,229.60,5056.000,13418.000,20000.000,20000.000,229.115,229.483,229.287,229.637,-0.175,-0.241
2017-03-30 11:34:00,229.182,229.479,1026.000,488.000,229.25,229.30,2500.000,2500.000,229.40,229.50,6.000,105.000,229.20,229.35,2500.000,2500.000,229.35,229.55,4794.000,11150.000,20000.000,15000.000,229.116,229.476,229.287,229.600,-0.175,-0.203
2017-03-30 11:35:00,229.351,229.611,1509.000,280.000,229.25,229.30,5000.000,5000.000,229.50,229.65,322.000,105.000,229.20,229.35,2500.000,5000.000,229.45,229.75,10586.000,3278.000,17500.000,17500.000,229.116,229.465,229.400,229.771,-0.300,-0.183
2017-03-30 11:36:00,229.356,229.593,46.000,650.000,229.30,229.40,5000.000,2500.000,229.50,229.65,1145.000,1337.000,229.25,229.45,2500.000,5000.000,229.45,229.70,4662.000,5845.000,20000.000,17500.000,229.147,229.502,229.394,229.743,-0.225,-0.202
2017-03-30 11:37:00,229.375,229.623,35.000,40.000,229.35,229.40,2500.000,2500.000,229.55,229.65,931.000,850.000,229.30,229.45,2500.000,2500.000,229.50,229.70,5400.000,5422.000,15000.000,12500.000,229.219,229.530,229.433,229.750,-0.225,-0.204
2017-03-30 11:38:00,229.623,229.786,392.000,620.000,229.45,229.50,2500.000,2500.000,229.70,229.85,428.000,8.000,229.40,229.55,2500.000,5000.000,229.65,229.90,11957.000,1875.000,25000.000,20000.000,229.283,229.604,229.545,229.956,-0.300,-0.222
2017-03-30 11:39:00,229.571,229.679,55.000,625.000,229.45,229.50,5000.000,5000.000,229.60,229.80,375.000,68.000,229.35,229.55,2500.000,2500.000,229.55,229.85,7042.000,2492.000,22500.000,25000.000,229.232,229.619,229.511,229.910,-0.225,-0.246
2017-03-30 11:40:00,229.581,229.738,38.000,574.000,229.45,229.50,2500.000,7500.000,229.65,229.80,365.000,8.000,229.35,229.55,5000.000,7500.000,229.60,229.90,8623.000,2446.000,22500.000,30000.000,229.236,229.624,229.539,229.929,-0.250,-0.265
2017-03-30 11:41:00,229.560,229.894,234.000,82.000,229.60,229.65,5000.000,2500.000,229.75,229.95,54.000,150.000,229.55,229.70,5000.000,2500.000,229.70,230.00,1959.000,4342.000,25000.000,15000.000,229.470,229.789,229.650,230.067,-0.225,-0.247
2017-03-30 11:42:00,229.631,229.891,3271.000,602.000,229.50,229.65,2500.000,2500.000,229.80,229.95,536.000,1400.000,229.45,229.70,2500.000,2500.000,229.75,230.05,11967.000,5973.000,22500.000,20000.000,229.398,229.761,229.639,230.119,-0.300,-0.250
2017-03-30 11:43:00,229.587,229.840,602.000,276.000,229.60,229.65,5000.000,2500.000,229.80,229.90,2879.000,1410.000,229.55,229.70,2500.000,2500.000,229.70,229.95,5867.000,7426.000,20000.000,17500.000,229.515,229.780,229.669,230.064,-0.225,-0.260
2017-03-30 11:44:00,229.628,229.856,961.000,1482.000,229.60,229.65,5000.000,5000.000,229.80,229.90,2879.000,110.000,229.55,229.70,2500.000,2500.000,229.75,230.05,9604.000,7078.000,17500.000,22500.000,229.512,229.771,229.700,230.089,-0.225,-0.273
2017-03-30 11:45:00,229.627,229.875,1300.000,274.000,229.60,229.65,5000.000,2500.000,229.80,229.90,2879.000,769.000,229.55,229.70,2500.000,2500.000,229.75,229.95,9754.000,6364.000,22500.000,17500.000,229.515,229.787,229.694,230.050,-0.225,-0.288
2017-03-30 11:46:00,229.629,229.876,1108.000,1014.000,229.60,229.65,2500.000,5000.000,229.80,229.90,2879.000,110.000,229.55,229.70,2500.000,5000.000,229.70,230.00,9612.000,6609.000,22500.000,20000.000,229.513,229.780,229.639,230.031,-0.225,-0.284
2017-03-30 11:47:00,229.605,229.876,602.000,240.000,229.60,229.65,2500.000,5000.000,229.75,229.95,1367.000,110.000,229.55,229.70,5000.000,2500.000,229.70,230.00,5095.000,4856.000,25000.000,22500.000,229.500,229.796,229.640,230.100,-0.225,-0.279
2017-03-30 11:48:00,229.733,230.040,1.000,68.000,229.85,229.90,5000.000,5000.000,229.90,230.10,877.000,418.000,229.80,229.95,2500.000,5000.000,229.85,230.20,2237.000,20697.000,32500.000,30000.000,229.717,230.050,229.788,230.250,-0.125,-0.263
2017-03-30 11:49:00,229.734,230.024,2365.000,135.000,229.80,229.85,2500.000,2500.000,229.90,230.10,125.000,160.000,229.75,229.90,5000.000,2500.000,229.85,230.15,4722.000,10550.000,32500.000,25000.000,229.724,230.001,229.788,230.220,-0.175,-0.252
2017-03-30 11:50:00,229.788,230.111,880.000,100.000,229.85,229.90,2500.000,2500.000,230.00,230.10,2336.000,8033.000,229.80,230.00,2500.000,2500.000,229.95,230.15,6608.000,24675.000,37500.000,20000.000,229.747,230.081,229.867,230.219,-0.175,-0.232
2017-03-30 11:51:00,229.922,230.150,1772.000,171.000,230.00,230.05,2500.000,2500.000,230.10,230.20,170.000,140.000,229.95,230.10,2500.000,2500.000,230.05,230.25,6288.000,21661.000,22500.000,22500.000,229.873,230.202,229.967,230.333,-0.125,-0.224
2017-03-30 11:52:00,229.925,230.173,1220.000,216.000,230.00,230.05,2500.000,2500.000,230.10,230.20,170.000,140.000,229.95,230.10,2500.000,2500.000,230.05,230.25,6182.000,21756.000,25000.000,25000.000,229.857,230.202,229.970,230.365,-0.125,-0.211
2017-03-30 11:53:00,229.924,230.150,333.000,256.000,230.00,230.05,5000.000,5000.000,230.00,230.20,102.000,400.000,229.95,230.10,17500.000,2500.000,229.95,230.25,4392.000,20315.000,42500.000,22500.000,229.831,230.190,229.909,230.317,-0.075,-0.208
2017-03-30 11:54:00,229.889,230.123,321.000,243.000,229.95,230.00,2500.000,7500.000,230.00,230.20,496.000,80.000,229.90,230.05,5000.000,10000.000,229.95,230.25,7937.000,18637.000,30000.000,30000.000,229.792,230.175,229.871,230.283,-0.125,-0.194
2017-03-30 11:55:00,229.933,230.159,75.000,109.000,230.00,230.05,2500.000,5000.000,230.05,230.15,156.000,440.000,229.95,230.10,5000.000,2500.000,230.00,230.20,4528.000,22245.000,47500.000,25000.000,229.823,230.177,229.937,230.240,-0.075,-0.184
2017-03-30 11:56:00,229.953,230.141,166.000,107.000,230.00,230.05,2500.000,5000.000,230.05,230.15,105.000,2690.000,229.95,230.10,2500.000,2500.000,230.00,230.20,5964.000,24555.000,42500.000,27500.000,229.819,230.165,229.935,230.250,-0.075,-0.195
2017-03-30 11:57:00,229.954,230.134,24.000,285.000,230.00,230.05,2500.000,2500.000,230.05,230.15,111.000,3923.000,229.95,230.10,2500.000,5000.000,230.00,230.20,6132.000,24793.000,32500.000,22500.000,229.817,230.165,229.935,230.256,-0.075,-0.207
2017-03-30 11:58:00,229.949,230.160,82.000,346.000,230.00,230.05,2500.000,5000.000,230.00,230.15,157.000,6639.000,229.95,230.10,17500.000,2500.000,229.95,230.20,5897.000,27356.000,47500.000,17500.000,229.818,230.162,229.900,230.236,-0.050,-0.210
2017-03-30 11:59:00,229.960,230.128,47.000,3687.000,230.00,230.05,2500.000,7500.000,229.95,230.15,157.000,4139.000,229.95,230.10,10000.000,2500.000,229.90,230.20,5862.000,26580.000,50000.000,25000.000,229.817,230.150,229.838,230.240,-0.025,-0.222
2017-03-30 12:00:00,229.957,230.131,45.000,1387.000,230.00,230.05,2500.000,5000.000,230.00,230.15,156.000,4289.000,229.95,230.10,2500.000,7500.000,229.95,230.25,6345.000,26930.000,37500.000,30000.000,229.819,230.158,229.870,230.304,-0.050,-0.233
2017-03-30 12:01:00,229.909,230.152,259.000,83.000,229.95,230.00,5000.000,5000.000,230.00,230.15,586.000,102.000,229.90,230.05,2500.000,5000.000,229.90,230.20,8607.000,21081.000,47500.000,20000.000,229.789,230.144,229.839,230.231,-0.100,-0.231
2017-03-30 12:02:00,229.890,230.129,233.000,19.000,229.95,230.00,5000.000,5000.000,230.00,230.15,573.000,171.000,229.90,230.05,12500.000,10000.000,229.90,230.25,6780.000,21554.000,47500.000,30000.000,229.793,230.144,229.847,230.296,-0.100,-0.236
2017-03-30 12:03:00,229.897,230.124,459.000,1025.000,229.95,230.00,2500.000,5000.000,230.00,230.15,374.000,2160.000,229.90,230.05,2500.000,7500.000,229.90,230.25,6989.000,22717.000,42500.000,30000.000,229.790,230.134,229.832,230.300,-0.100,-0.240
2017-03-30 12:04:00,229.933,230.158,193.000,2692.000,230.00,230.05,5000.000,5000.000,230.05,230.15,313.000,1841.000,229.95,230.10,5000.000,5000.000,230.00,230.25,4167.000,26062.000,45000.000,32500.000,229.833,230.162,229.922,230.312,-0.075,-0.246
2017-03-30 12:05:00,229.922,230.152,319.000,2600.000,230.00,230.05,5000.000,2500.000,230.05,230.15,313.000,1841.000,229.95,230.10,5000.000,10000.000,230.00,230.25,4448.000,25821.000,40000.000,30000.000,229.838,230.177,229.925,230.317,-0.075,-0.246
2017-03-30 12:06:00,229.919,230.155,398.000,1939.000,230.00,230.05,5000.000,2500.000,230.05,230.15,313.000,1841.000,229.95,230.10,2500.000,7500.000,230.00,230.25,4527.000,22524.000,40000.000,30000.000,229.841,230.190,229.916,230.321,-0.075,-0.239
2017-03-30 12:07:00,229.918,230.182,213.000,2440.000,230.00,230.05,5000.000,2500.000,230.05,230.15,313.000,2341.000,229.95,230.10,2500.000,5000.000,230.00,230.25,4184.000,23186.000,52500.000,30000.000,229.834,230.185,229.914,230.325,-0.075,-0.229
2017-03-30 12:08:00,229.922,230.170,106.000,2162.000,230.00,230.05,2500.000,2500.000,230.05,230.15,197.000,2341.000,229.95,230.10,5000.000,2500.000,230.00,230.20,4098.000,23220.000,42500.000,20000.000,229.827,230.182,229.926,230.250,-0.075,-0.218
2017-03-30 12:09:00,229.917,230.168,213.000,2475.000,230.00,230.05,2500.000,2500.000,230.05,230.20,302.000,2191.000,229.95,230.10,2500.000,10000.000,230.00,230.25,4429.000,21742.000,32500.000,30000.000,229.833,230.194,229.919,230.333,-0.100,-0.227
2017-03-30 12:10:00,229.946,230.177,179.000,1219.000,230.00,230.05,2500.000,5000.000,230.05,230.10,331.000,10030.000,229.95,230.10,5000.000,10000.000,230.00,230.25,4285.000,22144.000,45000.000,30000.000,229.834,230.156,229.914,230.287,-0.050,-0.237
2017-03-30 12:11:00,229.982,230.185,612.000,2193.000,230.05,230.10,5000.000,2500.000,230.10,230.25,1270.000,267.000,230.00,230.15,5000.000,5000.000,230.05,230.35,4003.000,13715.000,32500.000,32500.000,229.950,230.232,229.996,230.423,-0.100,-0.251
2017-03-30 12:12:00,230.024,230.235,1152.000,189.000,230.00,230.10,2500.000,2500.000,230.20,230.30,1132.000,267.000,229.95,230.15,7500.000,2500.000,230.15,230.35,8910.000,10073.000,27500.000,30000.000,229.862,230.265,230.082,230.433,-0.200,-0.259
2017-03-30 12:13:00,230.252,230.447,1315.000,12.000,230.10,230.20,2500.000,2500.000,230.35,230.45,1087.000,1108.000,230.05,230.25,5000.000,10000.000,230.30,230.50,14368.000,4100.000,27500.000,20000.000,229.969,230.323,230.223,230.531,-0.250,-0.266
2017-03-30 12:14:00,230.101,230.398,4.000,939.000,230.15,230.20,10000.000,2500.000,230.25,230.50,119.000,2191.000,230.05,230.25,5000.000,7500.000,230.20,230.55,1788.000,5286.000,35000.000,25000.000,229.959,230.289,230.164,230.615,-0.200,-0.257
2017-03-30 12:15:00,230.149,230.429,2849.000,144.000,230.10,230.20,2500.000,5000.000,230.30,230.45,466.000,1106.000,230.05,230.25,7500.000,2500.000,230.25,230.50,5985.000,4251.000,37500.000,22500.000,230.027,230.326,230.177,230.561,-0.225,-0.247
2017-03-30 12:16:00,230.088,230.362,515.000,1156.000,230.05,230.20,2500.000,2500.000,230.25,230.40,970.000,1609.000,230.00,230.25,10000.000,7500.000,230.20,230.45,7016.000,10427.000,37500.000,25000.000,229.895,230.342,230.143,230.505,-0.200,-0.235
2017-03-30 12:17:00,230.104,230.355,2633.000,1643.000,230.05,230.20,2500.000,2500.000,230.30,230.35,1054.000,3079.000,230.00,230.25,10000.000,2500.000,230.25,230.40,12221.000,15909.000,30000.000,17500.000,229.917,230.322,230.196,230.464,-0.200,-0.242
2017-03-30 12:18:00,230.164,230.393,3229.000,550.000,230.05,230.10,7500.000,5000.000,230.30,230.40,1211.000,324.000,230.00,230.20,5000.000,2500.000,230.25,230.45,12974.000,5319.000,32500.000,17500.000,229.924,230.275,230.208,230.493,-0.275,-0.249
2017-03-30 12:19:00,230.172,230.421,31.000,162.000,230.10,230.20,10000.000,5000.000,230.30,230.45,2435.000,1108.000,230.05,230.25,10000.000,2500.000,230.25,230.50,7101.000,5627.000,35000.000,17500.000,229.967,230.332,230.225,230.536,-0.225,-0.250
2017-03-30 12:20:00,230.183,230.413,565.000,284.000,230.15,230.20,5000.000,5000.000,230.30,230.45,2652.000,1118.000,230.05,230.25,5000.000,5000.000,230.25,230.50,8491.000,5702.000,27500.000,20000.000,229.980,230.329,230.195,230.531,-0.200,-0.257
2017-03-30 12:21:00,229.981,230.198,310.000,4.000,230.00,230.05,2500.000,2500.000,230.15,230.30,304.000,422.000,229.95,230.10,5000.000,5000.000,230.05,230.35,5203.000,7243.000,27500.000,27500.000,229.841,230.232,229.991,230.423,-0.200,-0.253
2017-03-30 12:22:00,230.030,230.316,2006.000,157.000,230.00,230.05,7500.000,2500.000,230.15,230.35,354.000,496.000,229.95,230.10,2500.000,5000.000,230.10,230.40,6251.000,4511.000,35000.000,20000.000,229.881,230.213,230.029,230.456,-0.225,-0.257
2017-03-30 12:23:00,229.989,230.254,1801.000,163.000,230.00,230.05,5000.000,2500.000,230.15,230.30,348.000,496.000,229.95,230.10,10000.000,5000.000,230.10,230.35,5545.000,6440.000,37500.000,25000.000,229.890,230.209,230.047,230.420,-0.200,-0.262
2017-03-30 12:24:00,229.986,230.241,1466.000,332.000,230.00,230.05,5000.000,2500.000,230.15,230.30,298.000,536.000,229.95,230.10,7500.000,5000.000,230.10,230.35,5170.000,6696.000,32500.000,25000.000,229.882,230.204,230.050,230.415,-0.200,-0.258
2017-03-30 12:25:00,229.992,230.255,1447.000,358.000,230.00,230.05,5000.000,2500.000,230.15,230.30,298.000,536.000,229.95,230.10,7500.000,5000.000,230.10,230.35,5174.000,6380.000,32500.000,22500.000,229.882,230.201,230.042,230.417,-0.200,-0.258
2017-03-30 12:26:00,229.980,230.174,1427.000,461.000,230.00,230.05,2500.000,2500.000,230.10,230.30,298.000,536.000,229.95,230.10,10000.000,5000.000,230.00,230.35,4511.000,6483.000,27500.000,25000.000,229.884,230.199,229.964,230.420,-0.175,-0.271
2017-03-30 12:27:00,229.927,230.237,739.000,398.000,230.00,230.05,2500.000,2500.000,230.15,230.25,298.000,536.000,229.95,230.10,5000.000,2500.000,230.10,230.30,4388.000,11748.000,22500.000,15000.000,229.859,230.221,230.033,230.358,-0.175,-0.266
2017-03-30 12:28:00,229.940,230.229,883.000,476.000,230.00,230.05,2500.000,2500.000,230.15,230.25,180.000,536.000,229.95,230.10,7500.000,2500.000,230.05,230.30,5135.000,11286.000,27500.000,15000.000,229.865,230.222,230.000,230.358,-0.175,-0.264
2017-03-30 12:29:00,230.082,230.315,1385.000,534.000,230.00,230.05,5000.000,2500.000,230.15,230.35,384.000,1536.000,229.95,230.10,5000.000,2500.000,230.10,230.40,6617.000,3839.000,30000.000,20000.000,229.873,230.133,230.037,230.494,-0.225,-0.276
2017-03-30 12:30:00,230.005,230.268,935.000,568.000,230.00,230.05,2500.000,2500.000,230.15,230.30,167.000,1536.000,229.95,230.10,5000.000,2500.000,230.10,230.35,4263.000,6171.000,27500.000,20000.000,229.867,230.169,230.032,230.456,-0.200,-0.290
2017-03-30 12:31:00,230.056,230.315,779.000,534.000,230.00,230.05,2500.000,2500.000,230.20,230.35,457.000,1564.000,229.95,230.10,2500.000,2500.000,230.15,230.40,8636.000,6965.000,22500.000,20000.000,229.841,230.183,230.078,230.494,-0.250,-0.297
2017-03-30 12:32:00,229.998,230.282,1419.000,513.000,230.00,230.05,2500.000,2500.000,230.20,230.35,140.000,1564.000,229.95,230.10,5000.000,2500.000,230.10,230.40,5245.000,7098.000,22500.000,20000.000,229.876,230.182,230.050,230.494,-0.250,-0.299
2017-03-30 12:33:00,229.978,230.261,1480.000,517.000,230.00,230.05,5000.000,2500.000,230.15,230.30,140.000,1564.000,229.95,230.10,5000.000,2500.000,230.10,230.35,4713.000,7797.000,27500.000,20000.000,229.884,230.186,230.041,230.456,-0.200,-0.291
2017-03-30 12:34:00,229.918,230.211,838.000,573.000,230.00,230.05,7500.000,2500.000,230.10,230.25,140.000,1781.000,229.95,230.10,5000.000,2500.000,230.00,230.30,4168.000,14579.000,30000.000,15000.000,229.860,230.210,229.967,230.367,-0.150,-0.289
2017-03-30 12:35:00,229.915,230.245,1340.000,151.000,230.00,230.05,7500.000,5000.000,230.10,230.25,159.000,1564.000,229.95,230.10,5000.000,2500.000,230.05,230.30,4884.000,14901.000,32500.000,15000.000,229.874,230.221,230.000,230.333,-0.150,-0.277
2017-03-30 12:36:00,229.921,230.218,1322.000,2216.000,230.00,230.05,2500.000,5000.000,230.10,230.25,159.000,564.000,229.95,230.10,5000.000,2500.000,230.05,230.30,4866.000,16117.000,27500.000,22500.000,229.873,230.206,229.973,230.406,-0.150,-0.286
2017-03-30 12:37:00,229.933,230.225,1358.000,2407.000,230.00,230.05,5000.000,5000.000,230.15,230.25,159.000,564.000,229.95,230.10,5000.000,2500.000,230.10,230.30,5624.000,16289.000,27500.000,22500.000,229.866,230.204,230.045,230.406,-0.175,-0.287
2017-03-30 12:38:00,229.973,230.218,1295.000,2375.000,230.00,230.05,2500.000,2500.000,230.15,230.25,159.000,564.000,229.95,230.10,5000.000,2500.000,230.10,230.30,5561.000,10955.000,22500.000,20000.000,229.864,230.185,230.033,230.425,-0.175,-0.289
2017-03-30 12:39:00,229.964,230.245,1468.000,2382.000,230.00,230.05,2500.000,2500.000,230.15,230.25,159.000,564.000,229.95,230.10,7500.000,2500.000,230.10,230.30,5158.000,10968.000,30000.000,20000.000,229.877,230.185,230.033,230.425,-0.175,-0.282
2017-03-30 12:40:00,229.965,230.237,1439.000,2298.000,230.00,230.05,2500.000,2500.000,230.15,230.25,159.000,564.000,229.95,230.10,7500.000,2500.000,230.10,230.30,5304.000,11049.000,27500.000,20000.000,229.875,230.186,230.032,230.425,-0.175,-0.276
2017-03-30 12:41:00,229.935,230.274,877.000,2851.000,230.00,230.05,2500.000,2500.000,230.15,230.20,159.000,562.000,229.95,230.10,7500.000,2500.000,230.10,230.25,5144.000,18231.000,35000.000,12500.000,229.854,230.189,230.029,230.320,-0.150,-0.256
2017-03-30 12:42:00,229.966,230.266,1033.000,2776.000,230.00,230.05,2500.000,2500.000,230.20,230.25,541.000,562.000,229.95,230.10,2500.000,2500.000,230.15,230.30,7121.000,13887.000,27500.000,20000.000,229.872,230.193,230.077,230.425,-0.200,-0.254
2017-03-30 12:43:00,230.052,230.303,1534.000,2822.000,230.00,230.05,2500.000,2500.000,230.20,230.35,303.000,564.000,229.95,230.10,5000.000,2500.000,230.15,230.40,7167.000,6437.000,25000.000,25000.000,229.878,230.131,230.080,230.490,-0.250,-0.256
2017-03-30 12:44:00,230.024,230.271,1462.000,845.000,230.00,230.05,2500.000,2500.000,230.20,230.30,172.000,562.000,229.95,230.10,5000.000,2500.000,230.15,230.35,7064.000,6551.000,25000.000,22500.000,229.876,230.187,230.080,230.456,-0.225,-0.249
2017-03-30 12:45:00,230.016,230.260,1845.000,890.000,230.00,230.05,2500.000,2500.000,230.20,230.30,396.000,524.000,229.95,230.10,2500.000,2500.000,230.15,230.35,7457.000,7063.000,25000.000,25000.000,229.884,230.192,230.075,230.465,-0.225,-0.245
2017-03-30 12:46:00,230.005,230.241,1861.000,1074.000,230.00,230.05,7500.000,5000.000,230.15,230.30,206.000,424.000,229.95,230.10,5000.000,2500.000,230.10,230.35,6655.000,7495.000,32500.000,25000.000,229.883,230.188,230.046,230.420,-0.200,-0.252
2017-03-30 12:47:00,229.950,230.239,1827.000,868.000,230.00,230.05,2500.000,5000.000,230.15,230.30,356.000,426.000,229.95,230.10,5000.000,2500.000,230.10,230.35,3879.000,7334.000,25000.000,22500.000,229.927,230.192,230.025,230.417,-0.200,-0.244
2017-03-30 12:48:00,229.940,230.203,1202.000,844.000,230.00,230.05,2500.000,5000.000,230.15,230.30,356.000,426.000,229.95,230.10,5000.000,2500.000,230.10,230.35,3109.000,7287.000,20000.000,25000.000,229.916,230.192,230.044,230.410,-0.200,-0.245
2017-03-30 12:49:00,230.269,230.482,3024.000,54.000,230.10,230.20,2500.000,2500.000,230.35,230.50,1053.000,104.000,230.05,230.25,5000.000,7500.000,230.30,230.60,13086.000,1974.000,27500.000,22500.000,229.982,230.358,230.218,230.650,-0.275,-0.264
2017-03-30 12:50:00,230.132,230.352,339.000,106.000,230.05,230.10,2500.000,2500.000,230.20,230.40,4032.000,10.000,230.00,230.15,2500.000,7500.000,230.15,230.45,7273.000,2393.000,32500.000,25000.000,229.954,230.215,230.062,230.490,-0.225,-0.285
2017-03-30 12:51:00,230.007,230.279,338.000,167.000,230.05,230.10,5000.000,2500.000,230.15,230.30,4125.000,70.000,230.00,230.15,7500.000,2500.000,230.10,230.40,5691.000,8715.000,35000.000,25000.000,229.978,230.252,230.039,230.460,-0.150,-0.281
2017-03-30 12:52:00,230.014,230.266,316.000,292.000,230.05,230.10,5000.000,2500.000,230.15,230.30,4125.000,70.000,230.00,230.15,7500.000,2500.000,230.10,230.35,7667.000,11280.000,35000.000,27500.000,229.951,230.261,230.039,230.450,-0.150,-0.286
2017-03-30 12:53:00,229.953,230.219,4450.000,311.000,230.00,230.05,2500.000,2500.000,230.15,230.25,849.000,70.000,229.95,230.10,5000.000,2500.000,230.10,230.30,9124.000,11243.000,32500.000,20000.000,229.931,230.232,229.996,230.381,-0.175,-0.280
2017-03-30 12:54:00,229.955,230.265,4423.000,374.000,230.00,230.05,2500.000,2500.000,230.15,230.25,849.000,187.000,229.95,230.10,2500.000,2500.000,230.10,230.30,9097.000,11149.000,27500.000,15000.000,229.931,230.230,230.009,230.367,-0.175,-0.263
2017-03-30 12:55:00,229.941,230.263,4498.000,341.000,230.00,230.05,2500.000,2500.000,230.20,230.25,1405.000,127.000,229.95,230.10,2500.000,2500.000,230.15,230.30,9089.000,12409.000,22500.000,15000.000,229.941,230.233,230.067,230.367,-0.200,-0.248
2017-03-30 12:56:00,230.002,230.256,3715.000,1130.000,230.00,230.05,2500.000,5000.000,230.15,230.30,1066.000,237.000,229.95,230.10,5000.000,2500.000,230.10,230.35,7986.000,6525.000,32500.000,27500.000,229.928,230.195,229.988,230.436,-0.200,-0.237
2017-03-30 12:57:00,229.936,230.215,3769.000,611.000,230.00,230.05,2500.000,2500.000,230.15,230.20,849.000,237.000,229.95,230.10,2500.000,5000.000,230.10,230.25,8145.000,15462.000,22500.000,20000.000,229.927,230.213,230.022,230.338,-0.150,-0.209
2017-03-30 12:58:00,230.063,230.300,4435.000,625.000,230.00,230.05,7500.000,2500.000,230.20,230.30,1116.000,239.000,229.95,230.10,2500.000,2500.000,230.15,230.35,11239.000,4250.000,27500.000,17500.000,229.909,230.193,230.095,230.450,-0.225,-0.193
2017-03-30 12:59:00,230.083,230.309,360.000,580.000,230.05,230.20,2500.000,2500.000,230.25,230.35,4625.000,1495.000,230.00,230.25,5000.000,2500.000,230.20,230.45,8913.000,10803.000,20000.000,22500.000,229.954,230.342,230.144,230.506,-0.175,-0.179
2017-03-30 13:00:00,230.043,230.287,208.000,297.000,230.05,230.15,2500.000,5000.000,230.25,230.35,4827.000,937.000,230.00,230.20,2500.000,5000.000,230.20,230.45,8837.000,10572.000,15000.000,25000.000,229.957,230.324,230.142,230.480,-0.200,-0.169
2017-03-30 13:01:00,230.084,230.284,235.000,70.000,230.05,230.10,7500.000,7500.000,230.20,230.45,4451.000,254.000,230.00,230.15,5000.000,10000.000,230.10,230.50,7440.000,4261.000,25000.000,30000.000,229.954,230.261,230.080,230.537,-0.250,-0.179
2017-03-30 13:02:00,230.185,230.325,174.000,319.000,230.05,230.15,7500.000,2500.000,230.20,230.40,4428.000,579.000,230.00,230.20,2500.000,5000.000,230.15,230.45,7750.000,2120.000,25000.000,20000.000,229.949,230.256,230.100,230.494,-0.200,-0.195
2017-03-30 13:03:00,230.150,230.306,742.000,847.000,230.10,230.15,2500.000,2500.000,230.25,230.40,1714.000,89.000,230.05,230.20,5000.000,5000.000,230.20,230.45,7726.000,3625.000,20000.000,25000.000,230.011,230.289,230.137,230.510,-0.200,-0.202
2017-03-30 13:04:00,230.156,230.312,938.000,428.000,230.10,230.15,10000.000,2500.000,230.20,230.40,808.000,89.000,230.05,230.20,2500.000,2500.000,230.15,230.45,7226.000,2940.000,27500.000,22500.000,230.008,230.307,230.114,230.500,-0.175,-0.190
2017-03-30 13:05:00,230.120,230.311,162.000,311.000,230.15,230.20,7500.000,2500.000,230.20,230.40,619.000,95.000,230.10,230.25,5000.000,2500.000,230.15,230.45,6657.000,9778.000,25000.000,20000.000,230.011,230.379,230.115,230.506,-0.125,-0.173
2017-03-30 13:06:00,230.106,230.357,191.000,413.000,230.15,230.20,7500.000,2500.000,230.20,230.40,568.000,104.000,230.10,230.25,5000.000,2500.000,230.15,230.45,6704.000,12047.000,25000.000,12500.000,230.011,230.374,230.115,230.500,-0.125,-0.162
2017-03-30 13:07:00,230.145,230.367,182.000,3603.000,230.15,230.20,10000.000,2500.000,230.20,230.35,568.000,104.000,230.10,230.25,5000.000,5000.000,230.15,230.45,7606.000,13076.000,37500.000,15000.000,229.998,230.326,230.117,230.483,-0.100,-0.158
2017-03-30 13:08:00,230.175,230.363,132.000,3103.000,230.15,230.20,2500.000,2500.000,230.25,230.35,568.000,114.000,230.10,230.25,7500.000,5000.000,230.20,230.45,11560.000,12611.000,25000.000,15000.000,230.005,230.331,230.115,230.483,-0.125,-0.162
2017-03-30 13:09:00,230.269,230.368,197.000,458.000,230.15,230.20,5000.000,5000.000,230.30,230.45,618.000,151.000,230.10,230.25,7500.000,7500.000,230.20,230.50,13996.000,3383.000,27500.000,27500.000,230.015,230.354,230.159,230.577,-0.200,-0.175
2017-03-30 13:10:00,230.276,230.382,181.000,716.000,230.15,230.20,10000.000,2500.000,230.30,230.45,835.000,54.000,230.10,230.25,2500.000,10000.000,230.25,230.50,12823.000,3614.000,30000.000,25000.000,229.998,230.344,230.208,230.560,-0.200,-0.185
2017-03-30 13:11:00,230.225,230.422,835.000,510.000,230.10,230.20,2500.000,2500.000,230.35,230.45,2159.000,52.000,230.05,230.25,7500.000,7500.000,230.30,230.50,16551.000,4960.000,25000.000,20000.000,229.990,230.358,230.245,230.562,-0.250,-0.185
2017-03-30 13:12:00,230.252,230.450,406.000,502.000,230.15,230.20,2500.000,2500.000,230.35,230.45,73.000,112.000,230.10,230.25,7500.000,7500.000,230.30,230.50,13584.000,4917.000,30000.000,20000.000,230.004,230.356,230.229,230.562,-0.225,-0.182
2017-03-30 13:13:00,230.251,230.460,33.000,748.000,230.15,230.20,2500.000,7500.000,230.35,230.50,422.000,146.000,230.10,230.25,7500.000,2500.000,230.30,230.55,13495.000,5163.000,27500.000,22500.000,230.003,230.349,230.245,230.617,-0.250,-0.172
2017-03-30 13:14:00,230.320,230.487,246.000,144.000,230.20,230.25,7500.000,2500.000,230.35,230.55,110.000,170.000,230.15,230.30,7500.000,5000.000,230.30,230.60,13052.000,4666.000,30000.000,17500.000,230.030,230.410,230.275,230.650,-0.225,-0.188
2017-03-30 13:15:00,230.326,230.481,149.000,157.000,230.20,230.25,2500.000,5000.000,230.40,230.50,131.000,110.000,230.15,230.30,10000.000,2500.000,230.35,230.55,13687.000,4505.000,32500.000,20000.000,230.029,230.413,230.296,230.600,-0.225,-0.188
2017-03-30 13:16:00,230.201,230.397,372.000,132.000,230.15,230.20,2500.000,2500.000,230.35,230.40,2050.000,86.000,230.10,230.25,7500.000,2500.000,230.30,230.45,15675.000,8688.000,27500.000,17500.000,230.017,230.388,230.250,230.514,-0.200,-0.198
2017-03-30 13:17:00,230.228,230.411,368.000,162.000,230.15,230.20,2500.000,2500.000,230.35,230.40,2050.000,86.000,230.10,230.25,7500.000,5000.000,230.30,230.50,15693.000,6387.000,25000.000,20000.000,230.017,230.381,230.255,230.562,-0.200,-0.186
2017-03-30 13:18:00,230.322,230.479,75.000,26.000,230.20,230.25,5000.000,2500.000,230.40,230.55,625.000,225.000,230.15,230.30,2500.000,2500.000,230.35,230.60,11807.000,3669.000,22500.000,20000.000,230.040,230.412,230.300,230.662,-0.250,-0.176
2017-03-30 13:19:00,230.274,230.522,52.000,352.000,230.25,230.30,2500.000,7500.000,230.45,230.60,220.000,110.000,230.20,230.35,5000.000,2500.000,230.40,230.65,5476.000,5896.000,20000.000,25000.000,230.089,230.449,230.344,230.690,-0.250,-0.130
2017-03-30 13:20:00,230.372,230.528,596.000,85.000,230.25,230.30,2500.000,2500.000,230.50,230.60,810.000,1570.000,230.20,230.40,5000.000,5000.000,230.45,230.65,11664.000,5884.000,17500.000,22500.000,230.095,230.486,230.407,230.700,-0.275,-0.127
2017-03-30 13:21:00,230.389,230.636,210.000,435.000,230.40,230.55,2500.000,2500.000,230.50,230.65,2249.000,300.000,230.35,230.60,7500.000,7500.000,230.45,230.70,7869.000,17650.000,35000.000,17500.000,230.265,230.694,230.404,230.736,-0.100,-0.082
2017-03-30 13:22:00,230.844,230.966,793.000,101.000,230.75,230.85,7500.000,17500.000,230.85,231.00,628.000,4343.000,230.70,231.00,5000.000,2500.000,230.80,231.05,8015.000,9406.000,45000.000,32500.000,230.616,231.050,230.753,231.058,-0.125,-0.081
2017-03-30 13:23:00,231.211,231.317,388.000,1.000,231.15,231.25,5000.000,2500.000,231.25,231.30,2556.000,627.000,231.10,231.30,2500.000,5000.000,231.20,231.40,10924.000,9075.000,32500.000,25000.000,231.026,231.387,231.135,231.460,-0.075,-0.090
2017-03-30 13:24:00,231.014,231.031,18.000,105.000,230.95,231.00,15000.000,5000.000,230.95,231.10,20.000,1098.000,230.90,231.05,5000.000,5000.000,230.90,231.15,7645.000,5424.000,37500.000,27500.000,230.738,231.107,230.873,231.218,-0.050,-0.120
2017-03-30 13:25:00,230.862,231.003,3602.000,26.000,230.75,230.90,2500.000,5000.000,231.00,231.10,655.000,147.000,230.70,230.95,2500.000,2500.000,230.95,231.15,10245.000,5208.000,15000.000,25000.000,230.643,231.073,230.892,231.220,-0.225,-0.120
2017-03-30 13:26:00,231.009,231.031,1.000,1078.000,230.90,231.00,2500.000,5000.000,230.95,231.15,60.000,1114.000,230.85,231.05,2500.000,7500.000,230.90,231.20,7855.000,5782.000,22500.000,30000.000,230.735,231.103,230.833,231.246,-0.100,-0.136
2017-03-30 13:27:00,231.017,231.133,10.000,583.000,231.00,231.10,7500.000,5000.000,231.05,231.25,969.000,225.000,230.90,231.15,5000.000,7500.000,231.00,231.30,9282.000,10850.000,25000.000,27500.000,230.797,231.238,230.965,231.350,-0.100,-0.139
2017-03-30 13:28:00,231.024,231.176,586.000,72.000,231.00,231.10,15000.000,2500.000,231.10,231.25,545.000,431.000,230.95,231.15,2500.000,7500.000,231.05,231.30,7217.000,8995.000,30000.000,22500.000,230.868,231.243,231.042,231.350,-0.125,-0.134
2017-03-30 13:29:00,230.966,231.137,6.000,56.000,231.00,231.05,7500.000,7500.000,231.05,231.20,1259.000,888.000,230.95,231.10,7500.000,7500.000,231.00,231.25,6804.000,11664.000,35000.000,30000.000,230.853,231.219,230.971,231.279,-0.100,-0.132
2017-03-30 13:30:00,231.037,231.178,923.000,80.000,231.05,231.10,12500.000,2500.000,231.10,231.20,324.000,512.000,231.00,231.15,7500.000,5000.000,231.05,231.25,7043.000,11608.000,40000.000,22500.000,230.913,231.234,231.019,231.306,-0.075,-0.130
2017-03-30 13:31:00,231.051,231.150,217.000,92.000,231.05,231.10,7500.000,2500.000,231.10,231.15,952.000,3108.000,231.00,231.15,5000.000,2500.000,231.05,231.20,7997.000,13227.000,35000.000,22500.000,230.892,231.223,230.996,231.261,-0.050,-0.132
2017-03-30 13:32:00,230.924,231.057,885.000,103.000,230.90,230.95,5000.000,2500.000,230.95,231.00,485.000,1642.000,230.85,231.00,5000.000,2500.000,230.90,231.10,10158.000,10906.000,52500.000,22500.000,230.762,231.079,230.836,231.178,-0.050,-0.144
2017-03-30 13:33:00,230.924,231.050,798.000,713.000,230.90,230.95,2500.000,5000.000,230.95,231.05,412.000,175.000,230.85,231.00,7500.000,7500.000,230.90,231.10,9897.000,9884.000,52500.000,27500.000,230.759,231.094,230.845,231.150,-0.075,-0.146
2017-03-30 13:34:00,230.854,231.016,312.000,413.000,230.90,230.95,5000.000,2500.000,230.90,231.00,26.000,3166.000,230.85,231.00,10000.000,7500.000,230.85,231.05,4203.000,10713.000,55000.000,22500.000,230.768,231.085,230.802,231.100,-0.025,-0.146
2017-03-30 13:35:00,230.861,230.994,501.000,2882.000,230.90,230.95,7500.000,2500.000,230.90,231.00,50.000,3116.000,230.85,231.00,10000.000,5000.000,230.85,231.05,4112.000,12822.000,55000.000,25000.000,230.773,231.058,230.809,231.120,-0.025,-0.139
2017-03-30 13:36:00,231.080,231.189,249.000,1465.000,231.05,231.10,7500.000,10000.000,231.15,231.30,1363.000,3075.000,231.00,231.15,5000.000,7500.000,231.10,231.35,7219.000,9255.000,30000.000,40000.000,230.920,231.187,231.058,231.412,-0.150,-0.141
2017-03-30 13:37:00,230.992,231.183,384.000,43.000,231.00,231.05,2500.000,2500.000,231.15,231.20,995.000,1424.000,230.95,231.10,7500.000,5000.000,231.10,231.25,9431.000,11216.000,25000.000,25000.000,230.894,231.196,231.040,231.310,-0.150,-0.122
2017-03-30 13:38:00,231.027,231.162,487.000,121.000,231.00,231.05,10000.000,2500.000,231.05,231.20,312.000,1732.000,230.95,231.10,10000.000,5000.000,231.00,231.25,8315.000,10091.000,45000.000,25000.000,230.828,231.183,230.953,231.310,-0.100,-0.119
2017-03-30 13:39:00,231.013,231.177,329.000,130.000,231.00,231.05,5000.000,2500.000,231.10,231.20,573.000,4731.000,230.95,231.10,7500.000,7500.000,231.05,231.25,8718.000,10509.000,37500.000,27500.000,230.876,231.170,230.997,231.305,-0.125,-0.098
2017-03-30 13:40:00,231.027,231.126,72.000,355.000,231.00,231.05,10000.000,2500.000,231.05,231.20,568.000,4731.000,230.95,231.10,12500.000,5000.000,231.00,231.25,8099.000,10975.000,32500.000,25000.000,230.824,231.170,230.988,231.310,-0.100,-0.112
2017-03-30 13:41:00,231.033,231.152,582.000,170.000,230.95,231.00,2500.000,5000.000,231.10,231.20,807.000,573.000,230.90,231.05,5000.000,5000.000,231.05,231.25,13061.000,7088.000,25000.000,27500.000,230.809,231.116,231.000,231.291,-0.175,-0.122
2017-03-30 13:42:00,230.902,230.993,415.000,1000.000,230.90,230.95,27500.000,2500.000,230.90,231.05,364.000,899.000,230.80,231.00,2500.000,7500.000,230.85,231.10,8712.000,9984.000,47500.000,25000.000,230.689,231.087,230.839,231.160,-0.050,-0.116
2017-03-30 13:43:00,230.955,231.077,50.000,249.000,230.90,230.95,2500.000,10000.000,230.95,231.10,60.000,1052.000,230.85,231.00,10000.000,2500.000,230.90,231.15,9034.000,7890.000,52500.000,35000.000,230.725,231.089,230.824,231.196,-0.100,-0.118
2017-03-30 13:44:00,230.810,230.868,1044.000,274.000,230.65,230.80,2500.000,5000.000,230.80,230.90,1124.000,179.000,230.60,230.85,2500.000,5000.000,230.75,230.95,13664.000,4934.000,22500.000,25000.000,230.527,230.952,230.672,230.995,-0.125,-0.133
2017-03-30 13:45:00,230.786,230.957,346.000,247.000,230.90,230.95,5000.000,2500.000,230.85,231.00,326.000,226.000,230.85,231.00,7500.000,7500.000,230.80,231.05,1171.000,7674.000,32500.000,22500.000,230.808,231.103,230.758,231.089,0.000,-0.111
2017-03-30 13:46:00,230.925,231.094,146.000,1072.000,231.00,231.05,2500.000,10000.000,230.95,231.15,173.000,6143.000,230.95,231.10,20000.000,7500.000,230.90,231.20,2073.000,13928.000,47500.000,35000.000,230.854,231.165,230.858,231.236,-0.025,-0.095
2017-03-30 13:47:00,230.984,231.047,301.000,2029.000,231.00,231.05,15000.000,7500.000,230.90,231.10,131.000,5927.000,230.95,231.10,7500.000,7500.000,230.85,231.15,6577.000,14784.000,57500.000,32500.000,230.778,231.151,230.802,231.196,0.025,-0.108
2017-03-30 13:48:00,230.963,231.094,1134.000,1542.000,231.00,231.05,2500.000,5000.000,231.00,231.10,74.000,5927.000,230.95,231.10,7500.000,5000.000,230.95,231.15,4794.000,14494.000,47500.000,30000.000,230.884,231.154,230.876,231.213,-0.025,-0.109
2017-03-30 13:49:00,230.845,230.978,448.000,4769.000,230.85,230.95,5000.000,2500.000,230.85,231.00,768.000,3809.000,230.80,231.00,7500.000,5000.000,230.80,231.05,7001.000,17831.000,47500.000,25000.000,230.735,231.041,230.750,231.105,-0.025,-0.095
2017-03-30 13:50:00,231.158,231.221,4998.000,63.000,231.00,231.10,5000.000,2500.000,231.05,231.20,360.000,85.000,230.95,231.15,7500.000,10000.000,231.00,231.25,11579.000,1641.000,65000.000,35000.000,230.900,231.233,230.925,231.371,-0.075,-0.094
2017-03-30 13:51:00,231.075,231.163,3319.000,638.000,231.00,231.05,2500.000,2500.000,231.05,231.15,189.000,154.000,230.95,231.10,5000.000,12500.000,231.00,231.20,11787.000,5689.000,47500.000,27500.000,230.863,231.207,230.921,231.236,-0.075,-0.087
2017-03-30 13:52:00,231.033,231.160,1897.000,546.000,231.00,231.05,7500.000,2500.000,231.05,231.15,134.000,354.000,230.95,231.10,5000.000,12500.000,231.00,231.20,7954.000,6510.000,47500.000,27500.000,230.858,231.211,230.926,231.236,-0.075,-0.075
2017-03-30 13:53:00,230.857,230.990,1782.000,2.000,230.80,230.85,7500.000,7500.000,230.85,231.05,377.000,6.000,230.75,230.90,12500.000,2500.000,230.80,231.10,10398.000,8029.000,40000.000,25000.000,230.653,230.976,230.766,231.140,-0.125,-0.065
2017-03-30 13:54:00,231.092,231.156,221.000,485.000,231.00,231.05,2500.000,2500.000,231.05,231.15,361.000,242.000,230.95,231.15,2500.000,7500.000,231.00,231.20,8525.000,6625.000,40000.000,25000.000,230.833,231.227,230.919,231.255,-0.075,-0.070
2017-03-30 13:55:00,231.072,231.127,781.000,240.000,231.00,231.05,2500.000,2500.000,231.05,231.15,249.000,85.000,230.95,231.15,5000.000,7500.000,231.00,231.20,6943.000,6233.000,30000.000,25000.000,230.837,231.233,230.929,231.255,-0.075,-0.085
2017-03-30 13:56:00,231.007,231.061,350.000,485.000,231.00,231.05,5000.000,2500.000,231.00,231.05,339.000,60.000,230.90,231.10,2500.000,7500.000,230.95,231.15,10350.000,11351.000,30000.000,25000.000,230.782,231.188,230.892,231.200,0.000,-0.095
2017-03-30 13:57:00,231.040,231.108,695.000,644.000,231.00,231.05,7500.000,2500.000,231.00,231.15,73.000,306.000,230.95,231.15,2500.000,7500.000,230.95,231.20,5215.000,6411.000,37500.000,25000.000,230.854,231.218,230.903,231.250,-0.050,-0.089
2017-03-30 13:58:00,230.863,230.947,1506.000,2.000,230.85,230.90,2500.000,2500.000,230.85,230.90,815.000,753.000,230.80,230.95,2500.000,2500.000,230.80,231.00,7544.000,8371.000,32500.000,17500.000,230.751,231.009,230.735,231.057,0.000,-0.084
2017-03-30 13:59:00,231.031,231.119,690.000,17.000,231.00,231.05,2500.000,7500.000,231.00,231.15,498.000,25.000,230.95,231.15,5000.000,5000.000,230.95,231.20,5140.000,5541.000,37500.000,27500.000,230.876,231.242,230.887,231.241,-0.050,-0.070
2017-03-30 14:00:00,231.023,231.153,1236.000,17.000,231.00,231.05,5000.000,5000.000,231.00,231.15,498.000,91.000,230.95,231.15,5000.000,7500.000,230.95,231.20,5176.000,5472.000,52500.000,25000.000,230.892,231.240,230.890,231.240,-0.050,-0.067
2017-03-30 14:01:00,231.017,231.122,213.000,53.000,231.00,231.05,5000.000,5000.000,231.00,231.15,83.000,229.000,230.95,231.15,5000.000,7500.000,230.95,231.20,4152.000,5996.000,45000.000,27500.000,230.853,231.240,230.903,231.241,-0.050,-0.083
2017-03-30 14:02:00,231.028,231.064,980.000,679.000,231.00,231.05,2500.000,7500.000,230.95,231.10,393.000,147.000,230.90,231.10,15000.000,5000.000,230.90,231.15,9099.000,6771.000,42500.000,27500.000,230.806,231.208,230.856,231.186,0.000,-0.078
2017-03-30 14:03:00,231.040,231.100,1006.000,398.000,231.00,231.05,5000.000,5000.000,231.00,231.15,142.000,91.000,230.95,231.15,2500.000,5000.000,230.95,231.20,5719.000,5897.000,30000.000,25000.000,230.874,231.227,230.900,231.245,-0.050,-0.073
2017-03-30 14:04:00,230.981,231.000,1801.000,6055.000,230.85,231.00,2500.000,7500.000,230.90,231.05,749.000,258.000,230.80,231.05,5000.000,7500.000,230.85,231.10,15565.000,11371.000,35000.000,30000.000,230.719,231.074,230.786,231.142,-0.050,-0.092
2017-03-30 14:05:00,230.903,231.018,28.000,426.000,230.90,230.95,2500.000,2500.000,230.90,231.00,1827.000,4093.000,230.85,231.00,5000.000,5000.000,230.85,231.05,4772.000,7877.000,32500.000,17500.000,230.776,231.050,230.769,231.093,-0.025,-0.084
2017-03-30 14:06:00,230.728,230.913,327.000,165.000,230.75,230.80,5000.000,5000.000,230.75,230.95,1089.000,530.000,230.70,230.85,5000.000,7500.000,230.70,231.00,4452.000,7467.000,42500.000,22500.000,230.613,230.946,230.659,231.061,-0.075,-0.063
2017-03-30 14:07:00,230.836,230.846,1404.000,66.000,230.70,230.75,7500.000,12500.000,230.70,230.90,73.000,545.000,230.65,230.85,7500.000,2500.000,230.65,230.95,7995.000,3116.000,37500.000,30000.000,230.545,230.947,230.610,230.983,-0.075,-0.083
2017-03-30 14:08:00,231.105,231.142,1808.000,211.000,230.95,231.00,5000.000,2500.000,231.00,231.20,816.000,1010.000,230.90,231.05,12500.000,7500.000,230.95,231.25,14212.000,4230.000,37500.000,25000.000,230.798,231.175,230.903,231.310,-0.125,-0.106
2017-03-30 14:09:00,231.009,231.120,635.000,852.000,231.00,231.05,5000.000,2500.000,231.00,231.10,709.000,85.000,230.95,231.15,5000.000,2500.000,230.95,231.15,4517.000,6748.000,47500.000,20000.000,230.883,231.219,230.876,231.225,-0.025,-0.106
2017-03-30 14:10:00,231.117,231.192,264.000,920.000,231.15,231.20,5000.000,5000.000,231.05,231.25,110.000,410.000,231.05,231.25,5000.000,7500.000,231.00,231.30,4886.000,7044.000,27500.000,20000.000,230.979,231.333,230.950,231.325,0.025,-0.118
2017-03-30 14:11:00,231.131,231.209,656.000,2.000,231.10,231.15,5000.000,2500.000,231.10,231.25,360.000,53.000,231.05,231.20,10000.000,7500.000,231.05,231.30,6400.000,5762.000,42500.000,25000.000,230.975,231.279,231.009,231.350,-0.050,-0.119
2017-03-30 14:12:00,231.118,231.230,102.000,1975.000,231.10,231.20,5000.000,2500.000,231.10,231.25,2075.000,3119.000,231.00,231.25,2500.000,7500.000,231.05,231.30,9609.000,13482.000,45000.000,25000.000,230.910,231.299,230.989,231.355,-0.025,-0.100
2017-03-30 14:13:00,230.984,231.133,432.000,2576.000,231.00,231.15,7500.000,7500.000,231.00,231.15,480.000,2553.000,230.95,231.20,2500.000,2500.000,230.95,231.20,5052.000,17506.000,50000.000,32500.000,230.879,231.248,230.875,231.258,-0.000,-0.082
2017-03-30 14:14:00,231.047,231.159,1105.000,55.000,231.00,231.10,2500.000,2500.000,231.05,231.15,598.000,1425.000,230.95,231.15,7500.000,5000.000,231.00,231.20,11052.000,11483.000,45000.000,25000.000,230.855,231.244,230.925,231.270,-0.050,-0.076
2017-03-30 14:15:00,231.071,231.212,314.000,142.000,231.10,231.15,2500.000,2500.000,231.10,231.20,231.000,2043.000,231.05,231.20,7500.000,5000.000,231.05,231.25,6127.000,12711.000,42500.000,22500.000,230.970,231.279,230.985,231.300,-0.025,-0.064
2017-03-30 14:16:00,231.202,231.285,1314.000,54.000,231.10,231.15,2500.000,2500.000,231.15,231.25,50.000,1845.000,231.05,231.20,10000.000,5000.000,231.10,231.30,13594.000,5529.000,45000.000,15000.000,230.957,231.269,231.039,231.342,-0.075,-0.077
2017-03-30 14:17:00,231.176,231.193,1371.000,183.000,231.10,231.15,2500.000,10000.000,231.10,231.25,214.000,1551.000,231.05,231.20,2500.000,5000.000,231.05,231.30,8877.000,4948.000,35000.000,32500.000,230.969,231.261,230.993,231.373,-0.050,-0.096
2017-03-30 14:18:00,231.074,231.132,645.000,1054.000,230.95,231.10,2500.000,10000.000,231.00,231.15,1491.000,128.000,230.90,231.15,2500.000,5000.000,230.95,231.20,10639.000,7703.000,35000.000,27500.000,230.798,231.222,230.875,231.223,-0.050,-0.098
2017-03-30 14:19:00,231.042,231.126,685.000,135.000,231.00,231.10,2500.000,10000.000,231.00,231.15,202.000,229.000,230.95,231.15,5000.000,2500.000,230.95,231.20,5852.000,6260.000,32500.000,25000.000,230.856,231.246,230.888,231.250,-0.025,-0.114
2017-03-30 14:20:00,231.082,231.159,2830.000,37.000,231.00,231.10,5000.000,7500.000,231.05,231.20,389.000,732.000,230.95,231.20,2500.000,5000.000,230.95,231.25,9270.000,6794.000,40000.000,30000.000,230.890,231.290,230.894,231.358,-0.075,-0.103
2017-03-30 14:21:00,230.947,231.098,768.000,216.000,231.00,231.10,2500.000,7500.000,230.95,231.10,144.000,292.000,230.95,231.15,15000.000,2500.000,230.90,231.15,2444.000,7683.000,37500.000,17500.000,230.919,231.227,230.850,231.171,0.025,-0.090
2017-03-30 14:22:00,231.002,231.115,411.000,2219.000,231.05,231.15,2500.000,2500.000,231.00,231.10,428.000,2822.000,231.00,231.20,5000.000,10000.000,230.95,231.15,4158.000,12889.000,37500.000,22500.000,230.897,231.252,230.863,231.189,0.050,-0.087
2017-03-30 14:23:00,231.088,231.154,1616.000,503.000,231.00,231.10,2500.000,5000.000,231.00,231.10,175.000,89.000,230.95,231.15,2500.000,2500.000,230.95,231.15,4811.000,2313.000,45000.000,15000.000,230.914,231.215,230.867,231.183,0.000,-0.095
2017-03-30 14:24:00,231.034,231.200,958.000,40.000,231.00,231.05,7500.000,2500.000,230.95,231.15,4.000,51.000,230.95,231.10,5000.000,2500.000,230.90,231.20,3686.000,1816.000,50000.000,15000.000,230.866,231.233,230.830,231.267,-0.025,-0.089
2017-03-30 14:25:00,231.048,231.066,696.000,249.000,230.95,231.00,2500.000,5000.000,230.90,231.05,1289.000,256.000,230.90,231.05,27500.000,2500.000,230.85,231.10,3562.000,1112.000,47500.000,15000.000,230.848,231.075,230.818,231.150,-0.000,-0.104
2017-03-30 14:26:00,231.032,231.118,977.000,164.000,231.00,231.10,5000.000,2500.000,230.95,231.10,50.000,127.000,230.95,231.15,5000.000,2500.000,230.90,231.15,2244.000,2355.000,35000.000,15000.000,230.897,231.232,230.814,231.208,0.025,-0.105
2017-03-30 14:27:00,231.037,231.135,260.000,167.000,231.05,231.10,2500.000,2500.000,231.00,231.15,210.000,1108.000,231.00,231.15,7500.000,5000.000,230.95,231.20,1176.000,2376.000,37500.000,20000.000,230.958,231.190,230.883,231.281,-0.000,-0.132
2017-03-30 14:28:00,231.009,231.117,1092.000,641.000,231.00,231.10,5000.000,2500.000,231.00,231.10,434.000,126.000,230.95,231.15,5000.000,2500.000,230.95,231.15,3102.000,4104.000,35000.000,17500.000,230.903,231.234,230.871,231.207,0.000,-0.129
2017-03-30 14:29:00,231.007,231.142,1722.000,173.000,231.00,231.05,2500.000,5000.000,231.00,231.15,284.000,533.000,230.95,231.10,5000.000,2500.000,230.95,231.20,3518.000,2796.000,30000.000,17500.000,230.918,231.201,230.883,231.250,-0.050,-0.110
2017-03-30 14:30:00,230.965,231.060,932.000,112.000,231.00,231.05,2500.000,10000.000,230.90,231.10,200.000,534.000,230.95,231.10,15000.000,2500.000,230.85,231.15,2421.000,3624.000,40000.000,22500.000,230.891,231.214,230.781,231.178,0.025,-0.100
2017-03-30 14:31:00,230.954,231.042,470.000,175.000,231.00,231.05,5000.000,5000.000,230.90,231.05,35.000,1131.000,230.90,231.10,2500.000,5000.000,230.85,231.10,2749.000,4412.000,40000.000,20000.000,230.816,231.196,230.787,231.137,0.050,-0.090
2017-03-30 14:32:00,230.930,231.165,1062.000,20.000,231.00,231.05,5000.000,5000.000,230.95,231.15,4.000,3015.000,230.95,231.10,5000.000,5000.000,230.90,231.20,1195.000,4987.000,45000.000,20000.000,230.982,231.153,230.803,231.231,-0.025,-0.073
2017-03-30 14:33:00,230.866,230.958,1060.000,501.000,230.90,230.95,2500.000,5000.000,230.80,230.95,4.000,118.000,230.85,231.00,5000.000,7500.000,230.75,231.00,3220.000,7685.000,30000.000,20000.000,230.774,231.133,230.662,231.031,0.050,-0.084
2017-03-30 14:34:00,230.942,230.985,601.000,4877.000,231.00,231.05,2500.000,17500.000,230.90,231.00,36.000,476.000,230.90,231.10,5000.000,5000.000,230.85,231.05,3485.000,11349.000,32500.000,32500.000,230.832,231.151,230.781,231.050,0.075,-0.093
2017-03-30 14:35:00,231.040,231.085,5628.000,398.000,231.00,231.10,7500.000,5000.000,230.95,231.15,602.000,126.000,230.95,231.15,10000.000,5000.000,230.90,231.20,6569.000,2718.000,30000.000,20000.000,230.988,231.236,230.871,231.231,0.000,-0.096
2017-03-30 14:36:00,231.051,231.087,3450.000,33.000,231.00,231.05,2500.000,7500.000,230.95,231.10,438.000,7.000,230.95,231.10,7500.000,5000.000,230.90,231.15,6637.000,1793.000,35000.000,22500.000,230.912,231.236,230.829,231.172,0.000,-0.086
2017-03-30 14:37:00,231.033,231.181,2254.000,119.000,231.00,231.05,2500.000,5000.000,231.00,231.15,727.000,106.000,230.95,231.10,5000.000,5000.000,230.95,231.20,7118.000,3767.000,42500.000,22500.000,230.852,231.230,230.859,231.267,-0.050,-0.075
2017-03-30 14:38:00,231.055,231.204,2817.000,877.000,231.00,231.05,2500.000,2500.000,231.00,231.15,84.000,106.000,230.90,231.10,5000.000,5000.000,230.95,231.20,7785.000,3680.000,42500.000,17500.000,230.853,231.188,230.859,231.257,-0.050,-0.062
2017-03-30 14:39:00,230.952,231.040,3065.000,3195.000,231.00,231.05,2500.000,5000.000,230.95,231.00,84.000,156.000,230.90,231.10,5000.000,2500.000,230.90,231.05,5291.000,8656.000,35000.000,17500.000,230.910,231.168,230.814,231.100,0.050,-0.068
2017-03-30 14:40:00,230.737,230.798,1318.000,49.000,230.75,230.85,7500.000,2500.000,230.70,230.80,2330.000,3086.000,230.70,230.90,2500.000,2500.000,230.65,230.85,5094.000,8026.000,35000.000,17500.000,230.673,230.983,230.589,230.929,0.050,-0.064
2017-03-30 14:41:00,230.688,230.672,1020.000,103.000,230.55,230.60,2500.000,2500.000,230.55,230.65,1421.000,20.000,230.50,230.65,5000.000,5000.000,230.50,230.70,7944.000,1042.000,30000.000,15000.000,230.422,230.766,230.429,230.758,-0.025,-0.062
2017-03-30 14:42:00,230.759,230.852,840.000,1247.000,230.80,230.90,2500.000,2500.000,230.75,230.85,36.000,413.000,230.75,230.95,5000.000,2500.000,230.70,230.90,2706.000,6675.000,32500.000,20000.000,230.722,231.029,230.612,230.969,0.050,-0.029
2017-03-30 14:43:00,230.870,230.955,166.000,466.000,230.95,231.00,2500.000,2500.000,230.85,230.95,293.000,2851.000,230.90,231.05,7500.000,7500.000,230.80,231.00,3521.000,8948.000,30000.000,17500.000,230.728,231.122,230.738,231.043,0.075,0.021
2017-03-30 14:44:00,230.908,231.024,497.000,50.000,230.90,230.95,7500.000,5000.000,230.85,231.00,339.000,2923.000,230.85,231.00,2500.000,2500.000,230.80,231.05,3467.000,5256.000,37500.000,15000.000,230.772,231.054,230.723,231.083,0.000,0.105
2017-03-30 14:45:00,230.904,230.946,739.000,296.000,230.95,231.00,7500.000,2500.000,230.80,230.95,516.000,160.000,230.90,231.05,17500.000,5000.000,230.75,231.00,2931.000,4597.000,47500.000,15000.000,230.849,231.172,230.713,231.050,0.100,0.208
2017-03-30 14:46:00,231.014,230.986,2098.000,19.000,231.00,231.05,7500.000,7500.000,230.90,231.10,975.000,513.000,230.95,231.10,2500.000,2500.000,230.85,231.15,5005.000,2970.000,22500.000,22500.000,230.938,231.200,230.806,231.183,0.025,0.294
2017-03-30 14:47:00,230.936,230.864,762.000,52.000,230.95,231.05,5000.000,5000.000,230.80,230.95,690.000,125.000,230.90,231.10,7500.000,7500.000,230.75,231.00,3032.000,4567.000,22500.000,22500.000,230.851,231.205,230.683,231.033,0.125,0.358
2017-03-30 14:48:00,230.990,230.825,270.000,102.000,231.00,231.05,5000.000,5000.000,230.80,230.90,26.000,508.000,230.95,231.10,2500.000,2500.000,230.75,230.95,2467.000,4693.000,17500.000,22500.000,230.861,231.165,230.679,231.006,0.175,0.383
2017-03-30 14:49:00,230.936,230.634,1048.000,2848.000,231.00,231.05,2500.000,7500.000,230.60,230.75,243.000,597.000,230.95,231.10,5000.000,2500.000,230.55,230.80,2106.000,9181.000,17500.000,22500.000,230.935,231.155,230.479,230.872,0.350,0.376
2017-03-30 14:50:00,231.257,230.782,865.000,752.000,231.10,231.20,5000.000,2500.000,230.75,230.90,749.000,502.000,231.05,231.25,2500.000,2500.000,230.70,230.95,12657.000,2790.000,17500.000,25000.000,230.987,231.298,230.657,231.005,0.325,0.353
2017-03-30 14:51:00,231.268,230.813,976.000,84.000,231.10,231.20,5000.000,10000.000,230.75,230.95,72.000,442.000,231.05,231.25,2500.000,10000.000,230.70,231.00,12305.000,2112.000,17500.000,30000.000,230.981,231.331,230.586,231.021,0.300,0.313
2017-03-30 14:52:00,231.143,230.747,6505.000,612.000,231.00,231.15,2500.000,2500.000,230.75,230.85,4591.000,1020.000,230.95,231.20,2500.000,2500.000,230.70,230.90,15066.000,3737.000,17500.000,30000.000,230.942,231.244,230.593,230.967,0.275,0.321
2017-03-30 14:53:00,231.047,230.761,6720.000,124.000,231.00,231.05,12500.000,5000.000,230.75,230.80,2666.000,101.000,230.95,231.10,10000.000,2500.000,230.70,230.90,11526.000,2617.000,35000.000,35000.000,230.961,231.189,230.679,230.954,0.250,0.351
2017-03-30 14:54:00,231.038,230.770,6313.000,261.000,231.00,231.05,7500.000,2500.000,230.75,230.90,2666.000,100.000,230.95,231.10,5000.000,10000.000,230.70,230.95,12356.000,3881.000,20000.000,35000.000,230.940,231.202,230.662,230.996,0.200,0.400
2017-03-30 14:55:00,231.024,230.662,4297.000,333.000,231.00,231.05,2500.000,2500.000,230.70,230.85,925.000,100.000,230.95,231.10,5000.000,7500.000,230.65,230.90,9429.000,4181.000,17500.000,32500.000,230.931,231.202,230.564,230.965,0.250,0.419
2017-03-30 14:56:00,231.012,230.759,2945.000,611.000,231.00,231.05,2500.000,2500.000,230.75,230.85,3394.000,100.000,230.95,231.10,10000.000,2500.000,230.70,230.90,8175.000,4619.000,25000.000,30000.000,230.932,231.191,230.650,230.975,0.225,0.472
2017-03-30 14:57:00,231.027,230.589,2453.000,498.000,231.00,231.05,5000.000,5000.000,230.65,230.80,845.000,100.000,230.95,231.10,5000.000,5000.000,230.60,230.85,7306.000,4346.000,17500.000,40000.000,230.900,231.196,230.543,230.931,0.300,0.412
2017-03-30 14:58:00,231.070,230.636,4029.000,378.000,231.00,231.05,2500.000,5000.000,230.70,230.80,844.000,100.000,230.95,231.10,7500.000,5000.000,230.65,230.85,10016.000,2870.000,17500.000,37500.000,230.923,231.177,230.600,230.933,0.275,0.331
2017-03-30 14:59:00,231.219,230.706,16.000,792.000,231.15,231.20,2500.000,5000.000,230.70,230.85,22.000,692.000,231.10,231.25,10000.000,5000.000,230.65,230.90,3868.000,3020.000,22500.000,37500.000,231.003,231.294,230.606,230.977,0.400,0.280
2017-03-30 15:00:00,231.260,230.802,250.000,487.000,231.15,231.20,5000.000,2500.000,230.80,230.85,217.000,692.000,231.10,231.25,10000.000,2500.000,230.75,230.95,6972.000,2715.000,22500.000,30000.000,231.007,231.305,230.706,230.996,0.350,0.255
2017-03-30 15:01:00,232.078,231.562,2152.000,2637.000,231.95,232.00,7500.000,15000.000,231.55,231.80,165.000,110.000,231.90,232.10,5000.000,5000.000,231.50,231.85,6604.000,3271.000,20000.000,45000.000,231.832,232.031,231.469,231.903,0.300,0.227
2017-03-30 15:02:00,232.828,232.691,1.000,3613.000,232.85,232.90,2500.000,5000.000,232.55,232.70,418.000,125.000,232.80,232.95,2500.000,5000.000,232.50,232.75,1950.000,9943.000,45000.000,37500.000,232.698,232.965,232.411,232.883,0.250,0.285
2017-03-30 15:03:00,232.730,232.698,728.000,3231.000,232.80,232.85,2500.000,5000.000,232.50,232.70,86.000,1204.000,232.75,232.90,5000.000,5000.000,232.45,232.75,2102.000,12547.000,40000.000,17500.000,232.716,232.954,232.394,232.793,0.225,0.376
2017-03-30 15:04:00,232.994,232.739,588.000,2413.000,232.95,233.00,2500.000,2500.000,232.75,232.80,2201.000,11.000,232.90,233.05,2500.000,2500.000,232.65,232.95,4522.000,4066.000,15000.000,30000.000,232.872,233.051,232.608,233.033,0.200,0.368
2017-03-30 15:05:00,233.427,233.095,218.000,3.000,233.40,233.55,2500.000,2500.000,233.00,233.15,2846.000,1661.000,233.35,233.60,2500.000,5000.000,232.95,233.20,4153.000,5843.000,12500.000,15000.000,233.324,233.663,232.900,233.300,0.400,0.372
2017-03-30 15:06:00,233.569,233.192,1286.000,293.000,233.55,233.60,7500.000,2500.000,233.10,233.30,1938.000,817.000,233.50,233.75,2500.000,5000.000,233.05,233.35,6585.000,8137.000,22500.000,22500.000,233.464,233.838,233.017,233.400,0.375,0.371
2017-03-30 15:07:00,233.927,233.500,1307.000,3585.000,233.95,234.00,7500.000,7500.000,233.45,233.65,129.000,318.000,233.90,234.05,2500.000,2500.000,233.40,233.70,1632.000,5601.000,22500.000,32500.000,233.930,234.049,233.350,233.773,0.425,0.356
2017-03-30 15:08:00,234.086,233.596,1619.000,505.000,234.05,234.10,7500.000,5000.000,233.55,233.75,1560.000,410.000,234.00,234.15,5000.000,5000.000,233.50,233.80,3937.000,1834.000,22500.000,35000.000,234.002,234.198,233.472,233.854,0.425,0.310
2017-03-30 15:09:00,233.365,233.152,1.000,50.000,233.35,233.40,2500.000,12500.000,233.10,233.20,836.000,50.000,233.30,233.45,2500.000,2500.000,233.05,233.25,4504.000,6500.000,25000.000,30000.000,233.193,233.548,232.975,233.292,0.225,0.341
2017-03-30 15:10:00,233.561,233.206,463.000,1359.000,233.55,233.60,5000.000,5000.000,233.15,233.35,862.000,51.000,233.50,233.65,2500.000,10000.000,233.10,233.40,3101.000,4970.000,27500.000,40000.000,233.439,233.683,233.036,233.472,0.325,0.331
2017-03-30 15:11:00,233.574,233.202,141.000,2712.000,233.55,233.60,5000.000,2500.000,233.20,233.30,386.000,3392.000,233.50,233.65,7500.000,7500.000,233.15,233.35,4722.000,9862.000,22500.000,32500.000,233.403,233.659,233.117,233.423,0.325,0.324
2017-03-30 15:12:00,233.701,233.352,257.000,166.000,233.70,233.75,5000.000,7500.000,233.35,233.50,1240.000,2500.000,233.65,233.80,2500.000,2500.000,233.30,233.55,3989.000,5286.000,25000.000,50000.000,233.607,233.855,233.225,233.615,0.300,0.300
2017-03-30 15:13:00,233.494,233.231,888.000,4557.000,233.45,233.50,2500.000,2500.000,233.25,233.30,836.000,22.000,233.40,233.60,5000.000,10000.000,233.15,233.35,5460.000,8451.000,27500.000,37500.000,233.346,233.577,233.095,233.403,0.200,0.327
2017-03-30 15:14:00,233.769,233.403,420.000,9.000,233.70,233.75,20000.000,10000.000,233.35,233.50,515.000,641.000,233.65,233.80,5000.000,2500.000,233.30,233.55,3870.000,3201.000,37500.000,35000.000,233.568,233.842,233.300,233.604,0.300,0.359
2017-03-30 15:15:00,233.792,233.486,703.000,310.000,233.80,233.85,5000.000,5000.000,233.45,233.55,104.000,5213.000,233.75,233.90,10000.000,5000.000,233.40,233.60,2172.000,6538.000,40000.000,40000.000,233.710,233.908,233.359,233.669,0.325,0.425
2017-03-30 15:16:00,233.941,233.607,1181.000,280.000,233.90,233.95,10000.000,10000.000,233.50,233.65,907.000,3699.000,233.85,234.00,5000.000,12500.000,233.45,233.70,4798.000,4615.000,62500.000,50000.000,233.809,234.012,233.386,233.740,0.350,0.433
2017-03-30 15:17:00,233.774,233.543,328.000,2663.000,233.75,233.80,10000.000,2500.000,233.45,233.55,713.000,11.000,233.70,233.85,10000.000,10000.000,233.40,233.60,2294.000,3881.000,67500.000,40000.000,233.660,233.845,233.341,233.653,0.275,0.476
2017-03-30 15:18:00,234.108,233.710,402.000,1414.000,234.10,234.15,17500.000,2500.000,233.60,233.70,1037.000,2124.000,234.05,234.20,7500.000,7500.000,233.55,233.75,3240.000,5469.000,75000.000,37500.000,234.008,234.222,233.478,233.813,0.475,0.638
2017-03-30 15:19:00,234.341,233.815,1.000,835.000,234.35,234.40,15000.000,10000.000,233.70,233.85,1297.000,5623.000,234.30,234.45,15000.000,22500.000,233.65,233.90,2178.000,7097.000,80000.000,60000.000,234.261,234.454,233.592,233.938,0.600,0.794
2017-03-30 15:20:00,234.539,233.901,542.000,2495.000,234.45,234.50,5000.000,22500.000,233.75,233.90,1353.000,430.000,234.40,234.60,27500.000,5000.000,233.70,233.95,5348.000,4167.000,92500.000,55000.000,234.355,234.562,233.622,233.964,0.650,0.982
2017-03-30 15:21:00,234.093,233.722,186.000,3892.000,234.05,234.10,57500.000,7500.000,233.60,233.75,1324.000,100.000,234.00,234.15,35000.000,27500.000,233.55,233.80,5617.000,6646.000,135000.000,57500.000,233.956,234.143,233.545,233.822,0.400,1.189
2017-03-30 15:22:00,234.185,233.740,780.000,145.000,234.15,234.20,27500.000,10000.000,233.65,233.75,522.000,44.000,234.10,234.25,27500.000,10000.000,233.60,233.80,3003.000,1661.000,120000.000,62500.000,234.062,234.353,233.571,233.832,0.475,1.294
2017-03-30 15:23:00,235.182,233.970,595.000,86.000,235.10,235.20,7500.000,5000.000,233.90,233.95,750.000,1155.000,235.05,235.25,32500.000,5000.000,233.85,234.00,4004.000,2246.000,105000.000,60000.000,234.959,235.296,233.764,234.083,1.225,1.360
2017-03-30 15:24:00,235.418,234.116,2571.000,26.000,235.45,235.50,2500.000,15000.000,234.05,234.10,1387.000,1659.000,235.40,235.60,17500.000,25000.000,234.00,234.15,4664.000,6866.000,87500.000,65000.000,235.412,235.790,233.919,234.190,1.400,1.178
2017-03-30 15:25:00,235.698,234.118,911.000,481.000,235.75,235.80,15000.000,15000.000,234.05,234.15,422.000,2575.000,235.70,235.85,32500.000,20000.000,234.00,234.20,3760.000,9245.000,90000.000,65000.000,235.644,235.936,233.971,234.237,1.675,0.844
2017-03-30 15:26:00,235.496,234.090,1.000,321.000,235.55,235.70,17500.000,5000.000,234.05,234.10,1324.000,1139.000,235.50,235.75,52500.000,5000.000,234.00,234.15,1969.000,6574.000,115000.000,60000.000,235.451,235.845,233.975,234.223,1.550,0.844
2017-03-30 15:27:00,234.935,233.966,1220.000,1577.000,234.90,234.95,30000.000,32500.000,233.95,234.00,87.000,284.000,234.85,235.00,40000.000,17500.000,233.90,234.05,2576.000,2875.000,112500.000,105000.000,234.816,235.003,233.889,234.086,0.950,0.844
2017-03-30 15:28:00,235.562,234.020,1.000,50.000,235.35,235.70,125000.000,10000.000,233.95,234.05,348.000,663.000,235.30,235.75,32500.000,7500.000,233.90,234.10,2691.000,2348.000,200000.000,70000.000,235.235,235.811,233.919,234.155,1.525,0.844
2017-03-30 15:29:00,234.434,234.043,90.000,1000.000,234.20,234.85,75000.000,10000.000,233.95,234.00,110.000,43.000,234.15,235.00,32500.000,25000.000,233.90,234.05,699.000,1588.000,277500.000,90000.000,233.624,235.014,233.847,234.092,0.550,0.844
2017-03-30 15:30:00,233.955,234.041,238.000,1000.000,234.05,234.40,67500.000,5000.000,233.95,234.00,1398.000,1010.000,233.55,234.50,40000.000,15000.000,233.90,234.05,2121.000,3638.000,350000.000,70000.000,233.569,234.626,233.870,234.095,0.250,0.844
2017-03-31 09:16:00,234.598,235.100,571.000,480.000,234.50,234.70,2500.000,2500.000,234.80,235.05,50.000,398.000,234.15,234.75,2500.000,2500.000,234.55,235.30,3761.000,2416.000,25000.000,12500.000,234.102,234.824,234.450,235.400,-0.325,-0.609
2017-03-31 09:17:00,234.809,235.613,2269.000,554.000,234.80,234.85,2500.000,2500.000,235.35,235.50,544.000,1000.000,234.75,234.90,2500.000,2500.000,235.30,235.85,4453.000,3661.000,22500.000,15000.000,234.720,234.962,235.111,235.867,-0.600,-0.566
2017-03-31 09:18:00,234.825,235.357,776.000,361.000,234.60,234.85,2500.000,2500.000,235.10,235.30,2304.000,416.000,234.55,234.90,2500.000,2500.000,235.05,235.50,10597.000,3740.000,20000.000,15000.000,234.482,234.962,234.938,235.683,-0.475,-0.550
2017-03-31 09:19:00,235.071,235.533,2204.000,651.000,234.80,235.10,5000.000,2500.000,235.35,235.50,358.000,304.000,234.75,235.15,5000.000,2500.000,235.30,235.75,9563.000,3523.000,25000.000,20000.000,234.589,235.210,235.245,235.875,-0.475,-0.536
2017-03-31 09:20:00,235.462,236.031,2744.000,374.000,235.30,235.50,2500.000,2500.000,236.10,236.35,1518.000,408.000,235.25,235.55,2500.000,2500.000,236.00,236.40,4572.000,1156.000,17500.000,22500.000,235.272,235.579,235.743,236.533,-0.825,-0.500
2017-03-31 09:21:00,235.586,236.265,500.000,239.000,235.50,235.60,2500.000,5000.000,236.15,236.45,338.000,712.000,235.35,235.65,2500.000,7500.000,236.10,236.50,7571.000,3429.000,17500.000,25000.000,235.284,235.724,236.014,236.550,-0.750,-0.459
2017-03-31 09:22:00,235.434,236.021,2.000,408.000,235.45,235.55,2500.000,5000.000,235.90,236.25,50.000,716.000,235.35,235.60,2500.000,5000.000,235.80,236.30,2025.000,3840.000,20000.000,32500.000,235.247,235.686,235.719,236.446,-0.575,-0.426
2017-03-31 09:23:00,235.608,236.061,1167.000,508.000,235.50,235.75,2500.000,2500.000,235.95,236.15,315.000,1323.000,235.45,235.80,2500.000,5000.000,235.85,236.20,5636.000,6469.000,27500.000,27500.000,235.387,235.864,235.673,236.441,-0.425,-0.443
2017-03-31 09:24:00,235.535,235.929,80.000,1439.000,235.60,235.75,2500.000,5000.000,235.75,236.00,50.000,1946.000,235.55,235.80,2500.000,7500.000,235.70,236.20,547.000,6880.000,17500.000,30000.000,235.509,235.840,235.621,236.367,-0.200,-0.454
2017-03-31 09:25:00,235.639,236.024,250.000,252.000,235.50,235.55,2500.000,5000.000,235.90,236.15,389.000,60.000,235.45,235.60,2500.000,5000.000,235.80,236.20,3633.000,555.000,27500.000,25000.000,235.380,235.615,235.705,236.270,-0.500,-0.448
2017-03-31 09:26:00,235.718,236.194,143.000,60.000,235.50,235.60,2500.000,2500.000,235.95,236.20,228.000,135.000,235.45,235.65,5000.000,2500.000,235.90,236.25,5962.000,762.000,27500.000,15000.000,235.297,235.747,235.782,236.375,-0.525,-0.453
2017-03-31 09:27:00,235.731,236.154,60.000,82.000,235.65,235.75,2500.000,2500.000,236.10,236.20,1022.000,520.000,235.60,235.80,2500.000,2500.000,236.05,236.25,5738.000,3933.000,17500.000,17500.000,235.523,235.881,235.986,236.307,-0.450,-0.462
2017-03-31 09:28:00,235.239,235.776,955.000,2080.000,235.15,235.40,5000.000,2500.000,235.60,235.85,339.000,300.000,235.10,235.45,10000.000,7500.000,235.55,235.90,3490.000,5023.000,37500.000,20000.000,235.058,235.487,235.493,235.950,-0.450,-0.435
2017-03-31 09:29:00,235.005,235.454,1326.000,1190.000,235.00,235.10,2500.000,2500.000,235.30,235.40,10.000,529.000,234.95,235.15,2500.000,17500.000,235.25,235.50,3235.000,5912.000,32500.000,30000.000,234.895,235.205,235.112,235.558,-0.300,-0.450
2017-03-31 09:30:00,235.419,235.774,991.000,67.000,235.30,235.45,5000.000,2500.000,235.80,235.90,2349.000,302.000,235.25,235.50,7500.000,7500.000,235.60,235.95,7385.000,3630.000,22500.000,25000.000,235.194,235.612,235.561,236.095,-0.475,-0.483
2017-03-31 09:31:00,235.099,235.600,1021.000,686.000,235.10,235.25,7500.000,5000.000,235.45,235.60,50.000,2104.000,235.05,235.30,2500.000,2500.000,235.30,235.70,5353.000,10337.000,35000.000,17500.000,235.000,235.380,235.179,235.729,-0.350,-0.496
2017-03-31 09:32:00,235.388,235.856,689.000,1905.000,235.20,235.40,2500.000,5000.000,235.70,235.85,2237.000,675.000,235.15,235.45,5000.000,2500.000,235.65,235.90,9426.000,5124.000,27500.000,17500.000,235.061,235.488,235.486,235.950,-0.475,-0.527
2017-03-31 09:33:00,235.318,235.721,10.000,85.000,235.20,235.30,2500.000,2500.000,235.70,235.85,354.000,60.000,235.15,235.40,5000.000,7500.000,235.65,235.90,6948.000,5401.000,20000.000,27500.000,235.027,235.496,235.575,235.959,-0.525,-0.533
2017-03-31 09:34:00,235.213,235.736,1478.000,1029.000,235.20,235.30,2500.000,2500.000,235.60,235.75,110.000,300.000,235.10,235.35,2500.000,2500.000,235.55,235.80,8504.000,9349.000,32500.000,20000.000,235.031,235.439,235.477,235.869,-0.425,-0.528
2017-03-31 09:35:00,235.196,235.715,211.000,1906.000,235.25,235.30,5000.000,5000.000,235.55,235.75,858.000,753.000,235.20,235.35,10000.000,2500.000,235.50,235.85,1939.000,7503.000,30000.000,20000.000,235.151,235.406,235.463,235.906,-0.375,-0.540
2017-03-31 09:36:00,235.262,235.830,622.000,1751.000,235.15,235.30,2500.000,5000.000,235.65,235.85,954.000,24.000,235.10,235.35,2500.000,5000.000,235.60,235.90,6243.000,4753.000,32500.000,22500.000,235.034,235.391,235.519,235.967,-0.525,-0.545
2017-03-31 09:37:00,235.588,236.211,100.000,105.000,235.50,235.55,2500.000,2500.000,236.10,236.30,309.000,110.000,235.45,235.70,5000.000,2500.000,236.00,236.35,4094.000,3121.000,20000.000,15000.000,235.367,235.812,235.944,236.417,-0.675,-0.529
2017-03-31 09:38:00,235.515,235.947,5.000,206.000,235.45,235.50,2500.000,7500.000,235.90,236.00,60.000,485.000,235.35,235.55,5000.000,2500.000,235.85,236.10,4014.000,2510.000,22500.000,25000.000,235.249,235.606,235.772,236.130,-0.475,-0.545
2017-03-31 09:39:00,235.404,235.900,565.000,68.000,235.30,235.35,5000.000,2500.000,235.75,235.95,160.000,420.000,235.25,235.40,10000.000,10000.000,235.70,236.00,4662.000,3160.000,35000.000,25000.000,235.155,235.590,235.632,236.075,-0.525,-0.551
2017-03-31 09:40:00,235.250,235.830,682.000,162.000,235.15,235.30,2500.000,2500.000,235.70,235.85,630.000,50.000,235.10,235.35,10000.000,2500.000,235.65,235.90,7955.000,6020.000,35000.000,22500.000,234.999,235.466,235.579,236.017,-0.550,-0.543
2017-03-31 09:41:00,235.130,235.722,5.000,582.000,235.15,235.20,2500.000,5000.000,235.60,235.75,640.000,279.000,235.10,235.25,5000.000,5000.000,235.55,235.80,2482.000,4464.000,30000.000,20000.000,235.011,235.337,235.492,235.831,-0.500,-0.514
2017-03-31 09:42:00,234.830,235.373,173.000,87.000,234.75,234.85,2500.000,5000.000,235.20,235.40,270.000,304.000,234.70,234.95,5000.000,2500.000,235.15,235.45,3906.000,4287.000,35000.000,20000.000,234.589,235.029,235.075,235.494,-0.500,-0.533
2017-03-31 09:43:00,235.058,235.572,3409.000,667.000,234.95,235.00,12500.000,2500.000,235.50,235.60,453.000,220.000,234.90,235.10,2500.000,2500.000,235.40,235.70,12495.000,4681.000,30000.000,15000.000,234.832,235.192,235.371,235.742,-0.575,-0.546
2017-03-31 09:44:00,235.260,235.787,656.000,806.000,235.20,235.25,2500.000,5000.000,235.80,235.90,897.000,70.000,235.15,235.30,5000.000,5000.000,235.60,235.95,7562.000,5662.000,22500.000,25000.000,235.067,235.450,235.567,235.985,-0.625,-0.564
2017-03-31 09:45:00,235.207,235.748,408.000,694.000,235.10,235.25,5000.000,2500.000,235.70,235.90,874.000,120.000,235.05,235.30,7500.000,7500.000,235.60,235.95,6275.000,3993.000,25000.000,32500.000,234.983,235.393,235.560,236.062,-0.625,-0.577
2017-03-31 09:46:00,235.173,235.618,908.000,132.000,234.95,235.10,5000.000,2500.000,235.50,235.75,575.000,565.000,234.90,235.15,7500.000,2500.000,235.45,235.85,8876.000,2221.000,25000.000,25000.000,234.794,235.210,235.410,235.940,-0.600,-0.609
2017-03-31 09:47:00,234.928,235.567,1317.000,560.000,234.70,234.80,2500.000,2500.000,235.30,235.50,1194.000,192.000,234.65,234.95,7500.000,5000.000,235.25,235.70,12126.000,3369.000,40000.000,20000.000,234.565,235.003,235.113,235.738,-0.650,-0.632
2017-03-31 09:48:00,234.913,235.493,725.000,731.000,234.75,234.95,2500.000,2500.000,235.35,235.55,682.000,1167.000,234.70,235.00,2500.000,5000.000,235.30,235.60,7556.000,4762.000,20000.000,17500.000,234.611,235.066,235.175,235.671,-0.600,-0.658
2017-03-31 09:49:00,234.759,235.377,1.000,108.000,234.70,234.80,7500.000,10000.000,235.25,235.40,150.000,575.000,234.65,234.85,12500.000,5000.000,235.10,235.55,7723.000,7276.000,42500.000,27500.000,234.519,234.977,235.050,235.555,-0.575,-0.628
2017-03-31 09:50:00,234.890,235.495,1322.000,885.000,234.70,234.95,5000.000,2500.000,235.30,235.55,677.000,5822.000,234.65,235.00,7500.000,2500.000,235.25,235.60,11892.000,9326.000,35000.000,20000.000,234.547,235.031,235.171,235.700,-0.600,-0.599
2017-03-31 09:51:00,234.827,235.428,270.000,677.000,234.70,234.85,2500.000,2500.000,235.25,235.45,160.000,136.000,234.65,234.90,5000.000,5000.000,235.20,235.50,11309.000,8441.000,40000.000,22500.000,234.525,234.988,235.081,235.561,-0.575,-0.581
2017-03-31 09:52:00,234.775,235.532,100.000,60.000,234.80,234.90,2500.000,7500.000,235.25,235.55,15.000,742.000,234.75,234.95,2500.000,2500.000,235.20,235.60,2260.000,7778.000,40000.000,22500.000,234.648,235.005,235.088,235.656,-0.550,-0.543
2017-03-31 09:53:00,234.818,235.527,130.000,243.000,234.80,234.85,2500.000,7500.000,235.30,235.60,209.000,200.000,234.75,234.95,5000.000,2500.000,235.20,235.70,3508.000,6804.000,35000.000,25000.000,234.650,234.999,235.096,235.725,-0.625,-0.517
2017-03-31 09:54:00,235.155,235.624,175.000,53.000,235.05,235.15,2500.000,2500.000,235.55,235.75,160.000,217.000,235.00,235.20,5000.000,2500.000,235.50,235.80,4794.000,2489.000,22500.000,20000.000,234.905,235.316,235.411,235.863,-0.550,-0.538
2017-03-31 09:55:00,235.180,235.639,708.000,668.000,235.20,235.30,7500.000,5000.000,235.60,235.85,65.000,313.000,235.15,235.35,7500.000,5000.000,235.55,235.90,4254.000,9048.000,30000.000,37500.000,235.062,235.442,235.500,235.970,-0.475,-0.553
2017-03-31 09:56:00,235.305,235.818,788.000,900.000,235.20,235.30,2500.000,5000.000,235.80,235.90,833.000,2624.000,235.15,235.40,5000.000,2500.000,235.70,235.95,8405.000,7411.000,22500.000,32500.000,235.061,235.443,235.639,236.027,-0.600,-0.563
2017-03-31 09:57:00,235.480,236.045,703.000,739.000,235.35,235.40,7500.000,5000.000,235.90,236.20,305.000,325.000,235.30,235.45,7500.000,10000.000,235.85,236.25,7424.000,3738.000,25000.000,27500.000,235.199,235.484,235.830,236.341,-0.675,-0.565
2017-03-31 09:58:00,235.397,235.976,500.000,539.000,235.35,235.45,5000.000,2500.000,236.00,236.10,678.000,2580.000,235.30,235.50,2500.000,5000.000,235.85,236.15,5575.000,6527.000,22500.000,30000.000,235.232,235.550,235.817,236.217,-0.650,-0.555
2017-03-31 09:59:00,235.267,235.839,20.000,18.000,235.25,235.35,5000.000,7500.000,235.75,236.00,154.000,366.000,235.20,235.40,7500.000,7500.000,235.65,236.05,3005.000,4866.000,25000.000,30000.000,235.076,235.492,235.610,236.092,-0.575,-0.563
2017-03-31 10:00:00,235.495,236.026,267.000,769.000,235.40,235.50,2500.000,5000.000,235.95,236.15,65.000,354.000,235.35,235.55,2500.000,5000.000,235.85,236.20,4777.000,3882.000,22500.000,25000.000,235.229,235.622,235.744,236.265,-0.600,-0.554
2017-03-31 10:01:00,235.383,235.947,50.000,18.000,235.40,235.45,2500.000,2500.000,235.90,236.00,45.000,1879.000,235.35,235.50,2500.000,5000.000,235.85,236.05,2467.000,5321.000,25000.000,22500.000,235.247,235.569,235.740,236.111,-0.525,-0.544
2017-03-31 10:02:00,235.342,235.922,1055.000,121.000,235.30,235.45,5000.000,5000.000,235.80,236.00,398.000,1294.000,235.25,235.50,10000.000,2500.000,235.75,236.05,4251.000,5091.000,30000.000,27500.000,235.197,235.584,235.700,236.109,-0.525,-0.548
2017-03-31 10:03:00,235.454,235.985,1245.000,771.000,235.30,235.50,5000.000,2500.000,235.85,236.00,260.000,795.000,235.25,235.55,5000.000,10000.000,235.80,236.10,6994.000,4844.000,37500.000,27500.000,235.167,235.604,235.740,236.141,-0.525,-0.565
2017-03-31 10:04:00,235.581,236.193,14.000,767.000,235.70,235.75,5000.000,5000.000,236.05,236.20,200.000,868.000,235.60,235.80,2500.000,2500.000,236.00,236.30,1366.000,8171.000,30000.000,22500.000,235.520,235.874,235.938,236.394,-0.400,-0.562
2017-03-31 10:05:00,235.751,236.236,925.000,1840.000,235.65,235.75,2500.000,2500.000,236.20,236.30,794.000,100.000,235.60,235.80,2500.000,2500.000,236.10,236.40,10070.000,6422.000,27500.000,27500.000,235.508,235.870,236.045,236.482,-0.550,-0.579
2017-03-31 10:06:00,235.586,236.103,5.000,1481.000,235.65,235.75,5000.000,2500.000,236.00,236.15,5.000,793.000,235.60,235.80,2500.000,2500.000,235.95,236.20,2228.000,7946.000,22500.000,20000.000,235.443,235.868,235.900,236.287,-0.375,-0.593
2017-03-31 10:07:00,235.690,236.289,1269.000,493.000,235.65,235.80,2500.000,2500.000,236.20,236.40,744.000,102.000,235.60,235.85,10000.000,15000.000,236.10,236.50,10953.000,12752.000,25000.000,30000.000,235.517,235.970,236.065,236.575,-0.575,-0.607
2017-03-31 10:08:00,235.838,236.453,344.000,1638.000,235.85,235.90,2500.000,2500.000,236.35,236.50,60.000,333.000,235.80,235.95,5000.000,2500.000,236.30,236.55,4073.000,11635.000,22500.000,17500.000,235.692,235.989,236.250,236.664,-0.550,-0.605
2017-03-31 10:09:00,236.430,237.026,985.000,668.000,236.35,236.40,5000.000,5000.000,236.90,237.10,100.000,1555.000,236.30,236.45,7500.000,7500.000,236.80,237.15,6436.000,4641.000,27500.000,20000.000,236.198,236.488,236.759,237.175,-0.625,-0.629
2017-03-31 10:10:00,236.320,236.887,675.000,510.000,236.25,236.30,2500.000,2500.000,236.85,237.05,1085.000,2254.000,236.20,236.40,2500.000,5000.000,236.75,237.10,7279.000,6132.000,12500.000,17500.000,236.120,236.460,236.710,237.157,-0.675,-0.610
2017-03-31 10:11:00,236.539,237.127,575.000,1150.000,236.50,236.65,2500.000,2500.000,237.10,237.20,468.000,1099.000,236.45,236.70,5000.000,2500.000,237.05,237.30,6424.000,9426.000,20000.000,30000.000,236.370,236.775,237.006,237.358,-0.575,-0.580
2017-03-31 10:12:00,236.505,237.175,381.000,3462.000,236.50,236.65,5000.000,2500.000,237.15,237.30,344.000,154.000,236.45,236.70,2500.000,2500.000,237.10,237.35,4972.000,10355.000,22500.000,32500.000,236.397,236.764,237.044,237.435,-0.650,-0.524
2017-03-31 10:13:00,236.759,237.360,329.000,1607.000,236.80,236.85,2500.000,5000.000,237.40,237.50,160.000,1720.000,236.75,236.90,5000.000,7500.000,237.25,237.60,5285.000,14988.000,17500.000,32500.000,236.655,236.975,237.207,237.654,-0.625,-0.478
2017-03-31 10:14:00,236.681,237.400,1126.000,225.000,236.65,236.75,2500.000,5000.000,237.30,237.45,639.000,538.000,236.60,236.85,5000.000,2500.000,237.15,237.50,8664.000,9718.000,32500.000,22500.000,236.536,236.969,237.065,237.550,-0.675,-0.427
2017-03-31 10:15:00,236.907,237.379,478.000,1511.000,236.90,237.00,2500.000,2500.000,237.35,237.50,653.000,309.000,236.80,237.05,2500.000,2500.000,237.30,237.55,4071.000,6160.000,15000.000,20000.000,236.715,237.109,237.250,237.637,-0.475,-0.413
2017-03-31 10:16:00,236.507,236.946,953.000,100.000,236.45,236.55,5000.000,7500.000,236.85,237.00,650.000,304.000,236.40,236.60,2500.000,2500.000,236.80,237.30,5775.000,4665.000,22500.000,35000.000,236.310,236.721,236.678,237.300,-0.425,-0.387
2017-03-31 10:17:00,236.528,236.920,601.000,236.000,236.40,236.50,2500.000,5000.000,236.85,237.05,200.000,60.000,236.35,236.55,5000.000,2500.000,236.80,237.10,4564.000,1838.000,17500.000,20000.000,236.269,236.627,236.743,237.162,-0.500,-0.382
2017-03-31 10:18:00,236.454,236.821,449.000,275.000,236.30,236.50,2500.000,5000.000,236.80,237.00,304.000,671.000,236.25,236.55,2500.000,2500.000,236.75,237.10,4004.000,2489.000,15000.000,27500.000,236.183,236.608,236.650,237.168,-0.500,-0.407
2017-03-31 10:19:00,236.066,236.533,514.000,1348.000,236.05,236.15,5000.000,2500.000,236.50,236.55,1147.000,999.000,236.00,236.20,2500.000,5000.000,236.45,236.65,4599.000,8242.000,15000.000,15000.000,235.921,236.254,236.392,236.700,-0.425,-0.414
2017-03-31 10:20:00,236.185,236.585,3.000,203.000,236.20,236.25,5000.000,2500.000,236.55,236.75,302.000,658.000,236.05,236.30,5000.000,2500.000,236.50,236.85,2852.000,2900.000,20000.000,22500.000,235.960,236.373,236.412,236.939,-0.425,-0.423
2017-03-31 10:21:00,236.432,236.739,508.000,108.000,236.35,236.50,7500.000,5000.000,236.65,236.95,1475.000,545.000,236.30,236.55,2500.000,2500.000,236.50,237.00,5381.000,3894.000,17500.000,17500.000,236.261,236.636,236.500,237.043,-0.375,-0.458
2017-03-31 10:22:00,236.547,236.913,595.000,308.000,236.45,236.55,2500.000,2500.000,236.85,237.05,900.000,339.000,236.40,236.70,5000.000,2500.000,236.80,237.10,6138.000,6089.000,20000.000,27500.000,236.303,236.790,236.756,237.241,-0.450,-0.487
2017-03-31 10:23:00,236.782,237.275,735.000,370.000,236.70,236.80,12500.000,2500.000,237.30,237.40,1408.000,10.000,236.65,236.85,2500.000,2500.000,237.10,237.45,9536.000,5875.000,22500.000,17500.000,236.564,236.968,237.178,237.529,-0.600,-0.490
2017-03-31 10:24:00,236.779,237.282,272.000,277.000,236.80,236.90,12500.000,5000.000,237.30,237.50,5.000,594.000,236.75,236.95,2500.000,2500.000,237.10,237.55,2186.000,6506.000,25000.000,30000.000,236.664,237.008,237.160,237.629,-0.550,-0.486
2017-03-31 10:25:00,236.833,237.276,493.000,100.000,236.75,236.80,10000.000,10000.000,237.30,237.50,100.000,3832.000,236.70,236.95,2500.000,2500.000,237.10,237.55,7233.000,8909.000,22500.000,35000.000,236.599,236.987,237.144,237.607,-0.625,-0.521
2017-03-31 10:26:00,236.873,237.360,14.000,3128.000,236.90,236.95,2500.000,2500.000,237.35,237.50,500.000,3597.000,236.85,237.00,10000.000,7500.000,237.30,237.60,3182.000,10655.000,20000.000,32500.000,236.794,237.032,237.256,237.669,-0.500,-0.542
2017-03-31 10:27:00,236.772,237.282,3391.000,40.000,236.80,236.85,5000.000,5000.000,237.30,237.50,155.000,303.000,236.75,236.90,2500.000,2500.000,237.20,237.55,5267.000,7289.000,17500.000,30000.000,236.740,236.978,237.136,237.625,-0.575,-0.567
2017-03-31 10:28:00,236.802,237.308,988.000,110.000,236.80,236.85,2500.000,2500.000,237.35,237.50,105.000,130.000,236.75,236.90,5000.000,2500.000,237.30,237.55,5437.000,7703.000,15000.000,30000.000,236.656,236.984,237.233,237.642,-0.600,-0.597
2017-03-31 10:29:00,236.817,237.300,131.000,778.000,236.75,236.90,5000.000,2500.000,237.30,237.45,458.000,3051.000,236.70,236.95,2500.000,5000.000,237.20,237.50,7069.000,10862.000,20000.000,25000.000,236.587,236.992,237.119,237.580,-0.550,-0.617
2017-03-31 10:30:00,236.645,237.263,296.000,151.000,236.75,236.85,2500.000,2500.000,237.20,237.40,95.000,30.000,236.65,236.90,2500.000,2500.000,237.10,237.50,3094.000,13577.000,17500.000,20000.000,236.536,236.991,237.036,237.575,-0.500,-0.609
2017-03-31 10:31:00,236.686,237.281,758.000,139.000,236.65,236.75,2500.000,5000.000,237.20,237.40,966.000,1090.000,236.60,236.85,2500.000,5000.000,237.15,237.45,8714.000,11533.000,17500.000,27500.000,236.500,236.960,237.071,237.532,-0.600,-0.582
2017-03-31 10:32:00,236.615,237.250,328.000,231.000,236.50,236.60,5000.000,7500.000,237.20,237.40,2780.000,5.000,236.45,236.65,2500.000,2500.000,237.10,237.45,5772.000,2052.000,17500.000,27500.000,236.413,236.795,237.071,237.518,-0.750,-0.531
2017-03-31 10:33:00,236.616,237.269,775.000,640.000,236.55,236.75,2500.000,5000.000,237.15,237.40,150.000,418.000,236.50,236.80,2500.000,2500.000,237.10,237.45,6064.000,8074.000,17500.000,22500.000,236.394,236.903,237.036,237.533,-0.625,-0.484
2017-03-31 10:34:00,236.687,237.272,60.000,20.000,236.65,236.75,5000.000,7500.000,237.25,237.40,508.000,725.000,236.60,236.80,2500.000,2500.000,237.05,237.45,7013.000,7479.000,30000.000,27500.000,236.496,236.917,236.979,237.514,-0.625,-0.444
2017-03-31 10:35:00,236.535,237.110,50.000,88.000,236.65,236.70,2500.000,2500.000,237.10,237.20,80.000,339.000,236.55,236.75,2500.000,5000.000,237.05,237.25,1076.000,4223.000,15000.000,22500.000,236.451,236.846,236.992,237.306,-0.475,-0.384
2017-03-31 10:36:00,236.701,237.161,355.000,787.000,236.70,236.85,5000.000,2500.000,237.15,237.25,60.000,2312.000,236.65,236.90,5000.000,5000.000,237.00,237.30,5523.000,14765.000,17500.000,17500.000,236.536,236.966,237.000,237.371,-0.425,-0.392
2017-03-31 10:37:00,236.742,237.123,47.000,1772.000,236.80,236.90,2500.000,2500.000,237.15,237.30,11.000,3479.000,236.75,236.95,2500.000,5000.000,237.10,237.40,1202.000,13689.000,12500.000,25000.000,236.673,236.984,237.010,237.475,-0.375,-0.385
2017-03-31 10:38:00,236.707,237.125,62.000,713.000,236.80,236.85,2500.000,2500.000,237.10,237.20,11.000,856.000,236.75,236.90,2500.000,2500.000,237.05,237.25,1532.000,12571.000,15000.000,20000.000,236.678,236.976,236.967,237.381,-0.325,-0.346
2017-03-31 10:39:00,236.838,237.222,1218.000,3215.000,236.80,236.95,2500.000,2500.000,237.20,237.30,71.000,4284.000,236.75,237.00,2500.000,5000.000,237.15,237.40,5140.000,10719.000,15000.000,25000.000,236.690,237.019,237.083,237.465,-0.375,-0.350
2017-03-31 10:40:00,236.905,237.180,91.000,150.000,236.90,236.95,2500.000,17500.000,237.25,237.30,797.000,3782.000,236.80,237.00,7500.000,15000.000,237.15,237.35,7155.000,7541.000,22500.000,65000.000,236.728,237.055,237.083,237.383,-0.350,-0.362
2017-03-31 10:41:00,236.878,237.381,741.000,65.000,236.80,236.85,2500.000,2500.000,237.30,237.40,3890.000,1.000,236.75,236.90,5000.000,2500.000,237.25,237.45,8063.000,2067.000,52500.000,27500.000,236.715,236.991,237.138,237.541,-0.525,-0.341
2017-03-31 10:42:00,236.776,237.121,2.000,29.000,236.75,236.80,2500.000,5000.000,237.20,237.30,650.000,411.000,236.70,236.90,5000.000,2500.000,237.10,237.40,4414.000,5433.000,20000.000,62500.000,236.607,237.000,237.056,237.482,-0.475,-0.334
2017-03-31 10:43:00,236.828,237.050,451.000,46.000,236.80,236.85,2500.000,2500.000,237.20,237.30,72.000,814.000,236.75,236.90,5000.000,2500.000,237.05,237.35,5057.000,5067.000,20000.000,57500.000,236.650,236.993,237.006,237.478,-0.425,-0.348
2017-03-31 10:44:00,236.921,237.324,97.000,685.000,236.90,237.00,2500.000,2500.000,237.30,237.45,502.000,304.000,236.85,237.05,2500.000,47500.000,237.25,237.50,3002.000,4221.000,27500.000,65000.000,236.770,237.129,237.068,237.519,-0.425,-0.323
2017-03-31 10:45:00,236.878,237.215,890.000,44.000,236.80,236.95,2500.000,2500.000,237.30,237.40,1001.000,1755.000,236.75,237.00,2500.000,5000.000,237.25,237.45,5355.000,4726.000,15000.000,70000.000,236.696,237.070,237.150,237.505,-0.475,-0.312
2017-03-31 10:46:00,236.820,237.217,412.000,3266.000,236.80,236.95,2500.000,2500.000,237.25,237.30,649.000,3256.000,236.70,237.00,2500.000,2500.000,237.15,237.45,5232.000,10451.000,27500.000,70000.000,236.639,237.018,237.059,237.507,-0.400,-0.281
2017-03-31 10:47:00,236.961,237.274,39.000,1399.000,236.90,236.95,2500.000,5000.000,237.25,237.45,1098.000,1374.000,236.80,237.00,7500.000,50000.000,237.20,237.50,6311.000,4707.000,22500.000,70000.000,236.698,237.043,237.150,237.514,-0.425,-0.283
2017-03-31 10:48:00,236.895,237.186,226.000,116.000,236.85,236.90,2500.000,2500.000,237.20,237.35,1038.000,281.000,236.80,236.95,5000.000,2500.000,237.15,237.40,4512.000,3986.000,27500.000,62500.000,236.714,237.015,237.068,237.494,-0.400,-0.299
2017-03-31 10:49:00,236.881,237.158,611.000,31.000,236.85,236.90,5000.000,2500.000,237.15,237.35,1048.000,617.000,236.80,236.95,5000.000,5000.000,237.10,237.40,4170.000,4197.000,30000.000,62500.000,236.724,237.012,237.037,237.488,-0.375,-0.310
2017-03-31 10:50:00,236.920,237.200,669.000,25.000,236.85,236.90,5000.000,5000.000,237.20,237.40,1049.000,304.000,236.80,236.95,5000.000,2500.000,237.10,237.45,5045.000,3173.000,30000.000,62500.000,236.719,237.007,237.058,237.498,-0.425,-0.289
2017-03-31 10:51:00,236.996,237.237,243.000,1667.000,236.95,237.00,2500.000,2500.000,237.25,237.40,9.000,60.000,236.90,237.10,5000.000,5000.000,237.20,237.45,6088.000,6869.000,20000.000,65000.000,236.794,237.177,237.131,237.500,-0.350,-0.290
2017-03-31 10:52:00,237.023,237.347,1682.000,191.000,236.95,237.00,5000.000,5000.000,237.35,237.45,1485.000,50.000,236.90,237.05,2500.000,47500.000,237.30,237.50,10862.000,5837.000,17500.000,62500.000,236.826,237.227,237.250,237.510,-0.425,-0.267
2017-03-31 10:53:00,237.023,237.399,675.000,100.000,236.95,237.05,7500.000,50000.000,237.40,237.50,2425.000,360.000,236.90,237.10,2500.000,5000.000,237.30,237.55,10795.000,6862.000,20000.000,67500.000,236.822,237.223,237.269,237.535,-0.450,-0.222
2017-03-31 10:54:00,237.065,237.393,1251.000,209.000,237.00,237.10,5000.000,52500.000,237.35,237.50,1033.000,541.000,236.95,237.15,2500.000,5000.000,237.30,237.55,10146.000,7759.000,25000.000,70000.000,236.880,237.237,237.240,237.534,-0.375,-0.231
2017-03-31 10:55:00,237.031,237.210,461.000,142.000,236.95,237.00,5000.000,5000.000,237.25,237.40,1150.000,658.000,236.90,237.10,5000.000,2500.000,237.15,237.45,12166.000,7569.000,32500.000,65000.000,236.813,237.216,237.065,237.498,-0.350,-0.289
2017-03-31 10:56:00,237.009,237.251,560.000,101.000,236.95,237.05,2500.000,2500.000,237.30,237.40,1489.000,229.000,236.90,237.10,2500.000,2500.000,237.25,237.45,10356.000,7439.000,22500.000,62500.000,236.824,237.223,237.133,237.502,-0.350,-0.310
2017-03-31 10:57:00,236.946,237.157,1059.000,1503.000,236.90,237.00,2500.000,5000.000,237.20,237.35,3427.000,132.000,236.85,237.10,5000.000,5000.000,237.10,237.40,10460.000,10813.000,22500.000,72500.000,236.801,237.188,237.039,237.493,-0.325,-0.348
2017-03-31 10:58:00,236.908,237.058,3343.000,2700.000,236.85,236.90,2500.000,2500.000,237.10,237.30,1399.000,144.000,236.80,236.95,5000.000,5000.000,237.05,237.35,8076.000,5374.000,25000.000,65000.000,236.770,236.951,237.005,237.471,-0.325,-0.405
2017-03-31 10:59:00,236.750,237.121,1076.000,81.000,236.80,236.85,2500.000,2500.000,237.05,237.20,349.000,1459.000,236.75,236.90,15000.000,2500.000,237.00,237.25,3374.000,6645.000,27500.000,20000.000,236.709,236.996,236.945,237.319,-0.300,-0.411
2017-03-31 11:00:00,236.738,237.210,45.000,2541.000,236.75,236.80,2500.000,2500.000,237.10,237.25,441.000,130.000,236.70,236.85,2500.000,5000.000,237.05,237.30,2899.000,6421.000,30000.000,20000.000,236.627,236.895,236.963,237.356,-0.400,-0.343
2017-03-31 11:01:00,236.734,237.082,203.000,164.000,236.65,236.70,10000.000,2500.000,237.00,237.10,794.000,145.000,236.60,236.75,5000.000,2500.000,236.90,237.15,5737.000,2195.000,32500.000,15000.000,236.521,236.864,236.877,237.208,-0.375,-0.316
2017-03-31 11:02:00,236.607,237.006,25.000,384.000,236.65,236.75,5000.000,7500.000,236.90,237.10,205.000,240.000,236.60,236.80,7500.000,2500.000,236.80,237.15,3081.000,7247.000,25000.000,20000.000,236.497,236.918,236.780,237.181,-0.300,-0.281
2017-03-31 11:03:00,236.624,237.058,1103.000,112.000,236.65,236.80,2500.000,5000.000,237.00,237.10,1704.000,85.000,236.60,236.85,5000.000,5000.000,236.95,237.15,7220.000,14182.000,22500.000,22500.000,236.549,236.968,236.883,237.200,-0.325,-0.223
2017-03-31 11:04:00,236.729,237.132,853.000,26.000,236.80,236.85,5000.000,5000.000,237.00,237.15,480.000,1651.000,236.75,236.90,2500.000,2500.000,236.95,237.25,3966.000,14371.000,25000.000,17500.000,236.677,236.989,236.875,237.271,-0.250,-0.165
2017-03-31 11:05:00,236.941,237.074,255.000,503.000,236.95,237.00,5000.000,2500.000,237.15,237.30,5.000,2.000,236.90,237.10,2500.000,5000.000,237.10,237.35,5180.000,10164.000,20000.000,72500.000,236.772,237.201,237.044,237.467,-0.250,-0.174
2017-03-31 11:06:00,236.954,237.166,906.000,50.000,237.00,237.05,5000.000,5000.000,237.25,237.35,586.000,100.000,236.95,237.10,5000.000,7500.000,237.15,237.40,5320.000,9549.000,22500.000,72500.000,236.884,237.215,237.111,237.476,-0.275,-0.174
2017-03-31 11:07:00,236.930,237.153,29.000,230.000,237.00,237.05,2500.000,2500.000,237.25,237.35,479.000,144.000,236.95,237.10,2500.000,7500.000,237.15,237.40,3253.000,9333.000,17500.000,67500.000,236.858,237.211,237.093,237.480,-0.275,-0.177
2017-03-31 11:08:00,236.949,237.091,967.000,140.000,237.00,237.05,5000.000,2500.000,237.15,237.30,387.000,1028.000,236.95,237.10,2500.000,42500.000,237.05,237.35,6082.000,10713.000,17500.000,70000.000,236.823,237.191,237.029,237.384,-0.200,-0.184
2017-03-31 11:09:00,236.948,237.062,88.000,1933.000,237.05,237.10,2500.000,5000.000,237.05,237.30,692.000,724.000,237.00,237.15,7500.000,40000.000,237.00,237.35,1371.000,10966.000,22500.000,70000.000,236.976,237.231,236.911,237.382,-0.100,-0.194
2017-03-31 11:10:00,236.997,237.174,1460.000,61.000,237.00,237.05,7500.000,37500.000,237.10,237.35,323.000,1279.000,236.95,237.10,5000.000,10000.000,237.05,237.40,3962.000,4819.000,32500.000,65000.000,236.896,237.181,236.958,237.396,-0.200,-0.195
2017-03-31 11:11:00,237.068,237.283,309.000,1273.000,237.05,237.10,5000.000,32500.000,237.25,237.35,2491.000,283.000,237.00,237.15,5000.000,10000.000,237.15,237.40,5082.000,4976.000,35000.000,60000.000,236.967,237.200,237.093,237.400,-0.225,-0.194
2017-03-31 11:12:00,236.961,237.198,142.000,287.000,237.00,237.10,2500.000,25000.000,237.20,237.30,323.000,273.000,236.95,237.15,2500.000,35000.000,237.15,237.35,2873.000,7714.000,32500.000,110000.000,236.853,237.245,237.062,237.373,-0.200,-0.185
2017-03-31 11:13:00,237.021,237.197,15.000,85.000,237.05,237.15,5000.000,27500.000,237.20,237.30,162.000,1380.000,237.00,237.20,2500.000,32500.000,237.15,237.35,3877.000,10455.000,32500.000,112500.000,236.882,237.289,237.065,237.371,-0.150,-0.203
2017-03-31 11:14:00,237.093,237.259,340.000,208.000,237.15,237.20,2500.000,22500.000,237.25,237.35,301.000,64.000,237.10,237.25,2500.000,35000.000,237.20,237.40,3496.000,8976.000,22500.000,75000.000,237.017,237.351,237.122,237.407,-0.125,-0.241
2017-03-31 11:15:00,237.234,237.415,787.000,15.000,237.15,237.25,2500.000,7500.000,237.35,237.45,1148.000,800.000,237.10,237.30,2500.000,7500.000,237.30,237.50,10908.000,6631.000,20000.000,22500.000,237.023,237.400,237.238,237.517,-0.200,-0.280
2017-03-31 11:16:00,237.129,237.338,715.000,41.000,237.10,237.15,2500.000,2500.000,237.30,237.40,430.000,138.000,237.05,237.35,7500.000,7500.000,237.20,237.45,9236.000,12799.000,25000.000,25000.000,236.995,237.462,237.145,237.490,-0.225,-0.307
2017-03-31 11:17:00,237.161,237.355,238.000,1882.000,237.10,237.15,2500.000,2500.000,237.30,237.40,120.000,4.000,237.05,237.20,2500.000,7500.000,237.25,237.45,7428.000,5535.000,20000.000,27500.000,236.970,237.249,237.175,237.500,-0.225,-0.355
2017-03-31 11:18:00,237.051,237.315,116.000,278.000,236.95,237.00,2500.000,7500.000,237.25,237.40,1000.000,520.000,236.90,237.05,5000.000,12500.000,237.20,237.45,6866.000,3154.000,22500.000,35000.000,236.798,237.118,237.122,237.471,-0.350,-0.366
2017-03-31 11:19:00,236.833,237.194,51.000,1075.000,236.75,236.90,2500.000,2500.000,237.15,237.30,736.000,741.000,236.70,236.95,2500.000,10000.000,237.10,237.35,7484.000,8322.000,25000.000,35000.000,236.608,237.005,237.030,237.418,-0.400,-0.347
2017-03-31 11:20:00,236.814,237.189,25.000,367.000,236.80,236.85,2500.000,5000.000,237.15,237.30,196.000,340.000,236.75,236.90,2500.000,10000.000,237.10,237.35,5539.000,7122.000,22500.000,35000.000,236.625,237.000,237.028,237.411,-0.400,-0.324
2017-03-31 11:21:00,236.816,237.156,619.000,1045.000,236.65,236.85,2500.000,5000.000,237.10,237.30,3276.000,747.000,236.60,236.90,5000.000,7500.000,237.05,237.35,11008.000,5556.000,25000.000,37500.000,236.539,236.972,236.990,237.413,-0.450,-0.286
2017-03-31 11:22:00,236.847,237.282,3354.000,100.000,236.75,236.80,2500.000,7500.000,237.15,237.35,78.000,292.000,236.70,236.85,5000.000,7500.000,237.10,237.45,9018.000,2091.000,30000.000,32500.000,236.646,236.952,237.037,237.465,-0.475,-0.208
2017-03-31 11:23:00,236.739,237.059,25.000,99.000,236.65,236.70,5000.000,25000.000,237.05,237.20,2551.000,216.000,236.60,236.75,2500.000,27500.000,237.00,237.25,7161.000,3065.000,17500.000,65000.000,236.514,236.838,236.964,237.252,-0.450,-0.158
2017-03-31 11:24:00,236.563,236.829,1.000,635.000,236.60,236.65,2500.000,25000.000,236.90,237.00,18.000,1394.000,236.55,236.70,2500.000,2500.000,236.80,237.05,2460.000,7385.000,15000.000,62500.000,236.452,236.766,236.758,237.106,-0.325,-0.107
2017-03-31 11:25:00,236.491,236.753,41.000,76.000,236.45,236.50,2500.000,7500.000,236.80,236.95,111.000,734.000,236.40,236.60,2500.000,30000.000,236.70,237.00,3829.000,4743.000,25000.000,72500.000,236.263,236.706,236.575,237.083,-0.400,-0.074
2017-03-31 11:26:00,236.551,236.698,2000.000,584.000,236.50,236.60,2500.000,2500.000,236.60,236.90,150.000,1.000,236.45,236.65,5000.000,2500.000,236.55,236.95,4419.000,3339.000,25000.000,37500.000,236.409,236.734,236.495,237.007,-0.200,-0.096
2017-03-31 11:27:00,236.612,236.657,480.000,193.000,236.50,236.55,2500.000,2500.000,236.65,236.85,200.000,307.000,236.40,236.60,2500.000,5000.000,236.60,236.90,8510.000,3053.000,25000.000,42500.000,236.284,236.690,236.505,236.982,-0.225,-0.146
2017-03-31 11:28:00,236.684,236.756,1390.000,50.000,236.50,236.70,2500.000,5000.000,236.75,236.95,527.000,946.000,236.45,236.75,2500.000,27500.000,236.65,237.00,7994.000,3554.000,27500.000,62500.000,236.381,236.822,236.568,237.086,-0.250,-0.179
2017-03-31 11:29:00,236.817,236.829,437.000,1.000,236.70,236.75,2500.000,2500.000,237.00,237.10,1198.000,500.000,236.65,236.80,2500.000,2500.000,236.95,237.15,9482.000,2653.000,15000.000,62500.000,236.560,236.893,236.800,237.228,-0.325,-0.203
2017-03-31 11:30:00,236.763,236.856,1000.000,2577.000,236.75,236.80,5000.000,2500.000,236.95,237.15,395.000,502.000,236.65,236.85,7500.000,27500.000,236.75,237.20,8781.000,9312.000,25000.000,62500.000,236.558,236.924,236.710,237.230,-0.275,-0.238
2017-03-31 11:31:00,236.757,237.013,2222.000,560.000,236.75,236.80,5000.000,25000.000,237.00,237.20,1161.000,3016.000,236.65,236.85,2500.000,27500.000,236.95,237.25,10267.000,9330.000,15000.000,62500.000,236.589,236.928,236.892,237.244,-0.325,-0.227
2017-03-31 11:32:00,236.746,237.040,986.000,500.000,236.75,236.80,5000.000,17500.000,237.05,237.20,1773.000,516.000,236.70,236.85,2500.000,27500.000,236.95,237.25,6472.000,6705.000,20000.000,57500.000,236.646,236.958,236.881,237.259,-0.350,-0.199
2017-03-31 11:33:00,236.762,237.002,411.000,803.000,236.75,236.85,2500.000,17500.000,237.05,237.20,1561.000,540.000,236.70,236.90,2500.000,27500.000,236.85,237.25,6083.000,8815.000,17500.000,52500.000,236.625,236.985,236.821,237.248,-0.325,-0.201
2017-03-31 11:34:00,236.787,236.921,1196.000,199.000,236.70,236.85,2500.000,2500.000,237.00,237.15,317.000,540.000,236.65,236.90,5000.000,17500.000,236.85,237.20,9455.000,8358.000,17500.000,55000.000,236.556,236.997,236.821,237.236,-0.300,-0.197
2017-03-31 11:35:00,236.699,236.964,5.000,556.000,236.75,236.85,5000.000,2500.000,236.95,237.15,140.000,721.000,236.70,236.90,2500.000,20000.000,236.90,237.20,2329.000,8693.000,17500.000,52500.000,236.590,236.985,236.829,237.238,-0.250,-0.162
2017-03-31 11:36:00,236.836,237.040,500.000,302.000,236.85,236.90,5000.000,17500.000,237.05,237.20,213.000,1092.000,236.75,236.95,2500.000,25000.000,236.95,237.25,4204.000,6105.000,17500.000,55000.000,236.677,236.999,236.886,237.268,-0.250,-0.134
2017-03-31 11:37:00,236.828,236.980,468.000,1574.000,236.85,236.90,5000.000,2500.000,237.05,237.15,65.000,592.000,236.75,236.95,2500.000,17500.000,236.95,237.20,4024.000,7818.000,17500.000,50000.000,236.672,236.989,236.893,237.235,-0.225,-0.130
2017-03-31 11:38:00,236.738,236.989,460.000,104.000,236.80,236.85,2500.000,2500.000,237.00,237.10,727.000,1690.000,236.75,236.90,5000.000,17500.000,236.95,237.20,3144.000,10705.000,22500.000,55000.000,236.683,236.979,236.833,237.245,-0.225,-0.116
2017-03-31 11:39:00,236.793,236.907,2275.000,443.000,236.75,236.90,2500.000,2500.000,236.90,237.15,323.000,592.000,236.70,236.95,5000.000,17500.000,236.85,237.20,5633.000,7825.000,17500.000,52500.000,236.645,237.010,236.771,237.243,-0.200,-0.144
2017-03-31 11:40:00,236.845,236.934,3541.000,368.000,236.75,236.90,2500.000,2500.000,237.00,237.15,233.000,622.000,236.70,236.95,5000.000,17500.000,236.85,237.20,8915.000,6523.000,17500.000,52500.000,236.662,237.001,236.807,237.240,-0.250,-0.180
2017-03-31 11:41:00,236.690,236.752,1038.000,168.000,236.75,236.80,2500.000,2500.000,236.80,237.05,123.000,631.000,236.70,236.85,2500.000,7500.000,236.75,237.10,3828.000,9680.000,17500.000,55000.000,236.632,236.950,236.686,237.202,-0.150,-0.219
2017-03-31 11:42:00,236.757,236.890,55.000,943.000,236.75,236.85,5000.000,7500.000,236.90,237.10,1087.000,420.000,236.70,236.90,2500.000,2500.000,236.85,237.15,5398.000,8944.000,17500.000,55000.000,236.606,236.986,236.800,237.216,-0.200,-0.228
2017-03-31 11:43:00,236.767,236.947,759.000,2502.000,236.75,236.85,7500.000,7500.000,237.00,237.10,2163.000,445.000,236.70,236.90,2500.000,15000.000,236.85,237.20,7176.000,10291.000,22500.000,60000.000,236.643,236.966,236.839,237.235,-0.250,-0.243
2017-03-31 11:44:00,236.769,237.025,555.000,2.000,236.80,236.85,7500.000,15000.000,237.10,237.20,952.000,305.000,236.75,236.90,2500.000,30000.000,237.05,237.25,5191.000,7597.000,17500.000,72500.000,236.701,237.004,236.964,237.321,-0.325,-0.238
2017-03-31 11:45:00,236.811,237.082,338.000,1634.000,236.80,236.90,2500.000,12500.000,237.10,237.20,1041.000,557.000,236.75,236.95,2500.000,27500.000,237.05,237.25,5872.000,10343.000,12500.000,50000.000,236.690,237.001,236.960,237.257,-0.300,-0.261
2017-03-31 11:46:00,236.788,237.044,1198.000,1252.000,236.75,236.90,2500.000,12500.000,237.05,237.20,833.000,516.000,236.70,236.95,2500.000,30000.000,237.00,237.25,6581.000,9982.000,12500.000,52500.000,236.644,237.006,236.890,237.264,-0.300,-0.268
2017-03-31 11:47:00,236.666,236.844,587.000,835.000,236.75,236.85,2500.000,5000.000,236.85,237.10,18.000,900.000,236.70,236.90,5000.000,7500.000,236.80,237.15,2134.000,12571.000,20000.000,65000.000,236.638,236.985,236.744,237.225,-0.175,-0.296
2017-03-31 11:48:00,236.862,237.115,7.000,1564.000,236.90,236.95,5000.000,17500.000,237.10,237.20,100.000,5891.000,236.85,237.00,7500.000,27500.000,237.05,237.25,2261.000,12400.000,22500.000,55000.000,236.740,237.034,236.983,237.264,-0.225,-0.298
2017-03-31 11:49:00,237.110,237.341,76.000,1130.000,236.95,237.00,5000.000,5000.000,237.35,237.45,5.000,91.000,236.90,237.05,2500.000,10000.000,237.25,237.50,11984.000,3519.000,15000.000,25000.000,236.761,237.107,237.233,237.535,-0.425,-0.293
2017-03-31 11:50:00,236.974,237.363,78.000,743.000,236.90,237.00,5000.000,5000.000,237.25,237.45,1013.000,299.000,236.85,237.05,2500.000,10000.000,237.20,237.50,6019.000,4754.000,25000.000,25000.000,236.762,237.133,237.085,237.535,-0.400,-0.279
2017-03-31 11:51:00,236.991,237.282,5.000,509.000,236.95,237.00,2500.000,2500.000,237.25,237.35,1009.000,993.000,236.85,237.05,2500.000,2500.000,237.20,237.40,7505.000,5473.000,25000.000,22500.000,236.760,237.118,237.035,237.467,-0.325,-0.313
2017-03-31 11:52:00,236.905,237.220,308.000,528.000,236.85,236.95,2500.000,2500.000,237.15,237.35,233.000,1087.000,236.80,237.00,2500.000,2500.000,237.10,237.40,5789.000,4957.000,25000.000,30000.000,236.742,237.074,237.030,237.488,-0.350,-0.328
2017-03-31 11:53:00,236.901,237.165,308.000,79.000,236.85,236.90,2500.000,2500.000,237.15,237.30,155.000,481.000,236.80,236.95,2500.000,2500.000,237.10,237.35,5902.000,3330.000,20000.000,30000.000,236.740,237.043,237.044,237.446,-0.350,-0.352
2017-03-31 11:54:00,237.040,237.248,422.000,1555.000,236.90,237.00,2500.000,2500.000,237.20,237.35,599.000,156.000,236.85,237.05,5000.000,5000.000,237.15,237.40,9559.000,4091.000,22500.000,32500.000,236.761,237.093,237.083,237.469,-0.325,-0.380
2017-03-31 11:55:00,236.959,237.278,406.000,5752.000,236.90,237.00,2500.000,5000.000,237.20,237.40,385.000,125.000,236.85,237.05,7500.000,5000.000,237.15,237.45,6033.000,9096.000,20000.000,30000.000,236.764,237.058,237.100,237.508,-0.350,-0.391
2017-03-31 11:56:00,236.821,237.279,434.000,1194.000,236.80,236.90,5000.000,7500.000,237.10,237.40,4147.000,531.000,236.75,236.95,2500.000,5000.000,237.05,237.45,6406.000,8800.000,30000.000,30000.000,236.723,236.992,236.983,237.488,-0.400,-0.386
2017-03-31 11:57:00,236.796,237.189,15.000,74.000,236.80,236.85,2500.000,2500.000,237.15,237.30,3926.000,5133.000,236.75,236.90,2500.000,7500.000,237.10,237.35,6341.000,9311.000,22500.000,32500.000,236.712,236.951,237.022,237.427,-0.400,-0.400
2017-03-31 11:58:00,236.835,237.217,560.000,4597.000,236.80,236.85,2500.000,2500.000,237.20,237.30,4464.000,79.000,236.75,236.90,2500.000,7500.000,237.15,237.35,9324.000,9326.000,20000.000,32500.000,236.698,236.932,237.062,237.419,-0.425,-0.417
2017-03-31 11:59:00,236.888,237.235,505.000,3282.000,236.80,236.95,2500.000,2500.000,237.20,237.35,4014.000,1806.000,236.75,237.00,5000.000,2500.000,237.15,237.40,8193.000,8348.000,20000.000,30000.000,236.698,237.023,237.081,237.471,-0.400,-0.426
2017-03-31 12:00:00,236.814,237.191,3801.000,1265.000,236.75,236.80,2500.000,2500.000,237.15,237.35,661.000,2.000,236.70,236.85,2500.000,5000.000,237.10,237.40,9210.000,4009.000,20000.000,35000.000,236.654,236.923,237.031,237.479,-0.475,-0.434
2017-03-31 12:01:00,236.810,237.240,2809.000,76.000,236.75,236.80,2500.000,5000.000,237.15,237.40,528.000,2.000,236.70,236.85,2500.000,7500.000,237.10,237.45,7608.000,3277.000,20000.000,32500.000,236.643,236.966,237.025,237.485,-0.500,-0.422
2017-03-31 12:02:00,236.816,237.281,222.000,999.000,236.75,236.85,5000.000,2500.000,237.20,237.40,2187.000,652.000,236.70,236.90,2500.000,7500.000,237.15,237.45,7187.000,5944.000,25000.000,27500.000,236.627,236.974,237.055,237.495,-0.500,-0.399
2017-03-31 12:03:00,236.729,237.194,1560.000,138.000,236.70,236.80,2500.000,5000.000,237.15,237.20,762.000,1360.000,236.65,236.85,5000.000,2500.000,237.05,237.30,8563.000,9404.000,30000.000,30000.000,236.573,236.950,236.983,237.404,-0.425,-0.372
2017-03-31 12:04:00,236.686,237.080,1494.000,999.000,236.70,236.80,5000.000,2500.000,237.05,237.15,505.000,2089.000,236.65,236.85,10000.000,5000.000,237.00,237.20,5318.000,10267.000,27500.000,27500.000,236.586,236.932,236.950,237.350,-0.350,-0.352
2017-03-31 12:05:00,236.713,237.130,1385.000,508.000,236.70,236.75,5000.000,2500.000,237.05,237.20,835.000,2.000,236.65,236.80,7500.000,10000.000,237.00,237.40,5555.000,5394.000,27500.000,35000.000,236.587,236.891,236.936,237.446,-0.400,-0.351
2017-03-31 12:06:00,236.716,237.084,1543.000,1846.000,236.70,236.75,5000.000,2500.000,237.05,237.15,725.000,152.000,236.65,236.80,7500.000,5000.000,237.00,237.20,5732.000,6620.000,25000.000,22500.000,236.587,236.862,236.945,237.306,-0.375,-0.340
2017-03-31 12:07:00,236.697,237.048,875.000,1266.000,236.70,236.75,7500.000,2500.000,237.00,237.20,725.000,212.000,236.65,236.80,7500.000,5000.000,236.90,237.25,2817.000,4430.000,30000.000,27500.000,236.614,236.842,236.846,237.336,-0.375,-0.339
2017-03-31 12:08:00,236.714,237.043,630.000,44.000,236.70,236.80,10000.000,5000.000,237.00,237.25,1269.000,260.000,236.65,236.85,7500.000,2500.000,236.90,237.30,4751.000,5479.000,27500.000,30000.000,236.572,236.971,236.877,237.383,-0.375,-0.333
2017-03-31 12:09:00,236.800,237.093,1594.000,626.000,236.70,236.80,2500.000,7500.000,237.10,237.25,1330.000,673.000,236.65,236.90,2500.000,2500.000,237.05,237.30,9827.000,7436.000,20000.000,35000.000,236.561,236.985,236.963,237.379,-0.425,-0.350
2017-03-31 12:10:00,236.732,237.144,803.000,32.000,236.75,236.80,2500.000,2500.000,237.10,237.20,252.000,60.000,236.70,236.85,2500.000,5000.000,237.05,237.25,4348.000,5496.000,20000.000,20000.000,236.622,236.974,236.963,237.306,-0.375,-0.329
2017-03-31 12:11:00,236.800,237.114,12.000,320.000,236.80,236.85,2500.000,2500.000,237.10,237.25,454.000,1301.000,236.75,236.90,5000.000,5000.000,237.05,237.35,2684.000,4670.000,25000.000,37500.000,236.654,236.963,236.965,237.423,-0.350,-0.370
2017-03-31 12:12:00,236.754,237.102,394.000,66.000,236.75,236.80,2500.000,5000.000,237.10,237.25,277.000,71.000,236.70,236.85,7500.000,2500.000,237.05,237.30,4473.000,5048.000,25000.000,32500.000,236.601,236.968,236.995,237.381,-0.400,-0.385
2017-03-31 12:13:00,236.818,237.117,350.000,1313.000,236.75,236.90,2500.000,5000.000,237.10,237.25,277.000,759.000,236.70,236.95,5000.000,2500.000,237.05,237.30,4579.000,6367.000,22500.000,30000.000,236.602,236.998,236.994,237.375,-0.350,-0.394
2017-03-31 12:14:00,236.765,237.142,823.000,169.000,236.75,236.85,2500.000,2500.000,237.10,237.20,563.000,1082.000,236.70,236.90,5000.000,2500.000,237.05,237.25,5053.000,7071.000,25000.000,20000.000,236.618,236.990,236.980,237.331,-0.350,-0.410
2017-03-31 12:15:00,236.828,237.137,3299.000,158.000,236.75,236.90,5000.000,5000.000,237.10,237.30,1177.000,2.000,236.70,236.95,2500.000,5000.000,237.05,237.35,7371.000,4689.000,25000.000,35000.000,236.682,237.041,236.990,237.421,-0.375,-0.434
2017-03-31 12:16:00,236.811,237.326,70.000,338.000,236.80,236.90,10000.000,2500.000,237.20,237.40,468.000,645.000,236.75,236.95,2500.000,5000.000,237.15,237.45,3497.000,6767.000,32500.000,25000.000,236.674,237.000,237.092,237.510,-0.450,-0.421
2017-03-31 12:17:00,236.689,237.115,1469.000,295.000,236.70,236.80,7500.000,7500.000,237.05,237.20,900.000,304.000,236.65,236.85,7500.000,5000.000,237.00,237.25,5234.000,6999.000,25000.000,25000.000,236.608,236.962,236.980,237.290,-0.375,-0.425
2017-03-31 12:18:00,236.727,237.069,400.000,437.000,236.75,236.80,10000.000,2500.000,237.05,237.25,1052.000,211.000,236.70,236.85,7500.000,2500.000,237.00,237.30,3909.000,5205.000,25000.000,27500.000,236.640,236.960,236.970,237.414,-0.375,-0.429
2017-03-31 12:19:00,236.875,237.332,575.000,6.000,236.80,236.90,2500.000,7500.000,237.20,237.40,1487.000,1867.000,236.75,237.00,7500.000,7500.000,237.15,237.50,5725.000,5407.000,25000.000,30000.000,236.685,237.071,237.090,237.542,-0.450,-0.439
2017-03-31 12:20:00,236.853,237.284,5.000,650.000,236.85,236.95,2500.000,2500.000,237.20,237.35,534.000,6949.000,236.80,237.00,7500.000,7500.000,237.15,237.40,4410.000,12029.000,25000.000,30000.000,236.710,237.034,237.090,237.508,-0.375,-0.431
2017-03-31 12:21:00,236.992,237.441,231.000,489.000,237.05,237.20,2500.000,7500.000,237.35,237.50,332.000,3059.000,237.00,237.25,2500.000,5000.000,237.25,237.60,1661.000,8996.000,20000.000,20000.000,236.925,237.319,237.106,237.600,-0.300,-0.407
2017-03-31 12:22:00,236.980,237.425,5.000,227.000,237.05,237.15,2500.000,5000.000,237.30,237.50,115.000,2955.000,237.00,237.25,2500.000,5000.000,237.25,237.60,1451.000,9031.000,22500.000,22500.000,236.902,237.328,237.106,237.678,-0.300,-0.392
2017-03-31 12:23:00,237.093,237.455,282.000,779.000,237.15,237.30,10000.000,2500.000,237.45,237.65,301.000,228.000,237.10,237.35,7500.000,5000.000,237.40,237.85,3518.000,10652.000,25000.000,50000.000,237.025,237.466,237.375,237.968,-0.325,-0.383
2017-03-31 12:24:00,237.132,237.637,282.000,364.000,237.20,237.30,10000.000,2500.000,237.50,237.65,309.000,650.000,237.15,237.35,5000.000,2500.000,237.45,237.80,3514.000,10783.000,30000.000,17500.000,237.061,237.468,237.408,237.850,-0.325,-0.324
2017-03-31 12:25:00,237.105,237.497,14.000,368.000,237.25,237.30,2500.000,2500.000,237.45,237.60,105.000,3570.000,237.20,237.35,2500.000,10000.000,237.40,237.70,1751.000,16869.000,15000.000,22500.000,237.040,237.448,237.317,237.739,-0.250,-0.290
2017-03-31 12:26:00,237.200,237.531,9.000,2301.000,237.30,237.35,5000.000,2500.000,237.50,237.60,105.000,1244.000,237.20,237.40,5000.000,10000.000,237.45,237.70,3660.000,18354.000,17500.000,22500.000,237.066,237.473,237.407,237.739,-0.225,-0.227
2017-03-31 12:27:00,237.142,237.509,5.000,620.000,237.20,237.30,2500.000,10000.000,237.45,237.65,65.000,1682.000,237.15,237.35,5000.000,5000.000,237.40,237.70,3726.000,12451.000,17500.000,25000.000,237.026,237.458,237.286,237.725,-0.300,-0.147
2017-03-31 12:28:00,236.961,237.278,533.000,1217.000,237.00,237.15,5000.000,5000.000,237.20,237.40,69.000,718.000,236.95,237.20,5000.000,10000.000,237.15,237.45,2678.000,9769.000,27500.000,30000.000,236.855,237.281,237.064,237.492,-0.225,-0.092
2017-03-31 12:29:00,236.978,237.190,1496.000,575.000,237.00,237.05,2500.000,5000.000,237.10,237.25,68.000,994.000,236.85,237.10,2500.000,12500.000,237.05,237.40,7343.000,7307.000,22500.000,30000.000,236.800,237.173,236.989,237.417,-0.150,-0.048
2017-03-31 12:30:00,236.976,237.197,1496.000,2932.000,237.00,237.10,2500.000,2500.000,237.10,237.20,150.000,1271.000,236.90,237.15,2500.000,7500.000,237.05,237.35,6884.000,13379.000,22500.000,20000.000,236.828,237.218,236.983,237.381,-0.100,0.001
2017-03-31 12:31:00,236.980,236.995,1421.000,708.000,237.00,237.10,5000.000,2500.000,237.00,237.15,930.000,3410.000,236.90,237.15,2500.000,15000.000,236.90,237.20,8391.000,13913.000,17500.000,35000.000,236.833,237.221,236.843,237.329,-0.025,0.000
2017-03-31 12:32:00,236.977,236.947,1590.000,3070.000,236.90,237.10,5000.000,2500.000,236.95,237.10,1815.000,1076.000,236.85,237.15,5000.000,2500.000,236.90,237.15,9552.000,12720.000,17500.000,25000.000,236.790,237.198,236.850,237.225,-0.025,0.002
2017-03-31 12:33:00,236.948,236.985,844.000,50.000,237.00,237.05,5000.000,7500.000,236.95,237.10,986.000,1003.000,236.90,237.10,5000.000,2500.000,236.90,237.20,7864.000,12804.000,17500.000,25000.000,236.820,237.198,236.850,237.230,0.000,0.031
2017-03-31 12:34:00,236.962,236.959,889.000,1158.000,237.00,237.10,5000.000,7500.000,236.90,237.10,12.000,3566.000,236.95,237.15,2500.000,2500.000,236.85,237.20,4179.000,14400.000,17500.000,25000.000,236.890,237.209,236.757,237.230,0.050,0.046
2017-03-31 12:35:00,236.953,236.929,12.000,39.000,236.95,237.00,5000.000,5000.000,236.90,237.05,719.000,3824.000,236.90,237.10,2500.000,2500.000,236.80,237.10,6493.000,13183.000,17500.000,25000.000,236.799,237.169,236.779,237.235,-0.000,0.063
2017-03-31 12:36:00,236.972,236.991,229.000,3438.000,236.95,237.10,7500.000,5000.000,236.90,237.10,719.000,2927.000,236.90,237.15,2500.000,2500.000,236.85,237.20,6871.000,15800.000,20000.000,22500.000,236.803,237.197,236.819,237.244,0.025,0.081
2017-03-31 12:37:00,236.973,236.935,694.000,62.000,237.00,237.10,10000.000,5000.000,236.85,237.00,210.000,3427.000,236.95,237.15,5000.000,2500.000,236.80,237.10,4686.000,11899.000,22500.000,20000.000,236.880,237.224,236.789,237.175,0.125,0.081
2017-03-31 12:38:00,237.047,236.938,354.000,1750.000,237.00,237.15,7500.000,7500.000,236.85,237.10,365.000,110.000,236.95,237.20,2500.000,2500.000,236.80,237.20,6025.000,8300.000,17500.000,25000.000,236.879,237.266,236.779,237.230,0.100,0.090
2017-03-31 12:39:00,237.056,236.977,1514.000,1703.000,237.00,237.15,2500.000,2500.000,237.00,237.10,1750.000,110.000,236.95,237.20,2500.000,2500.000,236.85,237.15,8300.000,8154.000,15000.000,22500.000,236.915,237.277,236.800,237.256,0.025,0.089
2017-03-31 12:40:00,237.079,236.972,1357.000,742.000,236.95,237.00,5000.000,7500.000,236.90,237.15,3322.000,360.000,236.90,237.10,5000.000,5000.000,236.85,237.20,9472.000,2965.000,17500.000,27500.000,236.845,237.130,236.821,237.241,-0.050,0.073
2017-03-31 12:41:00,237.030,236.956,512.000,1694.000,237.00,237.15,2500.000,5000.000,236.95,237.10,1326.000,381.000,236.95,237.20,2500.000,2500.000,236.90,237.15,7051.000,10609.000,15000.000,25000.000,236.900,237.266,236.808,237.210,0.050,0.065
2017-03-31 12:42:00,237.002,236.967,663.000,819.000,237.00,237.10,2500.000,2500.000,236.80,237.05,4684.000,681.000,236.90,237.15,2500.000,2500.000,236.75,237.10,7747.000,8112.000,27500.000,17500.000,236.866,237.232,236.600,237.171,0.125,0.076
2017-03-31 12:43:00,237.092,236.938,15.000,881.000,237.05,237.10,2500.000,5000.000,236.90,237.15,4392.000,683.000,236.90,237.15,2500.000,7500.000,236.85,237.20,9552.000,4957.000,15000.000,27500.000,236.830,237.223,236.758,237.245,0.050,0.085
2017-03-31 12:44:00,237.113,237.039,11.000,51.000,237.05,237.10,2500.000,10000.000,237.00,237.20,1834.000,388.000,237.00,237.15,2500.000,7500.000,236.95,237.25,7921.000,4053.000,15000.000,32500.000,236.927,237.253,236.867,237.281,-0.025,0.100
2017-03-31 12:45:00,237.040,237.009,1639.000,682.000,237.00,237.15,2500.000,2500.000,237.00,237.15,554.000,315.000,236.95,237.20,2500.000,10000.000,236.95,237.20,7672.000,8024.000,12500.000,27500.000,236.916,237.296,236.900,237.250,-0.000,0.100
2017-03-31 12:46:00,237.107,237.075,3776.000,897.000,237.00,237.15,2500.000,2500.000,237.00,237.20,1098.000,191.000,236.95,237.20,5000.000,7500.000,236.95,237.25,10367.000,4899.000,20000.000,25000.000,236.934,237.276,236.875,237.305,-0.025,0.109
2017-03-31 12:47:00,237.097,237.007,4398.000,262.000,237.00,237.15,2500.000,2500.000,237.00,237.20,417.000,1209.000,236.95,237.20,5000.000,5000.000,236.85,237.25,10308.000,5393.000,22500.000,30000.000,236.937,237.275,236.800,237.329,-0.025,0.097
2017-03-31 12:48:00,237.204,237.005,224.000,490.000,237.10,237.20,2500.000,7500.000,237.00,237.25,272.000,622.000,237.05,237.25,2500.000,7500.000,236.95,237.30,7523.000,4416.000,12500.000,40000.000,236.972,237.308,236.900,237.353,0.025,0.062
2017-03-31 12:49:00,237.155,237.006,507.000,20.000,237.10,237.15,2500.000,2500.000,237.00,237.20,2.000,623.000,237.05,237.20,2500.000,5000.000,236.95,237.25,7211.000,4574.000,12500.000,30000.000,236.970,237.293,236.900,237.317,0.025,0.029
2017-03-31 12:50:00,237.143,237.111,536.000,915.000,237.05,237.20,5000.000,5000.000,237.10,237.25,3942.000,567.000,237.00,237.25,5000.000,5000.000,237.05,237.30,7669.000,5358.000,20000.000,35000.000,236.966,237.309,237.019,237.364,-0.050,0.027
2017-03-31 12:51:00,237.134,237.058,15.000,492.000,237.10,237.15,5000.000,7500.000,237.05,237.25,2.000,804.000,237.05,237.20,7500.000,5000.000,237.00,237.30,5213.000,5167.000,20000.000,40000.000,236.954,237.281,236.963,237.356,-0.025,0.020
2017-03-31 12:52:00,237.145,237.112,15.000,122.000,237.10,237.15,5000.000,5000.000,237.10,237.25,2.000,1204.000,237.05,237.20,5000.000,5000.000,237.05,237.30,6459.000,5352.000,25000.000,37500.000,236.957,237.283,237.010,237.370,-0.050,0.023
2017-03-31 12:53:00,237.155,237.131,15.000,1778.000,237.15,237.20,2500.000,12500.000,237.10,237.25,2.000,2070.000,237.10,237.25,5000.000,5000.000,237.05,237.30,3863.000,8159.000,25000.000,42500.000,236.997,237.289,237.005,237.344,0.000,0.010
2017-03-31 12:54:00,237.085,237.100,2898.000,969.000,237.00,237.15,2500.000,12500.000,237.10,237.25,505.000,1217.000,236.95,237.20,2500.000,5000.000,237.05,237.30,8919.000,7256.000,20000.000,47500.000,236.905,237.261,237.000,237.355,-0.100,0.011
2017-03-31 12:55:00,237.110,237.090,15.000,355.000,237.10,237.15,2500.000,12500.000,237.10,237.25,2.000,1217.000,237.05,237.20,2500.000,5000.000,237.05,237.30,5076.000,6783.000,17500.000,47500.000,236.965,237.271,237.000,237.355,-0.050,0.018
2017-03-31 12:56:00,237.091,237.052,67.000,426.000,237.10,237.15,2500.000,7500.000,237.05,237.20,7.000,1202.000,237.05,237.20,7500.000,10000.000,237.00,237.25,4353.000,7237.000,17500.000,40000.000,236.967,237.274,236.964,237.300,0.000,-0.002
2017-03-31 12:57:00,237.068,237.020,15.000,500.000,237.10,237.15,2500.000,2500.000,237.05,237.15,562.000,1354.000,237.05,237.20,10000.000,5000.000,237.00,237.20,4921.000,9797.000,20000.000,35000.000,236.978,237.284,236.956,237.275,0.025,-0.035
2017-03-31 12:58:00,237.069,237.112,15.000,577.000,237.05,237.10,2500.000,7500.000,237.10,237.25,2761.000,657.000,237.00,237.15,5000.000,5000.000,237.05,237.30,7696.000,6070.000,22500.000,42500.000,236.898,237.233,236.994,237.368,-0.100,-0.032
2017-03-31 12:59:00,237.039,237.048,15.000,667.000,237.05,237.10,7500.000,2500.000,237.05,237.25,679.000,1266.000,237.00,237.15,7500.000,7500.000,237.00,237.30,3284.000,6653.000,22500.000,32500.000,236.894,237.218,236.956,237.377,-0.075,-0.040
2017-03-31 13:00:00,237.059,237.008,15.000,149.000,237.05,237.10,2500.000,2500.000,237.10,237.25,679.000,535.000,237.00,237.15,5000.000,10000.000,237.05,237.30,4212.000,5520.000,17500.000,45000.000,236.897,237.239,236.964,237.381,-0.100,-0.054
2017-03-31 13:01:00,237.096,237.156,4239.000,210.000,237.10,237.15,5000.000,10000.000,237.15,237.30,167.000,1614.000,237.05,237.20,5000.000,7500.000,237.10,237.35,7327.000,6799.000,22500.000,45000.000,237.036,237.280,237.044,237.394,-0.100,-0.050
2017-03-31 13:02:00,237.096,237.213,1596.000,359.000,237.10,237.15,2500.000,10000.000,237.25,237.30,380.000,1519.000,237.05,237.20,2500.000,7500.000,237.20,237.35,5259.000,6490.000,12500.000,45000.000,237.004,237.275,237.150,237.389,-0.150,-0.018
2017-03-31 13:03:00,237.065,237.094,873.000,810.000,237.10,237.15,2500.000,7500.000,237.15,237.25,7.000,2218.000,237.05,237.20,2500.000,15000.000,237.10,237.30,2998.000,7981.000,12500.000,52500.000,236.985,237.260,237.040,237.355,-0.075,-0.009
2017-03-31 13:04:00,237.041,237.088,484.000,307.000,237.10,237.15,2500.000,5000.000,237.10,237.20,18.000,2370.000,237.05,237.20,2500.000,5000.000,237.05,237.25,2272.000,10347.000,25000.000,40000.000,236.979,237.259,236.870,237.312,-0.025,0.012
2017-03-31 13:05:00,237.025,237.042,14.000,119.000,237.05,237.10,2500.000,5000.000,237.10,237.20,733.000,1238.000,237.00,237.15,2500.000,5000.000,237.05,237.25,4083.000,8691.000,12500.000,35000.000,236.896,237.232,236.970,237.314,-0.075,0.016
2017-03-31 13:06:00,236.999,237.037,15.000,1206.000,237.05,237.10,2500.000,5000.000,237.10,237.25,473.000,2630.000,237.00,237.15,2500.000,7500.000,237.05,237.30,2263.000,10200.000,12500.000,45000.000,236.897,237.207,236.980,237.372,-0.100,0.047
2017-03-31 13:07:00,237.093,237.050,15.000,2889.000,237.10,237.15,2500.000,5000.000,237.10,237.25,2.000,2489.000,237.05,237.20,2500.000,7500.000,237.00,237.30,5521.000,11373.000,22500.000,45000.000,236.992,237.237,236.844,237.372,-0.050,0.069
2017-03-31 13:08:00,237.047,237.034,15.000,70.000,237.05,237.10,2500.000,2500.000,237.10,237.25,3092.000,1417.000,237.00,237.15,2500.000,7500.000,237.05,237.30,5728.000,7545.000,12500.000,42500.000,236.943,237.224,236.980,237.379,-0.100,0.095
2017-03-31 13:09:00,237.088,237.030,1.000,1316.000,237.10,237.15,2500.000,2500.000,237.10,237.25,2.000,2249.000,237.05,237.20,5000.000,7500.000,237.05,237.30,4597.000,8577.000,15000.000,42500.000,236.988,237.254,236.983,237.382,-0.050,0.117
2017-03-31 13:10:00,237.065,237.061,15.000,397.000,237.05,237.10,2500.000,5000.000,237.10,237.25,4604.000,1283.000,237.00,237.15,2500.000,7500.000,237.05,237.30,7338.000,7139.000,22500.000,45000.000,236.952,237.222,236.856,237.372,-0.100,0.148
2017-03-31 13:11:00,236.955,236.836,3081.000,746.000,237.00,237.05,2500.000,2500.000,236.90,237.00,15.000,710.000,236.95,237.10,2500.000,2500.000,236.85,237.15,6471.000,12166.000,12500.000,32500.000,236.905,237.196,236.750,237.223,0.075,0.169
2017-03-31 13:12:00,236.960,236.808,2755.000,531.000,237.00,237.05,2500.000,2500.000,236.85,236.95,15.000,2122.000,236.95,237.10,2500.000,2500.000,236.75,237.00,6489.000,13758.000,12500.000,20000.000,236.894,237.183,236.690,237.125,0.125,0.197
2017-03-31 13:13:00,236.976,236.833,15.000,527.000,237.05,237.10,2500.000,2500.000,236.90,237.00,1386.000,1567.000,237.00,237.15,2500.000,7500.000,236.85,237.15,2479.000,12000.000,12500.000,40000.000,236.950,237.220,236.750,237.213,0.125,0.210
2017-03-31 13:14:00,237.016,236.850,7.000,1194.000,237.05,237.15,5000.000,2500.000,236.85,237.00,789.000,3867.000,237.00,237.20,2500.000,5000.000,236.75,237.15,2960.000,13114.000,25000.000,40000.000,236.902,237.248,236.640,237.216,0.175,0.206
2017-03-31 13:15:00,237.037,236.877,15.000,743.000,237.10,237.15,2500.000,5000.000,236.90,237.00,7.000,3367.000,237.05,237.20,2500.000,7500.000,236.85,237.15,1697.000,10861.000,12500.000,42500.000,236.954,237.254,236.800,237.200,0.175,0.194
2017-03-31 13:16:00,237.057,236.832,15.000,88.000,237.10,237.15,2500.000,5000.000,236.90,237.00,14.000,3144.000,237.05,237.20,2500.000,5000.000,236.85,237.15,2479.000,8412.000,12500.000,42500.000,236.952,237.264,236.750,237.203,0.175,0.189
2017-03-31 13:17:00,237.212,236.918,15.000,1089.000,237.15,237.20,5000.000,2500.000,237.00,237.10,62.000,697.000,237.10,237.25,2500.000,2500.000,236.95,237.15,7585.000,6800.000,15000.000,32500.000,236.991,237.302,236.867,237.219,0.125,0.166
2017-03-31 13:18:00,237.165,236.957,5.000,173.000,237.10,237.20,2500.000,2500.000,237.00,237.15,370.000,2.000,237.05,237.25,5000.000,5000.000,236.90,237.20,6573.000,4898.000,17500.000,35000.000,236.982,237.340,236.864,237.289,0.075,0.164
2017-03-31 13:19:00,237.130,236.986,4591.000,792.000,237.00,237.20,5000.000,2500.000,237.00,237.15,694.000,284.000,236.95,237.25,2500.000,7500.000,236.95,237.20,9819.000,5952.000,20000.000,42500.000,236.917,237.320,236.906,237.285,0.025,0.155
2017-03-31 13:20:00,237.146,237.044,224.000,10.000,237.10,237.20,2500.000,5000.000,237.05,237.20,776.000,2.000,237.05,237.25,5000.000,5000.000,237.00,237.25,7010.000,5219.000,17500.000,42500.000,237.002,237.360,236.950,237.312,0.025,0.163
2017-03-31 13:21:00,237.145,236.946,15.000,62.000,237.10,237.15,2500.000,7500.000,237.00,237.15,728.000,282.000,237.05,237.25,5000.000,2500.000,236.90,237.20,6471.000,5865.000,17500.000,45000.000,236.988,237.339,236.864,237.278,0.050,0.152
2017-03-31 13:22:00,237.103,236.927,15.000,141.000,237.10,237.15,2500.000,2500.000,237.00,237.15,722.000,300.000,237.05,237.20,2500.000,10000.000,236.90,237.25,5951.000,5502.000,15000.000,45000.000,236.989,237.318,236.792,237.308,0.050,0.140
2017-03-31 13:23:00,237.214,237.017,15.000,34.000,237.15,237.20,2500.000,2500.000,237.05,237.20,2.000,624.000,237.10,237.25,2500.000,2500.000,237.00,237.25,6021.000,4182.000,12500.000,25000.000,236.999,237.334,236.900,237.315,0.050,0.127
2017-03-31 13:24:00,237.181,237.080,24.000,190.000,237.15,237.20,2500.000,2500.000,237.05,237.20,14.000,624.000,237.10,237.25,2500.000,2500.000,237.00,237.25,5988.000,5666.000,15000.000,22500.000,237.000,237.348,236.917,237.317,0.050,0.144
2017-03-31 13:25:00,237.183,237.042,15.000,553.000,237.10,237.15,2500.000,2500.000,237.10,237.25,171.000,2.000,237.05,237.20,2500.000,10000.000,237.05,237.30,6087.000,2522.000,12500.000,37500.000,236.986,237.262,236.970,237.377,-0.050,0.146
2017-03-31 13:26:00,237.132,236.986,27.000,68.000,237.10,237.15,2500.000,7500.000,237.05,237.25,2.000,62.000,237.05,237.20,2500.000,7500.000,236.95,237.30,5654.000,3864.000,12500.000,40000.000,236.984,237.315,236.890,237.363,-0.025,0.142
2017-03-31 13:27:00,237.118,237.005,15.000,114.000,237.10,237.15,2500.000,5000.000,237.05,237.25,2.000,562.000,237.05,237.20,5000.000,10000.000,237.00,237.30,5036.000,4589.000,15000.000,40000.000,236.978,237.301,236.917,237.366,-0.025,0.154
2017-03-31 13:28:00,237.126,236.995,15.000,41.000,237.10,237.15,2500.000,2500.000,237.05,237.20,4.000,150.000,237.05,237.20,2500.000,7500.000,237.00,237.25,5577.000,4314.000,12500.000,35000.000,236.979,237.313,236.900,237.311,0.000,0.165
2017-03-31 13:29:00,237.145,236.956,15.000,273.000,237.15,237.20,2500.000,2500.000,237.05,237.20,2.000,1046.000,237.10,237.25,2500.000,5000.000,236.90,237.25,4489.000,6837.000,12500.000,30000.000,237.001,237.338,236.840,237.308,0.050,0.168
2017-03-31 13:30:00,237.156,237.007,447.000,443.000,237.10,237.25,2500.000,5000.000,237.05,237.25,273.000,851.000,237.05,237.30,2500.000,7500.000,237.00,237.30,7318.000,7180.000,15000.000,37500.000,236.985,237.408,236.883,237.373,0.025,0.174
2017-03-31 13:31:00,237.196,237.070,15.000,188.000,237.20,237.25,2500.000,2500.000,237.15,237.25,2.000,321.000,237.15,237.30,7500.000,7500.000,237.05,237.30,5456.000,7085.000,17500.000,37500.000,237.031,237.426,237.007,237.380,0.025,0.171
2017-03-31 13:32:00,237.180,237.005,15.000,556.000,237.20,237.25,2500.000,2500.000,237.05,237.25,2.000,471.000,237.15,237.30,2500.000,10000.000,237.00,237.30,4986.000,8638.000,15000.000,37500.000,237.034,237.407,236.883,237.377,0.075,0.155
2017-03-31 13:33:00,237.175,236.989,15.000,1527.000,237.20,237.25,2500.000,2500.000,237.00,237.20,2.000,471.000,237.15,237.30,2500.000,5000.000,236.90,237.25,3531.000,8023.000,15000.000,30000.000,237.034,237.382,236.850,237.325,0.125,0.138
2017-03-31 13:34:00,237.229,237.024,26.000,267.000,237.15,237.20,2500.000,5000.000,237.05,237.20,449.000,2.000,237.10,237.25,2500.000,7500.000,237.00,237.25,5692.000,2533.000,15000.000,37500.000,237.023,237.341,236.900,237.310,0.050,0.128
2017-03-31 13:35:00,237.090,236.911,427.000,55.000,237.05,237.15,2500.000,5000.000,237.00,237.15,996.000,564.000,237.00,237.25,2500.000,2500.000,236.80,237.20,4335.000,5371.000,22500.000,35000.000,236.927,237.344,236.622,237.271,0.025,0.123
2017-03-31 13:36:00,237.058,236.950,398.000,659.000,237.00,237.15,2500.000,2500.000,236.95,237.10,1083.000,577.000,236.95,237.20,2500.000,2500.000,236.90,237.20,5420.000,6478.000,15000.000,35000.000,236.865,237.282,236.842,237.275,0.050,0.123
2017-03-31 13:37:00,237.083,236.988,15.000,721.000,237.10,237.15,2500.000,5000.000,237.00,237.10,62.000,582.000,237.05,237.20,5000.000,12500.000,236.90,237.25,4014.000,7103.000,17500.000,42500.000,236.971,237.278,236.857,237.279,0.075,0.118
2017-03-31 13:38:00,237.019,236.917,15.000,256.000,237.05,237.10,2500.000,5000.000,236.95,237.10,2490.000,2.000,237.00,237.15,2500.000,2500.000,236.85,237.20,4285.000,6031.000,15000.000,35000.000,236.952,237.258,236.783,237.250,0.050,0.124
2017-03-31 13:39:00,237.072,236.919,15.000,307.000,237.10,237.15,2500.000,5000.000,236.95,237.10,2.000,528.000,237.05,237.20,2500.000,20000.000,236.85,237.25,4223.000,7949.000,15000.000,45000.000,236.984,237.281,236.742,237.278,0.100,0.117
2017-03-31 13:40:00,237.086,236.927,15.000,241.000,237.10,237.15,2500.000,5000.000,236.95,237.10,2.000,1180.000,237.05,237.20,2500.000,2500.000,236.85,237.20,4981.000,8395.000,17500.000,37500.000,236.976,237.276,236.786,237.250,0.100,0.100
2017-03-31 13:41:00,237.096,236.990,15.000,30.000,237.10,237.15,2500.000,2500.000,237.00,237.10,2.000,1316.000,237.05,237.20,2500.000,2500.000,236.95,237.15,5939.000,8523.000,17500.000,32500.000,236.977,237.277,236.871,237.238,0.075,0.074
2017-03-31 13:42:00,237.065,236.996,15.000,553.000,237.10,237.15,2500.000,2500.000,237.00,237.05,2.000,1321.000,237.05,237.20,2500.000,7500.000,236.95,237.10,3963.000,10844.000,17500.000,42500.000,236.971,237.263,236.871,237.235,0.100,0.050
2017-03-31 13:43:00,236.995,236.860,15.000,72.000,237.05,237.10,2500.000,2500.000,236.90,237.00,2381.000,1041.000,237.00,237.15,7500.000,5000.000,236.80,237.10,3687.000,9740.000,27500.000,37500.000,236.960,237.229,236.650,237.220,0.125,0.027
2017-03-31 13:44:00,236.976,236.861,1557.000,452.000,237.00,237.10,2500.000,2500.000,236.90,237.05,325.000,312.000,236.95,237.15,5000.000,5000.000,236.80,237.10,4106.000,7862.000,22500.000,32500.000,236.904,237.238,236.644,237.219,0.075,0.010
2017-03-31 13:45:00,236.974,236.900,1734.000,53.000,237.00,237.05,2500.000,5000.000,236.90,237.05,225.000,695.000,236.95,237.15,2500.000,7500.000,236.85,237.10,4014.000,6795.000,17500.000,35000.000,236.914,237.239,236.786,237.186,0.050,-0.016
2017-03-31 13:46:00,236.519,236.542,141.000,11.000,236.55,236.60,7500.000,5000.000,236.50,236.55,890.000,813.000,236.50,236.65,7500.000,5000.000,236.40,236.60,3257.000,6723.000,32500.000,17500.000,236.409,236.738,236.365,236.629,0.050,-0.024
2017-03-31 13:47:00,236.532,236.581,709.000,11.000,236.50,236.55,5000.000,5000.000,236.50,236.65,411.000,210.000,236.45,236.70,2500.000,2500.000,236.45,236.70,6028.000,7453.000,25000.000,20000.000,236.374,236.807,236.355,236.750,-0.050,-0.007
2017-03-31 13:48:00,236.653,236.637,11.000,2.000,236.65,236.70,2500.000,10000.000,236.55,236.70,2.000,181.000,236.60,236.75,2500.000,2500.000,236.50,236.75,5588.000,6039.000,17500.000,20000.000,236.524,236.858,236.429,236.762,0.050,-0.046
2017-03-31 13:49:00,236.454,236.420,373.000,197.000,236.35,236.40,7500.000,5000.000,236.40,236.50,1571.000,100.000,236.30,236.45,5000.000,5000.000,236.30,236.55,7019.000,1902.000,25000.000,25000.000,236.234,236.523,236.275,236.595,-0.075,-0.076
2017-03-31 13:50:00,236.405,236.461,191.000,729.000,236.40,236.50,2500.000,5000.000,236.35,236.50,67.000,505.000,236.35,236.55,2500.000,7500.000,236.30,236.55,3430.000,5714.000,22500.000,22500.000,236.274,236.627,236.183,236.617,0.025,-0.058
2017-03-31 13:51:00,236.437,236.503,658.000,65.000,236.40,236.45,2500.000,5000.000,236.35,236.55,2552.000,415.000,236.35,236.60,5000.000,5000.000,236.30,236.60,8023.000,8200.000,20000.000,20000.000,236.297,236.716,236.244,236.706,-0.025,-0.032
2017-03-31 13:52:00,236.620,236.583,15.000,449.000,236.60,236.70,5000.000,5000.000,236.40,236.60,2.000,3405.000,236.55,236.75,5000.000,2500.000,236.35,236.70,4380.000,8293.000,25000.000,20000.000,236.379,236.786,236.295,236.794,0.150,-0.039
2017-03-31 13:53:00,236.555,236.733,1.000,818.000,236.65,236.80,10000.000,2500.000,236.60,236.80,323.000,935.000,236.60,236.85,7500.000,2500.000,236.55,236.85,1504.000,9846.000,25000.000,12500.000,236.502,236.955,236.530,236.900,0.025,0.010
2017-03-31 13:54:00,236.549,236.664,143.000,818.000,236.65,236.80,2500.000,2500.000,236.60,236.80,2.000,946.000,236.60,236.85,7500.000,5000.000,236.55,236.85,1096.000,9420.000,22500.000,22500.000,236.499,236.948,236.433,236.917,0.025,0.046
2017-03-31 13:55:00,236.673,236.641,13.000,24.000,236.70,236.75,2500.000,2500.000,236.60,236.70,2.000,1197.000,236.65,236.80,5000.000,2500.000,236.55,236.80,2736.000,6243.000,20000.000,20000.000,236.531,236.885,236.419,236.850,0.075,0.059
2017-03-31 13:56:00,236.693,236.631,155.000,444.000,236.60,236.70,2500.000,2500.000,236.60,236.65,1405.000,1852.000,236.55,236.75,10000.000,5000.000,236.55,236.70,9891.000,7283.000,27500.000,25000.000,236.453,236.815,236.432,236.825,0.025,0.082
2017-03-31 13:57:00,236.639,236.634,14.000,480.000,236.65,236.70,5000.000,5000.000,236.55,236.70,2.000,421.000,236.60,236.75,2500.000,2500.000,236.50,236.80,3186.000,5926.000,20000.000,20000.000,236.473,236.839,236.406,236.838,0.050,0.102
2017-03-31 13:58:00,236.665,236.597,15.000,639.000,236.65,236.75,2500.000,7500.000,236.55,236.70,2.000,358.000,236.60,236.80,2500.000,2500.000,236.45,236.75,3405.000,5833.000,17500.000,22500.000,236.485,236.881,236.379,236.800,0.075,0.084
2017-03-31 13:59:00,236.675,236.611,2.000,966.000,236.60,236.75,2500.000,7500.000,236.55,236.70,155.000,313.000,236.55,236.80,5000.000,5000.000,236.45,236.80,6748.000,8312.000,20000.000,27500.000,236.422,236.880,236.387,236.823,0.050,0.071
2017-03-31 14:00:00,236.552,236.457,431.000,100.000,236.50,236.60,2500.000,5000.000,236.45,236.60,1239.000,660.000,236.45,236.65,7500.000,5000.000,236.30,236.65,9508.000,7351.000,22500.000,30000.000,236.390,236.753,236.256,236.717,0.025,0.068
2017-03-31 14:01:00,236.718,236.541,785.000,283.000,236.55,236.65,2500.000,12500.000,236.50,236.70,3870.000,4.000,236.50,236.70,5000.000,2500.000,236.35,236.75,14485.000,2539.000,22500.000,32500.000,236.424,236.809,236.306,236.781,0.000,0.041
2017-03-31 14:02:00,236.639,236.535,356.000,467.000,236.50,236.55,2500.000,7500.000,236.55,236.70,883.000,482.000,236.45,236.60,2500.000,2500.000,236.50,236.75,10083.000,1279.000,15000.000,27500.000,236.385,236.613,236.375,236.800,-0.100,0.040
2017-03-31 14:03:00,236.546,236.567,870.000,217.000,236.50,236.55,2500.000,7500.000,236.55,236.70,494.000,484.000,236.45,236.60,5000.000,2500.000,236.50,236.75,8852.000,4791.000,20000.000,25000.000,236.392,236.711,236.350,236.800,-0.100,0.066
2017-03-31 14:04:00,236.588,236.589,1038.000,970.000,236.50,236.60,2500.000,7500.000,236.60,236.70,702.000,1158.000,236.45,236.70,5000.000,2500.000,236.55,236.75,10483.000,8992.000,17500.000,30000.000,236.388,236.754,236.457,236.804,-0.100,0.083
2017-03-31 14:05:00,236.632,236.550,232.000,420.000,236.55,236.60,2500.000,10000.000,236.50,236.70,795.000,100.000,236.50,236.65,5000.000,2500.000,236.45,236.75,10005.000,5716.000,17500.000,30000.000,236.395,236.733,236.393,236.800,-0.025,0.096
2017-03-31 14:06:00,236.558,236.518,1016.000,33.000,236.50,236.60,2500.000,7500.000,236.45,236.65,958.000,163.000,236.45,236.65,2500.000,7500.000,236.35,236.70,8838.000,6448.000,17500.000,25000.000,236.394,236.745,236.293,236.720,0.000,0.126
2017-03-31 14:07:00,236.658,236.555,15.000,393.000,236.55,236.60,2500.000,15000.000,236.50,236.70,936.000,720.000,236.50,236.65,7500.000,2500.000,236.45,236.75,10139.000,4344.000,20000.000,32500.000,236.395,236.719,236.381,236.769,-0.025,0.126
2017-03-31 14:08:00,236.643,236.537,2371.000,251.000,236.50,236.70,2500.000,10000.000,236.50,236.70,923.000,1334.000,236.45,236.75,5000.000,2500.000,236.45,236.75,11960.000,6774.000,17500.000,30000.000,236.401,236.832,236.371,236.800,0.000,0.133
2017-03-31 14:09:00,236.638,236.553,2924.000,378.000,236.50,236.70,5000.000,2500.000,236.55,236.65,1475.000,2140.000,236.45,236.75,2500.000,12500.000,236.50,236.70,12207.000,7533.000,17500.000,27500.000,236.411,236.807,236.400,236.764,-0.000,0.149
2017-03-31 14:10:00,236.686,236.539,590.000,358.000,236.60,236.70,5000.000,15000.000,236.55,236.70,454.000,340.000,236.55,236.75,2500.000,2500.000,236.50,236.80,8623.000,6047.000,17500.000,40000.000,236.455,236.842,236.400,236.841,0.025,0.148
2017-03-31 14:11:00,236.642,236.450,915.000,3315.000,236.50,236.70,2500.000,2500.000,236.50,236.55,1558.000,3786.000,236.45,236.75,2500.000,2500.000,236.40,236.60,11662.000,9881.000,15000.000,25000.000,236.388,236.759,236.350,236.680,0.075,0.158
2017-03-31 14:12:00,236.706,236.607,369.000,284.000,236.65,236.75,2500.000,12500.000,236.60,236.70,455.000,211.000,236.60,236.80,5000.000,5000.000,236.55,236.80,7071.000,7009.000,15000.000,35000.000,236.502,236.887,236.492,236.829,0.050,0.227
2017-03-31 14:13:00,236.785,236.641,1341.000,500.000,236.75,236.80,5000.000,5000.000,236.60,236.80,152.000,100.000,236.70,236.90,2500.000,2500.000,236.55,236.85,5418.000,5341.000,17500.000,25000.000,236.624,236.991,236.457,236.950,0.075,0.283
2017-03-31 14:14:00,236.938,236.771,786.000,285.000,236.95,237.10,5000.000,2500.000,236.75,236.95,725.000,404.000,236.90,237.15,5000.000,7500.000,236.65,237.00,5109.000,10464.000,20000.000,32500.000,236.822,237.254,236.619,237.100,0.175,0.318
2017-03-31 14:15:00,236.855,236.715,590.000,638.000,236.90,236.95,5000.000,2500.000,236.60,236.80,744.000,60.000,236.85,237.05,5000.000,2500.000,236.55,236.90,2444.000,5740.000,22500.000,20000.000,236.807,237.136,236.517,236.963,0.225,0.333
2017-03-31 14:16:00,237.014,236.774,1143.000,5.000,236.95,237.10,5000.000,2500.000,236.65,236.80,1062.000,822.000,236.90,237.20,2500.000,5000.000,236.60,236.85,7345.000,10096.000,25000.000,17500.000,236.820,237.275,236.490,236.950,0.300,0.327
2017-03-31 14:17:00,237.252,236.805,48.000,538.000,237.25,237.40,2500.000,2500.000,236.80,236.90,1741.000,1182.000,237.15,237.45,5000.000,5000.000,236.75,237.00,8715.000,16170.000,25000.000,27500.000,237.053,237.509,236.605,237.068,0.475,0.269
2017-03-31 14:18:00,237.325,236.903,914.000,407.000,237.25,237.45,2500.000,7500.000,236.90,237.00,1149.000,8244.000,237.20,237.50,5000.000,2500.000,236.85,237.10,8784.000,12665.000,20000.000,30000.000,237.096,237.536,236.719,237.133,0.400,0.230
2017-03-31 14:19:00,237.414,237.072,252.000,314.000,237.40,237.45,5000.000,5000.000,237.05,237.25,645.000,8194.000,237.35,237.50,2500.000,5000.000,237.00,237.30,4267.000,9431.000,20000.000,37500.000,237.280,237.507,236.956,237.360,0.275,0.203
2017-03-31 14:20:00,236.847,236.631,16.000,1337.000,236.90,237.00,2500.000,5000.000,236.55,236.80,60.000,635.000,236.85,237.05,2500.000,5000.000,236.50,236.85,2077.000,7826.000,15000.000,25000.000,236.727,237.189,236.442,236.895,0.275,0.214
2017-03-31 14:21:00,236.840,236.631,141.000,1928.000,236.85,236.95,2500.000,2500.000,236.60,236.80,43.000,1791.000,236.80,237.00,2500.000,2500.000,236.55,236.85,3602.000,9425.000,12500.000,20000.000,236.689,237.063,236.480,236.963,0.200,0.195
2017-03-31 14:22:00,236.568,236.410,701.000,1711.000,236.45,236.55,2500.000,5000.000,236.35,236.45,3554.000,1550.000,236.40,236.60,2500.000,7500.000,236.30,236.50,13565.000,6192.000,25000.000,25000.000,236.332,236.649,236.145,236.530,0.100,0.191
2017-03-31 14:23:00,236.575,236.347,41.000,1403.000,236.45,236.50,5000.000,7500.000,236.30,236.45,2566.000,133.000,236.35,236.55,2500.000,2500.000,236.25,236.50,10966.000,3124.000,17500.000,22500.000,236.257,236.585,236.200,236.550,0.100,0.174
2017-03-31 14:24:00,236.717,236.514,545.000,733.000,236.65,236.70,5000.000,7500.000,236.50,236.70,363.000,60.000,236.60,236.80,2500.000,2500.000,236.40,236.80,3714.000,2610.000,20000.000,35000.000,236.551,236.846,236.363,236.871,0.075,0.151
2017-03-31 14:25:00,236.869,236.594,1120.000,1653.000,236.70,236.90,2500.000,2500.000,236.60,236.80,874.000,304.000,236.65,236.95,7500.000,7500.000,236.50,236.85,10343.000,6367.000,25000.000,42500.000,236.566,237.001,236.405,236.971,0.100,0.138
2017-03-31 14:26:00,236.789,236.679,15.000,1129.000,236.80,236.85,2500.000,2500.000,236.70,236.80,2.000,377.000,236.75,236.90,7500.000,2500.000,236.50,236.85,3529.000,7927.000,17500.000,17500.000,236.629,236.964,236.486,236.957,0.075,0.158
2017-03-31 14:27:00,236.828,236.690,232.000,1214.000,236.80,236.90,2500.000,2500.000,236.70,236.85,216.000,370.000,236.75,236.95,2500.000,7500.000,236.55,237.00,3451.000,5319.000,17500.000,32500.000,236.655,237.012,236.500,237.054,0.075,0.173
2017-03-31 14:28:00,236.804,236.659,232.000,527.000,236.75,236.80,2500.000,2500.000,236.60,236.80,471.000,260.000,236.70,236.85,5000.000,2500.000,236.55,236.85,5645.000,4452.000,17500.000,25000.000,236.589,236.946,236.507,237.025,0.075,0.175
2017-03-31 14:29:00,236.807,236.719,14.000,1271.000,236.90,237.00,5000.000,2500.000,236.65,236.80,2.000,580.000,236.85,237.05,2500.000,2500.000,236.60,236.85,1103.000,8725.000,22500.000,22500.000,236.754,237.135,236.522,237.017,0.225,0.189
2017-03-31 14:30:00,236.801,236.594,979.000,453.000,236.75,236.80,2500.000,2500.000,236.50,236.70,985.000,60.000,236.65,236.85,2500.000,2500.000,236.40,236.75,7530.000,3967.000,22500.000,20000.000,236.569,236.963,236.333,236.819,0.175,0.193
2017-03-31 14:31:00,236.773,236.562,500.000,1873.000,236.70,236.80,2500.000,2500.000,236.55,236.75,1280.000,358.000,236.60,236.85,2500.000,2500.000,236.50,236.80,7704.000,5567.000,12500.000,17500.000,236.519,236.916,236.390,236.871,0.100,0.187
2017-03-31 14:32:00,236.678,236.466,515.000,467.000,236.60,236.70,2500.000,5000.000,236.45,236.65,152.000,150.000,236.55,236.75,2500.000,2500.000,236.40,236.70,3256.000,2603.000,17500.000,30000.000,236.479,236.801,236.286,236.779,0.100,0.184
2017-03-31 14:33:00,236.662,236.506,630.000,2686.000,236.60,236.75,2500.000,5000.000,236.55,236.70,152.000,633.000,236.55,236.80,2500.000,5000.000,236.50,236.75,5009.000,6732.000,12500.000,27500.000,236.479,236.844,236.390,236.814,0.050,0.165
2017-03-31 14:34:00,236.657,236.497,9.000,1666.000,236.55,236.60,2500.000,7500.000,236.50,236.70,1220.000,520.000,236.50,236.65,2500.000,5000.000,236.30,236.75,7282.000,3595.000,17500.000,27500.000,236.407,236.668,236.257,236.795,-0.025,0.143
2017-03-31 14:35:00,236.888,236.663,720.000,500.000,236.75,236.90,2500.000,2500.000,236.60,236.85,440.000,127.000,236.70,236.95,2500.000,2500.000,236.55,236.90,6401.000,3607.000,17500.000,30000.000,236.612,237.028,236.479,236.967,0.100,0.099
2017-03-31 14:36:00,236.750,236.568,3972.000,129.000,236.80,236.85,2500.000,2500.000,236.55,236.70,7.000,404.000,236.75,236.95,2500.000,2500.000,236.45,236.75,4716.000,7063.000,15000.000,20000.000,236.770,237.042,236.392,236.825,0.200,0.056
2017-03-31 14:37:00,237.035,236.836,15.000,1256.000,237.05,237.15,5000.000,2500.000,236.75,236.85,2.000,2074.000,237.00,237.20,2500.000,2500.000,236.70,236.95,4290.000,10124.000,20000.000,15000.000,236.848,237.245,236.650,237.008,0.300,0.023
2017-03-31 14:38:00,237.129,237.072,4.000,1009.000,237.15,237.25,7500.000,5000.000,237.00,237.25,661.000,60.000,237.10,237.30,2500.000,5000.000,236.80,237.30,3489.000,7017.000,32500.000,30000.000,237.030,237.392,236.773,237.367,0.075,0.004
2017-03-31 14:39:00,237.068,237.015,630.000,59.000,237.05,237.10,5000.000,2500.000,237.00,237.15,2397.000,200.000,237.00,237.20,2500.000,7500.000,236.95,237.20,5633.000,5612.000,17500.000,32500.000,236.943,237.314,236.907,237.308,-0.000,0.012
2017-03-31 14:40:00,237.065,237.062,818.000,118.000,237.05,237.20,5000.000,2500.000,237.00,237.15,2745.000,1104.000,237.00,237.25,2500.000,2500.000,236.95,237.20,6516.000,9700.000,15000.000,15000.000,236.952,237.341,236.917,237.258,0.050,0.023
2017-03-31 14:41:00,237.182,237.211,15.000,3930.000,237.25,237.30,2500.000,5000.000,237.20,237.30,2.000,836.000,237.20,237.35,2500.000,7500.000,237.15,237.40,9071.000,23329.000,20000.000,37500.000,237.022,237.444,237.081,237.467,0.025,0.022
2017-03-31 14:42:00,237.181,237.150,15.000,99.000,237.15,237.20,2500.000,5000.000,237.20,237.25,2.000,4292.000,237.10,237.25,2500.000,2500.000,237.10,237.30,8600.000,8863.000,20000.000,37500.000,237.016,237.318,237.031,237.417,-0.050,0.019
2017-03-31 14:43:00,237.140,237.176,15.000,127.000,237.15,237.20,2500.000,2500.000,237.15,237.25,2.000,16815.000,237.10,237.25,2500.000,2500.000,237.10,237.30,8959.000,24493.000,22500.000,25000.000,237.001,237.286,237.017,237.380,-0.025,0.014
2017-03-31 14:44:00,236.856,236.765,463.000,1638.000,236.70,236.90,2500.000,2500.000,236.70,236.90,782.000,648.000,236.65,236.95,2500.000,2500.000,236.55,236.95,5696.000,4766.000,22500.000,27500.000,236.546,236.981,236.478,237.045,0.000,-0.003
2017-03-31 14:45:00,236.772,236.717,15.000,254.000,236.70,236.75,5000.000,5000.000,236.65,236.85,1835.000,62.000,236.65,236.85,2500.000,2500.000,236.60,236.90,6811.000,4991.000,20000.000,25000.000,236.558,236.957,236.550,236.970,-0.025,-0.037
2017-03-31 14:46:00,236.751,236.782,588.000,1765.000,236.75,236.85,2500.000,2500.000,236.70,236.85,956.000,76.000,236.70,236.90,5000.000,2500.000,236.60,236.90,4646.000,7389.000,20000.000,15000.000,236.653,236.972,236.550,236.958,0.025,-0.032
2017-03-31 14:47:00,236.855,236.838,405.000,2636.000,236.80,236.85,7500.000,2500.000,236.60,236.90,1332.000,535.000,236.75,236.90,5000.000,2500.000,236.55,236.95,6546.000,5161.000,30000.000,12500.000,236.696,236.920,236.496,237.000,0.075,-0.020
2017-03-31 14:48:00,236.374,236.435,723.000,42.000,236.20,236.35,2500.000,7500.000,236.15,236.45,824.000,1060.000,236.15,236.40,2500.000,2500.000,236.10,236.50,7999.000,3610.000,45000.000,22500.000,236.045,236.465,236.011,236.556,-0.025,0.024
2017-03-31 14:49:00,236.173,236.171,30.000,721.000,236.25,236.30,5000.000,2500.000,236.05,236.20,367.000,341.000,236.15,236.35,30000.000,2500.000,236.00,236.25,3887.000,10667.000,45000.000,15000.000,236.025,236.440,235.964,236.308,0.150,0.038
2017-03-31 14:50:00,236.339,236.450,1502.000,60.000,236.20,236.40,2500.000,2500.000,236.15,236.45,573.000,575.000,236.15,236.45,5000.000,5000.000,236.10,236.50,8145.000,5550.000,45000.000,15000.000,236.061,236.555,236.017,236.550,0.000,0.049
2017-03-31 14:51:00,236.420,236.429,915.000,132.000,236.35,236.45,5000.000,2500.000,236.30,236.50,352.000,1542.000,236.30,236.50,5000.000,2500.000,236.25,236.55,5235.000,3807.000,20000.000,15000.000,236.239,236.574,236.219,236.642,-0.000,0.031
2017-03-31 14:52:00,236.665,236.588,803.000,2176.000,236.60,236.75,2500.000,2500.000,236.50,236.75,366.000,269.000,236.55,236.80,2500.000,2500.000,236.45,236.80,3680.000,4854.000,15000.000,15000.000,236.479,236.841,236.308,236.850,0.050,0.004
2017-03-31 14:53:00,236.814,236.652,272.000,86.000,236.85,236.95,5000.000,7500.000,236.70,236.95,2.000,3501.000,236.80,237.00,5000.000,2500.000,236.65,237.00,1267.000,5686.000,17500.000,40000.000,236.719,237.046,236.586,237.106,0.075,-0.044
2017-03-31 14:54:00,237.129,237.060,60.000,250.000,237.15,237.20,5000.000,2500.000,237.05,237.20,914.000,15752.000,237.10,237.25,2500.000,5000.000,236.95,237.30,5167.000,19210.000,15000.000,22500.000,237.028,237.273,236.933,237.361,0.050,-0.040
2017-03-31 14:55:00,236.847,236.900,241.000,141.000,236.95,237.05,2500.000,5000.000,236.90,237.00,760.000,3540.000,236.90,237.10,5000.000,2500.000,236.80,237.05,4709.000,22580.000,15000.000,20000.000,236.821,237.222,236.767,237.106,0.050,-0.027
2017-03-31 14:56:00,236.840,236.938,209.000,1142.000,237.00,237.05,2500.000,2500.000,236.85,237.00,15.000,214.000,236.95,237.10,5000.000,2500.000,236.80,237.10,1383.000,22970.000,17500.000,15000.000,236.842,237.232,236.736,237.150,0.100,-0.015
2017-03-31 14:57:00,236.976,237.036,623.000,4255.000,237.00,237.20,5000.000,5000.000,237.00,237.20,456.000,16091.000,236.95,237.25,2500.000,2500.000,236.95,237.25,3693.000,26373.000,17500.000,27500.000,236.883,237.271,236.914,237.323,0.000,0.003
2017-03-31 14:58:00,236.833,236.912,871.000,6.000,236.85,236.90,2500.000,2500.000,236.85,237.00,212.000,99.000,236.80,237.00,5000.000,2500.000,236.80,237.10,3338.000,4236.000,17500.000,15000.000,236.732,237.141,236.664,237.150,-0.050,0.012
2017-03-31 14:59:00,236.866,236.774,601.000,1.000,236.85,236.95,5000.000,7500.000,236.80,237.00,1422.000,101.000,236.80,237.00,2500.000,2500.000,236.55,237.05,4040.000,4025.000,20000.000,27500.000,236.764,237.104,236.531,237.109,-0.000,-0.025
2017-03-31 15:00:00,236.844,236.837,758.000,6.000,236.85,236.90,2500.000,2500.000,236.80,236.95,2097.000,853.000,236.80,237.00,2500.000,5000.000,236.75,237.00,4929.000,5538.000,17500.000,20000.000,236.776,237.108,236.621,237.100,0.000,-0.037
2017-03-31 15:01:00,236.852,236.887,98.000,992.000,237.00,237.05,2500.000,2500.000,236.90,237.15,64.000,2940.000,236.95,237.10,2500.000,10000.000,236.85,237.20,1051.000,23713.000,12500.000,45000.000,236.844,237.214,236.770,237.289,0.000,-0.041
2017-03-31 15:02:00,236.954,236.925,289.000,17521.000,237.00,237.05,7500.000,2500.000,236.85,237.00,12.000,859.000,236.95,237.10,2500.000,5000.000,236.80,237.10,1137.000,27979.000,20000.000,20000.000,236.864,237.105,236.762,237.150,0.100,-0.059
2017-03-31 15:03:00,236.716,236.750,1124.000,1157.000,236.80,236.90,2500.000,5000.000,236.80,236.95,1045.000,381.000,236.75,236.95,2500.000,2500.000,236.70,237.00,4068.000,20639.000,12500.000,22500.000,236.717,237.037,236.610,237.067,-0.025,-0.087
2017-03-31 15:04:00,236.641,236.736,911.000,1.000,236.75,236.80,2500.000,5000.000,236.75,237.00,173.000,1356.000,236.70,236.90,2500.000,2500.000,236.70,237.05,4135.000,17674.000,12500.000,32500.000,236.616,237.036,236.620,237.115,-0.100,-0.081
2017-03-31 15:05:00,236.734,236.785,22.000,2555.000,236.80,236.90,2500.000,2500.000,236.80,237.00,1625.000,147.000,236.75,236.95,5000.000,2500.000,236.75,237.05,4638.000,20344.000,15000.000,27500.000,236.683,237.031,236.692,237.136,-0.050,-0.132
2017-03-31 15:06:00,236.785,236.838,480.000,6.000,236.75,236.80,5000.000,5000.000,236.85,237.05,824.000,2500.000,236.70,236.85,2500.000,7500.000,236.80,237.10,6195.000,5136.000,15000.000,37500.000,236.651,236.902,236.758,237.183,-0.175,-0.172
2017-03-31 15:07:00,236.764,236.825,11.000,6.000,236.70,236.75,2500.000,2500.000,236.85,236.95,3039.000,567.000,236.65,236.85,2500.000,2500.000,236.75,237.05,8062.000,6305.000,20000.000,25000.000,236.569,236.949,236.662,237.135,-0.175,-0.222
2017-03-31 15:08:00,236.735,236.912,2444.000,6.000,236.75,236.80,2500.000,2500.000,236.85,236.95,642.000,575.000,236.70,236.85,2500.000,2500.000,236.80,237.00,5904.000,6256.000,17500.000,15000.000,236.669,236.952,236.743,237.058,-0.125,-0.241
2017-03-31 15:09:00,236.653,236.719,12.000,264.000,236.70,236.75,5000.000,2500.000,236.70,236.90,21.000,2500.000,236.65,236.80,2500.000,2500.000,236.65,236.95,1230.000,5327.000,15000.000,25000.000,236.522,236.861,236.592,237.030,-0.075,-0.275
2017-03-31 15:10:00,236.329,236.635,949.000,6.000,236.30,236.40,2500.000,2500.000,236.55,236.75,380.000,910.000,236.25,236.50,2500.000,5000.000,236.50,236.80,4185.000,4822.000,15000.000,17500.000,236.208,236.595,236.450,236.850,-0.300,-0.255
2017-03-31 15:11:00,236.192,236.443,3.000,874.000,236.25,236.35,2500.000,7500.000,236.35,236.55,99.000,1803.000,236.20,236.40,7500.000,2500.000,236.30,236.60,1036.000,7434.000,17500.000,20000.000,236.076,236.455,236.264,236.662,-0.150,-0.262
2017-03-31 15:12:00,236.202,236.514,1122.000,60.000,236.00,236.15,2500.000,2500.000,236.35,236.55,1362.000,19.000,235.95,236.20,2500.000,7500.000,236.25,236.80,6114.000,1236.000,22500.000,22500.000,235.879,236.287,236.178,236.844,-0.375,-0.185
2017-03-31 15:13:00,236.064,236.335,859.000,229.000,236.00,236.05,2500.000,7500.000,236.25,236.40,228.000,100.000,235.95,236.10,5000.000,7500.000,236.20,236.50,5289.000,3069.000,17500.000,25000.000,235.853,236.216,236.143,236.530,-0.300,-0.086
2017-03-31 15:14:00,235.972,236.207,745.000,1.000,235.85,235.90,2500.000,2500.000,236.15,236.25,2750.000,878.000,235.80,236.10,5000.000,5000.000,236.05,236.30,7881.000,5203.000,45000.000,27500.000,235.733,236.201,236.006,236.377,-0.325,-0.029
2017-03-31 15:15:00,236.254,236.461,1286.000,387.000,236.15,236.20,2500.000,2500.000,236.45,236.50,1320.000,211.000,236.10,236.35,2500.000,5000.000,236.30,236.55,9957.000,6048.000,17500.000,17500.000,236.024,236.451,236.236,236.679,-0.300,0.011
2017-03-31 15:16:00,236.413,236.697,512.000,122.000,236.50,236.55,2500.000,7500.000,236.60,236.80,60.000,295.000,236.45,236.70,2500.000,5000.000,236.55,236.90,1800.000,5957.000,17500.000,25000.000,236.402,236.828,236.493,236.915,-0.175,0.048
2017-03-31 15:17:00,236.949,236.879,482.000,57.000,237.00,237.05,5000.000,2500.000,236.85,237.00,211.000,200.000,236.90,237.10,7500.000,5000.000,236.80,237.10,3878.000,5547.000,22500.000,25000.000,236.818,237.219,236.739,237.185,0.100,-0.081
2017-03-31 15:18:00,237.116,236.893,221.000,250.000,237.05,237.10,2500.000,2500.000,236.90,236.95,2475.000,35.000,237.00,237.15,5000.000,2500.000,236.75,237.00,3531.000,1149.000,17500.000,17500.000,236.979,237.200,236.707,237.100,0.150,-0.237
2017-03-31 15:19:00,237.020,236.970,897.000,293.000,237.00,237.05,2500.000,7500.000,236.85,237.05,1398.000,20.000,236.95,237.10,7500.000,2500.000,236.80,237.10,2835.000,2077.000,20000.000,17500.000,236.943,237.204,236.731,237.121,0.075,-0.409
2017-03-31 15:20:00,237.094,237.097,13.000,135.000,237.25,237.30,10000.000,2500.000,236.95,237.20,13.000,399.000,237.20,237.35,2500.000,2500.000,236.90,237.25,1588.000,8178.000,27500.000,20000.000,237.053,237.478,236.859,237.319,0.200,-0.428
2017-03-31 15:21:00,236.696,236.796,3212.000,109.000,236.65,236.75,5000.000,2500.000,236.70,236.85,300.000,4659.000,236.60,236.80,2500.000,2500.000,236.65,236.90,5559.000,5606.000,17500.000,12500.000,236.594,236.813,236.614,236.950,-0.075,-0.447
2017-03-31 15:22:00,236.118,236.693,843.000,1.000,236.05,236.10,2500.000,7500.000,236.60,236.80,645.000,307.000,236.00,236.30,2500.000,2500.000,236.50,236.95,2207.000,1757.000,22500.000,32500.000,235.984,236.359,236.411,236.981,-0.625,-0.395
2017-03-31 15:23:00,236.112,236.668,122.000,13.000,235.95,236.00,7500.000,2500.000,236.50,236.65,2836.000,392.000,235.90,236.15,2500.000,5000.000,236.45,236.85,6671.000,2527.000,25000.000,17500.000,235.824,236.233,236.395,236.886,-0.600,-0.302
2017-03-31 15:24:00,235.879,236.690,654.000,1.000,235.90,236.00,5000.000,5000.000,236.50,236.85,64.000,221.000,235.85,236.05,2500.000,2500.000,236.45,236.90,1477.000,2312.000,30000.000,30000.000,235.831,236.143,236.367,236.954,-0.725,-0.140
2017-03-31 15:25:00,236.677,236.774,8.000,135.000,236.55,236.60,5000.000,7500.000,236.75,236.95,5138.000,400.000,236.50,236.70,2500.000,7500.000,236.70,237.00,6659.000,1324.000,17500.000,35000.000,236.466,236.737,236.650,237.064,-0.275,-0.160
2017-03-31 15:26:00,236.633,236.832,19.000,65.000,236.45,236.50,2500.000,7500.000,236.80,236.90,390.000,159.000,236.40,236.55,2500.000,5000.000,236.75,236.95,6386.000,909.000,17500.000,25000.000,236.275,236.614,236.643,236.975,-0.375,-0.160
2017-03-31 15:27:00,236.577,236.887,5512.000,207.000,236.50,236.55,5000.000,10000.000,236.80,236.85,166.000,50.000,236.45,236.60,10000.000,5000.000,236.75,237.00,9015.000,1042.000,27500.000,22500.000,236.450,236.673,236.686,236.967,-0.300,-0.160
2017-03-31 15:28:00,236.849,236.944,328.000,124.000,237.00,237.10,2500.000,7500.000,236.80,237.10,150.000,24.000,236.85,237.15,7500.000,2500.000,236.75,237.15,772.000,1519.000,22500.000,22500.000,236.825,237.324,236.667,237.189,0.100,-0.160
2017-03-31 15:29:00,237.009,237.009,7.000,569.000,237.15,237.25,2500.000,5000.000,236.90,237.15,5951.000,65.000,237.00,237.30,2500.000,2500.000,236.85,237.20,7306.000,6734.000,20000.000,22500.000,236.954,237.457,236.787,237.267,0.175,-0.160
2017-03-31 15:30:00,236.889,237.085,6893.000,478.000,237.00,237.20,2500.000,15000.000,237.00,237.30,1556.000,258.000,236.50,237.25,2500.000,2500.000,236.95,237.35,8902.000,4099.000,17500.000,32500.000,236.868,237.360,236.843,237.373,-0.050,-0.160
2017-04-03 09:16:00,241.605,242.106,638.000,779.000,241.40,241.85,5000.000,2500.000,241.50,242.30,570.000,2761.000,241.35,242.00,5000.000,2500.000,241.40,242.35,2798.000,4343.000,30000.000,12500.000,241.213,242.004,241.271,242.420,-0.275,0.078
2017-04-03 09:17:00,240.887,240.729,60.000,30.000,240.85,241.00,2500.000,5000.000,240.60,240.85,978.000,2418.000,240.80,241.05,5000.000,2500.000,240.50,241.00,2564.000,4894.000,15000.000,15000.000,240.738,241.122,240.367,241.050,0.200,0.025
2017-04-03 09:18:00,240.457,240.503,160.000,408.000,240.20,240.40,2500.000,5000.000,240.10,240.50,676.000,826.000,240.15,240.45,12500.000,5000.000,240.00,241.00,8254.000,2284.000,22500.000,20000.000,240.045,240.500,239.961,240.925,0.000,-0.028
2017-04-03 09:19:00,240.906,240.923,987.000,418.000,240.75,240.90,2500.000,2500.000,240.90,241.05,950.000,766.000,240.70,240.95,2500.000,2500.000,240.70,241.10,6993.000,3370.000,15000.000,12500.000,240.630,240.980,240.642,241.150,-0.150,-0.054
2017-04-03 09:20:00,241.011,240.786,965.000,10.000,240.80,240.95,2500.000,2500.000,240.60,240.90,688.000,360.000,240.75,241.00,2500.000,2500.000,240.55,240.95,4667.000,955.000,20000.000,15000.000,240.636,241.055,240.431,241.058,0.125,-0.124
2017-04-03 09:21:00,241.380,241.312,110.000,722.000,241.20,241.45,2500.000,10000.000,241.25,241.50,505.000,1018.000,241.15,241.50,5000.000,2500.000,241.20,241.60,8342.000,6630.000,15000.000,27500.000,241.035,241.565,241.133,241.618,-0.050,-0.175
2017-04-03 09:22:00,241.240,241.347,155.000,572.000,241.20,241.35,2500.000,2500.000,241.15,241.50,110.000,358.000,241.15,241.40,2500.000,2500.000,241.10,241.60,4340.000,6159.000,17500.000,20000.000,241.047,241.495,241.043,241.694,-0.050,-0.182
2017-04-03 09:23:00,241.115,241.424,1321.000,895.000,241.10,241.30,5000.000,2500.000,241.25,241.40,720.000,1963.000,241.05,241.35,2500.000,2500.000,241.20,241.45,10849.000,18243.000,32500.000,15000.000,241.005,241.451,241.085,241.533,-0.125,-0.157
2017-04-03 09:24:00,241.277,241.425,621.000,304.000,241.15,241.35,2500.000,5000.000,241.30,241.60,2348.000,1156.000,241.10,241.40,2500.000,5000.000,241.20,241.65,10523.000,7586.000,20000.000,25000.000,241.032,241.489,241.125,241.700,-0.200,-0.204
2017-04-03 09:25:00,241.711,241.837,171.000,747.000,241.70,241.75,2500.000,2500.000,241.75,241.95,55.000,515.000,241.65,241.80,5000.000,5000.000,241.70,242.05,8038.000,10922.000,17500.000,20000.000,241.528,241.894,241.614,242.162,-0.125,-0.231
2017-04-03 09:26:00,241.428,241.617,10.000,190.000,241.40,241.50,2500.000,5000.000,241.60,241.75,358.000,6.000,241.35,241.55,2500.000,2500.000,241.50,241.80,4382.000,6054.000,17500.000,27500.000,241.257,241.628,241.407,241.895,-0.225,-0.263
2017-04-03 09:27:00,241.278,241.417,3001.000,28.000,241.15,241.25,5000.000,5000.000,241.35,241.60,3338.000,431.000,241.10,241.30,2500.000,5000.000,241.30,241.65,16450.000,3960.000,17500.000,27500.000,241.053,241.408,241.264,241.736,-0.275,-0.301
2017-04-03 09:28:00,241.204,241.386,1437.000,103.000,241.05,241.10,5000.000,2500.000,241.30,241.55,11287.000,10.000,241.00,241.20,5000.000,2500.000,241.20,241.60,19945.000,2318.000,20000.000,25000.000,240.959,241.279,241.169,241.765,-0.350,-0.290
2017-04-03 09:29:00,240.941,241.323,2689.000,831.000,240.80,241.00,5000.000,2500.000,241.20,241.40,3094.000,742.000,240.75,241.05,2500.000,5000.000,241.05,241.50,8505.000,4250.000,22500.000,15000.000,240.735,241.106,241.017,241.533,-0.400,-0.253
2017-04-03 09:30:00,240.895,241.157,280.000,80.000,240.95,241.05,5000.000,5000.000,241.10,241.40,100.000,489.000,240.90,241.10,7500.000,2500.000,241.05,241.55,2982.000,7134.000,22500.000,35000.000,240.816,241.225,241.011,241.629,-0.250,-0.217
2017-04-03 09:31:00,240.952,241.304,3922.000,143.000,240.80,240.90,2500.000,2500.000,241.10,241.45,1285.000,5.000,240.75,240.95,2500.000,2500.000,241.05,241.50,12255.000,1919.000,20000.000,15000.000,240.704,241.032,240.988,241.558,-0.425,-0.186
2017-04-03 09:32:00,240.646,240.972,260.000,1000.000,240.55,240.60,10000.000,2500.000,240.80,241.00,1260.000,40.000,240.50,240.65,2500.000,2500.000,240.75,241.05,8038.000,3840.000,30000.000,15000.000,240.402,240.719,240.658,241.167,-0.325,-0.147
2017-04-03 09:33:00,240.689,240.814,320.000,518.000,240.50,240.65,2500.000,2500.000,240.80,241.00,792.000,391.000,240.40,240.70,2500.000,2500.000,240.75,241.10,11544.000,3648.000,12500.000,22500.000,240.298,240.783,240.670,241.217,-0.325,-0.161
2017-04-03 09:34:00,240.660,240.858,2719.000,427.000,240.50,240.55,5000.000,5000.000,240.70,240.95,60.000,881.000,240.40,240.65,5000.000,7500.000,240.60,241.00,10966.000,2683.000,25000.000,20000.000,240.320,240.680,240.555,241.044,-0.300,-0.187
2017-04-03 09:35:00,240.792,240.871,23.000,85.000,240.65,240.75,5000.000,10000.000,240.80,241.00,31.000,1055.000,240.60,240.80,5000.000,2500.000,240.75,241.15,13493.000,4853.000,20000.000,32500.000,240.504,240.898,240.694,241.200,-0.200,-0.217
2017-04-03 09:36:00,240.600,240.797,60.000,234.000,240.45,240.50,2500.000,2500.000,240.75,240.90,1130.000,1057.000,240.40,240.60,2500.000,2500.000,240.70,240.95,11055.000,4560.000,15000.000,22500.000,240.287,240.671,240.642,241.006,-0.350,-0.240
2017-04-03 09:37:00,240.682,240.817,415.000,304.000,240.65,240.70,5000.000,17500.000,240.70,240.95,27.000,452.000,240.60,240.75,2500.000,12500.000,240.65,241.00,3065.000,2652.000,22500.000,37500.000,240.467,240.814,240.572,241.013,-0.150,-0.278
2017-04-03 09:38:00,240.949,241.147,6583.000,304.000,240.90,240.95,2500.000,2500.000,241.10,241.25,110.000,2106.000,240.85,241.00,2500.000,2500.000,241.05,241.30,11490.000,4887.000,17500.000,20000.000,240.837,241.051,240.986,241.488,-0.250,-0.285
2017-04-03 09:39:00,240.586,240.915,1829.000,357.000,240.50,240.65,2500.000,2500.000,240.80,240.90,399.000,1146.000,240.45,240.70,5000.000,2500.000,240.70,241.10,7267.000,5413.000,17500.000,15000.000,240.403,240.780,240.657,241.133,-0.275,-0.264
2017-04-03 09:40:00,240.738,240.963,412.000,13.000,240.65,240.80,2500.000,2500.000,240.85,241.00,961.000,303.000,240.60,240.85,5000.000,5000.000,240.80,241.20,9667.000,7764.000,17500.000,20000.000,240.500,240.977,240.721,241.238,-0.200,-0.305
2017-04-03 09:41:00,240.985,241.300,909.000,125.000,240.90,240.95,5000.000,2500.000,241.25,241.35,1559.000,775.000,240.85,241.00,5000.000,2500.000,241.10,241.40,9348.000,2855.000,22500.000,17500.000,240.802,241.074,241.072,241.536,-0.375,-0.324
2017-04-03 09:42:00,240.864,241.186,74.000,125.000,240.75,240.80,5000.000,2500.000,241.00,241.30,1063.000,502.000,240.70,240.85,2500.000,2500.000,240.95,241.35,10540.000,2633.000,20000.000,15000.000,240.620,240.951,240.912,241.417,-0.375,-0.361
2017-04-03 09:43:00,240.748,240.979,4002.000,25.000,240.65,240.75,10000.000,5000.000,240.85,241.00,315.000,623.000,240.60,240.80,2500.000,2500.000,240.80,241.20,15032.000,5589.000,20000.000,15000.000,240.511,240.892,240.787,241.183,-0.225,-0.455
2017-04-03 09:44:00,240.677,240.905,305.000,94.000,240.45,240.50,2500.000,2500.000,240.70,240.95,60.000,50.000,240.40,240.55,2500.000,7500.000,240.65,241.00,5793.000,760.000,27500.000,20000.000,240.273,240.668,240.564,241.075,-0.350,-0.568
2017-04-03 09:45:00,240.733,241.164,1320.000,458.000,240.60,240.80,5000.000,2500.000,241.10,241.35,1963.000,408.000,240.55,240.85,2500.000,2500.000,241.05,241.40,9838.000,5717.000,15000.000,20000.000,240.498,240.958,241.000,241.500,-0.525,-0.652
2017-04-03 09:46:00,240.707,241.118,561.000,100.000,240.50,240.70,5000.000,2500.000,240.90,241.20,247.000,434.000,240.45,240.75,2500.000,10000.000,240.85,241.30,6272.000,2062.000,22500.000,20000.000,240.376,240.847,240.789,241.344,-0.450,-0.735
2017-04-03 09:47:00,240.818,241.322,1854.000,706.000,240.75,240.95,2500.000,2500.000,241.35,241.45,1031.000,4939.000,240.70,241.00,2500.000,7500.000,241.30,241.50,6689.000,9089.000,12500.000,27500.000,240.663,241.043,241.220,241.550,-0.550,-0.791
2017-04-03 09:48:00,240.998,241.700,50.000,990.000,240.95,241.00,7500.000,2500.000,241.60,241.75,2500.000,1050.000,240.90,241.05,10000.000,2500.000,241.55,241.80,8454.000,6806.000,42500.000,25000.000,240.807,241.132,241.521,241.870,-0.700,-0.821
2017-04-03 09:49:00,241.077,241.871,1120.000,28.000,241.10,241.15,2500.000,7500.000,241.85,242.00,156.000,1539.000,241.05,241.20,2500.000,12500.000,241.80,242.10,4675.000,7361.000,17500.000,42500.000,241.020,241.271,241.729,242.141,-0.800,-0.829
2017-04-03 09:50:00,241.036,241.886,50.000,503.000,241.00,241.15,2500.000,5000.000,241.85,241.95,1492.000,2045.000,240.95,241.20,2500.000,15000.000,241.80,242.00,5412.000,8938.000,22500.000,40000.000,240.867,241.264,241.728,242.066,-0.825,-0.795
2017-04-03 09:51:00,240.979,241.806,1168.000,205.000,240.90,241.00,2500.000,2500.000,241.70,241.85,1009.000,61.000,240.85,241.05,5000.000,2500.000,241.65,241.90,10488.000,6422.000,57500.000,47500.000,240.782,241.149,241.539,241.992,-0.825,-0.783
2017-04-03 09:52:00,241.047,241.827,2402.000,123.000,241.00,241.10,2500.000,2500.000,241.80,241.90,6152.000,2650.000,240.95,241.15,5000.000,2500.000,241.75,241.95,13419.000,10578.000,35000.000,40000.000,240.918,241.225,241.625,242.012,-0.800,-0.764
2017-04-03 09:53:00,241.123,241.976,1097.000,120.000,241.05,241.10,2500.000,2500.000,241.70,241.95,2043.000,456.000,241.00,241.25,7500.000,15000.000,241.65,242.00,10146.000,7309.000,62500.000,30000.000,240.964,241.336,241.542,242.058,-0.750,-0.736
2017-04-03 09:54:00,241.067,241.901,8199.000,1251.000,241.10,241.30,7500.000,5000.000,241.70,241.95,1124.000,2036.000,241.05,241.35,15000.000,15000.000,241.65,242.00,10548.000,21842.000,70000.000,42500.000,241.081,241.455,241.555,242.068,-0.625,-0.704
2017-04-03 09:55:00,241.162,241.843,6688.000,95.000,241.15,241.20,5000.000,2500.000,241.75,241.95,2365.000,51.000,241.10,241.25,7500.000,15000.000,241.70,242.00,12775.000,7912.000,32500.000,35000.000,241.098,241.407,241.646,242.054,-0.675,-0.716
2017-04-03 09:56:00,241.147,241.912,3703.000,2.000,241.15,241.20,2500.000,7500.000,241.70,241.95,2306.000,64.000,241.10,241.25,7500.000,12500.000,241.65,242.00,8695.000,5596.000,55000.000,35000.000,241.093,241.374,241.548,242.036,-0.650,-0.705
2017-04-03 09:57:00,241.151,241.837,3605.000,2951.000,241.15,241.20,2500.000,5000.000,241.75,241.80,1831.000,797.000,241.10,241.25,5000.000,2500.000,241.70,241.95,9012.000,10021.000,30000.000,27500.000,241.082,241.303,241.625,241.991,-0.600,-0.719
2017-04-03 09:58:00,241.101,241.811,50.000,1933.000,241.15,241.20,5000.000,2500.000,241.65,241.85,1446.000,56.000,241.05,241.25,2500.000,2500.000,241.60,241.95,4535.000,7611.000,47500.000,35000.000,240.997,241.332,241.524,242.021,-0.575,-0.725
2017-04-03 09:59:00,241.105,241.780,1088.000,209.000,241.05,241.10,7500.000,2500.000,241.65,241.90,2146.000,1.000,241.00,241.15,7500.000,7500.000,241.55,241.95,5752.000,2735.000,50000.000,37500.000,240.963,241.218,241.515,242.007,-0.700,-0.717
2017-04-03 10:00:00,241.062,241.807,570.000,1032.000,241.05,241.10,2500.000,2500.000,241.70,241.85,1836.000,2718.000,241.00,241.20,2500.000,7500.000,241.65,241.90,4857.000,7451.000,37500.000,35000.000,240.949,241.250,241.537,241.964,-0.700,-0.698
2017-04-03 10:01:00,240.987,241.698,1142.000,2.000,241.00,241.05,5000.000,5000.000,241.60,241.80,252.000,2151.000,240.95,241.10,5000.000,2500.000,241.55,241.85,4062.000,6309.000,42500.000,37500.000,240.890,241.174,241.500,241.930,-0.675,-0.671
2017-04-03 10:02:00,240.843,241.596,1849.000,114.000,240.85,241.00,15000.000,2500.000,241.50,241.65,1612.000,684.000,240.80,241.05,2500.000,5000.000,241.45,241.80,6188.000,10090.000,32500.000,27500.000,240.776,241.148,241.404,241.845,-0.650,-0.648
2017-04-03 10:03:00,240.814,241.556,1120.000,5.000,240.85,240.90,2500.000,2500.000,241.45,241.60,254.000,8235.000,240.80,241.00,7500.000,5000.000,241.40,241.70,4221.000,15582.000,25000.000,20000.000,240.756,241.045,241.305,241.762,-0.650,-0.616
2017-04-03 10:04:00,240.801,241.434,1.000,3108.000,240.85,240.95,7500.000,5000.000,241.30,241.55,123.000,5469.000,240.80,241.00,5000.000,2500.000,241.25,241.60,2173.000,17121.000,25000.000,22500.000,240.730,241.033,241.225,241.689,-0.525,-0.620
2017-04-03 10:05:00,240.561,241.213,150.000,8.000,240.55,240.60,2500.000,30000.000,241.10,241.20,3072.000,437.000,240.50,240.65,2500.000,2500.000,241.05,241.35,7212.000,6491.000,35000.000,42500.000,240.441,240.754,241.000,241.265,-0.575,-0.601
2017-04-03 10:06:00,240.785,241.362,1427.000,2610.000,240.65,240.70,7500.000,5000.000,241.30,241.50,1496.000,150.000,240.60,240.80,5000.000,2500.000,241.25,241.55,11414.000,4377.000,25000.000,27500.000,240.529,240.794,241.220,241.636,-0.725,-0.598
2017-04-03 10:07:00,240.732,241.367,927.000,3452.000,240.65,240.85,5000.000,2500.000,241.30,241.45,1157.000,270.000,240.60,240.90,7500.000,5000.000,241.20,241.50,10999.000,14283.000,25000.000,20000.000,240.514,240.963,241.170,241.556,-0.625,-0.572
2017-04-03 10:08:00,240.729,241.312,230.000,1046.000,240.70,240.80,5000.000,2500.000,241.25,241.40,742.000,3495.000,240.65,240.85,10000.000,5000.000,241.20,241.45,8023.000,12796.000,22500.000,20000.000,240.527,240.923,241.178,241.519,-0.575,-0.586
2017-04-03 10:09:00,240.688,241.343,579.000,1988.000,240.60,240.80,10000.000,2500.000,241.20,241.35,558.000,1129.000,240.55,240.85,2500.000,5000.000,241.15,241.40,10557.000,11493.000,37500.000,20000.000,240.479,240.925,241.073,241.456,-0.575,-0.559
2017-04-03 10:10:00,240.696,241.252,756.000,320.000,240.65,240.70,10000.000,10000.000,241.10,241.25,528.000,1965.000,240.60,240.80,5000.000,2500.000,241.05,241.30,6860.000,7108.000,40000.000,25000.000,240.521,240.873,241.016,241.380,-0.500,-0.542
2017-04-03 10:11:00,240.773,241.333,10.000,90.000,240.70,240.80,5000.000,2500.000,241.15,241.35,1107.000,530.000,240.65,240.85,5000.000,2500.000,241.10,241.40,8358.000,7323.000,32500.000,20000.000,240.529,240.954,241.035,241.531,-0.500,-0.546
2017-04-03 10:12:00,240.748,241.253,748.000,200.000,240.70,240.85,2500.000,2500.000,241.10,241.35,880.000,611.000,240.65,240.90,2500.000,5000.000,241.05,241.40,8631.000,12044.000,25000.000,20000.000,240.543,240.988,241.000,241.475,-0.450,-0.512
2017-04-03 10:13:00,240.747,241.400,507.000,810.000,240.75,240.95,2500.000,2500.000,241.15,241.40,250.000,4071.000,240.70,241.00,5000.000,2500.000,241.10,241.55,3545.000,11556.000,35000.000,20000.000,240.642,241.048,241.021,241.600,-0.425,-0.480
2017-04-03 10:14:00,240.690,241.210,1137.000,103.000,240.65,240.80,7500.000,2500.000,241.05,241.30,628.000,621.000,240.60,240.85,15000.000,5000.000,241.00,241.35,8016.000,10872.000,30000.000,20000.000,240.523,240.936,240.988,241.469,-0.450,-0.459
2017-04-03 10:15:00,240.701,241.170,273.000,161.000,240.65,240.70,2500.000,2500.000,241.10,241.20,438.000,100.000,240.60,240.75,7500.000,5000.000,241.05,241.30,9361.000,7176.000,32500.000,25000.000,240.502,240.842,240.992,241.370,-0.475,-0.490
2017-04-03 10:16:00,240.630,241.213,767.000,722.000,240.55,240.80,2500.000,7500.000,241.05,241.30,4600.000,494.000,240.50,240.85,12500.000,2500.000,241.00,241.45,11000.000,13597.000,30000.000,27500.000,240.453,240.935,240.912,241.464,-0.500,-0.509
2017-04-03 10:17:00,240.526,240.863,4520.000,969.000,240.50,240.60,2500.000,5000.000,240.80,241.05,2150.000,3007.000,240.45,240.65,2500.000,10000.000,240.75,241.10,8110.000,7518.000,12500.000,25000.000,240.466,240.690,240.700,241.145,-0.375,-0.581
2017-04-03 10:18:00,240.579,241.071,3341.000,280.000,240.50,240.60,2500.000,5000.000,241.00,241.10,2100.000,103.000,240.45,240.65,2500.000,5000.000,240.90,241.30,10237.000,4736.000,15000.000,20000.000,240.427,240.723,240.850,241.319,-0.500,-0.636
2017-04-03 10:19:00,240.623,241.036,150.000,1.000,240.55,240.60,2500.000,2500.000,241.00,241.20,2425.000,767.000,240.50,240.75,5000.000,2500.000,240.90,241.25,9232.000,7928.000,15000.000,20000.000,240.428,240.858,240.867,241.312,-0.525,-0.704
2017-04-03 10:20:00,240.672,241.298,33.000,40.000,240.65,240.75,2500.000,2500.000,241.15,241.35,150.000,401.000,240.60,240.80,2500.000,5000.000,241.10,241.40,6250.000,7783.000,35000.000,22500.000,240.485,240.923,241.021,241.467,-0.550,-0.726
2017-04-03 10:21:00,240.739,241.418,4.000,2588.000,240.75,240.90,2500.000,2500.000,241.30,241.50,601.000,376.000,240.65,240.95,5000.000,5000.000,241.25,241.55,6265.000,13492.000,17500.000,17500.000,240.528,241.025,241.193,241.607,-0.575,-0.737
2017-04-03 10:22:00,240.749,241.442,311.000,48.000,240.75,240.80,2500.000,2500.000,241.35,241.55,55.000,10.000,240.70,240.85,2500.000,7500.000,241.30,241.60,3767.000,5015.000,15000.000,17500.000,240.589,240.960,241.250,241.636,-0.675,-0.735
2017-04-03 10:23:00,240.700,241.468,158.000,1581.000,240.75,240.90,7500.000,2500.000,241.35,241.50,55.000,906.000,240.70,240.95,2500.000,2500.000,241.30,241.55,3484.000,15539.000,22500.000,12500.000,240.586,241.032,241.272,241.620,-0.600,-0.725
2017-04-03 10:24:00,240.784,241.537,352.000,57.000,240.80,240.95,7500.000,5000.000,241.50,241.70,2306.000,8030.000,240.75,241.00,2500.000,2500.000,241.40,241.75,4565.000,14183.000,22500.000,27500.000,240.718,241.045,241.378,241.827,-0.725,-0.721
2017-04-03 10:25:00,240.802,241.539,785.000,7296.000,240.80,241.00,5000.000,2500.000,241.55,241.65,2692.000,1993.000,240.75,241.05,10000.000,5000.000,241.45,241.70,4734.000,17433.000,25000.000,30000.000,240.734,241.070,241.430,241.817,-0.700,-0.710
2017-04-03 10:26:00,240.798,241.532,790.000,100.000,240.80,240.90,5000.000,2500.000,241.50,241.60,175.000,2271.000,240.75,241.00,2500.000,2500.000,241.40,241.65,4793.000,9759.000,22500.000,20000.000,240.685,241.079,241.350,241.725,-0.700,-0.709
2017-04-03 10:27:00,240.768,241.450,291.000,125.000,240.75,240.85,5000.000,5000.000,241.35,241.60,4562.000,804.000,240.70,240.90,5000.000,5000.000,241.30,241.65,6212.000,5896.000,22500.000,25000.000,240.673,241.000,241.261,241.745,-0.675,-0.694
2017-04-03 10:28:00,240.789,241.507,1048.000,1183.000,240.80,240.90,2500.000,5000.000,241.50,241.60,776.000,1245.000,240.75,240.95,2500.000,5000.000,241.35,241.75,7841.000,13403.000,22500.000,32500.000,240.704,241.032,241.283,241.808,-0.700,-0.687
2017-04-03 10:29:00,240.828,241.560,69.000,304.000,240.85,240.90,5000.000,2500.000,241.45,241.65,830.000,159.000,240.80,240.95,2500.000,2500.000,241.40,241.70,6258.000,9650.000,20000.000,17500.000,240.716,241.057,241.338,241.771,-0.675,-0.678
2017-04-03 10:30:00,240.842,241.525,1589.000,97.000,240.80,240.95,7500.000,7500.000,241.50,241.70,446.000,3057.000,240.75,241.00,2500.000,2500.000,241.40,241.75,8352.000,10272.000,22500.000,32500.000,240.707,241.072,241.367,241.827,-0.725,-0.644
2017-04-03 10:31:00,240.855,241.583,45.000,1538.000,240.85,241.00,2500.000,5000.000,241.55,241.65,3406.000,1148.000,240.80,241.05,5000.000,5000.000,241.50,241.70,8416.000,15439.000,17500.000,20000.000,240.743,241.132,241.414,241.744,-0.675,-0.606
2017-04-03 10:32:00,240.837,241.447,139.000,20.000,240.85,240.95,2500.000,5000.000,241.40,241.60,2199.000,2186.000,240.80,241.00,2500.000,5000.000,241.35,241.65,5030.000,10040.000,17500.000,30000.000,240.734,241.077,241.286,241.708,-0.600,-0.579
2017-04-03 10:33:00,240.769,241.450,1708.000,661.000,240.80,240.95,2500.000,5000.000,241.40,241.50,299.000,3122.000,240.75,241.00,5000.000,2500.000,241.35,241.55,4531.000,14765.000,20000.000,20000.000,240.707,241.065,241.294,241.606,-0.575,-0.546
2017-04-03 10:34:00,240.766,241.455,1570.000,145.000,240.80,240.90,5000.000,2500.000,241.40,241.55,433.000,80.000,240.75,240.95,5000.000,7500.000,241.35,241.65,5065.000,10091.000,22500.000,30000.000,240.698,241.053,241.306,241.713,-0.625,-0.502
2017-04-03 10:35:00,240.782,241.294,1323.000,2435.000,240.80,240.95,2500.000,2500.000,241.35,241.45,149.000,4974.000,240.75,241.00,5000.000,5000.000,241.25,241.50,4274.000,16613.000,15000.000,27500.000,240.693,241.039,241.208,241.577,-0.525,-0.465
2017-04-03 10:36:00,240.718,241.255,50.000,574.000,240.60,240.75,2500.000,2500.000,241.10,241.30,575.000,708.000,240.55,240.80,2500.000,2500.000,241.05,241.35,10367.000,7115.000,37500.000,17500.000,240.458,240.886,240.970,241.429,-0.525,-0.431
2017-04-03 10:37:00,240.571,241.046,3655.000,722.000,240.50,240.60,5000.000,12500.000,240.90,241.25,2107.000,358.000,240.45,240.65,2500.000,5000.000,240.80,241.30,7932.000,3249.000,25000.000,32500.000,240.453,240.715,240.765,241.354,-0.525,-0.396
2017-04-03 10:38:00,240.545,241.062,3405.000,428.000,240.50,240.65,2500.000,2500.000,241.00,241.10,2314.000,3392.000,240.45,240.70,2500.000,5000.000,240.95,241.15,9334.000,10064.000,20000.000,20000.000,240.436,240.761,240.850,241.206,-0.475,-0.363
2017-04-03 10:39:00,240.550,241.022,243.000,197.000,240.55,240.65,2500.000,5000.000,240.95,241.15,3666.000,4447.000,240.50,240.70,5000.000,5000.000,240.90,241.20,7769.000,12912.000,20000.000,25000.000,240.465,240.762,240.812,241.275,-0.450,-0.354
2017-04-03 10:40:00,240.784,241.108,993.000,432.000,240.70,240.75,5000.000,2500.000,240.95,241.20,1154.000,304.000,240.65,240.80,5000.000,7500.000,240.90,241.25,6488.000,3313.000,27500.000,20000.000,240.561,240.871,240.818,241.294,-0.350,-0.401
2017-04-03 10:41:00,240.736,241.103,374.000,874.000,240.70,240.80,5000.000,5000.000,241.05,241.15,1025.000,807.000,240.65,240.85,2500.000,2500.000,241.00,241.20,8191.000,10139.000,20000.000,20000.000,240.529,240.955,240.956,241.238,-0.350,-0.432
2017-04-03 10:42:00,240.727,241.026,1009.000,336.000,240.70,240.75,2500.000,5000.000,240.95,241.05,1025.000,1018.000,240.65,240.80,5000.000,5000.000,240.90,241.10,7695.000,8115.000,22500.000,20000.000,240.549,240.888,240.833,241.131,-0.275,-0.485
2017-04-03 10:43:00,240.784,241.135,464.000,1387.000,240.70,240.75,2500.000,2500.000,241.00,241.10,1002.000,153.000,240.65,240.80,2500.000,2500.000,240.95,241.15,8480.000,5568.000,25000.000,17500.000,240.540,240.859,240.845,241.250,-0.325,-0.525
2017-04-03 10:44:00,240.744,241.170,84.000,424.000,240.85,240.90,2500.000,2500.000,241.05,241.20,475.000,502.000,240.80,240.95,10000.000,5000.000,241.00,241.25,1987.000,14626.000,22500.000,15000.000,240.731,241.043,240.961,241.317,-0.250,-0.538
2017-04-03 10:45:00,240.749,241.308,367.000,5.000,240.80,240.85,5000.000,2500.000,241.10,241.25,1028.000,150.000,240.75,240.95,2500.000,2500.000,241.05,241.40,4034.000,12892.000,32500.000,17500.000,240.689,241.031,240.996,241.479,-0.350,-0.504
2017-04-03 10:46:00,240.810,241.333,1057.000,554.000,240.80,240.90,5000.000,2500.000,241.25,241.35,3029.000,153.000,240.75,240.95,2500.000,5000.000,241.15,241.40,8083.000,11222.000,35000.000,25000.000,240.708,241.021,241.029,241.535,-0.450,-0.494
2017-04-03 10:47:00,240.822,241.386,46.000,95.000,240.80,240.95,2500.000,2500.000,241.15,241.45,978.000,7349.000,240.75,241.00,5000.000,7500.000,241.10,241.50,4248.000,11154.000,42500.000,27500.000,240.664,241.029,241.009,241.600,-0.425,-0.472
2017-04-03 10:48:00,240.689,241.245,868.000,5.000,240.75,240.85,5000.000,2500.000,241.10,241.25,120.000,1423.000,240.70,240.90,5000.000,2500.000,241.05,241.40,3670.000,11892.000,32500.000,22500.000,240.642,240.994,240.977,241.461,-0.375,-0.448
2017-04-03 10:49:00,240.608,241.096,176.000,513.000,240.75,240.80,7500.000,2500.000,241.00,241.10,140.000,147.000,240.70,240.85,2500.000,5000.000,240.95,241.25,1625.000,15964.000,20000.000,15000.000,240.634,240.973,240.925,241.275,-0.275,-0.422
2017-04-03 10:50:00,240.743,241.130,359.000,337.000,240.70,240.85,5000.000,2500.000,241.00,241.10,365.000,5708.000,240.65,240.90,2500.000,5000.000,240.95,241.25,10734.000,18358.000,22500.000,15000.000,240.535,240.967,240.900,241.275,-0.275,-0.395
2017-04-03 10:51:00,240.682,241.157,179.000,39.000,240.75,240.80,2500.000,2500.000,241.05,241.10,683.000,4.000,240.70,240.85,2500.000,5000.000,241.00,241.25,5472.000,15290.000,20000.000,15000.000,240.608,240.961,240.931,241.275,-0.300,-0.359
2017-04-03 10:52:00,240.655,241.111,132.000,24.000,240.75,240.80,2500.000,2500.000,241.00,241.15,610.000,501.000,240.70,240.85,2500.000,2500.000,240.95,241.20,3019.000,9968.000,20000.000,15000.000,240.625,240.976,240.881,241.250,-0.300,-0.346
2017-04-03 10:53:00,240.631,241.068,19.000,28.000,240.75,240.80,7500.000,2500.000,241.00,241.10,610.000,501.000,240.70,240.85,2500.000,2500.000,240.95,241.15,2901.000,14665.000,25000.000,17500.000,240.621,240.978,240.910,241.207,-0.275,-0.303
2017-04-03 10:54:00,240.784,241.141,336.000,456.000,240.65,240.70,5000.000,2500.000,240.95,241.15,1307.000,511.000,240.60,240.75,7500.000,2500.000,240.90,241.20,14152.000,3408.000,27500.000,15000.000,240.502,240.831,240.845,241.283,-0.375,-0.283
2017-04-03 10:55:00,240.672,240.922,701.000,90.000,240.65,240.70,2500.000,2500.000,240.85,240.95,1235.000,514.000,240.55,240.75,5000.000,2500.000,240.80,241.00,10288.000,7200.000,25000.000,20000.000,240.479,240.846,240.735,241.131,-0.225,-0.321
2017-04-03 10:56:00,240.703,240.997,300.000,244.000,240.65,240.70,5000.000,2500.000,240.80,241.00,150.000,123.000,240.60,240.75,10000.000,5000.000,240.75,241.05,7950.000,5285.000,27500.000,15000.000,240.491,240.882,240.691,241.183,-0.225,-0.318
2017-04-03 10:57:00,240.658,241.050,192.000,268.000,240.60,240.65,5000.000,2500.000,240.75,240.95,814.000,224.000,240.55,240.70,5000.000,2500.000,240.65,241.00,7400.000,4114.000,42500.000,15000.000,240.467,240.817,240.556,241.100,-0.225,-0.304
2017-04-03 10:58:00,240.710,240.932,200.000,238.000,240.60,240.65,2500.000,2500.000,240.80,241.00,961.000,176.000,240.55,240.70,5000.000,5000.000,240.75,241.05,8148.000,2266.000,17500.000,17500.000,240.468,240.799,240.679,241.207,-0.275,-0.324
2017-04-03 10:59:00,240.707,240.963,86.000,32.000,240.60,240.65,2500.000,2500.000,240.80,241.00,914.000,215.000,240.55,240.70,5000.000,5000.000,240.75,241.05,7992.000,2249.000,20000.000,17500.000,240.465,240.821,240.662,241.207,-0.275,-0.345
2017-04-03 11:00:00,240.628,241.068,103.000,20.000,240.60,240.65,7500.000,2500.000,240.75,240.90,914.000,215.000,240.55,240.70,5000.000,5000.000,240.65,241.00,7416.000,6142.000,60000.000,17500.000,240.467,240.809,240.556,241.079,-0.200,-0.326
2017-04-03 11:01:00,240.643,240.924,954.000,694.000,240.55,240.65,2500.000,2500.000,240.80,240.90,2319.000,38.000,240.50,240.70,5000.000,2500.000,240.75,240.95,12459.000,6403.000,25000.000,17500.000,240.432,240.798,240.675,241.029,-0.250,-0.345
2017-04-03 11:02:00,240.657,240.979,458.000,631.000,240.60,240.65,2500.000,5000.000,240.85,240.95,1228.000,38.000,240.55,240.70,2500.000,5000.000,240.80,241.00,11013.000,5868.000,32500.000,20000.000,240.472,240.822,240.708,241.056,-0.275,-0.346
2017-04-03 11:03:00,240.645,240.967,84.000,63.000,240.60,240.65,5000.000,5000.000,240.85,240.95,1228.000,38.000,240.55,240.70,2500.000,5000.000,240.80,241.00,10739.000,6426.000,32500.000,20000.000,240.469,240.832,240.742,241.056,-0.275,-0.348
2017-04-03 11:04:00,240.714,241.077,141.000,17.000,240.75,240.80,2500.000,2500.000,240.95,241.15,72.000,154.000,240.70,240.85,5000.000,2500.000,240.90,241.20,4849.000,7912.000,27500.000,22500.000,240.579,240.993,240.827,241.261,-0.275,-0.316
2017-04-03 11:05:00,240.724,241.066,36.000,1486.000,240.75,240.95,2500.000,2500.000,241.00,241.15,1508.000,8913.000,240.70,241.00,7500.000,5000.000,240.90,241.25,5340.000,25803.000,22500.000,25000.000,240.612,241.052,240.856,241.340,-0.225,-0.311
2017-04-03 11:06:00,240.711,241.088,442.000,60.000,240.75,240.90,2500.000,2500.000,240.95,241.15,1693.000,466.000,240.70,240.95,10000.000,2500.000,240.90,241.20,8138.000,24149.000,30000.000,20000.000,240.613,241.048,240.846,241.262,-0.225,-0.295
2017-04-03 11:07:00,240.720,241.045,494.000,71.000,240.70,240.80,5000.000,2500.000,240.95,241.10,908.000,2057.000,240.65,240.85,5000.000,5000.000,240.90,241.15,10766.000,12535.000,30000.000,22500.000,240.556,240.973,240.842,241.222,-0.275,-0.285
2017-04-03 11:08:00,240.744,241.077,146.000,1.000,240.70,240.80,2500.000,5000.000,240.95,241.15,658.000,2418.000,240.65,240.85,7500.000,2500.000,240.90,241.20,8715.000,9049.000,27500.000,22500.000,240.548,240.957,240.836,241.250,-0.300,-0.266
2017-04-03 11:09:00,240.796,240.998,91.000,24.000,240.70,240.75,7500.000,2500.000,240.90,241.10,758.000,115.000,240.65,240.80,2500.000,7500.000,240.85,241.15,8728.000,4148.000,27500.000,25000.000,240.546,240.882,240.809,241.215,-0.275,-0.279
2017-04-03 11:10:00,240.733,241.050,144.000,503.000,240.70,240.80,7500.000,2500.000,240.90,241.15,781.000,2337.000,240.65,240.85,5000.000,5000.000,240.85,241.20,10995.000,11178.000,30000.000,22500.000,240.573,240.957,240.808,241.256,-0.275,-0.264
2017-04-03 11:11:00,240.710,241.005,965.000,2494.000,240.65,240.80,7500.000,2500.000,240.90,241.10,5946.000,231.000,240.60,240.85,2500.000,2500.000,240.85,241.15,13237.000,11821.000,27500.000,20000.000,240.552,240.950,240.800,241.231,-0.275,-0.265
2017-04-03 11:12:00,240.721,241.000,947.000,1314.000,240.65,240.75,7500.000,2500.000,240.90,241.00,5890.000,878.000,240.60,240.80,2500.000,2500.000,240.85,241.10,12339.000,8269.000,30000.000,17500.000,240.551,240.870,240.812,241.157,-0.250,-0.262
2017-04-03 11:13:00,240.768,241.007,359.000,1167.000,240.70,240.75,5000.000,7500.000,240.90,241.00,1310.000,938.000,240.65,240.80,5000.000,5000.000,240.85,241.10,12752.000,7451.000,32500.000,22500.000,240.570,240.874,240.788,241.117,-0.225,-0.254
2017-04-03 11:14:00,240.784,241.050,576.000,180.000,240.70,240.75,2500.000,5000.000,240.95,241.00,1060.000,578.000,240.65,240.80,5000.000,5000.000,240.90,241.10,14475.000,6164.000,32500.000,20000.000,240.566,240.899,240.827,241.131,-0.250,-0.250
2017-04-03 11:15:00,240.771,241.013,191.000,70.000,240.70,240.75,5000.000,2500.000,240.90,241.05,1060.000,578.000,240.65,240.80,5000.000,5000.000,240.85,241.10,11926.000,5409.000,30000.000,17500.000,240.567,240.925,240.796,241.157,-0.250,-0.235
2017-04-03 11:16:00,240.786,241.086,143.000,103.000,240.80,240.85,7500.000,2500.000,241.00,241.15,400.000,182.000,240.70,240.90,10000.000,2500.000,240.90,241.20,10706.000,11391.000,32500.000,20000.000,240.602,241.015,240.877,241.262,-0.250,-0.220
2017-04-03 11:17:00,240.857,241.123,806.000,720.000,240.80,241.00,2500.000,2500.000,241.10,241.20,899.000,470.000,240.75,241.05,5000.000,7500.000,241.05,241.25,11030.000,18095.000,20000.000,30000.000,240.645,241.125,240.994,241.396,-0.250,-0.215
2017-04-03 11:18:00,240.982,241.180,191.000,208.000,241.00,241.10,7500.000,5000.000,241.15,241.30,1273.000,211.000,240.90,241.15,10000.000,2500.000,241.10,241.35,7749.000,12666.000,27500.000,27500.000,240.803,241.232,241.073,241.436,-0.175,-0.218
2017-04-03 11:19:00,241.113,241.359,51.000,138.000,241.05,241.20,2500.000,2500.000,241.35,241.40,1169.000,818.000,241.00,241.25,2500.000,2500.000,241.30,241.45,7162.000,8891.000,17500.000,25000.000,240.913,241.318,241.236,241.500,-0.250,-0.197
2017-04-03 11:20:00,241.074,241.241,1019.000,284.000,241.05,241.15,5000.000,2500.000,241.25,241.35,2145.000,1188.000,241.00,241.20,5000.000,5000.000,241.20,241.40,7548.000,10209.000,25000.000,32500.000,240.928,241.273,241.090,241.469,-0.200,-0.201
2017-04-03 11:21:00,241.107,241.329,193.000,577.000,241.10,241.20,2500.000,5000.000,241.35,241.45,935.000,1541.000,241.05,241.25,2500.000,17500.000,241.30,241.50,6279.000,9981.000,15000.000,37500.000,240.982,241.325,241.225,241.537,-0.250,-0.202
2017-04-03 11:22:00,241.013,241.254,235.000,1090.000,241.00,241.15,2500.000,5000.000,241.25,241.40,560.000,1082.000,240.95,241.20,2500.000,5000.000,241.20,241.45,6279.000,11985.000,20000.000,37500.000,240.863,241.281,241.088,241.523,-0.250,-0.209
2017-04-03 11:23:00,240.977,241.190,197.000,692.000,241.00,241.10,2500.000,2500.000,241.15,241.35,300.000,1374.000,240.95,241.15,7500.000,2500.000,241.10,241.40,5229.000,12837.000,22500.000,30000.000,240.854,241.232,241.044,241.488,-0.200,-0.226
2017-04-03 11:24:00,240.968,241.111,114.000,29.000,240.95,241.00,5000.000,2500.000,241.10,241.20,200.000,60.000,240.90,241.05,2500.000,2500.000,241.05,241.30,6513.000,7910.000,17500.000,27500.000,240.793,241.138,241.014,241.405,-0.175,-0.242
2017-04-03 11:25:00,240.975,241.160,293.000,1.000,240.90,240.95,5000.000,5000.000,241.15,241.30,1837.000,109.000,240.85,241.00,2500.000,7500.000,241.10,241.35,8028.000,2979.000,17500.000,32500.000,240.783,241.121,241.057,241.415,-0.300,-0.254
2017-04-03 11:26:00,241.028,241.254,350.000,169.000,240.95,241.00,2500.000,2500.000,241.25,241.35,926.000,3.000,240.90,241.05,2500.000,2500.000,241.20,241.40,10171.000,5407.000,22500.000,35000.000,240.802,241.149,241.089,241.482,-0.325,-0.268
2017-04-03 11:27:00,240.958,241.234,150.000,176.000,240.95,241.00,2500.000,2500.000,241.20,241.30,210.000,213.000,240.90,241.05,2500.000,2500.000,241.15,241.35,7425.000,8471.000,22500.000,25000.000,240.793,241.167,241.072,241.440,-0.275,-0.269
2017-04-03 11:28:00,240.825,241.123,204.000,124.000,240.90,241.00,2500.000,2500.000,241.10,241.25,250.000,638.000,240.85,241.05,7500.000,7500.000,241.00,241.30,2408.000,9896.000,22500.000,27500.000,240.781,241.147,240.939,241.400,-0.225,-0.263
2017-04-03 11:29:00,240.876,241.100,323.000,1.000,240.80,240.85,5000.000,2500.000,240.95,241.10,305.000,2753.000,240.75,240.90,5000.000,5000.000,240.90,241.20,8800.000,6492.000,27500.000,17500.000,240.624,240.978,240.818,241.264,-0.200,-0.285
2017-04-03 11:30:00,240.847,241.092,173.000,240.000,240.80,240.90,5000.000,5000.000,240.95,241.15,505.000,462.000,240.75,240.95,2500.000,2500.000,240.90,241.20,8515.000,11856.000,27500.000,17500.000,240.623,241.018,240.791,241.243,-0.200,-0.303
2017-04-03 11:31:00,240.859,241.156,529.000,3.000,240.80,240.90,2500.000,2500.000,241.00,241.15,411.000,234.000,240.75,240.95,7500.000,5000.000,240.95,241.20,9998.000,11616.000,30000.000,15000.000,240.631,241.022,240.842,241.250,-0.225,-0.305
2017-04-03 11:32:00,240.850,241.132,135.000,152.000,240.80,240.90,7500.000,7500.000,241.00,241.15,255.000,293.000,240.75,240.95,5000.000,2500.000,240.95,241.20,8859.000,12071.000,32500.000,22500.000,240.618,241.020,240.858,241.233,-0.225,-0.300
2017-04-03 11:33:00,240.802,241.068,73.000,3.000,240.80,240.85,5000.000,2500.000,241.00,241.15,255.000,152.000,240.75,240.90,2500.000,5000.000,240.85,241.20,8969.000,12129.000,27500.000,20000.000,240.620,241.017,240.809,241.256,-0.250,-0.302
2017-04-03 11:34:00,240.740,241.074,89.000,15.000,240.75,240.80,2500.000,2500.000,241.00,241.15,684.000,3.000,240.70,240.85,5000.000,2500.000,240.90,241.20,9286.000,10714.000,22500.000,20000.000,240.609,240.984,240.839,241.281,-0.300,-0.276
2017-04-03 11:35:00,240.738,241.072,752.000,252.000,240.75,240.85,2500.000,5000.000,241.00,241.15,34.000,153.000,240.70,240.90,5000.000,2500.000,240.95,241.20,9211.000,16332.000,20000.000,25000.000,240.612,241.002,240.887,241.260,-0.275,-0.235
2017-04-03 11:36:00,240.780,241.090,107.000,52.000,240.80,240.85,2500.000,7500.000,241.00,241.15,552.000,153.000,240.75,240.90,5000.000,5000.000,240.95,241.20,8789.000,16132.000,22500.000,27500.000,240.623,241.004,240.883,241.241,-0.250,-0.230
2017-04-03 11:37:00,240.742,240.998,241.000,1050.000,240.75,240.85,2500.000,5000.000,240.90,241.10,199.000,264.000,240.70,240.90,2500.000,7500.000,240.85,241.15,8508.000,17146.000,25000.000,27500.000,240.598,240.987,240.765,241.200,-0.200,-0.245
2017-04-03 11:38:00,240.690,240.968,89.000,453.000,240.75,240.80,2500.000,2500.000,240.90,241.10,3.000,50.000,240.70,240.85,2500.000,7500.000,240.85,241.15,7296.000,15570.000,17500.000,25000.000,240.599,240.982,240.786,241.205,-0.225,-0.252
2017-04-03 11:39:00,240.698,240.903,611.000,108.000,240.65,240.75,2500.000,2500.000,240.85,241.00,4859.000,60.000,240.60,240.80,2500.000,2500.000,240.80,241.05,12727.000,8527.000,20000.000,22500.000,240.542,240.940,240.750,241.139,-0.225,-0.308
2017-04-03 11:40:00,240.780,240.906,254.000,46.000,240.65,240.70,2500.000,2500.000,240.85,241.00,5059.000,3.000,240.60,240.75,2500.000,2500.000,240.80,241.05,11457.000,952.000,20000.000,22500.000,240.545,240.873,240.744,241.139,-0.250,-0.384
2017-04-03 11:41:00,240.627,240.915,2748.000,5.000,240.60,240.65,2500.000,5000.000,240.80,240.95,120.000,349.000,240.55,240.70,7500.000,2500.000,240.75,241.00,9058.000,4871.000,25000.000,17500.000,240.510,240.833,240.685,241.050,-0.250,-0.405
2017-04-03 11:42:00,240.557,240.887,3930.000,243.000,240.50,240.65,5000.000,2500.000,240.75,240.85,157.000,259.000,240.45,240.70,2500.000,2500.000,240.70,240.90,7987.000,7365.000,27500.000,12500.000,240.428,240.772,240.641,240.980,-0.225,-0.423
2017-04-03 11:43:00,240.651,240.960,3396.000,50.000,240.50,240.60,7500.000,5000.000,240.80,241.00,750.000,35.000,240.45,240.65,7500.000,5000.000,240.75,241.10,8734.000,805.000,32500.000,20000.000,240.421,240.751,240.681,241.131,-0.350,-0.449
2017-04-03 11:44:00,240.507,240.992,2326.000,40.000,240.50,240.55,10000.000,5000.000,240.75,240.90,107.000,104.000,240.45,240.60,2500.000,5000.000,240.65,240.95,5384.000,3783.000,70000.000,20000.000,240.411,240.731,240.568,241.000,-0.300,-0.419
2017-04-03 11:45:00,240.496,241.003,2170.000,13.000,240.50,240.55,10000.000,5000.000,240.75,240.90,117.000,104.000,240.45,240.60,5000.000,2500.000,240.65,240.95,5459.000,4541.000,75000.000,17500.000,240.404,240.733,240.570,241.007,-0.300,-0.397
2017-04-03 11:46:00,240.582,240.975,733.000,508.000,240.55,240.75,2500.000,2500.000,240.85,241.00,2841.000,1834.000,240.50,240.80,7500.000,2500.000,240.80,241.05,7660.000,11603.000,22500.000,12500.000,240.440,240.901,240.761,241.120,-0.275,-0.416
2017-04-03 11:47:00,240.629,241.050,50.000,856.000,240.55,240.70,2500.000,2500.000,240.85,241.00,3401.000,3145.000,240.50,240.75,7500.000,2500.000,240.80,241.05,7440.000,7964.000,37500.000,12500.000,240.435,240.794,240.693,241.120,-0.300,-0.415
2017-04-03 11:48:00,240.594,241.036,3489.000,3902.000,240.50,240.75,5000.000,2500.000,240.90,241.05,1778.000,891.000,240.45,240.80,5000.000,5000.000,240.85,241.15,10090.000,11839.000,27500.000,17500.000,240.424,240.855,240.800,241.200,-0.350,-0.433
2017-04-03 11:49:00,240.698,241.030,128.000,3845.000,240.60,240.75,5000.000,2500.000,241.00,241.10,1827.000,591.000,240.55,240.80,2500.000,5000.000,240.95,241.15,8305.000,7339.000,17500.000,20000.000,240.500,240.824,240.907,241.213,-0.375,-0.455
2017-04-03 11:50:00,240.581,240.976,698.000,1135.000,240.55,240.60,2500.000,2500.000,240.90,241.00,1712.000,210.000,240.50,240.70,7500.000,5000.000,240.75,241.05,5954.000,6925.000,35000.000,17500.000,240.431,240.768,240.650,241.100,-0.375,-0.471
2017-04-03 11:51:00,240.571,241.058,1613.000,2565.000,240.50,240.60,5000.000,2500.000,240.85,241.00,127.000,150.000,240.45,240.65,7500.000,5000.000,240.75,241.05,5625.000,5088.000,75000.000,17500.000,240.387,240.686,240.568,241.093,-0.375,-0.466
2017-04-03 11:52:00,240.446,240.864,617.000,714.000,240.25,240.35,5000.000,2500.000,240.75,240.85,2351.000,250.000,240.20,240.40,5000.000,5000.000,240.60,240.90,20181.000,2825.000,60000.000,22500.000,240.113,240.447,240.535,240.961,-0.500,-0.473
2017-04-03 11:53:00,240.267,240.798,10124.000,75.000,240.10,240.20,2500.000,5000.000,240.65,240.75,1999.000,3.000,240.05,240.30,5000.000,2500.000,240.60,240.80,29961.000,3462.000,55000.000,17500.000,240.028,240.417,240.523,240.850,-0.550,-0.452
2017-04-03 11:54:00,240.314,240.755,61.000,102.000,240.15,240.20,7500.000,5000.000,240.60,240.70,10217.000,63.000,240.10,240.30,7500.000,2500.000,240.55,240.80,25911.000,4019.000,62500.000,20000.000,240.036,240.411,240.504,240.850,-0.475,-0.443
2017-04-03 11:55:00,240.360,240.838,100.000,25.000,240.25,240.30,2500.000,5000.000,240.65,240.80,389.000,556.000,240.20,240.40,5000.000,2500.000,240.60,240.85,12941.000,7199.000,52500.000,17500.000,240.099,240.493,240.519,240.893,-0.450,-0.430
2017-04-03 11:56:00,240.418,240.881,517.000,1.000,240.20,240.25,2500.000,5000.000,240.65,240.80,383.000,390.000,240.15,240.40,12500.000,5000.000,240.60,240.90,27722.000,6026.000,60000.000,17500.000,240.049,240.503,240.529,240.921,-0.500,-0.411
2017-04-03 11:57:00,240.425,240.876,638.000,15.000,240.20,240.35,2500.000,2500.000,240.65,240.80,525.000,393.000,240.15,240.40,2500.000,2500.000,240.60,240.85,29160.000,5665.000,52500.000,15000.000,240.051,240.508,240.517,240.958,-0.450,-0.389
2017-04-03 11:58:00,240.385,240.814,51.000,66.000,240.15,240.30,2500.000,5000.000,240.60,240.75,10358.000,882.000,240.10,240.40,7500.000,2500.000,240.55,240.80,30120.000,6133.000,55000.000,17500.000,240.038,240.492,240.495,240.900,-0.450,-0.376
2017-04-03 11:59:00,240.273,240.670,9424.000,100.000,240.10,240.25,5000.000,2500.000,240.55,240.65,2612.000,578.000,240.05,240.30,17500.000,2500.000,240.50,240.70,27095.000,3881.000,35000.000,15000.000,240.033,240.388,240.468,240.825,-0.425,-0.377
2017-04-03 12:00:00,240.238,240.650,9005.000,298.000,240.10,240.25,5000.000,5000.000,240.55,240.65,2616.000,5534.000,240.05,240.30,17500.000,2500.000,240.50,240.70,26268.000,9128.000,35000.000,15000.000,240.033,240.338,240.468,240.742,-0.425,-0.377
2017-04-03 12:01:00,240.271,240.638,9365.000,5684.000,240.10,240.30,17500.000,2500.000,240.60,240.65,2955.000,828.000,240.05,240.35,15000.000,2500.000,240.50,240.70,30228.000,12627.000,45000.000,17500.000,240.022,240.387,240.508,240.807,-0.425,-0.387
2017-04-03 12:02:00,240.321,240.661,1172.000,5369.000,240.20,240.30,5000.000,2500.000,240.60,240.70,2000.000,482.000,240.15,240.35,15000.000,2500.000,240.50,240.75,18106.000,11486.000,37500.000,20000.000,240.049,240.383,240.450,240.831,-0.400,-0.407
2017-04-03 12:03:00,240.293,240.657,3012.000,820.000,240.20,240.25,17500.000,2500.000,240.50,240.70,2000.000,4369.000,240.15,240.30,2500.000,5000.000,240.45,240.75,17803.000,8498.000,37500.000,17500.000,240.068,240.344,240.427,240.829,-0.375,-0.412
2017-04-03 12:04:00,240.302,240.702,3355.000,817.000,240.20,240.25,5000.000,2500.000,240.55,240.70,2000.000,4369.000,240.15,240.30,20000.000,2500.000,240.50,240.75,19768.000,8353.000,40000.000,15000.000,240.066,240.344,240.459,240.842,-0.400,-0.410
2017-04-03 12:05:00,240.313,240.724,2155.000,3661.000,240.25,240.30,2500.000,2500.000,240.65,240.80,1353.000,63.000,240.20,240.35,7500.000,5000.000,240.60,240.85,11195.000,7462.000,37500.000,25000.000,240.134,240.393,240.500,240.925,-0.450,-0.395
2017-04-03 12:06:00,240.306,240.727,2077.000,3648.000,240.25,240.30,10000.000,7500.000,240.60,240.80,1353.000,63.000,240.20,240.35,20000.000,5000.000,240.50,240.90,11126.000,7926.000,42500.000,27500.000,240.133,240.398,240.482,240.927,-0.425,-0.385
2017-04-03 12:07:00,240.303,240.744,1877.000,3129.000,240.25,240.30,7500.000,2500.000,240.60,240.75,1278.000,63.000,240.20,240.35,22500.000,5000.000,240.50,240.85,9905.000,7477.000,42500.000,17500.000,240.141,240.388,240.476,240.921,-0.400,-0.367
2017-04-03 12:08:00,240.359,240.746,10.000,2901.000,240.20,240.30,2500.000,2500.000,240.60,240.75,2056.000,494.000,240.15,240.35,2500.000,2500.000,240.55,240.85,17110.000,6977.000,42500.000,20000.000,240.042,240.383,240.438,240.931,-0.425,-0.361
2017-04-03 12:09:00,240.336,240.729,101.000,3470.000,240.20,240.30,2500.000,2500.000,240.55,240.70,2056.000,346.000,240.15,240.35,20000.000,5000.000,240.50,240.75,16949.000,8982.000,45000.000,20000.000,240.041,240.396,240.386,240.900,-0.375,-0.353
2017-04-03 12:10:00,240.272,240.605,2135.000,268.000,240.15,240.25,20000.000,2500.000,240.50,240.65,2718.000,3261.000,240.10,240.30,5000.000,10000.000,240.40,240.70,17163.000,7073.000,50000.000,25000.000,240.034,240.356,240.335,240.775,-0.375,-0.355
2017-04-03 12:11:00,240.336,240.706,2180.000,2498.000,240.15,240.30,2500.000,7500.000,240.55,240.75,2718.000,361.000,240.10,240.35,20000.000,2500.000,240.50,240.80,19741.000,6072.000,40000.000,20000.000,240.029,240.392,240.416,240.831,-0.425,-0.348
2017-04-03 12:12:00,240.329,240.683,2030.000,2706.000,240.15,240.30,2500.000,7500.000,240.55,240.70,2278.000,153.000,240.10,240.35,20000.000,2500.000,240.50,240.80,19286.000,6739.000,42500.000,22500.000,240.027,240.389,240.397,240.828,-0.400,-0.337
2017-04-03 12:13:00,240.357,240.712,110.000,2991.000,240.20,240.30,2500.000,5000.000,240.55,240.70,1775.000,337.000,240.15,240.35,22500.000,2500.000,240.50,240.80,16339.000,7208.000,45000.000,17500.000,240.036,240.384,240.403,240.829,-0.375,-0.361
2017-04-03 12:14:00,240.341,240.692,950.000,2685.000,240.25,240.30,2500.000,2500.000,240.60,240.70,839.000,421.000,240.20,240.35,5000.000,2500.000,240.55,240.75,10033.000,5683.000,35000.000,15000.000,240.116,240.373,240.486,240.817,-0.375,-0.391
2017-04-03 12:15:00,240.299,240.643,366.000,2589.000,240.25,240.30,2500.000,5000.000,240.55,240.65,1668.000,973.000,240.20,240.35,20000.000,2500.000,240.50,240.75,9355.000,8583.000,37500.000,20000.000,240.117,240.396,240.430,240.800,-0.325,-0.403
2017-04-03 12:16:00,240.490,240.825,210.000,1010.000,240.30,240.50,5000.000,2500.000,240.65,240.90,450.000,261.000,240.25,240.55,2500.000,2500.000,240.60,240.95,7763.000,3949.000,37500.000,22500.000,240.160,240.605,240.520,241.033,-0.375,-0.430
2017-04-03 12:17:00,240.518,240.820,253.000,2.000,240.45,240.50,2500.000,2500.000,240.75,240.95,148.000,669.000,240.35,240.55,5000.000,5000.000,240.70,241.00,5027.000,2775.000,15000.000,22500.000,240.248,240.630,240.658,241.078,-0.375,-0.427
2017-04-03 12:18:00,240.395,240.870,11.000,713.000,240.45,240.50,5000.000,2500.000,240.65,240.85,10.000,670.000,240.40,240.55,2500.000,2500.000,240.60,240.95,776.000,4577.000,40000.000,22500.000,240.264,240.604,240.509,241.039,-0.275,-0.379
2017-04-03 12:19:00,240.425,240.925,50.000,920.000,240.45,240.50,2500.000,2500.000,240.65,240.85,38.000,212.000,240.35,240.55,5000.000,5000.000,240.60,241.00,2769.000,5325.000,40000.000,25000.000,240.224,240.614,240.500,241.080,-0.275,-0.350
2017-04-03 12:20:00,240.509,240.912,200.000,61.000,240.45,240.50,5000.000,5000.000,240.70,240.95,284.000,360.000,240.35,240.55,2500.000,5000.000,240.65,241.00,3726.000,2283.000,32500.000,27500.000,240.247,240.631,240.554,241.086,-0.350,-0.331
2017-04-03 12:21:00,240.374,240.841,45.000,1.000,240.50,240.55,5000.000,2500.000,240.70,240.90,206.000,526.000,240.45,240.60,2500.000,5000.000,240.65,240.95,564.000,4465.000,32500.000,25000.000,240.414,240.709,240.554,241.025,-0.275,-0.317
2017-04-03 12:22:00,240.535,240.822,262.000,618.000,240.30,240.50,7500.000,5000.000,240.60,240.85,616.000,434.000,240.25,240.55,2500.000,2500.000,240.55,240.90,11907.000,3308.000,45000.000,17500.000,240.167,240.617,240.481,240.943,-0.325,-0.321
2017-04-03 12:23:00,240.552,240.788,40.000,60.000,240.35,240.50,10000.000,5000.000,240.60,240.85,866.000,584.000,240.30,240.55,2500.000,2500.000,240.55,240.90,9886.000,3000.000,50000.000,25000.000,240.197,240.633,240.480,240.995,-0.300,-0.343
2017-04-03 12:24:00,240.531,240.887,4146.000,11.000,240.30,240.50,2500.000,2500.000,240.70,240.90,2327.000,763.000,240.25,240.55,2500.000,2500.000,240.65,240.95,14501.000,2357.000,35000.000,22500.000,240.210,240.633,240.550,241.044,-0.400,-0.350
2017-04-03 12:25:00,240.464,240.772,6933.000,106.000,240.30,240.50,7500.000,2500.000,240.60,240.80,911.000,625.000,240.25,240.55,2500.000,5000.000,240.55,240.85,16176.000,6054.000,47500.000,20000.000,240.218,240.651,240.479,240.912,-0.300,-0.376
2017-04-03 12:26:00,240.395,240.792,6954.000,160.000,240.30,240.45,2500.000,2500.000,240.60,240.70,763.000,964.000,240.25,240.50,2500.000,2500.000,240.55,240.80,14708.000,8177.000,42500.000,17500.000,240.225,240.589,240.471,240.900,-0.275,-0.369
2017-04-03 12:27:00,240.511,240.821,160.000,409.000,240.35,240.50,2500.000,2500.000,240.65,240.85,6803.000,361.000,240.30,240.55,2500.000,5000.000,240.60,240.90,13159.000,3968.000,30000.000,17500.000,240.246,240.647,240.521,240.950,-0.325,-0.402
2017-04-03 12:28:00,240.481,240.825,3427.000,26.000,240.35,240.40,5000.000,5000.000,240.65,240.85,3818.000,112.000,240.30,240.50,2500.000,7500.000,240.60,240.90,13391.000,2107.000,37500.000,22500.000,240.260,240.610,240.520,240.933,-0.375,-0.407
2017-04-03 12:29:00,240.412,240.806,2103.000,565.000,240.30,240.45,2500.000,2500.000,240.65,240.80,895.000,827.000,240.25,240.50,2500.000,2500.000,240.60,240.85,10737.000,6575.000,40000.000,20000.000,240.185,240.587,240.488,240.912,-0.350,-0.419
2017-04-03 12:30:00,240.414,240.848,20.000,787.000,240.40,240.50,2500.000,2500.000,240.65,240.85,1003.000,3431.000,240.30,240.55,2500.000,7500.000,240.60,240.90,7051.000,9783.000,40000.000,20000.000,240.200,240.611,240.488,240.944,-0.300,-0.406
2017-04-03 12:31:00,240.586,240.948,434.000,2901.000,240.45,240.55,2500.000,2500.000,240.90,241.10,759.000,150.000,240.40,240.60,2500.000,2500.000,240.75,241.15,9554.000,5520.000,35000.000,30000.000,240.298,240.614,240.564,241.238,-0.500,-0.401
2017-04-03 12:32:00,240.398,240.876,714.000,304.000,240.30,240.45,2500.000,10000.000,240.65,240.85,733.000,915.000,240.25,240.50,2500.000,2500.000,240.60,240.90,9107.000,7273.000,42500.000,25000.000,240.171,240.579,240.482,240.965,-0.375,-0.377
2017-04-03 12:33:00,240.364,240.730,432.000,761.000,240.30,240.45,2500.000,5000.000,240.60,240.75,927.000,1210.000,240.25,240.50,20000.000,5000.000,240.50,240.80,9690.000,10798.000,40000.000,22500.000,240.164,240.586,240.459,240.894,-0.300,-0.375
2017-04-03 12:34:00,240.326,240.778,457.000,390.000,240.30,240.45,2500.000,5000.000,240.65,240.75,1127.000,1510.000,240.25,240.50,2500.000,2500.000,240.60,240.80,8853.000,12737.000,42500.000,15000.000,240.175,240.598,240.468,240.833,-0.325,-0.351
2017-04-03 12:35:00,240.285,240.656,3904.000,50.000,240.15,240.35,5000.000,5000.000,240.60,240.65,2628.000,1361.000,240.10,240.40,20000.000,2500.000,240.50,240.70,20896.000,12533.000,42500.000,20000.000,240.040,240.508,240.456,240.806,-0.375,-0.347
2017-04-03 12:36:00,240.390,240.727,381.000,200.000,240.20,240.30,5000.000,7500.000,240.60,240.80,4734.000,13.000,240.15,240.35,17500.000,5000.000,240.50,240.85,19175.000,2665.000,40000.000,25000.000,240.060,240.471,240.453,240.885,-0.450,-0.334
2017-04-03 12:37:00,240.358,240.717,357.000,164.000,240.20,240.30,2500.000,5000.000,240.60,240.75,5096.000,1950.000,240.15,240.35,20000.000,7500.000,240.50,240.80,20097.000,5545.000,37500.000,20000.000,240.060,240.436,240.467,240.831,-0.425,-0.324
2017-04-03 12:38:00,240.316,240.671,3073.000,1953.000,240.15,240.30,2500.000,2500.000,240.55,240.70,1876.000,153.000,240.10,240.35,17500.000,7500.000,240.50,240.75,18492.000,6524.000,32500.000,20000.000,240.032,240.424,240.465,240.800,-0.400,-0.318
2017-04-03 12:39:00,240.339,240.673,1301.000,2072.000,240.20,240.30,5000.000,7500.000,240.55,240.70,2027.000,153.000,240.15,240.35,20000.000,5000.000,240.50,240.75,16697.000,7081.000,37500.000,22500.000,240.055,240.411,240.473,240.783,-0.375,-0.309
2017-04-03 12:40:00,240.309,240.660,1409.000,222.000,240.20,240.25,20000.000,5000.000,240.50,240.70,2156.000,2892.000,240.15,240.30,2500.000,5000.000,240.45,240.75,16853.000,6302.000,40000.000,20000.000,240.057,240.365,240.431,240.794,-0.375,-0.275
2017-04-03 12:41:00,240.363,240.631,87.000,1593.000,240.20,240.30,17500.000,5000.000,240.50,240.70,2236.000,3.000,240.15,240.35,2500.000,5000.000,240.45,240.75,15676.000,5124.000,32500.000,20000.000,240.045,240.419,240.446,240.794,-0.350,-0.282
2017-04-03 12:42:00,240.365,240.675,357.000,1448.000,240.20,240.30,2500.000,7500.000,240.55,240.70,2236.000,3.000,240.15,240.35,15000.000,5000.000,240.50,240.75,16231.000,4994.000,32500.000,22500.000,240.048,240.418,240.458,240.783,-0.375,-0.288
2017-04-03 12:43:00,240.231,240.558,3523.000,160.000,240.15,240.25,7500.000,7500.000,240.40,240.55,3392.000,3085.000,240.10,240.30,2500.000,2500.000,240.35,240.60,16164.000,9073.000,27500.000,17500.000,240.050,240.381,240.300,240.657,-0.275,-0.276
2017-04-03 12:44:00,240.264,240.553,3530.000,2549.000,240.15,240.30,2500.000,2500.000,240.45,240.55,3392.000,1036.000,240.10,240.35,10000.000,2500.000,240.40,240.60,19075.000,11617.000,25000.000,12500.000,240.044,240.419,240.345,240.650,-0.275,-0.270
2017-04-03 12:45:00,240.211,240.394,1543.000,664.000,240.15,240.20,2500.000,5000.000,240.35,240.40,3342.000,3744.000,240.10,240.25,2500.000,2500.000,240.30,240.45,14962.000,10312.000,22500.000,17500.000,240.037,240.286,240.244,240.500,-0.200,-0.270
2017-04-03 12:46:00,240.089,240.393,503.000,500.000,240.05,240.15,7500.000,2500.000,240.25,240.40,5190.000,361.000,240.00,240.20,5000.000,2500.000,240.20,240.45,8836.000,7602.000,35000.000,15000.000,239.959,240.287,240.146,240.517,-0.225,-0.273
2017-04-03 12:47:00,240.252,240.592,61.000,1351.000,240.20,240.25,2500.000,2500.000,240.35,240.55,752.000,163.000,240.10,240.30,2500.000,2500.000,240.30,240.60,10700.000,6531.000,32500.000,12500.000,240.001,240.399,240.219,240.680,-0.225,-0.269
2017-04-03 12:48:00,240.161,240.428,12.000,1234.000,240.10,240.20,7500.000,2500.000,240.25,240.40,649.000,1319.000,240.05,240.25,7500.000,2500.000,240.20,240.45,8758.000,8206.000,35000.000,15000.000,239.991,240.297,240.143,240.550,-0.175,-0.259
2017-04-03 12:49:00,240.173,240.431,239.000,1072.000,240.10,240.20,2500.000,2500.000,240.25,240.40,845.000,153.000,240.05,240.25,7500.000,2500.000,240.20,240.45,9601.000,6978.000,30000.000,15000.000,239.995,240.307,240.125,240.550,-0.175,-0.246
2017-04-03 12:50:00,240.183,240.367,690.000,400.000,240.05,240.20,2500.000,2500.000,240.30,240.40,7570.000,3592.000,240.00,240.30,2500.000,2500.000,240.25,240.45,12371.000,7367.000,20000.000,17500.000,239.975,240.349,240.175,240.514,-0.225,-0.256
2017-04-03 12:51:00,240.128,240.443,6504.000,96.000,240.00,240.20,7500.000,2500.000,240.25,240.45,925.000,208.000,239.95,240.25,10000.000,2500.000,240.20,240.50,11958.000,6137.000,35000.000,20000.000,239.932,240.345,240.154,240.631,-0.250,-0.261
2017-04-03 12:52:00,240.248,240.568,200.000,819.000,240.35,240.40,5000.000,2500.000,240.45,240.55,200.000,3912.000,240.30,240.45,2500.000,5000.000,240.40,240.60,1338.000,12398.000,25000.000,17500.000,240.196,240.501,240.270,240.743,-0.125,-0.254
2017-04-03 12:53:00,240.347,240.567,870.000,15.000,240.35,240.45,2500.000,2500.000,240.55,240.75,668.000,2750.000,240.30,240.50,5000.000,5000.000,240.50,240.85,5826.000,10308.000,15000.000,30000.000,240.228,240.581,240.450,240.925,-0.250,-0.297
2017-04-03 12:54:00,240.363,240.556,200.000,3201.000,240.35,240.50,2500.000,7500.000,240.55,240.75,629.000,2594.000,240.30,240.55,2500.000,5000.000,240.50,240.80,4532.000,11892.000,12500.000,27500.000,240.210,240.593,240.430,240.855,-0.225,-0.334
2017-04-03 12:55:00,240.316,240.545,210.000,508.000,240.20,240.40,2500.000,12500.000,240.45,240.70,490.000,591.000,240.15,240.45,5000.000,10000.000,240.40,240.75,10265.000,9900.000,22500.000,32500.000,240.035,240.543,240.272,240.758,-0.275,-0.342
2017-04-03 12:56:00,240.249,240.590,33.000,160.000,240.40,240.45,5000.000,7500.000,240.50,240.70,210.000,925.000,240.25,240.50,2500.000,2500.000,240.45,240.75,2694.000,10099.000,17500.000,20000.000,240.171,240.590,240.386,240.775,-0.175,-0.372
2017-04-03 12:57:00,240.229,240.513,552.000,613.000,240.25,240.45,2500.000,5000.000,240.45,240.70,271.000,679.000,240.20,240.50,2500.000,5000.000,240.40,240.75,3315.000,10247.000,20000.000,27500.000,240.113,240.587,240.256,240.855,-0.225,-0.397
2017-04-03 12:58:00,240.094,240.532,787.000,716.000,240.10,240.30,2500.000,7500.000,240.40,240.60,770.000,391.000,240.05,240.35,5000.000,2500.000,240.30,240.70,4698.000,9033.000,25000.000,22500.000,240.000,240.466,240.205,240.739,-0.300,-0.397
2017-04-03 12:59:00,240.023,240.400,15.000,103.000,240.15,240.25,5000.000,2500.000,240.30,240.50,313.000,445.000,240.05,240.30,5000.000,2500.000,240.25,240.55,1526.000,6953.000,25000.000,22500.000,240.002,240.399,240.205,240.661,-0.200,-0.437
2017-04-03 13:00:00,240.137,240.407,208.000,598.000,240.00,240.15,2500.000,7500.000,240.30,240.50,795.000,1060.000,239.95,240.20,2500.000,2500.000,240.25,240.55,7791.000,4631.000,22500.000,27500.000,239.794,240.277,240.167,240.618,-0.325,-0.514
2017-04-03 13:01:00,240.101,240.591,461.000,60.000,240.25,240.30,7500.000,2500.000,240.40,240.60,100.000,485.000,240.15,240.35,5000.000,5000.000,240.35,240.75,2226.000,11941.000,25000.000,15000.000,240.075,240.462,240.310,240.775,-0.225,-0.483
2017-04-03 13:02:00,239.973,240.380,1678.000,787.000,240.00,240.25,5000.000,2500.000,240.25,240.45,986.000,678.000,239.95,240.30,10000.000,5000.000,240.20,240.50,7086.000,24967.000,27500.000,22500.000,239.889,240.387,240.164,240.633,-0.225,-0.543
2017-04-03 13:03:00,240.055,240.494,244.000,272.000,240.00,240.05,10000.000,5000.000,240.20,240.40,1067.000,454.000,239.95,240.15,2500.000,2500.000,240.15,240.45,5894.000,5166.000,67500.000,22500.000,239.862,240.248,240.044,240.556,-0.275,-0.580
2017-04-03 13:04:00,239.865,240.443,100.000,251.000,240.00,240.05,2500.000,2500.000,240.25,240.45,560.000,3.000,239.95,240.10,12500.000,10000.000,240.20,240.70,3884.000,21697.000,27500.000,27500.000,239.854,240.244,240.164,240.745,-0.325,-0.594
2017-04-03 13:05:00,239.777,240.431,957.000,637.000,239.85,240.05,2500.000,5000.000,240.15,240.35,2592.000,1157.000,239.80,240.10,12500.000,5000.000,240.10,240.45,8354.000,28341.000,67500.000,17500.000,239.749,240.234,240.024,240.464,-0.300,-0.581
2017-04-03 13:06:00,239.866,240.203,1320.000,961.000,239.70,239.85,5000.000,2500.000,240.05,240.20,266.000,371.000,239.65,239.90,45000.000,2500.000,240.00,240.25,13655.000,6691.000,75000.000,20000.000,239.537,239.984,239.968,240.325,-0.350,-0.627
2017-04-03 13:07:00,238.906,239.615,131.000,153.000,238.95,239.05,2500.000,5000.000,239.55,239.75,329.000,329.000,238.90,239.10,5000.000,2500.000,239.50,239.80,2311.000,5081.000,20000.000,22500.000,238.793,239.231,239.381,239.856,-0.650,-0.586
2017-04-03 13:08:00,239.197,239.820,349.000,331.000,239.25,239.30,2500.000,2500.000,239.70,239.90,220.000,593.000,239.10,239.35,5000.000,2500.000,239.65,239.95,5052.000,6679.000,25000.000,25000.000,239.012,239.445,239.580,240.055,-0.525,-0.564
2017-04-03 13:09:00,239.467,240.116,733.000,567.000,239.45,239.70,7500.000,2500.000,239.90,240.25,420.000,495.000,239.40,239.75,2500.000,2500.000,239.85,240.35,1793.000,4072.000,22500.000,17500.000,239.389,239.813,239.811,240.407,-0.500,-0.547
2017-04-03 13:10:00,239.608,240.195,357.000,1000.000,239.60,239.70,2500.000,2500.000,240.10,240.30,367.000,824.000,239.55,239.80,2500.000,2500.000,240.05,240.35,4313.000,8824.000,12500.000,12500.000,239.441,239.882,239.970,240.420,-0.550,-0.523
2017-04-03 13:11:00,239.683,240.250,105.000,381.000,239.70,239.75,5000.000,5000.000,240.15,240.35,670.000,77.000,239.65,239.80,5000.000,2500.000,240.10,240.40,4302.000,6124.000,17500.000,17500.000,239.558,239.914,240.071,240.479,-0.525,-0.497
2017-04-03 13:12:00,239.656,240.160,84.000,700.000,239.70,239.80,2500.000,2500.000,240.15,240.30,132.000,307.000,239.65,239.85,2500.000,10000.000,240.10,240.35,4869.000,12501.000,12500.000,25000.000,239.540,239.962,240.020,240.430,-0.475,-0.493
2017-04-03 13:13:00,239.602,240.114,150.000,689.000,239.60,239.80,2500.000,5000.000,240.10,240.25,235.000,731.000,239.55,239.85,2500.000,2500.000,240.00,240.45,6312.000,13587.000,12500.000,22500.000,239.442,239.963,239.930,240.478,-0.475,-0.518
2017-04-03 13:14:00,239.656,240.223,250.000,55.000,239.75,239.80,2500.000,2500.000,240.15,240.25,815.000,560.000,239.60,239.85,5000.000,2500.000,240.10,240.30,8034.000,13972.000,15000.000,12500.000,239.499,239.967,240.058,240.380,-0.425,-0.517
2017-04-03 13:15:00,239.773,240.238,22.000,2419.000,239.80,239.90,10000.000,2500.000,240.20,240.45,749.000,5620.000,239.75,240.00,2500.000,5000.000,240.15,240.50,2227.000,12168.000,22500.000,27500.000,239.669,240.023,240.100,240.586,-0.475,-0.537
2017-04-03 13:16:00,239.757,240.194,306.000,3996.000,239.75,239.90,2500.000,2500.000,240.20,240.40,61.000,358.000,239.70,239.95,5000.000,7500.000,240.15,240.45,3478.000,11230.000,15000.000,30000.000,239.600,239.984,240.083,240.558,-0.475,-0.550
2017-04-03 13:17:00,239.735,240.221,41.000,3280.000,239.75,239.90,2500.000,2500.000,240.20,240.35,91.000,359.000,239.70,239.95,5000.000,2500.000,240.15,240.40,3260.000,13597.000,15000.000,20000.000,239.584,239.994,240.083,240.475,-0.450,-0.559
2017-04-03 13:18:00,239.612,240.250,41.000,83.000,239.65,239.80,2500.000,2500.000,240.10,240.25,842.000,427.000,239.60,239.85,5000.000,2500.000,240.05,240.35,5068.000,14264.000,20000.000,12500.000,239.506,239.956,239.988,240.390,-0.450,-0.537
2017-04-03 13:19:00,239.562,240.120,1735.000,202.000,239.60,239.80,2500.000,2500.000,240.00,240.20,313.000,930.000,239.55,239.85,7500.000,2500.000,239.95,240.25,4918.000,14686.000,20000.000,17500.000,239.505,239.950,239.900,240.350,-0.400,-0.522
2017-04-03 13:20:00,239.634,240.200,90.000,135.000,239.70,239.80,2500.000,2500.000,240.05,240.25,60.000,470.000,239.65,239.85,7500.000,5000.000,240.00,240.40,3972.000,12739.000,20000.000,17500.000,239.554,239.963,239.963,240.443,-0.400,-0.506
2017-04-03 13:21:00,239.635,240.136,90.000,86.000,239.70,239.80,2500.000,5000.000,240.05,240.25,159.000,495.000,239.65,239.85,7500.000,2500.000,240.00,240.30,3970.000,12855.000,20000.000,25000.000,239.555,239.961,239.963,240.435,-0.400,-0.497
2017-04-03 13:22:00,239.702,240.236,115.000,60.000,239.75,239.80,2500.000,2500.000,240.20,240.30,438.000,209.000,239.70,239.85,2500.000,2500.000,240.05,240.35,5490.000,11419.000,20000.000,15000.000,239.607,239.964,240.000,240.417,-0.475,-0.482
2017-04-03 13:23:00,239.648,240.173,176.000,449.000,239.70,239.80,2500.000,2500.000,240.05,240.25,351.000,606.000,239.65,239.85,10000.000,2500.000,240.00,240.30,4559.000,12997.000,22500.000,15000.000,239.560,239.955,239.967,240.367,-0.400,-0.460
2017-04-03 13:24:00,239.695,240.178,68.000,460.000,239.80,239.85,2500.000,2500.000,240.05,240.25,149.000,3911.000,239.70,239.90,12500.000,2500.000,240.00,240.35,2977.000,13916.000,22500.000,17500.000,239.609,239.970,239.972,240.414,-0.325,-0.448
2017-04-03 13:25:00,239.721,240.205,60.000,143.000,239.80,239.85,2500.000,2500.000,240.05,240.20,409.000,3874.000,239.70,239.90,12500.000,2500.000,240.00,240.25,4397.000,13096.000,32500.000,15000.000,239.598,239.975,239.923,240.350,-0.300,-0.434
2017-04-03 13:26:00,239.771,240.227,248.000,3701.000,239.80,239.90,2500.000,7500.000,240.05,240.25,597.000,287.000,239.70,239.95,10000.000,2500.000,240.00,240.35,4724.000,13034.000,30000.000,20000.000,239.610,239.992,239.917,240.369,-0.300,-0.433
2017-04-03 13:27:00,239.767,240.226,61.000,367.000,239.80,239.85,2500.000,5000.000,240.05,240.25,1393.000,3749.000,239.70,239.90,7500.000,2500.000,240.00,240.30,5618.000,9631.000,27500.000,15000.000,239.613,239.964,239.909,240.333,-0.325,-0.428
2017-04-03 13:28:00,239.724,240.138,1074.000,639.000,239.70,239.85,5000.000,2500.000,240.00,240.20,246.000,3423.000,239.65,239.90,2500.000,7500.000,239.95,240.25,7069.000,12677.000,25000.000,17500.000,239.566,239.970,239.870,240.286,-0.325,-0.431
2017-04-03 13:29:00,239.613,240.037,937.000,446.000,239.60,239.75,2500.000,2500.000,239.90,240.05,150.000,1369.000,239.55,239.80,12500.000,2500.000,239.80,240.10,4452.000,8365.000,47500.000,20000.000,239.473,239.878,239.687,240.188,-0.300,-0.452
2017-04-03 13:30:00,239.641,240.057,1442.000,83.000,239.60,239.75,2500.000,2500.000,239.95,240.10,261.000,79.000,239.55,239.80,2500.000,2500.000,239.90,240.15,6054.000,6776.000,30000.000,22500.000,239.487,239.907,239.767,240.228,-0.350,-0.481
2017-04-03 13:31:00,239.619,240.070,50.000,119.000,239.65,239.75,2500.000,2500.000,239.95,240.10,150.000,228.000,239.55,239.80,2500.000,2500.000,239.90,240.15,4786.000,7930.000,30000.000,20000.000,239.449,239.901,239.767,240.231,-0.325,-0.504
2017-04-03 13:32:00,239.653,240.086,583.000,95.000,239.60,239.75,2500.000,5000.000,240.00,240.15,662.000,106.000,239.55,239.80,2500.000,7500.000,239.95,240.20,6564.000,6616.000,22500.000,30000.000,239.485,239.907,239.844,240.267,-0.400,-0.511
2017-04-03 13:33:00,239.522,239.954,304.000,127.000,239.50,239.65,2500.000,2500.000,239.85,240.10,665.000,381.000,239.45,239.70,15000.000,5000.000,239.80,240.15,7329.000,16347.000,30000.000,32500.000,239.347,239.754,239.754,240.246,-0.400,-0.529
2017-04-03 13:34:00,239.479,240.004,1184.000,12021.000,239.40,239.60,10000.000,2500.000,239.80,240.00,637.000,364.000,239.35,239.65,7500.000,2500.000,239.65,240.05,10758.000,18851.000,45000.000,12500.000,239.290,239.654,239.611,240.100,-0.400,-0.525
2017-04-03 13:35:00,239.409,239.971,630.000,2.000,239.35,239.50,7500.000,10000.000,239.80,240.00,4723.000,2544.000,239.30,239.55,7500.000,2500.000,239.65,240.05,12457.000,14888.000,40000.000,20000.000,239.257,239.595,239.606,240.062,-0.475,-0.502
2017-04-03 13:36:00,239.392,239.957,527.000,62.000,239.35,239.50,5000.000,7500.000,239.80,240.00,4823.000,2555.000,239.30,239.55,7500.000,5000.000,239.65,240.05,10658.000,15460.000,35000.000,20000.000,239.258,239.596,239.593,240.069,-0.475,-0.498
2017-04-03 13:37:00,239.340,239.812,1921.000,1.000,239.30,239.45,2500.000,2500.000,239.75,239.90,877.000,7024.000,239.25,239.50,5000.000,2500.000,239.65,239.95,7886.000,12068.000,25000.000,25000.000,239.211,239.539,239.570,240.015,-0.450,-0.525
2017-04-03 13:38:00,239.223,239.742,1239.000,583.000,239.30,239.35,2500.000,2500.000,239.65,239.80,106.000,158.000,239.25,239.40,2500.000,7500.000,239.60,239.85,4322.000,12347.000,25000.000,22500.000,239.202,239.506,239.520,239.894,-0.400,-0.544
2017-04-03 13:39:00,239.241,239.748,796.000,1735.000,239.20,239.30,5000.000,2500.000,239.65,239.80,4702.000,391.000,239.15,239.35,2500.000,7500.000,239.60,239.85,13827.000,12468.000,27500.000,22500.000,239.074,239.465,239.523,239.900,-0.475,-0.543
2017-04-03 13:40:00,239.285,239.734,1137.000,591.000,239.15,239.25,2500.000,2500.000,239.65,239.75,1368.000,3547.000,239.10,239.30,2500.000,2500.000,239.60,239.80,15173.000,6638.000,27500.000,20000.000,239.013,239.346,239.514,239.856,-0.500,-0.546
2017-04-03 13:41:00,239.222,239.767,761.000,1626.000,239.10,239.25,5000.000,2500.000,239.65,239.80,2266.000,3560.000,239.05,239.30,2500.000,5000.000,239.60,239.85,14306.000,8740.000,22500.000,15000.000,239.002,239.335,239.544,239.892,-0.550,-0.538
2017-04-03 13:42:00,239.148,239.755,601.000,7122.000,239.05,239.10,7500.000,5000.000,239.60,239.75,5945.000,831.000,239.00,239.25,5000.000,7500.000,239.55,239.80,12687.000,12298.000,45000.000,25000.000,238.951,239.195,239.425,239.835,-0.600,-0.509
2017-04-03 13:43:00,239.076,239.690,3260.000,6603.000,239.00,239.10,7500.000,5000.000,239.60,239.75,774.000,3.000,238.95,239.15,5000.000,7500.000,239.55,239.80,11439.000,9724.000,27500.000,22500.000,238.910,239.158,239.514,239.839,-0.625,-0.474
2017-04-03 13:44:00,239.017,239.515,25.000,3.000,238.90,238.95,2500.000,2500.000,239.50,239.60,987.000,101.000,238.85,239.00,2500.000,2500.000,239.40,239.65,12115.000,2565.000,20000.000,22500.000,238.773,239.117,239.325,239.733,-0.625,-0.468
2017-04-03 13:45:00,239.184,239.652,47.000,429.000,239.10,239.20,2500.000,7500.000,239.55,239.80,320.000,1701.000,239.05,239.25,7500.000,2500.000,239.50,239.85,4743.000,3929.000,27500.000,32500.000,238.966,239.298,239.395,239.954,-0.525,-0.461
2017-04-03 13:46:00,239.085,239.588,374.000,170.000,239.00,239.10,2500.000,2500.000,239.45,239.65,14249.000,386.000,238.95,239.15,5000.000,5000.000,239.40,239.70,17853.000,6894.000,22500.000,17500.000,238.928,239.239,239.333,239.743,-0.500,-0.435
2017-04-03 13:47:00,239.131,239.595,12744.000,6.000,239.00,239.10,2500.000,5000.000,239.50,239.75,1918.000,21.000,238.95,239.15,5000.000,7500.000,239.45,239.80,20015.000,1557.000,20000.000,27500.000,238.948,239.244,239.400,239.877,-0.575,-0.428
2017-04-03 13:48:00,239.196,239.633,10337.000,1050.000,239.00,239.25,2500.000,2500.000,239.55,239.75,2123.000,714.000,238.95,239.30,2500.000,5000.000,239.50,239.80,18491.000,6915.000,20000.000,25000.000,238.938,239.367,239.431,239.900,-0.525,-0.478
2017-04-03 13:49:00,239.209,239.678,560.000,552.000,239.10,239.25,2500.000,2500.000,239.55,239.75,6724.000,196.000,239.05,239.30,2500.000,5000.000,239.50,239.85,11259.000,5820.000,20000.000,20000.000,239.016,239.383,239.431,239.900,-0.475,-0.500
2017-04-03 13:50:00,239.221,239.655,286.000,522.000,239.10,239.25,2500.000,5000.000,239.55,239.75,7242.000,354.000,239.05,239.30,2500.000,5000.000,239.50,239.85,11036.000,4795.000,22500.000,27500.000,239.017,239.388,239.422,239.905,-0.475,-0.514
2017-04-03 13:51:00,239.215,239.585,488.000,1179.000,239.10,239.25,5000.000,5000.000,239.50,239.70,7242.000,844.000,239.05,239.30,5000.000,5000.000,239.45,239.75,10772.000,5482.000,25000.000,32500.000,239.021,239.360,239.400,239.881,-0.425,-0.554
2017-04-03 13:52:00,239.201,239.628,109.000,262.000,239.15,239.25,2500.000,2500.000,239.55,239.70,2181.000,839.000,239.10,239.30,5000.000,10000.000,239.50,239.75,5974.000,5764.000,20000.000,25000.000,239.030,239.375,239.438,239.820,-0.425,-0.573
2017-04-03 13:53:00,238.986,239.675,2064.000,291.000,238.95,239.00,5000.000,5000.000,239.40,239.55,1035.000,129.000,238.90,239.10,5000.000,2500.000,239.35,239.65,8770.000,7430.000,72500.000,17500.000,238.832,239.213,239.233,239.679,-0.500,-0.529
2017-04-03 13:54:00,238.981,239.563,1268.000,905.000,238.95,239.00,5000.000,10000.000,239.35,239.50,761.000,216.000,238.90,239.05,2500.000,5000.000,239.30,239.55,6845.000,5868.000,70000.000,27500.000,238.820,239.142,239.218,239.600,-0.450,-0.511
2017-04-03 13:55:00,238.906,239.406,2662.000,3.000,238.75,238.90,2500.000,2500.000,239.25,239.40,1011.000,370.000,238.70,238.95,50000.000,2500.000,239.20,239.45,11841.000,4166.000,65000.000,17500.000,238.642,239.033,239.179,239.514,-0.500,-0.491
2017-04-03 13:56:00,238.939,239.509,106.000,4095.000,238.85,239.00,2500.000,5000.000,239.30,239.55,1599.000,374.000,238.80,239.05,5000.000,10000.000,239.25,239.60,5437.000,6196.000,65000.000,30000.000,238.750,239.051,239.198,239.650,-0.500,-0.472
2017-04-03 13:57:00,239.028,239.551,440.000,2967.000,238.90,239.00,2500.000,2500.000,239.35,239.55,840.000,344.000,238.85,239.05,2500.000,10000.000,239.30,239.60,10366.000,5414.000,62500.000,27500.000,238.769,239.069,239.212,239.659,-0.500,-0.458
2017-04-03 13:58:00,238.971,239.442,653.000,3445.000,238.85,239.00,5000.000,2500.000,239.25,239.40,1529.000,491.000,238.80,239.05,50000.000,5000.000,239.20,239.55,10637.000,7452.000,67500.000,27500.000,238.745,239.071,239.181,239.632,-0.400,-0.442
2017-04-03 13:59:00,238.950,239.441,1460.000,13.000,238.85,238.95,2500.000,7500.000,239.30,239.45,1313.000,3216.000,238.80,239.00,5000.000,2500.000,239.25,239.55,12380.000,6073.000,62500.000,37500.000,238.745,239.065,239.202,239.640,-0.475,-0.442
2017-04-03 14:00:00,238.935,239.336,350.000,180.000,238.85,238.95,50000.000,5000.000,239.20,239.30,1285.000,4477.000,238.80,239.00,2500.000,2500.000,239.15,239.45,10844.000,8095.000,82500.000,22500.000,238.733,239.043,239.133,239.500,-0.350,-0.444
2017-04-03 14:01:00,238.986,239.460,1422.000,3361.000,238.85,238.95,2500.000,2500.000,239.25,239.40,605.000,639.000,238.80,239.00,50000.000,2500.000,239.20,239.50,12136.000,5109.000,65000.000,12500.000,238.738,238.995,239.179,239.540,-0.425,-0.459
2017-04-03 14:02:00,238.927,239.379,1382.000,3228.000,238.85,238.95,2500.000,2500.000,239.25,239.30,2081.000,2466.000,238.80,239.00,42500.000,2500.000,239.20,239.40,12642.000,10155.000,57500.000,12500.000,238.750,239.027,239.176,239.450,-0.375,-0.475
2017-04-03 14:03:00,239.084,239.474,154.000,565.000,238.90,239.00,2500.000,2500.000,239.40,239.50,6476.000,134.000,238.85,239.05,22500.000,2500.000,239.25,239.55,20674.000,2148.000,52500.000,20000.000,238.785,239.120,239.224,239.662,-0.500,-0.493
2017-04-03 14:04:00,239.005,239.498,4690.000,293.000,238.90,239.00,2500.000,2500.000,239.30,239.40,669.000,447.000,238.85,239.05,25000.000,2500.000,239.25,239.55,13241.000,4687.000,57500.000,15000.000,238.812,239.131,239.220,239.583,-0.400,-0.493
2017-04-03 14:05:00,239.164,239.576,476.000,708.000,238.95,239.05,2500.000,7500.000,239.50,239.75,4932.000,307.000,238.90,239.10,2500.000,5000.000,239.45,239.80,19915.000,1603.000,15000.000,27500.000,238.812,239.122,239.392,239.873,-0.625,-0.499
2017-04-03 14:06:00,239.104,239.650,100.000,214.000,238.95,239.00,2500.000,2500.000,239.45,239.60,4627.000,254.000,238.90,239.05,2500.000,2500.000,239.35,239.70,19313.000,3143.000,57500.000,25000.000,238.796,239.149,239.243,239.760,-0.550,-0.498
2017-04-03 14:07:00,239.017,239.551,4682.000,290.000,238.90,239.00,2500.000,2500.000,239.35,239.55,603.000,1680.000,238.85,239.05,2500.000,5000.000,239.30,239.60,13250.000,4112.000,60000.000,27500.000,238.812,239.115,239.227,239.695,-0.500,-0.498
2017-04-03 14:08:00,239.036,239.512,229.000,3164.000,238.95,239.00,5000.000,7500.000,239.35,239.50,4672.000,1808.000,238.90,239.05,20000.000,2500.000,239.30,239.60,13871.000,8525.000,60000.000,30000.000,238.813,239.080,239.246,239.650,-0.450,-0.511
2017-04-03 14:09:00,239.129,239.625,220.000,1113.000,239.00,239.10,2500.000,5000.000,239.45,239.60,5180.000,1035.000,238.90,239.15,2500.000,2500.000,239.40,239.65,19835.000,8150.000,32500.000,17500.000,238.803,239.216,239.323,239.721,-0.475,-0.524
2017-04-03 14:10:00,239.169,239.609,283.000,1446.000,239.00,239.10,2500.000,7500.000,239.50,239.70,300.000,216.000,238.95,239.15,2500.000,12500.000,239.45,239.80,11946.000,3435.000,30000.000,42500.000,238.858,239.184,239.342,239.841,-0.550,-0.570
2017-04-03 14:11:00,239.026,239.568,5154.000,320.000,238.90,239.05,2500.000,2500.000,239.40,239.55,415.000,1605.000,238.85,239.10,2500.000,2500.000,239.35,239.60,19142.000,9211.000,55000.000,22500.000,238.791,239.202,239.257,239.689,-0.500,-0.597
2017-04-03 14:12:00,238.991,239.526,4621.000,209.000,238.90,238.95,2500.000,2500.000,239.35,239.55,405.000,579.000,238.85,239.00,20000.000,2500.000,239.30,239.60,12803.000,2838.000,55000.000,22500.000,238.811,239.074,239.245,239.689,-0.525,-0.620
2017-04-03 14:13:00,239.036,239.580,105.000,226.000,238.95,239.05,2500.000,2500.000,239.40,239.55,4521.000,1017.000,238.90,239.10,2500.000,2500.000,239.35,239.60,14137.000,8823.000,55000.000,20000.000,238.811,239.210,239.257,239.681,-0.475,-0.654
2017-04-03 14:14:00,238.890,239.450,1556.000,883.000,238.80,238.95,20000.000,2500.000,239.30,239.45,5956.000,6561.000,238.75,239.00,5000.000,5000.000,239.25,239.50,12793.000,11264.000,52500.000,15000.000,238.706,239.036,239.236,239.558,-0.500,-0.659
2017-04-03 14:15:00,238.834,239.505,3765.000,561.000,238.80,238.95,7500.000,2500.000,239.35,239.50,2198.000,6430.000,238.75,239.00,20000.000,7500.000,239.30,239.60,8823.000,12155.000,55000.000,27500.000,238.737,239.046,239.257,239.655,-0.550,-0.669
2017-04-03 14:16:00,238.849,239.524,661.000,215.000,238.80,238.90,5000.000,2500.000,239.35,239.55,1884.000,626.000,238.75,238.95,20000.000,7500.000,239.30,239.65,8489.000,9793.000,52500.000,30000.000,238.678,239.000,239.252,239.717,-0.600,-0.686
2017-04-03 14:17:00,238.869,239.517,651.000,90.000,238.80,238.90,5000.000,5000.000,239.35,239.55,1997.000,630.000,238.75,238.95,22500.000,2500.000,239.30,239.60,8511.000,7610.000,55000.000,25000.000,238.678,239.001,239.255,239.665,-0.600,-0.663
2017-04-03 14:18:00,238.630,239.348,807.000,510.000,238.60,238.65,5000.000,2500.000,239.15,239.30,15.000,671.000,238.50,238.70,2500.000,5000.000,239.10,239.40,6342.000,4700.000,40000.000,17500.000,238.425,238.780,239.016,239.443,-0.600,-0.708
2017-04-03 14:19:00,238.389,238.971,720.000,50.000,238.10,238.25,45000.000,5000.000,238.80,239.05,4615.000,209.000,238.05,238.40,2500.000,5000.000,238.75,239.10,19595.000,2291.000,67500.000,27500.000,238.004,238.516,238.741,239.150,-0.750,-0.726
2017-04-03 14:20:00,238.433,239.153,295.000,421.000,238.25,238.40,2500.000,2500.000,239.00,239.15,1217.000,252.000,238.20,238.45,5000.000,5000.000,238.85,239.20,7439.000,2578.000,60000.000,17500.000,238.103,238.544,238.798,239.243,-0.750,-0.723
2017-04-03 14:21:00,238.314,239.073,211.000,930.000,238.15,238.25,42500.000,7500.000,238.80,239.00,1300.000,837.000,238.10,238.30,5000.000,2500.000,238.60,239.10,17210.000,4579.000,130000.000,25000.000,238.012,238.365,238.555,239.120,-0.700,-0.707
2017-04-03 14:22:00,238.396,238.932,10.000,491.000,238.20,238.35,5000.000,2500.000,238.80,239.00,852.000,500.000,238.15,238.40,5000.000,7500.000,238.75,239.05,15523.000,6266.000,25000.000,22500.000,238.023,238.478,238.695,239.128,-0.625,-0.751
2017-04-03 14:23:00,238.593,239.533,989.000,100.000,238.60,238.75,2500.000,2500.000,239.30,239.55,458.000,1003.000,238.55,238.80,5000.000,5000.000,239.25,239.60,3444.000,5726.000,45000.000,15000.000,238.498,238.912,239.150,239.642,-0.750,-0.747
2017-04-03 14:24:00,238.618,239.292,1105.000,872.000,238.55,238.70,22500.000,7500.000,239.20,239.45,1326.000,608.000,238.50,238.75,2500.000,2500.000,239.00,239.55,4557.000,4545.000,45000.000,32500.000,238.460,238.804,239.033,239.596,-0.700,-0.746
2017-04-03 14:25:00,238.484,239.188,1.000,978.000,238.35,238.40,20000.000,5000.000,239.20,239.35,603.000,150.000,238.30,238.55,5000.000,2500.000,239.00,239.40,10643.000,5148.000,37500.000,27500.000,238.228,238.632,239.037,239.468,-0.900,-0.742
2017-04-03 14:26:00,238.313,238.993,381.000,398.000,238.15,238.30,2500.000,2500.000,238.80,239.00,1213.000,1009.000,238.10,238.35,2500.000,2500.000,238.75,239.15,14928.000,5729.000,35000.000,22500.000,238.021,238.438,238.539,239.261,-0.675,-0.740
2017-04-03 14:27:00,238.285,239.042,103.000,4.000,238.35,238.40,2500.000,2500.000,238.90,239.10,138.000,454.000,238.30,238.45,2500.000,5000.000,238.85,239.25,868.000,2415.000,22500.000,22500.000,238.217,238.555,238.722,239.306,-0.625,-0.726
2017-04-03 14:28:00,238.325,239.243,441.000,444.000,238.30,238.35,5000.000,2500.000,238.80,239.05,1054.000,349.000,238.25,238.50,2500.000,2500.000,238.75,239.10,4847.000,6563.000,110000.000,15000.000,238.196,238.581,238.534,239.217,-0.600,-0.722
2017-04-03 14:29:00,238.379,239.050,108.000,243.000,238.35,238.45,5000.000,2500.000,238.90,239.10,710.000,1406.000,238.25,238.50,5000.000,2500.000,238.85,239.15,6468.000,6270.000,22500.000,15000.000,238.164,238.588,238.750,239.283,-0.600,-0.738
2017-04-03 14:30:00,238.503,239.185,76.000,2738.000,238.45,238.50,5000.000,5000.000,239.05,239.30,1570.000,124.000,238.40,238.55,10000.000,2500.000,239.00,239.35,4932.000,4974.000,27500.000,22500.000,238.318,238.576,238.955,239.406,-0.700,-0.740
2017-04-03 14:31:00,238.487,239.161,3.000,1114.000,238.55,238.70,2500.000,2500.000,239.10,239.30,1221.000,582.000,238.45,238.75,5000.000,2500.000,239.05,239.35,4976.000,11523.000,20000.000,25000.000,238.315,238.876,239.006,239.490,-0.575,-0.741
2017-04-03 14:32:00,238.590,239.273,234.000,900.000,238.55,238.60,2500.000,2500.000,239.20,239.40,317.000,120.000,238.50,238.65,2500.000,5000.000,239.15,239.45,3413.000,3456.000,15000.000,17500.000,238.409,238.709,239.050,239.507,-0.725,-0.733
2017-04-03 14:33:00,238.393,239.291,185.000,540.000,238.45,238.55,5000.000,2500.000,239.05,239.30,142.000,358.000,238.40,238.60,2500.000,2500.000,239.00,239.40,1952.000,5756.000,27500.000,15000.000,238.321,238.704,238.877,239.475,-0.675,-0.686
2017-04-03 14:34:00,238.442,239.192,1.000,175.000,238.50,238.55,2500.000,5000.000,239.15,239.35,108.000,3.000,238.45,238.60,2500.000,2500.000,239.10,239.40,2025.000,4571.000,12500.000,20000.000,238.331,238.731,239.040,239.500,-0.725,-0.665
2017-04-03 14:35:00,238.598,239.294,70.000,1.000,238.70,238.75,5000.000,2500.000,239.25,239.45,1029.000,103.000,238.60,238.80,2500.000,5000.000,239.20,239.50,3137.000,6238.000,17500.000,25000.000,238.542,238.933,239.150,239.605,-0.625,-0.682
2017-04-03 14:36:00,238.571,239.250,436.000,764.000,238.55,238.75,2500.000,2500.000,239.25,239.40,1032.000,1542.000,238.50,238.80,2500.000,2500.000,239.20,239.45,4232.000,8106.000,15000.000,27500.000,238.427,238.887,239.133,239.582,-0.675,-0.674
2017-04-03 14:37:00,238.650,239.293,4.000,680.000,238.60,238.70,2500.000,2500.000,239.25,239.40,453.000,4784.000,238.50,238.75,2500.000,5000.000,239.20,239.50,8754.000,8773.000,15000.000,22500.000,238.421,238.781,239.133,239.594,-0.675,-0.679
2017-04-03 14:38:00,238.487,239.147,2245.000,657.000,238.40,238.60,2500.000,2500.000,239.20,239.35,586.000,174.000,238.35,238.65,2500.000,2500.000,239.05,239.40,12131.000,11904.000,12500.000,27500.000,238.285,238.747,239.020,239.459,-0.775,-0.687
2017-04-03 14:39:00,238.464,239.112,767.000,312.000,238.30,238.50,2500.000,2500.000,239.05,239.25,458.000,628.000,238.25,238.55,5000.000,2500.000,239.00,239.30,7316.000,4772.000,15000.000,17500.000,238.146,238.627,238.933,239.350,-0.750,-0.705
2017-04-03 14:40:00,238.335,239.117,1835.000,437.000,238.20,238.30,2500.000,10000.000,238.95,239.15,488.000,3.000,238.15,238.35,7500.000,5000.000,238.90,239.30,18043.000,7151.000,22500.000,22500.000,238.040,238.479,238.844,239.267,-0.800,-0.696
2017-04-03 14:41:00,238.391,239.027,97.000,5868.000,238.35,238.50,5000.000,5000.000,239.00,239.15,3098.000,466.000,238.30,238.55,5000.000,2500.000,238.95,239.30,4723.000,9609.000,22500.000,37500.000,238.270,238.551,238.917,239.410,-0.650,-0.713
2017-04-03 14:42:00,238.425,239.097,206.000,464.000,238.35,238.45,2500.000,2500.000,239.00,239.10,2550.000,1295.000,238.30,238.50,2500.000,2500.000,238.95,239.15,6104.000,4458.000,25000.000,20000.000,238.236,238.566,238.850,239.306,-0.650,-0.769
2017-04-03 14:43:00,238.390,239.088,100.000,158.000,238.40,238.45,2500.000,2500.000,239.05,239.15,2178.000,5145.000,238.30,238.50,2500.000,2500.000,238.90,239.25,6265.000,8701.000,22500.000,20000.000,238.225,238.546,238.833,239.331,-0.675,-0.816
2017-04-03 14:44:00,238.324,239.059,60.000,59.000,238.35,238.40,5000.000,2500.000,238.90,239.15,376.000,371.000,238.25,238.45,2500.000,5000.000,238.85,239.20,2100.000,3132.000,22500.000,17500.000,238.157,238.525,238.794,239.243,-0.650,-0.860
2017-04-03 14:45:00,238.255,238.991,82.000,483.000,238.35,238.40,2500.000,5000.000,238.95,239.15,335.000,555.000,238.25,238.45,2500.000,5000.000,238.90,239.30,962.000,3967.000,17500.000,37500.000,238.200,238.512,238.829,239.397,-0.675,-0.930
2017-04-03 14:46:00,238.236,238.958,60.000,598.000,238.10,238.30,2500.000,2500.000,238.85,239.05,1514.000,150.000,238.05,238.35,5000.000,5000.000,238.80,239.10,13283.000,8561.000,15000.000,15000.000,237.972,238.462,238.758,239.158,-0.750,-0.995
2017-04-03 14:47:00,237.993,238.944,454.000,30.000,237.85,237.95,2500.000,2500.000,238.75,238.80,3079.000,50.000,237.80,238.00,2500.000,2500.000,238.65,238.90,12189.000,3630.000,92500.000,25000.000,237.715,238.113,238.558,239.000,-0.875,-1.039
2017-04-03 14:48:00,237.972,238.909,114.000,340.000,237.85,237.90,2500.000,2500.000,238.75,238.80,197.000,3081.000,237.80,238.00,2500.000,2500.000,238.65,238.85,11558.000,6774.000,90000.000,22500.000,237.696,238.050,238.560,238.956,-0.900,-1.046
2017-04-03 14:49:00,237.978,238.935,324.000,1489.000,238.05,238.15,2500.000,2500.000,238.85,239.00,675.000,1221.000,238.00,238.20,5000.000,2500.000,238.80,239.05,3337.000,16937.000,17500.000,15000.000,237.906,238.284,238.750,239.108,-0.825,-1.042
2017-04-03 14:50:00,237.828,238.910,2340.000,611.000,237.70,237.90,2500.000,2500.000,238.70,238.85,4990.000,412.000,237.65,237.95,10000.000,7500.000,238.65,238.90,20717.000,15702.000,90000.000,22500.000,237.595,238.006,238.562,238.950,-0.975,-1.013
2017-04-03 14:51:00,237.773,238.823,6494.000,1188.000,237.65,237.90,25000.000,10000.000,238.70,238.80,5396.000,1248.000,237.60,237.95,2500.000,5000.000,238.65,238.85,21263.000,19144.000,77500.000,35000.000,237.580,237.997,238.577,238.896,-0.975,-0.997
2017-04-03 14:52:00,237.815,238.984,16.000,2.000,237.80,237.85,2500.000,5000.000,238.75,238.90,100.000,150.000,237.75,237.90,25000.000,12500.000,238.70,239.00,13113.000,15151.000,77500.000,30000.000,237.640,238.003,238.581,239.025,-1.000,-0.978
2017-04-03 14:53:00,237.950,238.926,100.000,11397.000,237.90,238.00,7500.000,10000.000,238.80,238.95,9226.000,63.000,237.85,238.05,2500.000,10000.000,238.75,239.00,11509.000,15610.000,50000.000,32500.000,237.824,238.042,238.697,239.035,-0.925,-0.987
2017-04-03 14:54:00,237.940,238.874,290.000,12105.000,237.90,238.00,7500.000,15000.000,238.75,238.95,9796.000,1053.000,237.85,238.05,25000.000,10000.000,238.70,239.00,10540.000,16304.000,52500.000,40000.000,237.846,238.033,238.676,239.034,-0.900,-0.979
2017-04-03 14:55:00,237.906,238.841,90.000,6956.000,237.90,237.95,27500.000,5000.000,238.70,238.85,8157.000,6465.000,237.85,238.00,10000.000,5000.000,238.65,238.90,8761.000,16220.000,70000.000,27500.000,237.844,237.998,238.613,238.955,-0.850,-0.995
2017-04-03 14:56:00,237.916,238.891,2992.000,6519.000,237.85,237.95,2500.000,5000.000,238.80,238.90,289.000,5651.000,237.80,238.00,25000.000,5000.000,238.70,238.95,11513.000,15183.000,60000.000,32500.000,237.728,238.003,238.615,238.996,-0.950,-1.022
2017-04-03 14:57:00,237.873,238.945,100.000,4165.000,237.90,237.95,2500.000,7500.000,238.75,238.95,1405.000,5368.000,237.85,238.00,27500.000,12500.000,238.70,239.00,2325.000,12011.000,65000.000,30000.000,237.815,238.008,238.612,239.021,-0.925,-1.008
2017-04-03 14:58:00,237.918,238.939,148.000,3916.000,237.90,237.95,2500.000,5000.000,238.90,238.95,552.000,4578.000,237.85,238.00,2500.000,7500.000,238.80,239.00,5872.000,11157.000,35000.000,35000.000,237.776,238.014,238.679,239.157,-1.000,-1.007
2017-04-03 14:59:00,238.151,239.043,944.000,680.000,238.05,238.20,2500.000,2500.000,238.95,239.15,3057.000,1252.000,238.00,238.25,7500.000,5000.000,238.90,239.20,6934.000,4944.000,25000.000,27500.000,237.960,238.296,238.850,239.286,-0.925,-1.032
2017-04-03 15:00:00,238.180,239.197,229.000,94.000,238.25,238.30,2500.000,2500.000,239.15,239.25,300.000,252.000,238.20,238.35,7500.000,2500.000,239.10,239.40,2843.000,7877.000,22500.000,27500.000,238.097,238.469,239.061,239.482,-0.925,-1.041
2017-04-03 15:01:00,238.319,239.426,7.000,152.000,238.35,238.40,2500.000,5000.000,239.25,239.40,88.000,2381.000,238.30,238.45,5000.000,5000.000,239.15,239.50,2826.000,8719.000,37500.000,20000.000,238.175,238.515,239.067,239.519,-0.950,-1.057
2017-04-03 15:02:00,238.415,239.420,1370.000,619.000,238.45,238.50,5000.000,2500.000,239.35,239.45,71.000,349.000,238.40,238.55,2500.000,2500.000,239.30,239.50,2284.000,4413.000,20000.000,17500.000,238.394,238.608,239.250,239.600,-0.925,-1.045
2017-04-03 15:03:00,238.493,239.506,8.000,1314.000,238.55,238.60,5000.000,2500.000,239.40,239.60,319.000,859.000,238.50,238.65,2500.000,2500.000,239.35,239.65,1307.000,5444.000,25000.000,20000.000,238.423,238.714,239.290,239.725,-0.925,-1.057
2017-04-03 15:04:00,238.564,239.581,424.000,432.000,238.55,238.60,2500.000,2500.000,239.45,239.65,183.000,261.000,238.50,238.65,5000.000,5000.000,239.40,239.70,3102.000,3042.000,25000.000,20000.000,238.433,238.742,239.325,239.762,-0.975,-1.089
2017-04-03 15:05:00,238.649,239.713,7.000,1170.000,238.65,238.85,7500.000,10000.000,239.60,239.85,1210.000,1003.000,238.60,238.90,5000.000,7500.000,239.55,239.90,3686.000,10327.000,27500.000,32500.000,238.518,238.970,239.505,239.935,-0.975,-1.109
2017-04-03 15:06:00,238.506,239.690,1044.000,646.000,238.50,238.75,2500.000,7500.000,239.65,239.85,678.000,857.000,238.45,238.80,5000.000,5000.000,239.60,239.90,4217.000,9365.000,25000.000,37500.000,238.409,238.895,239.500,239.960,-1.125,-1.124
2017-04-03 15:07:00,238.622,239.569,5261.000,333.000,238.70,238.75,2500.000,2500.000,239.55,239.80,250.000,893.000,238.65,238.80,7500.000,7500.000,239.50,239.85,7328.000,8186.000,25000.000,55000.000,238.630,238.905,239.445,239.934,-0.950,-1.193
2017-04-03 15:08:00,238.392,239.467,31.000,377.000,238.40,238.45,2500.000,2500.000,239.35,239.60,20.000,7183.000,238.35,238.50,5000.000,2500.000,239.30,239.65,2221.000,8668.000,25000.000,27500.000,238.255,238.510,239.240,239.705,-1.050,-1.228
2017-04-03 15:09:00,238.387,239.564,5.000,145.000,238.40,238.45,2500.000,2500.000,239.45,239.60,100.000,1282.000,238.35,238.50,5000.000,2500.000,239.40,239.65,2545.000,4543.000,32500.000,22500.000,238.247,238.585,239.319,239.728,-1.100,-1.205
2017-04-03 15:10:00,238.386,239.548,909.000,72.000,238.25,238.45,5000.000,2500.000,239.50,239.70,1896.000,5240.000,238.20,238.50,5000.000,2500.000,239.45,239.75,9790.000,7676.000,27500.000,40000.000,238.135,238.542,239.382,239.838,-1.250,-1.211
2017-04-03 15:11:00,238.195,239.455,2436.000,60.000,238.10,238.20,7500.000,7500.000,239.25,239.50,487.000,496.000,238.05,238.25,7500.000,5000.000,239.20,239.55,5751.000,2223.000,47500.000,32500.000,238.022,238.322,239.134,239.650,-1.225,-1.190
2017-04-03 15:12:00,237.828,239.121,733.000,5468.000,237.75,237.80,10000.000,5000.000,239.05,239.15,4520.000,250.000,237.65,237.85,5000.000,10000.000,239.00,239.20,20268.000,10157.000,37500.000,35000.000,237.583,237.881,238.940,239.279,-1.325,-1.193
2017-04-03 15:13:00,237.811,239.061,1.000,624.000,237.75,237.80,2500.000,2500.000,238.90,239.05,1161.000,341.000,237.70,237.85,2500.000,2500.000,238.85,239.10,14350.000,8821.000,35000.000,22500.000,237.603,237.961,238.743,239.211,-1.200,-1.188
2017-04-03 15:14:00,238.101,239.159,538.000,133.000,237.80,238.00,5000.000,5000.000,239.10,239.35,1940.000,1062.000,237.75,238.05,2500.000,5000.000,239.05,239.40,20524.000,2160.000,25000.000,42500.000,237.658,238.088,239.005,239.459,-1.325,-1.228
2017-04-03 15:15:00,237.923,239.117,1076.000,322.000,237.90,237.95,2500.000,5000.000,239.05,239.20,60.000,839.000,237.85,238.00,7500.000,5000.000,239.00,239.25,5707.000,4701.000,25000.000,27500.000,237.794,238.088,238.935,239.314,-1.200,-1.244
2017-04-03 15:16:00,237.945,239.100,622.000,673.000,237.70,237.90,2500.000,2500.000,239.05,239.25,6620.000,1039.000,237.65,237.95,10000.000,2500.000,239.00,239.30,21184.000,4155.000,22500.000,32500.000,237.590,237.990,238.956,239.369,-1.350,-1.268
2017-04-03 15:17:00,237.809,239.117,1.000,13.000,237.80,237.85,10000.000,5000.000,238.95,239.20,2521.000,2058.000,237.75,237.90,5000.000,2500.000,238.90,239.25,5290.000,6355.000,40000.000,27500.000,237.678,237.977,238.853,239.295,-1.250,-1.273
2017-04-03 15:18:00,237.875,239.098,193.000,974.000,237.80,237.90,2500.000,5000.000,239.05,239.15,1505.000,1528.000,237.75,237.95,10000.000,2500.000,239.00,239.25,9835.000,9365.000,25000.000,30000.000,237.666,237.993,238.945,239.312,-1.250,-1.291
2017-04-03 15:19:00,237.959,239.218,2137.000,1161.000,237.85,238.00,2500.000,5000.000,239.15,239.25,308.000,2143.000,237.80,238.05,5000.000,5000.000,239.10,239.30,9622.000,6361.000,25000.000,22500.000,237.761,238.086,239.020,239.344,-1.275,-1.329
2017-04-03 15:20:00,237.948,239.221,561.000,1045.000,237.85,237.95,2500.000,7500.000,239.10,239.25,410.000,263.000,237.80,238.00,2500.000,2500.000,239.05,239.30,8454.000,5114.000,30000.000,22500.000,237.715,238.077,238.946,239.328,-1.275,-1.344
2017-04-03 15:21:00,237.602,238.879,2.000,4057.000,237.55,237.65,2500.000,7500.000,238.75,238.95,750.000,404.000,237.50,237.70,20000.000,2500.000,238.70,239.00,6873.000,10650.000,37500.000,27500.000,237.409,237.721,238.660,239.041,-1.250,-1.310
2017-04-03 15:22:00,237.507,238.839,2500.000,152.000,237.45,237.50,7500.000,2500.000,238.75,238.95,8549.000,61.000,237.40,237.55,2500.000,10000.000,238.70,239.00,11976.000,1987.000,27500.000,30000.000,237.401,237.630,238.645,239.058,-1.375,-1.279
2017-04-03 15:23:00,237.386,238.702,2794.000,1454.000,237.20,237.40,12500.000,2500.000,238.60,238.70,23.000,262.000,237.15,237.45,7500.000,2500.000,238.55,238.75,11558.000,6807.000,52500.000,20000.000,237.055,237.482,238.519,238.806,-1.350,-1.245
2017-04-03 15:24:00,237.278,238.725,1.000,345.000,237.30,237.40,10000.000,7500.000,238.60,238.80,250.000,250.000,237.20,237.45,7500.000,2500.000,238.55,238.85,1699.000,2805.000,47500.000,32500.000,237.102,237.542,238.511,238.915,-1.350,-1.188
2017-04-03 15:25:00,237.245,238.593,1.000,1044.000,237.15,237.30,2500.000,2500.000,238.55,238.65,2160.000,460.000,237.10,237.35,12500.000,5000.000,238.50,238.70,9285.000,6883.000,25000.000,25000.000,237.026,237.445,238.465,238.750,-1.375,-1.260
2017-04-03 15:26:00,237.580,238.690,50.000,408.000,237.45,237.50,10000.000,2500.000,238.60,238.80,335.000,573.000,237.35,237.60,7500.000,10000.000,238.55,238.85,4887.000,2734.000,37500.000,35000.000,237.241,237.694,238.513,238.921,-1.225,-1.260
2017-04-03 15:27:00,237.520,238.698,806.000,579.000,237.40,237.45,2500.000,10000.000,238.65,238.80,1028.000,223.000,237.35,237.50,10000.000,10000.000,238.60,238.85,5171.000,1733.000,35000.000,47500.000,237.294,237.558,238.546,238.903,-1.300,-1.260
2017-04-03 15:28:00,237.617,238.759,1029.000,269.000,237.45,237.50,10000.000,2500.000,238.70,238.75,20.000,57.000,237.40,237.60,7500.000,2500.000,238.65,238.80,4253.000,1114.000,42500.000,25000.000,237.336,237.685,238.591,238.860,-1.250,-1.260
2017-04-03 15:29:00,237.517,238.679,1377.000,327.000,237.40,237.50,7500.000,5000.000,238.60,238.80,250.000,2903.000,237.35,237.90,5000.000,10000.000,238.55,238.85,5874.000,11624.000,30000.000,30000.000,237.268,237.928,238.512,238.900,-1.250,-1.260
2017-04-03 15:30:00,236.789,238.500,914.000,51.000,237.05,237.10,2500.000,2500.000,238.00,238.35,602.000,2500.000,237.00,237.15,10000.000,2500.000,237.90,238.40,5521.000,15553.000,62500.000,22500.000,236.714,237.442,237.602,238.672,-1.100,-1.260
2017-04-05 09:16:00,237.604,238.513,1217.000,494.000,237.60,237.85,2500.000,2500.000,238.35,238.90,549.000,48.000,237.55,237.90,2500.000,2500.000,238.05,239.20,1848.000,3648.000,17500.000,20000.000,237.574,237.987,237.800,239.312,-0.900,-1.146
2017-04-05 09:17:00,237.753,238.773,274.000,120.000,237.75,237.90,2500.000,2500.000,238.70,239.00,736.000,408.000,237.70,237.95,2500.000,2500.000,238.60,239.20,2951.000,7368.000,12500.000,20000.000,237.622,238.038,238.500,239.256,-1.025,-1.191
2017-04-05 09:18:00,237.644,238.815,201.000,73.000,237.65,237.75,2500.000,2500.000,238.65,239.00,404.000,110.000,237.60,237.85,2500.000,2500.000,238.60,239.05,3124.000,4667.000,12500.000,12500.000,237.537,237.984,238.530,239.100,-1.125,-1.184
2017-04-05 09:19:00,237.717,238.843,293.000,369.000,237.70,237.80,2500.000,5000.000,238.75,239.00,50.000,143.000,237.60,237.85,2500.000,2500.000,238.70,239.15,6408.000,8949.000,15000.000,22500.000,237.476,237.920,238.567,239.211,-1.125,-1.180
2017-04-05 09:20:00,237.990,239.185,1558.000,188.000,237.85,238.00,2500.000,2500.000,239.05,239.20,671.000,2560.000,237.80,238.10,2500.000,5000.000,239.00,239.40,14418.000,8864.000,15000.000,17500.000,237.736,238.183,238.917,239.450,-1.200,-1.200
2017-04-05 09:21:00,237.930,239.150,109.000,116.000,237.95,238.00,2500.000,5000.000,238.95,239.25,72.000,1374.000,237.90,238.05,2500.000,5000.000,238.90,239.30,1000.000,2435.000,17500.000,20000.000,237.769,238.087,238.829,239.375,-1.125,-1.189
2017-04-05 09:22:00,237.731,238.975,157.000,50.000,237.80,237.85,5000.000,2500.000,238.85,239.15,58.000,649.000,237.75,237.90,2500.000,2500.000,238.80,239.20,1127.000,3812.000,17500.000,17500.000,237.670,237.993,238.743,239.293,-1.175,-1.182
2017-04-05 09:23:00,237.947,239.081,1035.000,716.000,237.80,237.95,2500.000,2500.000,238.95,239.25,3.000,1444.000,237.75,238.00,2500.000,2500.000,238.90,239.30,7115.000,4237.000,15000.000,17500.000,237.669,238.028,238.833,239.364,-1.225,-1.185
2017-04-05 09:24:00,238.129,239.234,2.000,1151.000,238.05,238.10,5000.000,7500.000,239.10,239.40,14.000,759.000,238.00,238.15,7500.000,5000.000,239.00,239.45,3315.000,3142.000,20000.000,20000.000,237.810,238.172,238.969,239.481,-1.175,-1.130
2017-04-05 09:25:00,238.026,239.321,444.000,1137.000,238.00,238.10,7500.000,7500.000,239.10,239.40,368.000,680.000,237.95,238.20,2500.000,2500.000,239.05,239.50,3928.000,6330.000,25000.000,17500.000,237.848,238.282,239.000,239.521,-1.200,-1.089
2017-04-05 09:26:00,237.866,239.032,521.000,87.000,237.80,238.00,2500.000,2500.000,238.95,239.20,826.000,406.000,237.75,238.05,2500.000,5000.000,238.90,239.25,4977.000,6230.000,15000.000,20000.000,237.678,238.138,238.850,239.319,-1.175,-1.046
2017-04-05 09:27:00,237.663,238.875,171.000,3350.000,237.70,237.85,2500.000,2500.000,238.75,238.90,100.000,678.000,237.65,237.90,5000.000,5000.000,238.65,239.00,1469.000,9046.000,20000.000,15000.000,237.558,237.940,238.600,239.050,-1.050,-0.987
2017-04-05 09:28:00,236.893,238.037,471.000,591.000,236.85,236.90,2500.000,2500.000,237.85,238.10,676.000,262.000,236.80,237.05,2500.000,7500.000,237.75,238.25,6249.000,8041.000,27500.000,22500.000,236.726,237.160,237.632,238.278,-1.100,-0.950
2017-04-05 09:29:00,237.538,238.370,367.000,559.000,237.40,237.45,2500.000,2500.000,238.30,238.60,143.000,44.000,237.35,237.50,2500.000,2500.000,238.25,238.65,1840.000,704.000,15000.000,22500.000,237.287,237.478,238.142,238.772,-1.025,-0.974
2017-04-05 09:30:00,237.663,238.753,108.000,11.000,237.75,237.80,10000.000,2500.000,238.65,238.80,522.000,500.000,237.70,237.85,5000.000,5000.000,238.60,238.85,2108.000,6466.000,22500.000,17500.000,237.636,237.970,238.583,239.000,-0.950,-0.937
2017-04-05 09:31:00,237.417,238.368,25.000,304.000,237.45,237.50,2500.000,5000.000,238.25,238.55,475.000,459.000,237.35,237.60,2500.000,2500.000,238.10,238.60,2121.000,3668.000,17500.000,17500.000,237.261,237.690,238.029,238.679,-0.925,-0.923
2017-04-05 09:32:00,237.585,238.500,541.000,660.000,237.45,237.70,2500.000,2500.000,238.40,238.65,677.000,3226.000,237.40,237.75,2500.000,5000.000,238.35,238.70,6940.000,7915.000,17500.000,20000.000,237.294,237.803,238.243,238.756,-0.950,-0.942
2017-04-05 09:33:00,237.366,238.329,25.000,48.000,237.40,237.50,2500.000,5000.000,238.25,238.50,1.000,2994.000,237.35,237.60,2500.000,2500.000,238.20,238.55,1215.000,6377.000,15000.000,20000.000,237.239,237.649,238.083,238.644,-0.925,-0.953
2017-04-05 09:34:00,237.075,238.027,60.000,3178.000,237.10,237.30,2500.000,5000.000,238.00,238.20,792.000,947.000,237.05,237.35,2500.000,2500.000,237.95,238.25,5191.000,15061.000,15000.000,22500.000,236.992,237.439,237.833,238.367,-0.900,-0.969
2017-04-05 09:35:00,237.072,237.975,54.000,4556.000,237.05,237.20,2500.000,5000.000,237.85,238.15,2379.000,2896.000,237.00,237.25,5000.000,7500.000,237.80,238.20,3684.000,10148.000,15000.000,20000.000,236.955,237.259,237.758,238.225,-0.875,-0.972
2017-04-05 09:36:00,237.142,238.025,333.000,3475.000,237.10,237.20,2500.000,5000.000,238.00,238.20,1.000,123.000,237.05,237.25,2500.000,5000.000,237.95,238.25,4855.000,8104.000,20000.000,40000.000,236.981,237.286,237.844,238.309,-0.950,-0.960
2017-04-05 09:37:00,237.030,238.042,2678.000,398.000,237.00,237.10,5000.000,5000.000,238.00,238.20,971.000,3546.000,236.95,237.20,2500.000,5000.000,237.95,238.25,6733.000,8289.000,25000.000,37500.000,236.931,237.255,237.850,238.303,-1.050,-0.935
2017-04-05 09:38:00,237.071,238.089,2277.000,182.000,237.05,237.10,2500.000,2500.000,238.10,238.25,1611.000,3446.000,237.00,237.20,5000.000,17500.000,237.95,238.30,7365.000,7501.000,20000.000,35000.000,236.968,237.271,237.906,238.361,-1.100,-0.913
2017-04-05 09:39:00,237.177,238.205,337.000,3108.000,237.15,237.20,7500.000,2500.000,238.20,238.40,1139.000,805.000,237.10,237.35,2500.000,12500.000,238.10,238.45,6858.000,10927.000,20000.000,30000.000,237.029,237.395,238.044,238.488,-1.125,-0.898
2017-04-05 09:40:00,237.331,238.250,207.000,550.000,237.35,237.45,2500.000,5000.000,238.25,238.40,470.000,4163.000,237.25,237.50,2500.000,5000.000,238.20,238.50,4707.000,8745.000,12500.000,32500.000,237.169,237.558,238.150,238.565,-0.925,-0.904
2017-04-05 09:41:00,237.501,238.324,271.000,462.000,237.40,237.45,2500.000,5000.000,238.30,238.55,528.000,836.000,237.35,237.50,5000.000,15000.000,238.20,238.60,3100.000,1752.000,17500.000,40000.000,237.258,237.511,238.150,238.666,-1.000,-0.927
2017-04-05 09:42:00,237.391,238.279,629.000,118.000,237.40,237.45,2500.000,2500.000,238.30,238.45,95.000,742.000,237.35,237.50,2500.000,2500.000,238.20,238.50,3811.000,6558.000,15000.000,27500.000,237.259,237.639,238.158,238.582,-0.950,-0.935
2017-04-05 09:43:00,237.375,238.282,107.000,16.000,237.30,237.35,2500.000,2500.000,238.25,238.45,41.000,2550.000,237.25,237.40,5000.000,2500.000,238.15,238.50,3924.000,3131.000,20000.000,30000.000,237.159,237.422,238.088,238.579,-1.025,-0.932
2017-04-05 09:44:00,237.288,238.242,523.000,257.000,237.30,237.40,2500.000,5000.000,238.25,238.45,987.000,304.000,237.25,237.50,2500.000,2500.000,238.20,238.50,5253.000,8908.000,15000.000,32500.000,237.186,237.621,238.100,238.588,-1.000,-0.914
2017-04-05 09:45:00,237.349,238.297,380.000,194.000,237.40,237.50,5000.000,2500.000,238.30,238.50,111.000,500.000,237.35,237.55,2500.000,2500.000,238.25,238.55,3233.000,9518.000,17500.000,30000.000,237.248,237.714,238.143,238.625,-0.950,-0.917
2017-04-05 09:46:00,237.247,238.183,521.000,322.000,237.25,237.45,7500.000,2500.000,238.20,238.40,304.000,300.000,237.20,237.50,2500.000,2500.000,238.15,238.45,4684.000,9625.000,20000.000,32500.000,237.118,237.616,238.075,238.558,-0.950,-0.923
2017-04-05 09:47:00,237.221,238.152,31.000,143.000,237.35,237.40,2500.000,5000.000,238.20,238.40,19.000,209.000,237.30,237.45,5000.000,2500.000,238.00,238.45,683.000,7041.000,22500.000,37500.000,237.185,237.562,237.878,238.543,-0.925,-0.931
2017-04-05 09:48:00,237.288,238.179,545.000,40.000,237.25,237.35,2500.000,2500.000,238.25,238.45,520.000,240.000,237.20,237.45,5000.000,15000.000,238.00,238.50,3260.000,3657.000,20000.000,40000.000,237.147,237.545,237.950,238.591,-1.050,-0.965
2017-04-05 09:49:00,237.356,238.220,27.000,92.000,237.25,237.35,5000.000,2500.000,238.25,238.45,541.000,100.000,237.15,237.40,5000.000,12500.000,238.00,238.50,6612.000,3221.000,20000.000,30000.000,237.032,237.527,238.012,238.575,-1.050,-1.028
2017-04-05 09:50:00,237.358,238.320,8.000,136.000,237.30,237.35,2500.000,15000.000,238.25,238.50,128.000,1565.000,237.25,237.40,2500.000,7500.000,238.15,238.55,2337.000,2482.000,17500.000,40000.000,237.151,237.424,238.079,238.622,-1.050,-1.066
2017-04-05 09:51:00,237.367,238.337,24.000,1232.000,237.35,237.40,2500.000,2500.000,238.35,238.45,68.000,150.000,237.30,237.45,2500.000,5000.000,238.25,238.50,2606.000,4102.000,17500.000,30000.000,237.187,237.507,238.179,238.567,-1.025,-1.097
2017-04-05 09:52:00,237.168,238.137,260.000,66.000,237.20,237.25,2500.000,2500.000,238.10,238.35,32.000,310.000,237.15,237.30,7500.000,5000.000,238.05,238.40,2286.000,4522.000,25000.000,35000.000,237.038,237.405,237.985,238.500,-1.000,-1.139
2017-04-05 09:53:00,237.097,238.161,44.000,69.000,237.15,237.20,2500.000,2500.000,238.10,238.25,339.000,80.000,237.10,237.25,7500.000,2500.000,238.05,238.30,3226.000,6666.000,25000.000,22500.000,236.999,237.376,237.985,238.372,-1.000,-1.151
2017-04-05 09:54:00,236.720,237.898,89.000,97.000,236.70,236.80,2500.000,7500.000,237.85,238.00,346.000,409.000,236.60,236.85,5000.000,2500.000,237.75,238.05,8911.000,8529.000,27500.000,30000.000,236.509,236.962,237.632,238.117,-1.175,-1.140
2017-04-05 09:55:00,236.815,237.963,5.000,304.000,236.90,236.95,2500.000,5000.000,237.90,238.05,642.000,1489.000,236.75,237.00,2500.000,15000.000,237.85,238.10,4474.000,8391.000,17500.000,30000.000,236.645,237.093,237.786,238.142,-1.050,-1.120
2017-04-05 09:56:00,236.857,237.983,135.000,784.000,236.90,237.00,5000.000,2500.000,237.90,238.00,79.000,1765.000,236.85,237.05,2500.000,2500.000,237.85,238.05,1796.000,7643.000,32500.000,25000.000,236.751,237.112,237.727,238.130,-1.000,-1.103
2017-04-05 09:57:00,236.861,238.040,79.000,286.000,236.95,237.00,7500.000,2500.000,237.90,238.10,82.000,107.000,236.90,237.05,2500.000,15000.000,237.85,238.15,1142.000,6169.000,32500.000,27500.000,236.796,237.144,237.750,238.186,-1.025,-1.066
2017-04-05 09:58:00,237.231,238.357,409.000,311.000,237.35,237.40,7500.000,2500.000,238.25,238.50,116.000,226.000,237.30,237.45,5000.000,7500.000,238.20,238.55,1053.000,6204.000,27500.000,27500.000,237.257,237.563,238.168,238.655,-1.000,-1.048
2017-04-05 09:59:00,237.298,238.420,472.000,48.000,237.35,237.40,5000.000,2500.000,238.35,238.50,108.000,119.000,237.30,237.50,10000.000,7500.000,238.30,238.55,2498.000,6162.000,25000.000,25000.000,237.230,237.608,238.275,238.610,-1.050,-1.019
2017-04-05 10:00:00,237.213,238.258,224.000,131.000,237.25,237.30,2500.000,2500.000,238.25,238.45,669.000,547.000,237.20,237.45,2500.000,5000.000,238.20,238.50,2401.000,5899.000,15000.000,32500.000,237.127,237.557,238.142,238.581,-1.075,-0.995
2017-04-05 10:01:00,237.300,238.344,8.000,761.000,237.40,237.45,2500.000,2500.000,238.30,238.50,8.000,366.000,237.35,237.50,5000.000,7500.000,238.25,238.55,355.000,5166.000,15000.000,27500.000,237.235,237.572,238.208,238.618,-0.975,-0.957
2017-04-05 10:02:00,237.539,238.532,625.000,34.000,237.45,237.60,2500.000,5000.000,238.50,238.55,632.000,939.000,237.40,237.65,2500.000,20000.000,238.45,238.70,7060.000,6638.000,15000.000,32500.000,237.298,237.737,238.392,238.700,-1.000,-0.940
2017-04-05 10:03:00,237.474,238.512,8.000,133.000,237.55,237.60,7500.000,2500.000,238.50,238.65,55.000,160.000,237.50,237.65,5000.000,7500.000,238.40,238.70,1849.000,4945.000,22500.000,30000.000,237.397,237.780,238.394,238.750,-1.000,-0.922
2017-04-05 10:04:00,237.522,238.494,117.000,11.000,237.60,237.65,5000.000,2500.000,238.50,238.60,36.000,3021.000,237.55,237.70,2500.000,2500.000,238.40,238.65,1486.000,10513.000,20000.000,25000.000,237.438,237.769,238.363,238.725,-0.925,-0.918
2017-04-05 10:05:00,237.561,238.489,225.000,292.000,237.65,237.70,2500.000,2500.000,238.45,238.65,154.000,2830.000,237.60,237.75,5000.000,12500.000,238.35,238.70,1629.000,8240.000,17500.000,30000.000,237.469,237.814,238.300,238.742,-0.875,-0.923
2017-04-05 10:06:00,237.549,238.403,164.000,1045.000,237.65,237.70,5000.000,2500.000,238.40,238.60,197.000,2566.000,237.60,237.75,2500.000,2500.000,238.35,238.65,802.000,9974.000,17500.000,30000.000,237.547,237.822,238.279,238.738,-0.825,-0.945
2017-04-05 10:07:00,237.495,238.403,60.000,2549.000,237.40,237.60,2500.000,7500.000,238.30,238.60,882.000,290.000,237.35,237.65,2500.000,15000.000,238.25,238.65,5495.000,6903.000,17500.000,32500.000,237.265,237.696,238.186,238.665,-0.950,-0.963
2017-04-05 10:08:00,237.459,238.405,210.000,55.000,237.50,237.55,5000.000,2500.000,238.35,238.55,57.000,3236.000,237.45,237.65,5000.000,5000.000,238.30,238.60,1520.000,6236.000,20000.000,30000.000,237.355,237.709,238.262,238.650,-0.925,-0.969
2017-04-05 10:09:00,237.576,238.530,555.000,437.000,237.60,237.65,7500.000,5000.000,238.50,238.70,276.000,245.000,237.55,237.70,2500.000,7500.000,238.40,238.75,2718.000,5241.000,25000.000,37500.000,237.480,237.774,238.360,238.863,-0.975,-0.973
2017-04-05 10:10:00,237.614,238.567,440.000,265.000,237.65,237.70,2500.000,2500.000,238.50,238.70,62.000,2749.000,237.60,237.75,2500.000,7500.000,238.45,238.75,1922.000,5886.000,15000.000,22500.000,237.544,237.799,238.383,238.800,-0.925,-0.979
2017-04-05 10:11:00,237.671,238.637,418.000,169.000,237.65,237.70,2500.000,2500.000,238.60,238.70,404.000,2570.000,237.60,237.75,10000.000,7500.000,238.50,238.75,3968.000,5397.000,27500.000,22500.000,237.515,237.800,238.418,238.800,-0.975,-0.988
2017-04-05 10:12:00,237.605,238.602,1172.000,383.000,237.65,237.70,5000.000,2500.000,238.60,238.75,220.000,70.000,237.60,237.75,2500.000,7500.000,238.55,238.80,3359.000,5342.000,20000.000,32500.000,237.556,237.863,238.500,238.869,-1.000,-0.969
2017-04-05 10:13:00,237.647,238.619,281.000,202.000,237.75,237.80,5000.000,2500.000,238.65,238.80,191.000,609.000,237.70,237.85,2500.000,2500.000,238.60,238.85,2116.000,11084.000,25000.000,42500.000,237.641,237.953,238.505,238.926,-0.950,-0.954
2017-04-05 10:14:00,237.814,238.790,668.000,97.000,237.80,237.90,2500.000,10000.000,238.85,238.95,1087.000,30.000,237.75,237.95,5000.000,5000.000,238.80,239.00,5676.000,8283.000,15000.000,37500.000,237.686,238.024,238.708,239.090,-1.050,-0.945
2017-04-05 10:15:00,237.796,238.777,24.000,1439.000,237.85,237.90,2500.000,2500.000,238.70,238.90,210.000,2889.000,237.80,238.00,7500.000,20000.000,238.65,238.95,1688.000,10922.000,25000.000,35000.000,237.694,238.045,238.545,238.993,-0.925,-0.929
2017-04-05 10:16:00,237.716,238.728,105.000,123.000,237.75,237.90,5000.000,2500.000,238.70,238.80,174.000,493.000,237.70,237.95,5000.000,2500.000,238.65,238.90,2468.000,9287.000,25000.000,37500.000,237.615,238.019,238.585,238.953,-0.925,-0.907
2017-04-05 10:17:00,237.771,238.673,72.000,1951.000,237.85,237.95,5000.000,2500.000,238.65,238.80,1000.000,2921.000,237.80,238.00,2500.000,2500.000,238.60,238.85,1892.000,15029.000,22500.000,27500.000,237.745,238.065,238.506,238.918,-0.825,-0.906
2017-04-05 10:18:00,237.822,238.720,631.000,1500.000,237.90,237.95,2500.000,2500.000,238.70,238.80,168.000,2691.000,237.85,238.00,5000.000,2500.000,238.65,238.85,2644.000,14210.000,27500.000,30000.000,237.800,238.070,238.545,238.921,-0.825,-0.893
2017-04-05 10:19:00,237.856,238.787,173.000,1352.000,237.85,238.00,5000.000,5000.000,238.70,238.90,1142.000,305.000,237.80,238.05,5000.000,20000.000,238.65,238.95,4232.000,8066.000,25000.000,32500.000,237.713,238.142,238.585,238.965,-0.875,-0.887
2017-04-05 10:20:00,237.841,238.743,142.000,207.000,237.85,237.95,7500.000,2500.000,238.65,238.85,1270.000,1143.000,237.80,238.00,2500.000,2500.000,238.60,238.90,4341.000,7069.000,27500.000,30000.000,237.716,238.108,238.527,238.954,-0.850,-0.890
2017-04-05 10:21:00,237.873,238.777,160.000,1299.000,237.85,237.90,2500.000,7500.000,238.70,238.90,1148.000,175.000,237.80,237.95,5000.000,22500.000,238.65,238.95,3208.000,4475.000,22500.000,42500.000,237.735,237.979,238.572,238.979,-0.925,-0.885
2017-04-05 10:22:00,237.782,238.676,185.000,1037.000,237.85,237.90,2500.000,2500.000,238.70,238.80,1130.000,275.000,237.80,237.95,5000.000,2500.000,238.65,238.85,2996.000,10109.000,25000.000,37500.000,237.742,238.035,238.540,238.933,-0.875,-0.901
2017-04-05 10:23:00,237.763,238.598,182.000,1313.000,237.85,237.90,5000.000,2500.000,238.65,238.75,1230.000,382.000,237.80,237.95,5000.000,2500.000,238.60,238.80,2400.000,12439.000,25000.000,35000.000,237.755,238.031,238.525,238.914,-0.825,-0.919
2017-04-05 10:24:00,237.820,238.722,306.000,1502.000,237.85,237.90,7500.000,2500.000,238.70,238.80,533.000,250.000,237.80,237.95,5000.000,2500.000,238.65,238.90,2677.000,6997.000,30000.000,42500.000,237.727,238.008,238.567,238.962,-0.875,-0.909
2017-04-05 10:25:00,237.815,238.732,150.000,1321.000,237.85,237.90,2500.000,5000.000,238.70,238.80,455.000,250.000,237.80,237.95,7500.000,10000.000,238.65,238.90,3784.000,9541.000,27500.000,42500.000,237.698,238.029,238.550,238.944,-0.875,-0.922
2017-04-05 10:26:00,237.883,238.762,16.000,160.000,237.95,238.00,2500.000,2500.000,238.75,238.85,290.000,1055.000,237.90,238.10,5000.000,2500.000,238.70,238.90,4047.000,16265.000,20000.000,30000.000,237.781,238.200,238.656,238.971,-0.825,-0.931
2017-04-05 10:27:00,238.063,239.036,58.000,48.000,238.15,238.25,2500.000,2500.000,238.90,239.15,689.000,719.000,238.10,238.30,2500.000,5000.000,238.85,239.20,1836.000,7113.000,17500.000,17500.000,238.032,238.416,238.779,239.250,-0.825,-0.926
2017-04-05 10:28:00,238.209,239.134,581.000,2772.000,238.25,238.40,5000.000,2500.000,239.05,239.20,179.000,608.000,238.20,238.45,7500.000,5000.000,239.00,239.25,4006.000,18514.000,22500.000,17500.000,238.104,238.514,238.928,239.329,-0.800,-0.924
2017-04-05 10:29:00,238.389,239.238,265.000,868.000,238.40,238.45,10000.000,10000.000,239.20,239.40,201.000,619.000,238.35,238.50,2500.000,7500.000,239.10,239.45,2233.000,3941.000,25000.000,37500.000,238.264,238.573,239.095,239.483,-0.875,-0.946
2017-04-05 10:30:00,238.382,239.365,111.000,464.000,238.45,238.50,7500.000,7500.000,239.25,239.45,590.000,381.000,238.40,238.60,7500.000,12500.000,239.20,239.50,3577.000,11097.000,30000.000,27500.000,238.295,238.720,239.133,239.514,-0.875,-0.935
2017-04-05 10:31:00,238.116,239.040,425.000,171.000,238.25,238.30,2500.000,5000.000,239.05,239.20,41.000,1146.000,238.20,238.35,7500.000,7500.000,239.00,239.25,2615.000,10805.000,17500.000,35000.000,238.072,238.468,238.950,239.311,-0.850,-0.941
2017-04-05 10:32:00,238.187,239.136,426.000,261.000,238.25,238.30,5000.000,10000.000,239.10,239.25,41.000,877.000,238.20,238.35,7500.000,15000.000,239.00,239.30,2314.000,6284.000,22500.000,32500.000,238.105,238.458,238.961,239.308,-0.900,-0.958
2017-04-05 10:33:00,238.241,239.157,1325.000,152.000,238.25,238.30,5000.000,7500.000,239.15,239.30,141.000,864.000,238.20,238.35,10000.000,2500.000,239.00,239.35,4668.000,5468.000,25000.000,32500.000,238.127,238.463,238.985,239.392,-0.950,-0.984
2017-04-05 10:34:00,238.338,239.296,988.000,336.000,238.30,238.40,5000.000,2500.000,239.25,239.35,1272.000,60.000,238.25,238.45,2500.000,10000.000,239.20,239.40,5704.000,5922.000,27500.000,30000.000,238.204,238.515,239.136,239.475,-0.950,-0.993
2017-04-05 10:35:00,238.379,239.307,150.000,347.000,238.35,238.40,2500.000,2500.000,239.25,239.45,285.000,30.000,238.30,238.45,10000.000,15000.000,239.15,239.50,3582.000,4252.000,25000.000,30000.000,238.192,238.521,239.085,239.537,-0.975,-1.006
2017-04-05 10:36:00,238.331,239.286,69.000,334.000,238.35,238.40,5000.000,2500.000,239.25,239.40,76.000,30.000,238.30,238.45,2500.000,5000.000,239.20,239.45,2092.000,4427.000,22500.000,32500.000,238.201,238.522,239.161,239.504,-0.950,-1.018
2017-04-05 10:37:00,238.291,239.324,18.000,18.000,238.35,238.45,5000.000,5000.000,239.25,239.45,75.000,2444.000,238.30,238.50,5000.000,12500.000,239.20,239.50,1295.000,6099.000,25000.000,32500.000,238.204,238.574,239.165,239.538,-0.950,-1.007
2017-04-05 10:38:00,238.333,239.378,111.000,90.000,238.40,238.45,7500.000,5000.000,239.30,239.45,16.000,2394.000,238.35,238.50,5000.000,17500.000,239.25,239.50,1246.000,6107.000,27500.000,35000.000,238.241,238.573,239.205,239.543,-0.950,-1.003
2017-04-05 10:39:00,238.360,239.365,720.000,3307.000,238.35,238.50,5000.000,5000.000,239.30,239.45,82.000,1669.000,238.30,238.55,2500.000,17500.000,239.25,239.50,2712.000,8712.000,22500.000,35000.000,238.232,238.571,239.189,239.543,-0.950,-1.014
2017-04-05 10:40:00,238.373,239.362,5.000,1801.000,238.40,238.50,7500.000,7500.000,239.30,239.45,673.000,330.000,238.35,238.55,5000.000,12500.000,239.25,239.50,2121.000,6882.000,27500.000,35000.000,238.260,238.609,239.209,239.529,-0.925,-1.031
2017-04-05 10:41:00,238.310,239.325,437.000,338.000,238.35,238.40,5000.000,2500.000,239.30,239.40,71.000,210.000,238.30,238.45,7500.000,5000.000,239.25,239.45,2597.000,6572.000,30000.000,30000.000,238.225,238.524,239.179,239.504,-0.975,-1.034
2017-04-05 10:42:00,238.314,239.294,242.000,410.000,238.35,238.40,2500.000,7500.000,239.25,239.40,11.000,70.000,238.30,238.45,10000.000,12500.000,239.15,239.45,2732.000,6783.000,25000.000,35000.000,238.209,238.527,239.085,239.479,-0.950,-1.042
2017-04-05 10:43:00,238.054,239.080,756.000,535.000,238.00,238.20,2500.000,10000.000,239.10,239.25,442.000,472.000,237.95,238.25,2500.000,20000.000,239.00,239.30,5994.000,8623.000,15000.000,42500.000,237.851,238.351,238.900,239.318,-1.075,-1.051
2017-04-05 10:44:00,237.857,238.915,31.000,67.000,237.95,238.00,2500.000,2500.000,238.95,239.05,32.000,395.000,237.90,238.05,2500.000,2500.000,238.85,239.10,1728.000,7741.000,20000.000,30000.000,237.800,238.158,238.738,239.175,-1.025,-1.070
2017-04-05 10:45:00,237.884,238.958,52.000,255.000,238.00,238.05,2500.000,2500.000,239.00,239.10,15.000,609.000,237.95,238.10,2500.000,10000.000,238.95,239.20,1159.000,8828.000,12500.000,35000.000,237.831,238.210,238.870,239.257,-1.025,-1.092
2017-04-05 10:46:00,237.892,238.926,20.000,596.000,238.00,238.05,2500.000,2500.000,238.90,239.05,15.000,539.000,237.95,238.10,2500.000,2500.000,238.85,239.15,827.000,8763.000,20000.000,32500.000,237.834,238.189,238.731,239.212,-0.950,-1.104
2017-04-05 10:47:00,237.810,238.826,290.000,1826.000,237.85,238.00,2500.000,5000.000,238.75,238.95,348.000,3724.000,237.80,238.05,2500.000,2500.000,238.70,239.00,789.000,7777.000,22500.000,30000.000,237.796,238.065,238.606,239.046,-0.925,-1.111
2017-04-05 10:48:00,237.693,238.766,513.000,222.000,237.60,237.75,5000.000,5000.000,238.75,238.90,800.000,254.000,237.55,237.85,2500.000,5000.000,238.70,238.95,10549.000,9015.000,20000.000,35000.000,237.476,237.973,238.662,239.011,-1.150,-1.106
2017-04-05 10:49:00,237.729,238.883,25.000,36.000,237.90,237.95,2500.000,2500.000,238.85,239.05,3.000,874.000,237.80,238.00,2500.000,5000.000,238.75,239.10,720.000,6867.000,17500.000,27500.000,237.699,238.110,238.700,239.205,-1.025,-1.105
2017-04-05 10:50:00,237.644,238.830,12.000,166.000,237.75,237.90,5000.000,7500.000,238.75,239.00,101.000,124.000,237.70,237.95,7500.000,7500.000,238.70,239.05,861.000,5381.000,22500.000,32500.000,237.609,238.069,238.672,239.119,-1.050,-1.088
2017-04-05 10:51:00,237.843,238.936,439.000,356.000,237.90,238.00,7500.000,2500.000,238.85,239.00,576.000,1360.000,237.85,238.05,2500.000,7500.000,238.80,239.05,1530.000,7347.000,27500.000,25000.000,237.822,238.106,238.755,239.130,-0.975,-1.094
2017-04-05 10:52:00,237.973,239.022,161.000,545.000,238.00,238.15,2500.000,5000.000,239.00,239.15,60.000,1444.000,237.95,238.20,5000.000,5000.000,238.95,239.20,2176.000,8644.000,17500.000,27500.000,237.865,238.256,238.864,239.245,-1.000,-1.119
2017-04-05 10:53:00,237.977,239.028,576.000,6.000,238.05,238.15,2500.000,7500.000,239.05,239.20,804.000,152.000,238.00,238.20,2500.000,10000.000,238.95,239.25,2159.000,7217.000,15000.000,35000.000,237.971,238.299,238.858,239.321,-1.025,-1.139
2017-04-05 10:54:00,238.031,239.178,72.000,27.000,238.15,238.20,5000.000,2500.000,239.10,239.30,405.000,55.000,238.05,238.25,5000.000,5000.000,239.05,239.35,1641.000,4262.000,22500.000,22500.000,237.974,238.383,239.006,239.406,-1.025,-1.113
2017-04-05 10:55:00,238.069,239.171,77.000,42.000,238.15,238.20,7500.000,2500.000,239.10,239.30,870.000,18.000,238.05,238.25,5000.000,10000.000,239.05,239.35,2479.000,4222.000,25000.000,27500.000,237.972,238.384,239.015,239.395,-1.025,-1.085
2017-04-05 10:56:00,238.093,239.217,13.000,43.000,238.15,238.25,2500.000,2500.000,239.15,239.25,83.000,638.000,238.10,238.30,12500.000,10000.000,239.10,239.35,2029.000,6517.000,30000.000,30000.000,238.008,238.400,239.058,239.400,-1.000,-1.059
2017-04-05 10:57:00,238.120,239.293,787.000,217.000,238.25,238.30,2500.000,7500.000,239.20,239.40,182.000,50.000,238.20,238.35,5000.000,7500.000,239.15,239.45,1985.000,10051.000,25000.000,30000.000,238.161,238.483,239.090,239.488,-1.025,-1.039
2017-04-05 10:58:00,238.120,239.269,680.000,168.000,238.25,238.30,5000.000,12500.000,239.20,239.40,182.000,50.000,238.20,238.35,5000.000,12500.000,239.15,239.45,1844.000,8950.000,25000.000,40000.000,238.155,238.487,239.105,239.472,-1.025,-1.012
2017-04-05 10:59:00,238.203,239.217,15.000,934.000,238.30,238.35,5000.000,5000.000,239.15,239.35,685.000,991.000,238.25,238.40,7500.000,15000.000,239.10,239.45,2613.000,11709.000,22500.000,35000.000,238.111,238.472,239.067,239.489,-0.925,-1.020
2017-04-05 11:00:00,238.077,239.041,417.000,100.000,238.10,238.25,5000.000,2500.000,239.00,239.25,721.000,655.000,238.05,238.30,2500.000,7500.000,238.95,239.30,2468.000,6356.000,17500.000,25000.000,237.993,238.381,238.843,239.365,-0.950,-1.026
2017-04-05 11:01:00,238.059,239.053,125.000,139.000,238.10,238.15,2500.000,2500.000,239.05,239.30,676.000,100.000,238.05,238.30,2500.000,7500.000,239.00,239.35,2046.000,5256.000,12500.000,27500.000,237.977,238.408,238.910,239.409,-1.050,-1.021
2017-04-05 11:02:00,238.120,239.190,60.000,129.000,238.25,238.35,2500.000,2500.000,239.15,239.40,123.000,162.000,238.15,238.40,5000.000,5000.000,239.10,239.45,1897.000,9873.000,15000.000,22500.000,238.045,238.505,239.017,239.506,-0.975,-0.999
2017-04-05 11:03:00,238.262,239.281,9.000,876.000,238.30,238.35,2500.000,2500.000,239.25,239.40,139.000,287.000,238.25,238.45,7500.000,2500.000,239.20,239.45,2818.000,9324.000,17500.000,22500.000,238.150,238.520,239.157,239.517,-1.000,-0.995
2017-04-05 11:04:00,238.133,239.184,81.000,200.000,238.25,238.30,2500.000,5000.000,239.20,239.35,10.000,565.000,238.20,238.35,2500.000,2500.000,239.15,239.40,1480.000,10780.000,12500.000,27500.000,238.081,238.464,239.060,239.455,-1.000,-0.968
2017-04-05 11:05:00,238.124,239.118,127.000,141.000,238.25,238.30,2500.000,2500.000,239.20,239.35,70.000,567.000,238.20,238.35,5000.000,2500.000,239.15,239.40,1330.000,10273.000,15000.000,27500.000,238.120,238.466,239.017,239.468,-1.000,-0.958
2017-04-05 11:06:00,238.180,239.150,875.000,604.000,238.15,238.35,10000.000,2500.000,239.20,239.40,477.000,60.000,238.10,238.40,2500.000,7500.000,239.00,239.45,5407.000,8057.000,20000.000,30000.000,238.035,238.511,239.044,239.508,-1.050,-0.966
2017-04-05 11:07:00,238.206,239.167,66.000,1223.000,238.25,238.35,2500.000,2500.000,239.20,239.35,44.000,360.000,238.15,238.40,7500.000,7500.000,239.15,239.40,4781.000,11493.000,17500.000,27500.000,238.043,238.475,239.057,239.464,-0.975,-0.967
2017-04-05 11:08:00,238.150,239.148,676.000,3.000,238.10,238.20,7500.000,5000.000,239.15,239.30,1450.000,110.000,238.05,238.25,2500.000,15000.000,239.05,239.40,5814.000,3844.000,20000.000,35000.000,237.995,238.384,239.000,239.425,-1.075,-0.973
2017-04-05 11:09:00,238.106,239.022,479.000,12.000,238.10,238.15,5000.000,2500.000,239.10,239.25,1115.000,233.000,238.05,238.25,2500.000,5000.000,239.00,239.35,3757.000,4717.000,17500.000,40000.000,237.986,238.354,238.914,239.403,-1.050,-0.987
2017-04-05 11:10:00,238.081,239.026,101.000,65.000,238.10,238.15,5000.000,2500.000,239.10,239.25,1.000,301.000,238.05,238.25,2500.000,5000.000,239.00,239.35,2389.000,5108.000,15000.000,42500.000,237.939,238.348,238.958,239.403,-1.050,-0.991
2017-04-05 11:11:00,237.973,238.982,219.000,479.000,238.00,238.10,2500.000,2500.000,239.00,239.15,126.000,126.000,237.95,238.15,5000.000,15000.000,238.85,239.25,3179.000,7498.000,22500.000,40000.000,237.864,238.239,238.783,239.312,-1.025,-0.991
2017-04-05 11:12:00,238.212,239.179,598.000,184.000,238.20,238.25,2500.000,2500.000,239.25,239.35,452.000,70.000,238.15,238.30,2500.000,5000.000,239.10,239.40,4018.000,3432.000,17500.000,35000.000,238.074,238.431,239.050,239.486,-1.075,-1.004
2017-04-05 11:13:00,238.134,239.162,406.000,527.000,238.15,238.35,2500.000,5000.000,239.10,239.35,521.000,351.000,238.10,238.40,5000.000,2500.000,239.05,239.40,4096.000,12584.000,17500.000,25000.000,238.011,238.482,238.979,239.465,-0.975,-1.007
2017-04-05 11:14:00,238.125,239.113,10.000,30.000,238.15,238.25,2500.000,2500.000,239.05,239.25,10.000,304.000,238.10,238.30,2500.000,5000.000,239.00,239.35,2813.000,6896.000,17500.000,22500.000,237.979,238.396,238.879,239.406,-0.950,-1.015
2017-04-05 11:15:00,238.083,239.047,220.000,702.000,237.95,238.15,2500.000,2500.000,238.90,239.15,484.000,612.000,237.90,238.20,2500.000,5000.000,238.80,239.20,6831.000,6127.000,20000.000,17500.000,237.794,238.266,238.731,239.279,-0.975,-1.021
2017-04-05 11:16:00,238.053,239.062,45.000,256.000,237.95,238.10,5000.000,2500.000,238.90,239.15,657.000,247.000,237.90,238.15,2500.000,5000.000,238.80,239.25,5828.000,5083.000,22500.000,17500.000,237.783,238.244,238.750,239.293,-1.000,-1.046
2017-04-05 11:17:00,237.891,238.923,324.000,479.000,237.90,238.00,7500.000,12500.000,238.80,239.00,201.000,314.000,237.80,238.05,2500.000,5000.000,238.75,239.15,3020.000,5145.000,22500.000,27500.000,237.703,238.117,238.717,239.118,-0.950,-1.054
2017-04-05 11:18:00,237.683,238.723,9.000,3092.000,237.70,237.80,5000.000,5000.000,238.65,238.70,453.000,960.000,237.60,237.85,2500.000,2500.000,238.60,238.80,7071.000,12786.000,20000.000,17500.000,237.504,237.924,238.556,238.850,-0.925,-1.060
2017-04-05 11:19:00,237.676,238.704,497.000,484.000,237.70,237.80,2500.000,5000.000,238.60,238.80,198.000,621.000,237.60,237.85,2500.000,2500.000,238.55,238.85,4686.000,7923.000,15000.000,17500.000,237.504,237.941,238.500,238.921,-0.950,-1.074
2017-04-05 11:20:00,237.610,238.603,26.000,663.000,237.60,237.80,2500.000,2500.000,238.60,238.75,322.000,866.000,237.55,237.85,2500.000,2500.000,238.55,238.80,4286.000,9631.000,15000.000,27500.000,237.466,237.934,238.500,238.882,-0.975,-1.089
2017-04-05 11:21:00,237.585,238.724,1535.000,51.000,237.60,237.75,5000.000,2500.000,238.60,238.80,282.000,24.000,237.55,237.85,5000.000,5000.000,238.50,238.85,4277.000,7939.000,25000.000,17500.000,237.511,237.968,238.455,238.893,-1.025,-1.056
2017-04-05 11:22:00,237.565,238.636,1459.000,77.000,237.60,237.80,10000.000,7500.000,238.50,238.75,80.000,477.000,237.55,237.85,7500.000,5000.000,238.40,238.80,3085.000,8452.000,30000.000,22500.000,237.526,237.947,238.383,238.828,-0.925,-1.031
2017-04-05 11:23:00,237.603,238.676,1462.000,383.000,237.60,237.85,12500.000,7500.000,238.50,238.75,394.000,2803.000,237.55,237.90,5000.000,5000.000,238.45,238.80,3568.000,9797.000,35000.000,22500.000,237.525,237.965,238.421,238.833,-0.900,-0.999
2017-04-05 11:24:00,237.633,238.730,721.000,339.000,237.65,237.85,10000.000,5000.000,238.55,238.80,1105.000,338.000,237.60,237.90,7500.000,7500.000,238.50,238.85,3584.000,9752.000,35000.000,22500.000,237.559,237.980,238.464,238.906,-0.925,-0.978
2017-04-05 11:25:00,237.604,238.673,583.000,528.000,237.65,237.85,2500.000,7500.000,238.55,238.75,715.000,2503.000,237.60,237.90,7500.000,2500.000,238.50,238.80,2966.000,12172.000,25000.000,25000.000,237.549,237.981,238.440,238.855,-0.900,-0.971
2017-04-05 11:26:00,237.539,238.508,199.000,2035.000,237.60,237.70,2500.000,5000.000,238.45,238.55,21.000,3474.000,237.55,237.75,10000.000,5000.000,238.40,238.70,2035.000,12979.000,20000.000,27500.000,237.466,237.807,238.356,238.718,-0.850,-0.987
2017-04-05 11:27:00,237.741,238.688,705.000,742.000,237.75,238.00,2500.000,2500.000,238.65,238.85,442.000,1736.000,237.70,238.05,5000.000,2500.000,238.55,238.90,3525.000,10693.000,17500.000,22500.000,237.639,238.132,238.507,238.972,-0.875,-1.003
2017-04-05 11:28:00,237.763,238.678,146.000,1241.000,237.75,238.00,5000.000,2500.000,238.65,238.85,746.000,1737.000,237.70,238.05,5000.000,2500.000,238.55,238.90,4098.000,11193.000,17500.000,22500.000,237.609,238.126,238.536,238.972,-0.875,-1.034
2017-04-05 11:29:00,237.682,238.670,20.000,369.000,237.75,237.85,2500.000,2500.000,238.60,238.80,29.000,191.000,237.70,237.90,5000.000,5000.000,238.55,238.85,1564.000,6346.000,17500.000,20000.000,237.592,237.999,238.471,238.912,-0.900,-1.054
2017-04-05 11:30:00,237.638,238.672,14.000,735.000,237.70,237.80,2500.000,5000.000,238.60,238.75,149.000,1233.000,237.65,237.85,7500.000,2500.000,238.55,238.80,2356.000,9371.000,20000.000,20000.000,237.530,237.946,238.481,238.863,-0.925,-1.045
2017-04-05 11:31:00,237.623,238.675,130.000,340.000,237.70,237.80,7500.000,7500.000,238.55,238.75,89.000,1024.000,237.65,237.85,2500.000,2500.000,238.50,238.80,2038.000,8673.000,20000.000,20000.000,237.542,237.955,238.463,238.850,-0.900,-1.040
2017-04-05 11:32:00,237.696,238.723,86.000,264.000,237.75,237.85,2500.000,2500.000,238.60,238.75,119.000,270.000,237.70,237.90,7500.000,5000.000,238.55,238.85,2331.000,8761.000,20000.000,17500.000,237.595,237.986,238.481,238.957,-0.875,-1.050
2017-04-05 11:33:00,237.819,238.885,65.000,479.000,237.75,237.85,2500.000,5000.000,238.70,238.95,781.000,100.000,237.70,237.90,5000.000,2500.000,238.65,239.00,3342.000,2542.000,22500.000,20000.000,237.621,237.992,238.583,239.106,-1.025,-1.041
2017-04-05 11:34:00,237.869,238.958,47.000,326.000,237.80,237.95,5000.000,2500.000,238.80,239.05,704.000,514.000,237.75,238.00,5000.000,5000.000,238.75,239.10,2819.000,3458.000,25000.000,20000.000,237.674,238.118,238.695,239.188,-1.050,-1.036
2017-04-05 11:35:00,237.880,238.868,256.000,297.000,237.85,237.95,5000.000,5000.000,238.80,239.05,38.000,992.000,237.80,238.00,5000.000,5000.000,238.75,239.10,2156.000,3004.000,17500.000,25000.000,237.713,238.068,238.721,239.165,-1.025,-1.050
2017-04-05 11:36:00,237.839,238.867,164.000,210.000,237.70,237.95,5000.000,2500.000,238.80,239.00,670.000,2266.000,237.65,238.00,2500.000,2500.000,238.75,239.05,6210.000,6291.000,22500.000,22500.000,237.561,238.058,238.622,239.156,-1.075,-1.057
2017-04-05 11:37:00,237.793,238.871,583.000,815.000,237.75,237.90,7500.000,2500.000,238.75,238.95,100.000,548.000,237.70,237.95,2500.000,5000.000,238.65,239.00,3751.000,6264.000,25000.000,17500.000,237.607,238.007,238.610,239.050,-1.025,-1.062
2017-04-05 11:38:00,237.794,238.818,409.000,805.000,237.80,237.95,5000.000,2500.000,238.75,238.95,50.000,2545.000,237.75,238.00,2500.000,5000.000,238.60,239.00,1964.000,6826.000,22500.000,20000.000,237.662,238.041,238.572,239.075,-0.975,-1.067
2017-04-05 11:39:00,237.791,238.853,357.000,751.000,237.80,237.95,5000.000,2500.000,238.75,238.95,60.000,2545.000,237.75,238.00,2500.000,5000.000,238.65,239.00,1862.000,6772.000,22500.000,20000.000,237.659,238.042,238.594,239.075,-0.975,-1.055
2017-04-05 11:40:00,237.651,238.707,723.000,229.000,237.60,237.80,2500.000,5000.000,238.65,238.80,1193.000,474.000,237.55,237.85,5000.000,2500.000,238.55,238.85,5958.000,7252.000,17500.000,17500.000,237.488,237.963,238.514,238.893,-1.025,-1.042
2017-04-05 11:41:00,237.620,238.683,166.000,211.000,237.75,237.80,2500.000,2500.000,238.60,238.80,131.000,150.000,237.70,237.85,5000.000,5000.000,238.55,238.85,986.000,6789.000,17500.000,20000.000,237.626,237.975,238.507,238.900,-0.925,-1.033
2017-04-05 11:42:00,237.463,238.565,13.000,486.000,237.50,237.65,2500.000,2500.000,238.50,238.70,60.000,364.000,237.45,237.70,5000.000,5000.000,238.45,238.75,1487.000,5505.000,17500.000,25000.000,237.334,237.783,238.400,238.855,-1.025,-1.011
2017-04-05 11:43:00,237.499,238.548,551.000,185.000,237.50,237.60,2500.000,12500.000,238.50,238.60,530.000,613.000,237.40,237.65,5000.000,10000.000,238.45,238.70,5671.000,7441.000,17500.000,32500.000,237.302,237.747,238.400,238.688,-1.000,-0.999
2017-04-05 11:44:00,237.493,238.495,22.000,61.000,237.50,237.60,2500.000,2500.000,238.50,238.55,32.000,484.000,237.45,237.65,2500.000,12500.000,238.45,238.60,3743.000,7296.000,17500.000,30000.000,237.347,237.741,238.393,238.650,-0.975,-0.994
2017-04-05 11:45:00,237.475,238.469,5.000,706.000,237.55,237.65,2500.000,5000.000,238.45,238.55,151.000,729.000,237.50,237.70,2500.000,12500.000,238.40,238.60,3466.000,11696.000,17500.000,35000.000,237.348,237.779,238.321,238.657,-0.900,-0.988
2017-04-05 11:46:00,237.513,238.533,504.000,77.000,237.50,237.65,5000.000,12500.000,238.50,238.60,134.000,339.000,237.45,237.70,2500.000,7500.000,238.40,238.70,4559.000,8602.000,20000.000,32500.000,237.370,237.778,238.363,238.692,-0.975,-0.977
2017-04-05 11:47:00,237.548,238.539,500.000,28.000,237.55,237.65,10000.000,10000.000,238.50,238.60,504.000,493.000,237.50,237.70,2500.000,7500.000,238.40,238.70,4334.000,8648.000,25000.000,30000.000,237.401,237.777,238.390,238.704,-0.950,-0.974
2017-04-05 11:48:00,237.524,238.515,500.000,412.000,237.60,237.70,5000.000,10000.000,238.45,238.60,337.000,3684.000,237.55,237.75,7500.000,7500.000,238.40,238.70,1442.000,10446.000,25000.000,32500.000,237.516,237.811,238.350,238.715,-0.875,-0.957
2017-04-05 11:49:00,237.541,238.514,268.000,153.000,237.60,237.70,2500.000,10000.000,238.45,238.60,337.000,2209.000,237.55,237.75,5000.000,7500.000,238.40,238.70,3608.000,10551.000,22500.000,32500.000,237.404,237.828,238.322,238.719,-0.875,-0.956
2017-04-05 11:50:00,237.560,238.527,235.000,9.000,237.60,237.65,7500.000,10000.000,238.45,238.60,337.000,47.000,237.55,237.70,2500.000,7500.000,238.40,238.70,3914.000,6262.000,25000.000,30000.000,237.398,237.797,238.340,238.708,-0.900,-0.939
2017-04-05 11:51:00,237.560,238.524,354.000,9.000,237.60,237.65,5000.000,10000.000,238.45,238.60,32.000,276.000,237.55,237.70,5000.000,7500.000,238.40,238.70,3728.000,6170.000,25000.000,32500.000,237.392,237.796,238.335,238.712,-0.900,-0.931
2017-04-05 11:52:00,237.607,238.581,17.000,17.000,237.65,237.70,2500.000,10000.000,238.55,238.60,39.000,1578.000,237.60,237.75,5000.000,7500.000,238.50,238.70,2878.000,8623.000,20000.000,32500.000,237.468,237.834,238.438,238.712,-0.900,-0.937
2017-04-05 11:53:00,237.610,238.517,187.000,3156.000,237.65,237.75,7500.000,2500.000,238.50,238.55,39.000,1344.000,237.60,237.80,2500.000,10000.000,238.45,238.60,2090.000,12799.000,22500.000,30000.000,237.475,237.842,238.394,238.675,-0.825,-0.955
2017-04-05 11:54:00,237.552,238.517,108.000,288.000,237.65,237.70,7500.000,2500.000,238.50,238.55,20.000,2878.000,237.60,237.75,2500.000,10000.000,238.45,238.60,1076.000,11334.000,22500.000,30000.000,237.502,237.826,238.394,238.675,-0.850,-0.958
2017-04-05 11:55:00,237.621,238.507,84.000,1798.000,237.70,237.75,10000.000,2500.000,238.50,238.55,452.000,1134.000,237.65,237.80,2500.000,10000.000,238.45,238.60,1106.000,11075.000,22500.000,30000.000,237.586,237.853,238.428,238.675,-0.800,-0.985
2017-04-05 11:56:00,237.656,238.579,82.000,113.000,237.65,237.70,7500.000,7500.000,238.55,238.60,321.000,30.000,237.60,237.75,2500.000,7500.000,238.50,238.70,4912.000,5734.000,22500.000,30000.000,237.491,237.867,238.450,238.725,-0.900,-0.978
2017-04-05 11:57:00,237.609,238.616,530.000,310.000,237.60,237.80,2500.000,5000.000,238.55,238.70,489.000,137.000,237.55,237.85,10000.000,2500.000,238.50,238.75,5799.000,9592.000,22500.000,25000.000,237.483,237.977,238.456,238.795,-0.925,-0.961
2017-04-05 11:58:00,237.576,238.574,358.000,538.000,237.60,237.80,5000.000,5000.000,238.55,238.70,364.000,458.000,237.55,237.85,2500.000,2500.000,238.50,238.75,4036.000,9837.000,17500.000,25000.000,237.469,237.969,238.429,238.795,-0.925,-0.922
2017-04-05 11:59:00,237.732,238.710,900.000,54.000,237.75,237.90,7500.000,5000.000,238.60,238.80,174.000,583.000,237.70,237.95,2500.000,5000.000,238.55,238.85,3695.000,8367.000,20000.000,17500.000,237.640,238.040,238.494,238.879,-0.875,-0.891
2017-04-05 12:00:00,237.726,238.747,92.000,478.000,237.80,238.00,2500.000,2500.000,238.75,238.85,974.000,1878.000,237.75,238.05,2500.000,5000.000,238.70,238.95,2978.000,13137.000,15000.000,27500.000,237.693,238.160,238.650,239.032,-0.900,-0.857
2017-04-05 12:01:00,237.859,238.748,2.000,749.000,237.90,238.05,5000.000,5000.000,238.75,238.85,644.000,609.000,237.85,238.10,2500.000,5000.000,238.70,238.95,4857.000,16358.000,17500.000,32500.000,237.762,238.189,238.664,239.015,-0.825,-0.869
2017-04-05 12:02:00,237.905,238.823,21.000,38.000,238.00,238.05,2500.000,5000.000,238.80,239.00,21.000,771.000,237.95,238.20,2500.000,2500.000,238.75,239.05,2079.000,14016.000,17500.000,37500.000,237.833,238.305,238.679,239.140,-0.875,-0.859
2017-04-05 12:03:00,238.044,238.848,6.000,60.000,238.05,238.15,10000.000,5000.000,238.80,239.05,238.000,501.000,238.00,238.20,5000.000,5000.000,238.75,239.10,3552.000,5626.000,27500.000,47500.000,237.885,238.327,238.727,239.245,-0.825,-0.861
2017-04-05 12:04:00,238.072,238.894,76.000,53.000,238.00,238.10,7500.000,5000.000,238.85,239.05,650.000,2911.000,237.95,238.15,2500.000,5000.000,238.80,239.10,4642.000,5001.000,22500.000,40000.000,237.858,238.185,238.761,239.209,-0.900,-0.854
2017-04-05 12:05:00,237.958,238.812,729.000,98.000,238.00,238.10,2500.000,2500.000,238.80,239.00,395.000,220.000,237.95,238.15,2500.000,5000.000,238.75,239.05,3382.000,7534.000,17500.000,35000.000,237.881,238.259,238.693,239.182,-0.850,-0.823
2017-04-05 12:06:00,237.975,238.920,989.000,399.000,238.00,238.20,7500.000,2500.000,238.85,239.05,513.000,211.000,237.95,238.25,5000.000,2500.000,238.80,239.10,4709.000,11467.000,27500.000,27500.000,237.887,238.364,238.773,239.186,-0.850,-0.800
2017-04-05 12:07:00,238.093,238.959,55.000,256.000,238.10,238.30,2500.000,2500.000,238.85,239.00,265.000,1288.000,238.05,238.35,2500.000,2500.000,238.80,239.05,5642.000,12851.000,22500.000,17500.000,237.941,238.468,238.706,239.129,-0.725,-0.766
2017-04-05 12:08:00,238.104,238.920,464.000,600.000,238.05,238.30,2500.000,2500.000,238.85,239.05,1299.000,1428.000,238.00,238.35,2500.000,2500.000,238.80,239.10,6654.000,10321.000,22500.000,27500.000,237.925,238.453,238.717,239.195,-0.775,-0.761
2017-04-05 12:09:00,238.152,238.937,160.000,195.000,238.05,238.25,2500.000,2500.000,238.85,239.00,1299.000,417.000,238.00,238.30,2500.000,2500.000,238.80,239.05,5670.000,5114.000,20000.000,17500.000,237.927,238.394,238.725,239.129,-0.775,-0.750
2017-04-05 12:10:00,238.059,238.760,7.000,492.000,238.05,238.15,10000.000,2500.000,238.70,238.90,79.000,270.000,238.00,238.20,5000.000,2500.000,238.65,238.95,2153.000,3809.000,27500.000,25000.000,237.866,238.296,238.595,239.025,-0.700,-0.775
2017-04-05 12:11:00,238.110,238.942,650.000,190.000,238.05,238.20,2500.000,2500.000,238.90,239.00,1303.000,409.000,238.00,238.30,15000.000,5000.000,238.85,239.05,7068.000,7611.000,35000.000,27500.000,237.948,238.410,238.771,239.127,-0.825,-0.759
2017-04-05 12:12:00,238.174,238.870,339.000,214.000,238.05,238.10,2500.000,2500.000,238.90,239.00,1363.000,358.000,238.00,238.30,7500.000,2500.000,238.85,239.05,7328.000,4908.000,27500.000,30000.000,237.941,238.387,238.732,239.188,-0.875,-0.772
2017-04-05 12:13:00,238.076,238.868,505.000,386.000,238.00,238.10,5000.000,2500.000,238.85,238.95,359.000,134.000,237.95,238.15,2500.000,5000.000,238.75,239.00,6843.000,4307.000,17500.000,17500.000,237.888,238.239,238.729,239.057,-0.850,-0.777
2017-04-05 12:14:00,238.183,238.915,3.000,722.000,238.05,238.20,5000.000,2500.000,238.85,239.00,794.000,655.000,238.00,238.25,15000.000,2500.000,238.75,239.05,6765.000,4351.000,40000.000,27500.000,237.903,238.322,238.722,239.136,-0.800,-0.796
2017-04-05 12:15:00,238.188,239.013,411.000,60.000,238.05,238.25,2500.000,2500.000,238.90,239.05,1508.000,329.000,238.00,238.30,5000.000,2500.000,238.85,239.10,7494.000,4517.000,40000.000,27500.000,237.940,238.398,238.734,239.195,-0.825,-0.766
2017-04-05 12:16:00,238.277,239.026,411.000,179.000,238.15,238.20,5000.000,2500.000,238.95,239.05,560.000,656.000,238.10,238.25,2500.000,5000.000,238.90,239.15,7627.000,2970.000,27500.000,30000.000,238.011,238.383,238.823,239.221,-0.825,-0.806
2017-04-05 12:17:00,238.291,239.053,454.000,601.000,238.20,238.25,7500.000,2500.000,239.00,239.15,648.000,155.000,238.15,238.40,2500.000,2500.000,238.95,239.20,7282.000,6238.000,20000.000,20000.000,238.053,238.483,238.919,239.275,-0.850,-0.816
2017-04-05 12:18:00,238.349,239.164,79.000,1713.000,238.35,238.50,10000.000,2500.000,239.10,239.30,266.000,467.000,238.30,238.55,2500.000,2500.000,239.05,239.35,3250.000,7685.000,25000.000,27500.000,238.220,238.620,239.005,239.414,-0.775,-0.804
2017-04-05 12:19:00,238.349,239.174,338.000,2866.000,238.30,238.50,5000.000,2500.000,239.20,239.25,3048.000,811.000,238.25,238.55,7500.000,2500.000,239.10,239.30,6042.000,9572.000,22500.000,25000.000,238.217,238.599,239.078,239.375,-0.825,-0.796
2017-04-05 12:20:00,238.651,239.329,468.000,366.000,238.50,238.65,2500.000,2500.000,239.30,239.50,639.000,464.000,238.40,238.70,2500.000,7500.000,239.25,239.55,10222.000,4069.000,12500.000,22500.000,238.316,238.793,239.180,239.600,-0.825,-0.809
2017-04-05 12:21:00,238.643,239.594,60.000,128.000,238.55,238.75,2500.000,2500.000,239.45,239.50,3637.000,1053.000,238.50,238.80,2500.000,10000.000,239.40,239.60,7022.000,5960.000,65000.000,32500.000,238.453,238.897,239.271,239.669,-0.825,-0.778
2017-04-05 12:22:00,238.535,239.347,503.000,144.000,238.40,238.50,52500.000,5000.000,239.25,239.40,200.000,68.000,238.35,238.60,2500.000,5000.000,239.20,239.50,9112.000,4444.000,67500.000,25000.000,238.270,238.704,239.200,239.540,-0.875,-0.789
2017-04-05 12:23:00,238.535,239.290,160.000,247.000,238.40,238.55,52500.000,2500.000,239.25,239.35,1012.000,409.000,238.35,238.60,2500.000,2500.000,239.20,239.40,10243.000,4896.000,65000.000,25000.000,238.273,238.711,239.210,239.510,-0.825,-0.802
2017-04-05 12:24:00,238.485,239.271,572.000,287.000,238.35,238.50,47500.000,5000.000,239.25,239.30,2844.000,3051.000,238.30,238.55,5000.000,2500.000,239.20,239.40,11241.000,5762.000,65000.000,25000.000,238.252,238.588,239.196,239.450,-0.850,-0.812
2017-04-05 12:25:00,238.542,239.283,863.000,141.000,238.40,238.50,50000.000,5000.000,239.25,239.30,448.000,60.000,238.35,238.55,2500.000,2500.000,239.20,239.40,9722.000,2806.000,67500.000,22500.000,238.279,238.633,239.189,239.444,-0.825,-0.821
2017-04-05 12:26:00,238.560,239.356,937.000,60.000,238.40,238.60,50000.000,2500.000,239.25,239.40,810.000,643.000,238.35,238.65,2500.000,12500.000,239.20,239.50,9949.000,5327.000,65000.000,25000.000,238.282,238.735,239.198,239.530,-0.825,-0.832
2017-04-05 12:27:00,238.540,239.405,86.000,485.000,238.50,238.60,2500.000,5000.000,239.30,239.40,525.000,744.000,238.45,238.65,52500.000,7500.000,239.25,239.50,5119.000,5974.000,67500.000,30000.000,238.366,238.727,239.211,239.533,-0.800,-0.820
2017-04-05 12:28:00,238.584,239.405,1086.000,393.000,238.45,238.65,5000.000,2500.000,239.30,239.40,1153.000,571.000,238.40,238.70,47500.000,12500.000,239.25,239.50,9812.000,7647.000,67500.000,30000.000,238.323,238.763,239.198,239.562,-0.800,-0.820
2017-04-05 12:29:00,238.608,239.443,184.000,546.000,238.55,238.65,2500.000,2500.000,239.35,239.40,411.000,574.000,238.50,238.70,7500.000,12500.000,239.30,239.50,5862.000,6714.000,65000.000,30000.000,238.397,238.762,239.240,239.542,-0.775,-0.811
2017-04-05 12:30:00,238.673,239.459,909.000,217.000,238.60,238.75,7500.000,2500.000,239.45,239.55,898.000,16.000,238.55,238.80,2500.000,2500.000,239.30,239.70,8144.000,6077.000,20000.000,22500.000,238.502,238.911,239.300,239.744,-0.825,-0.798
2017-04-05 12:31:00,238.387,239.238,25.000,627.000,238.50,238.55,7500.000,2500.000,239.15,239.30,13.000,676.000,238.40,238.60,2500.000,2500.000,239.10,239.35,1707.000,7910.000,25000.000,17500.000,238.271,238.691,239.045,239.421,-0.700,-0.746
2017-04-05 12:32:00,238.565,239.369,901.000,609.000,238.55,238.80,2500.000,2500.000,239.30,239.45,600.000,3953.000,238.50,238.85,2500.000,2500.000,239.25,239.50,7116.000,17864.000,15000.000,17500.000,238.400,238.939,239.200,239.564,-0.700,-0.743
2017-04-05 12:33:00,238.562,239.385,989.000,499.000,238.60,238.80,5000.000,2500.000,239.35,239.45,993.000,4021.000,238.55,238.85,5000.000,2500.000,239.25,239.50,5140.000,17234.000,17500.000,15000.000,238.504,238.938,239.229,239.567,-0.700,-0.729
2017-04-05 12:34:00,238.471,239.262,456.000,567.000,238.50,238.65,2500.000,2500.000,239.20,239.40,160.000,489.000,238.45,238.70,5000.000,5000.000,239.15,239.45,3536.000,8957.000,20000.000,22500.000,238.364,238.803,239.069,239.522,-0.725,-0.737
2017-04-05 12:35:00,238.546,239.267,975.000,108.000,238.35,238.45,2500.000,2500.000,239.20,239.40,644.000,134.000,238.30,238.55,5000.000,5000.000,239.15,239.45,9279.000,1512.000,17500.000,20000.000,238.248,238.613,239.050,239.506,-0.900,-0.780
2017-04-05 12:36:00,238.741,239.334,161.000,593.000,238.60,238.70,7500.000,5000.000,239.30,239.55,365.000,674.000,238.50,238.75,2500.000,2500.000,239.25,239.65,6565.000,3195.000,17500.000,30000.000,238.374,238.796,239.214,239.713,-0.775,-0.815
2017-04-05 12:37:00,238.581,239.372,219.000,46.000,238.50,238.60,2500.000,2500.000,239.35,239.45,339.000,60.000,238.45,238.65,2500.000,5000.000,239.25,239.50,5738.000,3279.000,20000.000,20000.000,238.390,238.745,239.181,239.588,-0.850,-0.798
2017-04-05 12:38:00,238.622,239.374,388.000,184.000,238.50,238.55,5000.000,2500.000,239.35,239.45,548.000,60.000,238.45,238.65,7500.000,7500.000,239.25,239.50,7361.000,2427.000,25000.000,22500.000,238.387,238.743,239.210,239.578,-0.875,-0.810
2017-04-05 12:39:00,238.543,239.373,75.000,160.000,238.50,238.70,7500.000,2500.000,239.30,239.45,809.000,1587.000,238.45,238.75,10000.000,5000.000,239.25,239.50,6306.000,9868.000,27500.000,22500.000,238.363,238.844,239.232,239.594,-0.775,-0.792
2017-04-05 12:40:00,238.582,239.515,842.000,956.000,238.55,238.80,2500.000,5000.000,239.45,239.55,4357.000,1136.000,238.50,238.85,5000.000,5000.000,239.40,239.70,9057.000,15349.000,20000.000,30000.000,238.458,238.951,239.331,239.729,-0.825,-0.772
2017-04-05 12:41:00,238.567,239.336,710.000,137.000,238.50,238.55,2500.000,10000.000,239.25,239.40,560.000,1509.000,238.45,238.60,5000.000,2500.000,239.20,239.45,5803.000,3885.000,22500.000,22500.000,238.353,238.678,239.106,239.467,-0.800,-0.789
2017-04-05 12:42:00,238.519,239.228,424.000,247.000,238.45,238.50,5000.000,5000.000,239.20,239.30,12.000,200.000,238.40,238.55,2500.000,2500.000,239.10,239.35,7303.000,5051.000,22500.000,17500.000,238.271,238.663,239.017,239.400,-0.775,-0.814
2017-04-05 12:43:00,238.430,239.241,529.000,233.000,238.40,238.45,2500.000,7500.000,239.15,239.30,322.000,181.000,238.35,238.55,2500.000,2500.000,239.10,239.40,6754.000,7350.000,20000.000,20000.000,238.244,238.673,239.006,239.412,-0.800,-0.824
2017-04-05 12:44:00,238.528,239.263,13.000,763.000,238.40,238.45,2500.000,5000.000,239.15,239.35,223.000,181.000,238.35,238.55,5000.000,2500.000,239.10,239.40,4987.000,3223.000,20000.000,17500.000,238.221,238.594,239.044,239.443,-0.825,-0.843
2017-04-05 12:45:00,238.427,239.264,232.000,629.000,238.30,238.45,7500.000,7500.000,239.15,239.35,703.000,70.000,238.25,238.50,5000.000,2500.000,239.10,239.40,6204.000,2974.000,25000.000,20000.000,238.197,238.585,239.060,239.431,-0.875,-0.828
2017-04-05 12:46:00,238.473,239.322,335.000,500.000,238.35,238.45,12500.000,5000.000,239.25,239.40,3120.000,128.000,238.30,238.50,2500.000,2500.000,239.15,239.45,7557.000,2127.000,30000.000,20000.000,238.257,238.579,239.137,239.494,-0.925,-0.812
2017-04-05 12:47:00,238.515,239.350,175.000,551.000,238.40,238.45,5000.000,5000.000,239.30,239.40,3131.000,181.000,238.35,238.55,7500.000,2500.000,239.25,239.45,6882.000,2436.000,25000.000,20000.000,238.303,238.602,239.185,239.494,-0.925,-0.792
2017-04-05 12:48:00,238.467,239.332,352.000,591.000,238.40,238.45,2500.000,2500.000,239.30,239.40,2939.000,15.000,238.35,238.50,7500.000,10000.000,239.25,239.45,6558.000,2567.000,22500.000,25000.000,238.306,238.579,239.183,239.495,-0.925,-0.777
2017-04-05 12:49:00,238.520,239.350,317.000,229.000,238.50,238.55,5000.000,2500.000,239.30,239.40,100.000,460.000,238.40,238.60,7500.000,5000.000,239.25,239.45,6300.000,4775.000,27500.000,20000.000,238.317,238.701,239.186,239.525,-0.825,-0.777
2017-04-05 12:50:00,238.592,239.352,288.000,1007.000,238.50,238.65,2500.000,5000.000,239.30,239.50,160.000,588.000,238.45,238.70,10000.000,5000.000,239.15,239.55,4709.000,4420.000,27500.000,30000.000,238.357,238.771,239.100,239.658,-0.825,-0.774
2017-04-05 12:51:00,238.680,239.452,664.000,283.000,238.75,238.80,2500.000,2500.000,239.40,239.50,160.000,67.000,238.60,238.85,7500.000,5000.000,239.30,239.55,9258.000,13324.000,30000.000,30000.000,238.506,238.961,239.246,239.700,-0.675,-0.773
2017-04-05 12:52:00,238.669,239.403,60.000,294.000,238.60,238.75,2500.000,7500.000,239.35,239.50,1098.000,3850.000,238.55,238.80,5000.000,2500.000,239.30,239.55,8016.000,9555.000,22500.000,27500.000,238.459,238.867,239.222,239.645,-0.750,-0.777
2017-04-05 12:53:00,238.706,239.495,953.000,375.000,238.65,238.75,5000.000,2500.000,239.45,239.55,861.000,835.000,238.60,238.80,2500.000,5000.000,239.40,239.70,9001.000,6795.000,20000.000,30000.000,238.525,238.917,239.350,239.750,-0.800,-0.765
2017-04-05 12:54:00,238.598,239.431,122.000,440.000,238.60,238.70,2500.000,2500.000,239.35,239.50,1098.000,260.000,238.55,238.75,5000.000,2500.000,239.30,239.55,3305.000,4779.000,22500.000,22500.000,238.488,238.850,239.233,239.678,-0.775,-0.738
2017-04-05 12:55:00,238.676,239.419,817.000,310.000,238.60,238.65,2500.000,5000.000,239.40,239.50,1098.000,325.000,238.55,238.70,2500.000,2500.000,239.30,239.55,7715.000,2951.000,20000.000,25000.000,238.491,238.793,239.244,239.660,-0.825,-0.731
2017-04-05 12:56:00,238.746,239.511,1167.000,762.000,238.75,238.80,2500.000,2500.000,239.45,239.65,269.000,67.000,238.70,238.85,10000.000,10000.000,239.40,239.70,5437.000,6252.000,25000.000,32500.000,238.632,238.954,239.305,239.746,-0.775,-0.709
2017-04-05 12:57:00,238.737,239.490,656.000,651.000,238.75,238.80,2500.000,5000.000,239.45,239.65,60.000,67.000,238.70,238.85,5000.000,7500.000,239.40,239.70,4410.000,6143.000,17500.000,32500.000,238.614,238.956,239.350,239.742,-0.775,-0.690
2017-04-05 12:58:00,238.674,239.403,372.000,1086.000,238.75,238.80,5000.000,2500.000,239.40,239.45,650.000,2930.000,238.65,238.85,2500.000,2500.000,239.25,239.50,5853.000,14571.000,22500.000,17500.000,238.560,238.938,239.222,239.607,-0.650,-0.687
2017-04-05 12:59:00,238.691,239.389,337.000,3196.000,238.65,238.80,5000.000,2500.000,239.40,239.45,908.000,2714.000,238.60,238.85,10000.000,2500.000,239.25,239.50,10175.000,16265.000,25000.000,20000.000,238.500,238.921,239.245,239.606,-0.700,-0.696
2017-04-05 13:00:00,238.722,239.431,432.000,118.000,238.80,238.85,7500.000,2500.000,239.40,239.50,500.000,2896.000,238.75,238.90,2500.000,2500.000,239.30,239.55,4195.000,13141.000,25000.000,20000.000,238.619,238.976,239.285,239.613,-0.625,-0.670
2017-04-05 13:01:00,238.809,239.467,1050.000,147.000,238.80,238.85,5000.000,2500.000,239.55,239.60,984.000,406.000,238.75,238.90,15000.000,2500.000,239.40,239.65,8135.000,9291.000,30000.000,27500.000,238.668,238.992,239.363,239.732,-0.750,-0.675
2017-04-05 13:02:00,238.842,239.498,53.000,426.000,238.85,238.90,5000.000,2500.000,239.55,239.60,790.000,1573.000,238.80,238.95,2500.000,2500.000,239.45,239.65,5053.000,10338.000,25000.000,25000.000,238.705,239.006,239.385,239.735,-0.700,-0.706
2017-04-05 13:03:00,238.830,239.545,264.000,381.000,238.85,238.90,2500.000,2500.000,239.50,239.60,446.000,1673.000,238.80,238.95,5000.000,2500.000,239.45,239.65,4134.000,10542.000,27500.000,25000.000,238.700,239.007,239.368,239.735,-0.675,-0.711
2017-04-05 13:04:00,239.056,239.795,1115.000,1000.000,239.00,239.15,2500.000,2500.000,239.70,239.80,499.000,193.000,238.95,239.20,2500.000,2500.000,239.65,239.85,4423.000,4721.000,27500.000,25000.000,238.903,239.274,239.573,239.975,-0.675,-0.714
2017-04-05 13:05:00,239.516,240.095,194.000,3026.000,239.45,239.50,2500.000,5000.000,240.05,240.15,44.000,213.000,239.35,239.55,2500.000,2500.000,240.00,240.25,5232.000,5030.000,20000.000,27500.000,239.252,239.554,239.925,240.309,-0.625,-0.742
2017-04-05 13:06:00,239.151,239.836,1481.000,242.000,239.10,239.20,2500.000,5000.000,239.75,239.95,1140.000,462.000,239.05,239.25,7500.000,7500.000,239.70,240.00,6522.000,4822.000,22500.000,22500.000,239.007,239.340,239.594,240.033,-0.700,-0.747
2017-04-05 13:07:00,239.165,239.976,1846.000,748.000,239.10,239.20,5000.000,5000.000,239.80,240.00,1040.000,462.000,239.05,239.25,2500.000,2500.000,239.75,240.05,7227.000,4308.000,27500.000,15000.000,239.012,239.343,239.645,240.083,-0.750,-0.736
2017-04-05 13:08:00,239.347,240.086,500.000,198.000,239.35,239.40,2500.000,2500.000,240.00,240.10,110.000,886.000,239.25,239.45,2500.000,2500.000,239.95,240.20,3464.000,4144.000,20000.000,15000.000,239.172,239.513,239.850,240.250,-0.675,-0.740
2017-04-05 13:09:00,239.251,240.007,9.000,352.000,239.25,239.35,2500.000,7500.000,239.95,240.10,350.000,232.000,239.20,239.40,2500.000,2500.000,239.85,240.15,2201.000,3833.000,17500.000,20000.000,239.120,239.481,239.800,240.188,-0.725,-0.763
2017-04-05 13:10:00,239.096,239.812,350.000,303.000,239.00,239.05,2500.000,5000.000,239.70,239.90,404.000,100.000,238.95,239.10,15000.000,5000.000,239.55,239.95,2931.000,1053.000,32500.000,20000.000,238.885,239.146,239.512,239.981,-0.775,-0.801
2017-04-05 13:11:00,239.162,239.873,101.000,264.000,239.00,239.05,5000.000,2500.000,239.70,239.90,354.000,1244.000,238.90,239.10,2500.000,2500.000,239.60,239.95,9145.000,2128.000,35000.000,15000.000,238.773,239.126,239.539,240.000,-0.775,-0.843
2017-04-05 13:12:00,239.114,239.873,340.000,636.000,239.00,239.05,5000.000,2500.000,239.70,239.90,150.000,1244.000,238.90,239.10,2500.000,2500.000,239.60,239.95,9583.000,3939.000,35000.000,15000.000,238.779,239.160,239.539,240.000,-0.775,-0.867
2017-04-05 13:13:00,238.991,239.750,505.000,113.000,238.85,238.95,2500.000,2500.000,239.60,239.70,1098.000,629.000,238.80,239.00,12500.000,2500.000,239.55,239.85,9443.000,3321.000,30000.000,15000.000,238.717,239.070,239.508,239.900,-0.750,-0.855
2017-04-05 13:14:00,238.950,239.820,364.000,352.000,238.90,238.95,7500.000,2500.000,239.60,239.85,770.000,800.000,238.85,239.00,15000.000,5000.000,239.55,239.90,2954.000,2395.000,40000.000,17500.000,238.793,239.080,239.522,240.000,-0.800,-0.827
2017-04-05 13:15:00,239.069,239.975,1.000,988.000,239.05,239.20,2500.000,2500.000,239.70,239.90,656.000,488.000,239.00,239.25,2500.000,2500.000,239.65,240.10,1556.000,3518.000,32500.000,17500.000,238.933,239.290,239.550,240.150,-0.675,-0.801
2017-04-05 13:16:00,239.013,239.934,433.000,1006.000,239.00,239.10,2500.000,2500.000,239.70,239.90,199.000,380.000,238.95,239.15,2500.000,5000.000,239.65,240.00,2265.000,4598.000,30000.000,17500.000,238.880,239.189,239.554,240.079,-0.750,-0.765
2017-04-05 13:17:00,239.040,239.920,303.000,124.000,239.00,239.05,2500.000,5000.000,239.70,239.90,199.000,835.000,238.95,239.10,2500.000,5000.000,239.65,240.00,1831.000,2221.000,32500.000,22500.000,238.868,239.186,239.550,240.061,-0.775,-0.757
2017-04-05 13:18:00,239.178,239.877,543.000,1356.000,239.00,239.10,5000.000,7500.000,239.70,239.90,160.000,348.000,238.90,239.15,2500.000,7500.000,239.60,240.00,8954.000,3194.000,37500.000,27500.000,238.776,239.172,239.533,240.041,-0.750,-0.779
2017-04-05 13:19:00,239.127,239.854,805.000,587.000,239.00,239.10,2500.000,5000.000,239.70,239.80,160.000,608.000,238.90,239.15,2500.000,5000.000,239.65,239.90,9381.000,5966.000,35000.000,30000.000,238.783,239.217,239.554,239.992,-0.700,-0.808
2017-04-05 13:20:00,239.173,239.948,1521.000,27.000,239.00,239.05,5000.000,10000.000,239.75,240.00,339.000,132.000,238.95,239.15,5000.000,2500.000,239.70,240.15,7525.000,1306.000,27500.000,25000.000,238.864,239.229,239.632,240.140,-0.850,-0.808
2017-04-05 13:21:00,239.185,239.927,2372.000,716.000,239.00,239.20,2500.000,7500.000,239.85,240.00,1116.000,369.000,238.95,239.25,5000.000,2500.000,239.80,240.15,9053.000,2933.000,15000.000,22500.000,238.919,239.312,239.758,240.156,-0.825,-0.807
2017-04-05 13:22:00,239.085,239.926,1437.000,2674.000,239.00,239.10,7500.000,2500.000,239.70,239.95,387.000,525.000,238.85,239.15,2500.000,10000.000,239.65,240.00,9044.000,5962.000,37500.000,25000.000,238.796,239.165,239.577,240.105,-0.775,-0.790
2017-04-05 13:23:00,239.056,239.866,823.000,2989.000,239.00,239.10,5000.000,2500.000,239.70,239.85,653.000,680.000,238.85,239.15,2500.000,2500.000,239.65,239.90,8796.000,7699.000,42500.000,20000.000,238.782,239.178,239.568,239.975,-0.725,-0.785
2017-04-05 13:24:00,238.997,239.868,760.000,637.000,239.00,239.05,2500.000,2500.000,239.70,239.80,517.000,2620.000,238.85,239.10,5000.000,2500.000,239.65,239.90,8597.000,7882.000,42500.000,20000.000,238.778,239.161,239.562,239.969,-0.725,-0.758
2017-04-05 13:25:00,239.009,239.787,511.000,1.000,238.90,239.00,2500.000,2500.000,239.60,239.80,907.000,1398.000,238.85,239.10,15000.000,2500.000,239.55,239.90,6602.000,4270.000,37500.000,20000.000,238.777,239.189,239.510,239.975,-0.750,-0.769
2017-04-05 13:26:00,239.181,239.917,672.000,329.000,239.00,239.15,5000.000,2500.000,239.70,239.90,345.000,732.000,238.95,239.20,7500.000,2500.000,239.65,239.95,5845.000,2058.000,45000.000,22500.000,238.869,239.252,239.578,240.039,-0.725,-0.783
2017-04-05 13:27:00,239.184,239.940,243.000,266.000,239.05,239.15,2500.000,2500.000,239.75,239.95,436.000,523.000,239.00,239.20,5000.000,10000.000,239.70,240.00,4142.000,2090.000,30000.000,22500.000,238.892,239.263,239.621,240.089,-0.750,-0.773
2017-04-05 13:28:00,239.060,239.842,455.000,299.000,239.00,239.15,7500.000,2500.000,239.65,239.85,150.000,228.000,238.95,239.20,2500.000,2500.000,239.60,239.90,2958.000,3761.000,45000.000,20000.000,238.867,239.266,239.525,239.981,-0.675,-0.758
2017-04-05 13:29:00,239.086,239.825,154.000,1298.000,239.10,239.15,2500.000,2500.000,239.70,239.80,154.000,800.000,239.00,239.20,5000.000,2500.000,239.65,239.85,3970.000,5570.000,45000.000,20000.000,238.864,239.242,239.558,239.938,-0.625,-0.753
2017-04-05 13:30:00,239.143,239.972,147.000,1038.000,239.10,239.15,2500.000,2500.000,239.70,239.95,222.000,291.000,239.05,239.20,7500.000,10000.000,239.65,240.00,1866.000,2636.000,45000.000,22500.000,238.967,239.260,239.572,240.089,-0.700,-0.726
2017-04-05 13:31:00,239.136,239.944,72.000,323.000,239.15,239.20,5000.000,5000.000,239.70,239.95,66.000,150.000,239.10,239.30,5000.000,12500.000,239.65,240.00,970.000,1905.000,47500.000,30000.000,239.038,239.369,239.574,240.083,-0.650,-0.693
2017-04-05 13:32:00,239.120,239.827,137.000,1843.000,239.00,239.20,2500.000,2500.000,239.65,239.80,647.000,334.000,238.95,239.25,5000.000,5000.000,239.60,239.95,4286.000,4465.000,37500.000,27500.000,238.866,239.285,239.537,240.005,-0.625,-0.686
2017-04-05 13:33:00,239.135,239.840,74.000,2385.000,239.15,239.20,2500.000,2500.000,239.70,239.80,58.000,30.000,239.10,239.25,7500.000,2500.000,239.65,239.90,1966.000,4684.000,47500.000,27500.000,238.963,239.277,239.568,239.982,-0.575,-0.684
2017-04-05 13:34:00,239.166,239.879,60.000,718.000,239.10,239.20,2500.000,2500.000,239.75,239.90,309.000,90.000,239.05,239.25,5000.000,2500.000,239.70,239.95,2556.000,2168.000,30000.000,22500.000,238.985,239.310,239.625,240.011,-0.675,-0.684
2017-04-05 13:35:00,239.194,239.891,159.000,1126.000,239.15,239.20,10000.000,5000.000,239.70,239.90,128.000,90.000,239.10,239.25,7500.000,2500.000,239.65,239.95,2376.000,2587.000,47500.000,25000.000,239.008,239.293,239.587,240.000,-0.625,-0.692
2017-04-05 13:36:00,239.266,239.909,261.000,939.000,239.15,239.20,7500.000,2500.000,239.75,239.95,61.000,30.000,239.10,239.25,10000.000,12500.000,239.70,240.00,3707.000,1591.000,40000.000,30000.000,239.004,239.269,239.647,240.108,-0.675,-0.672
2017-04-05 13:37:00,239.383,240.053,149.000,1827.000,239.30,239.50,5000.000,2500.000,239.95,240.15,731.000,212.000,239.25,239.55,10000.000,2500.000,239.90,240.20,2768.000,3840.000,27500.000,22500.000,239.193,239.578,239.855,240.261,-0.650,-0.668
2017-04-05 13:38:00,239.335,240.030,120.000,633.000,239.35,239.40,7500.000,2500.000,239.95,240.10,749.000,705.000,239.20,239.45,5000.000,2500.000,239.90,240.15,3960.000,4802.000,27500.000,22500.000,239.113,239.497,239.841,240.250,-0.650,-0.670
2017-04-05 13:39:00,239.603,240.318,37.000,175.000,239.60,239.65,2500.000,5000.000,240.15,240.30,25.000,135.000,239.55,239.70,12500.000,2500.000,240.10,240.40,1692.000,2344.000,42500.000,27500.000,239.451,239.788,240.038,240.477,-0.600,-0.664
2017-04-05 13:40:00,239.558,240.297,239.000,134.000,239.60,239.70,2500.000,2500.000,240.25,240.30,438.000,309.000,239.55,239.75,2500.000,2500.000,240.20,240.35,3009.000,7129.000,25000.000,22500.000,239.479,239.853,240.130,240.456,-0.625,-0.635
2017-04-05 13:41:00,239.977,240.517,139.000,7377.000,239.95,240.00,2500.000,2500.000,240.60,240.65,771.000,61.000,239.90,240.05,5000.000,7500.000,240.55,240.70,7538.000,12857.000,22500.000,37500.000,239.791,240.079,240.461,240.763,-0.650,-0.661
2017-04-05 13:42:00,239.696,240.350,456.000,35.000,239.60,239.75,5000.000,2500.000,240.25,240.45,404.000,690.000,239.55,239.80,5000.000,2500.000,240.20,240.50,6060.000,4787.000,17500.000,15000.000,239.484,239.870,240.171,240.558,-0.675,-0.644
2017-04-05 13:43:00,239.595,240.300,867.000,64.000,239.65,239.70,7500.000,2500.000,240.10,240.30,131.000,439.000,239.60,239.75,2500.000,5000.000,240.05,240.35,4312.000,9430.000,40000.000,17500.000,239.520,239.862,240.003,240.436,-0.525,-0.604
2017-04-05 13:44:00,239.737,240.421,902.000,49.000,239.75,239.80,2500.000,2500.000,240.25,240.35,2643.000,3059.000,239.65,239.85,5000.000,2500.000,240.20,240.50,10005.000,10809.000,35000.000,17500.000,239.579,239.938,240.068,240.557,-0.525,-0.572
2017-04-05 13:45:00,239.716,240.306,792.000,1215.000,239.75,239.80,2500.000,2500.000,240.25,240.35,1135.000,1866.000,239.65,239.85,5000.000,5000.000,240.20,240.40,8342.000,13357.000,20000.000,20000.000,239.567,239.926,240.131,240.456,-0.525,-0.596
2017-04-05 13:46:00,239.592,240.263,381.000,1255.000,239.55,239.80,7500.000,2500.000,240.10,240.30,2982.000,1935.000,239.50,239.85,2500.000,2500.000,240.05,240.35,6942.000,13242.000,42500.000,25000.000,239.456,239.916,239.994,240.465,-0.525,-0.602
2017-04-05 13:47:00,239.620,240.190,719.000,966.000,239.60,239.80,2500.000,5000.000,240.10,240.25,1125.000,2501.000,239.55,239.85,7500.000,2500.000,240.00,240.35,6476.000,11402.000,32500.000,27500.000,239.495,239.942,239.931,240.409,-0.475,-0.632
2017-04-05 13:48:00,239.633,240.137,151.000,578.000,239.60,239.65,2500.000,2500.000,240.05,240.20,60.000,2900.000,239.55,239.70,5000.000,5000.000,240.00,240.25,4002.000,5139.000,25000.000,25000.000,239.471,239.730,239.930,240.390,-0.500,-0.720
2017-04-05 13:49:00,239.199,239.725,144.000,474.000,239.05,239.20,10000.000,2500.000,239.55,239.75,1020.000,413.000,239.00,239.25,10000.000,5000.000,239.50,239.80,4017.000,2084.000,35000.000,15000.000,238.917,239.309,239.454,239.858,-0.525,-0.759
2017-04-05 13:50:00,239.050,239.758,216.000,79.000,238.95,239.00,2500.000,5000.000,239.60,239.75,160.000,195.000,238.90,239.10,10000.000,2500.000,239.55,239.85,7612.000,4370.000,30000.000,17500.000,238.789,239.227,239.504,239.900,-0.700,-0.754
2017-04-05 13:51:00,239.038,239.741,50.000,447.000,238.95,239.00,2500.000,5000.000,239.60,239.75,23.000,295.000,238.90,239.10,12500.000,7500.000,239.55,239.85,7078.000,5093.000,32500.000,25000.000,238.781,239.209,239.496,239.930,-0.700,-0.741
2017-04-05 13:52:00,239.092,239.811,72.000,32.000,238.95,239.00,2500.000,2500.000,239.65,239.80,1802.000,172.000,238.90,239.05,2500.000,10000.000,239.60,239.85,7419.000,1566.000,35000.000,20000.000,238.797,239.143,239.521,239.900,-0.750,-0.718
2017-04-05 13:53:00,238.904,239.846,180.000,193.000,238.85,239.00,2500.000,2500.000,239.65,239.75,325.000,272.000,238.80,239.05,5000.000,10000.000,239.60,239.85,3678.000,3970.000,37500.000,22500.000,238.735,239.142,239.527,239.933,-0.775,-0.681
2017-04-05 13:54:00,238.974,239.697,282.000,95.000,238.85,238.90,2500.000,2500.000,239.60,239.70,225.000,221.000,238.80,238.95,10000.000,5000.000,239.55,239.75,6010.000,1889.000,32500.000,15000.000,238.697,239.027,239.492,239.800,-0.775,-0.708
2017-04-05 13:55:00,238.851,239.533,145.000,783.000,238.80,238.90,7500.000,2500.000,239.50,239.60,100.000,1008.000,238.65,238.95,5000.000,2500.000,239.40,239.75,8790.000,7818.000,20000.000,17500.000,238.542,239.022,239.375,239.807,-0.700,-0.744
2017-04-05 13:56:00,238.735,239.372,600.000,768.000,238.60,238.80,5000.000,7500.000,239.40,239.50,2156.000,1486.000,238.55,238.85,2500.000,5000.000,239.30,239.55,9529.000,6372.000,15000.000,30000.000,238.488,238.929,239.250,239.662,-0.750,-0.799
2017-04-05 13:57:00,238.807,239.413,368.000,165.000,238.70,238.75,7500.000,5000.000,239.40,239.50,825.000,150.000,238.60,238.80,2500.000,5000.000,239.25,239.55,9458.000,3020.000,17500.000,20000.000,238.505,238.878,239.271,239.637,-0.725,-0.867
2017-04-05 13:58:00,238.953,239.707,51.000,21.000,238.90,238.95,2500.000,2500.000,239.60,239.80,70.000,273.000,238.85,239.00,2500.000,2500.000,239.55,239.85,4281.000,3043.000,17500.000,17500.000,238.670,239.122,239.471,239.914,-0.775,-0.919
2017-04-05 13:59:00,238.984,239.843,369.000,126.000,238.95,239.00,2500.000,2500.000,239.70,239.90,221.000,160.000,238.90,239.10,2500.000,2500.000,239.65,239.95,4610.000,5053.000,25000.000,27500.000,238.780,239.227,239.555,240.118,-0.825,-0.950
2017-04-05 14:00:00,239.017,239.878,195.000,173.000,238.95,239.00,2500.000,2500.000,239.75,239.95,100.000,160.000,238.90,239.10,5000.000,7500.000,239.70,240.00,6232.000,5203.000,20000.000,20000.000,238.780,239.222,239.644,240.094,-0.875,-0.976
2017-04-05 14:01:00,239.038,239.950,2161.000,69.000,238.90,239.00,5000.000,12500.000,239.85,240.10,347.000,513.000,238.85,239.15,10000.000,5000.000,239.75,240.25,6796.000,3192.000,22500.000,32500.000,238.800,239.239,239.739,240.273,-1.025,-0.969
2017-04-05 14:02:00,238.910,239.859,133.000,163.000,238.80,238.95,2500.000,2500.000,239.80,239.95,100.000,1416.000,238.75,239.00,7500.000,2500.000,239.75,240.00,3570.000,3208.000,20000.000,20000.000,238.645,239.057,239.700,240.062,-1.000,-0.967
2017-04-05 14:03:00,238.900,239.912,1088.000,86.000,238.95,239.00,5000.000,2500.000,239.80,240.00,552.000,60.000,238.90,239.05,10000.000,10000.000,239.75,240.05,2129.000,3342.000,27500.000,25000.000,238.903,239.144,239.705,240.120,-0.925,-0.940
2017-04-05 14:04:00,238.907,239.922,222.000,20.000,238.95,239.00,5000.000,2500.000,239.85,240.00,176.000,223.000,238.90,239.10,2500.000,2500.000,239.80,240.05,2959.000,7489.000,22500.000,17500.000,238.786,239.212,239.739,240.136,-0.950,-0.907
2017-04-05 14:05:00,238.950,239.944,264.000,110.000,238.95,239.00,2500.000,2500.000,239.90,240.00,176.000,215.000,238.90,239.10,7500.000,2500.000,239.85,240.05,4475.000,7290.000,22500.000,22500.000,238.780,239.213,239.789,240.128,-0.975,-0.881
2017-04-05 14:06:00,239.015,239.891,180.000,81.000,238.95,239.00,2500.000,2500.000,239.85,239.90,116.000,805.000,238.90,239.05,2500.000,7500.000,239.80,240.00,4101.000,3609.000,22500.000,32500.000,238.773,239.118,239.683,240.092,-0.900,-0.880
2017-04-05 14:07:00,238.965,239.905,167.000,86.000,238.90,239.00,2500.000,2500.000,239.85,240.00,151.000,707.000,238.85,239.10,7500.000,2500.000,239.80,240.05,5309.000,5145.000,25000.000,22500.000,238.765,239.210,239.705,240.161,-0.975,-0.865
2017-04-05 14:08:00,239.021,239.897,245.000,35.000,238.95,239.00,5000.000,2500.000,239.80,239.95,110.000,60.000,238.90,239.05,5000.000,2500.000,239.75,240.00,5457.000,3486.000,27500.000,17500.000,238.794,239.142,239.618,240.050,-0.900,-0.851
2017-04-05 14:09:00,238.929,239.776,347.000,21.000,238.90,238.95,2500.000,7500.000,239.75,239.90,151.000,115.000,238.85,239.00,2500.000,2500.000,239.70,239.95,4251.000,2814.000,15000.000,27500.000,238.793,239.115,239.633,240.005,-0.900,-0.830
2017-04-05 14:10:00,238.928,239.791,311.000,53.000,238.95,239.00,2500.000,5000.000,239.75,239.90,105.000,954.000,238.90,239.10,2500.000,2500.000,239.70,239.95,3778.000,7366.000,17500.000,25000.000,238.810,239.203,239.629,240.020,-0.850,-0.825
2017-04-05 14:11:00,238.874,239.748,238.000,634.000,238.90,239.00,2500.000,2500.000,239.60,239.75,51.000,1064.000,238.85,239.05,7500.000,2500.000,239.55,239.85,3110.000,6169.000,32500.000,20000.000,238.805,239.137,239.485,239.912,-0.725,-0.825
2017-04-05 14:12:00,238.919,239.783,21.000,337.000,238.95,239.00,2500.000,5000.000,239.65,239.75,147.000,607.000,238.90,239.05,7500.000,7500.000,239.60,239.90,3346.000,6678.000,30000.000,22500.000,238.800,239.146,239.546,239.911,-0.725,-0.817
2017-04-05 14:13:00,238.952,239.757,274.000,113.000,238.95,239.00,2500.000,2500.000,239.65,239.75,147.000,628.000,238.90,239.05,5000.000,7500.000,239.60,239.90,4922.000,6475.000,27500.000,25000.000,238.796,239.151,239.541,239.945,-0.725,-0.830
2017-04-05 14:14:00,239.055,239.797,1278.000,50.000,238.95,239.00,2500.000,2500.000,239.75,239.90,3.000,209.000,238.90,239.05,5000.000,2500.000,239.70,239.95,6388.000,2196.000,20000.000,25000.000,238.809,239.147,239.631,240.030,-0.850,-0.820
2017-04-05 14:15:00,238.990,239.832,1126.000,88.000,238.95,239.00,2500.000,2500.000,239.75,239.90,109.000,613.000,238.90,239.10,2500.000,2500.000,239.70,239.95,6729.000,6307.000,25000.000,22500.000,238.807,239.216,239.570,240.011,-0.850,-0.805
2017-04-05 14:16:00,238.976,239.850,641.000,46.000,238.95,239.00,5000.000,2500.000,239.70,239.90,150.000,369.000,238.90,239.10,2500.000,2500.000,239.65,239.95,4871.000,5374.000,30000.000,20000.000,238.809,239.213,239.575,240.012,-0.825,-0.795
2017-04-05 14:17:00,239.078,239.900,36.000,57.000,238.95,239.00,2500.000,2500.000,239.75,239.95,989.000,54.000,238.90,239.15,10000.000,7500.000,239.70,240.00,6941.000,4499.000,32500.000,17500.000,238.794,239.246,239.588,240.036,-0.875,-0.813
2017-04-05 14:18:00,239.002,239.874,223.000,135.000,238.95,239.00,5000.000,5000.000,239.70,239.90,39.000,357.000,238.90,239.05,2500.000,7500.000,239.60,240.00,2813.000,2040.000,32500.000,20000.000,238.810,239.138,239.554,240.019,-0.825,-0.820
2017-04-05 14:19:00,239.145,239.835,192.000,234.000,239.00,239.15,7500.000,5000.000,239.70,239.95,327.000,513.000,238.95,239.20,2500.000,15000.000,239.65,240.00,4152.000,2651.000,30000.000,30000.000,238.839,239.264,239.571,240.042,-0.750,-0.869
2017-04-05 14:20:00,238.986,239.752,143.000,71.000,238.95,239.00,7500.000,2500.000,239.65,239.85,103.000,236.000,238.90,239.10,12500.000,2500.000,239.55,239.90,4433.000,4794.000,40000.000,27500.000,238.792,239.217,239.522,239.973,-0.775,-0.879
2017-04-05 14:21:00,238.834,239.661,400.000,1402.000,238.70,238.85,5000.000,2500.000,239.55,239.70,1431.000,999.000,238.65,238.90,10000.000,2500.000,239.50,239.75,8800.000,5926.000,30000.000,17500.000,238.557,238.952,239.454,239.807,-0.850,-0.882
2017-04-05 14:22:00,238.751,239.658,364.000,1265.000,238.65,238.85,2500.000,2500.000,239.55,239.70,563.000,999.000,238.60,238.90,10000.000,2500.000,239.50,239.75,7802.000,8191.000,27500.000,17500.000,238.516,238.972,239.450,239.814,-0.875,-0.901
2017-04-05 14:23:00,238.755,239.665,251.000,76.000,238.70,238.75,5000.000,2500.000,239.55,239.70,284.000,401.000,238.65,238.85,10000.000,2500.000,239.50,239.75,6256.000,5893.000,32500.000,17500.000,238.533,238.968,239.454,239.814,-0.900,-0.920
2017-04-05 14:24:00,238.716,239.653,157.000,557.000,238.70,238.80,7500.000,2500.000,239.55,239.70,225.000,912.000,238.60,238.85,10000.000,2500.000,239.50,239.75,6847.000,7467.000,30000.000,17500.000,238.504,238.949,239.467,239.807,-0.875,-0.932
2017-04-05 14:25:00,238.704,239.516,169.000,271.000,238.60,238.65,10000.000,5000.000,239.50,239.65,190.000,1510.000,238.55,238.75,7500.000,2500.000,239.40,239.70,4654.000,3165.000,27500.000,27500.000,238.464,238.783,239.382,239.750,-0.950,-0.955
2017-04-05 14:26:00,238.725,239.570,626.000,100.000,238.60,238.70,12500.000,2500.000,239.50,239.70,250.000,553.000,238.55,238.75,10000.000,7500.000,239.40,239.75,4322.000,1559.000,30000.000,25000.000,238.489,238.812,239.404,239.790,-0.950,-0.973
2017-04-05 14:27:00,238.819,239.822,35.000,478.000,238.80,238.90,2500.000,2500.000,239.70,239.90,155.000,369.000,238.75,238.95,7500.000,12500.000,239.65,240.00,1749.000,3800.000,30000.000,37500.000,238.634,238.995,239.575,240.110,-0.950,-0.970
2017-04-05 14:28:00,238.855,239.859,1014.000,150.000,238.75,238.95,10000.000,2500.000,239.70,239.95,309.000,2347.000,238.70,239.00,10000.000,20000.000,239.65,240.00,4491.000,5207.000,37500.000,35000.000,238.632,239.085,239.603,240.064,-0.975,-0.942
2017-04-05 14:29:00,238.838,239.833,308.000,2404.000,238.80,239.00,7500.000,5000.000,239.70,239.90,552.000,456.000,238.75,239.05,5000.000,5000.000,239.65,239.95,2744.000,6288.000,30000.000,27500.000,238.672,239.088,239.588,239.991,-0.900,-0.924
2017-04-05 14:30:00,238.848,239.780,1773.000,834.000,238.80,238.95,7500.000,2500.000,239.65,239.85,150.000,2379.000,238.75,239.00,2500.000,2500.000,239.60,239.90,4668.000,6531.000,37500.000,30000.000,238.687,239.055,239.523,239.967,-0.875,-0.911
2017-04-05 14:31:00,238.842,239.775,732.000,428.000,238.90,238.95,7500.000,5000.000,239.65,239.85,1857.000,1525.000,238.80,239.00,2500.000,2500.000,239.60,239.90,3330.000,5271.000,37500.000,32500.000,238.794,239.073,239.523,239.958,-0.825,-0.897
2017-04-05 14:32:00,238.835,239.824,1431.000,440.000,238.90,238.95,2500.000,5000.000,239.65,239.80,1755.000,5280.000,238.80,239.00,7500.000,10000.000,239.60,239.95,3818.000,8765.000,37500.000,30000.000,238.816,239.040,239.517,239.963,-0.800,-0.867
2017-04-05 14:33:00,238.914,239.778,1483.000,5497.000,238.90,239.00,7500.000,5000.000,239.70,239.80,505.000,339.000,238.80,239.05,2500.000,10000.000,239.65,239.95,4223.000,9001.000,27500.000,35000.000,238.769,239.054,239.582,239.975,-0.800,-0.885
2017-04-05 14:34:00,238.807,239.713,949.000,808.000,238.90,238.95,2500.000,5000.000,239.55,239.75,100.000,5927.000,238.80,239.00,15000.000,2500.000,239.50,239.90,1513.000,9458.000,40000.000,30000.000,238.825,239.029,239.453,239.950,-0.725,-0.874
2017-04-05 14:35:00,238.779,239.642,255.000,1250.000,238.80,238.95,12500.000,7500.000,239.50,239.70,160.000,4761.000,238.70,239.00,12500.000,5000.000,239.45,239.75,4746.000,11566.000,40000.000,22500.000,238.600,239.058,239.412,239.806,-0.725,-0.865
2017-04-05 14:36:00,238.910,239.775,4325.000,3773.000,238.95,239.00,2500.000,2500.000,239.60,239.75,253.000,304.000,238.90,239.05,2500.000,2500.000,239.55,239.90,5260.000,9562.000,42500.000,27500.000,238.926,239.103,239.476,239.964,-0.700,-0.855
2017-04-05 14:37:00,239.021,239.862,4461.000,102.000,238.95,239.00,2500.000,7500.000,239.75,239.90,966.000,304.000,238.85,239.15,2500.000,17500.000,239.70,240.00,11504.000,5865.000,27500.000,37500.000,238.824,239.223,239.559,240.017,-0.850,-0.844
2017-04-05 14:38:00,238.858,239.808,153.000,605.000,238.85,239.00,2500.000,2500.000,239.60,239.80,145.000,551.000,238.80,239.05,5000.000,7500.000,239.55,239.95,1768.000,4040.000,42500.000,32500.000,238.707,239.116,239.479,239.992,-0.775,-0.811
2017-04-05 14:39:00,238.846,239.698,333.000,60.000,238.85,238.95,2500.000,2500.000,239.60,239.70,145.000,1317.000,238.80,239.00,5000.000,2500.000,239.55,239.80,3036.000,5642.000,42500.000,35000.000,238.690,239.096,239.479,239.946,-0.750,-0.802
2017-04-05 14:40:00,238.781,239.597,5.000,431.000,238.90,238.95,2500.000,2500.000,239.55,239.70,5.000,389.000,238.85,239.00,15000.000,2500.000,239.50,239.75,598.000,5362.000,40000.000,42500.000,238.736,239.106,239.459,239.929,-0.700,-0.791
2017-04-05 14:41:00,238.876,239.691,15.000,186.000,238.90,239.00,2500.000,2500.000,239.60,239.75,540.000,493.000,238.80,239.05,2500.000,5000.000,239.55,239.80,3481.000,5134.000,37500.000,35000.000,238.696,239.165,239.473,239.943,-0.725,-0.816
2017-04-05 14:42:00,238.504,239.291,50.000,735.000,238.60,238.65,2500.000,12500.000,239.15,239.40,1591.000,611.000,238.50,238.70,2500.000,2500.000,239.10,239.45,2507.000,6249.000,35000.000,35000.000,238.458,238.798,239.000,239.489,-0.650,-0.824
2017-04-05 14:43:00,238.635,239.420,236.000,725.000,238.55,238.75,5000.000,2500.000,239.25,239.45,1618.000,300.000,238.50,238.80,2500.000,2500.000,239.15,239.50,5124.000,6003.000,32500.000,17500.000,238.420,238.873,239.065,239.557,-0.700,-0.829
2017-04-05 14:44:00,238.602,239.411,10.000,549.000,238.65,238.70,10000.000,2500.000,239.25,239.40,669.000,828.000,238.60,238.75,2500.000,5000.000,239.15,239.45,3046.000,6435.000,37500.000,17500.000,238.463,238.824,239.090,239.521,-0.650,-0.825
2017-04-05 14:45:00,238.393,239.150,666.000,262.000,238.30,238.50,10000.000,5000.000,239.10,239.25,2646.000,555.000,238.25,238.55,17500.000,2500.000,239.00,239.30,6361.000,5012.000,35000.000,20000.000,238.216,238.649,238.982,239.356,-0.775,-0.820
2017-04-05 14:46:00,238.495,239.436,247.000,122.000,238.60,238.65,2500.000,2500.000,239.20,239.40,2.000,131.000,238.45,238.70,5000.000,2500.000,239.15,239.45,3714.000,6745.000,37500.000,15000.000,238.374,238.816,239.063,239.550,-0.675,-0.779
2017-04-05 14:47:00,238.550,239.379,560.000,1010.000,238.60,238.65,2500.000,2500.000,239.25,239.40,62.000,100.000,238.50,238.70,2500.000,5000.000,239.20,239.60,3885.000,6837.000,22500.000,25000.000,238.413,238.796,239.122,239.660,-0.700,-0.777
2017-04-05 14:48:00,238.596,239.405,584.000,20.000,238.45,238.50,2500.000,2500.000,239.20,239.35,160.000,1315.000,238.40,238.60,5000.000,5000.000,239.10,239.40,6963.000,2859.000,37500.000,15000.000,238.294,238.661,239.010,239.492,-0.800,-0.811
2017-04-05 14:49:00,238.502,239.292,462.000,716.000,238.45,238.50,2500.000,2500.000,239.20,239.30,60.000,2168.000,238.40,238.60,5000.000,5000.000,239.10,239.35,6673.000,7731.000,30000.000,20000.000,238.290,238.671,239.025,239.425,-0.775,-0.842
2017-04-05 14:50:00,238.591,239.322,477.000,67.000,238.45,238.50,2500.000,2500.000,239.20,239.35,60.000,75.000,238.40,238.60,5000.000,5000.000,239.10,239.40,6454.000,2572.000,30000.000,20000.000,238.291,238.695,239.021,239.475,-0.800,-0.888
2017-04-05 14:51:00,238.597,239.330,295.000,835.000,238.45,238.50,2500.000,5000.000,239.20,239.35,60.000,175.000,238.40,238.60,5000.000,5000.000,239.15,239.40,6315.000,2786.000,32500.000,22500.000,238.286,238.647,239.058,239.456,-0.800,-0.922
2017-04-05 14:52:00,238.333,239.154,900.000,99.000,238.25,238.30,5000.000,2500.000,239.10,239.25,1265.000,582.000,238.20,238.35,17500.000,5000.000,239.00,239.30,6777.000,3497.000,35000.000,22500.000,238.137,238.478,238.943,239.356,-0.900,-0.928
2017-04-05 14:53:00,238.068,239.045,445.000,430.000,238.05,238.15,17500.000,5000.000,239.00,239.10,3028.000,1692.000,238.00,238.20,5000.000,2500.000,238.80,239.15,4802.000,5304.000,37500.000,17500.000,237.982,238.267,238.840,239.193,-0.950,-0.897
2017-04-05 14:54:00,238.303,239.253,411.000,443.000,238.25,238.35,2500.000,5000.000,239.15,239.35,2625.000,766.000,238.20,238.40,25000.000,7500.000,239.10,239.40,5394.000,4302.000,42500.000,32500.000,238.147,238.485,239.062,239.458,-0.950,-0.862
2017-04-05 14:55:00,238.266,239.226,3491.000,556.000,238.20,238.35,5000.000,2500.000,239.15,239.30,134.000,1205.000,238.15,238.40,25000.000,2500.000,239.10,239.35,7571.000,7092.000,47500.000,25000.000,238.114,238.465,239.061,239.445,-0.950,-0.849
2017-04-05 14:56:00,238.287,239.189,3380.000,98.000,238.20,238.30,2500.000,2500.000,239.15,239.30,163.000,629.000,238.15,238.35,2500.000,2500.000,239.10,239.35,9494.000,5042.000,22500.000,25000.000,238.091,238.443,239.022,239.445,-0.975,-0.861
2017-04-05 14:57:00,238.296,239.145,231.000,532.000,238.30,238.35,2500.000,2500.000,239.15,239.30,300.000,1475.000,238.25,238.40,2500.000,2500.000,239.10,239.35,4526.000,6221.000,22500.000,27500.000,238.194,238.470,239.000,239.441,-0.900,-0.860
2017-04-05 14:58:00,238.388,239.211,73.000,270.000,238.30,238.35,2500.000,2500.000,239.20,239.35,74.000,1121.000,238.25,238.45,2500.000,5000.000,239.15,239.40,5600.000,4471.000,27500.000,27500.000,238.128,238.504,238.968,239.464,-0.950,-0.847
2017-04-05 14:59:00,238.361,239.136,2888.000,577.000,238.20,238.35,2500.000,2500.000,239.20,239.30,130.000,1288.000,238.15,238.40,2500.000,2500.000,239.15,239.35,13076.000,6177.000,22500.000,30000.000,238.058,238.467,239.011,239.446,-0.975,-0.854
2017-04-05 15:00:00,238.418,239.311,305.000,928.000,238.35,238.40,2500.000,2500.000,239.30,239.35,5.000,728.000,238.25,238.45,2500.000,2500.000,239.20,239.40,7811.000,4791.000,22500.000,22500.000,238.160,238.494,239.078,239.478,-0.950,-0.832
2017-04-05 15:01:00,238.400,239.363,25.000,18.000,238.45,238.50,2500.000,10000.000,239.35,239.60,220.000,404.000,238.40,238.55,2500.000,2500.000,239.30,239.65,669.000,1961.000,17500.000,47500.000,238.328,238.626,239.250,239.711,-1.000,-0.814
2017-04-05 15:02:00,238.521,239.369,128.000,16.000,238.45,238.50,7500.000,2500.000,239.30,239.45,14.000,273.000,238.40,238.55,7500.000,2500.000,239.25,239.50,2692.000,2156.000,22500.000,17500.000,238.267,238.630,239.228,239.564,-0.900,-0.824
2017-04-05 15:03:00,238.542,239.300,269.000,11.000,238.40,238.50,10000.000,2500.000,239.25,239.45,93.000,265.000,238.35,238.55,2500.000,5000.000,239.20,239.50,4793.000,2217.000,22500.000,27500.000,238.236,238.622,239.183,239.600,-0.900,-0.838
2017-04-05 15:04:00,238.528,239.338,985.000,7.000,238.45,238.50,5000.000,2500.000,239.40,239.50,31.000,799.000,238.40,238.60,5000.000,5000.000,239.35,239.60,6038.000,4245.000,20000.000,45000.000,238.311,238.689,239.294,239.692,-0.975,-0.847
2017-04-05 15:05:00,238.589,239.368,666.000,19.000,238.45,238.50,2500.000,2500.000,239.45,239.55,31.000,559.000,238.40,238.60,2500.000,2500.000,239.40,239.60,8705.000,3987.000,17500.000,45000.000,238.273,238.703,239.300,239.708,-1.025,-0.823
2017-04-05 15:06:00,238.584,239.461,279.000,44.000,238.45,238.50,2500.000,2500.000,239.50,239.60,84.000,400.000,238.40,238.60,5000.000,2500.000,239.45,239.65,9011.000,4000.000,20000.000,47500.000,238.284,238.710,239.406,239.737,-1.075,-0.790
2017-04-05 15:07:00,238.427,239.324,348.000,166.000,238.35,238.40,2500.000,5000.000,239.25,239.40,346.000,1786.000,238.30,238.50,2500.000,7500.000,239.20,239.45,5937.000,4900.000,17500.000,25000.000,238.205,238.571,239.129,239.515,-0.950,-0.767
2017-04-05 15:08:00,238.498,239.324,391.000,87.000,238.45,238.50,2500.000,2500.000,239.35,239.50,63.000,400.000,238.40,238.60,2500.000,10000.000,239.30,239.55,5358.000,5575.000,12500.000,35000.000,238.276,238.714,239.250,239.625,-0.950,-0.746
2017-04-05 15:09:00,238.473,239.333,223.000,86.000,238.45,238.50,5000.000,5000.000,239.20,239.40,52.000,505.000,238.40,238.55,2500.000,7500.000,239.15,239.45,1912.000,2217.000,35000.000,30000.000,238.302,238.628,239.057,239.512,-0.825,-0.706
2017-04-05 15:10:00,238.675,239.330,820.000,20.000,238.45,238.50,10000.000,5000.000,239.35,239.55,840.000,278.000,238.40,238.70,2500.000,5000.000,239.30,239.60,7531.000,2202.000,20000.000,47500.000,238.301,238.790,239.287,239.689,-0.975,-0.664
2017-04-05 15:11:00,238.622,239.338,275.000,845.000,238.35,238.65,2500.000,5000.000,239.25,239.45,304.000,2246.000,238.30,238.75,2500.000,2500.000,239.20,239.50,6643.000,4421.000,15000.000,17500.000,238.200,238.758,239.142,239.550,-0.850,-0.590
2017-04-05 15:12:00,238.749,239.531,29.000,349.000,238.80,238.90,2500.000,2500.000,239.45,239.65,16.000,371.000,238.70,238.95,7500.000,12500.000,239.40,239.70,2341.000,7041.000,27500.000,32500.000,238.579,239.010,239.300,239.754,-0.700,-0.514
2017-04-05 15:13:00,238.859,239.578,407.000,1459.000,238.80,238.90,2500.000,7500.000,239.60,239.80,698.000,969.000,238.75,238.95,2500.000,2500.000,239.55,239.95,2650.000,3189.000,15000.000,57500.000,238.709,238.951,239.475,239.993,-0.850,-0.434
2017-04-05 15:14:00,238.830,239.490,135.000,4252.000,238.85,238.90,5000.000,5000.000,239.40,239.60,10.000,558.000,238.80,238.95,2500.000,2500.000,239.35,239.65,968.000,7185.000,25000.000,27500.000,238.694,238.967,239.280,239.718,-0.625,-0.391
2017-04-05 15:15:00,239.217,239.662,80.000,2404.000,239.15,239.20,2500.000,5000.000,239.70,239.80,10.000,1132.000,239.10,239.25,2500.000,7500.000,239.65,239.90,5674.000,5989.000,15000.000,47500.000,238.983,239.276,239.592,239.974,-0.575,-0.392
2017-04-05 15:16:00,239.348,239.690,335.000,975.000,239.20,239.35,2500.000,2500.000,239.70,239.90,2.000,336.000,239.15,239.40,2500.000,5000.000,239.60,239.95,6518.000,4380.000,15000.000,35000.000,239.028,239.461,239.558,240.014,-0.525,-0.456
2017-04-05 15:17:00,239.292,239.698,26.000,2161.000,239.20,239.30,2500.000,5000.000,239.70,239.85,261.000,466.000,239.15,239.35,5000.000,5000.000,239.65,239.90,6139.000,5541.000,17500.000,40000.000,239.034,239.400,239.593,239.966,-0.525,-0.477
2017-04-05 15:18:00,239.292,239.610,68.000,231.000,239.20,239.30,5000.000,2500.000,239.60,239.80,21.000,2608.000,239.15,239.35,2500.000,7500.000,239.55,239.85,6420.000,5609.000,17500.000,35000.000,239.028,239.414,239.500,239.936,-0.450,-0.510
2017-04-05 15:19:00,239.228,239.673,91.000,277.000,239.25,239.30,2500.000,5000.000,239.65,239.85,354.000,2016.000,239.20,239.35,5000.000,7500.000,239.60,239.90,2432.000,5203.000,17500.000,37500.000,239.105,239.423,239.550,239.957,-0.475,-0.494
2017-04-05 15:20:00,239.184,239.635,592.000,33.000,239.05,239.15,2500.000,2500.000,239.60,239.75,1194.000,569.000,239.00,239.25,7500.000,7500.000,239.55,239.80,4586.000,2323.000,17500.000,25000.000,238.927,239.329,239.514,239.855,-0.575,-0.504
2017-04-05 15:21:00,238.818,239.477,1.000,220.000,238.95,239.05,2500.000,2500.000,239.40,239.55,511.000,339.000,238.85,239.10,2500.000,2500.000,239.30,239.70,1228.000,5522.000,17500.000,20000.000,238.785,239.212,239.243,239.756,-0.475,-0.502
2017-04-05 15:22:00,239.019,239.531,230.000,391.000,238.90,238.95,2500.000,2500.000,239.40,239.55,387.000,100.000,238.85,239.00,2500.000,2500.000,239.35,239.60,4686.000,1784.000,20000.000,12500.000,238.740,239.069,239.275,239.650,-0.550,-0.559
2017-04-05 15:23:00,238.986,239.471,8.000,550.000,238.95,239.10,2500.000,2500.000,239.45,239.50,9.000,261.000,238.90,239.15,2500.000,2500.000,239.40,239.55,1789.000,4075.000,15000.000,15000.000,238.769,239.211,239.300,239.608,-0.450,-0.624
2017-04-05 15:24:00,238.936,239.300,291.000,286.000,238.85,238.90,2500.000,2500.000,239.25,239.45,290.000,514.000,238.80,239.00,2500.000,2500.000,239.20,239.50,3067.000,2278.000,12500.000,20000.000,238.650,239.070,239.150,239.594,-0.475,-0.727
2017-04-05 15:25:00,238.823,239.323,293.000,368.000,238.90,239.00,2500.000,2500.000,239.30,239.35,8.000,60.000,238.85,239.05,2500.000,2500.000,239.25,239.45,803.000,3742.000,15000.000,17500.000,238.828,239.130,239.200,239.514,-0.375,-0.775
2017-04-05 15:26:00,238.666,239.317,6.000,46.000,238.60,238.65,2500.000,5000.000,239.20,239.35,6.000,652.000,238.55,238.70,2500.000,5000.000,239.15,239.40,3171.000,2822.000,32500.000,27500.000,238.445,238.748,239.046,239.455,-0.650,-0.775
2017-04-05 15:27:00,238.439,239.236,24.000,56.000,238.50,238.55,2500.000,2500.000,239.25,239.35,13.000,791.000,238.45,238.60,2500.000,5000.000,239.20,239.40,1707.000,3847.000,15000.000,30000.000,238.383,238.713,239.133,239.479,-0.775,-0.775
2017-04-05 15:28:00,238.477,239.286,7.000,493.000,238.60,238.65,2500.000,2500.000,239.30,239.35,7.000,164.000,238.55,238.70,2500.000,5000.000,239.20,239.40,120.000,3131.000,15000.000,20000.000,238.383,238.788,239.142,239.456,-0.700,-0.775
2017-04-05 15:29:00,238.372,239.250,18.000,55.000,238.35,238.45,5000.000,2500.000,239.15,239.30,14.000,1275.000,238.30,238.50,2500.000,7500.000,239.10,239.35,937.000,2038.000,30000.000,20000.000,238.148,238.555,239.017,239.400,-0.825,-0.775
2017-04-05 15:30:00,238.411,239.155,14.000,505.000,238.30,238.40,20000.000,5000.000,239.00,239.30,1422.000,514.000,238.25,238.50,2500.000,2500.000,238.70,239.35,2220.000,2159.000,37500.000,17500.000,238.188,238.591,238.763,239.421,-0.800,-0.775
2017-04-06 09:16:00,237.827,238.127,461.000,55.000,237.75,237.95,2500.000,5000.000,238.15,238.40,428.000,1000.000,237.70,238.00,2500.000,2500.000,238.10,238.45,1772.000,2233.000,12500.000,20000.000,237.663,238.086,237.960,238.512,-0.425,-0.565
2017-04-06 09:17:00,237.886,238.367,804.000,284.000,237.75,237.95,5000.000,5000.000,238.25,238.50,234.000,500.000,237.70,238.00,2500.000,5000.000,238.05,238.60,3439.000,2245.000,17500.000,20000.000,237.588,238.075,237.971,238.781,-0.525,-0.578
2017-04-06 09:18:00,237.219,238.012,304.000,42.000,237.30,237.40,2500.000,2500.000,237.85,238.15,311.000,5.000,237.25,237.45,2500.000,2500.000,237.80,238.40,986.000,5247.000,12500.000,17500.000,237.243,237.578,237.710,238.571,-0.650,-0.515
2017-04-06 09:19:00,237.734,238.207,300.000,147.000,237.55,237.65,5000.000,5000.000,238.05,238.30,287.000,158.000,237.50,237.70,7500.000,2500.000,238.00,238.35,6254.000,1603.000,20000.000,15000.000,237.391,237.757,237.956,238.425,-0.575,-0.517
2017-04-06 09:20:00,237.157,237.588,61.000,158.000,236.95,237.00,2500.000,2500.000,237.45,237.60,843.000,50.000,236.90,237.10,5000.000,2500.000,237.40,237.70,6036.000,986.000,20000.000,12500.000,236.787,237.173,237.269,237.770,-0.550,-0.510
2017-04-06 09:21:00,236.914,237.562,33.000,127.000,236.85,237.00,5000.000,2500.000,237.40,237.55,30.000,572.000,236.80,237.05,5000.000,2500.000,237.25,237.70,3192.000,4092.000,25000.000,15000.000,236.685,237.132,237.170,237.783,-0.550,-0.479
2017-04-06 09:22:00,237.591,238.135,61.000,304.000,237.50,237.70,2500.000,2500.000,238.00,238.20,983.000,1119.000,237.45,237.75,5000.000,2500.000,237.95,238.30,3747.000,4385.000,17500.000,15000.000,237.378,237.806,237.900,238.350,-0.500,-0.475
2017-04-06 09:23:00,237.726,238.208,75.000,144.000,237.70,237.75,2500.000,2500.000,238.15,238.25,806.000,165.000,237.65,237.80,5000.000,2500.000,238.10,238.30,3773.000,4019.000,17500.000,15000.000,237.551,237.886,238.057,238.350,-0.475,-0.479
2017-04-06 09:24:00,237.904,238.385,45.000,575.000,237.85,237.90,2500.000,5000.000,238.25,238.45,168.000,1219.000,237.80,237.95,2500.000,2500.000,238.20,238.50,2939.000,3279.000,17500.000,15000.000,237.699,237.978,238.100,238.550,-0.475,-0.483
2017-04-06 09:25:00,238.366,238.763,50.000,6.000,238.30,238.40,7500.000,2500.000,238.80,238.90,2564.000,60.000,238.25,238.45,2500.000,5000.000,238.55,239.00,5823.000,3546.000,22500.000,25000.000,238.207,238.543,238.583,239.150,-0.500,-0.506
2017-04-06 09:26:00,238.244,238.737,25.000,723.000,238.30,238.40,2500.000,5000.000,238.65,238.90,191.000,448.000,238.25,238.45,2500.000,2500.000,238.60,238.95,778.000,4202.000,17500.000,30000.000,238.168,238.510,238.529,239.154,-0.425,-0.512
2017-04-06 09:27:00,238.115,238.637,3097.000,191.000,238.00,238.20,5000.000,5000.000,238.55,238.75,1245.000,189.000,237.95,238.25,2500.000,2500.000,238.50,238.80,5548.000,2695.000,17500.000,20000.000,237.960,238.341,238.450,238.850,-0.550,-0.498
2017-04-06 09:28:00,238.212,238.717,141.000,64.000,238.15,238.30,10000.000,5000.000,238.70,238.90,1313.000,110.000,238.10,238.35,2500.000,2500.000,238.55,238.95,7241.000,7497.000,20000.000,25000.000,238.018,238.451,238.588,239.015,-0.575,-0.493
2017-04-06 09:29:00,238.004,238.506,801.000,75.000,238.00,238.10,2500.000,5000.000,238.45,238.65,20.000,509.000,237.95,238.15,2500.000,5000.000,238.40,238.70,1915.000,3103.000,17500.000,27500.000,237.898,238.218,238.343,238.755,-0.500,-0.486
2017-04-06 09:30:00,237.998,238.510,431.000,288.000,237.90,238.05,5000.000,5000.000,238.45,238.65,1042.000,112.000,237.85,238.10,2500.000,10000.000,238.40,238.70,4729.000,2958.000,20000.000,30000.000,237.792,238.209,238.356,238.746,-0.575,-0.496
2017-04-06 09:31:00,237.595,238.117,1523.000,134.000,237.60,237.70,5000.000,2500.000,238.05,238.15,166.000,931.000,237.55,237.75,7500.000,2500.000,238.00,238.30,3379.000,5383.000,20000.000,17500.000,237.511,237.852,237.963,238.393,-0.450,-0.490
2017-04-06 09:32:00,237.818,238.268,184.000,53.000,237.70,237.75,10000.000,2500.000,238.15,238.35,304.000,4.000,237.60,237.80,2500.000,5000.000,238.10,238.40,4829.000,1344.000,27500.000,20000.000,237.501,237.884,238.064,238.463,-0.525,-0.501
2017-04-06 09:33:00,237.860,238.339,11.000,206.000,237.70,237.80,2500.000,2500.000,238.30,238.40,1421.000,145.000,237.65,237.85,5000.000,7500.000,238.25,238.45,10463.000,3406.000,20000.000,25000.000,237.540,237.948,238.188,238.500,-0.600,-0.518
2017-04-06 09:34:00,237.640,238.110,84.000,494.000,237.60,237.65,5000.000,5000.000,238.10,238.30,161.000,474.000,237.55,237.70,10000.000,2500.000,238.00,238.35,4258.000,3463.000,25000.000,27500.000,237.465,237.788,237.945,238.436,-0.575,-0.522
2017-04-06 09:35:00,237.449,238.009,38.000,493.000,237.50,237.55,7500.000,2500.000,237.90,238.05,394.000,693.000,237.35,237.60,5000.000,2500.000,237.85,238.15,5833.000,7026.000,22500.000,17500.000,237.259,237.709,237.817,238.236,-0.450,-0.507
2017-04-06 09:36:00,237.420,237.912,47.000,262.000,237.25,237.40,2500.000,5000.000,237.70,237.90,520.000,280.000,237.20,237.45,5000.000,2500.000,237.65,237.95,4827.000,2251.000,25000.000,15000.000,237.092,237.528,237.570,238.017,-0.475,-0.521
2017-04-06 09:37:00,237.561,238.067,47.000,6.000,237.50,237.55,2500.000,2500.000,238.00,238.15,1122.000,64.000,237.45,237.65,2500.000,2500.000,237.85,238.20,4111.000,2941.000,20000.000,17500.000,237.385,237.753,237.781,238.279,-0.550,-0.518
2017-04-06 09:38:00,237.482,238.044,10.000,92.000,237.55,237.60,5000.000,2500.000,237.90,238.15,217.000,182.000,237.50,237.65,5000.000,2500.000,237.85,238.20,1158.000,3384.000,22500.000,17500.000,237.417,237.754,237.806,238.264,-0.450,-0.495
2017-04-06 09:39:00,237.587,238.076,617.000,55.000,237.50,237.60,10000.000,2500.000,238.00,238.15,493.000,52.000,237.45,237.70,7500.000,2500.000,237.95,238.20,5513.000,3805.000,27500.000,20000.000,237.386,237.811,237.936,238.262,-0.525,-0.478
2017-04-06 09:40:00,237.577,238.062,1976.000,587.000,237.50,237.70,7500.000,10000.000,238.00,238.20,406.000,824.000,237.45,237.75,2500.000,5000.000,237.95,238.25,7066.000,6968.000,20000.000,30000.000,237.407,237.841,237.925,238.304,-0.500,-0.482
2017-04-06 09:41:00,237.381,237.943,948.000,471.000,237.40,237.50,7500.000,5000.000,237.80,238.00,12.000,969.000,237.35,237.55,7500.000,5000.000,237.75,238.10,3631.000,7208.000,32500.000,22500.000,237.282,237.639,237.658,238.128,-0.450,-0.465
2017-04-06 09:42:00,237.337,237.829,107.000,181.000,237.30,237.35,5000.000,2500.000,237.65,237.85,1589.000,511.000,237.25,237.40,2500.000,2500.000,237.55,237.90,3899.000,3336.000,37500.000,15000.000,237.177,237.471,237.430,237.983,-0.425,-0.471
2017-04-06 09:43:00,237.421,237.869,37.000,27.000,237.40,237.45,5000.000,2500.000,237.75,237.95,977.000,101.000,237.35,237.50,10000.000,2500.000,237.70,238.00,3676.000,3063.000,22500.000,17500.000,237.264,237.627,237.678,238.086,-0.425,-0.477
2017-04-06 09:44:00,237.481,237.884,808.000,140.000,237.40,237.45,2500.000,2500.000,237.90,238.00,572.000,1.000,237.35,237.50,5000.000,5000.000,237.80,238.10,7870.000,4176.000,15000.000,25000.000,237.272,237.680,237.767,238.165,-0.525,-0.497
2017-04-06 09:45:00,237.462,237.965,92.000,378.000,237.40,237.55,2500.000,2500.000,237.90,238.05,389.000,3261.000,237.35,237.60,7500.000,5000.000,237.80,238.10,6788.000,8382.000,17500.000,15000.000,237.257,237.675,237.771,238.142,-0.500,-0.512
2017-04-06 09:46:00,237.485,237.963,730.000,20.000,237.40,237.55,2500.000,2500.000,237.95,238.10,633.000,250.000,237.35,237.60,2500.000,5000.000,237.85,238.20,6930.000,5015.000,15000.000,22500.000,237.273,237.731,237.767,238.256,-0.550,-0.505
2017-04-06 09:47:00,237.509,238.027,875.000,206.000,237.40,237.55,5000.000,2500.000,237.95,238.15,856.000,200.000,237.35,237.60,2500.000,5000.000,237.90,238.20,7362.000,4225.000,17500.000,20000.000,237.278,237.725,237.864,238.256,-0.575,-0.511
2017-04-06 09:48:00,237.421,237.900,200.000,186.000,237.35,237.45,5000.000,2500.000,237.80,238.00,1140.000,60.000,237.30,237.50,2500.000,5000.000,237.75,238.05,5826.000,3624.000,17500.000,17500.000,237.232,237.614,237.686,238.093,-0.500,-0.525
2017-04-06 09:49:00,237.435,237.939,1143.000,108.000,237.30,237.45,2500.000,5000.000,237.80,238.00,2283.000,354.000,237.25,237.50,2500.000,5000.000,237.75,238.05,8927.000,3696.000,17500.000,17500.000,237.191,237.614,237.650,238.100,-0.525,-0.527
2017-04-06 09:50:00,237.184,237.763,942.000,248.000,237.10,237.25,2500.000,2500.000,237.65,237.85,688.000,110.000,237.05,237.30,2500.000,2500.000,237.60,237.90,6105.000,4168.000,20000.000,17500.000,237.005,237.403,237.488,237.979,-0.575,-0.515
2017-04-06 09:51:00,237.727,238.173,580.000,778.000,237.60,237.70,5000.000,2500.000,238.20,238.35,817.000,25.000,237.55,237.75,2500.000,2500.000,238.05,238.40,7968.000,3436.000,20000.000,30000.000,237.464,237.827,237.994,238.454,-0.625,-0.590
2017-04-06 09:52:00,237.852,238.398,1081.000,32.000,237.75,237.80,2500.000,7500.000,238.35,238.55,952.000,4.000,237.70,237.90,7500.000,5000.000,238.30,238.60,6773.000,3007.000,20000.000,32500.000,237.617,238.026,238.262,238.650,-0.675,-0.677
2017-04-06 09:53:00,237.600,238.150,150.000,600.000,237.55,237.75,2500.000,5000.000,238.10,238.35,627.000,521.000,237.50,237.80,2500.000,2500.000,238.05,238.40,3060.000,5642.000,17500.000,27500.000,237.403,237.922,237.986,238.514,-0.575,-0.741
2017-04-06 09:54:00,237.531,238.046,37.000,218.000,237.40,237.50,2500.000,2500.000,238.00,238.20,520.000,463.000,237.35,237.60,2500.000,12500.000,237.80,238.25,7895.000,4744.000,32500.000,27500.000,237.239,237.715,237.596,238.295,-0.650,-0.838
2017-04-06 09:55:00,237.498,238.017,340.000,48.000,237.35,237.45,7500.000,2500.000,238.00,238.15,380.000,592.000,237.30,237.50,5000.000,5000.000,237.80,238.20,7360.000,2551.000,42500.000,30000.000,237.200,237.596,237.750,238.275,-0.675,-0.935
2017-04-06 09:56:00,236.998,237.818,4137.000,86.000,237.00,237.05,2500.000,2500.000,237.80,237.85,384.000,392.000,236.95,237.10,15000.000,25000.000,237.75,237.90,7094.000,4483.000,52500.000,65000.000,236.947,237.219,237.681,237.954,-0.800,-0.983
2017-04-06 09:57:00,238.158,239.139,206.000,3.000,238.15,238.25,7500.000,2500.000,239.00,239.20,1434.000,142.000,238.10,238.30,15000.000,7500.000,238.95,239.25,7089.000,8053.000,30000.000,17500.000,238.014,238.442,238.933,239.307,-0.900,-0.976
2017-04-06 09:58:00,238.112,238.983,517.000,145.000,238.10,238.15,5000.000,2500.000,238.90,239.15,105.000,965.000,238.00,238.20,2500.000,12500.000,238.85,239.25,2529.000,2638.000,17500.000,27500.000,237.914,238.268,238.807,239.286,-0.900,-0.964
2017-04-06 09:59:00,238.114,239.111,141.000,290.000,238.05,238.15,5000.000,2500.000,239.00,239.25,568.000,519.000,238.00,238.25,2500.000,7500.000,238.90,239.30,4989.000,5410.000,17500.000,17500.000,237.890,238.358,238.864,239.336,-1.025,-0.947
2017-04-06 10:00:00,238.049,239.053,5.000,177.000,238.15,238.20,2500.000,7500.000,239.00,239.20,145.000,201.000,238.10,238.25,2500.000,5000.000,238.95,239.25,1299.000,5560.000,15000.000,27500.000,238.023,238.366,238.900,239.282,-0.925,-0.913
2017-04-06 10:01:00,238.051,239.115,159.000,387.000,238.15,238.25,5000.000,5000.000,239.00,239.20,81.000,628.000,238.10,238.30,2500.000,7500.000,238.95,239.25,2468.000,13174.000,25000.000,25000.000,238.014,238.411,238.890,239.280,-0.900,-0.889
2017-04-06 10:02:00,238.156,239.100,1607.000,59.000,238.20,238.25,5000.000,2500.000,239.05,239.20,414.000,568.000,238.10,238.30,2500.000,5000.000,239.00,239.25,9483.000,12650.000,25000.000,27500.000,238.021,238.417,238.910,239.309,-0.900,-0.864
2017-04-06 10:03:00,238.070,238.880,250.000,171.000,238.10,238.20,2500.000,12500.000,238.90,239.05,803.000,842.000,238.05,238.25,7500.000,7500.000,238.85,239.10,3257.000,6332.000,22500.000,45000.000,238.002,238.348,238.756,239.144,-0.825,-0.869
2017-04-06 10:04:00,237.950,238.865,558.000,209.000,238.00,238.10,2500.000,2500.000,238.75,238.95,50.000,472.000,237.90,238.15,2500.000,2500.000,238.70,239.00,2769.000,6531.000,17500.000,15000.000,237.817,238.226,238.593,239.058,-0.800,-0.856
2017-04-06 10:05:00,238.100,238.932,411.000,56.000,238.05,238.15,2500.000,7500.000,238.90,239.10,720.000,831.000,238.00,238.20,7500.000,2500.000,238.85,239.15,4216.000,3977.000,22500.000,40000.000,237.906,238.306,238.800,239.206,-0.900,-0.832
2017-04-06 10:06:00,238.098,239.044,1185.000,527.000,238.10,238.20,5000.000,5000.000,239.00,239.20,559.000,420.000,238.05,238.30,5000.000,7500.000,238.95,239.25,6820.000,10761.000,22500.000,37500.000,237.980,238.417,238.889,239.300,-0.950,-0.803
2017-04-06 10:07:00,238.079,238.898,521.000,110.000,238.05,238.20,7500.000,2500.000,238.90,239.15,615.000,206.000,238.00,238.25,2500.000,2500.000,238.75,239.20,3672.000,4612.000,22500.000,30000.000,237.918,238.373,238.744,239.292,-0.900,-0.803
2017-04-06 10:08:00,238.069,238.900,30.000,306.000,238.10,238.20,2500.000,2500.000,238.95,239.10,362.000,205.000,238.05,238.25,7500.000,2500.000,238.90,239.15,2474.000,4892.000,20000.000,27500.000,237.967,238.364,238.794,239.232,-0.875,-0.809
2017-04-06 10:09:00,238.048,238.900,28.000,980.000,238.10,238.20,2500.000,2500.000,238.90,239.15,312.000,94.000,238.05,238.25,2500.000,5000.000,238.85,239.20,1700.000,5152.000,15000.000,37500.000,237.977,238.343,238.792,239.277,-0.875,-0.796
2017-04-06 10:10:00,238.170,238.884,481.000,334.000,238.00,238.10,5000.000,2500.000,238.85,239.05,264.000,60.000,237.90,238.15,5000.000,2500.000,238.80,239.10,8531.000,2593.000,17500.000,22500.000,237.781,238.220,238.757,239.178,-0.900,-0.826
2017-04-06 10:11:00,238.089,238.887,207.000,300.000,238.00,238.10,2500.000,2500.000,238.85,239.05,416.000,60.000,237.90,238.15,7500.000,2500.000,238.80,239.10,6093.000,3984.000,17500.000,22500.000,237.785,238.236,238.750,239.178,-0.900,-0.859
2017-04-06 10:12:00,237.954,238.775,112.000,5.000,237.85,237.95,2500.000,2500.000,238.75,238.95,795.000,113.000,237.80,238.00,5000.000,2500.000,238.70,239.00,4660.000,2853.000,20000.000,35000.000,237.696,238.091,238.606,239.104,-0.950,-0.878
2017-04-06 10:13:00,237.639,238.500,46.000,447.000,237.65,237.75,2500.000,2500.000,238.50,238.65,317.000,465.000,237.60,237.80,2500.000,7500.000,238.30,238.70,2948.000,5735.000,15000.000,17500.000,237.481,237.906,238.233,238.736,-0.875,-0.866
2017-04-06 10:14:00,237.888,238.672,6.000,822.000,237.75,237.90,2500.000,2500.000,238.60,238.70,336.000,2027.000,237.65,237.95,5000.000,2500.000,238.55,238.85,8913.000,5963.000,20000.000,25000.000,237.534,237.986,238.494,238.950,-0.825,-0.874
2017-04-06 10:15:00,237.914,238.778,22.000,53.000,237.80,237.90,5000.000,5000.000,238.75,238.85,304.000,1453.000,237.75,237.95,5000.000,5000.000,238.70,238.95,4430.000,2702.000,17500.000,27500.000,237.656,237.999,238.671,238.995,-0.950,-0.863
2017-04-06 10:16:00,237.781,238.745,478.000,1250.000,237.75,237.80,5000.000,2500.000,238.65,238.80,52.000,209.000,237.70,237.85,5000.000,2500.000,238.60,238.85,4514.000,5220.000,25000.000,22500.000,237.593,237.920,238.545,238.956,-0.950,-0.851
2017-04-06 10:17:00,237.683,238.600,100.000,38.000,237.65,237.75,7500.000,2500.000,238.50,238.70,723.000,1082.000,237.60,237.80,7500.000,2500.000,238.45,238.75,2457.000,2940.000,22500.000,17500.000,237.519,237.883,238.422,238.800,-0.900,-0.878
2017-04-06 10:18:00,237.639,238.443,343.000,744.000,237.60,237.75,5000.000,2500.000,238.35,238.60,154.000,1800.000,237.55,237.80,7500.000,2500.000,238.30,238.65,2859.000,5240.000,20000.000,17500.000,237.467,237.844,238.250,238.714,-0.800,-0.896
2017-04-06 10:19:00,237.596,238.420,444.000,93.000,237.60,237.70,5000.000,2500.000,238.35,238.60,209.000,835.000,237.55,237.75,10000.000,2500.000,238.30,238.65,1733.000,3503.000,25000.000,25000.000,237.488,237.811,238.240,238.750,-0.825,-0.915
2017-04-06 10:20:00,237.482,238.291,89.000,182.000,237.35,237.50,7500.000,7500.000,238.15,238.40,172.000,130.000,237.30,237.55,5000.000,7500.000,238.10,238.45,2624.000,1820.000,35000.000,32500.000,237.188,237.628,238.043,238.485,-0.850,-0.909
2017-04-06 10:21:00,237.463,238.365,415.000,207.000,237.50,237.60,5000.000,2500.000,238.30,238.50,66.000,112.000,237.45,237.65,2500.000,10000.000,238.25,238.55,2172.000,4720.000,17500.000,25000.000,237.372,237.759,238.179,238.615,-0.850,-0.901
2017-04-06 10:22:00,237.316,238.369,199.000,448.000,237.40,237.55,5000.000,5000.000,238.20,238.40,76.000,405.000,237.35,237.60,5000.000,5000.000,238.15,238.45,1483.000,7080.000,40000.000,20000.000,237.253,237.714,238.062,238.488,-0.825,-0.840
2017-04-06 10:23:00,237.491,238.384,77.000,562.000,237.45,237.60,7500.000,2500.000,238.25,238.40,160.000,588.000,237.40,237.65,5000.000,2500.000,238.15,238.45,4343.000,7033.000,42500.000,20000.000,237.274,237.735,238.088,238.512,-0.800,-0.823
2017-04-06 10:24:00,237.395,238.315,453.000,158.000,237.45,237.50,5000.000,2500.000,238.15,238.35,123.000,23.000,237.40,237.55,10000.000,2500.000,238.10,238.40,1222.000,2696.000,37500.000,22500.000,237.359,237.644,238.043,238.500,-0.775,-0.808
2017-04-06 10:25:00,237.396,238.171,172.000,648.000,237.30,237.40,10000.000,5000.000,238.10,238.25,228.000,630.000,237.25,237.45,12500.000,2500.000,238.00,238.30,7418.000,5649.000,30000.000,17500.000,237.131,237.532,237.988,238.336,-0.825,-0.823
2017-04-06 10:26:00,237.406,238.273,1154.000,4.000,237.30,237.45,5000.000,2500.000,238.15,238.35,514.000,302.000,237.25,237.50,5000.000,2500.000,238.10,238.40,5306.000,3035.000,30000.000,20000.000,237.189,237.614,238.054,238.469,-0.875,-0.812
2017-04-06 10:27:00,237.433,238.180,770.000,50.000,237.25,237.40,7500.000,2500.000,238.15,238.35,634.000,465.000,237.20,237.45,5000.000,5000.000,238.10,238.40,7557.000,2726.000,22500.000,27500.000,237.105,237.529,238.050,238.468,-0.925,-0.833
2017-04-06 10:28:00,237.439,238.247,1328.000,30.000,237.30,237.40,5000.000,2500.000,238.20,238.35,624.000,62.000,237.25,237.45,2500.000,10000.000,238.15,238.40,6860.000,2216.000,20000.000,27500.000,237.165,237.555,238.094,238.455,-0.925,-0.824
2017-04-06 10:29:00,237.413,238.256,123.000,11.000,237.30,237.40,2500.000,2500.000,238.20,238.40,1063.000,55.000,237.25,237.45,5000.000,7500.000,238.15,238.45,7257.000,4030.000,20000.000,25000.000,237.152,237.529,238.062,238.505,-0.950,-0.810
2017-04-06 10:30:00,237.314,238.166,1086.000,65.000,237.25,237.35,2500.000,5000.000,238.15,238.40,300.000,573.000,237.20,237.40,7500.000,7500.000,238.10,238.45,5441.000,4540.000,17500.000,30000.000,237.119,237.485,238.000,238.521,-0.975,-0.799
2017-04-06 10:31:00,237.358,238.172,1075.000,55.000,237.25,237.35,2500.000,5000.000,238.15,238.40,352.000,421.000,237.20,237.40,7500.000,5000.000,238.10,238.45,7379.000,4177.000,17500.000,27500.000,237.102,237.490,238.000,238.500,-0.975,-0.790
2017-04-06 10:32:00,237.369,238.221,473.000,467.000,237.25,237.35,2500.000,5000.000,238.20,238.40,652.000,421.000,237.20,237.40,2500.000,5000.000,238.15,238.45,7443.000,3639.000,17500.000,30000.000,237.109,237.479,238.057,238.517,-1.000,-0.791
2017-04-06 10:33:00,237.349,238.109,234.000,466.000,237.20,237.30,2500.000,2500.000,238.05,238.30,167.000,500.000,237.15,237.35,2500.000,2500.000,238.00,238.35,6441.000,2894.000,17500.000,25000.000,237.028,237.424,237.936,238.435,-0.925,-0.799
2017-04-06 10:34:00,237.183,237.958,958.000,738.000,237.10,237.25,2500.000,2500.000,237.95,238.10,211.000,907.000,237.05,237.30,7500.000,5000.000,237.90,238.20,6936.000,6058.000,17500.000,30000.000,236.983,237.377,237.829,238.304,-0.850,-0.790
2017-04-06 10:35:00,237.305,238.103,1050.000,26.000,237.15,237.25,5000.000,2500.000,238.05,238.20,812.000,3.000,237.10,237.30,12500.000,2500.000,238.00,238.25,11957.000,3092.000,25000.000,22500.000,237.007,237.436,237.975,238.372,-0.925,-0.808
2017-04-06 10:36:00,237.152,237.920,360.000,225.000,237.10,237.15,5000.000,2500.000,237.90,238.05,221.000,447.000,237.05,237.20,2500.000,2500.000,237.80,238.10,7492.000,4376.000,27500.000,22500.000,236.943,237.293,237.614,238.194,-0.850,-0.772
2017-04-06 10:37:00,237.031,237.889,50.000,128.000,237.05,237.10,2500.000,2500.000,237.85,237.95,2986.000,351.000,237.00,237.15,5000.000,2500.000,237.80,238.00,3990.000,4992.000,17500.000,17500.000,236.973,237.235,237.743,238.114,-0.825,-0.730
2017-04-06 10:38:00,237.010,237.809,412.000,127.000,237.00,237.05,2500.000,5000.000,237.75,237.95,31.000,205.000,236.95,237.10,2500.000,5000.000,237.70,238.00,3260.000,3687.000,17500.000,22500.000,236.851,237.207,237.557,238.078,-0.825,-0.725
2017-04-06 10:39:00,237.088,237.818,29.000,757.000,236.95,237.00,2500.000,2500.000,237.85,237.95,1050.000,1.000,236.90,237.05,5000.000,5000.000,237.75,238.00,11218.000,3051.000,17500.000,25000.000,236.791,237.122,237.686,238.060,-0.925,-0.745
2017-04-06 10:40:00,236.679,237.566,513.000,708.000,236.70,236.80,10000.000,2500.000,237.50,237.70,1987.000,638.000,236.65,236.85,2500.000,5000.000,237.45,237.75,4991.000,8400.000,22500.000,25000.000,236.602,236.952,237.406,237.815,-0.850,-0.730
2017-04-06 10:41:00,237.019,237.606,708.000,103.000,236.85,236.95,5000.000,5000.000,237.65,237.85,1488.000,330.000,236.80,237.00,2500.000,5000.000,237.55,237.90,6126.000,1362.000,15000.000,30000.000,236.714,237.082,237.508,237.971,-0.850,-0.773
2017-04-06 10:42:00,237.018,237.668,461.000,87.000,236.85,236.95,5000.000,5000.000,237.65,237.85,2045.000,328.000,236.80,237.00,2500.000,2500.000,237.60,237.90,7077.000,1537.000,17500.000,30000.000,236.714,237.092,237.550,237.975,-0.850,-0.806
2017-04-06 10:43:00,236.890,237.663,867.000,276.000,236.90,236.95,5000.000,2500.000,237.65,237.80,324.000,328.000,236.85,237.00,2500.000,7500.000,237.60,237.90,3429.000,3384.000,17500.000,30000.000,236.819,237.103,237.550,237.971,-0.800,-0.821
2017-04-06 10:44:00,236.944,237.770,496.000,369.000,236.90,236.95,7500.000,2500.000,237.70,237.90,349.000,398.000,236.85,237.00,2500.000,2500.000,237.65,237.95,2976.000,2065.000,22500.000,27500.000,236.799,237.060,237.606,238.014,-0.875,-0.841
2017-04-06 10:45:00,236.907,237.721,453.000,401.000,236.90,236.95,7500.000,2500.000,237.65,237.90,124.000,398.000,236.85,237.00,2500.000,7500.000,237.60,237.95,1782.000,1946.000,20000.000,27500.000,236.816,237.059,237.569,238.005,-0.850,-0.895
2017-04-06 10:46:00,236.986,237.786,500.000,234.000,236.95,237.00,7500.000,5000.000,237.75,237.95,1759.000,2.000,236.85,237.05,2500.000,7500.000,237.70,238.00,5426.000,2878.000,22500.000,30000.000,236.801,237.139,237.633,238.058,-0.875,-0.955
2017-04-06 10:47:00,236.839,237.658,714.000,7.000,236.65,236.85,2500.000,2500.000,237.70,237.80,3554.000,321.000,236.60,236.90,5000.000,2500.000,237.55,237.90,13471.000,5359.000,17500.000,30000.000,236.524,237.005,237.521,237.958,-1.000,-1.006
2017-04-06 10:48:00,236.973,237.821,40.000,362.000,236.85,237.00,5000.000,5000.000,237.75,238.05,119.000,211.000,236.80,237.05,2500.000,5000.000,237.70,238.10,2722.000,2259.000,15000.000,27500.000,236.674,237.121,237.667,238.150,-0.975,-1.040
2017-04-06 10:49:00,236.918,237.844,50.000,3.000,236.85,236.95,5000.000,5000.000,237.80,238.00,257.000,894.000,236.80,237.00,5000.000,2500.000,237.75,238.05,3994.000,3459.000,17500.000,25000.000,236.695,237.097,237.721,238.120,-1.000,-1.054
2017-04-06 10:50:00,236.773,237.856,356.000,414.000,236.80,236.85,2500.000,5000.000,237.70,237.95,150.000,231.000,236.70,236.90,2500.000,5000.000,237.60,238.00,5172.000,7519.000,22500.000,17500.000,236.602,236.987,237.528,238.029,-1.000,-1.022
2017-04-06 10:51:00,236.742,237.843,183.000,137.000,236.80,236.85,5000.000,2500.000,237.75,237.90,27.000,209.000,236.75,236.90,5000.000,5000.000,237.70,237.95,3178.000,8656.000,20000.000,17500.000,236.648,237.003,237.662,238.007,-1.000,-0.996
2017-04-06 10:52:00,236.949,238.021,1735.000,19.000,236.90,236.95,2500.000,2500.000,238.00,238.10,233.000,5921.000,236.85,237.00,2500.000,12500.000,237.90,238.20,9041.000,7957.000,17500.000,25000.000,236.783,237.035,237.807,238.225,-1.125,-0.974
2017-04-06 10:53:00,236.995,238.012,192.000,5.000,237.00,237.05,5000.000,7500.000,238.00,238.20,90.000,501.000,236.95,237.10,5000.000,15000.000,237.95,238.25,2409.000,2609.000,20000.000,42500.000,236.891,237.206,237.906,238.297,-1.075,-0.963
2017-04-06 10:54:00,236.892,237.891,15.000,191.000,236.90,237.00,5000.000,5000.000,237.90,238.10,50.000,402.000,236.85,237.10,2500.000,2500.000,237.85,238.15,3940.000,7680.000,15000.000,40000.000,236.771,237.204,237.817,238.219,-1.050,-0.956
2017-04-06 10:55:00,236.503,237.425,200.000,55.000,236.35,236.45,2500.000,10000.000,237.40,237.60,835.000,305.000,236.30,236.50,2500.000,15000.000,237.30,237.65,8440.000,2737.000,17500.000,37500.000,236.195,236.612,237.221,237.670,-1.100,-0.940
2017-04-06 10:56:00,236.572,237.544,846.000,3.000,236.35,236.50,2500.000,7500.000,237.50,237.65,1189.000,100.000,236.30,236.55,2500.000,10000.000,237.40,237.75,11033.000,860.000,17500.000,27500.000,236.249,236.651,237.300,237.759,-1.150,-0.924
2017-04-06 10:57:00,236.605,237.564,2433.000,135.000,236.50,236.65,5000.000,2500.000,237.60,237.75,304.000,60.000,236.45,236.70,7500.000,7500.000,237.50,237.80,8205.000,4721.000,20000.000,35000.000,236.402,236.794,237.469,237.868,-1.100,-0.915
2017-04-06 10:58:00,236.724,237.685,69.000,103.000,236.70,236.80,2500.000,2500.000,237.70,237.85,82.000,113.000,236.60,236.85,2500.000,2500.000,237.55,237.90,9821.000,9269.000,20000.000,22500.000,236.482,236.986,237.469,237.978,-1.025,-0.927
2017-04-06 10:59:00,236.863,237.831,280.000,239.000,236.80,236.90,5000.000,2500.000,237.75,237.85,68.000,414.000,236.70,236.95,2500.000,2500.000,237.70,237.90,5386.000,4952.000,20000.000,12500.000,236.584,237.012,237.588,237.980,-0.950,-0.919
2017-04-06 11:00:00,236.977,237.814,214.000,69.000,236.80,236.90,2500.000,5000.000,237.80,238.00,211.000,125.000,236.75,236.95,5000.000,10000.000,237.75,238.05,4353.000,1249.000,17500.000,35000.000,236.635,237.032,237.650,238.100,-1.050,-0.939
2017-04-06 11:01:00,236.954,237.847,846.000,493.000,236.80,236.95,2500.000,2500.000,237.85,238.00,505.000,210.000,236.70,237.00,5000.000,7500.000,237.75,238.05,8766.000,3639.000,17500.000,25000.000,236.610,237.094,237.657,238.100,-1.050,-0.948
2017-04-06 11:02:00,236.904,237.817,1432.000,25.000,236.80,236.85,2500.000,2500.000,237.85,238.00,292.000,79.000,236.75,236.95,5000.000,10000.000,237.75,238.05,4255.000,1252.000,17500.000,32500.000,236.700,237.064,237.657,238.104,-1.100,-0.959
2017-04-06 11:03:00,236.838,237.863,552.000,518.000,236.80,236.95,2500.000,5000.000,237.80,238.00,81.000,121.000,236.75,237.00,10000.000,10000.000,237.75,238.05,2735.000,3568.000,22500.000,27500.000,236.671,237.097,237.672,238.091,-1.025,-0.939
2017-04-06 11:04:00,236.953,237.878,10.000,272.000,236.85,236.95,5000.000,2500.000,237.80,237.95,555.000,760.000,236.80,237.00,7500.000,2500.000,237.75,238.00,3314.000,2410.000,22500.000,17500.000,236.709,237.037,237.678,238.050,-0.975,-0.933
2017-04-06 11:05:00,236.997,237.934,201.000,201.000,236.85,236.95,2500.000,5000.000,237.85,238.00,477.000,71.000,236.80,237.00,2500.000,2500.000,237.80,238.05,5063.000,1869.000,22500.000,17500.000,236.699,237.083,237.739,238.100,-1.025,-0.934
2017-04-06 11:06:00,236.929,237.870,30.000,228.000,236.85,236.90,5000.000,2500.000,237.80,237.95,577.000,3.000,236.80,236.95,12500.000,7500.000,237.75,238.00,4082.000,2309.000,27500.000,22500.000,236.701,237.032,237.691,238.044,-1.000,-0.920
2017-04-06 11:07:00,236.926,237.891,512.000,268.000,236.80,236.90,5000.000,2500.000,237.80,237.95,83.000,52.000,236.75,236.95,10000.000,7500.000,237.75,238.00,4655.000,2189.000,25000.000,17500.000,236.654,237.028,237.685,238.036,-1.025,-0.923
2017-04-06 11:08:00,236.913,237.838,369.000,269.000,236.85,236.90,5000.000,2500.000,237.80,237.95,508.000,1.000,236.80,236.95,10000.000,7500.000,237.75,238.00,3352.000,2387.000,22500.000,30000.000,236.701,237.029,237.717,238.042,-1.000,-0.919
2017-04-06 11:09:00,236.896,237.791,1042.000,589.000,236.80,236.90,2500.000,2500.000,237.75,237.85,179.000,710.000,236.70,236.95,2500.000,5000.000,237.70,237.90,8618.000,5550.000,20000.000,20000.000,236.603,237.003,237.537,237.988,-0.950,-0.912
2017-04-06 11:10:00,236.752,237.697,1167.000,124.000,236.80,236.85,2500.000,2500.000,237.60,237.75,179.000,395.000,236.70,236.90,5000.000,2500.000,237.55,237.80,3505.000,5151.000,22500.000,15000.000,236.651,236.994,237.483,237.858,-0.850,-0.908
2017-04-06 11:11:00,236.836,237.707,471.000,201.000,236.75,236.85,2500.000,5000.000,237.65,237.85,592.000,3.000,236.70,236.90,2500.000,2500.000,237.60,237.90,4406.000,2608.000,15000.000,22500.000,236.611,237.023,237.533,237.956,-0.950,-0.909
2017-04-06 11:12:00,236.665,237.644,89.000,77.000,236.60,236.70,2500.000,2500.000,237.50,237.65,60.000,340.000,236.55,236.75,2500.000,2500.000,237.40,237.70,4080.000,3718.000,25000.000,17500.000,236.455,236.832,237.310,237.764,-0.925,-0.884
2017-04-06 11:13:00,236.662,237.568,1813.000,118.000,236.50,236.70,5000.000,2500.000,237.50,237.60,1913.000,601.000,236.45,236.75,2500.000,2500.000,237.40,237.65,7938.000,3593.000,25000.000,17500.000,236.412,236.817,237.335,237.714,-0.950,-0.882
2017-04-06 11:14:00,236.830,237.694,15.000,7.000,236.70,236.75,7500.000,2500.000,237.55,237.75,25.000,271.000,236.65,236.80,2500.000,5000.000,237.50,237.80,3633.000,1474.000,25000.000,15000.000,236.508,236.896,237.385,237.842,-0.925,-0.885
2017-04-06 11:15:00,236.748,237.671,86.000,8.000,236.60,236.70,5000.000,2500.000,237.55,237.70,66.000,3.000,236.55,236.75,2500.000,5000.000,237.40,237.75,5179.000,1581.000,30000.000,17500.000,236.460,236.855,237.300,237.807,-0.975,-0.889
2017-04-06 11:16:00,236.742,237.614,63.000,8.000,236.60,236.65,5000.000,10000.000,237.55,237.75,172.000,201.000,236.55,236.70,2500.000,2500.000,237.40,237.80,5241.000,850.000,30000.000,32500.000,236.461,236.799,237.300,237.896,-1.025,-0.895
2017-04-06 11:17:00,236.817,237.673,150.000,54.000,236.65,236.70,2500.000,2500.000,237.60,237.75,443.000,2.000,236.60,236.75,7500.000,5000.000,237.55,237.80,6400.000,620.000,17500.000,15000.000,236.501,236.873,237.493,237.842,-1.000,-0.918
2017-04-06 11:18:00,236.758,237.650,106.000,52.000,236.65,236.70,2500.000,2500.000,237.55,237.70,212.000,153.000,236.60,236.75,7500.000,7500.000,237.50,237.75,4297.000,1813.000,25000.000,20000.000,236.488,236.840,237.375,237.819,-0.950,-0.918
2017-04-06 11:19:00,236.717,237.597,1.000,59.000,236.70,236.75,10000.000,2500.000,237.60,237.75,496.000,448.000,236.65,236.85,2500.000,2500.000,237.55,237.80,4973.000,6914.000,20000.000,22500.000,236.529,236.965,237.519,237.928,-0.950,-0.927
2017-04-06 11:20:00,236.862,237.805,52.000,14.000,236.85,236.90,7500.000,5000.000,237.80,237.95,579.000,217.000,236.80,237.00,2500.000,7500.000,237.70,238.00,3422.000,4171.000,20000.000,27500.000,236.731,237.107,237.688,238.068,-1.000,-0.927
2017-04-06 11:21:00,236.952,237.854,508.000,136.000,236.85,237.00,2500.000,10000.000,237.80,237.95,240.000,423.000,236.80,237.05,2500.000,2500.000,237.70,238.00,4831.000,3741.000,15000.000,20000.000,236.714,237.135,237.650,238.012,-0.950,-0.932
2017-04-06 11:22:00,236.901,237.873,550.000,471.000,236.85,237.05,2500.000,7500.000,237.80,237.95,490.000,193.000,236.80,237.10,2500.000,5000.000,237.70,238.00,5410.000,7481.000,17500.000,20000.000,236.719,237.202,237.629,238.025,-0.925,-0.906
2017-04-06 11:23:00,236.937,237.832,906.000,393.000,236.90,237.00,2500.000,5000.000,237.80,237.90,119.000,481.000,236.85,237.05,5000.000,2500.000,237.75,237.95,3825.000,4128.000,15000.000,20000.000,236.789,237.124,237.708,237.988,-0.900,-0.909
2017-04-06 11:24:00,236.859,237.786,1368.000,393.000,236.90,237.00,5000.000,2500.000,237.75,237.85,139.000,516.000,236.85,237.05,2500.000,5000.000,237.70,237.90,2975.000,6078.000,15000.000,20000.000,236.818,237.150,237.667,237.975,-0.850,-0.906
2017-04-06 11:25:00,236.836,237.775,1322.000,43.000,236.90,236.95,2500.000,5000.000,237.70,237.80,69.000,515.000,236.85,237.00,2500.000,5000.000,237.65,237.95,2890.000,5589.000,17500.000,22500.000,236.814,237.118,237.550,237.961,-0.825,-0.866
2017-04-06 11:26:00,236.839,237.767,1292.000,22.000,236.90,236.95,2500.000,2500.000,237.70,237.80,69.000,329.000,236.85,237.00,2500.000,2500.000,237.65,237.95,2992.000,5383.000,20000.000,25000.000,236.810,237.122,237.531,238.055,-0.825,-0.836
2017-04-06 11:27:00,237.061,237.903,486.000,12.000,236.95,237.05,5000.000,5000.000,237.80,238.00,1696.000,1.000,236.90,237.10,5000.000,5000.000,237.75,238.10,7796.000,3513.000,20000.000,22500.000,236.803,237.241,237.706,238.139,-0.900,-0.829
2017-04-06 11:28:00,236.989,237.900,312.000,162.000,237.00,237.10,2500.000,5000.000,237.80,237.95,126.000,426.000,236.95,237.15,10000.000,2500.000,237.75,238.05,4079.000,6873.000,20000.000,17500.000,236.873,237.252,237.706,238.071,-0.825,-0.809
2017-04-06 11:29:00,237.002,237.912,896.000,70.000,237.00,237.10,5000.000,2500.000,237.85,237.95,526.000,60.000,236.95,237.15,5000.000,2500.000,237.80,238.00,5148.000,6276.000,17500.000,12500.000,236.897,237.264,237.771,238.050,-0.850,-0.792
2017-04-06 11:30:00,237.168,237.908,110.000,45.000,237.05,237.15,5000.000,2500.000,237.95,238.10,1005.000,118.000,237.00,237.25,2500.000,2500.000,237.85,238.15,5422.000,3276.000,17500.000,30000.000,236.914,237.358,237.800,238.233,-0.925,-0.803
2017-04-06 11:31:00,237.035,237.810,45.000,511.000,236.95,237.10,2500.000,2500.000,237.75,237.95,824.000,874.000,236.90,237.15,2500.000,5000.000,237.55,238.00,5708.000,6308.000,20000.000,17500.000,236.782,237.226,237.506,238.050,-0.825,-0.817
2017-04-06 11:32:00,237.012,237.820,677.000,53.000,236.90,236.95,5000.000,7500.000,237.70,237.95,87.000,61.000,236.85,237.05,7500.000,10000.000,237.60,238.00,3037.000,1030.000,25000.000,25000.000,236.785,237.157,237.570,238.015,-0.900,-0.817
2017-04-06 11:33:00,236.998,237.810,522.000,54.000,236.90,236.95,5000.000,5000.000,237.70,237.95,297.000,62.000,236.85,237.05,7500.000,10000.000,237.60,238.00,3236.000,1410.000,25000.000,25000.000,236.782,237.155,237.570,238.030,-0.900,-0.835
2017-04-06 11:34:00,237.050,237.874,314.000,110.000,236.90,236.95,2500.000,5000.000,237.75,237.95,309.000,3.000,236.85,237.05,5000.000,10000.000,237.70,238.00,5484.000,1511.000,25000.000,22500.000,236.765,237.141,237.600,238.022,-0.925,-0.854
2017-04-06 11:35:00,237.004,237.800,275.000,56.000,236.90,236.95,5000.000,7500.000,237.70,237.95,77.000,113.000,236.85,237.05,5000.000,10000.000,237.60,238.00,2992.000,1678.000,22500.000,25000.000,236.751,237.144,237.544,238.015,-0.900,-0.878
2017-04-06 11:36:00,237.119,237.963,1370.000,6.000,237.00,237.05,2500.000,2500.000,237.90,238.10,446.000,3.000,236.95,237.10,5000.000,2500.000,237.85,238.15,4980.000,481.000,17500.000,20000.000,236.906,237.189,237.800,238.225,-0.975,-0.896
2017-04-06 11:37:00,237.172,237.984,219.000,18.000,237.05,237.10,5000.000,5000.000,237.95,238.15,1720.000,1.000,237.00,237.15,5000.000,7500.000,237.90,238.20,5569.000,833.000,20000.000,35000.000,236.935,237.262,237.863,238.261,-0.975,-0.920
2017-04-06 11:38:00,237.178,238.077,637.000,73.000,237.05,237.20,5000.000,2500.000,238.00,238.15,1658.000,441.000,237.00,237.25,10000.000,5000.000,237.95,238.20,7687.000,3978.000,27500.000,22500.000,236.928,237.351,237.900,238.250,-0.950,-0.913
2017-04-06 11:39:00,237.253,238.171,267.000,611.000,237.20,237.25,2500.000,5000.000,238.10,238.25,566.000,155.000,237.15,237.30,10000.000,5000.000,238.05,238.30,5360.000,4318.000,27500.000,25000.000,237.036,237.398,238.009,238.365,-0.950,-0.902
2017-04-06 11:40:00,237.215,238.130,237.000,53.000,237.15,237.20,12500.000,2500.000,238.05,238.20,454.000,921.000,237.05,237.25,5000.000,5000.000,238.00,238.25,6064.000,3029.000,30000.000,20000.000,236.960,237.339,237.963,238.306,-0.950,-0.901
2017-04-06 11:41:00,237.097,238.029,20.000,411.000,237.10,237.15,2500.000,5000.000,237.95,238.05,866.000,1196.000,237.00,237.20,7500.000,2500.000,237.90,238.20,5728.000,6440.000,22500.000,25000.000,236.921,237.269,237.844,238.245,-0.875,-0.893
2017-04-06 11:42:00,237.173,238.109,893.000,30.000,237.05,237.15,5000.000,2500.000,238.05,238.20,1629.000,52.000,237.00,237.20,5000.000,2500.000,238.00,238.25,7700.000,2221.000,22500.000,20000.000,236.945,237.309,237.928,238.312,-1.025,-0.875
2017-04-06 11:43:00,237.250,238.113,166.000,509.000,237.20,237.25,2500.000,7500.000,238.15,238.30,358.000,207.000,237.10,237.30,5000.000,2500.000,238.10,238.35,6794.000,4537.000,17500.000,40000.000,236.999,237.382,238.021,238.425,-1.000,-0.890
2017-04-06 11:44:00,237.254,238.117,82.000,605.000,237.20,237.25,7500.000,5000.000,238.20,238.30,387.000,207.000,237.15,237.30,2500.000,2500.000,238.05,238.35,5582.000,4977.000,20000.000,37500.000,237.028,237.385,238.062,238.433,-1.025,-0.897
2017-04-06 11:45:00,237.240,238.153,119.000,912.000,237.20,237.25,2500.000,2500.000,238.20,238.25,375.000,507.000,237.15,237.30,5000.000,2500.000,238.15,238.30,5446.000,6079.000,17500.000,25000.000,237.028,237.374,238.071,238.385,-1.000,-0.899
2017-04-06 11:46:00,237.235,238.128,310.000,95.000,237.15,237.20,7500.000,5000.000,238.20,238.25,351.000,371.000,237.10,237.25,2500.000,2500.000,238.10,238.30,7462.000,3608.000,20000.000,25000.000,237.001,237.349,238.056,238.375,-1.050,-0.906
2017-04-06 11:47:00,237.244,238.088,361.000,3.000,237.10,237.15,10000.000,5000.000,238.20,238.30,922.000,166.000,237.05,237.20,7500.000,5000.000,238.00,238.35,14604.000,2221.000,25000.000,37500.000,236.960,237.310,238.035,238.427,-1.125,-0.927
2017-04-06 11:48:00,237.023,237.963,5246.000,519.000,237.00,237.10,2500.000,2500.000,237.90,238.15,39.000,563.000,236.95,237.15,2500.000,5000.000,237.85,238.20,6814.000,4920.000,20000.000,27500.000,236.971,237.224,237.713,238.255,-0.975,-0.932
2017-04-06 11:49:00,237.101,237.998,191.000,17.000,237.05,237.10,5000.000,2500.000,237.95,238.20,1738.000,23.000,237.00,237.15,2500.000,10000.000,237.85,238.25,3439.000,1485.000,20000.000,30000.000,236.958,237.260,237.806,238.300,-1.000,-0.948
2017-04-06 11:50:00,237.049,237.972,2446.000,109.000,237.00,237.15,5000.000,2500.000,237.95,238.15,105.000,303.000,236.95,237.20,2500.000,2500.000,237.85,238.20,5032.000,4361.000,20000.000,30000.000,236.924,237.305,237.812,238.267,-0.975,-0.956
2017-04-06 11:51:00,237.053,237.982,2393.000,109.000,237.00,237.15,5000.000,2500.000,237.95,238.20,259.000,307.000,236.95,237.20,2500.000,12500.000,237.85,238.25,5150.000,4213.000,20000.000,35000.000,236.924,237.308,237.812,238.304,-1.000,-0.962
2017-04-06 11:52:00,237.229,238.174,641.000,310.000,237.15,237.25,7500.000,5000.000,238.15,238.35,411.000,172.000,237.10,237.30,5000.000,5000.000,238.10,238.40,6341.000,4353.000,22500.000,35000.000,237.009,237.407,238.061,238.457,-1.050,-0.949
2017-04-06 11:53:00,237.222,238.191,496.000,662.000,237.15,237.25,7500.000,5000.000,238.15,238.35,621.000,232.000,237.10,237.30,5000.000,5000.000,238.10,238.40,5970.000,4666.000,22500.000,32500.000,237.009,237.395,238.067,238.450,-1.050,-0.954
2017-04-06 11:54:00,237.283,238.259,10.000,662.000,237.20,237.25,5000.000,2500.000,238.20,238.35,627.000,232.000,237.15,237.30,5000.000,5000.000,238.15,238.40,4483.000,2891.000,25000.000,30000.000,237.036,237.370,238.090,238.458,-1.050,-0.961
2017-04-06 11:55:00,237.293,238.257,177.000,107.000,237.15,237.20,5000.000,2500.000,238.20,238.35,447.000,648.000,237.05,237.25,5000.000,5000.000,238.15,238.40,11927.000,2051.000,25000.000,30000.000,236.953,237.326,238.095,238.458,-1.100,-0.964
2017-04-06 11:56:00,237.277,238.235,711.000,178.000,237.05,237.20,2500.000,2500.000,238.20,238.35,2994.000,696.000,237.00,237.25,5000.000,2500.000,238.15,238.40,15963.000,2120.000,22500.000,35000.000,236.927,237.321,238.078,238.468,-1.150,-0.984
2017-04-06 11:57:00,237.271,238.148,304.000,259.000,237.05,237.20,12500.000,2500.000,238.15,238.35,2075.000,695.000,237.00,237.25,5000.000,2500.000,238.05,238.40,15315.000,3037.000,27500.000,40000.000,236.908,237.334,238.055,238.472,-1.125,-1.029
2017-04-06 11:58:00,237.230,238.229,1825.000,351.000,237.05,237.20,10000.000,2500.000,238.20,238.35,2494.000,644.000,237.00,237.25,7500.000,2500.000,238.15,238.40,16936.000,4299.000,30000.000,40000.000,236.940,237.334,238.121,238.472,-1.150,-1.020
2017-04-06 11:59:00,237.239,238.246,593.000,370.000,237.10,237.20,2500.000,2500.000,238.25,238.35,1933.000,644.000,237.05,237.25,12500.000,2500.000,238.20,238.40,14661.000,4131.000,30000.000,40000.000,236.984,237.333,238.150,238.472,-1.150,-1.008
2017-04-06 12:00:00,237.282,238.263,37.000,86.000,237.15,237.20,10000.000,2500.000,238.30,238.40,636.000,643.000,237.10,237.25,2500.000,15000.000,238.20,238.45,14153.000,2946.000,22500.000,42500.000,237.013,237.335,238.206,238.497,-1.175,-1.007
2017-04-06 12:01:00,237.246,238.302,1242.000,55.000,237.15,237.20,2500.000,2500.000,238.35,238.40,5771.000,643.000,237.10,237.25,7500.000,10000.000,238.30,238.45,14940.000,3454.000,22500.000,42500.000,237.050,237.337,238.217,238.512,-1.200,-0.978
2017-04-06 12:02:00,237.303,238.405,1248.000,245.000,237.25,237.30,7500.000,7500.000,238.40,238.50,98.000,202.000,237.20,237.35,2500.000,2500.000,238.35,238.55,10692.000,6057.000,22500.000,30000.000,237.129,237.453,238.278,238.604,-1.175,-0.952
2017-04-06 12:03:00,237.519,238.472,23.000,477.000,237.45,237.50,7500.000,2500.000,238.60,238.70,19.000,135.000,237.40,237.55,2500.000,2500.000,238.55,238.75,12327.000,7407.000,22500.000,40000.000,237.303,237.643,238.444,238.856,-1.175,-0.963
2017-04-06 12:04:00,237.544,238.492,305.000,146.000,237.50,237.55,7500.000,7500.000,238.60,238.75,2563.000,526.000,237.45,237.60,7500.000,2500.000,238.50,238.80,13308.000,11471.000,27500.000,52500.000,237.345,237.693,238.409,238.874,-1.150,-0.984
2017-04-06 12:05:00,237.540,238.518,107.000,368.000,237.55,237.60,10000.000,2500.000,238.60,238.75,2569.000,3723.000,237.50,237.65,7500.000,2500.000,238.50,238.80,5646.000,10357.000,32500.000,42500.000,237.424,237.711,238.408,238.897,-1.100,-1.006
2017-04-06 12:06:00,237.595,238.507,560.000,346.000,237.50,237.55,10000.000,2500.000,238.60,238.75,247.000,202.000,237.45,237.60,7500.000,2500.000,238.50,238.80,11409.000,5672.000,30000.000,42500.000,237.325,237.717,238.425,238.891,-1.150,-1.046
2017-04-06 12:07:00,237.592,238.562,28.000,253.000,237.55,237.60,2500.000,2500.000,238.60,238.80,223.000,50.000,237.50,237.65,2500.000,5000.000,238.55,238.85,4416.000,4149.000,17500.000,62500.000,237.364,237.764,238.471,238.940,-1.125,-1.042
2017-04-06 12:08:00,237.599,238.608,507.000,221.000,237.55,237.65,2500.000,2500.000,238.65,238.80,251.000,356.000,237.50,237.70,2500.000,5000.000,238.60,238.85,8394.000,8786.000,20000.000,60000.000,237.373,237.820,238.525,238.948,-1.125,-1.057
2017-04-06 12:09:00,237.565,238.617,441.000,125.000,237.55,237.65,2500.000,2500.000,238.60,238.75,251.000,693.000,237.50,237.70,5000.000,2500.000,238.55,238.80,6002.000,8487.000,22500.000,35000.000,237.379,237.816,238.494,238.886,-1.075,-1.042
2017-04-06 12:10:00,237.524,238.613,20.000,115.000,237.60,237.65,2500.000,2500.000,238.60,238.75,394.000,693.000,237.55,237.70,7500.000,2500.000,238.55,238.80,1385.000,4995.000,25000.000,35000.000,237.475,237.795,238.490,238.886,-1.050,-1.031
2017-04-06 12:11:00,237.535,238.648,24.000,109.000,237.60,237.65,2500.000,2500.000,238.65,238.70,323.000,718.000,237.55,237.70,7500.000,2500.000,238.60,238.75,1780.000,6294.000,25000.000,35000.000,237.465,237.786,238.545,238.879,-1.050,-1.024
2017-04-06 12:12:00,237.666,238.615,680.000,35.000,237.60,237.70,10000.000,2500.000,238.65,238.80,437.000,251.000,237.55,237.75,2500.000,5000.000,238.60,238.85,6475.000,5299.000,25000.000,60000.000,237.467,237.838,238.575,238.944,-1.075,-1.061
2017-04-06 12:13:00,237.690,238.773,1087.000,102.000,237.55,237.70,2500.000,15000.000,238.75,238.90,3286.000,200.000,237.50,237.75,7500.000,12500.000,238.70,238.95,11468.000,4278.000,25000.000,55000.000,237.455,237.842,238.635,238.973,-1.200,-1.060
2017-04-06 12:14:00,237.603,238.580,286.000,179.000,237.55,237.60,2500.000,2500.000,238.70,238.85,2757.000,268.000,237.50,237.70,7500.000,12500.000,238.55,238.90,7298.000,5605.000,20000.000,50000.000,237.440,237.796,238.500,238.963,-1.200,-1.086
2017-04-06 12:15:00,237.641,238.675,61.000,124.000,237.55,237.60,2500.000,2500.000,238.70,238.85,2632.000,330.000,237.50,237.70,5000.000,12500.000,238.65,238.90,9142.000,5560.000,20000.000,60000.000,237.414,237.796,238.594,238.969,-1.200,-1.078
2017-04-06 12:16:00,237.624,238.700,220.000,1493.000,237.55,237.60,5000.000,2500.000,238.75,238.85,2655.000,210.000,237.50,237.65,7500.000,15000.000,238.70,238.90,10320.000,4986.000,20000.000,62500.000,237.432,237.722,238.675,238.972,-1.225,-1.055
2017-04-06 12:17:00,237.629,238.762,156.000,90.000,237.55,237.60,2500.000,12500.000,238.80,238.90,4931.000,24.000,237.50,237.65,5000.000,7500.000,238.75,238.95,11041.000,2984.000,22500.000,62500.000,237.451,237.780,238.661,238.994,-1.275,-1.018
2017-04-06 12:18:00,237.685,238.765,2004.000,118.000,237.60,237.70,7500.000,15000.000,238.80,238.90,767.000,732.000,237.55,237.75,2500.000,7500.000,238.75,238.95,11481.000,5725.000,25000.000,65000.000,237.512,237.822,238.680,238.990,-1.200,-0.997
2017-04-06 12:19:00,237.632,238.738,2472.000,31.000,237.60,237.65,7500.000,15000.000,238.80,238.90,7408.000,749.000,237.50,237.70,2500.000,7500.000,238.70,238.95,13187.000,5230.000,25000.000,65000.000,237.487,237.795,238.645,238.988,-1.225,-0.966
2017-04-06 12:20:00,237.652,238.648,537.000,451.000,237.60,237.65,2500.000,2500.000,238.65,238.80,59.000,980.000,237.50,237.70,5000.000,15000.000,238.60,238.90,7635.000,5824.000,20000.000,55000.000,237.396,237.755,238.550,238.964,-1.100,-0.971
2017-04-06 12:21:00,237.530,238.493,7.000,210.000,237.40,237.45,2500.000,2500.000,238.55,238.65,2660.000,248.000,237.35,237.50,5000.000,2500.000,238.50,238.70,14223.000,2796.000,17500.000,35000.000,237.267,237.586,238.386,238.868,-1.175,-0.989
2017-04-06 12:22:00,237.590,238.537,47.000,310.000,237.45,237.50,5000.000,2500.000,238.55,238.70,2581.000,63.000,237.40,237.55,5000.000,5000.000,238.50,238.75,11055.000,2507.000,22500.000,35000.000,237.300,237.627,238.428,238.839,-1.150,-1.021
2017-04-06 12:23:00,237.575,238.550,2919.000,105.000,237.40,237.50,5000.000,2500.000,238.55,238.70,340.000,63.000,237.35,237.55,5000.000,5000.000,238.50,238.75,14675.000,2092.000,30000.000,35000.000,237.279,237.644,238.379,238.839,-1.175,-1.040
2017-04-06 12:24:00,237.590,238.537,80.000,612.000,237.45,237.50,5000.000,2500.000,238.55,238.70,2518.000,63.000,237.40,237.55,2500.000,5000.000,238.50,238.75,10594.000,2503.000,25000.000,32500.000,237.300,237.614,238.380,238.838,-1.150,-1.075
2017-04-06 12:25:00,237.516,238.539,2539.000,8.000,237.40,237.45,2500.000,2500.000,238.55,238.70,61.000,607.000,237.35,237.50,2500.000,7500.000,238.50,238.75,11446.000,1939.000,22500.000,35000.000,237.291,237.588,238.344,238.825,-1.200,-1.063
2017-04-06 12:26:00,237.481,238.536,112.000,66.000,237.50,237.55,2500.000,2500.000,238.55,238.70,20.000,635.000,237.45,237.60,5000.000,5000.000,238.50,238.75,2769.000,5042.000,20000.000,32500.000,237.312,237.710,238.425,238.835,-1.100,-1.054
2017-04-06 12:27:00,237.492,238.595,21.000,6.000,237.50,237.55,2500.000,2500.000,238.55,238.70,20.000,425.000,237.45,237.60,5000.000,2500.000,238.50,238.80,3125.000,4827.000,27500.000,27500.000,237.313,237.716,238.364,238.882,-1.100,-1.046
2017-04-06 12:28:00,237.408,238.480,687.000,804.000,237.30,237.40,2500.000,5000.000,238.50,238.60,2913.000,1260.000,237.25,237.50,2500.000,5000.000,238.35,238.65,9120.000,5487.000,25000.000,32500.000,237.207,237.554,238.285,238.708,-1.200,-1.054
2017-04-06 12:29:00,237.351,238.472,41.000,21.000,237.25,237.35,2500.000,2500.000,238.40,238.55,120.000,1062.000,237.20,237.40,5000.000,10000.000,238.35,238.65,7642.000,5355.000,22500.000,27500.000,237.077,237.494,238.261,238.682,-1.175,-1.040
2017-04-06 12:30:00,237.435,238.400,457.000,856.000,237.20,237.40,5000.000,2500.000,238.35,238.55,353.000,660.000,237.15,237.45,2500.000,5000.000,238.30,238.60,13874.000,5637.000,20000.000,27500.000,237.027,237.505,238.250,238.655,-1.150,-1.051
2017-04-06 12:31:00,237.377,238.387,70.000,65.000,237.20,237.30,7500.000,12500.000,238.30,238.55,423.000,532.000,237.15,237.35,5000.000,5000.000,238.25,238.60,10998.000,3785.000,25000.000,32500.000,237.011,237.449,238.200,238.623,-1.175,-1.058
2017-04-06 12:32:00,237.338,238.398,531.000,2.000,237.15,237.20,7500.000,2500.000,238.30,238.50,370.000,265.000,237.10,237.30,5000.000,10000.000,238.25,238.55,15399.000,2944.000,27500.000,25000.000,236.996,237.395,238.182,238.590,-1.225,-1.043
2017-04-06 12:33:00,237.223,238.339,271.000,65.000,237.15,237.20,5000.000,5000.000,238.20,238.45,165.000,60.000,237.10,237.25,5000.000,7500.000,238.15,238.50,4854.000,2331.000,27500.000,27500.000,237.012,237.367,238.091,238.532,-1.150,-1.013
2017-04-06 12:34:00,237.189,238.240,231.000,786.000,237.05,237.10,2500.000,2500.000,238.20,238.35,3980.000,65.000,237.00,237.20,5000.000,2500.000,238.15,238.40,11886.000,3881.000,20000.000,30000.000,236.920,237.275,238.088,238.471,-1.200,-1.007
2017-04-06 12:35:00,237.238,238.255,819.000,273.000,237.05,237.20,2500.000,2500.000,238.20,238.35,3962.000,486.000,237.00,237.25,5000.000,5000.000,238.15,238.40,12451.000,3325.000,20000.000,27500.000,236.926,237.331,238.088,238.445,-1.150,-1.009
2017-04-06 12:36:00,237.216,238.261,29.000,210.000,237.10,237.20,2500.000,2500.000,238.20,238.35,72.000,697.000,237.05,237.25,5000.000,2500.000,238.15,238.40,7187.000,3682.000,20000.000,25000.000,236.960,237.327,238.088,238.450,-1.125,-1.012
2017-04-06 12:37:00,237.151,238.138,4024.000,271.000,237.00,237.15,2500.000,5000.000,238.15,238.30,379.000,1501.000,236.95,237.20,2500.000,2500.000,238.10,238.35,12220.000,4814.000,15000.000,27500.000,236.891,237.272,238.017,238.414,-1.150,-1.020
2017-04-06 12:38:00,237.182,238.144,4304.000,471.000,237.00,237.15,5000.000,5000.000,238.15,238.30,395.000,1090.000,236.95,237.20,2500.000,2500.000,238.10,238.35,15058.000,4449.000,17500.000,27500.000,236.878,237.273,238.043,238.418,-1.150,-1.047
2017-04-06 12:39:00,237.147,238.167,3628.000,1159.000,237.00,237.10,2500.000,5000.000,238.20,238.30,60.000,3.000,236.95,237.15,5000.000,2500.000,238.15,238.35,14417.000,3863.000,17500.000,32500.000,236.887,237.200,238.079,238.415,-1.200,-1.065
2017-04-06 12:40:00,237.179,238.208,207.000,1323.000,237.05,237.10,7500.000,2500.000,238.20,238.35,3797.000,3.000,237.00,237.15,2500.000,2500.000,238.15,238.40,11638.000,2449.000,20000.000,27500.000,236.928,237.177,238.100,238.459,-1.200,-1.065
2017-04-06 12:41:00,237.074,238.134,2522.000,1534.000,237.00,237.10,2500.000,2500.000,238.15,238.25,39.000,584.000,236.95,237.15,2500.000,2500.000,238.10,238.30,9499.000,7960.000,15000.000,25000.000,236.874,237.208,238.050,238.395,-1.150,-1.073
2017-04-06 12:42:00,237.127,238.153,932.000,1310.000,237.05,237.10,7500.000,2500.000,238.15,238.30,2342.000,61.000,237.00,237.15,5000.000,2500.000,238.05,238.35,9955.000,6085.000,20000.000,25000.000,236.906,237.215,238.044,238.420,-1.150,-1.070
2017-04-06 12:43:00,237.024,238.124,872.000,1405.000,237.05,237.10,5000.000,2500.000,238.10,238.30,2322.000,375.000,237.00,237.15,7500.000,2500.000,238.05,238.35,3438.000,5456.000,20000.000,32500.000,237.005,237.202,238.012,238.423,-1.125,-1.055
2017-04-06 12:44:00,237.050,238.157,498.000,1328.000,237.05,237.10,2500.000,2500.000,238.10,238.30,2345.000,153.000,237.00,237.15,7500.000,10000.000,238.05,238.35,3245.000,3843.000,20000.000,30000.000,236.993,237.191,237.963,238.392,-1.125,-1.055
2017-04-06 12:45:00,237.167,238.197,952.000,1328.000,237.05,237.10,5000.000,5000.000,238.15,238.35,2347.000,1.000,237.00,237.15,7500.000,2500.000,238.05,238.40,7812.000,2399.000,22500.000,25000.000,236.923,237.177,238.000,238.475,-1.175,-1.054
2017-04-06 12:46:00,237.046,238.145,553.000,1328.000,237.05,237.10,5000.000,2500.000,238.10,238.30,2347.000,348.000,237.00,237.15,7500.000,10000.000,238.05,238.35,3144.000,3799.000,20000.000,32500.000,237.001,237.190,238.019,238.392,-1.125,-1.046
2017-04-06 12:47:00,237.176,238.189,360.000,1328.000,237.05,237.10,5000.000,2500.000,238.15,238.35,2399.000,1.000,237.00,237.15,2500.000,15000.000,238.10,238.40,8310.000,2745.000,20000.000,37500.000,236.904,237.187,238.062,238.457,-1.175,-1.047
2017-04-06 12:48:00,237.166,238.191,384.000,1328.000,237.05,237.10,5000.000,2500.000,238.15,238.30,2377.000,1.000,237.00,237.15,2500.000,5000.000,238.10,238.35,8312.000,3155.000,22500.000,32500.000,236.904,237.194,238.056,238.400,-1.150,-1.030
2017-04-06 12:49:00,237.032,238.138,522.000,828.000,237.05,237.10,5000.000,2500.000,238.10,238.25,2399.000,353.000,237.00,237.15,5000.000,2500.000,238.05,238.30,3611.000,4864.000,20000.000,22500.000,236.987,237.215,238.019,238.383,-1.100,-1.015
2017-04-06 12:50:00,237.199,238.226,576.000,698.000,237.05,237.10,7500.000,2500.000,238.15,238.30,2399.000,1.000,237.00,237.15,2500.000,7500.000,238.10,238.35,12335.000,2712.000,25000.000,27500.000,236.892,237.220,238.060,238.445,-1.150,-1.017
2017-04-06 12:51:00,237.196,238.255,3018.000,197.000,237.00,237.20,10000.000,10000.000,238.15,238.35,430.000,564.000,236.95,237.25,2500.000,5000.000,238.10,238.40,13323.000,4727.000,25000.000,25000.000,236.886,237.338,238.075,238.415,-1.150,-1.044
2017-04-06 12:52:00,237.208,238.226,2595.000,255.000,237.00,237.20,5000.000,5000.000,238.15,238.35,274.000,219.000,236.95,237.25,2500.000,10000.000,238.10,238.40,12977.000,4440.000,17500.000,25000.000,236.872,237.343,238.057,238.425,-1.150,-1.048
2017-04-06 12:53:00,237.238,238.180,49.000,917.000,237.05,237.20,7500.000,2500.000,238.15,238.30,2299.000,1223.000,237.00,237.25,2500.000,7500.000,238.10,238.35,12014.000,5190.000,20000.000,30000.000,236.884,237.306,238.069,238.404,-1.100,-1.075
2017-04-06 12:54:00,237.286,238.317,432.000,32.000,237.10,237.20,5000.000,2500.000,238.25,238.45,229.000,1.000,237.05,237.25,5000.000,12500.000,238.20,238.50,12896.000,2108.000,22500.000,27500.000,236.955,237.377,238.139,238.550,-1.200,-1.076
2017-04-06 12:55:00,237.283,238.317,570.000,32.000,237.10,237.20,5000.000,2500.000,238.25,238.45,34.000,1.000,237.05,237.25,5000.000,12500.000,238.20,238.50,12858.000,2234.000,22500.000,27500.000,236.955,237.375,238.139,238.550,-1.200,-1.057
2017-04-06 12:56:00,237.040,238.235,1907.000,801.000,237.00,237.05,2500.000,10000.000,238.20,238.35,124.000,1016.000,236.95,237.10,5000.000,2500.000,238.15,238.40,8960.000,7124.000,45000.000,65000.000,236.892,237.157,238.064,238.488,-1.250,-1.020
2017-04-06 12:57:00,237.301,238.338,459.000,419.000,237.20,237.30,10000.000,2500.000,238.30,238.50,603.000,1512.000,237.10,237.35,5000.000,7500.000,238.25,238.55,13665.000,7449.000,22500.000,30000.000,236.997,237.433,238.239,238.629,-1.150,-1.018
2017-04-06 12:58:00,237.465,238.545,364.000,1027.000,237.30,237.50,7500.000,2500.000,238.45,238.65,193.000,576.000,237.25,237.55,7500.000,2500.000,238.40,238.70,7160.000,4695.000,27500.000,22500.000,237.159,237.603,238.373,238.778,-1.150,-0.999
2017-04-06 12:59:00,237.406,238.439,53.000,556.000,237.45,237.50,5000.000,5000.000,238.50,238.70,19.000,649.000,237.40,237.55,2500.000,2500.000,238.45,238.75,975.000,3638.000,15000.000,32500.000,237.298,237.610,238.375,238.846,-1.125,-0.985
2017-04-06 13:00:00,237.546,238.483,68.000,166.000,237.40,237.50,2500.000,5000.000,238.55,238.75,347.000,376.000,237.35,237.55,2500.000,10000.000,238.50,238.80,6254.000,2253.000,15000.000,52500.000,237.254,237.632,238.425,238.876,-1.200,-0.995
2017-04-06 13:01:00,237.438,238.450,17.000,328.000,237.45,237.50,2500.000,2500.000,238.50,238.70,93.000,416.000,237.40,237.55,5000.000,2500.000,238.45,238.75,1434.000,2649.000,15000.000,30000.000,237.302,237.626,238.367,238.846,-1.125,-0.990
2017-04-06 13:02:00,237.494,238.522,41.000,387.000,237.40,237.45,2500.000,5000.000,238.50,238.65,18.000,654.000,237.35,237.50,5000.000,2500.000,238.45,238.70,4449.000,3027.000,17500.000,22500.000,237.220,237.555,238.343,238.756,-1.150,-0.975
2017-04-06 13:03:00,237.541,238.525,980.000,303.000,237.30,237.50,2500.000,2500.000,238.50,238.65,403.000,415.000,237.25,237.55,5000.000,2500.000,238.45,238.70,11829.000,2902.000,20000.000,25000.000,237.170,237.621,238.363,238.770,-1.175,-0.976
2017-04-06 13:04:00,237.520,238.484,86.000,655.000,237.30,237.50,2500.000,2500.000,238.50,238.60,529.000,1052.000,237.25,237.55,5000.000,5000.000,238.45,238.65,13561.000,4767.000,17500.000,22500.000,237.167,237.602,238.343,238.728,-1.150,-0.975
2017-04-06 13:05:00,237.497,238.484,176.000,1210.000,237.30,237.50,2500.000,2500.000,238.50,238.60,403.000,1052.000,237.25,237.55,5000.000,5000.000,238.45,238.65,11025.000,5422.000,17500.000,22500.000,237.160,237.593,238.343,238.728,-1.150,-0.976
2017-04-06 13:06:00,237.500,238.484,101.000,1326.000,237.30,237.50,2500.000,2500.000,238.50,238.60,403.000,913.000,237.25,237.55,5000.000,5000.000,238.45,238.65,10971.000,5339.000,17500.000,22500.000,237.159,237.591,238.343,238.728,-1.150,-1.003
2017-04-06 13:07:00,237.529,238.482,944.000,166.000,237.30,237.45,2500.000,2500.000,238.50,238.70,977.000,278.000,237.25,237.50,5000.000,10000.000,238.45,238.75,12387.000,1743.000,15000.000,35000.000,237.173,237.568,238.383,238.818,-1.225,-1.017
2017-04-06 13:08:00,237.484,238.475,1230.000,166.000,237.25,237.45,2500.000,5000.000,238.50,238.70,3377.000,1304.000,237.20,237.50,5000.000,15000.000,238.45,238.75,13445.000,2706.000,15000.000,45000.000,237.149,237.547,238.383,238.803,-1.250,-1.017
2017-04-06 13:09:00,237.588,238.546,1081.000,400.000,237.50,237.55,7500.000,5000.000,238.60,238.80,154.000,22.000,237.45,237.60,2500.000,2500.000,238.55,238.85,7801.000,3676.000,22500.000,65000.000,237.339,237.723,238.511,238.948,-1.175,-1.025
2017-04-06 13:10:00,237.537,238.530,558.000,425.000,237.50,237.55,2500.000,5000.000,238.60,238.80,82.000,68.000,237.45,237.60,2500.000,2500.000,238.55,238.85,4738.000,3952.000,17500.000,65000.000,237.341,237.719,238.486,238.948,-1.175,-1.000
2017-04-06 13:11:00,237.402,238.520,208.000,425.000,237.50,237.55,2500.000,2500.000,238.55,238.75,42.000,147.000,237.45,237.60,5000.000,5000.000,238.50,238.80,1053.000,4346.000,17500.000,37500.000,237.370,237.716,238.443,238.893,-1.125,-0.968
2017-04-06 13:12:00,237.544,238.569,1458.000,252.000,237.50,237.60,5000.000,2500.000,238.60,238.80,132.000,6.000,237.45,237.65,5000.000,2500.000,238.55,238.85,5103.000,4510.000,25000.000,65000.000,237.372,237.764,238.510,238.954,-1.150,-0.960
2017-04-06 13:13:00,237.554,238.544,862.000,293.000,237.50,237.55,2500.000,2500.000,238.60,238.80,132.000,9.000,237.45,237.60,7500.000,2500.000,238.55,238.85,4507.000,2955.000,22500.000,65000.000,237.355,237.712,238.506,238.952,-1.175,-0.964
2017-04-06 13:14:00,237.441,238.436,533.000,246.000,237.30,237.40,2500.000,5000.000,238.40,238.60,750.000,464.000,237.25,237.50,5000.000,2500.000,238.35,238.65,5543.000,2688.000,17500.000,27500.000,237.166,237.590,238.307,238.727,-1.150,-0.956
2017-04-06 13:15:00,237.515,238.383,536.000,246.000,237.25,237.40,2500.000,2500.000,238.40,238.55,1136.000,199.000,237.20,237.45,5000.000,2500.000,238.30,238.60,16708.000,2058.000,15000.000,22500.000,237.043,237.518,238.267,238.694,-1.150,-0.986
2017-04-06 13:16:00,237.472,238.431,1395.000,246.000,237.20,237.40,5000.000,2500.000,238.35,238.55,490.000,60.000,237.15,237.45,7500.000,5000.000,238.30,238.60,14107.000,2821.000,20000.000,20000.000,237.047,237.532,238.275,238.662,-1.150,-1.002
2017-04-06 13:17:00,237.365,238.353,725.000,246.000,237.10,237.25,5000.000,5000.000,238.30,238.45,2388.000,67.000,237.05,237.35,2500.000,5000.000,238.15,238.50,13561.000,1545.000,22500.000,22500.000,236.988,237.419,238.100,238.539,-1.200,-1.000
2017-04-06 13:18:00,237.306,238.315,2113.000,246.000,237.10,237.25,2500.000,2500.000,238.30,238.45,2388.000,226.000,237.05,237.35,2500.000,5000.000,238.25,238.50,14949.000,3645.000,12500.000,20000.000,236.998,237.457,238.170,238.550,-1.200,-1.013
2017-04-06 13:19:00,237.297,238.255,1089.000,245.000,237.10,237.25,5000.000,2500.000,238.30,238.45,1634.000,60.000,237.05,237.30,2500.000,7500.000,238.25,238.50,15959.000,3240.000,15000.000,40000.000,236.981,237.407,238.192,238.562,-1.200,-1.036
2017-04-06 13:20:00,237.405,238.420,2898.000,504.000,237.25,237.40,5000.000,7500.000,238.50,238.65,3989.000,223.000,237.20,237.45,10000.000,7500.000,238.30,238.70,12396.000,3719.000,25000.000,45000.000,237.161,237.524,238.290,238.750,-1.250,-1.048
2017-04-06 13:21:00,237.395,238.436,2560.000,510.000,237.25,237.40,2500.000,2500.000,238.50,238.60,3650.000,73.000,237.20,237.45,2500.000,2500.000,238.45,238.65,11910.000,4192.000,20000.000,32500.000,237.156,237.534,238.319,238.731,-1.225,-1.071
2017-04-06 13:22:00,237.469,238.446,70.000,12.000,237.30,237.35,5000.000,2500.000,238.45,238.65,2617.000,840.000,237.25,237.40,2500.000,15000.000,238.40,238.70,24588.000,2166.000,17500.000,50000.000,237.156,237.467,238.357,238.785,-1.225,-1.105
2017-04-06 13:23:00,237.421,238.498,259.000,9.000,237.25,237.35,2500.000,2500.000,238.50,238.60,1411.000,840.000,237.20,237.40,2500.000,7500.000,238.40,238.70,27602.000,4131.000,17500.000,32500.000,237.131,237.501,238.336,238.746,-1.250,-1.118
2017-04-06 13:24:00,237.413,238.482,1100.000,111.000,237.25,237.30,2500.000,2500.000,238.50,238.60,914.000,4.000,237.20,237.35,2500.000,5000.000,238.40,238.70,28257.000,2706.000,17500.000,37500.000,237.107,237.456,238.336,238.750,-1.275,-1.132
2017-04-06 13:25:00,237.416,238.491,3353.000,1455.000,237.25,237.40,5000.000,2500.000,238.55,238.60,736.000,249.000,237.20,237.45,2500.000,7500.000,238.50,238.70,15397.000,5972.000,20000.000,52500.000,237.128,237.505,238.406,238.795,-1.250,-1.119
2017-04-06 13:26:00,237.298,238.455,32.000,2559.000,237.30,237.35,5000.000,2500.000,238.45,238.60,223.000,639.000,237.25,237.40,2500.000,2500.000,238.40,238.65,6400.000,9000.000,17500.000,32500.000,237.108,237.459,238.357,238.723,-1.200,-1.074
2017-04-06 13:27:00,237.350,238.496,221.000,7.000,237.30,237.35,2500.000,2500.000,238.45,238.60,223.000,641.000,237.25,237.40,2500.000,2500.000,238.40,238.65,7080.000,3841.000,15000.000,20000.000,237.118,237.505,238.342,238.713,-1.200,-1.035
2017-04-06 13:28:00,237.353,238.496,121.000,7.000,237.30,237.35,2500.000,2500.000,238.45,238.60,242.000,20.000,237.25,237.40,2500.000,2500.000,238.40,238.65,4732.000,3072.000,15000.000,20000.000,237.149,237.524,238.342,238.713,-1.200,-1.001
2017-04-06 13:29:00,237.343,238.480,325.000,8.000,237.30,237.35,2500.000,2500.000,238.45,238.60,223.000,156.000,237.25,237.40,2500.000,2500.000,238.40,238.65,4917.000,3466.000,15000.000,22500.000,237.158,237.518,238.342,238.722,-1.200,-0.971
2017-04-06 13:30:00,237.508,238.517,109.000,7.000,237.40,237.45,5000.000,2500.000,238.60,238.75,339.000,1043.000,237.35,237.50,2500.000,2500.000,238.50,238.80,9202.000,3516.000,22500.000,42500.000,237.246,237.595,238.417,238.882,-1.250,-0.988
2017-04-06 13:31:00,237.575,238.509,10.000,904.000,237.45,237.50,2500.000,2500.000,238.60,238.80,337.000,161.000,237.40,237.55,2500.000,22500.000,238.50,238.85,5072.000,2183.000,17500.000,75000.000,237.284,237.585,238.429,238.920,-1.225,-1.010
2017-04-06 13:32:00,237.551,238.500,283.000,912.000,237.40,237.50,2500.000,2500.000,238.60,238.75,304.000,870.000,237.35,237.55,5000.000,2500.000,238.50,238.80,9077.000,3643.000,17500.000,52500.000,237.250,237.595,238.421,238.876,-1.225,-1.040
2017-04-06 13:33:00,237.550,238.523,67.000,1238.000,237.40,237.50,2500.000,10000.000,238.60,238.80,2539.000,870.000,237.30,237.55,5000.000,20000.000,238.50,238.85,10751.000,3209.000,20000.000,82500.000,237.226,237.568,238.438,238.911,-1.250,-1.036
2017-04-06 13:34:00,237.531,238.520,33.000,553.000,237.35,237.50,2500.000,7500.000,238.60,238.80,2501.000,870.000,237.30,237.55,5000.000,20000.000,238.50,238.85,10679.000,3476.000,20000.000,82500.000,237.225,237.607,238.438,238.914,-1.275,-1.042
2017-04-06 13:35:00,237.242,238.338,648.000,71.000,237.10,237.25,2500.000,2500.000,238.30,238.45,390.000,671.000,237.05,237.30,2500.000,5000.000,238.05,238.50,9614.000,4313.000,22500.000,17500.000,236.974,237.407,237.944,238.557,-1.200,-1.024
2017-04-06 13:36:00,237.243,238.287,783.000,201.000,237.10,237.25,2500.000,5000.000,238.30,238.45,467.000,263.000,237.05,237.30,2500.000,2500.000,238.25,238.50,9686.000,4233.000,17500.000,30000.000,236.975,237.410,238.100,238.558,-1.200,-1.010
2017-04-06 13:37:00,237.252,238.350,14993.000,201.000,237.15,237.25,2500.000,2500.000,238.35,238.50,783.000,2.000,237.10,237.30,2500.000,5000.000,238.30,238.55,23307.000,3593.000,12500.000,20000.000,237.105,237.426,238.210,238.606,-1.225,-0.973
2017-04-06 13:38:00,237.361,238.314,15248.000,151.000,237.15,237.35,2500.000,2500.000,238.35,238.55,3833.000,228.000,237.10,237.40,7500.000,5000.000,238.30,238.60,31913.000,4480.000,17500.000,35000.000,237.088,237.505,238.236,238.682,-1.200,-0.978
2017-04-06 13:39:00,237.390,238.410,2546.000,105.000,237.20,237.35,2500.000,2500.000,238.40,238.60,17894.000,516.000,237.15,237.40,2500.000,10000.000,238.35,238.65,31486.000,4287.000,15000.000,35000.000,237.114,237.499,238.283,238.711,-1.225,-0.985
2017-04-06 13:40:00,237.427,238.430,2892.000,759.000,237.20,237.40,2500.000,2500.000,238.40,238.60,17872.000,980.000,237.15,237.45,5000.000,5000.000,238.35,238.65,31912.000,5431.000,17500.000,32500.000,237.115,237.514,238.264,238.712,-1.200,-0.993
2017-04-06 13:41:00,237.402,238.380,17216.000,1084.000,237.20,237.40,2500.000,5000.000,238.45,238.60,6225.000,972.000,237.15,237.45,2500.000,2500.000,238.35,238.65,33463.000,5747.000,20000.000,37500.000,237.145,237.508,238.219,238.723,-1.225,-0.982
2017-04-06 13:42:00,237.465,238.374,1976.000,1084.000,237.25,237.40,2500.000,5000.000,238.45,238.60,2531.000,820.000,237.20,237.45,2500.000,2500.000,238.35,238.65,30608.000,5595.000,15000.000,37500.000,237.126,237.510,238.233,238.720,-1.200,-1.007
2017-04-06 13:43:00,237.436,238.417,1794.000,274.000,237.25,237.35,5000.000,5000.000,238.45,238.60,387.000,608.000,237.20,237.40,2500.000,7500.000,238.35,238.65,28114.000,4278.000,15000.000,35000.000,237.115,237.491,238.325,238.707,-1.225,-1.019
2017-04-06 13:44:00,237.368,238.421,1447.000,129.000,237.25,237.30,2500.000,2500.000,238.45,238.60,177.000,147.000,237.20,237.35,2500.000,7500.000,238.35,238.65,12853.000,2720.000,15000.000,32500.000,237.127,237.439,238.300,238.715,-1.250,-1.009
2017-04-06 13:45:00,237.389,238.434,2500.000,4.000,237.30,237.35,5000.000,5000.000,238.45,238.65,1868.000,808.000,237.25,237.40,2500.000,10000.000,238.40,238.70,11677.000,3509.000,15000.000,40000.000,237.192,237.492,238.350,238.784,-1.225,-1.016
2017-04-06 13:46:00,237.432,238.355,30.000,655.000,237.35,237.40,5000.000,2500.000,238.45,238.60,41.000,775.000,237.30,237.45,2500.000,5000.000,238.30,238.65,7540.000,5345.000,15000.000,35000.000,237.177,237.517,238.300,238.743,-1.150,-1.046
2017-04-06 13:47:00,237.432,238.463,1984.000,655.000,237.25,237.40,2500.000,2500.000,238.50,238.65,3065.000,515.000,237.20,237.45,2500.000,5000.000,238.45,238.70,15371.000,3858.000,15000.000,35000.000,237.143,237.519,238.317,238.764,-1.250,-1.046
2017-04-06 13:48:00,237.413,238.456,1371.000,866.000,237.25,237.40,2500.000,2500.000,238.50,238.65,2887.000,700.000,237.20,237.45,2500.000,7500.000,238.45,238.70,14577.000,5193.000,12500.000,27500.000,237.137,237.518,238.340,238.764,-1.250,-1.033
2017-04-06 13:49:00,237.546,238.550,461.000,650.000,237.35,237.50,2500.000,2500.000,238.60,238.70,2945.000,1102.000,237.30,237.55,5000.000,2500.000,238.55,238.80,17296.000,5536.000,17500.000,35000.000,237.207,237.606,238.464,238.875,-1.225,-1.032
2017-04-06 13:50:00,237.525,238.605,419.000,219.000,237.45,237.55,2500.000,5000.000,238.65,238.85,483.000,165.000,237.40,237.60,10000.000,22500.000,238.60,238.90,8067.000,5382.000,20000.000,82500.000,237.313,237.718,238.556,238.962,-1.250,-1.009
2017-04-06 13:51:00,237.669,238.739,608.000,414.000,237.60,237.70,7500.000,17500.000,238.75,238.90,511.000,132.000,237.55,237.75,10000.000,7500.000,238.70,238.95,6060.000,4692.000,30000.000,62500.000,237.473,237.835,238.642,238.992,-1.175,-0.995
2017-04-06 13:52:00,237.741,238.775,39.000,655.000,237.65,237.75,2500.000,17500.000,238.80,238.90,414.000,1887.000,237.55,237.80,5000.000,7500.000,238.75,238.95,10058.000,6088.000,20000.000,65000.000,237.457,237.865,238.681,238.992,-1.150,-1.008
2017-04-06 13:53:00,237.713,238.691,78.000,371.000,237.65,237.75,7500.000,2500.000,238.75,238.85,104.000,1850.000,237.60,237.80,5000.000,17500.000,238.70,238.90,6833.000,7497.000,22500.000,60000.000,237.477,237.878,238.667,238.969,-1.100,-1.039
2017-04-06 13:54:00,237.745,238.744,489.000,10.000,237.65,237.70,5000.000,17500.000,238.75,238.90,125.000,1423.000,237.60,237.80,12500.000,7500.000,238.70,238.95,6886.000,5188.000,25000.000,60000.000,237.483,237.879,238.655,238.977,-1.150,-1.049
2017-04-06 13:55:00,238.204,239.167,70.000,10.000,238.05,238.10,7500.000,2500.000,239.15,239.25,2182.000,204.000,238.00,238.15,5000.000,5000.000,239.10,239.30,7943.000,1137.000,37500.000,37500.000,237.908,238.207,239.053,239.447,-1.125,-1.091
2017-04-06 13:56:00,238.122,239.121,636.000,833.000,237.90,238.15,7500.000,17500.000,239.05,239.20,1891.000,550.000,237.85,238.20,7500.000,5000.000,238.95,239.25,10478.000,4454.000,27500.000,32500.000,237.782,238.273,238.936,239.258,-1.100,-1.131
2017-04-06 13:57:00,238.092,239.195,1047.000,103.000,237.90,238.10,2500.000,2500.000,239.10,239.20,678.000,689.000,237.85,238.15,5000.000,2500.000,239.05,239.25,9811.000,3660.000,30000.000,17500.000,237.790,238.225,238.946,239.336,-1.150,-1.126
2017-04-06 13:58:00,238.047,239.178,150.000,303.000,238.00,238.05,5000.000,2500.000,239.05,239.20,63.000,62.000,237.95,238.10,2500.000,2500.000,238.95,239.25,2997.000,2515.000,32500.000,17500.000,237.843,238.193,238.896,239.336,-1.100,-1.124
2017-04-06 13:59:00,238.115,239.164,39.000,187.000,237.95,238.00,7500.000,2500.000,239.05,239.20,355.000,114.000,237.90,238.05,10000.000,2500.000,238.95,239.25,9177.000,1916.000,30000.000,15000.000,237.769,238.151,238.929,239.342,-1.150,-1.143
2017-04-06 14:00:00,238.085,239.258,40.000,7.000,238.00,238.05,2500.000,2500.000,239.15,239.25,689.000,460.000,237.90,238.10,2500.000,2500.000,239.10,239.30,8393.000,3295.000,30000.000,17500.000,237.804,238.201,238.946,239.414,-1.175,-1.135
2017-04-06 14:01:00,237.991,239.192,367.000,396.000,237.90,238.00,2500.000,2500.000,239.10,239.20,753.000,760.000,237.85,238.10,5000.000,2500.000,239.05,239.25,9463.000,7716.000,30000.000,15000.000,237.776,238.178,238.917,239.342,-1.200,-1.093
2017-04-06 14:02:00,238.102,239.181,71.000,1087.000,237.95,238.10,2500.000,2500.000,239.10,239.25,300.000,2709.000,237.90,238.15,5000.000,2500.000,239.05,239.30,8788.000,6334.000,17500.000,15000.000,237.784,238.177,239.007,239.358,-1.150,-1.085
2017-04-06 14:03:00,238.083,239.202,550.000,64.000,237.95,238.10,2500.000,2500.000,239.10,239.15,367.000,2839.000,237.90,238.15,5000.000,5000.000,239.05,239.25,9607.000,7168.000,35000.000,15000.000,237.794,238.199,238.900,239.283,-1.100,-1.072
2017-04-06 14:04:00,238.005,239.148,164.000,210.000,237.95,238.00,5000.000,5000.000,239.05,239.20,354.000,62.000,237.85,238.05,10000.000,2500.000,238.90,239.25,9295.000,5025.000,35000.000,17500.000,237.760,238.150,238.861,239.293,-1.150,-1.062
2017-04-06 14:05:00,238.002,239.134,606.000,60.000,237.90,238.05,5000.000,2500.000,239.05,239.15,561.000,427.000,237.85,238.10,10000.000,2500.000,238.90,239.20,10009.000,7604.000,35000.000,12500.000,237.765,238.188,238.868,239.250,-1.125,-1.043
2017-04-06 14:06:00,238.170,239.161,327.000,2051.000,238.00,238.15,5000.000,5000.000,239.05,239.20,519.000,1365.000,237.90,238.20,7500.000,2500.000,238.90,239.25,9973.000,5595.000,30000.000,15000.000,237.785,238.209,238.875,239.283,-1.050,-1.060
2017-04-06 14:07:00,238.213,239.250,562.000,172.000,238.05,238.10,2500.000,5000.000,239.20,239.35,466.000,169.000,238.00,238.15,2500.000,2500.000,239.10,239.40,9446.000,1459.000,15000.000,20000.000,237.895,238.207,239.042,239.463,-1.200,-1.078
2017-04-06 14:08:00,238.316,239.371,1458.000,117.000,238.20,238.35,2500.000,5000.000,239.35,239.50,560.000,2335.000,238.15,238.40,2500.000,2500.000,239.30,239.60,9518.000,7028.000,20000.000,32500.000,238.062,238.466,239.188,239.665,-1.150,-1.076
2017-04-06 14:09:00,238.347,239.444,137.000,40.000,238.30,238.35,2500.000,2500.000,239.45,239.60,2203.000,1257.000,238.20,238.40,2500.000,5000.000,239.40,239.65,9724.000,4702.000,12500.000,27500.000,238.147,238.472,239.350,239.723,-1.200,-1.076
2017-04-06 14:10:00,238.383,239.418,330.000,1527.000,238.30,238.40,2500.000,2500.000,239.40,239.55,23.000,714.000,238.25,238.45,2500.000,5000.000,239.35,239.60,5502.000,5502.000,12500.000,22500.000,238.142,238.492,239.300,239.661,-1.125,-1.084
2017-04-06 14:11:00,238.365,239.440,78.000,575.000,238.35,238.40,2500.000,2500.000,239.35,239.55,42.000,269.000,238.30,238.45,2500.000,7500.000,239.30,239.60,2176.000,3315.000,17500.000,20000.000,238.192,238.512,239.193,239.650,-1.075,-1.064
2017-04-06 14:12:00,238.339,239.468,621.000,215.000,238.30,238.40,2500.000,5000.000,239.35,239.55,267.000,385.000,238.25,238.45,2500.000,5000.000,239.30,239.60,3380.000,3127.000,17500.000,17500.000,238.204,238.531,239.193,239.629,-1.100,-1.021
2017-04-06 14:13:00,238.388,239.435,212.000,87.000,238.40,238.45,2500.000,5000.000,239.35,239.55,253.000,406.000,238.30,238.50,2500.000,5000.000,239.30,239.60,2797.000,3215.000,20000.000,22500.000,238.209,238.593,239.194,239.656,-1.025,-0.977
2017-04-06 14:14:00,238.401,239.493,1224.000,50.000,238.30,238.40,2500.000,2500.000,239.35,239.55,3373.000,157.000,238.25,238.45,5000.000,2500.000,239.30,239.60,9245.000,3570.000,22500.000,15000.000,238.214,238.519,239.233,239.667,-1.100,-0.953
2017-04-06 14:15:00,238.358,239.432,723.000,253.000,238.30,238.50,5000.000,5000.000,239.30,239.50,305.000,262.000,238.25,238.55,2500.000,2500.000,239.25,239.55,5004.000,6670.000,20000.000,15000.000,238.186,238.634,239.194,239.583,-1.000,-0.909
2017-04-06 14:16:00,238.347,239.322,135.000,16.000,238.25,238.30,2500.000,5000.000,239.20,239.40,110.000,104.000,238.20,238.40,7500.000,5000.000,239.05,239.45,4537.000,3227.000,37500.000,25000.000,238.081,238.491,238.960,239.485,-1.025,-0.890
2017-04-06 14:17:00,238.351,239.265,1063.000,115.000,238.25,238.30,2500.000,2500.000,239.25,239.40,764.000,862.000,238.20,238.45,2500.000,12500.000,239.15,239.50,5921.000,4457.000,15000.000,27500.000,238.125,238.504,239.092,239.545,-1.050,-0.860
2017-04-06 14:18:00,238.538,239.368,2723.000,138.000,238.25,238.45,2500.000,10000.000,239.30,239.50,876.000,1941.000,238.20,238.50,5000.000,2500.000,239.25,239.55,18109.000,2532.000,22500.000,27500.000,238.079,238.518,239.161,239.600,-1.050,-0.905
2017-04-06 14:19:00,238.488,239.462,415.000,3.000,238.35,238.40,5000.000,2500.000,239.35,239.55,2979.000,28.000,238.30,238.50,2500.000,2500.000,239.30,239.60,7998.000,1710.000,17500.000,15000.000,238.249,238.595,239.250,239.658,-1.075,-0.928
2017-04-06 14:20:00,238.739,239.593,513.000,1705.000,238.65,238.70,5000.000,2500.000,239.55,239.75,2000.000,76.000,238.60,238.75,10000.000,7500.000,239.50,239.80,5788.000,2563.000,22500.000,30000.000,238.548,238.755,239.478,239.879,-0.975,-0.958
2017-04-06 14:21:00,238.684,239.562,23.000,519.000,238.50,238.60,7500.000,5000.000,239.45,239.70,584.000,50.000,238.40,238.65,2500.000,2500.000,239.40,239.75,7738.000,1781.000,22500.000,20000.000,238.293,238.699,239.350,239.812,-1.025,-0.967
2017-04-06 14:22:00,238.673,239.435,1963.000,1000.000,238.50,238.60,2500.000,2500.000,239.60,239.75,1823.000,692.000,238.45,238.65,2500.000,7500.000,239.45,239.85,11611.000,2554.000,15000.000,62500.000,238.374,238.669,239.400,239.952,-1.125,-1.008
2017-04-06 14:23:00,238.443,239.500,313.000,180.000,238.35,238.45,2500.000,2500.000,239.35,239.50,60.000,236.000,238.30,238.50,2500.000,2500.000,239.30,239.55,4125.000,2363.000,22500.000,12500.000,238.226,238.587,239.211,239.600,-1.025,-1.011
2017-04-06 14:24:00,238.470,239.556,490.000,138.000,238.35,238.45,2500.000,2500.000,239.35,239.50,299.000,152.000,238.30,238.50,7500.000,2500.000,239.30,239.60,4998.000,1783.000,27500.000,12500.000,238.236,238.595,239.227,239.660,-1.025,-1.002
2017-04-06 14:25:00,238.639,239.644,815.000,10.000,238.50,238.60,2500.000,2500.000,239.60,239.75,800.000,3.000,238.45,238.65,5000.000,2500.000,239.55,239.80,5974.000,1702.000,20000.000,20000.000,238.372,238.775,239.463,239.881,-1.125,-0.992
2017-04-06 14:26:00,238.584,239.508,114.000,70.000,238.60,238.65,2500.000,5000.000,239.60,239.80,22.000,1021.000,238.55,238.70,5000.000,2500.000,239.55,239.85,2092.000,4458.000,20000.000,57500.000,238.439,238.772,239.456,239.959,-1.075,-0.998
2017-04-06 14:27:00,238.577,239.544,2225.000,144.000,238.50,238.60,2500.000,2500.000,239.70,239.75,935.000,26.000,238.45,238.65,5000.000,7500.000,239.50,239.80,9580.000,4864.000,22500.000,55000.000,238.401,238.763,239.461,239.945,-1.175,-1.039
2017-04-06 14:28:00,238.444,239.513,354.000,23.000,238.50,238.55,2500.000,2500.000,239.50,239.70,103.000,78.000,238.45,238.65,5000.000,2500.000,239.45,239.80,2066.000,5179.000,15000.000,22500.000,238.378,238.764,239.392,239.889,-1.075,-1.054
2017-04-06 14:29:00,238.535,239.579,115.000,60.000,238.45,238.55,2500.000,2500.000,239.50,239.70,425.000,133.000,238.40,238.65,2500.000,2500.000,239.45,239.75,5449.000,5022.000,25000.000,22500.000,238.286,238.762,239.265,239.883,-1.100,-1.042
2017-04-06 14:30:00,238.569,239.527,181.000,9.000,238.55,238.65,2500.000,5000.000,239.60,239.80,169.000,1011.000,238.50,238.70,2500.000,5000.000,239.55,239.85,2839.000,4247.000,17500.000,57500.000,238.412,238.777,239.436,239.954,-1.100,-1.062
2017-04-06 14:31:00,238.969,239.923,732.000,518.000,238.70,238.95,2500.000,22500.000,239.85,240.00,778.000,374.000,238.65,239.00,2500.000,2500.000,239.80,240.15,7445.000,2359.000,15000.000,35000.000,238.561,239.061,239.708,240.093,-1.100,-1.100
2017-04-06 14:32:00,238.814,239.987,604.000,590.000,238.65,238.80,2500.000,10000.000,239.90,240.00,2731.000,279.000,238.60,238.85,2500.000,2500.000,239.85,240.10,10316.000,3484.000,22500.000,25000.000,238.537,238.928,239.739,240.120,-1.225,-1.047
2017-04-06 14:33:00,238.717,239.857,287.000,36.000,238.60,238.70,2500.000,7500.000,239.75,239.90,57.000,325.000,238.55,238.75,5000.000,7500.000,239.70,240.00,4943.000,2802.000,25000.000,25000.000,238.445,238.827,239.635,240.010,-1.175,-0.976
2017-04-06 14:34:00,238.564,239.548,102.000,741.000,238.40,238.55,7500.000,2500.000,239.50,239.75,100.000,411.000,238.35,238.60,5000.000,2500.000,239.45,239.80,7509.000,3940.000,30000.000,32500.000,238.233,238.680,239.400,239.912,-1.150,-0.942
2017-04-06 14:35:00,238.434,239.494,85.000,191.000,238.30,238.35,2500.000,2500.000,239.40,239.55,1973.000,66.000,238.25,238.40,2500.000,5000.000,239.35,239.60,7667.000,1478.000,22500.000,17500.000,238.124,238.476,239.189,239.643,-1.150,-0.913
2017-04-06 14:36:00,238.450,239.593,500.000,713.000,238.40,238.45,5000.000,2500.000,239.40,239.65,354.000,576.000,238.30,238.50,5000.000,2500.000,239.35,239.70,2378.000,1780.000,25000.000,12500.000,238.251,238.517,239.265,239.750,-1.100,-0.878
2017-04-06 14:37:00,238.692,239.600,444.000,247.000,238.60,238.70,2500.000,2500.000,239.50,239.65,420.000,389.000,238.50,238.75,7500.000,5000.000,239.45,239.70,4316.000,2743.000,27500.000,17500.000,238.412,238.800,239.364,239.750,-0.925,-0.891
2017-04-06 14:38:00,238.931,239.716,383.000,2497.000,238.90,239.00,7500.000,2500.000,239.60,239.85,304.000,200.000,238.85,239.05,10000.000,2500.000,239.55,239.90,3494.000,5788.000,37500.000,32500.000,238.778,239.084,239.507,239.996,-0.775,-0.924
2017-04-06 14:39:00,239.036,239.848,867.000,208.000,238.90,238.95,2500.000,2500.000,239.80,239.90,389.000,156.000,238.85,239.00,7500.000,2500.000,239.65,239.95,5296.000,629.000,35000.000,30000.000,238.790,239.014,239.593,240.029,-0.925,-0.976
2017-04-06 14:40:00,238.985,239.900,701.000,282.000,238.90,238.95,2500.000,2500.000,239.80,239.90,664.000,2241.000,238.85,239.00,5000.000,2500.000,239.75,239.95,5549.000,2937.000,30000.000,30000.000,238.790,239.009,239.662,240.029,-0.925,-0.971
2017-04-06 14:41:00,239.601,240.573,1809.000,3389.000,239.65,239.80,2500.000,10000.000,240.55,240.80,1300.000,571.000,239.60,239.85,2500.000,5000.000,240.50,240.90,4977.000,15590.000,20000.000,50000.000,239.574,239.937,240.387,240.940,-0.950,-0.997
2017-04-06 14:42:00,239.732,240.702,1097.000,2946.000,239.70,239.80,2500.000,2500.000,240.70,240.90,2057.000,55.000,239.65,239.85,2500.000,10000.000,240.65,240.95,9241.000,10205.000,12500.000,42500.000,239.584,239.935,240.600,240.997,-1.050,-1.017
2017-04-06 14:43:00,239.739,240.691,1720.000,34.000,239.65,239.85,5000.000,2500.000,240.65,240.95,1675.000,366.000,239.60,239.90,7500.000,22500.000,240.55,241.00,8813.000,7748.000,20000.000,37500.000,239.554,239.996,240.512,241.067,-1.050,-1.031
2017-04-06 14:44:00,240.259,241.328,47.000,1989.000,240.45,240.50,5000.000,5000.000,241.20,241.50,63.000,791.000,240.25,240.55,2500.000,2500.000,241.15,241.60,1796.000,8838.000,17500.000,22500.000,240.114,240.629,241.107,241.644,-0.875,-1.034
2017-04-06 14:45:00,240.432,241.322,567.000,200.000,240.25,240.40,2500.000,7500.000,241.35,241.55,753.000,161.000,240.20,240.45,2500.000,2500.000,241.25,241.60,6926.000,2552.000,17500.000,40000.000,240.106,240.525,241.150,241.706,-1.125,-1.038
2017-04-06 14:46:00,240.051,241.156,626.000,485.000,240.00,240.15,2500.000,2500.000,241.05,241.10,782.000,1505.000,239.95,240.20,2500.000,2500.000,241.00,241.25,3685.000,5402.000,17500.000,22500.000,239.896,240.238,240.921,241.428,-1.000,-1.012
2017-04-06 14:47:00,240.147,241.217,50.000,1.000,240.05,240.15,2500.000,2500.000,241.10,241.20,2917.000,302.000,240.00,240.20,5000.000,2500.000,241.00,241.40,5803.000,2518.000,22500.000,15000.000,239.944,240.303,240.867,241.433,-1.050,-0.980
2017-04-06 14:48:00,239.987,241.007,1971.000,325.000,240.00,240.05,2500.000,2500.000,240.90,241.00,110.000,1443.000,239.90,240.10,2500.000,2500.000,240.85,241.20,8306.000,9648.000,17500.000,20000.000,239.825,240.186,240.771,241.281,-0.925,-0.994
2017-04-06 14:49:00,239.899,240.982,149.000,292.000,239.95,240.00,2500.000,2500.000,240.90,241.10,371.000,841.000,239.80,240.05,2500.000,2500.000,240.85,241.15,5468.000,6755.000,12500.000,15000.000,239.704,240.157,240.780,241.217,-1.025,-0.987
2017-04-06 14:50:00,239.880,240.792,718.000,64.000,239.80,239.90,2500.000,2500.000,240.80,241.00,404.000,5.000,239.75,239.95,5000.000,2500.000,240.75,241.05,4843.000,2973.000,15000.000,30000.000,239.676,240.054,240.708,241.158,-1.050,-1.001
2017-04-06 14:51:00,239.935,240.911,615.000,168.000,239.75,239.95,5000.000,2500.000,240.90,241.00,776.000,1901.000,239.70,240.00,2500.000,5000.000,240.85,241.10,8742.000,4367.000,20000.000,37500.000,239.623,240.048,240.794,241.187,-1.100,-1.017
2017-04-06 14:52:00,239.912,240.819,656.000,73.000,239.85,239.95,2500.000,5000.000,240.90,241.00,223.000,2770.000,239.80,240.00,5000.000,2500.000,240.75,241.05,3902.000,4850.000,17500.000,35000.000,239.701,240.038,240.707,241.139,-1.050,-1.065
2017-04-06 14:53:00,239.984,241.075,728.000,110.000,239.85,239.90,5000.000,17500.000,240.95,241.20,539.000,100.000,239.80,239.95,5000.000,2500.000,240.85,241.25,6276.000,2598.000,22500.000,27500.000,239.700,240.022,240.822,241.255,-1.200,-1.063
2017-04-06 14:54:00,240.028,241.077,374.000,426.000,240.00,240.15,5000.000,17500.000,241.00,241.20,61.000,1322.000,239.90,240.20,2500.000,2500.000,240.95,241.25,5765.000,9423.000,22500.000,37500.000,239.775,240.259,240.844,241.333,-1.025,-1.065
2017-04-06 14:55:00,240.097,241.080,641.000,383.000,240.00,240.10,2500.000,2500.000,241.05,241.25,77.000,63.000,239.90,240.15,7500.000,7500.000,241.00,241.40,8454.000,5324.000,17500.000,37500.000,239.778,240.240,240.964,241.493,-1.100,-1.094
2017-04-06 14:56:00,240.023,241.078,780.000,102.000,240.00,240.05,2500.000,2500.000,241.05,241.10,110.000,935.000,239.90,240.10,5000.000,2500.000,241.00,241.25,9050.000,7823.000,15000.000,30000.000,239.781,240.209,240.958,241.417,-1.050,-1.105
2017-04-06 14:57:00,239.923,241.072,780.000,1044.000,240.00,240.05,2500.000,2500.000,241.00,241.20,81.000,511.000,239.95,240.10,5000.000,2500.000,240.95,241.25,2478.000,7044.000,17500.000,27500.000,239.895,240.208,240.907,241.418,-1.075,-1.083
2017-04-06 14:58:00,239.924,241.007,753.000,171.000,239.80,240.00,5000.000,2500.000,240.85,241.05,165.000,792.000,239.75,240.05,10000.000,7500.000,240.75,241.10,4615.000,3810.000,35000.000,20000.000,239.675,240.120,240.711,241.188,-1.050,-1.067
2017-04-06 14:59:00,240.042,241.097,2051.000,5.000,239.85,239.95,2500.000,7500.000,241.00,241.10,649.000,108.000,239.80,240.05,5000.000,2500.000,240.90,241.20,12468.000,2027.000,25000.000,22500.000,239.742,240.165,240.825,241.256,-1.150,-1.092
2017-04-06 15:00:00,240.418,241.546,354.000,1193.000,240.30,240.40,2500.000,2500.000,241.55,241.65,5142.000,303.000,240.25,240.45,17500.000,5000.000,241.50,241.70,13001.000,6275.000,27500.000,30000.000,240.178,240.497,241.459,241.783,-1.250,-1.101
2017-04-06 15:01:00,241.007,242.116,1028.000,1519.000,240.85,241.00,5000.000,2500.000,242.20,242.25,4130.000,961.000,240.80,241.05,7500.000,5000.000,242.00,242.30,13406.000,5348.000,25000.000,22500.000,240.747,241.083,241.925,242.361,-1.300,-1.105
2017-04-06 15:02:00,241.568,242.607,1225.000,42.000,241.60,241.65,2500.000,20000.000,242.65,242.75,4216.000,314.000,241.50,241.70,5000.000,15000.000,242.60,242.80,8559.000,9053.000,17500.000,72500.000,241.468,241.795,242.543,242.841,-1.075,-1.148
2017-04-06 15:03:00,241.645,242.647,501.000,511.000,241.55,241.60,10000.000,2500.000,242.60,242.90,2388.000,321.000,241.50,241.65,5000.000,7500.000,242.55,242.95,5934.000,2033.000,27500.000,60000.000,241.442,241.690,242.514,243.015,-1.175,-1.185
2017-04-06 15:04:00,242.028,243.208,204.000,14789.000,241.95,242.00,7500.000,2500.000,243.15,243.25,1765.000,102.000,241.90,242.05,5000.000,5000.000,243.10,243.30,13397.000,17301.000,47500.000,45000.000,241.786,242.027,243.034,243.439,-1.225,-1.187
2017-04-06 15:05:00,242.019,243.195,19.000,4800.000,242.00,242.10,2500.000,5000.000,243.20,243.35,61.000,669.000,241.95,242.15,2500.000,12500.000,243.15,243.40,4248.000,9987.000,12500.000,35000.000,241.875,242.169,243.100,243.446,-1.225,-1.177
2017-04-06 15:06:00,241.851,242.977,400.000,511.000,241.80,241.90,2500.000,2500.000,243.05,243.15,3633.000,1.000,241.75,241.95,2500.000,2500.000,243.00,243.20,7108.000,5199.000,15000.000,35000.000,241.714,242.033,242.917,243.336,-1.250,-1.196
2017-04-06 15:07:00,241.733,242.988,100.000,988.000,241.70,241.75,2500.000,2500.000,242.90,243.05,60.000,1082.000,241.60,241.80,5000.000,7500.000,242.85,243.15,8111.000,6746.000,20000.000,22500.000,241.498,241.878,242.794,243.194,-1.250,-1.199
2017-04-06 15:08:00,242.276,243.461,455.000,575.000,242.20,242.25,2500.000,2500.000,243.45,243.55,62.000,241.000,242.15,242.30,2500.000,7500.000,243.40,243.70,6502.000,4687.000,17500.000,37500.000,242.025,242.380,243.336,243.760,-1.275,-1.179
2017-04-06 15:09:00,242.662,243.856,1385.000,200.000,242.55,242.60,2500.000,5000.000,243.85,243.95,6588.000,60.000,242.50,242.75,30000.000,30000.000,243.80,244.00,14420.000,6466.000,45000.000,55000.000,242.460,242.847,243.739,244.032,-1.325,-1.189
2017-04-06 15:10:00,242.613,243.739,691.000,72.000,242.60,242.65,2500.000,2500.000,243.75,243.85,60.000,305.000,242.55,242.70,10000.000,7500.000,243.70,243.95,7568.000,7750.000,20000.000,50000.000,242.447,242.823,243.669,244.002,-1.175,-1.219
2017-04-06 15:11:00,242.659,243.876,1772.000,1032.000,242.75,242.80,7500.000,2500.000,243.80,243.90,607.000,510.000,242.60,242.85,2500.000,5000.000,243.75,244.00,10656.000,19996.000,25000.000,17500.000,242.531,242.944,243.715,244.050,-1.075,-1.225
2017-04-06 15:12:00,243.087,244.360,2510.000,339.000,243.05,243.15,17500.000,2500.000,244.25,244.30,1727.000,2520.000,243.00,243.20,2500.000,5000.000,244.20,244.45,11337.000,11767.000,50000.000,22500.000,242.937,243.283,244.107,244.506,-1.175,-1.232
2017-04-06 15:13:00,243.073,244.153,291.000,611.000,243.10,243.15,2500.000,2500.000,244.15,244.30,551.000,1201.000,243.05,243.20,2500.000,2500.000,244.05,244.45,6689.000,11175.000,15000.000,25000.000,242.985,243.293,243.992,244.540,-1.100,-1.282
2017-04-06 15:14:00,243.043,244.290,49.000,592.000,243.05,243.10,2500.000,2500.000,244.25,244.45,1962.000,71.000,243.00,243.15,2500.000,7500.000,244.20,244.50,5276.000,5720.000,17500.000,32500.000,242.942,243.259,244.129,244.562,-1.275,-1.300
2017-04-06 15:15:00,242.943,244.217,50.000,494.000,242.90,243.00,2500.000,2500.000,244.15,244.35,566.000,977.000,242.85,243.05,2500.000,7500.000,244.10,244.40,7149.000,6202.000,15000.000,22500.000,242.792,243.146,244.033,244.439,-1.300,-1.229
2017-04-06 15:16:00,242.563,243.812,558.000,553.000,242.55,242.60,7500.000,2500.000,243.75,243.90,681.000,341.000,242.50,242.65,2500.000,2500.000,243.70,243.95,3742.000,4573.000,20000.000,20000.000,242.417,242.727,243.650,244.025,-1.250,-1.069
2017-04-06 15:17:00,242.826,244.134,700.000,19.000,242.85,242.90,12500.000,5000.000,244.00,244.20,20.000,1529.000,242.80,242.95,2500.000,2500.000,243.90,244.25,7268.000,13551.000,25000.000,15000.000,242.650,243.002,243.905,244.300,-1.225,-0.903
2017-04-06 15:18:00,242.953,244.284,1191.000,278.000,242.85,242.90,5000.000,2500.000,244.20,244.35,1256.000,1833.000,242.80,243.00,2500.000,2500.000,244.10,244.40,9268.000,4439.000,40000.000,30000.000,242.733,243.066,244.031,244.475,-1.400,-0.782
2017-04-06 15:19:00,243.057,244.396,1046.000,428.000,243.00,243.10,10000.000,5000.000,244.35,244.60,50.000,62.000,242.95,243.15,2500.000,2500.000,244.30,244.65,3024.000,2309.000,25000.000,45000.000,242.898,243.234,244.270,244.756,-1.425,-0.712
2017-04-06 15:20:00,243.610,244.524,1460.000,4227.000,243.60,243.70,7500.000,5000.000,244.55,244.70,7260.000,946.000,243.50,243.75,2500.000,2500.000,244.50,244.75,10670.000,11998.000,20000.000,47500.000,243.488,243.799,244.450,244.821,-0.975,-0.706
2017-04-06 15:21:00,244.193,244.648,271.000,4076.000,244.20,244.25,2500.000,2500.000,244.70,244.85,100.000,276.000,244.10,244.30,2500.000,5000.000,244.60,244.95,3708.000,6540.000,12500.000,40000.000,244.016,244.306,244.540,245.000,-0.550,-0.812
2017-04-06 15:22:00,245.019,245.496,221.000,2925.000,244.95,245.00,2500.000,2500.000,245.40,245.65,304.000,100.000,244.85,245.05,2500.000,2500.000,245.35,245.70,3510.000,4024.000,17500.000,17500.000,244.774,245.053,245.221,245.771,-0.550,-0.923
2017-04-06 15:23:00,244.782,245.506,1384.000,20.000,244.75,244.90,5000.000,2500.000,245.55,245.80,107.000,350.000,244.70,244.95,2500.000,2500.000,245.50,245.85,3548.000,5114.000,15000.000,25000.000,244.665,245.009,245.392,245.950,-0.850,-1.000
2017-04-06 15:24:00,244.888,245.877,483.000,1371.000,244.80,244.95,2500.000,2500.000,245.80,245.95,14.000,2667.000,244.75,245.00,2500.000,5000.000,245.70,246.00,4384.000,5145.000,15000.000,17500.000,244.692,245.007,245.625,246.100,-1.000,-1.025
2017-04-06 15:25:00,244.860,245.748,1049.000,1986.000,244.80,245.00,2500.000,2500.000,245.70,245.95,60.000,1.000,244.75,245.05,2500.000,15000.000,245.65,246.00,5045.000,6480.000,17500.000,35000.000,244.703,245.124,245.550,246.057,-0.925,-1.124
2017-04-06 15:26:00,244.488,245.471,799.000,766.000,244.40,244.50,2500.000,7500.000,245.40,245.65,370.000,1050.000,244.30,244.55,2500.000,2500.000,245.35,245.70,3951.000,2596.000,12500.000,22500.000,244.248,244.566,245.300,245.733,-1.075,-1.124
2017-04-06 15:27:00,244.294,245.326,140.000,771.000,244.35,244.40,2500.000,5000.000,245.15,245.40,628.000,209.000,244.30,244.45,2500.000,2500.000,245.10,245.45,975.000,4586.000,35000.000,22500.000,244.295,244.491,245.000,245.572,-0.900,-1.124
2017-04-06 15:28:00,244.371,245.480,1015.000,900.000,244.20,244.25,105000.000,2500.000,245.30,245.50,88.000,110.000,244.15,244.45,5000.000,2500.000,245.20,245.65,3156.000,1875.000,125000.000,22500.000,244.094,244.419,245.270,245.761,-1.175,-1.124
2017-04-06 15:29:00,243.078,244.191,88.000,5399.000,242.95,243.00,2500.000,2500.000,244.10,244.20,150.000,200.000,242.80,243.30,2500.000,5000.000,244.05,244.25,6927.000,12167.000,25000.000,15000.000,242.537,243.299,243.980,244.325,-1.175,-1.124
2017-04-06 15:30:00,242.709,244.093,37.000,6710.000,242.60,242.65,2500.000,7500.000,243.90,244.20,50.000,14.000,242.55,242.85,2500.000,2500.000,243.75,244.25,4653.000,7979.000,30000.000,27500.000,242.347,242.705,243.675,244.427,-1.425,-1.124
2017-04-07 09:16:00,242.729,243.895,495.000,100.000,242.60,242.65,2500.000,5000.000,243.80,243.90,571.000,300.000,242.55,242.70,7500.000,2500.000,243.70,243.95,8177.000,2414.000,32500.000,22500.000,242.436,242.827,243.635,244.056,-1.225,-0.733
2017-04-07 09:17:00,242.192,242.967,200.000,747.000,242.25,242.35,2500.000,7500.000,242.95,243.00,1542.000,1336.000,242.20,242.40,2500.000,2500.000,242.65,243.25,3098.000,13155.000,12500.000,17500.000,242.139,242.487,242.650,243.207,-0.675,-0.700
2017-04-07 09:18:00,242.268,243.079,1500.000,2550.000,242.30,242.45,2500.000,15000.000,243.00,243.15,1034.000,411.000,242.25,242.50,7500.000,2500.000,242.90,243.25,3494.000,9760.000,17500.000,25000.000,242.246,242.566,242.850,243.245,-0.700,-0.671
2017-04-07 09:19:00,242.228,242.857,50.000,1455.000,242.10,242.25,7500.000,20000.000,242.80,243.00,510.000,1087.000,242.05,242.30,2500.000,2500.000,242.75,243.10,8956.000,7268.000,17500.000,40000.000,241.919,242.372,242.729,243.088,-0.725,-0.683
2017-04-07 09:20:00,242.064,242.883,628.000,700.000,242.00,242.20,2500.000,10000.000,242.75,242.90,432.000,2002.000,241.95,242.25,2500.000,5000.000,242.70,242.95,10775.000,14228.000,22500.000,30000.000,241.885,242.326,242.578,243.058,-0.725,-0.645
2017-04-07 09:21:00,242.196,242.829,540.000,1726.000,242.15,242.25,5000.000,7500.000,242.75,242.95,360.000,1582.000,242.05,242.30,2500.000,10000.000,242.70,243.00,11624.000,10953.000,15000.000,27500.000,241.952,242.379,242.667,243.077,-0.650,-0.617
2017-04-07 09:22:00,242.200,242.811,375.000,2510.000,242.20,242.25,5000.000,5000.000,242.75,242.95,613.000,226.000,242.15,242.30,5000.000,10000.000,242.65,243.00,6029.000,9944.000,22500.000,32500.000,242.038,242.378,242.594,243.177,-0.625,-0.597
2017-04-07 09:23:00,242.238,242.902,731.000,1093.000,242.20,242.30,2500.000,7500.000,242.80,242.95,61.000,812.000,242.15,242.35,5000.000,15000.000,242.75,243.00,9457.000,12072.000,22500.000,32500.000,242.036,242.438,242.644,243.065,-0.625,-0.578
2017-04-07 09:24:00,242.492,243.182,1326.000,310.000,242.60,242.70,2500.000,7500.000,243.10,243.30,232.000,3094.000,242.50,242.75,5000.000,2500.000,243.05,243.35,2591.000,9028.000,20000.000,22500.000,242.479,242.810,242.994,243.389,-0.550,-0.548
2017-04-07 09:25:00,242.424,243.050,477.000,325.000,242.50,242.60,2500.000,5000.000,242.95,243.10,501.000,988.000,242.45,242.65,5000.000,2500.000,242.90,243.15,2013.000,14598.000,20000.000,17500.000,242.396,242.714,242.838,243.186,-0.475,-0.542
2017-04-07 09:26:00,242.841,243.335,123.000,2077.000,242.85,242.90,5000.000,5000.000,243.30,243.40,356.000,6407.000,242.80,243.00,7500.000,10000.000,243.25,243.45,2694.000,11350.000,25000.000,35000.000,242.713,243.007,243.180,243.525,-0.475,-0.553
2017-04-07 09:27:00,242.618,243.130,8.000,950.000,242.70,242.75,2500.000,2500.000,243.10,243.30,1.000,3790.000,242.65,242.85,2500.000,5000.000,243.05,243.35,1940.000,15308.000,25000.000,30000.000,242.538,242.923,242.960,243.438,-0.475,-0.557
2017-04-07 09:28:00,242.305,242.872,86.000,1839.000,242.40,242.45,2500.000,5000.000,242.80,242.95,2.000,895.000,242.35,242.50,7500.000,7500.000,242.75,243.00,928.000,11000.000,20000.000,20000.000,242.232,242.571,242.688,243.025,-0.450,-0.550
2017-04-07 09:29:00,242.436,242.976,1351.000,1557.000,242.45,242.50,5000.000,2500.000,242.85,243.00,292.000,713.000,242.40,242.55,10000.000,5000.000,242.80,243.20,3157.000,6593.000,32500.000,30000.000,242.366,242.585,242.754,243.238,-0.450,-0.543
2017-04-07 09:30:00,242.458,243.055,459.000,1138.000,242.50,242.60,5000.000,2500.000,242.95,243.00,400.000,454.000,242.40,242.65,2500.000,2500.000,242.90,243.15,4860.000,10981.000,27500.000,20000.000,242.303,242.727,242.814,243.206,-0.425,-0.508
2017-04-07 09:31:00,242.420,242.970,65.000,3688.000,242.45,242.50,2500.000,5000.000,242.95,243.00,942.000,1292.000,242.40,242.60,5000.000,5000.000,242.90,243.05,4850.000,15491.000,27500.000,30000.000,242.293,242.658,242.800,243.146,-0.500,-0.514
2017-04-07 09:32:00,242.383,242.911,433.000,1069.000,242.35,242.45,5000.000,7500.000,242.80,243.00,599.000,863.000,242.30,242.50,10000.000,5000.000,242.75,243.05,4308.000,5471.000,27500.000,27500.000,242.220,242.573,242.705,243.123,-0.500,-0.529
2017-04-07 09:33:00,242.539,243.073,2.000,500.000,242.55,242.60,2500.000,2500.000,243.00,243.15,1.000,702.000,242.50,242.65,2500.000,7500.000,242.95,243.20,2545.000,4302.000,17500.000,20000.000,242.415,242.727,242.893,243.250,-0.500,-0.499
2017-04-07 09:34:00,242.647,243.154,103.000,114.000,242.60,242.65,2500.000,2500.000,243.15,243.30,200.000,20.000,242.55,242.70,2500.000,7500.000,243.10,243.35,2307.000,1906.000,20000.000,37500.000,242.443,242.796,243.044,243.430,-0.600,-0.494
2017-04-07 09:35:00,242.683,243.106,474.000,26.000,242.45,242.65,2500.000,5000.000,243.15,243.20,640.000,80.000,242.40,242.70,2500.000,5000.000,243.05,243.25,11832.000,3694.000,15000.000,30000.000,242.294,242.810,243.008,243.300,-0.625,-0.489
2017-04-07 09:36:00,243.203,243.782,10.000,60.000,243.25,243.35,5000.000,2500.000,243.70,243.90,655.000,839.000,243.20,243.40,7500.000,2500.000,243.65,243.95,2248.000,5920.000,20000.000,22500.000,243.147,243.491,243.625,244.011,-0.500,-0.458
2017-04-07 09:37:00,243.521,244.125,568.000,252.000,243.70,243.80,5000.000,2500.000,244.05,244.25,410.000,496.000,243.60,243.85,5000.000,2500.000,244.00,244.30,1979.000,18158.000,22500.000,22500.000,243.582,243.969,243.933,244.417,-0.400,-0.406
2017-04-07 09:38:00,244.301,244.686,585.000,4203.000,244.20,244.40,2500.000,2500.000,244.65,244.70,160.000,1491.000,244.15,244.45,2500.000,7500.000,244.60,244.75,8923.000,12762.000,22500.000,22500.000,244.046,244.476,244.528,244.800,-0.375,-0.402
2017-04-07 09:39:00,243.851,244.329,3164.000,1773.000,243.65,243.90,2500.000,7500.000,244.20,244.40,1043.000,236.000,243.60,243.95,5000.000,2500.000,244.05,244.45,8961.000,4473.000,37500.000,22500.000,243.560,243.977,244.003,244.483,-0.525,-0.374
2017-04-07 09:40:00,243.531,243.929,960.000,798.000,243.45,243.50,5000.000,5000.000,243.90,244.00,974.000,98.000,243.40,243.65,2500.000,2500.000,243.85,244.10,7311.000,6184.000,17500.000,25000.000,243.305,243.743,243.800,244.155,-0.475,-0.376
2017-04-07 09:41:00,243.475,243.900,50.000,1773.000,243.55,243.60,5000.000,7500.000,243.90,244.00,297.000,279.000,243.50,243.65,5000.000,2500.000,243.85,244.10,1387.000,9885.000,17500.000,27500.000,243.410,243.712,243.800,244.141,-0.375,-0.376
2017-04-07 09:42:00,243.479,243.825,3003.000,251.000,243.40,243.50,7500.000,10000.000,243.70,243.90,85.000,148.000,243.35,243.60,7500.000,10000.000,243.65,244.00,8329.000,5724.000,25000.000,30000.000,243.293,243.701,243.620,244.021,-0.350,-0.404
2017-04-07 09:43:00,243.504,243.868,610.000,50.000,243.40,243.55,5000.000,2500.000,243.75,243.90,465.000,83.000,243.35,243.60,2500.000,5000.000,243.70,243.95,7713.000,5436.000,27500.000,22500.000,243.259,243.711,243.591,244.011,-0.350,-0.429
2017-04-07 09:44:00,243.303,243.642,223.000,1078.000,243.25,243.30,2500.000,2500.000,243.60,243.80,1576.000,238.000,243.20,243.35,5000.000,5000.000,243.55,243.85,5111.000,3551.000,27500.000,32500.000,243.122,243.426,243.473,243.938,-0.425,-0.432
2017-04-07 09:45:00,242.852,243.259,471.000,1000.000,242.75,242.95,5000.000,2500.000,243.10,243.30,739.000,765.000,242.70,243.00,7500.000,2500.000,243.05,243.40,4399.000,5110.000,25000.000,15000.000,242.609,243.053,243.020,243.450,-0.350,-0.417
2017-04-07 09:46:00,242.972,243.397,238.000,1328.000,242.90,243.00,2500.000,2500.000,243.30,243.45,887.000,177.000,242.85,243.05,2500.000,5000.000,243.25,243.50,4998.000,4258.000,20000.000,17500.000,242.775,243.107,243.175,243.557,-0.425,-0.446
2017-04-07 09:47:00,242.890,243.379,241.000,150.000,242.90,242.95,2500.000,5000.000,243.30,243.45,154.000,1208.000,242.85,243.00,5000.000,5000.000,243.25,243.50,2460.000,4303.000,17500.000,25000.000,242.764,243.071,243.193,243.625,-0.450,-0.417
2017-04-07 09:48:00,243.078,243.562,1640.000,101.000,242.90,243.00,2500.000,7500.000,243.50,243.65,1818.000,168.000,242.85,243.10,2500.000,2500.000,243.45,243.70,11221.000,2322.000,12500.000,17500.000,242.800,243.183,243.380,243.736,-0.625,-0.393
2017-04-07 09:49:00,243.077,243.432,192.000,1039.000,242.95,243.00,2500.000,2500.000,243.50,243.55,860.000,463.000,242.90,243.10,2500.000,7500.000,243.40,243.60,11014.000,5286.000,17500.000,30000.000,242.796,243.176,243.314,243.671,-0.550,-0.411
2017-04-07 09:50:00,243.195,243.525,459.000,5.000,243.05,243.10,5000.000,5000.000,243.55,243.80,936.000,61.000,243.00,243.20,2500.000,2500.000,243.50,243.85,6215.000,1900.000,15000.000,35000.000,242.906,243.317,243.442,243.939,-0.600,-0.429
2017-04-07 09:51:00,242.847,243.419,12.000,188.000,242.90,242.95,5000.000,2500.000,243.20,243.35,14.000,105.000,242.85,243.00,5000.000,2500.000,243.15,243.40,1253.000,2947.000,37500.000,15000.000,242.761,243.105,243.067,243.517,-0.350,-0.364
2017-04-07 09:52:00,243.270,243.613,532.000,7.000,243.15,243.20,7500.000,2500.000,243.60,243.70,250.000,15.000,243.10,243.25,2500.000,5000.000,243.55,243.75,8758.000,2500.000,17500.000,22500.000,242.997,243.370,243.529,243.861,-0.475,-0.372
2017-04-07 09:53:00,243.230,243.593,185.000,76.000,243.10,243.15,5000.000,7500.000,243.60,243.75,1711.000,257.000,243.05,243.20,2500.000,2500.000,243.55,243.85,10817.000,1719.000,17500.000,40000.000,242.974,243.313,243.500,243.925,-0.550,-0.376
2017-04-07 09:54:00,243.229,243.674,1009.000,51.000,243.30,243.35,5000.000,2500.000,243.65,243.80,121.000,50.000,243.25,243.40,7500.000,5000.000,243.60,243.85,1946.000,4050.000,30000.000,37500.000,243.231,243.512,243.554,243.953,-0.400,-0.344
2017-04-07 09:55:00,243.074,243.494,1075.000,1038.000,243.00,243.20,2500.000,2500.000,243.40,243.60,363.000,360.000,242.95,243.25,7500.000,5000.000,243.35,243.65,4837.000,5835.000,20000.000,20000.000,242.896,243.317,243.300,243.713,-0.400,-0.336
2017-04-07 09:56:00,242.931,243.179,611.000,138.000,242.75,242.90,2500.000,2500.000,243.10,243.30,341.000,511.000,242.70,242.95,5000.000,2500.000,243.05,243.35,6392.000,2667.000,25000.000,27500.000,242.594,243.021,242.995,243.427,-0.375,-0.345
2017-04-07 09:57:00,242.846,243.231,399.000,1252.000,242.90,243.00,2500.000,2500.000,243.15,243.35,97.000,1.000,242.80,243.05,5000.000,2500.000,243.10,243.40,1378.000,4006.000,20000.000,25000.000,242.766,243.106,243.050,243.465,-0.300,-0.318
2017-04-07 09:58:00,242.926,243.308,43.000,422.000,242.90,243.00,2500.000,2500.000,243.20,243.40,135.000,365.000,242.85,243.05,5000.000,12500.000,243.15,243.45,1344.000,2148.000,22500.000,27500.000,242.744,243.118,243.083,243.491,-0.350,-0.298
2017-04-07 09:59:00,243.042,243.328,944.000,260.000,242.90,243.00,2500.000,2500.000,243.25,243.40,355.000,1.000,242.85,243.05,5000.000,12500.000,243.20,243.45,5953.000,1672.000,20000.000,25000.000,242.778,243.143,243.150,243.520,-0.375,-0.303
2017-04-07 10:00:00,242.789,243.167,14.000,231.000,242.85,242.90,2500.000,2500.000,243.05,243.25,64.000,100.000,242.80,242.95,7500.000,2500.000,243.00,243.30,1681.000,4766.000,27500.000,25000.000,242.629,243.015,242.923,243.410,-0.275,-0.274
2017-04-07 10:01:00,242.772,243.066,21.000,205.000,242.80,242.90,2500.000,2500.000,243.00,243.15,100.000,2394.000,242.75,242.95,2500.000,5000.000,242.95,243.20,2033.000,8304.000,17500.000,22500.000,242.620,243.003,242.879,243.289,-0.225,-0.272
2017-04-07 10:02:00,242.886,243.137,751.000,20.000,242.80,242.85,7500.000,2500.000,243.05,243.25,478.000,149.000,242.75,242.90,2500.000,2500.000,243.00,243.35,4046.000,2256.000,25000.000,25000.000,242.680,243.024,242.920,243.415,-0.325,-0.286
2017-04-07 10:03:00,242.829,243.112,698.000,229.000,242.80,242.90,7500.000,2500.000,243.05,243.20,279.000,335.000,242.75,242.95,2500.000,2500.000,243.00,243.25,3698.000,4532.000,25000.000,27500.000,242.675,243.030,242.920,243.405,-0.275,-0.314
2017-04-07 10:04:00,242.797,243.109,162.000,2024.000,242.70,242.85,2500.000,2500.000,243.00,243.10,1144.000,533.000,242.65,242.95,5000.000,2500.000,242.90,243.25,10154.000,12013.000,25000.000,17500.000,242.551,243.007,242.845,243.307,-0.275,-0.310
2017-04-07 10:05:00,242.724,242.952,223.000,371.000,242.60,242.65,7500.000,7500.000,242.90,243.00,1831.000,500.000,242.55,242.75,2500.000,2500.000,242.80,243.20,9943.000,3682.000,22500.000,27500.000,242.484,242.818,242.772,243.218,-0.325,-0.327
2017-04-07 10:06:00,242.658,242.941,123.000,1274.000,242.60,242.65,2500.000,10000.000,242.85,243.00,1682.000,1228.000,242.55,242.70,2500.000,2500.000,242.80,243.15,6464.000,5853.000,22500.000,32500.000,242.469,242.728,242.722,243.192,-0.300,-0.340
2017-04-07 10:07:00,242.382,242.705,37.000,1441.000,242.25,242.40,2500.000,2500.000,242.60,242.75,789.000,794.000,242.20,242.45,15000.000,5000.000,242.50,242.80,4557.000,3429.000,42500.000,32500.000,242.113,242.475,242.438,242.962,-0.350,-0.350
2017-04-07 10:08:00,242.356,242.777,46.000,492.000,242.40,242.45,2500.000,5000.000,242.65,242.75,8.000,662.000,242.35,242.50,2500.000,5000.000,242.60,242.80,2109.000,5179.000,35000.000,30000.000,242.240,242.597,242.511,242.921,-0.275,-0.351
2017-04-07 10:09:00,242.370,242.666,30.000,1350.000,242.20,242.25,17500.000,5000.000,242.50,242.70,330.000,905.000,242.15,242.30,2500.000,5000.000,242.45,242.75,12740.000,4475.000,50000.000,20000.000,242.021,242.376,242.385,242.794,-0.375,-0.411
2017-04-07 10:10:00,242.393,242.703,16.000,1.000,242.25,242.30,2500.000,5000.000,242.55,242.80,704.000,24.000,242.20,242.35,15000.000,5000.000,242.50,242.85,3291.000,469.000,45000.000,30000.000,242.114,242.459,242.419,242.921,-0.400,-0.440
2017-04-07 10:11:00,242.426,242.777,298.000,22.000,242.20,242.35,2500.000,2500.000,242.60,242.75,335.000,173.000,242.15,242.40,2500.000,5000.000,242.55,242.80,15116.000,4055.000,45000.000,25000.000,242.022,242.503,242.461,242.890,-0.400,-0.441
2017-04-07 10:12:00,242.241,242.613,1315.000,115.000,242.10,242.15,2500.000,2500.000,242.55,242.65,862.000,712.000,242.05,242.20,10000.000,2500.000,242.50,242.70,17849.000,1201.000,37500.000,20000.000,241.994,242.230,242.373,242.812,-0.475,-0.436
2017-04-07 10:13:00,242.417,242.843,206.000,100.000,242.20,242.25,2500.000,2500.000,242.65,242.85,1124.000,1055.000,242.15,242.35,5000.000,5000.000,242.60,242.90,15756.000,2806.000,35000.000,17500.000,242.025,242.400,242.507,242.957,-0.525,-0.435
2017-04-07 10:14:00,242.373,242.972,1010.000,120.000,242.25,242.35,2500.000,2500.000,242.80,242.95,1409.000,930.000,242.20,242.40,5000.000,5000.000,242.70,243.00,9110.000,3267.000,35000.000,15000.000,242.133,242.489,242.596,243.050,-0.575,-0.390
2017-04-07 10:15:00,242.456,242.909,264.000,450.000,242.35,242.40,2500.000,7500.000,242.85,243.00,133.000,628.000,242.30,242.50,2500.000,5000.000,242.80,243.10,6382.000,4039.000,17500.000,37500.000,242.190,242.579,242.729,243.280,-0.550,-0.379
2017-04-07 10:16:00,242.647,243.000,92.000,117.000,242.45,242.50,2500.000,7500.000,242.95,243.20,554.000,151.000,242.40,242.55,2500.000,5000.000,242.90,243.25,8697.000,749.000,22500.000,40000.000,242.277,242.605,242.783,243.344,-0.600,-0.384
2017-04-07 10:17:00,242.668,243.016,68.000,191.000,242.55,242.65,2500.000,5000.000,243.00,243.20,516.000,210.000,242.50,242.70,2500.000,5000.000,242.90,243.25,5727.000,3184.000,25000.000,37500.000,242.385,242.795,242.790,243.373,-0.500,-0.386
2017-04-07 10:18:00,242.599,243.021,54.000,315.000,242.70,242.75,2500.000,2500.000,243.00,243.25,64.000,346.000,242.60,242.80,5000.000,5000.000,242.90,243.30,818.000,2822.000,22500.000,30000.000,242.516,242.890,242.817,243.396,-0.400,-0.380
2017-04-07 10:19:00,242.838,243.213,564.000,200.000,242.90,242.95,7500.000,2500.000,243.15,243.40,19.000,1335.000,242.85,243.00,10000.000,15000.000,243.10,243.45,1099.000,3658.000,25000.000,35000.000,242.825,243.069,243.070,243.529,-0.350,-0.372
2017-04-07 10:20:00,242.785,243.180,20.000,38.000,242.85,242.90,5000.000,2500.000,243.15,243.35,62.000,105.000,242.80,242.95,7500.000,5000.000,243.10,243.40,709.000,2773.000,20000.000,30000.000,242.721,243.027,243.044,243.475,-0.375,-0.366
2017-04-07 10:21:00,242.885,243.267,1211.000,191.000,242.85,242.90,2500.000,5000.000,243.20,243.40,663.000,50.000,242.80,242.95,2500.000,15000.000,243.15,243.45,3449.000,2063.000,15000.000,30000.000,242.764,243.033,243.075,243.504,-0.425,-0.331
2017-04-07 10:22:00,242.682,243.037,798.000,378.000,242.65,242.85,2500.000,2500.000,243.00,243.25,902.000,307.000,242.60,242.90,2500.000,2500.000,242.95,243.30,4695.000,7576.000,17500.000,30000.000,242.546,242.987,242.900,243.396,-0.375,-0.328
2017-04-07 10:23:00,242.797,243.192,62.000,861.000,242.90,243.00,5000.000,2500.000,243.10,243.35,393.000,964.000,242.85,243.05,2500.000,5000.000,243.05,243.40,1020.000,7415.000,20000.000,27500.000,242.773,243.107,243.000,243.445,-0.275,-0.317
2017-04-07 10:24:00,242.979,243.311,106.000,21.000,243.00,243.10,2500.000,5000.000,243.20,243.40,178.000,1409.000,242.90,243.15,5000.000,15000.000,243.15,243.45,5029.000,9611.000,20000.000,27500.000,242.783,243.222,243.106,243.495,-0.250,-0.316
2017-04-07 10:25:00,242.795,243.163,427.000,397.000,242.85,242.95,2500.000,2500.000,243.10,243.25,172.000,45.000,242.80,243.00,2500.000,5000.000,243.05,243.40,2239.000,5873.000,17500.000,30000.000,242.739,243.106,242.986,243.467,-0.275,-0.308
2017-04-07 10:26:00,242.998,243.205,424.000,109.000,242.85,242.90,2500.000,5000.000,243.15,243.35,271.000,45.000,242.80,242.95,2500.000,7500.000,243.10,243.40,3487.000,489.000,15000.000,32500.000,242.713,243.026,243.042,243.450,-0.375,-0.326
2017-04-07 10:27:00,242.994,243.331,1346.000,66.000,243.00,243.10,2500.000,12500.000,243.25,243.45,174.000,512.000,242.95,243.15,2500.000,5000.000,243.20,243.60,3075.000,4788.000,15000.000,30000.000,242.907,243.235,243.108,243.600,-0.300,-0.318
2017-04-07 10:28:00,243.078,243.419,59.000,9.000,243.10,243.15,2500.000,10000.000,243.35,243.45,74.000,91.000,243.05,243.20,2500.000,5000.000,243.30,243.60,2795.000,4534.000,15000.000,25000.000,242.967,243.299,243.208,243.595,-0.275,-0.312
2017-04-07 10:29:00,243.081,243.406,68.000,514.000,243.10,243.15,5000.000,10000.000,243.30,243.45,74.000,91.000,243.05,243.20,5000.000,5000.000,243.25,243.60,2575.000,4079.000,20000.000,22500.000,242.975,243.292,243.188,243.567,-0.250,-0.296
2017-04-07 10:30:00,243.236,243.566,780.000,93.000,243.15,243.30,7500.000,2500.000,243.50,243.60,1156.000,1219.000,243.10,243.40,2500.000,5000.000,243.35,243.75,8589.000,9272.000,22500.000,17500.000,243.026,243.480,243.350,243.814,-0.325,-0.297
2017-04-07 10:31:00,243.261,243.560,682.000,231.000,243.30,243.35,5000.000,5000.000,243.55,243.75,65.000,156.000,243.25,243.40,10000.000,5000.000,243.50,243.80,2195.000,4399.000,25000.000,37500.000,243.190,243.489,243.455,243.930,-0.325,-0.287
2017-04-07 10:32:00,243.132,243.425,350.000,253.000,243.05,243.25,2500.000,5000.000,243.40,243.55,1791.000,932.000,243.00,243.30,2500.000,5000.000,243.30,243.60,5698.000,5749.000,15000.000,20000.000,242.935,243.398,243.242,243.637,-0.325,-0.273
2017-04-07 10:33:00,243.067,243.380,100.000,211.000,243.10,243.20,2500.000,2500.000,243.30,243.50,350.000,356.000,243.05,243.25,10000.000,5000.000,243.25,243.55,1634.000,3283.000,20000.000,17500.000,242.997,243.350,243.181,243.593,-0.250,-0.272
2017-04-07 10:34:00,243.175,243.421,505.000,52.000,243.05,243.15,2500.000,2500.000,243.35,243.50,1751.000,350.000,243.00,243.20,5000.000,2500.000,243.30,243.55,4917.000,1656.000,17500.000,17500.000,242.938,243.284,243.257,243.600,-0.325,-0.280
2017-04-07 10:35:00,242.898,243.232,20.000,63.000,242.85,242.90,2500.000,2500.000,243.10,243.30,171.000,210.000,242.80,243.00,2500.000,2500.000,243.05,243.35,2416.000,2445.000,20000.000,15000.000,242.679,243.120,243.000,243.408,-0.325,-0.267
2017-04-07 10:36:00,242.979,243.227,118.000,152.000,242.85,242.90,2500.000,2500.000,243.10,243.25,511.000,60.000,242.80,242.95,7500.000,2500.000,243.00,243.30,3339.000,947.000,32500.000,17500.000,242.700,243.021,242.904,243.357,-0.300,-0.269
2017-04-07 10:37:00,242.810,243.035,111.000,452.000,242.65,242.70,2500.000,2500.000,243.00,243.10,1444.000,46.000,242.60,242.80,7500.000,5000.000,242.90,243.15,9057.000,2224.000,27500.000,22500.000,242.515,242.881,242.809,243.206,-0.375,-0.277
2017-04-07 10:38:00,242.721,243.025,576.000,119.000,242.70,242.75,2500.000,5000.000,242.90,243.10,126.000,100.000,242.65,242.90,2500.000,5000.000,242.85,243.15,3821.000,5811.000,20000.000,20000.000,242.547,243.003,242.775,243.194,-0.275,-0.292
2017-04-07 10:39:00,242.641,242.930,137.000,2493.000,242.55,242.70,2500.000,2500.000,242.80,242.95,1310.000,423.000,242.50,242.75,5000.000,2500.000,242.75,243.00,4519.000,5356.000,22500.000,15000.000,242.422,242.767,242.689,243.067,-0.250,-0.294
2017-04-07 10:40:00,242.618,242.885,494.000,2393.000,242.65,242.70,2500.000,2500.000,242.75,242.95,7.000,145.000,242.55,242.75,5000.000,7500.000,242.70,243.00,3011.000,6573.000,22500.000,20000.000,242.489,242.792,242.644,243.106,-0.175,-0.294
2017-04-07 10:41:00,242.715,242.977,616.000,889.000,242.60,242.75,2500.000,2500.000,242.90,243.00,1074.000,174.000,242.55,242.80,5000.000,2500.000,242.80,243.05,7921.000,4715.000,22500.000,15000.000,242.499,242.865,242.744,243.108,-0.275,-0.310
2017-04-07 10:42:00,242.855,243.117,21.000,400.000,242.80,242.95,2500.000,2500.000,242.95,243.10,365.000,2430.000,242.70,243.00,10000.000,2500.000,242.90,243.15,3814.000,4828.000,25000.000,12500.000,242.590,243.051,242.850,243.260,-0.150,-0.336
2017-04-07 10:43:00,242.872,243.253,16.000,521.000,242.90,243.00,7500.000,2500.000,243.10,243.30,304.000,2526.000,242.85,243.05,7500.000,2500.000,243.05,243.35,2239.000,6562.000,25000.000,12500.000,242.775,243.114,243.020,243.400,-0.250,-0.341
2017-04-07 10:44:00,243.060,243.362,131.000,2500.000,242.95,243.10,2500.000,2500.000,243.20,243.35,299.000,60.000,242.90,243.15,2500.000,5000.000,243.15,243.40,6296.000,6642.000,27500.000,15000.000,242.779,243.189,243.050,243.442,-0.250,-0.353
2017-04-07 10:45:00,243.264,243.528,532.000,38.000,243.20,243.25,2500.000,5000.000,243.45,243.60,973.000,104.000,243.15,243.30,7500.000,7500.000,243.40,243.70,7175.000,4792.000,20000.000,25000.000,243.048,243.392,243.350,243.735,-0.300,-0.409
2017-04-07 10:46:00,242.997,243.344,553.000,54.000,243.00,243.15,2500.000,2500.000,243.30,243.45,776.000,5616.000,242.95,243.20,5000.000,5000.000,243.25,243.50,3155.000,9230.000,17500.000,22500.000,242.893,243.241,243.171,243.572,-0.300,-0.431
2017-04-07 10:47:00,243.059,243.450,625.000,2035.000,243.10,243.15,5000.000,2500.000,243.30,243.45,90.000,2585.000,243.05,243.20,10000.000,5000.000,243.25,243.55,2437.000,9566.000,32500.000,17500.000,242.996,243.240,243.169,243.600,-0.250,-0.447
2017-04-07 10:48:00,243.177,243.581,34.000,2053.000,243.15,243.25,5000.000,2500.000,243.50,243.65,961.000,211.000,243.10,243.35,2500.000,2500.000,243.45,243.70,7038.000,11861.000,22500.000,17500.000,243.016,243.416,243.350,243.771,-0.375,-0.460
2017-04-07 10:49:00,243.179,243.537,632.000,62.000,243.10,243.20,5000.000,5000.000,243.55,243.65,650.000,862.000,243.05,243.25,2500.000,2500.000,243.50,243.70,9573.000,7427.000,17500.000,22500.000,242.984,243.398,243.407,243.750,-0.450,-0.467
2017-04-07 10:50:00,243.078,243.624,200.000,22.000,243.05,243.15,2500.000,5000.000,243.45,243.70,1200.000,100.000,243.00,243.20,5000.000,2500.000,243.40,243.75,2618.000,2240.000,27500.000,20000.000,242.955,243.317,243.327,243.800,-0.475,-0.443
2017-04-07 10:51:00,243.202,243.658,50.000,377.000,243.30,243.35,2500.000,2500.000,243.65,243.80,133.000,680.000,243.20,243.40,5000.000,2500.000,243.55,243.90,2727.000,8765.000,22500.000,37500.000,243.088,243.496,243.494,243.983,-0.400,-0.453
2017-04-07 10:52:00,243.262,243.731,500.000,140.000,243.35,243.40,2500.000,2500.000,243.70,243.85,69.000,205.000,243.30,243.45,5000.000,2500.000,243.65,243.90,1890.000,6111.000,30000.000,35000.000,243.248,243.562,243.546,243.979,-0.400,-0.451
2017-04-07 10:53:00,243.198,243.669,16.000,105.000,243.30,243.35,5000.000,2500.000,243.60,243.80,69.000,50.000,243.25,243.40,2500.000,2500.000,243.55,243.85,1188.000,5353.000,32500.000,35000.000,243.142,243.521,243.485,243.961,-0.375,-0.455
2017-04-07 10:54:00,243.414,243.805,100.000,192.000,243.30,243.40,2500.000,2500.000,243.80,243.90,2027.000,300.000,243.25,243.45,2500.000,2500.000,243.70,243.95,8016.000,3763.000,20000.000,32500.000,243.166,243.542,243.637,244.008,-0.500,-0.458
2017-04-07 10:55:00,243.502,243.932,157.000,47.000,243.40,243.45,2500.000,20000.000,243.85,244.00,84.000,900.000,243.35,243.50,7500.000,5000.000,243.80,244.15,5408.000,2679.000,22500.000,40000.000,243.231,243.586,243.744,244.116,-0.500,-0.455
2017-04-07 10:56:00,243.625,244.132,50.000,1.000,243.60,243.65,5000.000,2500.000,244.00,244.20,96.000,125.000,243.55,243.70,7500.000,5000.000,243.95,244.25,2405.000,2591.000,27500.000,20000.000,243.442,243.794,243.905,244.294,-0.475,-0.448
2017-04-07 10:57:00,243.802,244.261,332.000,399.000,243.70,243.90,2500.000,5000.000,244.15,244.30,1698.000,229.000,243.65,243.95,5000.000,2500.000,244.05,244.40,10882.000,12537.000,25000.000,20000.000,243.550,244.014,243.990,244.438,-0.425,-0.441
2017-04-07 10:58:00,243.810,244.297,487.000,100.000,243.85,243.90,2500.000,2500.000,244.20,244.30,69.000,181.000,243.80,243.95,2500.000,2500.000,244.15,244.40,3007.000,7982.000,22500.000,22500.000,243.713,244.025,244.061,244.511,-0.375,-0.429
2017-04-07 10:59:00,243.908,244.317,92.000,743.000,243.85,243.95,5000.000,5000.000,244.30,244.40,864.000,4254.000,243.80,244.00,5000.000,5000.000,244.20,244.45,7757.000,8489.000,25000.000,27500.000,243.715,244.053,244.160,244.509,-0.450,-0.427
2017-04-07 11:00:00,244.123,244.537,1478.000,400.000,243.95,244.00,2500.000,2500.000,244.40,244.60,210.000,10.000,243.90,244.05,2500.000,2500.000,244.35,244.65,7588.000,807.000,22500.000,17500.000,243.801,244.076,244.267,244.714,-0.525,-0.420
2017-04-07 11:01:00,243.861,244.331,9.000,701.000,243.85,243.90,2500.000,5000.000,244.20,244.40,97.000,939.000,243.80,243.95,7500.000,5000.000,244.15,244.45,1631.000,3187.000,22500.000,17500.000,243.634,243.984,244.106,244.479,-0.425,-0.419
2017-04-07 11:02:00,243.764,244.188,81.000,64.000,243.75,243.85,2500.000,2500.000,244.20,244.30,402.000,1176.000,243.70,243.90,5000.000,5000.000,244.05,244.35,5717.000,8527.000,17500.000,22500.000,243.585,244.004,244.007,244.394,-0.450,-0.457
2017-04-07 11:03:00,243.793,244.219,58.000,261.000,243.70,243.75,2500.000,2500.000,244.10,244.30,664.000,113.000,243.65,243.80,5000.000,2500.000,244.05,244.35,6669.000,3120.000,25000.000,20000.000,243.540,243.908,243.960,244.406,-0.475,-0.457
2017-04-07 11:04:00,243.696,244.094,35.000,682.000,243.60,243.65,5000.000,2500.000,244.05,244.15,50.000,176.000,243.55,243.70,2500.000,2500.000,244.00,244.20,6087.000,2822.000,25000.000,20000.000,243.452,243.774,243.915,244.281,-0.475,-0.479
2017-04-07 11:05:00,243.632,244.012,74.000,1535.000,243.55,243.65,2500.000,2500.000,244.00,244.10,889.000,160.000,243.50,243.70,10000.000,5000.000,243.80,244.15,8430.000,7084.000,30000.000,22500.000,243.383,243.789,243.758,244.211,-0.450,-0.508
2017-04-07 11:06:00,243.513,243.978,10.000,12.000,243.45,243.50,2500.000,2500.000,243.85,243.95,889.000,686.000,243.40,243.60,5000.000,5000.000,243.80,244.10,6690.000,6350.000,32500.000,25000.000,243.287,243.697,243.727,244.155,-0.425,-0.506
2017-04-07 11:07:00,243.270,243.882,10.000,1543.000,243.30,243.45,5000.000,2500.000,243.70,243.85,69.000,213.000,243.25,243.50,2500.000,2500.000,243.65,243.95,2430.000,7727.000,37500.000,17500.000,243.167,243.578,243.567,244.021,-0.400,-0.486
2017-04-07 11:08:00,243.476,243.905,4.000,83.000,243.40,243.45,2500.000,5000.000,243.80,243.95,168.000,8.000,243.35,243.50,2500.000,2500.000,243.75,244.00,5019.000,2417.000,25000.000,25000.000,243.248,243.634,243.665,244.100,-0.450,-0.510
2017-04-07 11:09:00,243.384,243.895,100.000,47.000,243.35,243.40,2500.000,2500.000,243.75,243.95,340.000,216.000,243.30,243.45,2500.000,5000.000,243.70,244.00,2022.000,1635.000,25000.000,22500.000,243.218,243.550,243.615,244.094,-0.475,-0.514
2017-04-07 11:10:00,243.205,243.730,18.000,671.000,243.25,243.35,2500.000,2500.000,243.65,243.80,279.000,2204.000,243.20,243.40,5000.000,2500.000,243.60,243.85,2801.000,9691.000,27500.000,22500.000,243.077,243.487,243.541,243.939,-0.425,-0.504
2017-04-07 11:11:00,243.308,243.762,1037.000,61.000,243.15,243.30,2500.000,2500.000,243.65,243.80,844.000,168.000,243.10,243.35,2500.000,2500.000,243.60,243.85,13705.000,5975.000,25000.000,17500.000,243.011,243.442,243.530,243.914,-0.500,-0.515
2017-04-07 11:12:00,243.275,243.788,457.000,549.000,243.15,243.20,5000.000,2500.000,243.65,243.80,491.000,1977.000,243.10,243.25,5000.000,2500.000,243.60,243.85,10828.000,3714.000,35000.000,17500.000,243.003,243.283,243.536,243.914,-0.550,-0.510
2017-04-07 11:13:00,243.112,243.659,101.000,201.000,243.05,243.10,2500.000,5000.000,243.55,243.70,766.000,98.000,243.00,243.15,7500.000,2500.000,243.50,243.75,6464.000,4593.000,25000.000,17500.000,242.894,243.242,243.455,243.786,-0.550,-0.503
2017-04-07 11:14:00,243.163,243.693,173.000,472.000,243.05,243.15,2500.000,2500.000,243.55,243.70,2640.000,474.000,243.00,243.20,10000.000,7500.000,243.50,243.75,8527.000,4255.000,32500.000,20000.000,242.919,243.274,243.442,243.819,-0.525,-0.499
2017-04-07 11:15:00,243.135,243.611,23.000,65.000,243.05,243.10,10000.000,5000.000,243.50,243.65,2620.000,1000.000,243.00,243.15,5000.000,2500.000,243.45,243.70,7413.000,3796.000,32500.000,22500.000,242.908,243.223,243.404,243.783,-0.500,-0.494
2017-04-07 11:16:00,243.105,243.615,33.000,19.000,243.05,243.10,5000.000,2500.000,243.55,243.60,2898.000,1000.000,243.00,243.15,10000.000,2500.000,243.50,243.65,8471.000,5873.000,32500.000,17500.000,242.919,243.226,243.450,243.721,-0.500,-0.505
2017-04-07 11:17:00,243.164,243.653,82.000,857.000,243.10,243.15,2500.000,2500.000,243.55,243.65,3467.000,474.000,243.00,243.20,12500.000,2500.000,243.50,243.70,9165.000,4663.000,32500.000,15000.000,242.925,243.264,243.446,243.767,-0.475,-0.518
2017-04-07 11:18:00,243.128,243.639,165.000,121.000,243.05,243.10,5000.000,5000.000,243.55,243.65,2460.000,719.000,243.00,243.15,12500.000,2500.000,243.50,243.70,9379.000,4749.000,35000.000,22500.000,242.915,243.234,243.454,243.778,-0.525,-0.498
2017-04-07 11:19:00,243.137,243.645,165.000,779.000,243.10,243.15,2500.000,2500.000,243.55,243.65,11.000,674.000,243.05,243.20,12500.000,5000.000,243.50,243.70,4536.000,4668.000,32500.000,20000.000,242.961,243.260,243.446,243.787,-0.475,-0.484
2017-04-07 11:20:00,243.117,243.568,254.000,791.000,243.05,243.10,7500.000,5000.000,243.50,243.60,2316.000,152.000,243.00,243.15,5000.000,10000.000,243.45,243.65,8971.000,6096.000,30000.000,25000.000,242.906,243.221,243.404,243.685,-0.475,-0.473
2017-04-07 11:21:00,242.978,243.542,32.000,1775.000,243.05,243.10,2500.000,2500.000,243.45,243.50,1059.000,653.000,243.00,243.15,5000.000,5000.000,243.40,243.60,2900.000,12027.000,30000.000,20000.000,242.933,243.229,243.329,243.637,-0.400,-0.437
2017-04-07 11:22:00,242.939,243.494,346.000,262.000,243.00,243.05,2500.000,2500.000,243.40,243.50,19.000,1407.000,242.95,243.10,2500.000,2500.000,243.35,243.55,3436.000,8513.000,25000.000,17500.000,242.866,243.210,243.260,243.614,-0.425,-0.394
2017-04-07 11:23:00,243.159,243.574,700.000,13.000,243.00,243.05,2500.000,2500.000,243.40,243.60,222.000,100.000,242.95,243.10,2500.000,5000.000,243.35,243.65,6101.000,913.000,25000.000,17500.000,242.887,243.241,243.270,243.736,-0.475,-0.410
2017-04-07 11:24:00,242.980,243.416,66.000,943.000,243.00,243.05,2500.000,2500.000,243.35,243.45,34.000,599.000,242.95,243.10,5000.000,5000.000,243.30,243.50,5231.000,8464.000,30000.000,25000.000,242.872,243.192,243.229,243.570,-0.375,-0.385
2017-04-07 11:25:00,242.970,243.366,33.000,419.000,243.00,243.05,5000.000,2500.000,243.25,243.40,1027.000,486.000,242.95,243.10,12500.000,2500.000,243.20,243.50,5852.000,10322.000,32500.000,22500.000,242.888,243.188,243.162,243.567,-0.300,-0.380
2017-04-07 11:26:00,242.982,243.368,8.000,362.000,243.00,243.05,2500.000,2500.000,243.25,243.35,28.000,5885.000,242.95,243.10,5000.000,5000.000,243.20,243.40,5194.000,11414.000,30000.000,17500.000,242.870,243.158,243.142,243.479,-0.275,-0.372
2017-04-07 11:27:00,243.010,243.350,22.000,38.000,242.95,243.00,2500.000,2500.000,243.25,243.35,3349.000,94.000,242.90,243.05,5000.000,5000.000,243.20,243.40,9909.000,7089.000,27500.000,20000.000,242.812,243.119,243.141,243.481,-0.325,-0.389
2017-04-07 11:28:00,242.503,242.995,256.000,805.000,242.50,242.60,2500.000,2500.000,242.80,243.00,337.000,60.000,242.40,242.65,2500.000,2500.000,242.75,243.15,6542.000,8605.000,27500.000,20000.000,242.283,242.753,242.664,243.213,-0.350,-0.365
2017-04-07 11:29:00,242.805,243.118,939.000,2438.000,242.75,242.95,7500.000,2500.000,242.95,243.20,331.000,4014.000,242.70,243.00,7500.000,5000.000,242.90,243.30,5001.000,10422.000,25000.000,17500.000,242.620,243.026,242.880,243.343,-0.225,-0.376
2017-04-07 11:30:00,243.003,243.376,222.000,1347.000,242.95,243.00,2500.000,5000.000,243.25,243.40,266.000,2560.000,242.90,243.15,7500.000,2500.000,243.15,243.45,6423.000,10955.000,27500.000,15000.000,242.782,243.188,243.109,243.500,-0.350,-0.366
2017-04-07 11:31:00,242.822,243.164,11.000,386.000,242.85,242.95,2500.000,2500.000,243.10,243.25,63.000,5825.000,242.75,243.00,5000.000,2500.000,243.05,243.30,5173.000,11897.000,17500.000,17500.000,242.639,243.055,242.971,243.400,-0.275,-0.385
2017-04-07 11:32:00,242.668,243.096,29.000,72.000,242.70,242.75,2500.000,5000.000,242.95,243.15,501.000,147.000,242.65,242.85,2500.000,2500.000,242.90,243.20,4423.000,11196.000,17500.000,15000.000,242.539,242.947,242.836,243.250,-0.325,-0.367
2017-04-07 11:33:00,242.728,243.100,670.000,1586.000,242.70,242.75,5000.000,2500.000,242.95,243.15,534.000,2650.000,242.65,242.90,5000.000,5000.000,242.90,243.20,7664.000,14554.000,32500.000,22500.000,242.547,242.952,242.788,243.283,-0.325,-0.371
2017-04-07 11:34:00,242.751,243.118,93.000,38.000,242.75,242.85,2500.000,2500.000,243.10,243.25,1207.000,100.000,242.70,242.90,2500.000,2500.000,243.05,243.35,6663.000,9831.000,12500.000,22500.000,242.602,243.017,243.000,243.428,-0.375,-0.372
2017-04-07 11:35:00,242.845,243.168,585.000,1048.000,242.80,242.90,5000.000,5000.000,243.15,243.35,709.000,100.000,242.75,242.95,2500.000,5000.000,243.05,243.40,6728.000,7028.000,17500.000,25000.000,242.674,243.028,243.014,243.455,-0.400,-0.383
2017-04-07 11:36:00,242.708,243.141,811.000,38.000,242.60,242.70,10000.000,5000.000,242.95,243.15,1115.000,100.000,242.55,242.80,2500.000,5000.000,242.90,243.20,5771.000,3272.000,37500.000,17500.000,242.491,242.897,242.810,243.229,-0.400,-0.381
2017-04-07 11:37:00,242.799,243.137,28.000,222.000,242.85,242.95,2500.000,2500.000,243.05,243.25,60.000,3447.000,242.70,243.00,2500.000,5000.000,243.00,243.30,4213.000,9058.000,17500.000,20000.000,242.578,243.054,242.943,243.375,-0.250,-0.390
2017-04-07 11:38:00,242.775,243.168,209.000,5.000,242.80,242.90,2500.000,2500.000,243.05,243.25,165.000,98.000,242.75,242.95,2500.000,5000.000,243.00,243.30,2304.000,6012.000,22500.000,20000.000,242.661,243.027,242.917,243.375,-0.300,-0.372
2017-04-07 11:39:00,242.770,243.144,33.000,317.000,242.85,242.90,2500.000,2500.000,243.05,243.25,209.000,141.000,242.80,242.95,2500.000,7500.000,243.00,243.30,905.000,6250.000,20000.000,22500.000,242.701,243.020,242.919,243.367,-0.275,-0.354
2017-04-07 11:40:00,242.787,243.162,38.000,46.000,242.85,242.90,2500.000,2500.000,243.05,243.25,664.000,141.000,242.80,242.95,5000.000,5000.000,243.00,243.30,1696.000,5964.000,22500.000,20000.000,242.744,243.026,242.928,243.375,-0.275,-0.350
2017-04-07 11:41:00,242.808,243.231,56.000,24.000,242.85,242.90,2500.000,2500.000,243.05,243.30,253.000,541.000,242.80,242.95,2500.000,2500.000,243.00,243.35,2454.000,6307.000,22500.000,17500.000,242.688,243.041,242.917,243.436,-0.300,-0.343
2017-04-07 11:42:00,242.789,243.172,72.000,453.000,242.85,242.95,2500.000,5000.000,243.05,243.25,253.000,2808.000,242.80,243.00,5000.000,2500.000,243.00,243.30,1396.000,8954.000,25000.000,20000.000,242.710,243.058,242.925,243.356,-0.250,-0.348
2017-04-07 11:43:00,242.921,243.228,411.000,38.000,242.95,243.00,5000.000,2500.000,243.15,243.35,693.000,1.000,242.90,243.05,2500.000,7500.000,243.10,243.40,4177.000,8155.000,20000.000,25000.000,242.815,243.207,243.050,243.460,-0.275,-0.375
2017-04-07 11:44:00,242.946,243.230,75.000,1914.000,243.00,243.05,2500.000,2500.000,243.10,243.30,72.000,2865.000,242.95,243.15,10000.000,2500.000,243.05,243.35,1312.000,10777.000,22500.000,15000.000,242.853,243.181,243.017,243.400,-0.175,-0.403
2017-04-07 11:45:00,243.256,243.609,329.000,506.000,243.15,243.25,2500.000,2500.000,243.40,243.60,571.000,33.000,243.10,243.30,2500.000,2500.000,243.35,243.75,5328.000,3127.000,25000.000,15000.000,243.032,243.335,243.245,243.800,-0.300,-0.420
2017-04-07 11:46:00,243.044,243.430,234.000,38.000,243.00,243.05,2500.000,2500.000,243.30,243.45,1.000,614.000,242.95,243.10,2500.000,2500.000,243.20,243.50,2969.000,4275.000,22500.000,15000.000,242.830,243.202,243.111,243.583,-0.350,-0.418
2017-04-07 11:47:00,242.989,243.400,524.000,939.000,243.00,243.10,2500.000,5000.000,243.30,243.40,1.000,2635.000,242.95,243.15,2500.000,2500.000,243.20,243.45,3549.000,9621.000,25000.000,15000.000,242.845,243.209,243.125,243.483,-0.300,-0.406
2017-04-07 11:48:00,242.990,243.432,311.000,818.000,243.00,243.10,2500.000,5000.000,243.30,243.40,1.000,2635.000,242.95,243.15,5000.000,2500.000,243.20,243.50,3463.000,9500.000,27500.000,15000.000,242.834,243.211,243.132,243.517,-0.300,-0.419
2017-04-07 11:49:00,242.983,243.406,386.000,452.000,243.00,243.10,5000.000,5000.000,243.30,243.40,1.000,2635.000,242.95,243.15,5000.000,5000.000,243.25,243.50,3234.000,9339.000,22500.000,17500.000,242.835,243.215,243.200,243.521,-0.300,-0.436
2017-04-07 11:50:00,242.965,243.400,425.000,419.000,243.00,243.05,2500.000,5000.000,243.30,243.40,70.000,429.000,242.95,243.10,5000.000,2500.000,243.25,243.50,3350.000,7869.000,22500.000,20000.000,242.840,243.189,243.178,243.556,-0.325,-0.451
2017-04-07 11:51:00,242.954,243.331,342.000,327.000,243.00,243.05,5000.000,2500.000,243.30,243.35,70.000,2705.000,242.95,243.10,2500.000,2500.000,243.25,243.45,3267.000,9233.000,20000.000,20000.000,242.836,243.189,243.200,243.519,-0.300,-0.429
2017-04-07 11:52:00,243.048,243.397,69.000,87.000,242.95,243.05,2500.000,2500.000,243.30,243.40,373.000,2880.000,242.90,243.15,2500.000,5000.000,243.20,243.50,8242.000,8261.000,25000.000,17500.000,242.790,243.213,243.130,243.550,-0.350,-0.428
2017-04-07 11:53:00,242.831,243.341,101.000,62.000,242.85,242.90,2500.000,2500.000,243.15,243.35,1058.000,47.000,242.80,242.95,2500.000,2500.000,243.10,243.40,3530.000,4387.000,30000.000,12500.000,242.719,243.080,243.025,243.450,-0.375,-0.377
2017-04-07 11:54:00,242.821,243.331,951.000,56.000,242.80,242.90,2500.000,2500.000,243.20,243.35,515.000,315.000,242.75,243.00,2500.000,2500.000,243.10,243.40,4675.000,6395.000,27500.000,17500.000,242.692,243.096,243.036,243.493,-0.425,-0.339
2017-04-07 11:55:00,242.842,243.350,737.000,223.000,242.80,243.00,2500.000,2500.000,243.15,243.35,2020.000,508.000,242.75,243.05,5000.000,2500.000,243.10,243.40,4572.000,6874.000,32500.000,12500.000,242.716,243.119,243.023,243.450,-0.350,-0.304
2017-04-07 11:56:00,242.888,243.156,2648.000,2693.000,242.75,243.00,5000.000,2500.000,243.05,243.25,715.000,365.000,242.70,243.05,12500.000,5000.000,243.00,243.30,9752.000,8917.000,25000.000,20000.000,242.633,243.112,242.980,243.363,-0.275,-0.297
2017-04-07 11:57:00,242.651,242.995,379.000,277.000,242.60,242.80,2500.000,2500.000,242.90,243.10,1442.000,2658.000,242.55,242.85,7500.000,5000.000,242.80,243.15,5064.000,7488.000,27500.000,25000.000,242.482,242.930,242.741,243.200,-0.300,-0.273
2017-04-07 11:58:00,242.702,242.958,133.000,976.000,242.55,242.60,2500.000,2500.000,242.85,243.00,775.000,60.000,242.50,242.70,7500.000,2500.000,242.80,243.10,10001.000,4961.000,27500.000,22500.000,242.373,242.739,242.741,243.178,-0.350,-0.290
2017-04-07 11:59:00,242.629,242.950,312.000,26.000,242.60,242.70,5000.000,5000.000,242.80,243.00,69.000,2930.000,242.55,242.75,5000.000,2500.000,242.75,243.05,3519.000,5700.000,32500.000,22500.000,242.460,242.801,242.688,243.139,-0.250,-0.306
2017-04-07 12:00:00,242.764,243.096,517.000,2538.000,242.75,242.90,2500.000,2500.000,242.95,243.15,347.000,460.000,242.70,242.95,10000.000,2500.000,242.90,243.20,2482.000,6120.000,20000.000,12500.000,242.648,242.983,242.869,243.280,-0.225,-0.305
2017-04-07 12:01:00,242.919,243.153,10.000,4101.000,242.95,243.10,2500.000,5000.000,243.05,243.25,99.000,1514.000,242.90,243.15,7500.000,2500.000,243.00,243.35,1621.000,12748.000,20000.000,20000.000,242.774,243.177,242.950,243.387,-0.125,-0.335
2017-04-07 12:02:00,242.983,243.207,54.000,2716.000,242.95,243.00,2500.000,5000.000,243.15,243.25,372.000,1779.000,242.90,243.10,2500.000,2500.000,243.10,243.35,5705.000,10407.000,17500.000,20000.000,242.772,243.138,243.043,243.400,-0.225,-0.349
2017-04-07 12:03:00,242.976,243.314,324.000,57.000,242.95,243.00,2500.000,2500.000,243.20,243.35,169.000,1000.000,242.90,243.05,2500.000,2500.000,243.15,243.40,6363.000,9185.000,20000.000,15000.000,242.778,243.166,243.069,243.458,-0.300,-0.358
2017-04-07 12:04:00,242.933,243.332,106.000,134.000,243.00,243.05,2500.000,2500.000,243.25,243.35,130.000,2525.000,242.95,243.10,2500.000,2500.000,243.20,243.40,2568.000,9300.000,20000.000,15000.000,242.866,243.186,243.137,243.467,-0.275,-0.362
2017-04-07 12:05:00,243.107,243.435,1193.000,61.000,243.00,243.15,2500.000,2500.000,243.35,243.55,303.000,215.000,242.95,243.20,7500.000,2500.000,243.25,243.60,4767.000,2963.000,17500.000,15000.000,242.890,243.289,243.221,243.658,-0.375,-0.382
2017-04-07 12:06:00,242.928,243.312,154.000,38.000,243.00,243.05,2500.000,2500.000,243.25,243.45,64.000,716.000,242.95,243.10,2500.000,5000.000,243.20,243.50,1663.000,6431.000,12500.000,20000.000,242.835,243.197,243.150,243.550,-0.325,-0.390
2017-04-07 12:07:00,242.923,243.218,1119.000,38.000,242.85,243.00,2500.000,7500.000,243.20,243.45,845.000,359.000,242.80,243.05,2500.000,12500.000,243.10,243.50,5692.000,4252.000,15000.000,32500.000,242.738,243.181,243.033,243.558,-0.400,-0.413
2017-04-07 12:08:00,242.959,243.344,255.000,812.000,243.00,243.10,2500.000,7500.000,243.30,243.45,37.000,381.000,242.95,243.15,2500.000,7500.000,243.25,243.50,2235.000,8358.000,15000.000,25000.000,242.850,243.218,243.167,243.530,-0.325,-0.413
2017-04-07 12:09:00,242.929,243.350,245.000,40.000,243.00,243.05,2500.000,7500.000,243.30,243.45,37.000,1329.000,242.95,243.10,2500.000,5000.000,243.20,243.50,2225.000,7962.000,20000.000,25000.000,242.846,243.197,243.094,243.545,-0.350,-0.396
2017-04-07 12:10:00,242.912,243.337,207.000,93.000,243.00,243.05,2500.000,7500.000,243.30,243.45,37.000,1329.000,242.95,243.10,2500.000,5000.000,243.20,243.50,2187.000,10488.000,20000.000,27500.000,242.844,243.199,243.094,243.545,-0.350,-0.366
2017-04-07 12:11:00,242.910,243.336,389.000,70.000,243.00,243.05,2500.000,7500.000,243.30,243.45,37.000,1275.000,242.95,243.10,5000.000,5000.000,243.25,243.50,2269.000,10467.000,17500.000,27500.000,242.860,243.201,243.193,243.545,-0.350,-0.371
2017-04-07 12:12:00,242.958,243.370,254.000,288.000,243.05,243.10,5000.000,7500.000,243.30,243.45,339.000,722.000,243.00,243.15,5000.000,5000.000,243.25,243.50,942.000,10282.000,25000.000,25000.000,242.962,243.213,243.155,243.550,-0.300,-0.362
2017-04-07 12:13:00,242.973,243.356,95.000,47.000,243.05,243.10,5000.000,7500.000,243.30,243.45,327.000,822.000,243.00,243.15,5000.000,2500.000,243.25,243.50,1228.000,8863.000,20000.000,22500.000,242.936,243.210,243.206,243.533,-0.300,-0.360
2017-04-07 12:14:00,243.027,243.365,32.000,308.000,243.10,243.15,5000.000,7500.000,243.30,243.45,52.000,3881.000,243.05,243.20,5000.000,5000.000,243.25,243.50,1170.000,9105.000,20000.000,22500.000,242.944,243.259,243.213,243.528,-0.250,-0.356
2017-04-07 12:15:00,243.048,243.320,64.000,2418.000,243.10,243.15,5000.000,7500.000,243.30,243.45,52.000,3061.000,243.05,243.20,5000.000,5000.000,243.25,243.50,1265.000,9072.000,20000.000,30000.000,242.948,243.237,243.213,243.575,-0.250,-0.360
2017-04-07 12:16:00,243.060,243.511,670.000,313.000,243.10,243.20,2500.000,5000.000,243.45,243.60,713.000,80.000,243.05,243.25,5000.000,2500.000,243.40,243.65,4016.000,7701.000,22500.000,22500.000,243.002,243.364,243.306,243.706,-0.375,-0.362
2017-04-07 12:17:00,243.099,243.467,57.000,5.000,243.10,243.15,7500.000,2500.000,243.45,243.65,222.000,175.000,243.05,243.20,2500.000,7500.000,243.40,243.75,4000.000,4155.000,22500.000,37500.000,242.985,243.311,243.333,243.827,-0.425,-0.364
2017-04-07 12:18:00,243.018,243.391,32.000,787.000,243.10,243.15,5000.000,2500.000,243.35,243.55,77.000,473.000,243.05,243.20,2500.000,5000.000,243.30,243.65,1199.000,6166.000,15000.000,25000.000,242.952,243.286,243.267,243.720,-0.325,-0.388
2017-04-07 12:19:00,243.174,243.491,589.000,52.000,243.05,243.10,5000.000,2500.000,243.50,243.65,1225.000,62.000,243.00,243.20,2500.000,2500.000,243.35,243.70,5311.000,1614.000,17500.000,22500.000,242.927,243.330,243.336,243.767,-0.500,-0.417
2017-04-07 12:20:00,243.167,243.460,479.000,20.000,243.05,243.10,5000.000,2500.000,243.50,243.70,1250.000,62.000,243.00,243.20,2500.000,7500.000,243.35,243.75,5126.000,1715.000,17500.000,32500.000,242.927,243.336,243.336,243.827,-0.525,-0.446
2017-04-07 12:21:00,242.892,243.350,174.000,779.000,243.00,243.05,2500.000,5000.000,243.30,243.55,32.000,364.000,242.95,243.10,2500.000,5000.000,243.25,243.60,852.000,6839.000,12500.000,22500.000,242.872,243.194,243.180,243.644,-0.400,-0.442
2017-04-07 12:22:00,242.905,243.283,173.000,645.000,243.00,243.05,2500.000,2500.000,243.25,243.35,32.000,5768.000,242.95,243.10,2500.000,2500.000,243.20,243.45,846.000,12825.000,17500.000,20000.000,242.864,243.164,243.086,243.531,-0.275,-0.446
2017-04-07 12:23:00,242.911,243.409,73.000,96.000,243.00,243.05,2500.000,2500.000,243.25,243.45,31.000,100.000,242.95,243.10,5000.000,2500.000,243.20,243.50,1860.000,8376.000,25000.000,17500.000,242.826,243.208,243.095,243.593,-0.325,-0.412
2017-04-07 12:24:00,242.941,243.400,163.000,38.000,243.00,243.05,2500.000,2500.000,243.30,243.40,31.000,170.000,242.95,243.10,5000.000,5000.000,243.25,243.50,2743.000,7898.000,22500.000,20000.000,242.863,243.194,243.194,243.581,-0.325,-0.394
2017-04-07 12:25:00,242.935,243.375,144.000,87.000,243.00,243.05,2500.000,2500.000,243.30,243.45,91.000,100.000,242.95,243.10,2500.000,5000.000,243.25,243.50,2740.000,7493.000,20000.000,20000.000,242.864,243.207,243.188,243.562,-0.350,-0.347
2017-04-07 12:26:00,242.948,243.386,93.000,99.000,243.00,243.05,2500.000,2500.000,243.35,243.45,60.000,250.000,242.95,243.10,2500.000,5000.000,243.30,243.50,3002.000,6617.000,20000.000,25000.000,242.855,243.214,243.219,243.570,-0.375,-0.290
2017-04-07 12:27:00,242.754,243.150,43.000,66.000,242.80,242.90,5000.000,2500.000,243.00,243.20,75.000,2810.000,242.75,242.95,2500.000,2500.000,242.90,243.25,1776.000,7518.000,32500.000,20000.000,242.641,243.018,242.823,243.350,-0.250,-0.271
2017-04-07 12:28:00,242.773,243.100,967.000,50.000,242.75,242.90,5000.000,2500.000,243.00,243.25,296.000,45.000,242.70,242.95,2500.000,2500.000,242.95,243.30,3582.000,5705.000,17500.000,20000.000,242.634,243.030,242.907,243.363,-0.300,-0.273
2017-04-07 12:29:00,242.730,243.100,88.000,2698.000,242.75,242.85,12500.000,5000.000,242.85,243.10,26.000,529.000,242.65,242.90,7500.000,2500.000,242.80,243.35,3660.000,8364.000,50000.000,32500.000,242.556,242.952,242.720,243.404,-0.175,-0.254
2017-04-07 12:30:00,242.994,243.200,424.000,3032.000,243.00,243.15,2500.000,5000.000,243.20,243.40,666.000,597.000,242.95,243.20,2500.000,7500.000,243.10,243.45,2668.000,8202.000,15000.000,30000.000,242.891,243.242,243.042,243.500,-0.225,-0.308
2017-04-07 12:31:00,243.060,243.210,757.000,2500.000,242.95,243.15,10000.000,2500.000,243.15,243.40,464.000,1667.000,242.90,243.30,2500.000,7500.000,243.05,243.45,5219.000,8641.000,22500.000,27500.000,242.801,243.308,243.056,243.505,-0.225,-0.372
2017-04-07 12:32:00,243.559,243.861,60.000,679.000,243.55,243.65,2500.000,5000.000,243.80,244.00,205.000,51.000,243.50,243.70,10000.000,7500.000,243.65,244.05,2321.000,3632.000,22500.000,25000.000,243.411,243.788,243.628,244.140,-0.300,-0.398
2017-04-07 12:33:00,243.448,243.784,536.000,229.000,243.40,243.55,5000.000,2500.000,243.70,243.85,622.000,4230.000,243.35,243.60,10000.000,5000.000,243.65,243.90,6040.000,8937.000,27500.000,20000.000,243.267,243.660,243.591,243.963,-0.300,-0.424
2017-04-07 12:34:00,243.362,243.636,63.000,802.000,243.35,243.50,5000.000,2500.000,243.65,243.85,189.000,905.000,243.30,243.55,2500.000,5000.000,243.60,243.90,2655.000,7522.000,15000.000,30000.000,243.184,243.595,243.542,243.992,-0.325,-0.471
2017-04-07 12:35:00,243.185,243.662,243.000,38.000,243.25,243.30,2500.000,5000.000,243.65,243.75,177.000,417.000,243.20,243.45,2500.000,2500.000,243.60,243.80,1896.000,10484.000,12500.000,17500.000,243.130,243.523,243.520,243.843,-0.425,-0.484
2017-04-07 12:36:00,243.161,243.630,68.000,1603.000,243.20,243.25,7500.000,2500.000,243.55,243.80,231.000,339.000,243.15,243.30,5000.000,7500.000,243.50,243.85,2193.000,6326.000,22500.000,27500.000,243.060,243.418,243.467,243.927,-0.450,-0.489
2017-04-07 12:37:00,243.302,243.737,145.000,1611.000,243.20,243.25,5000.000,2500.000,243.65,243.90,364.000,339.000,243.15,243.30,2500.000,15000.000,243.60,244.00,7578.000,5813.000,17500.000,30000.000,243.023,243.405,243.550,244.054,-0.550,-0.492
2017-04-07 12:38:00,243.242,243.708,31.000,7150.000,243.15,243.25,5000.000,2500.000,243.65,243.90,232.000,1210.000,243.10,243.30,2500.000,5000.000,243.60,243.95,8416.000,10326.000,17500.000,32500.000,242.994,243.291,243.550,244.054,-0.575,-0.499
2017-04-07 12:39:00,243.175,243.683,467.000,1363.000,243.10,243.20,7500.000,2500.000,243.65,243.90,1051.000,6550.000,243.05,243.25,2500.000,7500.000,243.60,243.95,7500.000,8438.000,20000.000,37500.000,242.988,243.248,243.550,244.057,-0.625,-0.499
2017-04-07 12:40:00,243.103,243.647,31.000,420.000,243.10,243.15,5000.000,2500.000,243.60,243.85,593.000,1530.000,243.05,243.20,2500.000,2500.000,243.55,243.90,5533.000,9771.000,17500.000,25000.000,242.961,243.252,243.486,243.975,-0.600,-0.500
2017-04-07 12:41:00,243.209,243.700,826.000,6451.000,243.15,243.25,5000.000,2500.000,243.70,243.80,31.000,744.000,243.10,243.30,5000.000,2500.000,243.65,243.85,7746.000,11474.000,17500.000,22500.000,243.011,243.312,243.621,243.939,-0.550,-0.513
2017-04-07 12:42:00,243.316,243.770,205.000,2187.000,243.20,243.25,2500.000,10000.000,243.70,244.00,1217.000,1000.000,243.15,243.30,7500.000,7500.000,243.65,244.10,8367.000,5348.000,17500.000,40000.000,243.055,243.343,243.614,244.162,-0.625,-0.557
2017-04-07 12:43:00,243.216,243.712,241.000,713.000,243.15,243.25,7500.000,2500.000,243.65,243.90,431.000,1010.000,243.10,243.30,2500.000,5000.000,243.60,243.95,5377.000,4860.000,20000.000,32500.000,243.017,243.370,243.575,244.038,-0.575,-0.561
2017-04-07 12:44:00,243.145,243.657,2.000,468.000,243.10,243.15,10000.000,2500.000,243.60,243.85,198.000,456.000,243.05,243.20,2500.000,2500.000,243.50,243.90,4637.000,4617.000,25000.000,27500.000,242.930,243.280,243.485,244.000,-0.600,-0.571
2017-04-07 12:45:00,243.261,243.810,182.000,155.000,243.15,243.25,2500.000,2500.000,243.80,243.95,333.000,1510.000,243.10,243.30,2500.000,12500.000,243.65,244.00,8363.000,4446.000,20000.000,32500.000,243.014,243.374,243.594,244.088,-0.675,-0.573
2017-04-07 12:46:00,243.272,243.824,3.000,3828.000,243.20,243.30,2500.000,5000.000,243.80,243.95,232.000,437.000,243.15,243.35,2500.000,12500.000,243.70,244.00,7986.000,9946.000,17500.000,35000.000,243.016,243.399,243.636,244.079,-0.625,-0.573
2017-04-07 12:47:00,243.089,243.765,85.000,3193.000,243.10,243.30,2500.000,2500.000,243.70,243.90,149.000,540.000,243.05,243.35,5000.000,2500.000,243.65,243.95,3395.000,10987.000,20000.000,30000.000,242.969,243.417,243.600,244.029,-0.600,-0.559
2017-04-07 12:48:00,243.243,243.761,44.000,28.000,243.20,243.25,5000.000,2500.000,243.75,243.90,872.000,2713.000,243.15,243.30,2500.000,2500.000,243.65,243.95,5631.000,5984.000,17500.000,27500.000,243.037,243.367,243.621,244.032,-0.600,-0.571
2017-04-07 12:49:00,243.220,243.778,85.000,2506.000,243.25,243.30,2500.000,2500.000,243.80,243.90,237.000,364.000,243.15,243.35,2500.000,2500.000,243.65,243.95,5556.000,10332.000,20000.000,30000.000,243.029,243.428,243.594,244.046,-0.575,-0.582
2017-04-07 12:50:00,243.215,243.778,115.000,3083.000,243.15,243.30,2500.000,2500.000,243.80,243.90,656.000,60.000,243.10,243.35,2500.000,2500.000,243.65,243.95,8654.000,10705.000,20000.000,30000.000,243.000,243.424,243.594,244.046,-0.625,-0.567
2017-04-07 12:51:00,243.225,243.775,182.000,2998.000,243.15,243.30,2500.000,2500.000,243.80,243.90,326.000,398.000,243.10,243.35,5000.000,2500.000,243.65,243.95,9262.000,10943.000,20000.000,30000.000,242.991,243.422,243.600,244.046,-0.625,-0.544
2017-04-07 12:52:00,243.250,243.857,6.000,406.000,243.20,243.25,5000.000,2500.000,243.75,243.95,188.000,1786.000,243.15,243.30,5000.000,15000.000,243.70,244.00,4601.000,5237.000,22500.000,30000.000,243.015,243.364,243.644,244.058,-0.625,-0.505
2017-04-07 12:53:00,243.281,243.860,137.000,61.000,243.15,243.25,5000.000,5000.000,243.75,243.95,231.000,1286.000,243.10,243.30,5000.000,12500.000,243.70,244.00,7933.000,4256.000,22500.000,30000.000,242.979,243.381,243.644,244.054,-0.650,-0.486
2017-04-07 12:54:00,243.207,243.818,64.000,84.000,243.20,243.25,2500.000,5000.000,243.75,243.95,108.000,1286.000,243.15,243.30,5000.000,12500.000,243.70,244.00,2551.000,3975.000,17500.000,30000.000,243.025,243.382,243.621,244.054,-0.625,-0.467
2017-04-07 12:55:00,243.212,243.700,127.000,639.000,243.20,243.25,2500.000,7500.000,243.65,243.90,77.000,1450.000,243.15,243.30,2500.000,10000.000,243.60,243.95,3216.000,5123.000,15000.000,40000.000,243.039,243.363,243.533,244.000,-0.550,-0.474
2017-04-07 12:56:00,243.217,243.650,70.000,62.000,243.10,243.20,5000.000,2500.000,243.70,243.80,1504.000,411.000,243.05,243.25,2500.000,2500.000,243.65,243.85,7357.000,3457.000,15000.000,35000.000,242.964,243.334,243.617,243.950,-0.600,-0.498
2017-04-07 12:57:00,243.215,243.627,832.000,3.000,243.10,243.15,2500.000,2500.000,243.70,243.80,1406.000,8.000,243.05,243.20,2500.000,2500.000,243.60,243.85,7707.000,2862.000,15000.000,35000.000,242.972,243.349,243.542,243.950,-0.625,-0.513
2017-04-07 12:58:00,243.150,243.634,32.000,1499.000,243.20,243.30,2500.000,2500.000,243.65,243.80,132.000,843.000,243.15,243.35,2500.000,2500.000,243.60,243.85,2827.000,9898.000,15000.000,32500.000,243.037,243.439,243.533,243.946,-0.475,-0.526
2017-04-07 12:59:00,243.216,243.732,205.000,1357.000,243.20,243.30,2500.000,2500.000,243.70,243.90,213.000,443.000,243.15,243.35,2500.000,7500.000,243.65,243.95,4988.000,8140.000,15000.000,35000.000,243.033,243.437,243.592,244.018,-0.550,-0.527
2017-04-07 13:00:00,243.269,243.793,135.000,1411.000,243.20,243.30,5000.000,2500.000,243.75,243.95,508.000,60.000,243.15,243.35,5000.000,17500.000,243.65,244.00,5944.000,5769.000,20000.000,32500.000,243.032,243.435,243.625,244.046,-0.600,-0.524
2017-04-07 13:01:00,243.154,243.707,164.000,52.000,243.15,243.20,5000.000,2500.000,243.60,243.75,34.000,411.000,243.10,243.25,5000.000,5000.000,243.55,243.90,4079.000,5264.000,32500.000,37500.000,243.020,243.333,243.469,243.993,-0.500,-0.522
2017-04-07 13:02:00,243.208,243.696,93.000,403.000,243.10,243.20,2500.000,2500.000,243.65,243.85,1381.000,100.000,243.05,243.25,2500.000,10000.000,243.55,243.90,6845.000,3368.000,27500.000,42500.000,242.976,243.328,243.455,243.979,-0.600,-0.509
2017-04-07 13:03:00,243.134,243.685,171.000,91.000,243.10,243.20,2500.000,2500.000,243.65,243.80,943.000,314.000,243.05,243.25,2500.000,5000.000,243.55,243.85,5013.000,5290.000,27500.000,32500.000,242.983,243.338,243.455,243.942,-0.575,-0.505
2017-04-07 13:04:00,243.190,243.709,60.000,578.000,243.15,243.20,2500.000,2500.000,243.65,243.80,372.000,160.000,243.10,243.25,2500.000,2500.000,243.55,243.90,4425.000,4066.000,25000.000,32500.000,243.012,243.321,243.455,243.996,-0.550,-0.511
2017-04-07 13:05:00,243.144,243.656,15.000,289.000,243.15,243.20,5000.000,2500.000,243.55,243.80,182.000,314.000,243.10,243.25,2500.000,7500.000,243.50,243.90,3105.000,5161.000,30000.000,37500.000,243.000,243.330,243.412,243.983,-0.500,-0.509
2017-04-07 13:06:00,243.176,243.715,463.000,40.000,243.15,243.20,2500.000,2500.000,243.65,243.80,373.000,160.000,243.10,243.25,5000.000,2500.000,243.55,243.85,3713.000,3428.000,27500.000,30000.000,243.023,243.338,243.464,243.958,-0.550,-0.512
2017-04-07 13:07:00,243.173,243.596,32.000,105.000,243.15,243.20,2500.000,2500.000,243.55,243.75,423.000,522.000,243.10,243.25,2500.000,5000.000,243.50,243.80,3402.000,3855.000,25000.000,32500.000,243.007,243.328,243.420,243.923,-0.475,-0.537
2017-04-07 13:08:00,243.158,243.690,117.000,70.000,243.10,243.15,2500.000,5000.000,243.55,243.80,92.000,600.000,243.05,243.20,2500.000,2500.000,243.50,243.85,4146.000,2831.000,30000.000,32500.000,242.972,243.268,243.387,243.946,-0.550,-0.542
2017-04-07 13:09:00,243.065,243.613,545.000,67.000,243.05,243.15,2500.000,2500.000,243.50,243.70,2485.000,600.000,243.00,243.20,2500.000,2500.000,243.45,243.75,4712.000,4984.000,20000.000,17500.000,242.974,243.287,243.375,243.829,-0.500,-0.567
2017-04-07 13:10:00,243.350,243.850,450.000,448.000,243.20,243.25,5000.000,15000.000,243.75,244.00,463.000,1135.000,243.15,243.30,2500.000,2500.000,243.70,244.05,9641.000,4252.000,20000.000,27500.000,243.027,243.398,243.619,244.064,-0.650,-0.602
2017-04-07 13:11:00,243.266,243.824,1757.000,46.000,243.15,243.25,5000.000,2500.000,243.75,243.95,435.000,2135.000,243.10,243.30,2500.000,15000.000,243.70,244.00,11337.000,7171.000,17500.000,30000.000,243.012,243.425,243.650,244.075,-0.650,-0.630
2017-04-07 13:12:00,243.533,244.081,438.000,49.000,243.40,243.45,5000.000,2500.000,244.00,244.25,502.000,519.000,243.35,243.50,2500.000,2500.000,243.95,244.30,4419.000,1654.000,20000.000,25000.000,243.263,243.601,243.900,244.385,-0.700,-0.612
2017-04-07 13:13:00,243.437,243.991,539.000,134.000,243.40,243.45,5000.000,5000.000,244.00,244.10,178.000,139.000,243.35,243.50,5000.000,5000.000,243.90,244.20,5823.000,5323.000,20000.000,35000.000,243.243,243.600,243.875,244.371,-0.625,-0.589
2017-04-07 13:14:00,243.679,244.352,179.000,160.000,243.75,243.85,2500.000,5000.000,244.35,244.50,301.000,2003.000,243.70,243.90,5000.000,2500.000,244.30,244.55,2553.000,13036.000,20000.000,30000.000,243.619,243.981,244.231,244.675,-0.625,-0.548
2017-04-07 13:15:00,243.924,244.600,1257.000,471.000,243.90,243.95,2500.000,7500.000,244.55,244.70,231.000,4649.000,243.85,244.00,12500.000,2500.000,244.50,244.75,6168.000,7098.000,25000.000,25000.000,243.803,244.033,244.425,244.810,-0.700,-0.502
2017-04-07 13:16:00,244.140,244.838,221.000,38.000,244.15,244.20,2500.000,2500.000,244.75,244.90,58.000,411.000,244.10,244.25,2500.000,7500.000,244.70,245.00,2460.000,3122.000,15000.000,17500.000,244.031,244.351,244.608,245.029,-0.650,-0.444
2017-04-07 13:17:00,243.982,244.439,56.000,500.000,243.90,244.00,2500.000,5000.000,244.45,244.65,774.000,580.000,243.85,244.05,2500.000,2500.000,244.25,244.70,5241.000,3908.000,37500.000,45000.000,243.767,244.120,244.093,244.783,-0.600,-0.438
2017-04-07 13:18:00,244.000,244.441,758.000,307.000,244.00,244.10,2500.000,2500.000,244.50,244.65,231.000,226.000,243.95,244.15,2500.000,2500.000,244.45,244.70,3430.000,5499.000,15000.000,42500.000,243.877,244.239,244.367,244.791,-0.525,-0.454
2017-04-07 13:19:00,244.122,244.587,615.000,1.000,244.10,244.15,2500.000,2500.000,244.60,244.75,575.000,304.000,244.05,244.25,2500.000,27500.000,244.55,244.80,3736.000,3676.000,12500.000,45000.000,243.990,244.361,244.460,244.856,-0.550,-0.484
2017-04-07 13:20:00,244.168,244.614,593.000,38.000,244.15,244.20,5000.000,7500.000,244.60,244.75,244.000,1426.000,244.10,244.25,2500.000,27500.000,244.55,244.80,4539.000,4986.000,15000.000,47500.000,244.026,244.325,244.517,244.842,-0.500,-0.518
2017-04-07 13:21:00,244.126,244.537,355.000,56.000,244.10,244.15,2500.000,2500.000,244.55,244.70,1695.000,288.000,244.05,244.20,2500.000,5000.000,244.50,244.75,6283.000,4696.000,15000.000,45000.000,243.998,244.293,244.450,244.828,-0.500,-0.529
2017-04-07 13:22:00,244.058,244.485,414.000,57.000,244.05,244.10,2500.000,2500.000,244.50,244.70,1942.000,1001.000,244.00,244.15,2500.000,7500.000,244.45,244.75,4230.000,4143.000,12500.000,47500.000,243.960,244.226,244.400,244.824,-0.525,-0.536
2017-04-07 13:23:00,243.878,244.400,424.000,294.000,243.90,243.95,2500.000,7500.000,244.40,244.60,291.000,250.000,243.85,244.00,5000.000,5000.000,244.35,244.65,2050.000,3410.000,22500.000,50000.000,243.797,244.139,244.289,244.740,-0.575,-0.504
2017-04-07 13:24:00,243.857,244.469,216.000,25.000,243.85,243.90,2500.000,2500.000,244.30,244.50,76.000,1077.000,243.80,243.95,2500.000,2500.000,244.25,244.55,1489.000,2459.000,25000.000,15000.000,243.716,244.001,244.170,244.600,-0.525,-0.469
2017-04-07 13:25:00,243.584,244.200,129.000,757.000,243.65,243.85,2500.000,2500.000,244.10,244.30,259.000,466.000,243.60,243.90,2500.000,2500.000,244.05,244.35,2071.000,9731.000,15000.000,17500.000,243.516,244.001,243.992,244.436,-0.450,-0.427
2017-04-07 13:26:00,243.842,244.309,31.000,511.000,243.75,243.90,2500.000,5000.000,244.30,244.50,803.000,470.000,243.70,243.95,7500.000,5000.000,244.25,244.60,5215.000,5135.000,22500.000,50000.000,243.609,244.011,244.206,244.738,-0.575,-0.416
2017-04-07 13:27:00,243.697,244.160,357.000,878.000,243.70,243.80,2500.000,7500.000,244.15,244.40,645.000,160.000,243.65,243.85,2500.000,2500.000,244.00,244.45,3603.000,5845.000,17500.000,35000.000,243.552,243.958,243.957,244.550,-0.525,-0.433
2017-04-07 13:28:00,243.960,244.321,498.000,1714.000,243.80,244.00,5000.000,5000.000,244.35,244.60,766.000,66.000,243.75,244.05,2500.000,2500.000,244.30,244.65,7169.000,5170.000,22500.000,42500.000,243.642,244.114,244.178,244.756,-0.575,-0.464
2017-04-07 13:29:00,243.910,244.350,534.000,132.000,243.90,243.95,2500.000,5000.000,244.35,244.60,2431.000,1714.000,243.85,244.00,5000.000,2500.000,244.30,244.70,3977.000,3592.000,20000.000,55000.000,243.827,244.065,244.256,244.786,-0.550,-0.472
2017-04-07 13:30:00,243.855,244.260,96.000,188.000,243.90,243.95,2500.000,2500.000,244.30,244.55,267.000,1714.000,243.85,244.00,5000.000,2500.000,244.25,244.60,1243.000,3700.000,17500.000,42500.000,243.790,244.064,244.179,244.765,-0.500,-0.502
2017-04-07 13:31:00,243.939,244.352,468.000,96.000,243.85,243.90,2500.000,5000.000,244.35,244.60,33.000,1000.000,243.80,243.95,2500.000,2500.000,244.30,244.65,4582.000,2548.000,17500.000,40000.000,243.713,243.987,244.236,244.756,-0.600,-0.484
2017-04-07 13:32:00,244.027,244.571,963.000,348.000,244.00,244.15,2500.000,2500.000,244.55,244.75,532.000,1524.000,243.95,244.20,2500.000,32500.000,244.50,244.80,4494.000,7683.000,20000.000,50000.000,243.879,244.266,244.338,244.845,-0.575,-0.438
2017-04-07 13:33:00,243.920,244.435,74.000,177.000,244.00,244.10,2500.000,2500.000,244.40,244.65,217.000,741.000,243.95,244.15,5000.000,2500.000,244.35,244.70,1699.000,10246.000,22500.000,45000.000,243.846,244.235,244.294,244.797,-0.475,-0.408
2017-04-07 13:34:00,243.891,244.375,33.000,1091.000,244.00,244.10,2500.000,2500.000,244.30,244.50,217.000,741.000,243.95,244.15,2500.000,5000.000,244.25,244.55,624.000,13259.000,15000.000,20000.000,243.876,244.225,244.192,244.600,-0.350,-0.390
2017-04-07 13:35:00,243.679,244.230,2298.000,1497.000,243.70,243.80,2500.000,2500.000,244.05,244.15,235.000,736.000,243.65,243.85,12500.000,15000.000,244.00,244.40,6023.000,13345.000,37500.000,30000.000,243.585,243.928,243.927,244.425,-0.350,-0.361
2017-04-07 13:36:00,243.827,244.152,70.000,772.000,243.85,244.00,2500.000,2500.000,244.10,244.30,1564.000,2912.000,243.75,244.05,5000.000,5000.000,244.05,244.35,6310.000,12259.000,25000.000,32500.000,243.687,244.124,243.985,244.419,-0.275,-0.387
2017-04-07 13:37:00,243.891,244.206,175.000,5334.000,244.00,244.05,5000.000,2500.000,244.15,244.30,4.000,2401.000,243.90,244.10,7500.000,12500.000,244.05,244.40,1781.000,18842.000,32500.000,32500.000,243.790,244.154,244.008,244.458,-0.200,-0.395
2017-04-07 13:38:00,244.281,244.645,1248.000,42.000,244.25,244.45,2500.000,2500.000,244.60,244.75,1169.000,8447.000,244.20,244.50,5000.000,27500.000,244.55,244.80,6526.000,15429.000,25000.000,52500.000,244.135,244.539,244.490,244.883,-0.325,-0.398
2017-04-07 13:39:00,244.329,244.723,236.000,231.000,244.35,244.45,2500.000,25000.000,244.65,244.80,503.000,5665.000,244.30,244.50,5000.000,2500.000,244.60,244.95,3993.000,12886.000,27500.000,55000.000,244.218,244.549,244.527,244.927,-0.325,-0.354
2017-04-07 13:40:00,244.598,245.005,1.000,38.000,244.70,244.75,2500.000,2500.000,245.00,245.15,383.000,1732.000,244.60,244.80,2500.000,12500.000,244.90,245.20,4389.000,13543.000,17500.000,30000.000,244.501,244.899,244.850,245.246,-0.350,-0.326
2017-04-07 13:41:00,244.820,245.278,382.000,436.000,245.00,245.05,5000.000,5000.000,245.20,245.50,769.000,503.000,244.85,245.10,5000.000,5000.000,245.15,245.55,3922.000,10482.000,30000.000,37500.000,244.799,245.221,245.096,245.640,-0.325,-0.305
2017-04-07 13:42:00,245.095,245.450,72.000,512.000,245.15,245.20,2500.000,5000.000,245.35,245.50,172.000,4247.000,245.10,245.25,5000.000,2500.000,245.30,245.60,3149.000,10901.000,37500.000,32500.000,244.981,245.293,245.220,245.673,-0.250,-0.324
2017-04-07 13:43:00,245.697,246.072,703.000,602.000,245.60,245.70,2500.000,15000.000,246.00,246.20,1120.000,2358.000,245.55,245.75,7500.000,17500.000,245.90,246.25,7887.000,5233.000,27500.000,45000.000,245.474,245.798,245.836,246.272,-0.450,-0.314
2017-04-07 13:44:00,245.429,245.602,118.000,18.000,245.50,245.55,2500.000,5000.000,245.70,245.90,275.000,687.000,245.45,245.60,2500.000,7500.000,245.55,245.95,1233.000,5573.000,15000.000,50000.000,245.359,245.679,245.500,246.048,-0.275,-0.342
2017-04-07 13:45:00,245.320,245.588,44.000,18.000,245.35,245.45,5000.000,7500.000,245.60,245.80,777.000,478.000,245.25,245.50,2500.000,2500.000,245.55,245.85,3606.000,6629.000,20000.000,42500.000,245.164,245.575,245.500,245.932,-0.300,-0.342
2017-04-07 13:46:00,245.387,245.742,151.000,217.000,245.50,245.55,2500.000,5000.000,245.70,245.85,51.000,4346.000,245.45,245.60,2500.000,2500.000,245.65,245.90,550.000,10580.000,17500.000,27500.000,245.396,245.677,245.571,245.959,-0.250,-0.348
2017-04-07 13:47:00,245.644,246.095,625.000,105.000,245.80,245.85,2500.000,2500.000,246.10,246.30,410.000,1269.000,245.70,245.90,2500.000,2500.000,246.05,246.35,2986.000,21158.000,17500.000,32500.000,245.648,246.001,245.971,246.442,-0.375,-0.301
2017-04-07 13:48:00,246.006,246.328,302.000,2877.000,246.00,246.15,2500.000,5000.000,246.35,246.45,110.000,6757.000,245.90,246.20,7500.000,10000.000,246.30,246.50,8182.000,18679.000,22500.000,35000.000,245.786,246.237,246.189,246.561,-0.325,-0.292
2017-04-07 13:49:00,246.185,246.500,950.000,238.000,246.20,246.30,2500.000,10000.000,246.40,246.65,203.000,60.000,246.10,246.35,5000.000,7500.000,246.35,246.70,5916.000,8118.000,32500.000,42500.000,246.036,246.439,246.304,246.738,-0.275,-0.319
2017-04-07 13:50:00,246.255,246.524,523.000,918.000,246.25,246.40,2500.000,5000.000,246.65,246.70,1611.000,4427.000,246.20,246.45,7500.000,15000.000,246.60,246.75,5728.000,14772.000,22500.000,62500.000,246.119,246.502,246.494,246.828,-0.350,-0.312
2017-04-07 13:51:00,245.884,246.269,306.000,225.000,245.90,246.00,2500.000,2500.000,246.25,246.40,203.000,161.000,245.85,246.10,2500.000,5000.000,246.15,246.45,4213.000,8921.000,15000.000,25000.000,245.767,246.204,246.100,246.550,-0.375,-0.319
2017-04-07 13:52:00,245.837,246.055,850.000,160.000,245.70,245.95,2500.000,5000.000,246.10,246.25,949.000,4812.000,245.65,246.00,7500.000,2500.000,245.90,246.30,8718.000,9093.000,22500.000,32500.000,245.572,246.045,245.856,246.381,-0.350,-0.341
2017-04-07 13:53:00,245.796,246.072,2898.000,38.000,245.70,245.80,2500.000,10000.000,246.00,246.20,61.000,5.000,245.65,245.85,10000.000,5000.000,245.95,246.25,6259.000,2038.000,30000.000,37500.000,245.614,245.981,245.896,246.313,-0.350,-0.353
2017-04-07 13:54:00,245.657,246.107,95.000,6746.000,245.65,245.80,5000.000,5000.000,245.95,246.05,160.000,528.000,245.60,245.85,10000.000,2500.000,245.85,246.20,5639.000,16809.000,37500.000,17500.000,245.483,245.897,245.793,246.214,-0.275,-0.361
2017-04-07 13:55:00,245.805,246.038,273.000,4279.000,245.75,246.00,2500.000,2500.000,246.05,246.25,354.000,1778.000,245.70,246.05,5000.000,2500.000,246.00,246.30,5039.000,12898.000,22500.000,40000.000,245.589,246.084,245.900,246.403,-0.275,-0.385
2017-04-07 13:56:00,245.625,246.044,10.000,572.000,245.75,245.80,5000.000,2500.000,245.85,246.10,1.000,3068.000,245.65,245.85,5000.000,5000.000,245.80,246.15,1746.000,10097.000,25000.000,15000.000,245.521,245.939,245.765,246.217,-0.200,-0.383
2017-04-07 13:57:00,245.878,246.206,653.000,1197.000,245.95,246.00,2500.000,5000.000,246.15,246.35,263.000,151.000,245.80,246.05,5000.000,12500.000,246.10,246.40,4914.000,10075.000,22500.000,40000.000,245.709,246.118,246.039,246.438,-0.275,-0.404
2017-04-07 13:58:00,245.908,246.245,255.000,1050.000,245.80,245.90,7500.000,7500.000,246.10,246.40,147.000,175.000,245.75,245.95,5000.000,12500.000,246.05,246.45,5731.000,4314.000,35000.000,40000.000,245.650,245.980,245.986,246.522,-0.400,-0.406
2017-04-07 13:59:00,245.780,246.268,370.000,60.000,245.75,245.90,5000.000,2500.000,246.10,246.35,304.000,300.000,245.70,245.95,5000.000,10000.000,246.05,246.40,5710.000,7503.000,35000.000,27500.000,245.638,246.046,245.989,246.450,-0.400,-0.407
2017-04-07 14:00:00,245.794,246.145,218.000,602.000,245.75,245.90,5000.000,2500.000,246.05,246.25,304.000,433.000,245.70,245.95,10000.000,2500.000,246.00,246.30,5172.000,9144.000,30000.000,22500.000,245.585,246.010,245.933,246.378,-0.325,-0.415
2017-04-07 14:01:00,245.699,246.109,150.000,3868.000,245.75,245.80,5000.000,2500.000,246.00,246.05,821.000,1057.000,245.70,245.85,5000.000,5000.000,245.90,246.20,4157.000,15174.000,27500.000,15000.000,245.596,245.920,245.850,246.225,-0.250,-0.410
2017-04-07 14:02:00,245.653,246.084,961.000,142.000,245.75,245.80,2500.000,5000.000,246.05,246.20,671.000,366.000,245.70,245.85,5000.000,2500.000,246.00,246.25,3569.000,11822.000,20000.000,27500.000,245.660,245.968,245.944,246.327,-0.350,-0.411
2017-04-07 14:03:00,245.725,246.072,140.000,19.000,245.70,245.75,5000.000,2500.000,246.00,246.10,1.000,800.000,245.65,245.80,2500.000,2500.000,245.95,246.15,6443.000,8950.000,30000.000,20000.000,245.513,245.878,245.892,246.231,-0.325,-0.428
2017-04-07 14:04:00,245.485,245.980,271.000,338.000,245.50,245.60,5000.000,2500.000,245.80,245.95,301.000,3703.000,245.45,245.70,12500.000,5000.000,245.70,246.00,3110.000,9929.000,42500.000,15000.000,245.381,245.750,245.644,246.067,-0.325,-0.404
2017-04-07 14:05:00,245.488,245.878,501.000,178.000,245.40,245.50,5000.000,2500.000,245.80,245.85,324.000,4997.000,245.35,245.60,2500.000,5000.000,245.70,245.90,10628.000,11353.000,30000.000,15000.000,245.242,245.665,245.613,245.967,-0.375,-0.386
2017-04-07 14:06:00,245.533,245.919,211.000,230.000,245.50,245.60,2500.000,2500.000,245.75,245.95,364.000,407.000,245.40,245.65,5000.000,2500.000,245.70,246.00,5845.000,6731.000,37500.000,22500.000,245.275,245.731,245.617,246.106,-0.300,-0.369
2017-04-07 14:07:00,245.510,245.944,653.000,48.000,245.50,245.65,2500.000,5000.000,245.80,246.00,161.000,70.000,245.45,245.70,5000.000,5000.000,245.75,246.05,3688.000,6396.000,35000.000,27500.000,245.377,245.792,245.682,246.136,-0.325,-0.348
2017-04-07 14:08:00,245.558,245.992,355.000,408.000,245.60,245.65,5000.000,5000.000,245.85,246.10,60.000,169.000,245.55,245.70,2500.000,2500.000,245.80,246.20,2893.000,5400.000,30000.000,30000.000,245.453,245.820,245.742,246.275,-0.350,-0.337
2017-04-07 14:09:00,245.775,246.150,49.000,249.000,246.00,246.05,5000.000,2500.000,246.05,246.25,203.000,1642.000,245.90,246.10,2500.000,2500.000,246.00,246.30,1009.000,12082.000,30000.000,32500.000,245.799,246.200,245.921,246.438,-0.125,-0.344
2017-04-07 14:10:00,245.961,246.264,546.000,4221.000,246.00,246.10,2500.000,2500.000,246.25,246.30,205.000,464.000,245.95,246.15,5000.000,10000.000,246.15,246.40,2732.000,13057.000,32500.000,37500.000,245.870,246.196,246.088,246.457,-0.225,-0.352
2017-04-07 14:11:00,246.075,246.372,130.000,875.000,246.05,246.10,2500.000,7500.000,246.35,246.40,4442.000,2500.000,246.00,246.15,2500.000,20000.000,246.25,246.50,8973.000,10042.000,25000.000,37500.000,245.939,246.196,246.180,246.510,-0.300,-0.367
2017-04-07 14:12:00,246.073,246.405,471.000,866.000,246.05,246.10,2500.000,15000.000,246.35,246.50,2118.000,1103.000,246.00,246.20,2500.000,2500.000,246.30,246.55,6418.000,8790.000,20000.000,30000.000,245.924,246.269,246.188,246.571,-0.350,-0.376
2017-04-07 14:13:00,246.021,246.400,782.000,38.000,246.00,246.05,2500.000,12500.000,246.35,246.50,642.000,118.000,245.95,246.10,5000.000,7500.000,246.30,246.55,6079.000,6326.000,22500.000,35000.000,245.878,246.259,246.211,246.575,-0.400,-0.369
2017-04-07 14:14:00,245.883,246.291,1179.000,650.000,246.00,246.10,2500.000,12500.000,246.20,246.45,50.000,253.000,245.95,246.15,5000.000,12500.000,246.15,246.50,2348.000,11077.000,25000.000,42500.000,245.900,246.234,246.085,246.521,-0.275,-0.349
2017-04-07 14:15:00,246.090,246.433,112.000,219.000,246.15,246.20,2500.000,2500.000,246.35,246.45,405.000,6818.000,246.10,246.25,2500.000,7500.000,246.30,246.50,2078.000,12256.000,27500.000,22500.000,246.022,246.300,246.218,246.550,-0.225,-0.330
2017-04-07 14:16:00,245.945,246.316,1179.000,203.000,246.00,246.10,10000.000,5000.000,246.15,246.35,50.000,4657.000,245.95,246.15,10000.000,7500.000,246.10,246.45,2737.000,12672.000,42500.000,27500.000,245.902,246.209,245.971,246.495,-0.200,-0.299
2017-04-07 14:17:00,245.941,246.320,1373.000,75.000,246.00,246.05,2500.000,2500.000,246.35,246.40,305.000,134.000,245.95,246.10,2500.000,5000.000,246.30,246.45,6091.000,12312.000,15000.000,35000.000,245.867,246.228,246.233,246.554,-0.350,-0.246
2017-04-07 14:18:00,245.954,246.298,925.000,3932.000,246.00,246.10,5000.000,5000.000,246.25,246.30,61.000,257.000,245.95,246.15,5000.000,2500.000,246.15,246.40,2859.000,13702.000,35000.000,30000.000,245.882,246.202,246.082,246.450,-0.225,-0.189
2017-04-07 14:19:00,246.000,246.307,111.000,2304.000,246.05,246.15,7500.000,2500.000,246.25,246.40,1818.000,60.000,246.00,246.20,2500.000,5000.000,246.20,246.45,2880.000,10649.000,27500.000,30000.000,245.970,246.262,246.168,246.529,-0.225,-0.165
2017-04-07 14:20:00,245.946,246.193,634.000,56.000,246.00,246.15,2500.000,5000.000,246.15,246.30,50.000,887.000,245.95,246.20,5000.000,2500.000,246.10,246.35,2396.000,11119.000,30000.000,27500.000,245.871,246.275,246.012,246.423,-0.150,-0.151
2017-04-07 14:21:00,245.975,246.194,238.000,765.000,246.00,246.20,2500.000,2500.000,246.10,246.25,60.000,6566.000,245.95,246.25,5000.000,2500.000,246.05,246.30,2494.000,12981.000,22500.000,17500.000,245.855,246.296,245.994,246.364,-0.075,-0.130
2017-04-07 14:22:00,245.902,246.012,572.000,2228.000,246.00,246.10,12500.000,2500.000,245.80,246.10,203.000,10.000,245.90,246.15,2500.000,2500.000,245.70,246.15,1335.000,7946.000,40000.000,20000.000,245.912,246.206,245.641,246.206,0.100,-0.113
2017-04-07 14:23:00,246.012,246.074,1324.000,826.000,246.00,246.25,2500.000,2500.000,245.95,246.10,253.000,752.000,245.95,246.30,2500.000,5000.000,245.90,246.20,3685.000,8938.000,22500.000,20000.000,245.903,246.376,245.817,246.250,0.100,-0.115
2017-04-07 14:24:00,246.011,246.198,3090.000,100.000,246.00,246.10,2500.000,5000.000,246.05,246.15,354.000,1554.000,245.95,246.20,5000.000,7500.000,246.00,246.25,5626.000,7535.000,32500.000,22500.000,245.936,246.269,245.923,246.300,-0.050,-0.066
2017-04-07 14:25:00,245.944,246.120,312.000,373.000,245.85,246.00,2500.000,2500.000,246.00,246.15,847.000,229.000,245.80,246.10,17500.000,5000.000,245.90,246.20,7954.000,7144.000,40000.000,22500.000,245.718,246.217,245.853,246.256,-0.150,-0.046
2017-04-07 14:26:00,245.984,246.098,1000.000,3015.000,246.00,246.10,5000.000,5000.000,246.00,246.15,576.000,354.000,245.85,246.15,5000.000,10000.000,245.95,246.20,8700.000,12511.000,27500.000,25000.000,245.774,246.215,245.909,246.235,-0.025,-0.048
2017-04-07 14:27:00,246.095,246.123,2500.000,550.000,246.00,246.15,2500.000,2500.000,246.10,246.15,549.000,1243.000,245.95,246.20,2500.000,2500.000,246.05,246.25,7461.000,6145.000,22500.000,32500.000,245.890,246.255,245.961,246.431,-0.050,0.002
2017-04-07 14:28:00,246.013,246.084,3324.000,550.000,246.00,246.10,5000.000,2500.000,246.00,246.10,380.000,563.000,245.95,246.15,7500.000,10000.000,245.95,246.20,5941.000,6013.000,25000.000,22500.000,245.931,246.241,245.910,246.233,0.000,0.004
2017-04-07 14:29:00,245.822,245.763,516.000,585.000,245.90,246.05,5000.000,5000.000,245.80,245.95,176.000,924.000,245.85,246.10,2500.000,12500.000,245.70,246.00,1819.000,9877.000,17500.000,47500.000,245.797,246.189,245.650,246.124,0.100,0.012
2017-04-07 14:30:00,245.336,245.416,876.000,100.000,245.35,245.50,5000.000,2500.000,245.35,245.55,715.000,402.000,245.30,245.60,5000.000,5000.000,245.30,245.75,3934.000,7650.000,17500.000,30000.000,245.248,245.720,245.271,245.858,-0.025,0.009
2017-04-07 14:31:00,244.967,245.086,1223.000,335.000,245.00,245.10,2500.000,7500.000,244.90,245.00,10.000,152.000,244.95,245.15,2500.000,2500.000,244.80,245.20,2894.000,6410.000,25000.000,20000.000,244.901,245.237,244.720,245.188,0.100,-0.001
2017-04-07 14:32:00,245.162,244.939,1483.000,5.000,245.00,245.15,5000.000,5000.000,244.85,245.15,1.000,510.000,244.95,245.25,5000.000,7500.000,244.80,245.25,6539.000,3174.000,25000.000,45000.000,244.822,245.338,244.735,245.408,0.075,-0.106
2017-04-07 14:33:00,244.605,244.667,51.000,661.000,244.45,244.50,2500.000,2500.000,244.55,244.70,1720.000,100.000,244.40,244.55,2500.000,5000.000,244.45,244.75,5375.000,1075.000,27500.000,17500.000,244.304,244.549,244.359,244.821,-0.150,-0.130
2017-04-07 14:34:00,244.886,244.789,231.000,38.000,244.70,244.80,2500.000,2500.000,244.80,244.90,499.000,201.000,244.65,244.90,5000.000,5000.000,244.60,244.95,10303.000,3829.000,17500.000,17500.000,244.537,245.003,244.579,245.000,-0.100,-0.190
2017-04-07 14:35:00,244.831,244.927,28.000,61.000,244.90,245.05,7500.000,2500.000,244.85,245.05,1314.000,669.000,244.80,245.10,2500.000,5000.000,244.80,245.10,3441.000,7532.000,17500.000,15000.000,244.736,245.221,244.729,245.142,0.025,-0.199
2017-04-07 14:36:00,244.807,244.975,1.000,501.000,244.85,244.90,2500.000,2500.000,244.75,245.00,25.000,612.000,244.80,244.95,2500.000,5000.000,244.70,245.05,1017.000,5093.000,25000.000,15000.000,244.605,244.995,244.625,245.117,0.000,-0.188
2017-04-07 14:37:00,244.070,244.372,500.000,483.000,244.10,244.20,2500.000,2500.000,244.25,244.40,359.000,981.000,244.00,244.25,2500.000,5000.000,244.15,244.45,2426.000,4122.000,27500.000,17500.000,243.938,244.316,244.082,244.500,-0.175,-0.157
2017-04-07 14:38:00,244.077,244.260,490.000,3177.000,244.10,244.20,7500.000,2500.000,244.10,244.30,577.000,1853.000,244.05,244.25,2500.000,2500.000,244.05,244.35,1713.000,8015.000,25000.000,12500.000,244.021,244.266,243.995,244.410,-0.050,-0.152
2017-04-07 14:39:00,244.208,244.408,134.000,125.000,244.25,244.35,2500.000,2500.000,244.25,244.45,53.000,799.000,244.20,244.40,5000.000,5000.000,244.20,244.50,2101.000,6437.000,27500.000,17500.000,244.090,244.490,244.114,244.543,-0.050,-0.167
2017-04-07 14:40:00,244.279,244.421,225.000,37.000,244.20,244.40,2500.000,2500.000,244.40,244.50,968.000,593.000,244.15,244.45,2500.000,2500.000,244.30,244.55,4750.000,6108.000,25000.000,22500.000,244.065,244.520,244.215,244.639,-0.150,-0.192
2017-04-07 14:41:00,244.420,244.533,33.000,87.000,244.35,244.45,2500.000,5000.000,244.50,244.65,118.000,7.000,244.30,244.50,2500.000,12500.000,244.45,244.70,3921.000,2838.000,12500.000,25000.000,244.207,244.619,244.380,244.725,-0.175,-0.217
2017-04-07 14:42:00,244.375,244.520,116.000,368.000,244.30,244.45,2500.000,2500.000,244.50,244.60,574.000,260.000,244.25,244.50,2500.000,12500.000,244.45,244.70,3792.000,3411.000,12500.000,25000.000,244.183,244.587,244.400,244.735,-0.175,-0.214
2017-04-07 14:43:00,244.240,244.400,926.000,155.000,244.20,244.25,2500.000,2500.000,244.30,244.40,21.000,411.000,244.15,244.30,2500.000,2500.000,244.25,244.45,3645.000,2875.000,20000.000,12500.000,244.073,244.383,244.175,244.500,-0.125,-0.175
2017-04-07 14:44:00,243.668,243.943,535.000,75.000,243.55,243.65,2500.000,2500.000,243.80,243.90,2548.000,28.000,243.50,243.70,7500.000,2500.000,243.75,243.95,5090.000,1241.000,25000.000,12500.000,243.465,243.804,243.660,244.040,-0.250,-0.099
2017-04-07 14:45:00,243.490,243.756,6.000,100.000,243.55,243.60,5000.000,2500.000,243.60,243.75,2663.000,124.000,243.50,243.65,2500.000,7500.000,243.55,243.90,2856.000,5970.000,22500.000,20000.000,243.492,243.740,243.478,243.963,-0.100,-0.037
2017-04-07 14:46:00,243.298,243.539,34.000,497.000,243.35,243.45,5000.000,5000.000,243.35,243.55,517.000,2094.000,243.20,243.50,2500.000,2500.000,243.30,243.60,1664.000,4081.000,30000.000,17500.000,243.133,243.525,243.192,243.650,-0.050,0.006
2017-04-07 14:47:00,242.999,243.125,40.000,904.000,243.10,243.15,7500.000,2500.000,243.00,243.20,1810.000,1734.000,243.00,243.20,2500.000,2500.000,242.95,243.30,2759.000,10053.000,20000.000,15000.000,242.965,243.271,242.887,243.342,0.025,0.024
2017-04-07 14:48:00,243.143,243.111,616.000,1095.000,243.05,243.20,5000.000,2500.000,243.00,243.20,3100.000,651.000,243.00,243.30,2500.000,2500.000,242.90,243.25,7038.000,6998.000,20000.000,15000.000,242.957,243.346,242.850,243.317,0.025,0.029
2017-04-07 14:49:00,243.057,242.950,421.000,449.000,243.00,243.15,5000.000,2500.000,242.90,243.05,61.000,6334.000,242.95,243.20,2500.000,5000.000,242.80,243.10,4641.000,8038.000,17500.000,20000.000,242.893,243.209,242.764,243.169,0.100,0.003
2017-04-07 14:50:00,243.138,243.097,979.000,88.000,243.05,243.15,5000.000,2500.000,243.10,243.25,3363.000,1994.000,243.00,243.20,2500.000,7500.000,243.05,243.30,8118.000,6134.000,15000.000,25000.000,242.957,243.329,242.983,243.375,-0.075,0.010
2017-04-07 14:51:00,243.030,243.056,3363.000,511.000,243.00,243.15,5000.000,5000.000,243.00,243.25,1.000,2516.000,242.95,243.20,2500.000,2500.000,242.85,243.30,6038.000,8163.000,20000.000,25000.000,242.938,243.254,242.825,243.365,-0.050,-0.004
2017-04-07 14:52:00,243.189,243.222,691.000,20.000,243.15,243.25,2500.000,2500.000,243.20,243.30,60.000,312.000,243.10,243.35,7500.000,2500.000,243.00,243.35,6619.000,7756.000,22500.000,17500.000,243.018,243.464,242.928,243.436,-0.050,-0.008
2017-04-07 14:53:00,243.155,243.100,276.000,38.000,243.10,243.15,2500.000,2500.000,243.05,243.25,1000.000,1863.000,243.05,243.25,5000.000,5000.000,243.00,243.30,7149.000,5780.000,15000.000,20000.000,242.981,243.346,242.933,243.350,-0.025,0.016
2017-04-07 14:54:00,243.431,243.456,152.000,600.000,243.45,243.55,2500.000,2500.000,243.50,243.55,260.000,1387.000,243.40,243.60,5000.000,10000.000,243.25,243.75,3787.000,9091.000,17500.000,25000.000,243.282,243.688,243.229,243.810,-0.025,0.031
2017-04-07 14:55:00,243.226,243.147,51.000,2741.000,243.20,243.25,2500.000,7500.000,243.10,243.20,280.000,787.000,243.15,243.30,2500.000,2500.000,243.05,243.35,7189.000,8808.000,17500.000,25000.000,243.043,243.336,242.971,243.380,0.075,0.004
2017-04-07 14:56:00,243.072,243.169,182.000,28.000,243.05,243.10,2500.000,2500.000,243.05,243.20,3816.000,20.000,243.00,243.15,10000.000,7500.000,243.00,243.40,6061.000,4614.000,20000.000,20000.000,242.965,243.227,242.950,243.431,-0.050,0.083
2017-04-07 14:57:00,242.917,242.968,300.000,348.000,243.00,243.05,2500.000,5000.000,242.75,243.05,667.000,2.000,242.90,243.10,2500.000,5000.000,242.70,243.15,2629.000,5060.000,30000.000,25000.000,242.847,243.212,242.617,243.205,0.125,0.083
2017-04-07 14:58:00,243.137,242.961,628.000,300.000,243.05,243.20,2500.000,5000.000,242.90,243.15,557.000,1977.000,243.00,243.25,2500.000,2500.000,242.85,243.20,2482.000,2929.000,12500.000,22500.000,242.959,243.277,242.800,243.250,0.100,0.058
2017-04-07 14:59:00,242.925,242.878,626.000,2137.000,243.00,243.05,2500.000,7500.000,242.80,242.85,491.000,616.000,242.90,243.10,2500.000,2500.000,242.70,243.00,5750.000,12955.000,37500.000,25000.000,242.817,243.201,242.590,243.015,0.200,0.027
2017-04-07 15:00:00,242.913,242.967,943.000,853.000,243.00,243.05,2500.000,10000.000,242.80,242.90,1.000,2511.000,242.95,243.10,5000.000,2500.000,242.70,243.00,2534.000,10925.000,42500.000,25000.000,242.895,243.194,242.591,243.035,0.175,-0.005
2017-04-07 15:01:00,242.947,242.650,321.000,2563.000,242.85,243.00,5000.000,2500.000,242.60,242.80,63.000,655.000,242.80,243.05,5000.000,5000.000,242.50,242.85,3652.000,4662.000,17500.000,20000.000,242.707,243.056,242.486,242.906,0.225,-0.098
2017-04-07 15:02:00,242.719,242.769,582.000,933.000,242.55,242.80,5000.000,5000.000,242.55,242.80,1399.000,533.000,242.50,242.85,5000.000,2500.000,242.50,242.85,8305.000,5912.000,35000.000,17500.000,242.410,242.942,242.357,242.921,0.000,-0.101
2017-04-07 15:03:00,242.222,242.171,260.000,979.000,242.30,242.35,15000.000,10000.000,242.10,242.20,662.000,4007.000,242.20,242.40,2500.000,2500.000,242.05,242.35,2898.000,10740.000,37500.000,27500.000,242.137,242.449,242.023,242.364,0.175,-0.155
2017-04-07 15:04:00,241.390,241.496,322.000,4448.000,241.45,241.50,5000.000,10000.000,241.25,241.50,200.000,304.000,241.40,241.55,2500.000,2500.000,241.15,241.55,2589.000,11142.000,35000.000,22500.000,241.354,241.608,241.071,241.611,0.100,-0.166
2017-04-07 15:05:00,241.095,241.314,944.000,5.000,241.05,241.10,2500.000,2500.000,241.15,241.25,4838.000,51.000,241.00,241.15,5000.000,2500.000,241.10,241.30,10091.000,4917.000,37500.000,17500.000,240.974,241.254,241.030,241.464,-0.125,-0.158
2017-04-07 15:06:00,241.536,241.703,505.000,2112.000,241.60,241.75,5000.000,2500.000,241.55,241.75,292.000,1065.000,241.55,241.80,7500.000,2500.000,241.50,241.80,1672.000,8657.000,25000.000,12500.000,241.539,241.867,241.430,241.850,0.025,-0.155
2017-04-07 15:07:00,241.481,241.548,189.000,1191.000,241.40,241.45,20000.000,2500.000,241.50,241.60,331.000,45.000,241.35,241.55,10000.000,7500.000,241.35,241.65,5994.000,4844.000,40000.000,20000.000,241.281,241.576,241.403,241.713,-0.125,-0.117
2017-04-07 15:08:00,241.517,241.733,219.000,471.000,241.55,241.70,5000.000,2500.000,241.65,241.80,68.000,1924.000,241.50,241.75,2500.000,2500.000,241.60,241.85,1984.000,8720.000,30000.000,22500.000,241.416,241.805,241.529,241.939,-0.100,-0.058
2017-04-07 15:09:00,241.762,241.924,860.000,28.000,241.70,241.80,2500.000,10000.000,241.85,242.00,424.000,50.000,241.65,241.85,5000.000,2500.000,241.75,242.05,6249.000,4730.000,20000.000,22500.000,241.564,241.968,241.694,242.067,-0.175,-0.006
2017-04-07 15:10:00,241.597,241.777,13.000,35.000,241.60,241.65,2500.000,2500.000,241.70,241.75,174.000,37.000,241.55,241.70,2500.000,2500.000,241.65,241.80,2774.000,4191.000,37500.000,22500.000,241.471,241.774,241.547,241.883,-0.100,0.032
2017-04-07 15:11:00,241.411,241.561,584.000,473.000,241.50,241.60,17500.000,2500.000,241.50,241.55,1.000,458.000,241.45,241.65,2500.000,5000.000,241.45,241.70,1755.000,14523.000,35000.000,20000.000,241.372,241.727,241.400,241.750,0.025,0.072
2017-04-07 15:12:00,241.788,241.664,476.000,2021.000,241.80,241.95,5000.000,2500.000,241.70,241.80,1091.000,510.000,241.75,242.00,5000.000,5000.000,241.65,241.85,3364.000,7725.000,20000.000,32500.000,241.697,242.077,241.588,241.942,0.125,0.046
2017-04-07 15:13:00,241.753,241.674,9.000,2532.000,241.90,242.00,2500.000,5000.000,241.70,241.80,308.000,1613.000,241.70,242.05,5000.000,2500.000,241.65,241.85,1754.000,9955.000,17500.000,35000.000,241.626,242.101,241.593,241.943,0.200,0.043
2017-04-07 15:14:00,242.005,241.910,312.000,498.000,241.90,241.95,2500.000,2500.000,241.85,241.95,527.000,36.000,241.85,242.00,5000.000,5000.000,241.80,242.05,9471.000,2265.000,17500.000,20000.000,241.791,242.109,241.729,242.094,0.025,0.043
2017-04-07 15:15:00,242.256,242.241,154.000,216.000,242.25,242.30,10000.000,2500.000,242.20,242.35,180.000,60.000,242.15,242.35,2500.000,12500.000,242.15,242.50,6096.000,6216.000,22500.000,35000.000,242.022,242.465,242.133,242.582,0.000,0.037
2017-04-07 15:16:00,242.549,242.503,222.000,889.000,242.50,242.60,2500.000,7500.000,242.45,242.50,778.000,1606.000,242.40,242.65,2500.000,2500.000,242.40,242.65,7167.000,7677.000,20000.000,27500.000,242.281,242.715,242.325,242.673,0.075,0.026
2017-04-07 15:17:00,242.487,242.491,21.000,3.000,242.35,242.45,2500.000,5000.000,242.40,242.55,83.000,272.000,242.30,242.50,5000.000,2500.000,242.35,242.60,5186.000,2961.000,22500.000,20000.000,242.200,242.642,242.278,242.662,-0.075,0.051
2017-04-07 15:18:00,242.613,242.547,347.000,54.000,242.45,242.50,2500.000,7500.000,242.50,242.60,415.000,1.000,242.40,242.55,5000.000,2500.000,242.40,242.65,7008.000,955.000,22500.000,22500.000,242.293,242.661,242.339,242.689,-0.075,0.057
2017-04-07 15:19:00,242.839,242.744,60.000,2278.000,242.80,242.85,2500.000,5000.000,242.75,242.90,759.000,50.000,242.75,243.00,5000.000,2500.000,242.70,242.95,3358.000,5879.000,17500.000,42500.000,242.679,243.004,242.657,243.050,-0.000,0.040
2017-04-07 15:20:00,242.887,242.906,54.000,2488.000,242.90,242.95,2500.000,12500.000,242.85,243.00,192.000,1387.000,242.85,243.00,2500.000,2500.000,242.80,243.05,2154.000,6303.000,17500.000,27500.000,242.770,243.029,242.729,243.064,0.000,0.089
2017-04-07 15:21:00,242.847,242.857,96.000,2563.000,242.80,242.90,7500.000,12500.000,242.70,243.00,1.000,122.000,242.75,242.95,2500.000,5000.000,242.65,243.05,3358.000,4880.000,22500.000,27500.000,242.602,242.970,242.600,243.068,0.000,0.109
2017-04-07 15:22:00,242.659,242.535,123.000,97.000,242.65,242.70,2500.000,2500.000,242.55,242.70,452.000,596.000,242.45,242.75,2500.000,5000.000,242.45,242.75,3216.000,2023.000,12500.000,20000.000,242.387,242.802,242.390,242.812,0.050,0.092
2017-04-07 15:23:00,242.900,242.806,123.000,112.000,243.05,243.10,5000.000,2500.000,242.75,242.85,230.000,281.000,243.00,243.15,10000.000,2500.000,242.70,242.90,1483.000,5929.000,25000.000,17500.000,242.860,243.235,242.675,242.964,0.275,0.082
2017-04-07 15:24:00,242.879,242.867,1556.000,1990.000,242.80,242.90,2500.000,7500.000,242.80,242.95,1.000,52.000,242.75,242.95,5000.000,10000.000,242.75,243.00,2836.000,2663.000,17500.000,27500.000,242.728,242.930,242.679,243.036,-0.025,0.088
2017-04-07 15:25:00,243.207,242.980,16.000,942.000,243.20,243.25,2500.000,5000.000,243.05,243.10,38.000,60.000,243.05,243.30,2500.000,2500.000,243.00,243.25,2264.000,2419.000,12500.000,37500.000,242.983,243.333,242.940,243.330,0.150,0.085
2017-04-07 15:26:00,242.952,242.864,1.000,345.000,243.00,243.15,2500.000,5000.000,242.80,243.00,60.000,2521.000,242.90,243.20,2500.000,7500.000,242.70,243.05,1013.000,5046.000,15000.000,20000.000,242.805,243.220,242.658,243.075,0.175,0.085
2017-04-07 15:27:00,243.037,242.997,8.000,27.000,243.10,243.15,2500.000,7500.000,242.95,243.10,2070.000,2343.000,243.00,243.20,5000.000,2500.000,242.90,243.15,2716.000,4756.000,17500.000,22500.000,242.976,243.253,242.850,243.194,0.100,0.085
2017-04-07 15:28:00,243.097,243.055,60.000,1985.000,243.05,243.20,2500.000,7500.000,242.95,243.15,3814.000,211.000,243.00,243.25,7500.000,7500.000,242.90,243.20,4384.000,3447.000,22500.000,25000.000,242.950,243.266,242.839,243.230,0.075,0.085
2017-04-07 15:29:00,242.999,242.958,277.000,5393.000,243.00,243.25,2500.000,2500.000,242.90,243.00,200.000,269.000,242.70,243.30,2500.000,7500.000,242.85,243.10,887.000,6232.000,20000.000,25000.000,242.719,243.272,242.781,243.150,0.175,0.085
2017-04-07 15:30:00,243.312,243.100,28.000,1267.000,243.00,243.40,10000.000,7500.000,243.00,243.40,1000.000,42.000,242.80,243.45,2500.000,10000.000,242.95,243.50,4088.000,1978.000,22500.000,37500.000,242.608,243.455,242.883,243.587,-0.000,0.085
2017-04-10 09:16:00,243.963,243.787,50.000,77.000,244.05,244.25,2500.000,2500.000,243.65,243.95,852.000,100.000,244.00,244.30,2500.000,5000.000,243.60,244.00,1746.000,6387.000,15000.000,15000.000,243.951,244.397,243.383,244.075,0.350,0.125
2017-04-10 09:17:00,244.421,244.335,134.000,800.000,244.50,244.60,2500.000,2500.000,244.30,244.40,103.000,229.000,244.45,244.70,2500.000,2500.000,244.20,244.50,1134.000,7879.000,12500.000,12500.000,244.363,244.776,244.080,244.590,0.200,0.150
2017-04-10 09:18:00,244.561,244.443,509.000,496.000,244.55,244.70,7500.000,2500.000,244.30,244.50,882.000,446.000,244.50,244.75,7500.000,2500.000,244.25,244.55,2913.000,4906.000,22500.000,12500.000,244.449,244.871,244.222,244.640,0.225,0.172
2017-04-10 09:19:00,244.661,244.614,121.000,768.000,244.75,244.95,7500.000,2500.000,244.50,244.65,366.000,1967.000,244.70,245.00,5000.000,2500.000,244.45,244.70,900.000,11549.000,22500.000,12500.000,244.656,245.069,244.417,244.750,0.275,0.170
2017-04-10 09:20:00,244.300,244.133,277.000,20.000,244.35,244.45,7500.000,5000.000,244.05,244.25,680.000,5259.000,244.30,244.50,5000.000,2500.000,244.00,244.30,2264.000,10536.000,22500.000,15000.000,244.245,244.555,243.878,244.333,0.250,0.170
2017-04-10 09:21:00,244.991,244.783,651.000,1923.000,245.05,245.15,5000.000,7500.000,244.80,244.90,1222.000,339.000,245.00,245.20,2500.000,15000.000,244.65,245.00,4547.000,13564.000,15000.000,30000.000,244.936,245.300,244.633,245.012,0.250,0.172
2017-04-10 09:22:00,244.513,244.303,107.000,1215.000,244.60,244.65,5000.000,10000.000,244.20,244.45,1093.000,2525.000,244.50,244.70,2500.000,2500.000,244.15,244.50,2268.000,8001.000,17500.000,22500.000,244.456,244.761,244.079,244.544,0.300,0.128
2017-04-10 09:23:00,244.096,243.866,222.000,60.000,244.05,244.15,7500.000,5000.000,243.75,244.00,2007.000,547.000,244.00,244.20,2500.000,2500.000,243.60,244.15,4013.000,4309.000,25000.000,22500.000,243.941,244.257,243.595,244.189,0.225,0.063
2017-04-10 09:24:00,243.379,243.342,222.000,50.000,243.40,243.45,2500.000,5000.000,243.30,243.35,119.000,447.000,243.35,243.50,2500.000,2500.000,243.25,243.40,2936.000,5684.000,15000.000,15000.000,243.237,243.592,243.158,243.442,0.100,0.028
2017-04-10 09:25:00,243.487,243.324,273.000,2211.000,243.50,243.60,2500.000,5000.000,243.30,243.45,431.000,457.000,243.45,243.65,2500.000,2500.000,243.25,243.50,2786.000,6889.000,20000.000,27500.000,243.333,243.681,243.100,243.618,0.175,-0.034
2017-04-10 09:26:00,243.419,243.197,97.000,709.000,243.25,243.45,2500.000,5000.000,243.15,243.35,588.000,614.000,243.20,243.50,2500.000,7500.000,243.10,243.40,13374.000,9578.000,17500.000,25000.000,243.015,243.582,242.986,243.440,0.100,-0.090
2017-04-10 09:27:00,243.756,243.768,445.000,150.000,243.65,243.75,7500.000,2500.000,243.70,243.80,1392.000,500.000,243.60,243.80,5000.000,15000.000,243.65,243.90,7222.000,3623.000,25000.000,25000.000,243.527,243.879,243.595,243.920,-0.050,-0.077
2017-04-10 09:28:00,243.821,243.917,85.000,200.000,243.80,243.85,15000.000,10000.000,243.85,243.95,535.000,60.000,243.75,243.90,2500.000,5000.000,243.80,244.05,4172.000,4186.000,32500.000,27500.000,243.658,244.000,243.758,244.073,-0.075,-0.071
2017-04-10 09:29:00,243.627,243.764,200.000,672.000,243.75,243.80,10000.000,2500.000,243.70,243.85,61.000,1614.000,243.65,243.85,5000.000,5000.000,243.60,243.90,1330.000,7490.000,25000.000,20000.000,243.567,243.934,243.600,243.975,0.000,-0.042
2017-04-10 09:30:00,243.483,243.632,100.000,212.000,243.70,243.75,10000.000,2500.000,243.50,243.70,100.000,978.000,243.60,243.80,5000.000,2500.000,243.45,243.75,939.000,8964.000,30000.000,17500.000,243.491,243.916,243.429,243.850,0.125,-0.015
2017-04-10 09:31:00,243.884,243.942,520.000,2365.000,243.85,244.00,2500.000,12500.000,243.80,244.00,530.000,305.000,243.80,244.05,5000.000,2500.000,243.65,244.05,2934.000,5884.000,27500.000,22500.000,243.728,244.084,243.568,244.056,0.025,-0.015
2017-04-10 09:32:00,243.899,243.846,819.000,174.000,243.80,243.95,2500.000,5000.000,243.80,244.00,790.000,2041.000,243.75,244.00,2500.000,5000.000,243.75,244.05,5088.000,4352.000,12500.000,20000.000,243.673,244.059,243.670,244.088,-0.025,-0.001
2017-04-10 09:33:00,243.824,243.891,49.000,100.000,243.85,243.90,2500.000,5000.000,243.80,244.00,735.000,1671.000,243.80,244.00,2500.000,2500.000,243.75,244.05,2106.000,5058.000,12500.000,15000.000,243.740,244.074,243.700,244.083,-0.025,0.022
2017-04-10 09:34:00,244.054,244.042,157.000,2694.000,244.05,244.20,5000.000,5000.000,244.00,244.20,1161.000,1.000,244.00,244.25,2500.000,5000.000,243.95,244.25,2295.000,5937.000,17500.000,30000.000,243.968,244.284,243.907,244.304,0.025,0.043
2017-04-10 09:35:00,244.257,244.272,1907.000,353.000,244.25,244.40,2500.000,2500.000,244.25,244.35,542.000,3752.000,244.20,244.45,2500.000,2500.000,244.10,244.40,6160.000,12771.000,20000.000,20000.000,244.132,244.519,244.044,244.512,0.025,0.056
2017-04-10 09:36:00,244.509,244.565,98.000,328.000,244.55,244.60,5000.000,5000.000,244.50,244.70,148.000,218.000,244.50,244.65,2500.000,2500.000,244.40,244.75,2595.000,5041.000,20000.000,22500.000,244.440,244.744,244.350,244.817,-0.025,0.084
2017-04-10 09:37:00,244.518,244.397,6010.000,3849.000,244.55,244.60,5000.000,5000.000,244.35,244.55,250.000,155.000,244.50,244.65,2500.000,7500.000,244.30,244.60,6351.000,8400.000,17500.000,27500.000,244.546,244.697,244.264,244.655,0.125,0.084
2017-04-10 09:38:00,243.910,243.863,1363.000,1723.000,244.00,244.05,2500.000,5000.000,243.85,243.95,1.000,1010.000,243.95,244.10,5000.000,2500.000,243.80,244.00,2224.000,10823.000,15000.000,25000.000,243.927,244.184,243.758,244.095,0.125,0.100
2017-04-10 09:39:00,244.233,244.114,817.000,536.000,244.20,244.35,5000.000,5000.000,244.10,244.25,573.000,901.000,244.15,244.40,7500.000,2500.000,244.00,244.35,6061.000,9359.000,22500.000,32500.000,244.061,244.483,243.972,244.419,0.100,0.069
2017-04-10 09:40:00,243.981,243.933,1498.000,224.000,244.00,244.10,2500.000,2500.000,243.90,244.00,111.000,110.000,243.95,244.15,2500.000,2500.000,243.85,244.10,4547.000,8891.000,17500.000,20000.000,243.890,244.236,243.750,244.181,0.100,0.065
2017-04-10 09:41:00,243.962,243.877,25.000,433.000,244.05,244.10,2500.000,7500.000,243.80,244.00,663.000,197.000,244.00,244.15,5000.000,5000.000,243.75,244.15,1187.000,6699.000,20000.000,35000.000,243.947,244.231,243.700,244.179,0.175,0.055
2017-04-10 09:42:00,243.846,243.723,309.000,391.000,243.95,244.00,2500.000,12500.000,243.65,243.85,145.000,596.000,243.85,244.05,5000.000,2500.000,243.60,243.90,1726.000,7116.000,32500.000,42500.000,243.808,244.119,243.485,243.938,0.225,0.027
2017-04-10 09:43:00,243.925,243.800,342.000,179.000,243.95,244.00,5000.000,5000.000,243.70,243.90,110.000,51.000,243.90,244.05,2500.000,10000.000,243.65,243.95,3471.000,6341.000,27500.000,32500.000,243.803,244.146,243.582,243.985,0.175,0.008
2017-04-10 09:44:00,244.095,244.130,562.000,275.000,244.10,244.25,5000.000,5000.000,244.00,244.20,712.000,50.000,244.05,244.30,5000.000,10000.000,243.95,244.25,3877.000,5682.000,32500.000,25000.000,244.009,244.423,243.862,244.275,0.075,0.013
2017-04-10 09:45:00,244.396,244.366,278.000,923.000,244.35,244.45,5000.000,7500.000,244.30,244.45,204.000,95.000,244.30,244.50,15000.000,15000.000,244.20,244.50,3666.000,4252.000,40000.000,37500.000,244.195,244.584,244.131,244.537,0.025,-0.008
2017-04-10 09:46:00,244.396,244.364,258.000,822.000,244.30,244.45,7500.000,2500.000,244.25,244.45,555.000,192.000,244.25,244.50,15000.000,15000.000,244.20,244.50,5276.000,4442.000,40000.000,32500.000,244.169,244.574,244.137,244.550,0.025,-0.037
2017-04-10 09:47:00,244.404,244.421,607.000,42.000,244.45,244.50,2500.000,2500.000,244.35,244.45,54.000,944.000,244.40,244.55,10000.000,7500.000,244.25,244.50,2643.000,7427.000,37500.000,22500.000,244.314,244.628,244.203,244.550,0.075,-0.054
2017-04-10 09:48:00,244.366,244.337,20.000,447.000,244.30,244.45,5000.000,2500.000,244.25,244.45,488.000,1126.000,244.20,244.50,12500.000,2500.000,244.20,244.50,6162.000,6094.000,25000.000,22500.000,244.095,244.580,244.180,244.567,0.025,-0.088
2017-04-10 09:49:00,244.471,244.481,237.000,1317.000,244.40,244.50,5000.000,7500.000,244.35,244.60,450.000,407.000,244.35,244.55,2500.000,5000.000,244.25,244.65,2776.000,2799.000,32500.000,27500.000,244.288,244.569,244.212,244.686,-0.025,-0.112
2017-04-10 09:50:00,244.381,244.455,716.000,50.000,244.30,244.35,2500.000,2500.000,244.45,244.55,4112.000,700.000,244.25,244.40,2500.000,5000.000,244.30,244.60,7773.000,2807.000,27500.000,22500.000,244.218,244.501,244.218,244.661,-0.175,-0.128
2017-04-10 09:51:00,244.351,244.464,659.000,40.000,244.30,244.35,5000.000,2500.000,244.45,244.50,4199.000,600.000,244.25,244.40,2500.000,7500.000,244.30,244.60,7760.000,4220.000,27500.000,25000.000,244.219,244.525,244.255,244.650,-0.150,-0.144
2017-04-10 09:52:00,244.238,244.340,281.000,66.000,244.25,244.30,7500.000,5000.000,244.25,244.45,740.000,204.000,244.20,244.35,15000.000,5000.000,244.20,244.50,3905.000,5359.000,32500.000,30000.000,244.121,244.451,244.181,244.554,-0.075,-0.165
2017-04-10 09:53:00,244.296,244.436,1631.000,5.000,244.25,244.30,5000.000,5000.000,244.45,244.50,1895.000,124.000,244.20,244.35,5000.000,2500.000,244.30,244.55,7824.000,4491.000,32500.000,30000.000,244.148,244.439,244.258,244.617,-0.200,-0.169
2017-04-10 09:54:00,244.309,244.441,494.000,62.000,244.30,244.35,5000.000,2500.000,244.35,244.50,100.000,2476.000,244.25,244.40,7500.000,5000.000,244.30,244.55,4857.000,6923.000,40000.000,30000.000,244.153,244.473,244.247,244.625,-0.100,-0.162
2017-04-10 09:55:00,244.308,244.460,203.000,90.000,244.30,244.35,5000.000,5000.000,244.35,244.50,25.000,2258.000,244.25,244.40,7500.000,5000.000,244.30,244.55,3964.000,6069.000,42500.000,30000.000,244.136,244.477,244.244,244.596,-0.100,-0.170
2017-04-10 09:56:00,244.310,244.502,400.000,2248.000,244.25,244.40,7500.000,2500.000,244.40,244.55,1371.000,351.000,244.20,244.45,2500.000,12500.000,244.35,244.60,6173.000,7289.000,45000.000,37500.000,244.146,244.503,244.269,244.663,-0.150,-0.171
2017-04-10 09:57:00,244.298,244.505,175.000,54.000,244.30,244.35,5000.000,2500.000,244.40,244.55,225.000,3523.000,244.25,244.40,7500.000,10000.000,244.35,244.60,4181.000,7422.000,45000.000,35000.000,244.151,244.465,244.275,244.664,-0.150,-0.169
2017-04-10 09:58:00,244.438,244.600,894.000,55.000,244.40,244.45,15000.000,2500.000,244.60,244.65,2036.000,875.000,244.35,244.50,5000.000,7500.000,244.55,244.70,7362.000,4798.000,30000.000,30000.000,244.295,244.591,244.546,244.767,-0.200,-0.159
2017-04-10 09:59:00,244.527,244.622,50.000,13.000,244.40,244.45,2500.000,2500.000,244.55,244.70,343.000,6.000,244.35,244.50,7500.000,5000.000,244.50,244.75,5534.000,1859.000,20000.000,20000.000,244.263,244.688,244.450,244.806,-0.200,-0.191
2017-04-10 10:00:00,244.354,244.547,319.000,78.000,244.30,244.45,2500.000,2500.000,244.45,244.60,883.000,265.000,244.25,244.50,7500.000,7500.000,244.40,244.65,3860.000,3897.000,25000.000,20000.000,244.186,244.605,244.350,244.694,-0.150,-0.204
2017-04-10 10:01:00,244.209,244.405,285.000,1195.000,244.25,244.35,5000.000,2500.000,244.30,244.45,124.000,988.000,244.20,244.40,5000.000,7500.000,244.25,244.50,1917.000,7278.000,30000.000,22500.000,244.108,244.466,244.188,244.550,-0.075,-0.206
2017-04-10 10:02:00,244.305,244.505,2050.000,18.000,244.30,244.35,5000.000,2500.000,244.40,244.50,220.000,111.000,244.25,244.40,5000.000,5000.000,244.35,244.55,3809.000,2856.000,32500.000,17500.000,244.224,244.506,244.285,244.600,-0.125,-0.198
2017-04-10 10:03:00,244.494,244.607,270.000,101.000,244.40,244.50,5000.000,2500.000,244.55,244.70,312.000,1431.000,244.35,244.60,7500.000,5000.000,244.50,244.75,7972.000,6297.000,27500.000,27500.000,244.270,244.689,244.455,244.832,-0.175,-0.212
2017-04-10 10:04:00,244.342,244.597,807.000,498.000,244.35,244.45,5000.000,5000.000,244.50,244.65,1036.000,50.000,244.30,244.50,2500.000,2500.000,244.45,244.70,3978.000,5733.000,22500.000,17500.000,244.252,244.601,244.411,244.736,-0.175,-0.194
2017-04-10 10:05:00,244.356,244.612,761.000,220.000,244.35,244.45,10000.000,2500.000,244.50,244.65,1036.000,195.000,244.30,244.50,2500.000,5000.000,244.45,244.70,4104.000,4911.000,27500.000,15000.000,244.249,244.607,244.427,244.742,-0.175,-0.168
2017-04-10 10:06:00,244.447,244.653,40.000,378.000,244.40,244.50,2500.000,2500.000,244.55,244.65,809.000,454.000,244.35,244.55,7500.000,5000.000,244.50,244.70,5641.000,5859.000,27500.000,15000.000,244.268,244.631,244.441,244.742,-0.150,-0.156
2017-04-10 10:07:00,244.356,244.516,1359.000,1063.000,244.35,244.45,2500.000,5000.000,244.45,244.55,1222.000,1403.000,244.30,244.50,2500.000,5000.000,244.40,244.60,4186.000,6192.000,25000.000,22500.000,244.269,244.562,244.275,244.644,-0.100,-0.158
2017-04-10 10:08:00,244.259,244.445,170.000,422.000,244.30,244.35,2500.000,2500.000,244.35,244.50,6.000,50.000,244.25,244.40,7500.000,5000.000,244.30,244.55,1579.000,3225.000,27500.000,20000.000,244.162,244.503,244.241,244.613,-0.100,-0.163
2017-04-10 10:09:00,244.404,244.565,98.000,36.000,244.40,244.45,5000.000,2500.000,244.50,244.65,60.000,405.000,244.35,244.50,7500.000,5000.000,244.45,244.70,4335.000,5667.000,25000.000,25000.000,244.249,244.597,244.420,244.750,-0.150,-0.172
2017-04-10 10:10:00,244.394,244.522,256.000,155.000,244.40,244.45,2500.000,7500.000,244.50,244.65,60.000,1786.000,244.35,244.50,2500.000,7500.000,244.45,244.70,3630.000,5959.000,20000.000,37500.000,244.249,244.582,244.387,244.757,-0.150,-0.144
2017-04-10 10:11:00,244.234,244.380,208.000,1421.000,244.30,244.40,2500.000,2500.000,244.30,244.45,56.000,1090.000,244.25,244.45,5000.000,5000.000,244.25,244.50,849.000,9963.000,27500.000,27500.000,244.189,244.490,244.195,244.545,-0.025,-0.155
2017-04-10 10:12:00,244.257,244.428,392.000,248.000,244.30,244.35,2500.000,10000.000,244.35,244.50,6.000,142.000,244.25,244.40,7500.000,15000.000,244.30,244.55,1719.000,4322.000,27500.000,35000.000,244.165,244.483,244.245,244.561,-0.100,-0.143
2017-04-10 10:13:00,244.258,244.467,335.000,56.000,244.30,244.35,2500.000,5000.000,244.40,244.50,66.000,291.000,244.25,244.40,2500.000,15000.000,244.35,244.55,2423.000,5179.000,27500.000,32500.000,244.155,244.502,244.268,244.573,-0.125,-0.119
2017-04-10 10:14:00,244.257,244.467,229.000,301.000,244.30,244.35,2500.000,5000.000,244.40,244.50,66.000,363.000,244.25,244.40,2500.000,15000.000,244.35,244.55,2317.000,5625.000,27500.000,32500.000,244.148,244.493,244.268,244.573,-0.125,-0.112
2017-04-10 10:15:00,244.252,244.239,202.000,25.000,244.20,244.25,2500.000,2500.000,244.25,244.35,7123.000,7622.000,244.15,244.30,10000.000,5000.000,244.20,244.40,13666.000,10680.000,22500.000,35000.000,244.092,244.335,244.161,244.489,-0.075,-0.135
2017-04-10 10:16:00,243.974,244.175,733.000,680.000,244.05,244.15,5000.000,5000.000,244.10,244.25,1463.000,500.000,244.00,244.20,5000.000,5000.000,244.05,244.30,2738.000,10230.000,22500.000,22500.000,243.992,244.288,244.017,244.333,-0.075,-0.124
2017-04-10 10:17:00,244.045,244.153,1360.000,5934.000,244.05,244.10,2500.000,7500.000,244.10,244.25,963.000,418.000,244.00,244.15,5000.000,5000.000,244.05,244.30,2955.000,8296.000,20000.000,27500.000,244.004,244.141,244.006,244.336,-0.100,-0.135
2017-04-10 10:18:00,243.842,243.930,60.000,591.000,243.70,243.90,2500.000,2500.000,243.90,244.00,653.000,461.000,243.65,243.95,5000.000,2500.000,243.85,244.05,7645.000,5960.000,17500.000,20000.000,243.555,244.019,243.807,244.113,-0.150,-0.132
2017-04-10 10:19:00,243.791,243.967,531.000,981.000,243.80,243.90,12500.000,5000.000,243.85,244.00,615.000,378.000,243.70,243.95,5000.000,2500.000,243.80,244.05,4210.000,7322.000,35000.000,17500.000,243.613,244.011,243.768,244.093,-0.075,-0.104
2017-04-10 10:20:00,243.857,243.961,370.000,92.000,243.85,243.90,5000.000,5000.000,243.90,244.05,1722.000,134.000,243.80,243.95,5000.000,5000.000,243.85,244.10,2596.000,1718.000,27500.000,27500.000,243.787,244.052,243.791,244.186,-0.100,-0.100
2017-04-10 10:21:00,243.993,244.136,343.000,60.000,243.95,244.00,5000.000,2500.000,244.05,244.20,246.000,1.000,243.90,244.05,10000.000,5000.000,244.00,244.25,5729.000,4322.000,35000.000,27500.000,243.802,244.161,243.964,244.305,-0.150,-0.084
2017-04-10 10:22:00,244.021,244.183,78.000,111.000,243.95,244.05,10000.000,5000.000,244.05,244.25,334.000,190.000,243.90,244.10,15000.000,5000.000,244.00,244.30,5489.000,4589.000,42500.000,25000.000,243.792,244.203,243.982,244.345,-0.150,-0.063
2017-04-10 10:23:00,244.068,244.140,105.000,41.000,243.95,244.00,12500.000,2500.000,244.05,244.20,446.000,111.000,243.90,244.05,12500.000,2500.000,244.00,244.25,5628.000,1784.000,40000.000,22500.000,243.792,244.164,243.988,244.328,-0.150,-0.063
2017-04-10 10:24:00,244.016,244.056,453.000,159.000,243.95,244.00,7500.000,2500.000,244.00,244.10,446.000,257.000,243.90,244.05,10000.000,2500.000,243.95,244.15,6159.000,3655.000,27500.000,17500.000,243.809,244.144,243.927,244.229,-0.075,-0.059
2017-04-10 10:25:00,243.930,244.014,364.000,644.000,243.90,244.00,2500.000,2500.000,243.95,244.00,1176.000,449.000,243.85,244.05,2500.000,2500.000,243.90,244.10,5121.000,5531.000,15000.000,12500.000,243.801,244.126,243.842,244.140,-0.025,-0.048
2017-04-10 10:26:00,244.011,244.072,438.000,140.000,244.00,244.10,2500.000,2500.000,244.00,244.15,30.000,450.000,243.95,244.15,5000.000,5000.000,243.95,244.20,4532.000,6692.000,20000.000,20000.000,243.875,244.234,243.906,244.250,-0.025,-0.025
2017-04-10 10:27:00,244.099,244.156,2841.000,176.000,244.00,244.15,2500.000,2500.000,244.10,244.20,589.000,1742.000,243.95,244.20,7500.000,5000.000,244.05,244.25,8772.000,6333.000,22500.000,20000.000,243.898,244.264,244.006,244.300,-0.075,-0.006
2017-04-10 10:28:00,244.052,244.126,647.000,181.000,244.10,244.15,2500.000,2500.000,244.05,244.15,2541.000,1761.000,244.00,244.20,7500.000,5000.000,244.00,244.20,4729.000,7792.000,25000.000,17500.000,243.971,244.260,243.935,244.250,0.025,0.014
2017-04-10 10:29:00,244.142,244.161,3291.000,848.000,244.00,244.20,2500.000,5000.000,244.10,244.20,375.000,519.000,243.95,244.25,7500.000,5000.000,244.05,244.25,7836.000,4668.000,25000.000,22500.000,243.910,244.308,244.005,244.289,-0.050,0.017
2017-04-10 10:30:00,244.070,244.100,2239.000,1692.000,244.00,244.20,5000.000,2500.000,244.05,244.15,245.000,1992.000,243.95,244.25,10000.000,7500.000,244.00,244.20,7350.000,9585.000,30000.000,27500.000,243.891,244.312,243.950,244.250,-0.000,0.014
2017-04-10 10:31:00,243.973,243.916,77.000,2677.000,243.90,244.00,5000.000,2500.000,243.90,244.00,1348.000,50.000,243.85,244.05,5000.000,5000.000,243.85,244.10,5173.000,4916.000,20000.000,27500.000,243.785,244.076,243.812,244.164,-0.000,-0.001
2017-04-10 10:32:00,244.190,244.155,857.000,19.000,244.15,244.20,7500.000,2500.000,244.10,244.25,554.000,121.000,244.10,244.25,5000.000,5000.000,244.05,244.30,4141.000,2389.000,27500.000,27500.000,244.046,244.359,244.005,244.364,0.000,-0.008
2017-04-10 10:33:00,243.882,243.853,106.000,392.000,243.85,243.95,5000.000,2500.000,243.80,243.95,765.000,50.000,243.80,244.00,5000.000,7500.000,243.75,244.00,2479.000,2809.000,20000.000,22500.000,243.712,244.100,243.713,244.050,0.025,-0.016
2017-04-10 10:34:00,244.006,244.011,201.000,20.000,243.90,244.00,7500.000,7500.000,243.90,244.10,165.000,103.000,243.85,244.05,5000.000,5000.000,243.85,244.15,3612.000,1690.000,25000.000,22500.000,243.773,244.151,243.825,244.172,-0.050,-0.038
2017-04-10 10:35:00,244.022,244.070,278.000,635.000,244.05,244.20,7500.000,2500.000,244.00,244.15,893.000,221.000,244.00,244.25,5000.000,5000.000,243.95,244.20,2857.000,7240.000,20000.000,17500.000,243.927,244.347,243.931,244.250,0.050,-0.041
2017-04-10 10:36:00,244.027,244.044,153.000,203.000,244.10,244.20,7500.000,2500.000,244.00,244.15,607.000,427.000,244.05,244.25,2500.000,5000.000,243.95,244.20,2143.000,7027.000,20000.000,25000.000,244.000,244.356,243.912,244.260,0.075,-0.053
2017-04-10 10:37:00,244.042,244.039,146.000,25.000,244.10,244.15,7500.000,2500.000,244.00,244.15,607.000,99.000,244.05,244.20,2500.000,5000.000,243.95,244.20,1739.000,3363.000,20000.000,27500.000,244.000,244.316,243.912,244.255,0.050,-0.074
2017-04-10 10:38:00,243.824,243.836,25.000,547.000,243.80,243.90,5000.000,5000.000,243.80,243.90,61.000,497.000,243.75,243.95,2500.000,7500.000,243.75,243.95,2106.000,3732.000,22500.000,30000.000,243.644,244.007,243.689,243.996,0.000,-0.095
2017-04-10 10:39:00,243.747,243.863,530.000,387.000,243.75,243.95,5000.000,2500.000,243.80,243.95,148.000,812.000,243.70,244.00,5000.000,5000.000,243.75,244.00,2086.000,5714.000,25000.000,25000.000,243.641,244.067,243.700,244.065,-0.025,-0.105
2017-04-10 10:40:00,243.761,243.822,930.000,1049.000,243.75,243.85,2500.000,2500.000,243.75,243.90,111.000,136.000,243.70,243.90,7500.000,7500.000,243.70,243.95,3441.000,4954.000,25000.000,25000.000,243.628,243.986,243.660,243.995,-0.025,-0.129
2017-04-10 10:41:00,243.871,243.945,53.000,326.000,243.90,244.00,5000.000,5000.000,243.85,244.00,210.000,2.000,243.80,244.05,10000.000,2500.000,243.80,244.05,2718.000,5188.000,32500.000,22500.000,243.691,244.134,243.762,244.111,0.025,-0.162
2017-04-10 10:42:00,243.908,244.015,185.000,18.000,243.90,244.05,5000.000,5000.000,243.90,244.10,452.000,1205.000,243.85,244.10,7500.000,5000.000,243.85,244.15,3635.000,6651.000,32500.000,27500.000,243.766,244.193,243.781,244.205,-0.025,-0.186
2017-04-10 10:43:00,243.878,243.991,619.000,12.000,243.90,243.95,5000.000,2500.000,243.90,244.05,686.000,1068.000,243.80,244.00,10000.000,5000.000,243.85,244.10,3561.000,3780.000,32500.000,22500.000,243.768,244.075,243.796,244.167,-0.050,-0.187
2017-04-10 10:44:00,243.748,243.915,120.000,20.000,243.80,243.85,7500.000,7500.000,243.80,244.00,38.000,957.000,243.75,243.90,10000.000,5000.000,243.75,244.05,1289.000,3715.000,27500.000,22500.000,243.654,243.988,243.723,244.072,-0.075,-0.190
2017-04-10 10:45:00,243.767,243.950,50.000,11.000,243.80,243.85,2500.000,2500.000,243.85,244.00,38.000,2307.000,243.75,243.90,7500.000,5000.000,243.80,244.05,1558.000,4736.000,27500.000,17500.000,243.636,243.965,243.736,244.100,-0.100,-0.185
2017-04-10 10:46:00,243.645,243.884,275.000,1795.000,243.65,243.80,7500.000,5000.000,243.75,243.95,458.000,559.000,243.60,243.85,2500.000,10000.000,243.70,244.00,3378.000,7909.000,35000.000,27500.000,243.522,243.926,243.604,244.036,-0.125,-0.177
2017-04-10 10:47:00,243.672,243.900,40.000,2319.000,243.70,243.80,7500.000,5000.000,243.75,243.95,184.000,24.000,243.65,243.85,2500.000,7500.000,243.70,244.00,2683.000,7756.000,35000.000,25000.000,243.537,243.929,243.604,244.030,-0.100,-0.173
2017-04-10 10:48:00,243.702,243.821,190.000,532.000,243.70,243.75,5000.000,5000.000,243.75,243.90,184.000,1424.000,243.65,243.80,2500.000,5000.000,243.70,243.95,2361.000,4060.000,20000.000,22500.000,243.549,243.864,243.662,244.006,-0.100,-0.177
2017-04-10 10:49:00,243.723,243.905,360.000,491.000,243.65,243.75,5000.000,2500.000,243.75,243.90,402.000,1424.000,243.60,243.80,2500.000,5000.000,243.70,243.95,3918.000,3696.000,35000.000,17500.000,243.507,243.858,243.586,243.993,-0.125,-0.179
2017-04-10 10:50:00,243.700,243.858,487.000,11.000,243.65,243.70,5000.000,7500.000,243.70,243.90,98.000,88.000,243.60,243.75,7500.000,2500.000,243.65,243.95,2455.000,1948.000,35000.000,25000.000,243.516,243.818,243.571,243.980,-0.125,-0.166
2017-04-10 10:51:00,243.723,243.922,310.000,1387.000,243.70,243.75,7500.000,7500.000,243.75,243.95,677.000,86.000,243.65,243.80,7500.000,10000.000,243.70,244.00,2405.000,2908.000,42500.000,25000.000,243.581,243.847,243.609,244.015,-0.125,-0.159
2017-04-10 10:52:00,243.713,243.918,327.000,1261.000,243.70,243.75,5000.000,2500.000,243.75,243.90,280.000,146.000,243.65,243.80,7500.000,5000.000,243.70,243.95,2540.000,3622.000,42500.000,20000.000,243.557,243.864,243.594,244.006,-0.100,-0.132
2017-04-10 10:53:00,243.698,243.841,268.000,494.000,243.70,243.75,5000.000,2500.000,243.75,243.90,141.000,146.000,243.60,243.80,5000.000,5000.000,243.70,243.95,2954.000,3149.000,22500.000,17500.000,243.508,243.896,243.667,243.993,-0.100,-0.126
2017-04-10 10:54:00,243.701,243.892,106.000,306.000,243.70,243.75,5000.000,7500.000,243.70,243.90,131.000,146.000,243.60,243.80,10000.000,5000.000,243.65,243.95,3077.000,3135.000,37500.000,22500.000,243.503,243.899,243.577,243.983,-0.075,-0.104
2017-04-10 10:55:00,243.649,243.740,1110.000,12.000,243.50,243.65,5000.000,7500.000,243.65,243.80,1320.000,72.000,243.45,243.70,2500.000,2500.000,243.60,243.85,6372.000,2155.000,32500.000,30000.000,243.397,243.810,243.531,243.904,-0.150,-0.100
2017-04-10 10:56:00,243.602,243.766,1145.000,12.000,243.60,243.70,7500.000,5000.000,243.60,243.80,255.000,109.000,243.55,243.75,5000.000,2500.000,243.55,243.85,2570.000,3044.000,42500.000,27500.000,243.525,243.844,243.497,243.936,-0.050,-0.074
2017-04-10 10:57:00,243.669,243.740,826.000,96.000,243.65,243.75,7500.000,5000.000,243.60,243.80,50.000,136.000,243.60,243.80,5000.000,2500.000,243.55,243.85,2743.000,3110.000,37500.000,25000.000,243.531,243.908,243.497,243.905,-0.000,-0.078
2017-04-10 10:58:00,243.526,243.640,193.000,751.000,243.50,243.60,2500.000,2500.000,243.60,243.65,61.000,1033.000,243.45,243.65,12500.000,5000.000,243.50,243.70,3800.000,5714.000,37500.000,22500.000,243.353,243.721,243.450,243.767,-0.075,-0.064
2017-04-10 10:59:00,243.689,243.770,235.000,990.000,243.65,243.70,5000.000,5000.000,243.60,243.80,495.000,93.000,243.60,243.75,5000.000,2500.000,243.55,243.85,3714.000,2792.000,37500.000,20000.000,243.550,243.809,243.487,243.900,-0.025,-0.060
2017-04-10 11:00:00,243.696,243.767,236.000,984.000,243.65,243.70,7500.000,5000.000,243.60,243.80,98.000,93.000,243.60,243.75,5000.000,2500.000,243.55,243.85,2972.000,2482.000,42500.000,22500.000,243.528,243.804,243.485,243.911,-0.025,-0.060
2017-04-10 11:01:00,243.743,243.777,682.000,98.000,243.65,243.75,2500.000,5000.000,243.70,243.85,811.000,86.000,243.60,243.80,7500.000,2500.000,243.65,243.90,5538.000,2664.000,27500.000,27500.000,243.530,243.922,243.577,243.968,-0.075,-0.074
2017-04-10 11:02:00,243.708,243.800,839.000,114.000,243.65,243.75,2500.000,2500.000,243.70,243.85,811.000,86.000,243.60,243.80,7500.000,5000.000,243.65,243.90,4435.000,2680.000,27500.000,22500.000,243.554,243.921,243.577,243.961,-0.075,-0.071
2017-04-10 11:03:00,243.731,243.774,100.000,152.000,243.70,243.75,2500.000,2500.000,243.70,243.85,65.000,86.000,243.65,243.80,2500.000,5000.000,243.65,243.90,3270.000,2865.000,22500.000,25000.000,243.542,243.921,243.561,243.970,-0.050,-0.073
2017-04-10 11:04:00,243.700,243.760,5.000,45.000,243.65,243.75,2500.000,7500.000,243.60,243.80,324.000,1120.000,243.60,243.80,5000.000,5000.000,243.55,243.85,3631.000,4013.000,37500.000,25000.000,243.491,243.889,243.477,243.885,-0.000,-0.075
2017-04-10 11:05:00,243.740,243.812,163.000,386.000,243.75,243.80,5000.000,5000.000,243.70,243.90,3009.000,24.000,243.70,243.85,10000.000,7500.000,243.65,243.95,3882.000,3289.000,40000.000,35000.000,243.681,243.962,243.591,244.014,-0.025,-0.072
2017-04-10 11:06:00,243.833,243.936,376.000,200.000,244.00,244.05,7500.000,2500.000,243.85,244.00,460.000,704.000,243.90,244.10,10000.000,2500.000,243.80,244.05,1609.000,10725.000,30000.000,22500.000,243.872,244.214,243.779,244.106,0.100,-0.065
2017-04-10 11:07:00,243.988,244.063,1157.000,67.000,244.00,244.05,2500.000,2500.000,244.00,244.10,315.000,5.000,243.95,244.10,5000.000,2500.000,243.95,244.15,2980.000,2878.000,25000.000,22500.000,243.909,244.220,243.875,244.217,-0.025,-0.057
2017-04-10 11:08:00,244.041,244.095,220.000,28.000,244.05,244.10,5000.000,5000.000,244.00,244.15,2185.000,580.000,244.00,244.20,7500.000,5000.000,243.95,244.20,3220.000,4294.000,30000.000,25000.000,243.981,244.289,243.896,244.245,-0.000,-0.039
2017-04-10 11:09:00,244.339,244.408,775.000,1955.000,244.35,244.50,5000.000,5000.000,244.35,244.50,58.000,854.000,244.30,244.60,7500.000,12500.000,244.30,244.55,4893.000,12582.000,27500.000,32500.000,244.225,244.681,244.259,244.596,0.000,-0.025
2017-04-10 11:10:00,244.511,244.570,4460.000,30.000,244.50,244.60,10000.000,2500.000,244.50,244.65,50.000,229.000,244.45,244.65,7500.000,7500.000,244.45,244.70,5734.000,4391.000,30000.000,27500.000,244.464,244.752,244.417,244.745,-0.025,-0.016
2017-04-10 11:11:00,244.494,244.563,2478.000,94.000,244.60,244.65,5000.000,2500.000,244.55,244.60,676.000,1401.000,244.50,244.70,10000.000,2500.000,244.50,244.65,4093.000,9932.000,30000.000,27500.000,244.537,244.789,244.463,244.723,0.050,-0.030
2017-04-10 11:12:00,244.322,244.357,207.000,1409.000,244.30,244.40,7500.000,7500.000,244.30,244.50,395.000,50.000,244.20,244.45,2500.000,7500.000,244.25,244.55,1917.000,2875.000,20000.000,30000.000,244.138,244.483,244.225,244.588,-0.050,-0.033
2017-04-10 11:13:00,244.342,244.305,42.000,265.000,244.20,244.30,2500.000,2500.000,244.25,244.40,190.000,268.000,244.15,244.40,5000.000,7500.000,244.20,244.45,7580.000,4605.000,22500.000,27500.000,244.030,244.498,244.128,244.505,-0.075,-0.053
2017-04-10 11:14:00,244.250,244.250,291.000,50.000,244.05,244.20,2500.000,2500.000,244.15,244.30,1359.000,182.000,244.00,244.25,7500.000,7500.000,244.10,244.35,6049.000,1423.000,27500.000,20000.000,243.917,244.354,244.009,244.400,-0.100,-0.044
2017-04-10 11:15:00,244.269,244.281,200.000,172.000,244.10,244.15,5000.000,7500.000,244.20,244.35,451.000,50.000,244.05,244.20,2500.000,2500.000,244.15,244.40,5680.000,427.000,22500.000,22500.000,243.963,244.217,244.106,244.433,-0.150,-0.041
2017-04-10 11:16:00,244.142,244.281,390.000,631.000,244.05,244.30,5000.000,7500.000,244.20,244.35,2535.000,364.000,244.00,244.35,2500.000,5000.000,244.15,244.40,6926.000,7647.000,22500.000,22500.000,243.939,244.452,244.111,244.428,-0.100,-0.027
2017-04-10 11:17:00,244.136,244.188,108.000,676.000,244.10,244.25,5000.000,5000.000,244.10,244.30,1443.000,751.000,244.05,244.30,7500.000,7500.000,244.05,244.35,3882.000,5923.000,25000.000,25000.000,243.984,244.365,243.985,244.390,-0.025,-0.017
2017-04-10 11:18:00,244.080,244.143,141.000,457.000,244.10,244.15,5000.000,5000.000,244.05,244.20,56.000,1260.000,244.05,244.20,7500.000,5000.000,244.00,244.25,2284.000,4930.000,27500.000,22500.000,243.949,244.272,243.932,244.300,0.000,-0.033
2017-04-10 11:19:00,244.150,244.103,387.000,541.000,244.00,244.05,7500.000,7500.000,244.00,244.20,568.000,50.000,243.85,244.10,2500.000,2500.000,243.95,244.25,9985.000,2317.000,20000.000,20000.000,243.761,244.192,243.925,244.281,-0.075,-0.037
2017-04-10 11:20:00,244.072,244.072,1251.000,40.000,244.00,244.15,7500.000,7500.000,244.00,244.20,137.000,219.000,243.95,244.20,2500.000,5000.000,243.95,244.25,4028.000,3416.000,20000.000,25000.000,243.878,244.314,243.894,244.285,-0.025,-0.038
2017-04-10 11:21:00,244.042,244.107,9.000,40.000,244.05,244.15,5000.000,2500.000,244.05,244.20,864.000,377.000,244.00,244.25,12500.000,7500.000,244.00,244.25,1940.000,4069.000,27500.000,25000.000,243.940,244.335,243.941,244.315,-0.025,-0.036
2017-04-10 11:22:00,244.106,244.110,1589.000,178.000,244.00,244.25,10000.000,7500.000,244.05,244.25,221.000,946.000,243.95,244.30,10000.000,5000.000,244.00,244.30,4528.000,5117.000,30000.000,32500.000,243.889,244.369,243.954,244.373,-0.025,-0.044
2017-04-10 11:23:00,244.109,244.250,856.000,158.000,244.10,244.30,2500.000,2500.000,244.15,244.30,500.000,1271.000,244.05,244.35,10000.000,5000.000,244.10,244.35,4410.000,8031.000,30000.000,20000.000,244.001,244.451,244.042,244.412,-0.025,-0.044
2017-04-10 11:24:00,244.118,244.095,861.000,414.000,244.00,244.20,5000.000,10000.000,244.05,244.20,757.000,204.000,243.95,244.25,2500.000,7500.000,244.00,244.25,4236.000,3489.000,17500.000,30000.000,243.878,244.329,243.957,244.300,-0.025,-0.085
2017-04-10 11:25:00,244.063,244.067,896.000,78.000,244.00,244.15,5000.000,2500.000,244.00,244.15,27.000,688.000,243.95,244.20,10000.000,10000.000,243.95,244.20,3321.000,3632.000,25000.000,27500.000,243.863,244.291,243.900,244.250,-0.000,-0.100
2017-04-10 11:26:00,244.233,244.289,1211.000,65.000,244.15,244.30,7500.000,10000.000,244.20,244.40,817.000,109.000,244.10,244.35,7500.000,2500.000,244.15,244.45,6246.000,4551.000,27500.000,30000.000,244.032,244.471,244.118,244.488,-0.075,-0.102
2017-04-10 11:27:00,244.265,244.308,351.000,130.000,244.20,244.25,5000.000,7500.000,244.20,244.40,633.000,65.000,244.15,244.30,12500.000,5000.000,244.15,244.45,5264.000,3394.000,32500.000,30000.000,244.071,244.473,244.108,244.492,-0.075,-0.120
2017-04-10 11:28:00,244.530,244.670,1257.000,500.000,244.55,244.65,12500.000,5000.000,244.55,244.75,648.000,502.000,244.50,244.70,10000.000,7500.000,244.50,244.80,3097.000,4615.000,32500.000,22500.000,244.490,244.791,244.488,244.833,-0.050,-0.110
2017-04-10 11:29:00,244.168,244.352,2044.000,1045.000,244.10,244.20,2500.000,2500.000,244.20,244.35,922.000,50.000,244.05,244.30,7500.000,2500.000,244.15,244.40,5839.000,3969.000,32500.000,17500.000,244.031,244.365,244.077,244.464,-0.125,-0.101
2017-04-10 11:30:00,244.241,244.316,562.000,90.000,244.20,244.35,15000.000,7500.000,244.20,244.40,110.000,639.000,244.15,244.40,7500.000,2500.000,244.15,244.45,3756.000,5320.000,35000.000,27500.000,244.046,244.495,244.129,244.518,-0.025,-0.120
2017-04-10 11:31:00,244.188,244.258,82.000,120.000,244.10,244.20,5000.000,2500.000,244.20,244.30,1855.000,407.000,244.05,244.25,2500.000,5000.000,244.10,244.35,5937.000,2935.000,27500.000,20000.000,243.999,244.340,244.050,244.406,-0.100,-0.138
2017-04-10 11:32:00,243.999,244.128,423.000,2.000,244.00,244.10,7500.000,7500.000,244.05,244.25,189.000,30.000,243.95,244.15,5000.000,5000.000,244.00,244.30,1773.000,3312.000,20000.000,25000.000,243.885,244.216,243.981,244.335,-0.100,-0.142
2017-04-10 11:33:00,243.944,244.034,3.000,15.000,243.90,244.00,5000.000,5000.000,244.00,244.15,1239.000,104.000,243.85,244.05,2500.000,5000.000,243.95,244.20,4850.000,4113.000,15000.000,25000.000,243.764,244.182,243.917,244.235,-0.125,-0.137
2017-04-10 11:34:00,244.080,244.221,1490.000,120.000,244.05,244.15,7500.000,5000.000,244.10,244.30,118.000,2552.000,244.00,244.20,2500.000,5000.000,244.05,244.35,2873.000,3785.000,27500.000,20000.000,243.971,244.232,243.986,244.381,-0.100,-0.137
2017-04-10 11:35:00,244.025,244.197,1456.000,107.000,244.05,244.10,2500.000,5000.000,244.10,244.25,115.000,80.000,244.00,244.15,5000.000,2500.000,244.05,244.30,2627.000,4211.000,22500.000,17500.000,243.972,244.220,244.000,244.336,-0.100,-0.134
2017-04-10 11:36:00,244.037,244.197,92.000,80.000,244.10,244.15,2500.000,2500.000,244.10,244.25,1511.000,2891.000,244.05,244.20,7500.000,5000.000,244.05,244.30,1865.000,6045.000,27500.000,20000.000,244.040,244.267,244.005,244.356,-0.050,-0.130
2017-04-10 11:37:00,244.103,244.248,100.000,2300.000,244.10,244.20,2500.000,2500.000,244.15,244.30,1433.000,568.000,244.05,244.25,7500.000,7500.000,244.10,244.35,2039.000,4744.000,27500.000,22500.000,244.031,244.269,244.041,244.389,-0.075,-0.147
2017-04-10 11:38:00,244.231,244.300,95.000,59.000,244.15,244.25,2500.000,5000.000,244.25,244.40,1271.000,300.000,244.10,244.30,5000.000,2500.000,244.20,244.45,4937.000,2918.000,17500.000,22500.000,244.028,244.408,244.157,244.533,-0.125,-0.168
2017-04-10 11:39:00,244.230,244.371,621.000,44.000,244.15,244.25,5000.000,2500.000,244.30,244.45,1106.000,300.000,244.10,244.30,2500.000,5000.000,244.25,244.50,7034.000,5149.000,20000.000,22500.000,244.029,244.461,244.181,244.606,-0.175,-0.168
2017-04-10 11:40:00,244.424,244.578,14.000,467.000,244.45,244.60,7500.000,5000.000,244.50,244.70,5.000,1401.000,244.40,244.65,2500.000,7500.000,244.45,244.75,2450.000,8261.000,17500.000,22500.000,244.275,244.730,244.421,244.789,-0.075,-0.171
2017-04-10 11:41:00,244.247,244.390,888.000,447.000,244.15,244.35,2500.000,2500.000,244.35,244.45,735.000,639.000,244.10,244.40,5000.000,2500.000,244.25,244.50,5956.000,5455.000,20000.000,17500.000,244.038,244.488,244.194,244.550,-0.150,-0.169
2017-04-10 11:42:00,244.340,244.567,36.000,385.000,244.30,244.50,5000.000,5000.000,244.50,244.70,344.000,60.000,244.25,244.55,7500.000,7500.000,244.45,244.75,2882.000,4548.000,22500.000,27500.000,244.162,244.649,244.400,244.800,-0.200,-0.160
2017-04-10 11:43:00,244.290,244.464,20.000,104.000,244.35,244.40,7500.000,5000.000,244.35,244.55,400.000,519.000,244.30,244.45,2500.000,5000.000,244.30,244.60,1340.000,3201.000,25000.000,20000.000,244.168,244.527,244.230,244.656,-0.075,-0.162
2017-04-10 11:44:00,244.278,244.418,30.000,446.000,244.20,244.35,2500.000,5000.000,244.35,244.50,60.000,639.000,244.15,244.40,7500.000,2500.000,244.25,244.55,5587.000,6714.000,17500.000,17500.000,244.019,244.483,244.221,244.636,-0.150,-0.165
2017-04-10 11:45:00,244.078,244.250,121.000,365.000,244.05,244.20,2500.000,2500.000,244.15,244.30,1141.000,471.000,244.00,244.25,5000.000,5000.000,244.10,244.35,2969.000,4434.000,22500.000,17500.000,243.927,244.337,244.039,244.407,-0.100,-0.161
2017-04-10 11:46:00,244.136,244.266,172.000,1076.000,244.20,244.30,2500.000,2500.000,244.25,244.40,558.000,464.000,244.15,244.35,2500.000,7500.000,244.20,244.45,1954.000,8255.000,15000.000,32500.000,244.065,244.435,244.150,244.585,-0.075,-0.159
2017-04-10 11:47:00,244.282,244.466,514.000,490.000,244.30,244.40,2500.000,5000.000,244.35,244.50,613.000,1236.000,244.20,244.45,7500.000,2500.000,244.30,244.55,3596.000,6215.000,30000.000,17500.000,244.135,244.511,244.225,244.600,-0.075,-0.156
2017-04-10 11:48:00,244.359,244.544,1030.000,265.000,244.40,244.45,7500.000,2500.000,244.45,244.65,60.000,491.000,244.35,244.50,7500.000,2500.000,244.40,244.70,2372.000,3901.000,25000.000,20000.000,244.305,244.604,244.370,244.756,-0.125,-0.136
2017-04-10 11:49:00,244.282,244.435,200.000,651.000,244.25,244.45,7500.000,5000.000,244.35,244.55,555.000,434.000,244.20,244.50,5000.000,5000.000,244.30,244.60,3761.000,6774.000,25000.000,25000.000,244.113,244.587,244.245,244.645,-0.100,-0.122
2017-04-10 11:50:00,244.312,244.463,804.000,363.000,244.30,244.35,2500.000,2500.000,244.35,244.50,206.000,414.000,244.25,244.45,7500.000,5000.000,244.30,244.55,3197.000,4011.000,27500.000,20000.000,244.186,244.536,244.250,244.637,-0.100,-0.114
2017-04-10 11:51:00,244.286,244.409,532.000,38.000,244.20,244.30,2500.000,5000.000,244.35,244.45,482.000,354.000,244.15,244.35,2500.000,7500.000,244.30,244.50,7777.000,5202.000,20000.000,22500.000,244.048,244.462,244.238,244.561,-0.150,-0.099
2017-04-10 11:52:00,244.200,244.365,492.000,73.000,244.25,244.30,2500.000,2500.000,244.25,244.40,130.000,231.000,244.20,244.35,7500.000,5000.000,244.20,244.45,3201.000,6685.000,25000.000,17500.000,244.129,244.456,244.155,244.507,-0.050,-0.074
2017-04-10 11:53:00,244.267,244.353,1203.000,384.000,244.25,244.35,7500.000,2500.000,244.25,244.40,136.000,839.000,244.20,244.40,5000.000,7500.000,244.20,244.45,4672.000,5570.000,27500.000,20000.000,244.148,244.488,244.159,244.488,-0.025,-0.068
2017-04-10 11:54:00,243.875,243.961,179.000,25.000,243.90,243.95,2500.000,2500.000,243.90,244.05,836.000,98.000,243.85,244.00,5000.000,7500.000,243.85,244.10,2668.000,3356.000,15000.000,20000.000,243.786,244.126,243.808,244.150,-0.050,-0.070
2017-04-10 11:55:00,243.980,244.091,160.000,556.000,244.00,244.10,7500.000,10000.000,244.00,244.20,61.000,567.000,243.95,244.15,2500.000,2500.000,243.95,244.25,2021.000,4971.000,20000.000,22500.000,243.853,244.229,243.919,244.267,-0.050,-0.066
2017-04-10 11:56:00,243.998,244.045,319.000,20.000,244.00,244.05,5000.000,10000.000,244.00,244.20,110.000,50.000,243.95,244.10,2500.000,5000.000,243.95,244.25,2229.000,2459.000,17500.000,32500.000,243.864,244.222,243.907,244.281,-0.075,-0.058
2017-04-10 11:57:00,244.165,244.205,345.000,57.000,244.20,244.30,2500.000,2500.000,244.15,244.30,50.000,2991.000,244.15,244.35,10000.000,5000.000,244.10,244.35,3437.000,10012.000,25000.000,25000.000,244.041,244.436,244.045,244.420,0.025,-0.052
2017-04-10 11:58:00,244.084,244.142,195.000,639.000,244.20,244.30,7500.000,7500.000,244.10,244.30,96.000,1659.000,244.10,244.35,5000.000,2500.000,244.05,244.35,1138.000,6645.000,20000.000,25000.000,244.050,244.426,244.006,244.400,0.050,-0.052
2017-04-10 11:59:00,244.031,244.127,36.000,260.000,244.10,244.15,5000.000,2500.000,244.05,244.20,185.000,657.000,244.00,244.20,7500.000,5000.000,244.00,244.25,2033.000,4474.000,20000.000,17500.000,243.906,244.291,243.975,244.293,0.000,-0.057
2017-04-10 12:00:00,244.063,244.153,98.000,200.000,244.10,244.15,7500.000,7500.000,244.05,244.25,562.000,160.000,244.05,244.20,5000.000,2500.000,244.00,244.30,2509.000,4152.000,20000.000,17500.000,243.979,244.312,243.969,244.321,-0.025,-0.086
2017-04-10 12:01:00,243.985,243.992,116.000,246.000,244.00,244.05,12500.000,2500.000,243.90,244.10,523.000,252.000,243.90,244.10,5000.000,7500.000,243.85,244.15,3819.000,4156.000,25000.000,22500.000,243.806,244.211,243.845,244.211,0.025,-0.115
2017-04-10 12:02:00,244.052,244.062,70.000,455.000,243.95,244.00,2500.000,2500.000,243.95,244.10,138.000,245.000,243.90,244.05,10000.000,5000.000,243.90,244.15,4776.000,2134.000,25000.000,17500.000,243.796,244.126,243.845,244.214,-0.050,-0.128
2017-04-10 12:03:00,243.965,244.022,53.000,267.000,243.95,244.00,7500.000,5000.000,243.90,244.10,78.000,45.000,243.90,244.05,5000.000,2500.000,243.85,244.15,1403.000,1585.000,22500.000,17500.000,243.802,244.148,243.800,244.207,-0.025,-0.136
2017-04-10 12:04:00,243.983,244.105,230.000,45.000,244.00,244.05,5000.000,2500.000,244.00,244.15,73.000,104.000,243.95,244.10,7500.000,7500.000,243.95,244.20,2199.000,2945.000,30000.000,22500.000,243.853,244.227,243.896,244.244,-0.050,-0.127
2017-04-10 12:05:00,243.975,244.208,222.000,160.000,244.05,244.15,5000.000,5000.000,244.05,244.25,230.000,254.000,244.00,244.20,5000.000,5000.000,244.00,244.30,783.000,3361.000,27500.000,17500.000,243.968,244.285,243.941,244.329,-0.050,-0.096
2017-04-10 12:06:00,243.945,244.100,105.000,526.000,244.00,244.10,2500.000,5000.000,244.00,244.15,18.000,578.000,243.95,244.15,7500.000,7500.000,243.95,244.20,1947.000,8640.000,25000.000,22500.000,243.832,244.228,243.885,244.233,-0.025,-0.085
2017-04-10 12:07:00,243.993,244.068,201.000,639.000,243.95,244.00,2500.000,2500.000,244.00,244.10,17.000,163.000,243.90,244.05,2500.000,5000.000,243.95,244.15,3476.000,3767.000,22500.000,20000.000,243.786,244.114,243.894,244.213,-0.075,-0.092
2017-04-10 12:08:00,243.950,244.047,42.000,538.000,243.95,244.00,5000.000,5000.000,243.90,244.10,1701.000,60.000,243.90,244.05,5000.000,5000.000,243.85,244.15,2969.000,3915.000,25000.000,20000.000,243.855,244.110,243.765,244.194,-0.025,-0.081
2017-04-10 12:09:00,243.840,243.918,329.000,3.000,243.85,243.90,2500.000,2500.000,243.85,244.00,630.000,447.000,243.80,243.95,2500.000,12500.000,243.80,244.05,3004.000,4789.000,17500.000,25000.000,243.738,244.018,243.721,244.080,-0.050,-0.087
2017-04-10 12:10:00,243.854,243.932,249.000,3.000,243.85,243.90,5000.000,7500.000,243.85,244.00,581.000,665.000,243.80,243.95,2500.000,10000.000,243.80,244.05,2850.000,4019.000,20000.000,27500.000,243.722,244.019,243.738,244.077,-0.050,-0.097
2017-04-10 12:11:00,243.797,243.898,66.000,665.000,243.80,243.95,2500.000,2500.000,243.85,243.95,122.000,2435.000,243.75,244.00,5000.000,10000.000,243.80,244.00,2560.000,6832.000,22500.000,27500.000,243.662,244.062,243.733,244.041,-0.025,-0.095
2017-04-10 12:12:00,243.802,243.910,190.000,3.000,243.85,243.90,5000.000,7500.000,243.80,244.00,89.000,100.000,243.80,243.95,5000.000,7500.000,243.75,244.05,1914.000,6121.000,25000.000,25000.000,243.712,244.022,243.700,244.070,-0.025,-0.085
2017-04-10 12:13:00,243.774,243.819,1050.000,3.000,243.70,243.75,7500.000,2500.000,243.70,243.75,1.000,639.000,243.65,243.80,7500.000,2500.000,243.65,243.85,3873.000,2270.000,42500.000,17500.000,243.566,243.863,243.576,243.907,0.000,-0.112
2017-04-10 12:14:00,243.762,243.866,294.000,701.000,243.85,243.95,7500.000,2500.000,243.80,243.90,394.000,3231.000,243.75,244.00,5000.000,5000.000,243.75,244.00,2971.000,10895.000,25000.000,22500.000,243.684,244.075,243.720,244.044,0.050,-0.114
2017-04-10 12:15:00,243.751,243.878,573.000,3.000,243.75,243.80,5000.000,2500.000,243.75,243.90,1093.000,437.000,243.70,243.90,5000.000,5000.000,243.70,243.95,3882.000,4950.000,45000.000,27500.000,243.651,243.998,243.581,244.014,-0.050,-0.108
2017-04-10 12:16:00,243.690,243.780,420.000,16.000,243.75,243.80,2500.000,7500.000,243.75,243.85,1084.000,50.000,243.70,243.85,2500.000,7500.000,243.70,243.90,3138.000,5382.000,22500.000,32500.000,243.647,243.984,243.628,243.954,-0.025,-0.103
2017-04-10 12:17:00,243.619,243.677,130.000,3.000,243.55,243.60,2500.000,7500.000,243.55,243.75,1203.000,60.000,243.50,243.70,20000.000,5000.000,243.50,243.80,3380.000,1855.000,37500.000,27500.000,243.444,243.826,243.463,243.841,-0.075,-0.112
2017-04-10 12:18:00,243.535,243.717,60.000,3.000,243.55,243.60,2500.000,7500.000,243.60,243.75,637.000,747.000,243.50,243.70,2500.000,5000.000,243.55,243.80,2379.000,3912.000,37500.000,27500.000,243.427,243.809,243.480,243.841,-0.100,-0.104
2017-04-10 12:19:00,243.347,243.458,166.000,3.000,243.30,243.40,10000.000,7500.000,243.35,243.50,291.000,50.000,243.25,243.50,7500.000,2500.000,243.30,243.55,2777.000,2670.000,37500.000,22500.000,243.182,243.629,243.223,243.583,-0.075,-0.122
2017-04-10 12:20:00,243.447,243.546,592.000,5.000,243.35,243.45,5000.000,2500.000,243.45,243.60,1041.000,630.000,243.30,243.50,5000.000,5000.000,243.40,243.65,5615.000,2481.000,32500.000,25000.000,243.243,243.601,243.346,243.735,-0.125,-0.123
2017-04-10 12:21:00,243.462,243.526,197.000,3.000,243.35,243.40,2500.000,2500.000,243.45,243.60,999.000,70.000,243.30,243.45,7500.000,5000.000,243.40,243.65,3852.000,913.000,27500.000,25000.000,243.230,243.535,243.350,243.735,-0.150,-0.137
2017-04-10 12:22:00,243.391,243.493,51.000,3.000,243.35,243.40,5000.000,5000.000,243.40,243.55,756.000,2.000,243.30,243.45,7500.000,7500.000,243.35,243.60,3056.000,2170.000,32500.000,25000.000,243.220,243.555,243.285,243.640,-0.100,-0.156
2017-04-10 12:23:00,243.470,243.615,1802.000,3.000,243.40,243.45,5000.000,7500.000,243.50,243.70,245.000,355.000,243.35,243.50,5000.000,7500.000,243.45,243.75,6604.000,4232.000,30000.000,27500.000,243.293,243.714,243.400,243.786,-0.175,-0.159
2017-04-10 12:24:00,243.337,243.535,810.000,3.000,243.30,243.35,5000.000,5000.000,243.40,243.55,262.000,60.000,243.25,243.45,7500.000,5000.000,243.35,243.60,3028.000,2513.000,40000.000,20000.000,243.184,243.563,243.262,243.644,-0.150,-0.133
2017-04-10 12:25:00,243.487,243.592,34.000,3.000,243.45,243.50,7500.000,5000.000,243.45,243.65,122.000,60.000,243.40,243.55,10000.000,5000.000,243.40,243.70,1871.000,1675.000,35000.000,25000.000,243.305,243.640,243.361,243.755,-0.075,-0.128
2017-04-10 12:26:00,243.445,243.578,554.000,32.000,243.35,243.45,2500.000,5000.000,243.45,243.65,1196.000,314.000,243.30,243.55,12500.000,5000.000,243.40,243.70,4758.000,3221.000,32500.000,25000.000,243.236,243.644,243.350,243.745,-0.150,-0.116
2017-04-10 12:27:00,243.350,243.548,42.000,32.000,243.35,243.45,12500.000,5000.000,243.40,243.60,1356.000,386.000,243.30,243.55,5000.000,2500.000,243.35,243.65,2239.000,3955.000,40000.000,22500.000,243.262,243.634,243.303,243.717,-0.100,-0.096
2017-04-10 12:28:00,243.509,243.670,6.000,25.000,243.55,243.60,7500.000,7500.000,243.55,243.75,386.000,110.000,243.50,243.70,7500.000,2500.000,243.50,243.80,1767.000,4868.000,27500.000,22500.000,243.415,243.791,243.468,243.828,-0.075,-0.100
2017-04-10 12:29:00,243.616,243.683,1045.000,2.000,243.50,243.55,7500.000,5000.000,243.60,243.80,511.000,3.000,243.45,243.60,5000.000,2500.000,243.55,243.85,4539.000,1354.000,32500.000,27500.000,243.376,243.786,243.462,243.927,-0.175,-0.117
2017-04-10 12:30:00,243.538,243.618,534.000,2.000,243.50,243.55,5000.000,7500.000,243.55,243.75,420.000,3.000,243.45,243.60,2500.000,2500.000,243.50,243.80,2994.000,2547.000,20000.000,27500.000,243.382,243.754,243.456,243.859,-0.125,-0.108
2017-04-10 12:31:00,243.556,243.631,32.000,2.000,243.50,243.55,10000.000,7500.000,243.55,243.75,416.000,3.000,243.45,243.60,2500.000,2500.000,243.50,243.80,3111.000,2763.000,25000.000,27500.000,243.352,243.751,243.475,243.859,-0.125,-0.100
2017-04-10 12:32:00,243.595,243.690,73.000,3.000,243.65,243.70,5000.000,5000.000,243.70,243.85,65.000,60.000,243.60,243.75,7500.000,5000.000,243.65,243.90,1507.000,3306.000,22500.000,42500.000,243.526,243.859,243.617,244.015,-0.100,-0.130
2017-04-10 12:33:00,243.731,243.916,415.000,2.000,243.70,243.75,12500.000,5000.000,243.80,244.00,958.000,3.000,243.65,243.80,7500.000,2500.000,243.75,244.05,5908.000,5361.000,32500.000,22500.000,243.560,243.987,243.723,244.100,-0.175,-0.114
2017-04-10 12:34:00,243.793,243.945,248.000,3.000,243.85,243.90,12500.000,2500.000,243.85,244.00,96.000,488.000,243.80,243.95,5000.000,2500.000,243.80,244.05,1508.000,5458.000,32500.000,20000.000,243.699,244.019,243.777,244.113,-0.050,-0.111
2017-04-10 12:35:00,243.919,243.950,73.000,2.000,243.80,243.85,5000.000,5000.000,243.90,244.05,160.000,459.000,243.75,243.90,2500.000,5000.000,243.85,244.10,2452.000,980.000,20000.000,25000.000,243.644,243.950,243.800,244.160,-0.150,-0.169
2017-04-10 12:36:00,243.820,243.857,105.000,2.000,243.65,243.70,5000.000,2500.000,243.80,243.95,907.000,3.000,243.60,243.75,2500.000,7500.000,243.75,244.00,4373.000,572.000,17500.000,20000.000,243.524,243.917,243.714,244.050,-0.200,-0.224
2017-04-10 12:37:00,243.442,243.686,62.000,3.000,243.50,243.55,7500.000,2500.000,243.55,243.75,13.000,113.000,243.45,243.60,15000.000,2500.000,243.50,243.80,1611.000,3545.000,35000.000,17500.000,243.334,243.733,243.475,243.871,-0.125,-0.223
2017-04-10 12:38:00,243.634,243.739,87.000,100.000,243.50,243.55,7500.000,5000.000,243.60,243.80,127.000,130.000,243.45,243.60,15000.000,2500.000,243.55,243.85,2351.000,716.000,37500.000,20000.000,243.334,243.684,243.517,243.894,-0.175,-0.264
2017-04-10 12:39:00,243.569,243.709,422.000,3.000,243.40,243.45,7500.000,2500.000,243.60,243.75,416.000,20.000,243.35,243.50,12500.000,5000.000,243.55,243.80,6779.000,620.000,35000.000,20000.000,243.277,243.664,243.514,243.863,-0.250,-0.293
2017-04-10 12:40:00,243.403,243.724,336.000,32.000,243.35,243.40,5000.000,5000.000,243.60,243.75,2016.000,476.000,243.30,243.60,7500.000,2500.000,243.55,243.80,6869.000,7167.000,32500.000,20000.000,243.260,243.716,243.496,243.869,-0.300,-0.277
2017-04-10 12:41:00,243.458,243.768,130.000,2.000,243.45,243.50,12500.000,5000.000,243.60,243.80,72.000,3.000,243.40,243.55,5000.000,2500.000,243.55,243.85,3296.000,3929.000,32500.000,17500.000,243.299,243.742,243.512,243.914,-0.225,-0.264
2017-04-10 12:42:00,243.539,243.778,54.000,60.000,243.55,243.65,2500.000,2500.000,243.75,243.90,114.000,452.000,243.50,243.70,7500.000,2500.000,243.70,243.95,2360.000,4600.000,27500.000,30000.000,243.420,243.786,243.641,244.033,-0.225,-0.267
2017-04-10 12:43:00,243.544,243.855,200.000,35.000,243.65,243.70,2500.000,2500.000,243.75,243.90,461.000,281.000,243.60,243.75,5000.000,2500.000,243.70,243.95,2077.000,5690.000,27500.000,22500.000,243.490,243.862,243.618,244.022,-0.150,-0.253
2017-04-10 12:44:00,243.556,243.839,140.000,3.000,243.65,243.70,2500.000,5000.000,243.75,243.90,30.000,240.000,243.60,243.75,10000.000,5000.000,243.70,243.95,1744.000,3758.000,27500.000,27500.000,243.463,243.879,243.627,244.005,-0.150,-0.240
2017-04-10 12:45:00,243.611,243.855,194.000,3.000,243.65,243.70,5000.000,5000.000,243.75,243.95,246.000,30.000,243.55,243.75,7500.000,12500.000,243.70,244.00,2724.000,2964.000,27500.000,27500.000,243.472,243.892,243.636,244.027,-0.175,-0.260
2017-04-10 12:46:00,243.607,243.852,9.000,3.000,243.60,243.65,10000.000,5000.000,243.70,243.90,110.000,140.000,243.55,243.75,5000.000,2500.000,243.65,243.95,2096.000,3030.000,40000.000,27500.000,243.427,243.878,243.534,244.009,-0.175,-0.253
2017-04-10 12:47:00,243.555,243.808,752.000,2.000,243.50,243.55,2500.000,5000.000,243.75,243.90,613.000,3.000,243.45,243.60,2500.000,5000.000,243.70,243.95,3867.000,2712.000,17500.000,27500.000,243.393,243.832,243.600,243.995,-0.300,-0.262
2017-04-10 12:48:00,243.451,243.694,4.000,3.000,243.40,243.45,2500.000,5000.000,243.60,243.75,24.000,63.000,243.35,243.50,5000.000,7500.000,243.55,243.80,3242.000,2158.000,22500.000,22500.000,243.256,243.614,243.472,243.839,-0.250,-0.256
2017-04-10 12:49:00,243.462,243.675,530.000,3.000,243.35,243.40,7500.000,5000.000,243.60,243.80,1546.000,2.000,243.30,243.50,10000.000,2500.000,243.55,243.85,5169.000,1353.000,37500.000,37500.000,243.256,243.632,243.510,243.940,-0.325,-0.249
2017-04-10 12:50:00,243.344,243.690,701.000,3.000,243.30,243.35,2500.000,5000.000,243.60,243.75,1637.000,60.000,243.25,243.45,10000.000,5000.000,243.55,243.80,4312.000,2946.000,27500.000,22500.000,243.210,243.558,243.505,243.850,-0.350,-0.219
2017-04-10 12:51:00,243.273,243.483,5.000,3.000,243.30,243.35,2500.000,5000.000,243.45,243.65,1260.000,948.000,243.25,243.45,7500.000,5000.000,243.40,243.70,1860.000,4041.000,20000.000,32500.000,243.210,243.527,243.356,243.777,-0.225,-0.223
2017-04-10 12:52:00,243.205,243.502,710.000,3.000,243.25,243.30,2500.000,5000.000,243.45,243.65,69.000,507.000,243.20,243.40,5000.000,5000.000,243.40,243.70,1851.000,3558.000,20000.000,30000.000,243.164,243.505,243.350,243.762,-0.275,-0.211
2017-04-10 12:53:00,243.137,243.350,7608.000,396.000,243.00,243.10,7500.000,5000.000,243.20,243.40,141.000,63.000,242.90,243.15,5000.000,7500.000,243.15,243.45,13375.000,1898.000,32500.000,22500.000,242.900,243.215,243.088,243.483,-0.250,-0.201
2017-04-10 12:54:00,243.237,243.417,1140.000,3.000,243.10,243.15,5000.000,5000.000,243.30,243.50,307.000,60.000,243.05,243.25,7500.000,7500.000,243.25,243.55,9905.000,1749.000,32500.000,25000.000,243.003,243.368,243.185,243.600,-0.275,-0.203
2017-04-10 12:55:00,243.159,243.355,252.000,284.000,243.10,243.15,12500.000,7500.000,243.20,243.40,1313.000,300.000,243.05,243.20,2500.000,2500.000,243.15,243.45,9108.000,3713.000,35000.000,20000.000,243.006,243.300,243.107,243.488,-0.175,-0.205
2017-04-10 12:56:00,243.112,243.342,164.000,2.000,243.05,243.10,2500.000,5000.000,243.20,243.35,6794.000,162.000,243.00,243.15,2500.000,7500.000,243.15,243.40,7460.000,1608.000,25000.000,20000.000,242.994,243.243,243.075,243.444,-0.200,-0.194
2017-04-10 12:57:00,243.074,243.311,6002.000,3.000,243.00,243.05,2500.000,5000.000,243.20,243.35,338.000,755.000,242.95,243.15,7500.000,7500.000,243.15,243.40,8355.000,1636.000,30000.000,25000.000,242.955,243.203,243.071,243.440,-0.250,-0.177
2017-04-10 12:58:00,243.135,243.296,133.000,5.000,243.05,243.10,5000.000,5000.000,243.20,243.35,5742.000,255.000,243.00,243.15,5000.000,7500.000,243.15,243.40,7611.000,1463.000,30000.000,27500.000,242.974,243.232,243.079,243.445,-0.200,-0.172
2017-04-10 12:59:00,243.118,243.307,106.000,5.000,243.05,243.10,5000.000,2500.000,243.20,243.35,5318.000,255.000,243.00,243.15,5000.000,5000.000,243.15,243.40,7197.000,2023.000,30000.000,22500.000,242.971,243.246,243.079,243.461,-0.200,-0.167
2017-04-10 13:00:00,243.090,243.298,292.000,3.000,243.05,243.10,5000.000,7500.000,243.15,243.35,4783.000,255.000,243.00,243.15,5000.000,5000.000,243.10,243.40,5707.000,2121.000,35000.000,25000.000,242.990,243.248,243.021,243.435,-0.175,-0.140
2017-04-10 13:01:00,243.053,243.230,5324.000,3.000,243.00,243.05,7500.000,5000.000,243.10,243.30,250.000,60.000,242.95,243.10,5000.000,10000.000,243.05,243.35,6838.000,1072.000,35000.000,27500.000,242.965,243.201,243.004,243.382,-0.175,-0.121
2017-04-10 13:02:00,243.088,243.237,263.000,62.000,243.05,243.15,5000.000,5000.000,243.10,243.30,4361.000,300.000,243.00,243.20,5000.000,10000.000,243.05,243.35,5166.000,3318.000,37500.000,27500.000,242.994,243.297,242.997,243.391,-0.100,-0.100
2017-04-10 13:03:00,243.101,243.238,273.000,3.000,243.05,243.10,7500.000,7500.000,243.10,243.30,4261.000,1.000,243.00,243.15,10000.000,10000.000,243.05,243.35,4717.000,1039.000,42500.000,32500.000,242.999,243.279,243.009,243.388,-0.125,-0.093
2017-04-10 13:04:00,243.071,243.236,302.000,3.000,243.05,243.10,7500.000,5000.000,243.10,243.30,4612.000,1.000,243.00,243.15,7500.000,10000.000,243.05,243.35,5331.000,2506.000,40000.000,30000.000,242.995,243.316,243.006,243.412,-0.125,-0.109
2017-04-10 13:05:00,243.273,243.342,21.000,3.000,243.15,243.20,2500.000,5000.000,243.30,243.35,241.000,110.000,243.10,243.30,10000.000,2500.000,243.20,243.45,10438.000,4494.000,30000.000,30000.000,243.004,243.412,243.137,243.504,-0.150,-0.156
2017-04-10 13:06:00,243.230,243.315,174.000,63.000,243.20,243.25,5000.000,7500.000,243.15,243.35,22.000,150.000,243.15,243.30,10000.000,2500.000,243.10,243.40,3873.000,4074.000,50000.000,27500.000,243.019,243.410,243.015,243.455,-0.025,-0.196
2017-04-10 13:07:00,243.277,243.321,195.000,2.000,243.15,243.20,2500.000,12500.000,243.20,243.40,196.000,3.000,243.10,243.25,2500.000,5000.000,243.15,243.45,6228.000,2339.000,30000.000,35000.000,243.005,243.477,243.075,243.471,-0.125,-0.250
2017-04-10 13:08:00,243.045,243.150,166.000,3.000,242.90,242.95,7500.000,2500.000,243.05,243.20,614.000,452.000,242.85,243.00,17500.000,5000.000,243.00,243.25,6077.000,1765.000,35000.000,20000.000,242.770,243.114,242.979,243.312,-0.200,-0.305
2017-04-10 13:09:00,242.937,243.181,557.000,3.000,243.00,243.05,5000.000,5000.000,243.05,243.25,64.000,455.000,242.95,243.10,15000.000,2500.000,243.00,243.30,2326.000,5658.000,32500.000,20000.000,242.882,243.208,242.962,243.350,-0.125,-0.319
2017-04-10 13:10:00,243.038,243.343,1719.000,3.000,243.00,243.05,5000.000,5000.000,243.30,243.45,1505.000,126.000,242.95,243.10,2500.000,7500.000,243.25,243.50,4635.000,2124.000,20000.000,30000.000,242.934,243.183,243.213,243.537,-0.350,-0.339
2017-04-10 13:11:00,242.927,243.210,8.000,3.000,242.90,242.95,2500.000,7500.000,243.10,243.30,105.000,700.000,242.85,243.00,10000.000,2500.000,243.05,243.35,1108.000,1431.000,35000.000,25000.000,242.761,243.048,242.979,243.410,-0.275,-0.375
2017-04-10 13:12:00,242.854,243.166,1200.000,3.000,242.80,242.85,2500.000,2500.000,243.05,243.20,108.000,602.000,242.75,242.95,15000.000,5000.000,243.00,243.25,3407.000,2607.000,35000.000,20000.000,242.704,243.008,242.961,243.319,-0.300,-0.408
2017-04-10 13:13:00,242.792,243.174,524.000,3.000,242.80,242.85,10000.000,5000.000,243.05,243.25,412.000,315.000,242.75,242.95,17500.000,5000.000,243.00,243.30,2696.000,4992.000,37500.000,25000.000,242.679,243.063,242.987,243.370,-0.325,-0.416
2017-04-10 13:14:00,242.852,243.165,1907.000,3.000,242.85,242.90,12500.000,5000.000,243.05,243.25,328.000,160.000,242.80,242.95,15000.000,2500.000,243.00,243.30,4007.000,3674.000,35000.000,22500.000,242.752,243.028,242.996,243.350,-0.275,-0.436
2017-04-10 13:15:00,242.465,242.872,1231.000,72.000,242.50,242.55,5000.000,5000.000,242.80,242.95,321.000,1300.000,242.45,242.60,10000.000,10000.000,242.75,243.00,3030.000,4818.000,27500.000,30000.000,242.404,242.700,242.718,243.054,-0.350,-0.436
2017-04-10 13:16:00,242.449,242.911,147.000,3.000,242.35,242.40,2500.000,2500.000,242.80,242.95,620.000,656.000,242.30,242.45,5000.000,2500.000,242.75,243.00,5019.000,2196.000,27500.000,17500.000,242.192,242.551,242.695,243.050,-0.500,-0.456
2017-04-10 13:17:00,242.454,242.933,583.000,3.000,242.35,242.40,5000.000,5000.000,242.85,243.00,1776.000,272.000,242.30,242.50,7500.000,5000.000,242.80,243.05,10515.000,4960.000,27500.000,22500.000,242.223,242.600,242.759,243.094,-0.550,-0.456
2017-04-10 13:18:00,242.513,242.931,98.000,3.000,242.40,242.45,5000.000,5000.000,242.85,243.00,1061.000,1089.000,242.35,242.50,12500.000,5000.000,242.80,243.05,11708.000,3793.000,30000.000,22500.000,242.253,242.594,242.762,243.094,-0.500,-0.488
2017-04-10 13:19:00,242.571,242.985,74.000,400.000,242.45,242.50,2500.000,2500.000,243.00,243.05,3629.000,3.000,242.40,242.55,5000.000,5000.000,242.90,243.10,14650.000,3098.000,27500.000,30000.000,242.326,242.630,242.841,243.183,-0.550,-0.516
2017-04-10 13:20:00,242.601,243.010,2.000,3.000,242.45,242.50,2500.000,5000.000,243.00,243.10,3120.000,3.000,242.40,242.55,7500.000,2500.000,242.90,243.15,13076.000,1195.000,27500.000,32500.000,242.322,242.645,242.855,243.208,-0.575,-0.563
2017-04-10 13:21:00,242.588,243.147,724.000,50.000,242.55,242.60,2500.000,5000.000,243.00,243.15,50.000,359.000,242.50,242.65,7500.000,2500.000,242.95,243.20,6282.000,4839.000,25000.000,15000.000,242.421,242.744,242.890,243.250,-0.500,-0.559
2017-04-10 13:22:00,242.526,243.005,188.000,3.000,242.40,242.45,2500.000,5000.000,242.90,243.05,2881.000,4848.000,242.35,242.55,10000.000,5000.000,242.85,243.10,11349.000,6168.000,27500.000,20000.000,242.264,242.574,242.809,243.131,-0.550,-0.571
2017-04-10 13:23:00,242.404,242.982,1152.000,225.000,242.50,242.60,5000.000,2500.000,242.85,243.05,105.000,2550.000,242.45,242.65,2500.000,5000.000,242.80,243.10,1608.000,10360.000,17500.000,17500.000,242.459,242.733,242.757,243.236,-0.400,-0.532
2017-04-10 13:24:00,242.432,242.985,1381.000,3.000,242.50,242.55,2500.000,7500.000,243.00,243.10,215.000,50.000,242.45,242.65,2500.000,2500.000,242.85,243.15,3535.000,9383.000,12500.000,20000.000,242.413,242.757,242.820,243.188,-0.525,-0.501
2017-04-10 13:25:00,242.445,243.091,1052.000,3.000,242.50,242.55,2500.000,5000.000,243.00,243.10,215.000,3.000,242.45,242.60,2500.000,2500.000,242.90,243.20,3300.000,5504.000,22500.000,17500.000,242.402,242.726,242.783,243.221,-0.525,-0.472
2017-04-10 13:26:00,242.295,242.834,2353.000,3.000,242.30,242.40,2500.000,5000.000,242.75,242.95,381.000,354.000,242.25,242.50,2500.000,2500.000,242.70,243.05,4702.000,7105.000,20000.000,20000.000,242.233,242.586,242.506,243.100,-0.500,-0.442
2017-04-10 13:27:00,242.274,242.812,7.000,1363.000,242.35,242.40,2500.000,5000.000,242.75,242.95,1297.000,50.000,242.30,242.45,2500.000,7500.000,242.70,243.00,2304.000,7583.000,22500.000,30000.000,242.261,242.541,242.494,243.117,-0.475,-0.411
2017-04-10 13:28:00,242.322,242.705,1205.000,860.000,242.35,242.40,2500.000,2500.000,242.70,242.85,1021.000,2550.000,242.30,242.45,2500.000,7500.000,242.50,242.90,3226.000,7682.000,22500.000,25000.000,242.289,242.486,242.456,242.950,-0.400,-0.387
2017-04-10 13:29:00,242.382,242.781,261.000,2.000,242.40,242.45,7500.000,5000.000,242.80,242.95,619.000,2550.000,242.35,242.50,2500.000,2500.000,242.75,243.00,3374.000,7238.000,17500.000,27500.000,242.275,242.558,242.700,243.150,-0.450,-0.354
2017-04-10 13:30:00,242.566,243.065,1044.000,3.000,242.50,242.55,7500.000,5000.000,243.00,243.15,2286.000,2610.000,242.45,242.70,7500.000,5000.000,242.95,243.20,7738.000,7378.000,22500.000,20000.000,242.406,242.757,242.906,243.244,-0.550,-0.302
2017-04-10 13:31:00,242.348,242.739,1046.000,3.000,242.35,242.40,2500.000,2500.000,242.70,242.80,392.000,2550.000,242.30,242.45,2500.000,5000.000,242.55,242.85,4983.000,7353.000,25000.000,20000.000,242.244,242.509,242.475,242.919,-0.375,-0.251
2017-04-10 13:32:00,242.154,242.536,398.000,177.000,242.10,242.30,2500.000,2500.000,242.45,242.60,657.000,2321.000,242.05,242.35,2500.000,2500.000,242.40,242.75,4531.000,6732.000,12500.000,15000.000,241.987,242.420,242.350,242.800,-0.325,-0.197
2017-04-10 13:33:00,242.610,242.872,600.000,1.000,242.65,242.70,2500.000,5000.000,242.75,242.95,206.000,417.000,242.60,242.75,5000.000,5000.000,242.70,243.00,2017.000,3688.000,22500.000,22500.000,242.557,242.839,242.639,243.078,-0.175,-0.188
2017-04-10 13:34:00,242.661,242.898,188.000,193.000,242.65,242.75,7500.000,5000.000,242.75,242.95,206.000,55.000,242.60,242.80,7500.000,5000.000,242.70,243.00,3022.000,5009.000,30000.000,22500.000,242.497,242.884,242.671,243.100,-0.150,-0.183
2017-04-10 13:35:00,242.888,243.126,74.000,474.000,242.95,243.00,2500.000,2500.000,243.00,243.20,511.000,55.000,242.85,243.05,5000.000,7500.000,242.95,243.25,2010.000,3532.000,35000.000,37500.000,242.771,243.157,242.850,243.347,-0.125,-0.164
2017-04-10 13:36:00,243.061,243.200,25.000,3.000,243.05,243.10,5000.000,7500.000,243.15,243.30,436.000,3126.000,243.00,243.15,5000.000,7500.000,243.10,243.40,2806.000,6040.000,25000.000,37500.000,242.890,243.225,243.025,243.467,-0.150,-0.164
2017-04-10 13:37:00,243.051,243.161,988.000,3.000,243.00,243.05,7500.000,5000.000,243.10,243.30,414.000,1651.000,242.95,243.15,2500.000,2500.000,243.05,243.35,3859.000,4247.000,25000.000,30000.000,242.891,243.241,242.970,243.446,-0.175,-0.181
2017-04-10 13:38:00,243.023,243.238,143.000,3.000,243.05,243.10,12500.000,2500.000,243.10,243.30,367.000,1651.000,243.00,243.15,2500.000,2500.000,243.05,243.35,2157.000,5611.000,32500.000,17500.000,242.900,243.264,242.977,243.421,-0.125,-0.168
2017-04-10 13:39:00,243.085,243.300,609.000,3.000,243.05,243.10,5000.000,5000.000,243.20,243.40,477.000,1651.000,243.00,243.15,10000.000,2500.000,243.15,243.45,3769.000,4457.000,27500.000,22500.000,242.930,243.302,243.118,243.522,-0.225,-0.147
2017-04-10 13:40:00,243.033,243.176,137.000,1601.000,243.05,243.10,5000.000,5000.000,243.10,243.30,367.000,205.000,243.00,243.15,2500.000,5000.000,243.05,243.35,2915.000,4737.000,27500.000,30000.000,242.859,243.218,242.941,243.417,-0.125,-0.151
2017-04-10 13:41:00,243.106,243.243,135.000,3.000,243.00,243.05,5000.000,7500.000,243.15,243.35,205.000,1601.000,242.95,243.10,10000.000,2500.000,243.10,243.40,3275.000,2352.000,25000.000,25000.000,242.851,243.150,243.070,243.445,-0.225,-0.161
2017-04-10 13:42:00,242.962,243.157,147.000,1576.000,243.05,243.10,2500.000,7500.000,243.10,243.30,114.000,60.000,243.00,243.15,7500.000,5000.000,243.05,243.35,662.000,4730.000,20000.000,30000.000,242.957,243.221,243.012,243.396,-0.125,-0.161
2017-04-10 13:43:00,242.977,243.127,80.000,1621.000,243.05,243.10,2500.000,2500.000,243.10,243.25,114.000,187.000,243.00,243.15,7500.000,7500.000,243.05,243.30,741.000,5876.000,20000.000,30000.000,242.923,243.205,243.012,243.363,-0.100,-0.174
2017-04-10 13:44:00,243.005,243.112,769.000,3.000,242.85,242.90,5000.000,5000.000,243.05,243.25,940.000,100.000,242.80,242.95,10000.000,7500.000,243.00,243.30,9617.000,1784.000,22500.000,30000.000,242.715,243.090,242.978,243.346,-0.275,-0.192
2017-04-10 13:45:00,242.746,242.909,468.000,119.000,242.55,242.60,2500.000,5000.000,242.85,243.00,835.000,160.000,242.50,242.75,7500.000,2500.000,242.80,243.05,8326.000,2116.000,20000.000,22500.000,242.414,242.831,242.756,243.106,-0.350,-0.200
2017-04-10 13:46:00,242.702,242.890,1304.000,27.000,242.50,242.65,5000.000,2500.000,242.80,243.00,529.000,160.000,242.45,242.75,7500.000,2500.000,242.75,243.05,8273.000,1998.000,20000.000,17500.000,242.406,242.845,242.725,243.121,-0.325,-0.210
2017-04-10 13:47:00,242.748,242.945,1012.000,2.000,242.60,242.65,5000.000,5000.000,242.85,243.05,5000.000,170.000,242.55,242.80,7500.000,5000.000,242.80,243.10,12178.000,3557.000,25000.000,22500.000,242.507,242.901,242.750,243.144,-0.325,-0.250
2017-04-10 13:48:00,242.833,243.047,62.000,332.000,242.75,242.90,2500.000,5000.000,243.00,243.15,68.000,494.000,242.70,242.95,7500.000,7500.000,242.95,243.20,9255.000,8332.000,20000.000,27500.000,242.628,243.027,242.906,243.245,-0.250,-0.267
2017-04-10 13:49:00,242.890,243.089,4654.000,3.000,242.80,242.85,5000.000,5000.000,243.10,243.25,703.000,244.000,242.75,242.95,7500.000,10000.000,243.00,243.30,10490.000,3032.000,25000.000,42500.000,242.729,243.015,242.970,243.356,-0.350,-0.276
2017-04-10 13:50:00,242.909,243.111,4377.000,2.000,242.80,242.90,2500.000,5000.000,243.10,243.25,839.000,121.000,242.75,242.95,12500.000,7500.000,243.00,243.30,10329.000,2929.000,30000.000,40000.000,242.727,243.017,242.942,243.359,-0.325,-0.297
2017-04-10 13:51:00,242.922,243.160,83.000,2.000,242.85,242.90,7500.000,5000.000,243.10,243.30,570.000,594.000,242.75,242.95,5000.000,2500.000,243.05,243.35,6118.000,3091.000,27500.000,32500.000,242.666,243.001,243.009,243.412,-0.325,-0.305
2017-04-10 13:52:00,242.665,243.062,4022.000,3.000,242.60,242.70,5000.000,5000.000,243.00,243.15,980.000,63.000,242.55,242.85,7500.000,2500.000,242.95,243.20,8869.000,5685.000,22500.000,20000.000,242.525,242.992,242.911,243.250,-0.425,-0.268
2017-04-10 13:53:00,242.732,243.031,13.000,60.000,242.75,242.85,7500.000,2500.000,243.00,243.15,4.000,354.000,242.70,242.90,5000.000,5000.000,242.95,243.20,4027.000,8632.000,20000.000,25000.000,242.598,242.994,242.925,243.260,-0.275,-0.262
2017-04-10 13:54:00,242.607,242.852,737.000,2.000,242.45,242.50,2500.000,10000.000,242.80,243.00,3899.000,383.000,242.40,242.70,2500.000,7500.000,242.75,243.05,8000.000,3121.000,17500.000,35000.000,242.356,242.810,242.693,243.104,-0.425,-0.248
2017-04-10 13:55:00,242.654,242.961,551.000,2.000,242.55,242.75,2500.000,2500.000,242.90,243.05,3057.000,1216.000,242.50,242.80,2500.000,10000.000,242.85,243.10,6127.000,4838.000,15000.000,20000.000,242.458,242.885,242.758,243.131,-0.325,-0.229
2017-04-10 13:56:00,242.706,242.984,397.000,2.000,242.60,242.70,7500.000,7500.000,242.90,243.10,3037.000,908.000,242.55,242.75,7500.000,2500.000,242.85,243.15,8559.000,3400.000,30000.000,25000.000,242.507,242.814,242.796,243.200,-0.350,-0.217
2017-04-10 13:57:00,242.881,243.089,653.000,2.000,242.75,242.85,5000.000,5000.000,243.05,243.25,2648.000,3264.000,242.70,243.00,10000.000,5000.000,243.00,243.30,7846.000,6143.000,27500.000,30000.000,242.632,243.047,242.950,243.363,-0.350,-0.229
2017-04-10 13:58:00,242.840,243.109,184.000,259.000,242.80,242.95,2500.000,2500.000,243.05,243.15,316.000,6503.000,242.70,243.00,5000.000,5000.000,243.00,243.25,7730.000,11469.000,20000.000,22500.000,242.587,243.046,242.944,243.306,-0.225,-0.240
2017-04-10 13:59:00,242.901,243.078,1342.000,2.000,242.80,242.95,2500.000,2500.000,243.10,243.25,355.000,2760.000,242.75,243.00,5000.000,10000.000,243.05,243.35,6347.000,4487.000,20000.000,47500.000,242.709,243.047,242.963,243.437,-0.300,-0.246
2017-04-10 14:00:00,242.929,243.140,486.000,3.000,242.85,242.90,10000.000,2500.000,243.15,243.35,771.000,2.000,242.80,242.95,5000.000,5000.000,243.10,243.40,5453.000,2846.000,22500.000,37500.000,242.723,243.008,243.061,243.473,-0.375,-0.264
2017-04-10 14:01:00,242.927,243.150,336.000,3.000,242.85,242.90,10000.000,7500.000,243.15,243.35,3833.000,2241.000,242.80,243.00,5000.000,5000.000,243.10,243.40,6238.000,3562.000,22500.000,45000.000,242.769,243.051,243.078,243.478,-0.375,-0.277
2017-04-10 14:02:00,242.890,243.157,2120.000,2.000,242.80,242.95,2500.000,7500.000,243.15,243.35,307.000,3121.000,242.75,243.00,12500.000,5000.000,243.10,243.40,6636.000,5027.000,22500.000,45000.000,242.720,243.046,243.056,243.467,-0.375,-0.280
2017-04-10 14:03:00,242.999,243.320,101.000,2.000,243.00,243.05,5000.000,2500.000,243.25,243.40,315.000,7.000,242.90,243.10,5000.000,2500.000,243.20,243.45,6953.000,5848.000,20000.000,17500.000,242.807,243.233,243.169,243.514,-0.300,-0.252
2017-04-10 14:04:00,243.093,243.300,2482.000,2.000,243.00,243.10,7500.000,7500.000,243.25,243.45,60.000,415.000,242.95,243.15,5000.000,5000.000,243.20,243.50,6783.000,2833.000,22500.000,27500.000,242.918,243.221,243.150,243.550,-0.300,-0.264
2017-04-10 14:05:00,243.029,243.329,53.000,3.000,243.05,243.10,2500.000,2500.000,243.25,243.40,1242.000,457.000,243.00,243.15,2500.000,2500.000,243.20,243.45,4308.000,6944.000,17500.000,17500.000,242.926,243.242,243.129,243.514,-0.250,-0.265
2017-04-10 14:06:00,242.977,243.267,18.000,3.000,243.05,243.10,2500.000,2500.000,243.20,243.35,1542.000,1837.000,243.00,243.20,2500.000,5000.000,243.15,243.40,2106.000,10175.000,17500.000,20000.000,242.965,243.276,243.079,243.463,-0.200,-0.269
2017-04-10 14:07:00,243.015,243.297,1291.000,2.000,243.00,243.05,2500.000,2500.000,243.25,243.35,110.000,3.000,242.95,243.10,2500.000,2500.000,243.20,243.45,6099.000,8113.000,17500.000,20000.000,242.862,243.243,243.114,243.506,-0.275,-0.285
2017-04-10 14:08:00,243.165,243.345,289.000,2.000,243.05,243.10,5000.000,2500.000,243.30,243.45,3354.000,24.000,243.00,243.15,12500.000,7500.000,243.25,243.50,7475.000,1064.000,27500.000,27500.000,242.953,243.213,243.214,243.555,-0.300,-0.318
2017-04-10 14:09:00,243.123,243.390,5059.000,2.000,243.00,243.10,7500.000,5000.000,243.35,243.50,929.000,230.000,242.95,243.15,2500.000,2500.000,243.30,243.55,9484.000,1450.000,22500.000,27500.000,242.940,243.219,243.267,243.605,-0.375,-0.348
2017-04-10 14:10:00,243.168,243.473,341.000,2.000,243.05,243.10,5000.000,2500.000,243.45,243.60,3665.000,100.000,243.00,243.15,7500.000,10000.000,243.40,243.65,7303.000,1145.000,27500.000,42500.000,242.946,243.210,243.359,243.718,-0.450,-0.376
2017-04-10 14:11:00,243.085,243.396,201.000,2.000,243.00,243.05,7500.000,7500.000,243.40,243.60,346.000,447.000,242.95,243.20,5000.000,7500.000,243.35,243.65,3662.000,2945.000,22500.000,42500.000,242.876,243.294,243.300,243.706,-0.475,-0.393
2017-04-10 14:12:00,243.059,243.420,25.000,2.000,243.05,243.10,5000.000,5000.000,243.40,243.55,151.000,452.000,243.00,243.15,7500.000,2500.000,243.35,243.60,2915.000,4129.000,25000.000,32500.000,242.879,243.241,243.295,243.665,-0.400,-0.415
2017-04-10 14:13:00,243.123,243.471,587.000,2.000,243.00,243.15,5000.000,2500.000,243.45,243.60,204.000,222.000,242.95,243.20,5000.000,7500.000,243.40,243.65,5620.000,3101.000,25000.000,40000.000,242.869,243.314,243.355,243.719,-0.450,-0.431
2017-04-10 14:14:00,243.426,243.839,625.000,2.000,243.40,243.45,2500.000,5000.000,243.80,243.95,129.000,1561.000,243.35,243.50,5000.000,27500.000,243.75,244.00,3144.000,3082.000,22500.000,47500.000,243.285,243.565,243.683,244.029,-0.450,-0.441
2017-04-10 14:15:00,243.888,244.337,854.000,2.000,243.85,243.95,5000.000,2500.000,244.25,244.40,714.000,2470.000,243.80,244.00,10000.000,5000.000,244.20,244.45,4018.000,3955.000,27500.000,20000.000,243.773,244.053,244.155,244.494,-0.425,-0.424
2017-04-10 14:16:00,243.732,244.126,40.000,2.000,243.60,243.75,2500.000,10000.000,244.05,244.25,1072.000,753.000,243.55,243.80,7500.000,7500.000,244.00,244.30,6109.000,3274.000,20000.000,27500.000,243.472,243.891,243.887,244.314,-0.475,-0.391
2017-04-10 14:17:00,243.342,243.810,8.000,2.000,243.20,243.25,5000.000,7500.000,243.60,243.80,205.000,457.000,243.15,243.35,7500.000,2500.000,243.55,243.85,6301.000,2238.000,40000.000,20000.000,243.049,243.464,243.391,243.894,-0.475,-0.367
2017-04-10 14:18:00,243.589,244.019,337.000,238.000,243.50,243.65,7500.000,5000.000,243.90,244.10,60.000,400.000,243.45,243.70,5000.000,5000.000,243.85,244.15,4262.000,3643.000,22500.000,17500.000,243.377,243.777,243.828,244.179,-0.425,-0.365
2017-04-10 14:19:00,243.620,244.081,254.000,2.000,243.50,243.65,2500.000,5000.000,244.00,244.15,265.000,615.000,243.45,243.70,2500.000,5000.000,243.95,244.20,4738.000,2573.000,20000.000,20000.000,243.390,243.789,243.881,244.231,-0.500,-0.341
2017-04-10 14:20:00,243.572,243.937,950.000,2.000,243.50,243.60,5000.000,2500.000,243.85,244.00,35.000,612.000,243.45,243.70,7500.000,2500.000,243.80,244.05,5617.000,5666.000,22500.000,15000.000,243.372,243.774,243.717,244.100,-0.375,-0.360
2017-04-10 14:21:00,243.853,244.084,726.000,2.000,243.70,243.90,10000.000,5000.000,244.05,244.25,761.000,581.000,243.65,243.95,7500.000,5000.000,244.00,244.30,6844.000,4778.000,27500.000,35000.000,243.560,244.016,243.968,244.361,-0.350,-0.387
2017-04-10 14:22:00,243.771,244.118,60.000,2.000,243.75,243.85,2500.000,2500.000,244.15,244.25,701.000,124.000,243.70,243.90,2500.000,5000.000,244.10,244.30,3617.000,4437.000,15000.000,35000.000,243.612,244.006,244.042,244.407,-0.400,-0.401
2017-04-10 14:23:00,243.691,244.111,454.000,2.000,243.65,243.80,7500.000,2500.000,244.05,244.20,1131.000,72.000,243.60,243.85,7500.000,5000.000,244.00,244.25,5516.000,5677.000,25000.000,20000.000,243.544,243.969,243.965,244.306,-0.400,-0.399
2017-04-10 14:24:00,243.663,244.005,91.000,2.000,243.55,243.60,7500.000,5000.000,243.95,244.15,605.000,165.000,243.50,243.65,5000.000,10000.000,243.90,244.20,5712.000,2298.000,22500.000,27500.000,243.413,243.826,243.822,244.227,-0.475,-0.417
2017-04-10 14:25:00,243.672,244.135,630.000,880.000,243.60,243.75,2500.000,7500.000,244.05,244.20,2952.000,110.000,243.55,243.80,10000.000,7500.000,244.00,244.25,6638.000,5852.000,30000.000,27500.000,243.500,243.880,243.954,244.291,-0.450,-0.399
2017-04-10 14:26:00,243.722,244.085,3221.000,2.000,243.55,243.75,2500.000,2500.000,244.00,244.15,704.000,60.000,243.50,243.80,5000.000,12500.000,243.95,244.20,9593.000,3508.000,25000.000,25000.000,243.453,243.923,243.840,244.230,-0.425,-0.399
2017-04-10 14:27:00,243.709,244.124,457.000,2.000,243.65,243.80,2500.000,7500.000,244.05,244.20,588.000,238.000,243.60,243.85,5000.000,5000.000,244.00,244.25,7278.000,6764.000,22500.000,25000.000,243.527,243.971,243.944,244.290,-0.400,-0.390
2017-04-10 14:28:00,243.718,244.128,1197.000,2.000,243.75,243.80,2500.000,7500.000,244.05,244.20,126.000,395.000,243.65,243.85,5000.000,2500.000,244.00,244.25,4767.000,5269.000,22500.000,22500.000,243.592,243.965,243.950,244.294,-0.350,-0.399
2017-04-10 14:29:00,243.708,244.140,72.000,2.000,243.75,243.80,7500.000,2500.000,244.05,244.20,176.000,36.000,243.65,243.85,2500.000,2500.000,244.00,244.25,3450.000,4793.000,22500.000,15000.000,243.541,243.974,243.972,244.317,-0.350,-0.394
2017-04-10 14:30:00,243.770,244.142,62.000,121.000,243.75,243.90,10000.000,2500.000,244.05,244.20,500.000,2144.000,243.65,243.95,7500.000,2500.000,244.00,244.25,4258.000,7041.000,30000.000,17500.000,243.548,244.002,243.979,244.329,-0.300,-0.399
2017-04-10 14:31:00,243.801,244.167,129.000,2.000,243.80,243.90,7500.000,2500.000,244.05,244.20,622.000,2519.000,243.65,243.95,7500.000,2500.000,244.00,244.30,6569.000,7300.000,27500.000,17500.000,243.574,244.004,243.973,244.357,-0.275,-0.410
2017-04-10 14:32:00,243.906,244.275,15.000,600.000,243.90,243.95,10000.000,10000.000,244.20,244.40,364.000,1506.000,243.85,244.00,10000.000,5000.000,244.15,244.45,2109.000,3752.000,32500.000,37500.000,243.753,244.052,244.135,244.490,-0.375,-0.435
2017-04-10 14:33:00,244.168,244.624,762.000,2.000,244.10,244.15,7500.000,2500.000,244.55,244.70,1158.000,161.000,244.05,244.20,12500.000,7500.000,244.50,244.75,6029.000,2583.000,32500.000,25000.000,243.982,244.316,244.462,244.805,-0.500,-0.443
2017-04-10 14:34:00,244.236,244.644,503.000,32.000,244.10,244.25,12500.000,12500.000,244.55,244.75,492.000,85.000,244.05,244.30,12500.000,5000.000,244.50,244.80,5636.000,2955.000,35000.000,30000.000,243.963,244.401,244.475,244.817,-0.475,-0.429
2017-04-10 14:35:00,244.813,245.209,238.000,376.000,244.90,244.95,5000.000,10000.000,245.25,245.40,848.000,9352.000,244.75,245.00,7500.000,17500.000,245.15,245.45,3828.000,12279.000,22500.000,62500.000,244.672,245.025,245.133,245.544,-0.400,-0.411
2017-04-10 14:36:00,244.653,245.074,529.000,744.000,244.60,244.75,7500.000,2500.000,245.00,245.20,354.000,60.000,244.55,244.80,5000.000,5000.000,244.95,245.25,4680.000,5289.000,25000.000,22500.000,244.421,244.881,244.915,245.322,-0.425,-0.396
2017-04-10 14:37:00,244.600,245.093,973.000,2.000,244.60,244.80,2500.000,7500.000,245.10,245.25,152.000,662.000,244.55,244.85,2500.000,2500.000,245.05,245.30,8360.000,14858.000,17500.000,37500.000,244.483,244.978,244.993,245.380,-0.475,-0.385
2017-04-10 14:38:00,244.651,245.148,956.000,62.000,244.65,244.85,7500.000,2500.000,245.15,245.30,2123.000,123.000,244.60,244.90,5000.000,7500.000,245.10,245.35,8233.000,16786.000,20000.000,40000.000,244.553,244.994,245.075,245.409,-0.475,-0.373
2017-04-10 14:39:00,244.774,245.110,50.000,2993.000,244.85,244.90,7500.000,2500.000,245.05,245.30,797.000,3351.000,244.80,244.95,5000.000,2500.000,245.00,245.35,3163.000,19465.000,27500.000,35000.000,244.682,244.984,244.927,245.421,-0.300,-0.383
2017-04-10 14:40:00,244.812,245.120,2463.000,2382.000,244.85,244.90,5000.000,2500.000,245.15,245.25,610.000,2709.000,244.80,244.95,7500.000,2500.000,245.10,245.30,5500.000,18538.000,22500.000,32500.000,244.761,244.990,245.050,245.404,-0.325,-0.422
2017-04-10 14:41:00,244.929,245.275,17.000,27.000,244.90,244.95,12500.000,2500.000,245.25,245.40,3489.000,8079.000,244.85,245.00,5000.000,20000.000,245.20,245.45,7536.000,9503.000,25000.000,40000.000,244.801,245.016,245.185,245.484,-0.400,-0.477
2017-04-10 14:42:00,244.899,245.338,2806.000,107.000,244.85,244.95,2500.000,5000.000,245.30,245.40,1306.000,6435.000,244.80,245.00,12500.000,17500.000,245.25,245.45,8697.000,8909.000,30000.000,40000.000,244.766,245.033,245.192,245.481,-0.450,-0.506
2017-04-10 14:43:00,244.685,245.123,93.000,350.000,244.75,244.85,5000.000,2500.000,245.10,245.30,111.000,200.000,244.65,244.90,2500.000,7500.000,245.05,245.35,4720.000,11597.000,22500.000,37500.000,244.544,244.997,244.989,245.413,-0.400,-0.513
2017-04-10 14:44:00,244.714,245.100,479.000,2.000,244.60,244.65,2500.000,2500.000,245.05,245.20,759.000,200.000,244.55,244.70,2500.000,5000.000,245.00,245.25,5970.000,2232.000,17500.000,22500.000,244.476,244.850,244.936,245.317,-0.500,-0.534
2017-04-10 14:45:00,244.633,245.133,689.000,120.000,244.55,244.60,2500.000,2500.000,245.05,245.20,688.000,110.000,244.50,244.75,12500.000,5000.000,245.00,245.25,5185.000,3816.000,30000.000,22500.000,244.432,244.848,244.954,245.317,-0.550,-0.537
2017-04-10 14:46:00,244.678,245.302,12.000,50.000,244.75,244.85,2500.000,5000.000,245.25,245.40,312.000,904.000,244.65,244.90,7500.000,17500.000,245.20,245.45,5250.000,14184.000,27500.000,40000.000,244.551,244.990,245.136,245.481,-0.525,-0.516
2017-04-10 14:47:00,244.647,245.230,67.000,2.000,244.75,244.80,7500.000,2500.000,245.20,245.35,110.000,60.000,244.65,244.85,5000.000,7500.000,245.15,245.40,4887.000,12137.000,27500.000,42500.000,244.542,244.979,245.114,245.465,-0.500,-0.490
2017-04-10 14:48:00,244.630,245.100,222.000,2.000,244.55,244.70,2500.000,2500.000,245.05,245.15,862.000,539.000,244.50,244.75,2500.000,7500.000,245.00,245.20,4852.000,4039.000,20000.000,22500.000,244.422,244.858,244.938,245.244,-0.475,-0.502
2017-04-10 14:49:00,244.672,245.164,285.000,733.000,244.75,244.80,5000.000,5000.000,245.10,245.20,60.000,1443.000,244.65,244.90,5000.000,2500.000,245.05,245.25,5706.000,18117.000,30000.000,22500.000,244.555,244.980,245.008,245.306,-0.375,-0.497
2017-04-10 14:50:00,244.647,245.164,12.000,96.000,244.75,244.80,2500.000,7500.000,245.10,245.20,110.000,242.000,244.65,244.85,7500.000,5000.000,245.05,245.25,5421.000,13336.000,27500.000,25000.000,244.542,244.979,245.005,245.280,-0.375,-0.492
2017-04-10 14:51:00,244.547,245.062,3.000,1255.000,244.55,244.65,7500.000,2500.000,244.95,245.10,315.000,177.000,244.50,244.70,7500.000,2500.000,244.90,245.15,2151.000,4723.000,37500.000,25000.000,244.414,244.762,244.840,245.210,-0.425,-0.473
2017-04-10 14:52:00,244.345,244.803,45.000,122.000,244.20,244.40,2500.000,5000.000,244.70,244.85,611.000,1134.000,244.15,244.45,7500.000,5000.000,244.65,244.90,6885.000,5578.000,22500.000,22500.000,244.041,244.518,244.589,244.950,-0.475,-0.500
2017-04-10 14:53:00,244.228,244.756,50.000,2.000,244.15,244.30,2500.000,7500.000,244.70,244.85,913.000,96.000,244.10,244.35,10000.000,2500.000,244.65,244.90,7425.000,6207.000,20000.000,25000.000,244.008,244.478,244.619,244.945,-0.550,-0.525
2017-04-10 14:54:00,244.036,244.506,124.000,400.000,244.00,244.05,7500.000,7500.000,244.35,244.55,1.000,334.000,243.95,244.10,2500.000,2500.000,244.30,244.60,4146.000,3679.000,27500.000,17500.000,243.773,244.191,244.250,244.636,-0.425,-0.539
2017-04-10 14:55:00,244.003,244.494,448.000,59.000,243.90,244.10,5000.000,2500.000,244.45,244.60,488.000,284.000,243.85,244.15,7500.000,5000.000,244.40,244.65,6466.000,5855.000,20000.000,20000.000,243.777,244.240,244.356,244.738,-0.525,-0.531
2017-04-10 14:56:00,243.947,244.363,293.000,457.000,243.80,243.95,2500.000,7500.000,244.30,244.50,286.000,65.000,243.75,244.00,5000.000,5000.000,244.25,244.55,5054.000,2699.000,15000.000,22500.000,243.649,244.093,244.192,244.583,-0.525,-0.521
2017-04-10 14:57:00,243.452,244.047,109.000,288.000,243.35,243.40,7500.000,2500.000,244.00,244.10,1265.000,110.000,243.30,243.55,2500.000,7500.000,243.95,244.15,7394.000,4970.000,22500.000,22500.000,243.233,243.637,243.922,244.194,-0.675,-0.467
2017-04-10 14:58:00,243.531,244.182,808.000,105.000,243.40,243.65,2500.000,2500.000,244.05,244.20,940.000,934.000,243.35,243.70,7500.000,7500.000,244.00,244.25,6605.000,6350.000,27500.000,20000.000,243.280,243.769,243.927,244.319,-0.600,-0.383
2017-04-10 14:59:00,243.662,244.200,59.000,428.000,243.60,243.70,2500.000,2500.000,244.10,244.25,725.000,107.000,243.55,243.75,7500.000,2500.000,244.05,244.30,3675.000,3288.000,22500.000,15000.000,243.473,243.823,244.011,244.383,-0.525,-0.325
2017-04-10 15:00:00,243.849,244.300,894.000,197.000,243.75,243.80,5000.000,2500.000,244.25,244.30,253.000,188.000,243.70,243.90,5000.000,2500.000,244.20,244.40,5415.000,2753.000,22500.000,17500.000,243.625,243.978,244.161,244.457,-0.500,-0.274
2017-04-10 15:01:00,244.270,244.637,360.000,3.000,244.25,244.30,7500.000,5000.000,244.65,244.80,67.000,550.000,244.20,244.40,2500.000,2500.000,244.60,244.85,2937.000,4307.000,20000.000,27500.000,244.092,244.489,244.556,244.936,-0.450,-0.209
2017-04-10 15:02:00,244.786,245.116,69.000,1364.000,244.90,244.95,5000.000,12500.000,245.05,245.20,491.000,10609.000,244.75,245.00,5000.000,17500.000,245.00,245.25,3040.000,16969.000,25000.000,37500.000,244.661,245.026,244.940,245.253,-0.200,-0.146
2017-04-10 15:03:00,244.797,245.024,16.000,3.000,244.85,244.90,2500.000,5000.000,245.00,245.15,11.000,1099.000,244.80,244.95,5000.000,10000.000,244.95,245.20,2108.000,11479.000,17500.000,35000.000,244.673,245.005,244.879,245.232,-0.200,-0.128
2017-04-10 15:04:00,244.785,245.033,495.000,3.000,244.85,244.90,5000.000,2500.000,245.00,245.05,11.000,389.000,244.80,244.95,5000.000,2500.000,244.95,245.10,2937.000,15550.000,25000.000,27500.000,244.698,245.016,244.885,245.205,-0.150,-0.076
2017-04-10 15:05:00,244.878,245.074,40.000,789.000,244.90,244.95,2500.000,10000.000,245.05,245.10,101.000,10399.000,244.85,245.00,7500.000,5000.000,245.00,245.20,4851.000,16510.000,20000.000,32500.000,244.759,245.035,244.963,245.208,-0.150,-0.059
2017-04-10 15:06:00,244.941,244.985,186.000,3498.000,244.95,245.00,7500.000,2500.000,244.95,245.00,505.000,405.000,244.85,245.05,5000.000,2500.000,244.90,245.05,3617.000,7750.000,30000.000,20000.000,244.764,245.074,244.867,245.113,0.000,-0.072
2017-04-10 15:07:00,245.110,245.124,761.000,3.000,245.05,245.10,2500.000,5000.000,245.10,245.20,1247.000,60.000,245.00,245.15,5000.000,7500.000,245.05,245.25,5845.000,2826.000,17500.000,25000.000,244.937,245.254,245.000,245.300,-0.075,-0.086
2017-04-10 15:08:00,245.032,245.168,441.000,85.000,245.10,245.15,5000.000,2500.000,245.10,245.20,245.000,566.000,245.05,245.20,7500.000,10000.000,245.05,245.25,2803.000,6914.000,30000.000,25000.000,244.990,245.310,244.992,245.300,-0.025,-0.090
2017-04-10 15:09:00,245.202,245.193,68.000,760.000,245.20,245.25,2500.000,10000.000,245.15,245.25,26.000,1250.000,245.15,245.30,5000.000,7500.000,245.10,245.35,3665.000,6922.000,27500.000,40000.000,245.010,245.374,245.041,245.391,0.025,-0.120
2017-04-10 15:10:00,245.095,245.206,309.000,121.000,245.10,245.15,10000.000,10000.000,245.10,245.25,183.000,1494.000,245.05,245.20,7500.000,2500.000,245.05,245.30,3761.000,5330.000,35000.000,25000.000,244.987,245.274,245.014,245.325,-0.050,-0.111
2017-04-10 15:11:00,244.994,245.106,1617.000,103.000,245.00,245.10,2500.000,2500.000,245.05,245.15,310.000,810.000,244.95,245.15,12500.000,7500.000,245.00,245.20,5794.000,9359.000,35000.000,32500.000,244.891,245.238,244.950,245.250,-0.050,-0.091
2017-04-10 15:12:00,244.896,244.976,75.000,1.000,244.90,244.95,5000.000,12500.000,244.90,245.00,315.000,2718.000,244.85,245.00,7500.000,2500.000,244.85,245.05,5403.000,8113.000,32500.000,30000.000,244.766,245.079,244.785,245.075,-0.025,-0.086
2017-04-10 15:13:00,244.703,244.860,263.000,847.000,244.75,244.80,2500.000,2500.000,244.80,244.90,533.000,2.000,244.70,244.85,7500.000,5000.000,244.75,244.95,4040.000,8458.000,32500.000,30000.000,244.612,244.959,244.646,245.004,-0.075,-0.062
2017-04-10 15:14:00,244.674,244.817,134.000,1300.000,244.75,244.80,10000.000,2500.000,244.75,244.90,55.000,50.000,244.70,244.85,12500.000,5000.000,244.70,244.95,2674.000,8167.000,35000.000,32500.000,244.607,244.965,244.679,245.000,-0.050,-0.045
2017-04-10 15:15:00,244.895,244.958,802.000,62.000,244.85,245.00,15000.000,15000.000,244.85,245.00,2073.000,356.000,244.80,245.05,12500.000,2500.000,244.80,245.05,5655.000,6703.000,50000.000,32500.000,244.748,245.129,244.773,245.077,0.000,-0.008
2017-04-10 15:16:00,245.134,245.148,82.000,1036.000,245.15,245.20,5000.000,7500.000,245.10,245.20,740.000,586.000,245.05,245.25,5000.000,17500.000,245.05,245.25,6323.000,8382.000,30000.000,37500.000,244.982,245.311,245.004,245.270,0.025,-0.013
2017-04-10 15:17:00,244.998,245.052,85.000,2.000,245.00,245.05,12500.000,5000.000,245.00,245.15,51.000,114.000,244.95,245.15,10000.000,7500.000,244.95,245.20,2810.000,4343.000,35000.000,37500.000,244.851,245.264,244.939,245.247,-0.050,-0.020
2017-04-10 15:18:00,245.170,245.208,27.000,87.000,245.15,245.20,12500.000,5000.000,245.10,245.25,60.000,529.000,245.10,245.25,5000.000,15000.000,245.05,245.30,3804.000,4447.000,45000.000,32500.000,244.986,245.347,245.011,245.323,0.000,0.010
2017-04-10 15:19:00,244.900,244.955,108.000,3.000,244.85,244.90,2500.000,5000.000,244.90,245.05,90.000,142.000,244.80,245.00,5000.000,10000.000,244.85,245.10,3630.000,3271.000,20000.000,27500.000,244.696,245.125,244.806,245.132,-0.100,0.044
2017-04-10 15:20:00,245.322,245.200,122.000,2.000,245.30,245.35,2500.000,15000.000,245.15,245.30,1.000,176.000,245.25,245.40,5000.000,2500.000,245.10,245.35,1217.000,1177.000,27500.000,40000.000,245.163,245.498,245.045,245.391,0.100,0.000
2017-04-10 15:21:00,245.087,245.129,2403.000,2.000,245.00,245.05,2500.000,2500.000,245.00,245.15,121.000,398.000,244.95,245.15,10000.000,5000.000,244.95,245.20,4556.000,1388.000,35000.000,17500.000,244.921,245.229,244.907,245.250,-0.050,-0.041
2017-04-10 15:22:00,245.093,245.183,362.000,3.000,245.05,245.10,5000.000,5000.000,245.10,245.25,3323.000,2.000,245.00,245.15,7500.000,5000.000,245.05,245.30,4865.000,1767.000,32500.000,27500.000,244.981,245.264,244.965,245.345,-0.100,-0.076
2017-04-10 15:23:00,245.436,245.320,558.000,2.000,245.50,245.55,2500.000,5000.000,245.35,245.40,322.000,757.000,245.40,245.60,2500.000,2500.000,245.30,245.45,2705.000,4735.000,22500.000,40000.000,245.330,245.704,245.250,245.531,0.150,-0.144
2017-04-10 15:24:00,245.168,245.055,50.000,2.000,244.90,245.10,12500.000,2500.000,245.00,245.10,167.000,456.000,244.85,245.20,2500.000,5000.000,244.95,245.15,6646.000,2911.000,27500.000,20000.000,244.736,245.276,244.932,245.200,-0.050,-0.204
2017-04-10 15:25:00,244.719,244.815,28.000,2.000,244.70,244.75,10000.000,12500.000,244.70,244.90,48.000,25.000,244.65,244.85,10000.000,10000.000,244.65,245.00,722.000,952.000,40000.000,42500.000,244.529,244.970,244.606,245.024,-0.075,-0.219
2017-04-10 15:26:00,244.594,244.843,2.000,236.000,244.65,244.85,2500.000,5000.000,244.80,244.95,224.000,308.000,244.55,244.90,5000.000,7500.000,244.75,245.00,496.000,1383.000,22500.000,30000.000,244.427,244.995,244.661,245.062,-0.125,-0.219
2017-04-10 15:27:00,244.506,244.772,244.000,14.000,244.50,244.55,2500.000,5000.000,244.70,244.95,314.000,316.000,243.75,244.70,5000.000,12500.000,244.65,245.00,2942.000,780.000,25000.000,50000.000,243.763,244.777,244.565,245.135,-0.300,-0.219
2017-04-10 15:28:00,244.222,244.446,110.000,2.000,244.10,244.25,2500.000,5000.000,244.40,244.55,1338.000,64.000,244.05,244.30,5000.000,2500.000,244.30,244.60,7048.000,2612.000,15000.000,17500.000,243.995,244.383,244.267,244.636,-0.300,-0.219
2017-04-10 15:29:00,244.383,244.568,5051.000,14.000,243.55,244.25,2500.000,2500.000,244.50,244.60,581.000,1.000,243.50,244.45,2500.000,2500.000,244.40,244.65,8680.000,765.000,20000.000,15000.000,243.356,244.669,244.331,244.700,-0.650,-0.219
2017-04-10 15:30:00,244.282,244.452,37.000,14.000,243.70,244.15,2500.000,2500.000,244.25,244.75,14.000,347.000,243.60,244.30,2500.000,7500.000,244.20,244.95,7571.000,1050.000,17500.000,32500.000,243.534,244.403,244.129,245.119,-0.575,-0.219
2017-04-11 09:16:00,243.924,243.995,664.000,1968.000,243.75,244.00,2500.000,2500.000,243.85,244.10,352.000,335.000,243.70,244.05,2500.000,2500.000,243.80,244.15,4639.000,3982.000,12500.000,12500.000,243.566,244.062,243.710,244.280,-0.100,-0.275
2017-04-11 09:17:00,244.048,244.309,42.000,575.000,244.00,244.15,2500.000,2500.000,244.25,244.50,13.000,60.000,243.95,244.20,2500.000,2500.000,244.20,244.55,1661.000,2764.000,12500.000,15000.000,243.838,244.261,244.080,244.658,-0.300,-0.274
2017-04-11 09:18:00,243.899,244.118,79.000,583.000,244.00,244.10,5000.000,5000.000,244.10,244.30,1.000,383.000,243.95,244.15,5000.000,2500.000,244.05,244.35,976.000,4398.000,17500.000,25000.000,243.791,244.243,243.957,244.555,-0.150,-0.306
2017-04-11 09:19:00,243.269,243.640,150.000,781.000,243.30,243.40,5000.000,5000.000,243.55,243.75,361.000,335.000,243.25,243.45,7500.000,2500.000,243.50,243.80,1611.000,4498.000,20000.000,17500.000,243.185,243.519,243.431,243.864,-0.300,-0.318
2017-04-11 09:20:00,243.460,243.761,415.000,616.000,243.35,243.55,2500.000,2500.000,243.65,243.80,1182.000,435.000,243.30,243.60,5000.000,7500.000,243.60,243.90,6204.000,4937.000,17500.000,17500.000,243.236,243.697,243.514,243.943,-0.275,-0.323
2017-04-11 09:21:00,243.271,243.496,864.000,637.000,243.20,243.30,5000.000,2500.000,243.40,243.60,870.000,311.000,243.15,243.35,2500.000,2500.000,243.35,243.65,4831.000,3616.000,17500.000,15000.000,243.073,243.437,243.286,243.758,-0.250,-0.373
2017-04-11 09:22:00,243.344,243.597,1727.000,100.000,243.15,243.25,2500.000,2500.000,243.55,243.70,539.000,679.000,243.10,243.40,7500.000,7500.000,243.50,243.80,12327.000,4377.000,17500.000,22500.000,243.020,243.497,243.443,243.850,-0.425,-0.419
2017-04-11 09:23:00,243.204,243.581,772.000,10388.000,243.15,243.20,5000.000,2500.000,243.50,243.65,1260.000,100.000,243.10,243.25,5000.000,2500.000,243.45,243.70,7185.000,12646.000,22500.000,17500.000,243.031,243.241,243.367,243.757,-0.400,-0.435
2017-04-11 09:24:00,243.075,243.507,814.000,565.000,243.10,243.15,7500.000,5000.000,243.35,243.55,1666.000,10213.000,243.05,243.20,5000.000,5000.000,243.30,243.60,3551.000,12475.000,32500.000,17500.000,243.032,243.215,243.265,243.629,-0.325,-0.448
2017-04-11 09:25:00,243.160,243.486,135.000,10157.000,243.15,243.20,2500.000,7500.000,243.40,243.55,150.000,100.000,243.10,243.25,5000.000,2500.000,243.30,243.60,3279.000,13087.000,25000.000,20000.000,243.024,243.232,243.255,243.625,-0.300,-0.467
2017-04-11 09:26:00,243.111,243.587,60.000,10118.000,243.05,243.20,7500.000,7500.000,243.45,243.55,669.000,1331.000,243.00,243.25,5000.000,10000.000,243.40,243.70,5522.000,14542.000,32500.000,25000.000,242.883,243.237,243.335,243.685,-0.375,-0.459
2017-04-11 09:27:00,243.048,243.529,91.000,20.000,243.00,243.15,5000.000,5000.000,243.40,243.55,313.000,9261.000,242.95,243.20,2500.000,5000.000,243.35,243.65,5814.000,12290.000,27500.000,25000.000,242.836,243.228,243.277,243.695,-0.400,-0.442
2017-04-11 09:28:00,242.894,243.356,474.000,296.000,242.85,243.10,5000.000,2500.000,243.30,243.50,1505.000,2073.000,242.80,243.15,7500.000,7500.000,243.25,243.55,7258.000,15403.000,20000.000,22500.000,242.741,243.205,243.206,243.611,-0.425,-0.428
2017-04-11 09:29:00,242.857,243.350,100.000,61.000,242.90,243.00,5000.000,2500.000,243.30,243.50,235.000,132.000,242.85,243.05,7500.000,7500.000,243.25,243.55,5489.000,11857.000,25000.000,27500.000,242.732,243.187,243.150,243.614,-0.450,-0.408
2017-04-11 09:30:00,242.940,243.361,50.000,875.000,243.00,243.10,2500.000,7500.000,243.30,243.50,3.000,405.000,242.95,243.15,15000.000,5000.000,243.25,243.55,2227.000,14397.000,25000.000,30000.000,242.863,243.206,243.210,243.629,-0.350,-0.436
2017-04-11 09:31:00,242.993,243.430,1.000,5.000,243.05,243.10,2500.000,5000.000,243.40,243.55,243.000,482.000,243.00,243.15,2500.000,2500.000,243.35,243.60,2326.000,12258.000,20000.000,30000.000,242.899,243.206,243.275,243.667,-0.400,-0.452
2017-04-11 09:32:00,243.122,243.517,1603.000,9937.000,243.05,243.20,5000.000,5000.000,243.45,243.55,1382.000,1103.000,243.00,243.25,5000.000,2500.000,243.30,243.65,7209.000,13492.000,35000.000,25000.000,242.931,243.234,243.236,243.685,-0.375,-0.470
2017-04-11 09:33:00,243.125,243.520,332.000,6721.000,243.05,243.20,7500.000,5000.000,243.45,243.65,1049.000,388.000,243.00,243.25,2500.000,7500.000,243.40,243.70,5043.000,9705.000,25000.000,30000.000,242.900,243.241,243.320,243.742,-0.425,-0.483
2017-04-11 09:34:00,243.278,243.667,95.000,32.000,243.20,243.35,7500.000,5000.000,243.70,243.85,1184.000,1136.000,243.15,243.40,2500.000,12500.000,243.50,243.90,9218.000,8677.000,20000.000,30000.000,243.066,243.491,243.525,243.933,-0.500,-0.497
2017-04-11 09:35:00,243.677,244.242,418.000,33.000,243.55,243.70,5000.000,7500.000,244.15,244.30,3466.000,2.000,243.50,243.75,7500.000,2500.000,244.10,244.35,6445.000,2693.000,27500.000,20000.000,243.457,243.849,244.050,244.387,-0.600,-0.480
2017-04-11 09:36:00,243.893,244.410,28.000,1358.000,243.85,243.95,2500.000,2500.000,244.40,244.50,139.000,1698.000,243.80,244.00,2500.000,2500.000,244.35,244.55,4045.000,5648.000,15000.000,22500.000,243.717,244.042,244.283,244.628,-0.550,-0.495
2017-04-11 09:37:00,243.651,244.132,60.000,50.000,243.60,243.75,2500.000,7500.000,244.10,244.30,493.000,1509.000,243.55,243.80,2500.000,2500.000,244.05,244.35,4522.000,5616.000,20000.000,35000.000,243.469,243.885,243.994,244.425,-0.525,-0.518
2017-04-11 09:38:00,243.578,244.041,907.000,2.000,243.50,243.55,2500.000,12500.000,244.00,244.20,630.000,4.000,243.45,243.60,2500.000,2500.000,243.95,244.25,4418.000,2120.000,17500.000,37500.000,243.394,243.751,243.886,244.287,-0.575,-0.541
2017-04-11 09:39:00,243.703,244.162,635.000,29.000,243.55,243.70,5000.000,7500.000,244.10,244.30,870.000,10.000,243.50,243.75,2500.000,15000.000,244.05,244.35,5820.000,2139.000,25000.000,37500.000,243.440,243.839,243.960,244.390,-0.575,-0.568
2017-04-11 09:40:00,243.738,244.217,435.000,44.000,243.70,243.80,2500.000,12500.000,244.20,244.40,583.000,67.000,243.65,243.85,10000.000,2500.000,244.15,244.45,6631.000,6972.000,25000.000,50000.000,243.555,243.958,244.085,244.505,-0.550,-0.603
2017-04-11 09:41:00,243.684,244.278,117.000,124.000,243.65,243.80,5000.000,5000.000,244.25,244.45,2042.000,808.000,243.60,243.85,7500.000,10000.000,244.20,244.50,5018.000,6008.000,20000.000,37500.000,243.544,243.951,244.175,244.553,-0.625,-0.600
2017-04-11 09:42:00,243.769,244.363,395.000,100.000,243.75,243.85,5000.000,2500.000,244.40,244.55,2516.000,560.000,243.70,243.90,2500.000,5000.000,244.30,244.60,5110.000,5732.000,20000.000,40000.000,243.647,243.996,244.250,244.691,-0.675,-0.592
2017-04-11 09:43:00,243.776,244.358,522.000,665.000,243.75,243.90,2500.000,2500.000,244.40,244.55,2858.000,906.000,243.70,243.95,2500.000,5000.000,244.30,244.60,4290.000,6067.000,20000.000,42500.000,243.685,244.008,244.231,244.694,-0.650,-0.587
2017-04-11 09:44:00,243.972,244.567,1856.000,755.000,243.90,243.95,2500.000,5000.000,244.60,244.70,378.000,423.000,243.85,244.00,5000.000,7500.000,244.55,244.75,8362.000,3684.000,17500.000,35000.000,243.786,244.086,244.493,244.818,-0.725,-0.595
2017-04-11 09:45:00,243.694,244.345,3.000,1239.000,243.75,243.80,5000.000,2500.000,244.35,244.40,1001.000,366.000,243.70,243.85,2500.000,2500.000,244.30,244.50,4488.000,8651.000,20000.000,27500.000,243.579,243.939,244.256,244.586,-0.600,-0.586
2017-04-11 09:46:00,243.726,244.304,891.000,1.000,243.70,243.80,2500.000,5000.000,244.35,244.50,43.000,662.000,243.65,243.85,2500.000,5000.000,244.30,244.55,4697.000,5143.000,12500.000,52500.000,243.575,243.955,244.250,244.617,-0.675,-0.606
2017-04-11 09:47:00,243.742,244.295,27.000,639.000,243.65,243.85,2500.000,2500.000,244.35,244.45,1706.000,1152.000,243.60,243.90,2500.000,5000.000,244.30,244.50,5473.000,6148.000,15000.000,40000.000,243.521,243.970,244.217,244.588,-0.650,-0.625
2017-04-11 09:48:00,243.688,244.247,27.000,456.000,243.70,243.80,5000.000,2500.000,244.30,244.45,107.000,220.000,243.65,243.85,2500.000,17500.000,244.25,244.50,3354.000,7310.000,17500.000,55000.000,243.528,243.941,244.179,244.570,-0.625,-0.632
2017-04-11 09:49:00,243.675,244.308,2.000,2305.000,243.75,243.80,5000.000,2500.000,244.35,244.45,7.000,364.000,243.70,243.85,2500.000,12500.000,244.30,244.50,1753.000,10581.000,20000.000,55000.000,243.600,243.921,244.250,244.580,-0.625,-0.633
2017-04-11 09:50:00,243.699,244.306,119.000,289.000,243.70,243.75,5000.000,10000.000,244.35,244.50,107.000,2407.000,243.65,243.80,5000.000,7500.000,244.25,244.55,4089.000,6905.000,20000.000,57500.000,243.552,243.868,244.231,244.598,-0.700,-0.648
2017-04-11 09:51:00,243.635,244.310,106.000,2498.000,243.65,243.80,7500.000,10000.000,244.35,244.50,1196.000,1729.000,243.60,243.85,2500.000,10000.000,244.25,244.55,3454.000,10936.000,20000.000,52500.000,243.537,243.903,244.244,244.600,-0.700,-0.649
2017-04-11 09:52:00,243.599,244.248,105.000,205.000,243.65,243.75,10000.000,10000.000,244.25,244.45,130.000,3620.000,243.60,243.80,2500.000,12500.000,244.20,244.50,2399.000,8499.000,20000.000,52500.000,243.478,243.852,244.188,244.552,-0.650,-0.646
2017-04-11 09:53:00,243.609,244.202,1.000,304.000,243.65,243.75,2500.000,2500.000,244.25,244.35,231.000,4177.000,243.60,243.80,2500.000,10000.000,244.10,244.40,1757.000,8807.000,22500.000,37500.000,243.505,243.848,244.033,244.470,-0.600,-0.655
2017-04-11 09:54:00,243.629,244.270,702.000,2478.000,243.60,243.80,2500.000,2500.000,244.30,244.45,1116.000,1012.000,243.55,243.85,5000.000,12500.000,244.20,244.50,5018.000,9645.000,20000.000,42500.000,243.507,243.908,244.150,244.568,-0.675,-0.668
2017-04-11 09:55:00,243.739,244.422,10.000,1961.000,243.70,243.80,5000.000,5000.000,244.40,244.50,1483.000,205.000,243.65,243.85,5000.000,10000.000,244.35,244.55,6773.000,8859.000,32500.000,40000.000,243.549,243.923,244.254,244.600,-0.700,-0.665
2017-04-11 09:56:00,243.739,244.417,56.000,1600.000,243.70,243.80,5000.000,5000.000,244.40,244.50,1116.000,60.000,243.65,243.85,5000.000,7500.000,244.30,244.55,6447.000,8554.000,35000.000,40000.000,243.544,243.924,244.250,244.606,-0.700,-0.666
2017-04-11 09:57:00,243.562,244.198,45.000,584.000,243.60,243.65,2500.000,2500.000,244.15,244.30,514.000,1475.000,243.50,243.70,7500.000,2500.000,244.10,244.35,3384.000,6256.000,32500.000,32500.000,243.400,243.771,244.046,244.438,-0.600,-0.670
2017-04-11 09:58:00,243.510,244.147,801.000,68.000,243.50,243.60,12500.000,7500.000,244.10,244.30,236.000,1.000,243.45,243.65,5000.000,10000.000,244.05,244.35,3624.000,4225.000,30000.000,42500.000,243.390,243.761,244.037,244.406,-0.650,-0.663
2017-04-11 09:59:00,243.503,244.208,1137.000,1234.000,243.50,243.70,2500.000,5000.000,244.15,244.30,343.000,388.000,243.45,243.75,12500.000,7500.000,244.10,244.35,3169.000,7145.000,30000.000,35000.000,243.436,243.813,244.058,244.400,-0.625,-0.641
2017-04-11 10:00:00,243.598,244.269,517.000,92.000,243.60,243.70,2500.000,2500.000,244.25,244.35,469.000,134.000,243.55,243.75,2500.000,12500.000,244.20,244.40,4035.000,6558.000,25000.000,42500.000,243.483,243.836,244.130,244.450,-0.650,-0.608
2017-04-11 10:01:00,243.464,244.145,267.000,352.000,243.50,243.65,2500.000,2500.000,244.15,244.25,113.000,529.000,243.45,243.70,2500.000,2500.000,244.10,244.30,2545.000,8602.000,20000.000,32500.000,243.385,243.775,244.037,244.388,-0.625,-0.568
2017-04-11 10:02:00,243.603,244.261,298.000,190.000,243.65,243.70,12500.000,15000.000,244.20,244.40,92.000,919.000,243.60,243.75,5000.000,12500.000,244.15,244.45,2021.000,5959.000,32500.000,50000.000,243.500,243.831,244.127,244.477,-0.625,-0.520
2017-04-11 10:03:00,243.570,244.170,459.000,1333.000,243.55,243.65,2500.000,5000.000,244.15,244.30,266.000,344.000,243.50,243.70,7500.000,7500.000,244.10,244.35,4150.000,6742.000,25000.000,45000.000,243.405,243.768,244.050,244.408,-0.625,-0.490
2017-04-11 10:04:00,243.592,244.189,6.000,1100.000,243.55,243.65,2500.000,2500.000,244.20,244.25,266.000,534.000,243.50,243.70,5000.000,2500.000,244.10,244.30,5613.000,6592.000,25000.000,30000.000,243.417,243.771,244.045,244.358,-0.625,-0.467
2017-04-11 10:05:00,243.265,243.770,1.000,110.000,243.25,243.35,2500.000,5000.000,243.80,243.95,90.000,1440.000,243.20,243.40,5000.000,7500.000,243.75,244.00,2569.000,4970.000,15000.000,42500.000,243.065,243.475,243.700,244.065,-0.575,-0.494
2017-04-11 10:06:00,243.461,243.941,88.000,846.000,243.60,243.65,2500.000,10000.000,243.90,244.00,255.000,680.000,243.40,243.70,5000.000,7500.000,243.85,244.05,3613.000,11017.000,22500.000,32500.000,243.278,243.771,243.767,244.069,-0.325,-0.514
2017-04-11 10:07:00,243.887,244.306,99.000,689.000,243.90,244.05,2500.000,5000.000,244.25,244.40,579.000,345.000,243.85,244.10,7500.000,5000.000,244.20,244.45,3407.000,7261.000,20000.000,25000.000,243.769,244.202,244.150,244.500,-0.350,-0.540
2017-04-11 10:08:00,244.484,244.933,539.000,18.000,244.45,244.50,12500.000,5000.000,244.90,245.00,1328.000,51.000,244.40,244.60,2500.000,12500.000,244.85,245.05,4859.000,4451.000,27500.000,32500.000,244.330,244.713,244.818,245.092,-0.475,-0.519
2017-04-11 10:09:00,244.785,245.268,125.000,4784.000,244.80,244.85,5000.000,10000.000,245.25,245.40,270.000,362.000,244.75,244.90,5000.000,15000.000,245.15,245.45,3545.000,10553.000,25000.000,45000.000,244.662,244.933,245.105,245.492,-0.500,-0.507
2017-04-11 10:10:00,244.516,245.155,204.000,1196.000,244.55,244.75,5000.000,2500.000,245.10,245.20,615.000,268.000,244.50,244.80,7500.000,7500.000,245.05,245.25,2153.000,9845.000,27500.000,22500.000,244.450,244.857,244.995,245.306,-0.500,-0.458
2017-04-11 10:11:00,244.493,245.075,95.000,24.000,244.60,244.65,2500.000,2500.000,245.05,245.20,576.000,17.000,244.50,244.70,5000.000,7500.000,245.00,245.25,3281.000,7836.000,20000.000,35000.000,244.412,244.832,244.944,245.318,-0.500,-0.425
2017-04-11 10:12:00,244.400,244.947,176.000,818.000,244.50,244.60,2500.000,2500.000,244.90,245.00,101.000,347.000,244.45,244.65,7500.000,2500.000,244.85,245.05,1373.000,9564.000,20000.000,20000.000,244.364,244.748,244.800,245.106,-0.400,-0.384
2017-04-11 10:13:00,244.548,244.891,699.000,398.000,244.35,244.50,2500.000,2500.000,244.90,245.00,634.000,372.000,244.30,244.55,7500.000,5000.000,244.85,245.05,6568.000,1456.000,20000.000,37500.000,244.239,244.587,244.800,245.137,-0.525,-0.412
2017-04-11 10:14:00,244.404,244.829,534.000,25.000,244.30,244.45,2500.000,7500.000,244.85,244.95,2069.000,513.000,244.25,244.50,5000.000,2500.000,244.75,245.00,5624.000,3167.000,20000.000,32500.000,244.199,244.607,244.713,245.065,-0.525,-0.410
2017-04-11 10:15:00,244.183,244.573,111.000,410.000,244.25,244.35,2500.000,2500.000,244.65,244.80,110.000,477.000,244.20,244.40,5000.000,7500.000,244.60,244.85,1095.000,4822.000,17500.000,47500.000,244.129,244.483,244.514,244.947,-0.425,-0.413
2017-04-11 10:16:00,244.199,244.620,663.000,32.000,244.15,244.25,12500.000,10000.000,244.55,244.75,52.000,213.000,244.10,244.30,2500.000,7500.000,244.50,244.80,2936.000,2281.000,25000.000,32500.000,244.034,244.416,244.480,244.819,-0.450,-0.444
2017-04-11 10:17:00,244.282,244.619,648.000,166.000,244.15,244.25,2500.000,5000.000,244.60,244.75,510.000,13.000,244.10,244.30,12500.000,10000.000,244.55,244.80,6504.000,2226.000,25000.000,40000.000,244.016,244.416,244.510,244.878,-0.475,-0.462
2017-04-11 10:18:00,244.258,244.745,62.000,235.000,244.30,244.45,17500.000,2500.000,244.70,244.85,592.000,1015.000,244.25,244.50,7500.000,10000.000,244.65,244.90,2276.000,6946.000,37500.000,40000.000,244.168,244.598,244.643,244.956,-0.400,-0.440
2017-04-11 10:19:00,244.380,244.793,407.000,429.000,244.30,244.45,7500.000,10000.000,244.75,244.90,539.000,225.000,244.25,244.50,7500.000,7500.000,244.70,244.95,4364.000,3732.000,30000.000,45000.000,244.180,244.592,244.662,244.986,-0.450,-0.438
2017-04-11 10:20:00,244.279,244.687,47.000,371.000,244.30,244.40,5000.000,2500.000,244.70,244.80,350.000,528.000,244.25,244.45,2500.000,5000.000,244.65,244.85,3332.000,7239.000,22500.000,42500.000,244.153,244.545,244.600,244.926,-0.400,-0.401
2017-04-11 10:21:00,244.392,244.967,972.000,259.000,244.50,244.60,5000.000,5000.000,244.85,245.00,50.000,150.000,244.45,244.70,5000.000,5000.000,244.80,245.05,1910.000,11127.000,27500.000,17500.000,244.417,244.811,244.750,245.079,-0.375,-0.355
2017-04-11 10:22:00,244.439,244.867,488.000,344.000,244.60,244.65,12500.000,2500.000,244.80,244.90,27.000,2271.000,244.50,244.70,12500.000,2500.000,244.75,244.95,1026.000,13691.000,37500.000,22500.000,244.493,244.784,244.733,245.000,-0.225,-0.340
2017-04-11 10:23:00,244.549,244.927,11.000,357.000,244.65,244.70,10000.000,2500.000,244.85,244.95,713.000,2124.000,244.55,244.75,7500.000,10000.000,244.80,245.00,2608.000,10382.000,40000.000,25000.000,244.472,244.823,244.766,245.045,-0.225,-0.361
2017-04-11 10:24:00,244.785,245.185,820.000,1.000,244.80,244.90,7500.000,2500.000,245.10,245.20,689.000,63.000,244.75,244.95,10000.000,2500.000,245.05,245.25,3445.000,6818.000,32500.000,17500.000,244.705,245.021,245.015,245.321,-0.300,-0.343
2017-04-11 10:25:00,245.164,245.389,484.000,58.000,245.05,245.15,2500.000,5000.000,245.40,245.45,3772.000,352.000,245.00,245.20,7500.000,27500.000,245.30,245.50,7516.000,2380.000,27500.000,42500.000,244.954,245.295,245.259,245.518,-0.325,-0.403
2017-04-11 10:26:00,245.166,245.512,99.000,567.000,245.20,245.30,2500.000,2500.000,245.45,245.60,689.000,203.000,245.15,245.35,20000.000,10000.000,245.40,245.65,5190.000,10392.000,32500.000,32500.000,245.046,245.478,245.369,245.708,-0.275,-0.411
2017-04-11 10:27:00,245.216,245.567,27.000,662.000,245.25,245.40,17500.000,2500.000,245.50,245.65,414.000,298.000,245.20,245.45,5000.000,7500.000,245.45,245.70,2270.000,8936.000,37500.000,27500.000,245.118,245.514,245.427,245.759,-0.250,-0.416
2017-04-11 10:28:00,245.797,246.281,344.000,903.000,245.75,245.85,2500.000,10000.000,246.15,246.30,986.000,803.000,245.70,245.95,27500.000,2500.000,246.10,246.35,5517.000,9238.000,42500.000,22500.000,245.611,245.992,246.076,246.383,-0.425,-0.413
2017-04-11 10:29:00,245.719,246.029,385.000,1.000,245.60,245.70,5000.000,2500.000,246.00,246.10,313.000,364.000,245.55,245.80,7500.000,7500.000,245.95,246.15,6557.000,4492.000,27500.000,32500.000,245.450,245.891,245.895,246.208,-0.400,-0.452
2017-04-11 10:30:00,246.016,246.541,855.000,2.000,246.00,246.05,2500.000,5000.000,246.50,246.65,586.000,62.000,245.95,246.10,15000.000,15000.000,246.45,246.70,5349.000,3952.000,32500.000,47500.000,245.908,246.205,246.412,246.745,-0.550,-0.453
2017-04-11 10:31:00,246.126,246.511,884.000,64.000,246.05,246.20,7500.000,20000.000,246.50,246.70,375.000,1605.000,246.00,246.25,5000.000,10000.000,246.45,246.75,5300.000,5349.000,22500.000,57500.000,245.929,246.318,246.428,246.791,-0.475,-0.479
2017-04-11 10:32:00,245.996,246.374,80.000,64.000,245.90,245.95,2500.000,5000.000,246.40,246.50,298.000,384.000,245.85,246.05,5000.000,5000.000,246.35,246.55,6415.000,3481.000,15000.000,32500.000,245.776,246.138,246.308,246.627,-0.525,-0.484
2017-04-11 10:33:00,246.134,246.602,312.000,405.000,246.05,246.20,12500.000,2500.000,246.60,246.70,4001.000,386.000,246.00,246.25,5000.000,7500.000,246.55,246.75,5314.000,3518.000,25000.000,32500.000,245.979,246.323,246.545,246.815,-0.525,-0.499
2017-04-11 10:34:00,246.969,247.473,8.000,135.000,246.95,247.00,15000.000,2500.000,247.45,247.65,118.000,61.000,246.85,247.05,2500.000,5000.000,247.40,247.70,2911.000,2289.000,30000.000,35000.000,246.758,247.153,247.338,247.761,-0.575,-0.519
2017-04-11 10:35:00,246.693,247.225,21.000,150.000,246.65,246.75,2500.000,2500.000,247.20,247.30,249.000,291.000,246.60,246.85,2500.000,5000.000,247.15,247.35,4898.000,5926.000,20000.000,25000.000,246.500,246.968,247.094,247.420,-0.550,-0.508
2017-04-11 10:36:00,246.492,247.007,57.000,614.000,246.55,246.70,2500.000,2500.000,246.95,247.10,10.000,2082.000,246.50,246.75,5000.000,2500.000,246.90,247.15,453.000,5500.000,17500.000,17500.000,246.415,246.786,246.821,247.214,-0.400,-0.537
2017-04-11 10:37:00,246.429,246.831,762.000,135.000,246.30,246.45,2500.000,2500.000,246.85,246.95,1214.000,245.000,246.25,246.50,2500.000,10000.000,246.75,247.00,7491.000,3387.000,15000.000,30000.000,246.164,246.613,246.700,247.046,-0.525,-0.588
2017-04-11 10:38:00,246.411,246.952,1084.000,250.000,246.40,246.45,2500.000,7500.000,246.90,247.00,895.000,431.000,246.30,246.50,10000.000,7500.000,246.85,247.05,6238.000,5109.000,25000.000,30000.000,246.240,246.585,246.810,247.083,-0.525,-0.600
2017-04-11 10:39:00,246.364,246.967,1350.000,202.000,246.30,246.45,10000.000,2500.000,246.90,247.10,304.000,385.000,246.25,246.50,7500.000,7500.000,246.85,247.15,5117.000,4638.000,27500.000,32500.000,246.196,246.596,246.818,247.204,-0.625,-0.604
2017-04-11 10:40:00,246.576,247.052,896.000,49.000,246.45,246.50,2500.000,2500.000,247.05,247.15,202.000,195.000,246.35,246.55,7500.000,15000.000,246.95,247.20,6250.000,769.000,22500.000,32500.000,246.293,246.640,246.911,247.262,-0.625,-0.630
2017-04-11 10:41:00,246.151,246.811,915.000,19.000,246.05,246.20,2500.000,5000.000,246.80,246.90,2109.000,591.000,246.00,246.25,2500.000,2500.000,246.75,246.95,4740.000,2615.000,20000.000,27500.000,245.966,246.339,246.637,247.009,-0.725,-0.651
2017-04-11 10:42:00,246.125,246.785,983.000,50.000,246.05,246.20,2500.000,17500.000,246.70,246.80,379.000,1300.000,246.00,246.25,10000.000,2500.000,246.60,246.85,3250.000,3438.000,37500.000,27500.000,245.935,246.305,246.553,246.845,-0.625,-0.684
2017-04-11 10:43:00,246.149,246.750,231.000,335.000,246.00,246.15,5000.000,5000.000,246.70,246.80,11.000,670.000,245.95,246.20,2500.000,10000.000,246.65,246.85,4950.000,3150.000,27500.000,30000.000,245.829,246.272,246.595,246.892,-0.675,-0.692
2017-04-11 10:44:00,246.155,246.777,2625.000,250.000,246.00,246.15,5000.000,2500.000,246.70,246.80,446.000,823.000,245.95,246.20,7500.000,2500.000,246.65,246.85,8284.000,3181.000,22500.000,15000.000,245.888,246.274,246.611,246.917,-0.675,-0.705
2017-04-11 10:45:00,246.174,246.783,100.000,125.000,246.15,246.20,5000.000,7500.000,246.75,246.85,2285.000,61.000,246.10,246.25,5000.000,2500.000,246.70,246.90,3517.000,2422.000,20000.000,25000.000,246.063,246.340,246.662,246.955,-0.625,-0.718
2017-04-11 10:46:00,246.432,247.193,1470.000,47.000,246.45,246.50,12500.000,7500.000,247.05,247.25,60.000,557.000,246.35,246.55,7500.000,2500.000,247.00,247.30,2338.000,1917.000,35000.000,20000.000,246.377,246.619,246.961,247.325,-0.675,-0.679
2017-04-11 10:47:00,246.436,247.261,353.000,370.000,246.50,246.60,2500.000,2500.000,247.15,247.25,527.000,372.000,246.45,246.65,5000.000,2500.000,247.10,247.30,1684.000,5455.000,30000.000,15000.000,246.416,246.741,247.033,247.350,-0.650,-0.603
2017-04-11 10:48:00,246.489,247.133,333.000,290.000,246.45,246.50,2500.000,7500.000,247.05,247.20,174.000,476.000,246.40,246.60,17500.000,17500.000,247.00,247.25,4194.000,4702.000,32500.000,32500.000,246.282,246.707,246.965,247.262,-0.650,-0.567
2017-04-11 10:49:00,246.651,247.338,535.000,9.000,246.60,246.65,5000.000,2500.000,247.30,247.40,1796.000,38.000,246.50,246.70,7500.000,5000.000,247.25,247.45,7299.000,3317.000,30000.000,35000.000,246.431,246.817,247.200,247.500,-0.725,-0.517
2017-04-11 10:50:00,246.752,247.425,119.000,906.000,246.80,246.95,5000.000,15000.000,247.35,247.50,1365.000,3045.000,246.70,247.00,7500.000,5000.000,247.30,247.55,3929.000,11208.000,27500.000,32500.000,246.623,247.066,247.264,247.562,-0.550,-0.461
2017-04-11 10:51:00,246.769,247.335,1728.000,1677.000,246.80,246.90,5000.000,7500.000,247.30,247.40,1.000,437.000,246.75,246.95,5000.000,2500.000,247.25,247.45,4086.000,10582.000,22500.000,27500.000,246.717,247.013,247.206,247.486,-0.500,-0.443
2017-04-11 10:52:00,246.662,247.108,545.000,540.000,246.70,246.75,2500.000,5000.000,247.10,247.20,349.000,225.000,246.65,246.80,2500.000,2500.000,247.05,247.25,2752.000,5911.000,25000.000,35000.000,246.565,246.892,246.995,247.332,-0.425,-0.438
2017-04-11 10:53:00,246.392,246.853,156.000,252.000,246.40,246.55,2500.000,7500.000,246.85,247.00,51.000,1029.000,246.35,246.60,2500.000,5000.000,246.80,247.05,3953.000,8073.000,15000.000,32500.000,246.258,246.705,246.742,247.100,-0.450,-0.442
2017-04-11 10:54:00,246.181,246.620,1.000,48.000,246.15,246.20,2500.000,10000.000,246.55,246.70,100.000,1176.000,246.10,246.30,7500.000,2500.000,246.50,246.75,4532.000,6081.000,22500.000,27500.000,245.988,246.391,246.456,246.773,-0.450,-0.446
2017-04-11 10:55:00,246.149,246.543,385.000,110.000,246.05,246.20,7500.000,2500.000,246.50,246.60,310.000,417.000,246.00,246.25,5000.000,2500.000,246.45,246.65,4447.000,4046.000,27500.000,25000.000,245.914,246.308,246.377,246.710,-0.425,-0.464
2017-04-11 10:56:00,246.077,246.553,837.000,590.000,246.00,246.20,7500.000,2500.000,246.50,246.65,1125.000,1974.000,245.95,246.25,2500.000,2500.000,246.45,246.70,5612.000,7160.000,17500.000,20000.000,245.886,246.309,246.429,246.769,-0.475,-0.458
2017-04-11 10:57:00,246.112,246.530,110.000,1420.000,246.05,246.20,2500.000,5000.000,246.50,246.65,1553.000,935.000,246.00,246.25,2500.000,2500.000,246.45,246.70,4155.000,5662.000,12500.000,25000.000,245.925,246.294,246.400,246.750,-0.450,-0.462
2017-04-11 10:58:00,246.111,246.593,445.000,322.000,246.05,246.20,7500.000,2500.000,246.50,246.70,3411.000,951.000,246.00,246.25,2500.000,7500.000,246.45,246.75,6374.000,5562.000,25000.000,25000.000,245.957,246.348,246.385,246.830,-0.475,-0.456
2017-04-11 10:59:00,246.022,246.481,1829.000,870.000,246.00,246.15,5000.000,2500.000,246.40,246.50,229.000,2785.000,245.95,246.20,2500.000,2500.000,246.35,246.60,4401.000,8102.000,22500.000,17500.000,245.915,246.243,246.300,246.664,-0.375,-0.449
2017-04-11 11:00:00,246.001,246.487,2323.000,1565.000,246.00,246.15,2500.000,2500.000,246.40,246.50,129.000,2866.000,245.95,246.20,5000.000,5000.000,246.35,246.60,3646.000,8799.000,20000.000,17500.000,245.941,246.236,246.294,246.643,-0.375,-0.437
2017-04-11 11:01:00,245.978,246.424,2625.000,20.000,246.00,246.05,5000.000,2500.000,246.30,246.40,64.000,396.000,245.95,246.15,7500.000,5000.000,246.25,246.55,4760.000,7538.000,27500.000,20000.000,245.929,246.227,246.200,246.581,-0.325,-0.442
2017-04-11 11:02:00,246.241,246.677,416.000,460.000,246.15,246.20,10000.000,10000.000,246.55,246.75,589.000,134.000,246.10,246.25,2500.000,2500.000,246.50,246.80,6949.000,2768.000,32500.000,27500.000,246.014,246.347,246.446,246.832,-0.475,-0.443
2017-04-11 11:03:00,246.217,246.668,60.000,133.000,246.15,246.25,7500.000,5000.000,246.60,246.75,686.000,322.000,246.10,246.30,7500.000,2500.000,246.55,246.80,6639.000,4732.000,25000.000,22500.000,246.008,246.430,246.520,246.861,-0.475,-0.421
2017-04-11 11:04:00,246.187,246.613,100.000,707.000,246.20,246.30,7500.000,2500.000,246.55,246.70,499.000,216.000,246.10,246.35,2500.000,5000.000,246.50,246.75,6072.000,8885.000,22500.000,25000.000,246.012,246.440,246.456,246.800,-0.375,-0.428
2017-04-11 11:05:00,246.201,246.628,546.000,330.000,246.10,246.20,5000.000,2500.000,246.55,246.70,661.000,386.000,246.05,246.30,2500.000,5000.000,246.50,246.75,9123.000,5633.000,22500.000,22500.000,245.995,246.391,246.439,246.806,-0.475,-0.424
2017-04-11 11:06:00,246.157,246.625,210.000,344.000,246.10,246.20,5000.000,7500.000,246.55,246.70,351.000,60.000,246.05,246.25,2500.000,7500.000,246.50,246.75,7247.000,4910.000,22500.000,27500.000,245.994,246.363,246.439,246.777,-0.475,-0.425
2017-04-11 11:07:00,246.188,246.629,228.000,217.000,246.15,246.30,5000.000,2500.000,246.55,246.70,195.000,1301.000,246.10,246.35,7500.000,7500.000,246.50,246.75,6501.000,9465.000,27500.000,25000.000,246.009,246.435,246.450,246.810,-0.400,-0.414
2017-04-11 11:08:00,246.297,246.642,28.000,60.000,246.20,246.30,10000.000,7500.000,246.55,246.75,101.000,721.000,246.15,246.35,7500.000,5000.000,246.50,246.80,6324.000,5125.000,30000.000,30000.000,246.009,246.442,246.471,246.846,-0.400,-0.431
2017-04-11 11:09:00,246.233,246.695,351.000,506.000,246.15,246.35,5000.000,5000.000,246.60,246.75,122.000,451.000,246.10,246.40,5000.000,5000.000,246.55,246.80,6824.000,8622.000,27500.000,22500.000,246.011,246.470,246.505,246.839,-0.425,-0.436
2017-04-11 11:10:00,246.254,246.662,292.000,616.000,246.15,246.35,5000.000,2500.000,246.60,246.70,121.000,2951.000,246.10,246.40,2500.000,7500.000,246.55,246.75,7685.000,8982.000,27500.000,25000.000,246.001,246.456,246.491,246.800,-0.400,-0.443
2017-04-11 11:11:00,246.183,246.653,111.000,524.000,246.10,246.30,2500.000,2500.000,246.60,246.70,429.000,441.000,246.05,246.35,5000.000,7500.000,246.55,246.75,7376.000,7812.000,25000.000,25000.000,245.988,246.432,246.495,246.800,-0.450,-0.455
2017-04-11 11:12:00,246.198,246.583,5.000,676.000,246.10,246.25,5000.000,2500.000,246.50,246.60,632.000,2702.000,246.05,246.30,2500.000,2500.000,246.45,246.65,7541.000,6573.000,27500.000,17500.000,245.987,246.340,246.391,246.714,-0.375,-0.459
2017-04-11 11:13:00,246.178,246.610,660.000,90.000,246.10,246.25,2500.000,2500.000,246.55,246.65,480.000,253.000,246.05,246.30,10000.000,2500.000,246.50,246.70,6795.000,4986.000,27500.000,22500.000,246.004,246.402,246.445,246.767,-0.425,-0.464
2017-04-11 11:14:00,246.217,246.702,464.000,24.000,246.15,246.25,7500.000,10000.000,246.55,246.75,930.000,60.000,246.10,246.30,7500.000,2500.000,246.50,246.80,7467.000,4740.000,30000.000,20000.000,246.021,246.438,246.454,246.812,-0.450,-0.421
2017-04-11 11:15:00,246.318,246.764,938.000,95.000,246.20,246.35,2500.000,7500.000,246.70,246.85,535.000,122.000,246.15,246.40,5000.000,7500.000,246.65,246.90,9635.000,6056.000,27500.000,35000.000,246.049,246.524,246.577,246.950,-0.500,-0.395
2017-04-11 11:16:00,246.154,246.682,149.000,9.000,246.25,246.30,10000.000,7500.000,246.55,246.75,903.000,160.000,246.20,246.35,10000.000,5000.000,246.50,246.80,2444.000,8205.000,32500.000,22500.000,246.147,246.471,246.477,246.822,-0.375,-0.379
2017-04-11 11:17:00,246.222,246.627,594.000,415.000,246.20,246.30,7500.000,2500.000,246.55,246.70,100.000,684.000,246.15,246.35,10000.000,5000.000,246.50,246.75,6989.000,10226.000,27500.000,22500.000,246.037,246.442,246.477,246.800,-0.375,-0.396
2017-04-11 11:18:00,246.221,246.676,171.000,414.000,246.20,246.30,2500.000,5000.000,246.60,246.70,160.000,1589.000,246.15,246.35,7500.000,5000.000,246.55,246.75,6778.000,10933.000,27500.000,20000.000,246.027,246.435,246.509,246.781,-0.400,-0.393
2017-04-11 11:19:00,246.222,246.493,107.000,616.000,246.15,246.20,7500.000,2500.000,246.50,246.55,448.000,2921.000,246.10,246.25,2500.000,2500.000,246.45,246.60,6604.000,5629.000,22500.000,27500.000,245.998,246.279,246.417,246.673,-0.350,-0.434
2017-04-11 11:20:00,246.057,246.375,2365.000,3221.000,246.00,246.15,2500.000,2500.000,246.35,246.45,224.000,849.000,245.95,246.20,7500.000,7500.000,246.30,246.50,5973.000,7721.000,22500.000,27500.000,245.910,246.234,246.256,246.564,-0.325,-0.439
2017-04-11 11:21:00,246.066,246.515,2195.000,66.000,246.00,246.15,7500.000,2500.000,246.40,246.55,455.000,284.000,245.95,246.20,7500.000,2500.000,246.35,246.60,5179.000,3694.000,32500.000,17500.000,245.922,246.312,246.308,246.657,-0.400,-0.420
2017-04-11 11:22:00,245.957,246.443,1672.000,458.000,246.00,246.15,2500.000,2500.000,246.35,246.50,230.000,564.000,245.95,246.20,5000.000,5000.000,246.30,246.55,2906.000,7932.000,20000.000,17500.000,245.938,246.286,246.250,246.643,-0.350,-0.403
2017-04-11 11:23:00,245.865,246.306,32.000,11.000,245.80,245.90,2500.000,2500.000,246.15,246.30,902.000,385.000,245.75,245.95,7500.000,5000.000,246.10,246.35,4590.000,3804.000,42500.000,22500.000,245.654,246.054,246.026,246.450,-0.375,-0.393
2017-04-11 11:24:00,245.823,246.300,25.000,50.000,245.90,245.95,7500.000,2500.000,246.15,246.30,4.000,832.000,245.80,246.00,2500.000,2500.000,246.10,246.35,1786.000,4705.000,35000.000,15000.000,245.677,246.092,246.036,246.417,-0.300,-0.391
2017-04-11 11:25:00,245.876,246.218,185.000,445.000,245.75,245.90,2500.000,5000.000,246.10,246.25,110.000,3041.000,245.70,245.95,5000.000,2500.000,246.05,246.30,5647.000,5051.000,35000.000,20000.000,245.597,245.973,245.989,246.363,-0.350,-0.409
2017-04-11 11:26:00,245.714,246.069,1308.000,395.000,245.60,245.80,12500.000,5000.000,246.00,246.15,2172.000,656.000,245.55,245.85,5000.000,5000.000,245.95,246.20,9877.000,7012.000,27500.000,25000.000,245.507,245.937,245.936,246.275,-0.375,-0.421
2017-04-11 11:27:00,245.721,246.118,964.000,354.000,245.60,245.75,17500.000,5000.000,246.00,246.20,1909.000,689.000,245.55,245.80,5000.000,7500.000,245.95,246.25,8500.000,4360.000,32500.000,22500.000,245.491,245.899,245.935,246.278,-0.425,-0.434
2017-04-11 11:28:00,245.642,246.035,938.000,40.000,245.60,245.70,5000.000,7500.000,246.00,246.10,1122.000,598.000,245.55,245.75,2500.000,5000.000,245.95,246.15,6692.000,5506.000,17500.000,25000.000,245.497,245.854,245.907,246.175,-0.400,-0.442
2017-04-11 11:29:00,245.553,246.018,284.000,702.000,245.50,245.70,2500.000,7500.000,245.95,246.10,1218.000,512.000,245.45,245.75,2500.000,5000.000,245.90,246.15,4463.000,5976.000,17500.000,30000.000,245.393,245.837,245.821,246.204,-0.425,-0.428
2017-04-11 11:30:00,245.692,246.124,699.000,68.000,245.55,245.65,2500.000,5000.000,246.05,246.20,5048.000,105.000,245.50,245.70,7500.000,7500.000,246.00,246.25,8561.000,1766.000,22500.000,25000.000,245.465,245.841,245.956,246.315,-0.525,-0.420
2017-04-11 11:31:00,245.790,246.209,110.000,648.000,245.80,245.85,10000.000,2500.000,246.10,246.30,145.000,13.000,245.70,245.90,2500.000,5000.000,246.05,246.35,5522.000,6033.000,22500.000,17500.000,245.518,245.994,246.033,246.393,-0.375,-0.430
2017-04-11 11:32:00,245.531,245.990,4214.000,852.000,245.50,245.60,2500.000,2500.000,245.90,246.05,896.000,80.000,245.45,245.65,5000.000,7500.000,245.85,246.10,6577.000,4745.000,27500.000,22500.000,245.457,245.724,245.791,246.150,-0.425,-0.437
2017-04-11 11:33:00,245.525,245.957,4376.000,652.000,245.50,245.60,7500.000,5000.000,245.85,246.05,1.000,80.000,245.45,245.65,10000.000,5000.000,245.80,246.10,5192.000,3404.000,30000.000,22500.000,245.475,245.727,245.771,246.144,-0.400,-0.443
2017-04-11 11:34:00,245.770,246.167,538.000,6.000,245.60,245.70,2500.000,5000.000,246.05,246.25,365.000,13.000,245.55,245.75,5000.000,2500.000,246.00,246.30,7059.000,1589.000,15000.000,15000.000,245.495,245.931,245.958,246.358,-0.500,-0.454
2017-04-11 11:35:00,245.596,245.990,3.000,1241.000,245.55,245.70,7500.000,2500.000,245.85,246.05,4598.000,1806.000,245.50,245.75,7500.000,5000.000,245.80,246.10,5834.000,7564.000,32500.000,17500.000,245.470,245.796,245.746,246.143,-0.325,-0.453
2017-04-11 11:36:00,245.543,246.011,4315.000,203.000,245.50,245.65,2500.000,2500.000,245.90,246.05,1.000,755.000,245.45,245.70,5000.000,5000.000,245.85,246.10,7322.000,6699.000,27500.000,17500.000,245.432,245.797,245.786,246.150,-0.400,-0.448
2017-04-11 11:37:00,245.536,246.031,4376.000,508.000,245.50,245.60,10000.000,5000.000,245.90,246.05,1.000,482.000,245.45,245.65,5000.000,2500.000,245.85,246.10,6630.000,5159.000,35000.000,17500.000,245.438,245.727,245.811,246.150,-0.425,-0.425
2017-04-11 11:38:00,245.571,246.030,3669.000,619.000,245.50,245.65,7500.000,2500.000,245.90,246.05,61.000,811.000,245.45,245.70,5000.000,5000.000,245.85,246.10,6980.000,5758.000,32500.000,17500.000,245.419,245.774,245.804,246.164,-0.400,-0.424
2017-04-11 11:39:00,245.448,245.900,1249.000,345.000,245.50,245.60,7500.000,7500.000,245.80,246.00,311.000,165.000,245.45,245.65,5000.000,2500.000,245.75,246.05,3677.000,7767.000,20000.000,20000.000,245.406,245.768,245.731,246.081,-0.350,-0.427
2017-04-11 11:40:00,245.625,246.017,358.000,61.000,245.55,245.70,5000.000,5000.000,245.90,246.10,1453.000,552.000,245.50,245.75,2500.000,5000.000,245.85,246.15,6092.000,4996.000,20000.000,17500.000,245.432,245.860,245.794,246.186,-0.375,-0.425
2017-04-11 11:41:00,245.670,246.113,1.000,2000.000,245.75,245.85,5000.000,5000.000,246.05,246.20,161.000,305.000,245.70,245.90,5000.000,5000.000,246.00,246.25,1099.000,9187.000,20000.000,20000.000,245.603,245.969,245.931,246.294,-0.325,-0.425
2017-04-11 11:42:00,245.650,246.032,1.000,445.000,245.65,245.75,5000.000,2500.000,245.95,246.10,300.000,667.000,245.60,245.80,10000.000,2500.000,245.90,246.15,3293.000,6839.000,25000.000,17500.000,245.485,245.878,245.855,246.207,-0.325,-0.414
2017-04-11 11:43:00,245.691,246.143,7.000,50.000,245.70,245.80,2500.000,7500.000,246.05,246.20,121.000,1903.000,245.65,245.85,10000.000,7500.000,246.00,246.25,4274.000,8587.000,30000.000,27500.000,245.515,245.955,245.946,246.282,-0.375,-0.426
2017-04-11 11:44:00,245.819,246.287,1940.000,352.000,245.85,245.90,7500.000,7500.000,246.15,246.35,50.000,10.000,245.75,245.95,2500.000,5000.000,246.10,246.40,3487.000,4249.000,27500.000,22500.000,245.750,246.016,246.050,246.428,-0.375,-0.456
2017-04-11 11:45:00,245.659,246.041,4.000,553.000,245.70,245.75,2500.000,2500.000,246.00,246.15,123.000,175.000,245.65,245.80,2500.000,5000.000,245.95,246.20,4087.000,6341.000,17500.000,25000.000,245.498,245.904,245.900,246.270,-0.350,-0.445
2017-04-11 11:46:00,245.849,246.288,491.000,1497.000,245.85,246.00,10000.000,2500.000,246.20,246.40,393.000,111.000,245.80,246.05,2500.000,5000.000,246.15,246.45,3262.000,7157.000,25000.000,27500.000,245.727,246.126,246.120,246.568,-0.375,-0.437
2017-04-11 11:47:00,246.231,246.559,2.000,774.000,246.20,246.25,2500.000,2500.000,246.55,246.60,1.000,201.000,246.15,246.30,7500.000,5000.000,246.45,246.65,4978.000,5880.000,20000.000,20000.000,246.029,246.380,246.406,246.706,-0.350,-0.490
2017-04-11 11:48:00,245.810,246.319,659.000,337.000,245.70,245.85,2500.000,10000.000,246.25,246.30,533.000,253.000,245.65,245.90,7500.000,5000.000,246.20,246.35,7651.000,5819.000,42500.000,35000.000,245.545,245.998,246.126,246.404,-0.500,-0.504
2017-04-11 11:49:00,245.582,246.205,1395.000,1300.000,245.50,245.60,2500.000,7500.000,246.10,246.25,461.000,201.000,245.45,245.65,5000.000,7500.000,246.05,246.30,5400.000,3722.000,27500.000,25000.000,245.395,245.696,245.982,246.325,-0.625,-0.515
2017-04-11 11:50:00,246.171,246.498,500.000,1049.000,246.10,246.20,12500.000,5000.000,246.40,246.50,460.000,50.000,246.05,246.25,12500.000,5000.000,246.35,246.55,6380.000,5583.000,50000.000,25000.000,245.975,246.305,246.305,246.595,-0.300,-0.550
2017-04-11 11:51:00,245.909,246.307,616.000,1531.000,245.85,245.95,15000.000,2500.000,246.20,246.35,903.000,2105.000,245.80,246.00,10000.000,7500.000,246.15,246.40,6044.000,6862.000,47500.000,27500.000,245.739,246.024,246.126,246.459,-0.375,-0.577
2017-04-11 11:52:00,245.727,246.320,492.000,509.000,245.65,245.75,10000.000,7500.000,246.25,246.35,558.000,3304.000,245.60,245.85,2500.000,5000.000,246.20,246.40,10962.000,10984.000,30000.000,27500.000,245.515,245.926,246.154,246.436,-0.600,-0.556
2017-04-11 11:53:00,245.610,246.195,2094.000,350.000,245.55,245.60,2500.000,5000.000,246.15,246.25,1687.000,142.000,245.50,245.65,2500.000,10000.000,246.10,246.30,7364.000,3145.000,20000.000,27500.000,245.460,245.727,246.025,246.336,-0.625,-0.543
2017-04-11 11:54:00,245.417,246.091,2595.000,164.000,245.50,245.55,12500.000,2500.000,246.00,246.20,341.000,606.000,245.45,245.60,5000.000,12500.000,245.95,246.25,3217.000,6227.000,30000.000,27500.000,245.485,245.710,245.917,246.291,-0.575,-0.486
2017-04-11 11:55:00,245.849,246.350,105.000,706.000,245.75,245.80,5000.000,5000.000,246.35,246.45,2584.000,365.000,245.65,245.85,2500.000,5000.000,246.30,246.50,12104.000,4234.000,15000.000,27500.000,245.559,245.924,246.267,246.550,-0.625,-0.442
2017-04-11 11:56:00,245.929,246.461,153.000,532.000,245.90,245.95,5000.000,5000.000,246.40,246.50,1372.000,1399.000,245.80,246.00,2500.000,7500.000,246.35,246.55,5524.000,4975.000,27500.000,27500.000,245.711,246.057,246.291,246.586,-0.525,-0.390
2017-04-11 11:57:00,245.943,246.432,584.000,11.000,245.85,245.90,2500.000,7500.000,246.40,246.50,3422.000,203.000,245.80,245.95,2500.000,5000.000,246.35,246.55,6853.000,1750.000,20000.000,27500.000,245.747,246.039,246.294,246.595,-0.575,-0.355
2017-04-11 11:58:00,246.213,246.729,499.000,647.000,246.20,246.30,2500.000,2500.000,246.65,246.75,15.000,228.000,246.15,246.35,2500.000,2500.000,246.60,246.80,6800.000,8981.000,20000.000,15000.000,246.053,246.464,246.537,246.850,-0.450,-0.302
2017-04-11 11:59:00,246.377,246.769,252.000,194.000,246.35,246.40,5000.000,2500.000,246.70,246.80,500.000,194.000,246.30,246.45,2500.000,2500.000,246.65,246.85,5527.000,6561.000,30000.000,22500.000,246.210,246.511,246.579,246.933,-0.375,-0.277
2017-04-11 12:00:00,246.515,246.795,401.000,2844.000,246.45,246.50,2500.000,10000.000,246.70,246.75,1021.000,1.000,246.40,246.55,15000.000,5000.000,246.65,246.80,6861.000,6668.000,62500.000,35000.000,246.300,246.574,246.584,246.875,-0.250,-0.257
2017-04-11 12:01:00,246.517,246.793,249.000,250.000,246.50,246.60,5000.000,2500.000,246.70,246.75,709.000,252.000,246.45,246.65,5000.000,2500.000,246.65,246.85,3624.000,4374.000,52500.000,22500.000,246.392,246.741,246.574,246.928,-0.175,-0.247
2017-04-11 12:02:00,246.295,246.604,371.000,104.000,246.25,246.40,5000.000,2500.000,246.55,246.70,773.000,577.000,246.20,246.45,5000.000,2500.000,246.50,246.75,3898.000,5084.000,17500.000,17500.000,246.116,246.538,246.471,246.821,-0.300,-0.227
2017-04-11 12:03:00,246.228,246.479,531.000,300.000,246.10,246.25,2500.000,5000.000,246.50,246.55,1839.000,50.000,246.05,246.30,2500.000,2500.000,246.45,246.60,10767.000,6071.000,15000.000,27500.000,245.975,246.382,246.383,246.673,-0.350,-0.227
2017-04-11 12:04:00,246.411,246.680,801.000,51.000,246.40,246.45,7500.000,5000.000,246.65,246.85,50.000,793.000,246.30,246.50,2500.000,12500.000,246.60,246.90,2737.000,2554.000,27500.000,47500.000,246.239,246.566,246.559,246.971,-0.325,-0.249
2017-04-11 12:05:00,246.513,246.694,60.000,1.000,246.45,246.60,2500.000,2500.000,246.70,246.85,435.000,202.000,246.40,246.65,5000.000,10000.000,246.65,246.90,3990.000,4786.000,20000.000,42500.000,246.279,246.752,246.600,246.976,-0.250,-0.313
2017-04-11 12:06:00,246.481,246.707,445.000,5.000,246.40,246.55,5000.000,7500.000,246.70,246.85,538.000,120.000,246.35,246.60,5000.000,7500.000,246.65,246.90,5162.000,3766.000,25000.000,45000.000,246.272,246.738,246.610,246.972,-0.300,-0.367
2017-04-11 12:07:00,246.387,246.593,897.000,70.000,246.20,246.40,2500.000,5000.000,246.55,246.65,1666.000,362.000,246.15,246.45,5000.000,2500.000,246.50,246.70,8593.000,4025.000,17500.000,20000.000,246.065,246.530,246.443,246.750,-0.300,-0.409
2017-04-11 12:08:00,246.431,246.684,202.000,567.000,246.40,246.45,2500.000,2500.000,246.60,246.75,60.000,1500.000,246.35,246.50,5000.000,5000.000,246.55,246.80,4564.000,4751.000,30000.000,25000.000,246.255,246.577,246.450,246.870,-0.250,-0.432
2017-04-11 12:09:00,245.909,246.287,1368.000,513.000,245.80,245.90,10000.000,2500.000,246.30,246.35,2665.000,500.000,245.75,245.95,2500.000,10000.000,246.25,246.40,9618.000,3474.000,22500.000,35000.000,245.713,246.008,246.233,246.446,-0.475,-0.450
2017-04-11 12:10:00,245.763,246.263,662.000,2.000,245.65,245.70,5000.000,2500.000,246.20,246.35,4658.000,502.000,245.60,245.85,5000.000,7500.000,246.15,246.40,11705.000,5963.000,30000.000,35000.000,245.549,245.947,246.088,246.457,-0.600,-0.426
2017-04-11 12:11:00,245.960,246.457,20.000,546.000,246.05,246.10,10000.000,2500.000,246.40,246.55,18.000,1052.000,246.00,246.15,5000.000,2500.000,246.35,246.60,1220.000,9744.000,30000.000,27500.000,245.904,246.226,246.321,246.682,-0.400,-0.416
2017-04-11 12:12:00,246.067,246.487,31.000,924.000,246.15,246.20,7500.000,2500.000,246.45,246.60,30.000,447.000,246.10,246.25,7500.000,7500.000,246.40,246.65,332.000,4422.000,30000.000,35000.000,246.002,246.304,246.358,246.739,-0.350,-0.436
2017-04-11 12:13:00,246.223,246.588,100.000,52.000,246.10,246.20,2500.000,2500.000,246.60,246.70,136.000,117.000,246.05,246.25,5000.000,5000.000,246.50,246.75,7534.000,3159.000,27500.000,37500.000,245.966,246.343,246.441,246.830,-0.500,-0.467
2017-04-11 12:14:00,246.180,246.647,970.000,13.000,246.00,246.10,2500.000,2500.000,246.60,246.70,4049.000,202.000,245.95,246.20,5000.000,5000.000,246.50,246.75,7810.000,1031.000,25000.000,20000.000,245.922,246.285,246.450,246.806,-0.600,-0.479
2017-04-11 12:15:00,246.145,246.527,169.000,364.000,246.00,246.10,7500.000,5000.000,246.45,246.65,160.000,253.000,245.95,246.15,5000.000,5000.000,246.40,246.70,3708.000,1507.000,27500.000,27500.000,245.856,246.198,246.341,246.764,-0.500,-0.507
2017-04-11 12:16:00,246.092,246.540,59.000,343.000,245.90,246.00,7500.000,5000.000,246.45,246.65,2466.000,35.000,245.85,246.05,5000.000,2500.000,246.40,246.70,9316.000,1169.000,25000.000,25000.000,245.772,246.096,246.365,246.755,-0.600,-0.527
2017-04-11 12:17:00,245.992,246.511,4324.000,187.000,245.80,246.00,2500.000,2500.000,246.45,246.55,3296.000,203.000,245.75,246.05,2500.000,2500.000,246.40,246.60,10664.000,2164.000,22500.000,22500.000,245.741,246.140,246.322,246.717,-0.600,-0.520
2017-04-11 12:18:00,245.999,246.518,1357.000,2028.000,245.85,246.00,5000.000,5000.000,246.45,246.60,2942.000,110.000,245.80,246.05,5000.000,7500.000,246.40,246.65,9526.000,3811.000,22500.000,25000.000,245.761,246.078,246.356,246.690,-0.600,-0.507
2017-04-11 12:19:00,246.000,246.525,1311.000,1998.000,245.85,246.00,5000.000,5000.000,246.45,246.60,2949.000,111.000,245.80,246.05,5000.000,5000.000,246.40,246.65,9476.000,3754.000,22500.000,22500.000,245.760,246.078,246.356,246.694,-0.600,-0.492
2017-04-11 12:20:00,246.007,246.528,1554.000,389.000,245.85,246.00,2500.000,5000.000,246.45,246.60,3138.000,67.000,245.80,246.05,5000.000,2500.000,246.40,246.65,8630.000,2354.000,20000.000,20000.000,245.765,246.131,246.344,246.700,-0.600,-0.475
2017-04-11 12:21:00,245.981,246.531,1379.000,249.000,245.85,246.00,5000.000,2500.000,246.45,246.60,3138.000,270.000,245.80,246.05,7500.000,2500.000,246.40,246.65,8455.000,3391.000,25000.000,20000.000,245.763,246.135,246.360,246.719,-0.600,-0.468
2017-04-11 12:22:00,246.027,246.511,43.000,73.000,245.95,246.00,2500.000,2500.000,246.50,246.60,3367.000,218.000,245.85,246.05,2500.000,5000.000,246.45,246.65,7382.000,2172.000,17500.000,27500.000,245.795,246.142,246.393,246.714,-0.575,-0.467
2017-04-11 12:23:00,246.065,246.519,38.000,209.000,245.95,246.00,2500.000,2500.000,246.50,246.60,272.000,65.000,245.90,246.05,5000.000,7500.000,246.45,246.65,6965.000,2155.000,22500.000,30000.000,245.806,246.139,246.378,246.713,-0.575,-0.450
2017-04-11 12:24:00,245.986,246.436,273.000,482.000,245.90,246.00,2500.000,7500.000,246.40,246.55,751.000,138.000,245.85,246.05,2500.000,7500.000,246.35,246.60,5626.000,3269.000,20000.000,35000.000,245.789,246.128,246.275,246.650,-0.525,-0.461
2017-04-11 12:25:00,246.015,246.453,313.000,118.000,245.90,246.00,2500.000,2500.000,246.45,246.55,751.000,317.000,245.85,246.05,5000.000,7500.000,246.40,246.60,7283.000,3058.000,17500.000,30000.000,245.779,246.138,246.343,246.667,-0.550,-0.446
2017-04-11 12:26:00,245.937,246.452,268.000,512.000,245.90,246.05,2500.000,5000.000,246.40,246.55,751.000,747.000,245.85,246.10,2500.000,7500.000,246.35,246.60,5813.000,7197.000,20000.000,30000.000,245.785,246.198,246.275,246.646,-0.500,-0.430
2017-04-11 12:27:00,246.011,246.489,6.000,110.000,245.95,246.05,2500.000,2500.000,246.50,246.55,835.000,414.000,245.90,246.10,7500.000,5000.000,246.45,246.60,8353.000,6803.000,25000.000,32500.000,245.809,246.209,246.375,246.677,-0.525,-0.415
2017-04-11 12:28:00,246.120,246.488,51.000,346.000,245.95,246.10,2500.000,2500.000,246.45,246.60,998.000,525.000,245.90,246.15,5000.000,7500.000,246.40,246.65,8825.000,3925.000,17500.000,25000.000,245.801,246.219,246.343,246.715,-0.500,-0.435
2017-04-11 12:29:00,246.124,246.626,773.000,533.000,245.95,246.20,2500.000,2500.000,246.55,246.70,3710.000,1098.000,245.90,246.25,5000.000,5000.000,246.50,246.75,11324.000,7181.000,22500.000,20000.000,245.824,246.345,246.417,246.806,-0.550,-0.424
2017-04-11 12:30:00,246.120,246.486,500.000,689.000,245.95,246.15,5000.000,2500.000,246.45,246.60,1404.000,1140.000,245.90,246.20,5000.000,7500.000,246.40,246.65,9067.000,5567.000,20000.000,25000.000,245.809,246.259,246.344,246.705,-0.475,-0.466
2017-04-11 12:31:00,246.020,246.456,510.000,449.000,245.95,246.00,2500.000,2500.000,246.40,246.55,1195.000,874.000,245.90,246.10,2500.000,5000.000,246.35,246.60,8632.000,6574.000,17500.000,22500.000,245.807,246.201,246.286,246.656,-0.500,-0.501
2017-04-11 12:32:00,246.075,246.476,586.000,317.000,245.95,246.00,2500.000,2500.000,246.40,246.55,495.000,330.000,245.90,246.05,2500.000,10000.000,246.35,246.60,8008.000,2365.000,20000.000,22500.000,245.800,246.128,246.287,246.639,-0.500,-0.525
2017-04-11 12:33:00,246.024,246.494,170.000,724.000,246.00,246.10,2500.000,2500.000,246.45,246.55,557.000,721.000,245.95,246.15,5000.000,2500.000,246.40,246.60,4303.000,7140.000,20000.000,20000.000,245.834,246.221,246.338,246.675,-0.450,-0.514
2017-04-11 12:34:00,246.060,246.507,60.000,429.000,246.00,246.15,5000.000,5000.000,246.45,246.60,557.000,2446.000,245.95,246.20,7500.000,7500.000,246.40,246.65,4193.000,6579.000,25000.000,27500.000,245.831,246.254,246.360,246.709,-0.450,-0.487
2017-04-11 12:35:00,245.701,246.276,1676.000,519.000,245.55,245.70,2500.000,10000.000,246.25,246.35,2018.000,5.000,245.50,245.75,2500.000,5000.000,246.20,246.40,9955.000,3966.000,17500.000,30000.000,245.434,245.839,246.129,246.438,-0.675,-0.439
2017-04-11 12:36:00,245.698,246.310,144.000,422.000,245.70,245.75,7500.000,7500.000,246.20,246.40,10.000,671.000,245.65,245.80,5000.000,5000.000,246.15,246.45,4663.000,5762.000,32500.000,30000.000,245.566,245.903,246.100,246.496,-0.575,-0.362
2017-04-11 12:37:00,246.088,246.611,1500.000,715.000,246.10,246.20,2500.000,5000.000,246.60,246.65,278.000,2104.000,246.05,246.25,7500.000,5000.000,246.55,246.70,3973.000,7619.000,27500.000,30000.000,246.022,246.310,246.491,246.775,-0.475,-0.306
2017-04-11 12:38:00,246.133,246.547,1650.000,487.000,246.05,246.30,5000.000,2500.000,246.50,246.60,2082.000,2686.000,246.00,246.35,2500.000,5000.000,246.45,246.65,6738.000,8084.000,20000.000,20000.000,245.968,246.425,246.394,246.713,-0.375,-0.267
2017-04-11 12:39:00,246.320,246.631,1150.000,475.000,246.35,246.40,2500.000,2500.000,246.60,246.70,42.000,2605.000,246.30,246.45,7500.000,2500.000,246.55,246.75,2365.000,5918.000,22500.000,22500.000,246.284,246.488,246.500,246.811,-0.275,-0.270
2017-04-11 12:40:00,246.324,246.662,250.000,893.000,246.30,246.35,5000.000,2500.000,246.60,246.70,853.000,34.000,246.25,246.40,7500.000,2500.000,246.55,246.75,4088.000,4581.000,30000.000,22500.000,246.180,246.456,246.508,246.811,-0.325,-0.302
2017-04-11 12:41:00,246.316,246.540,52.000,347.000,246.30,246.35,5000.000,2500.000,246.50,246.65,255.000,3220.000,246.20,246.40,2500.000,7500.000,246.45,246.70,3323.000,4587.000,22500.000,30000.000,246.110,246.414,246.400,246.767,-0.250,-0.320
2017-04-11 12:42:00,246.168,246.410,172.000,19.000,246.15,246.20,2500.000,12500.000,246.40,246.60,160.000,31.000,246.10,246.25,7500.000,2500.000,246.35,246.65,3178.000,3108.000,17500.000,42500.000,246.013,246.354,246.314,246.703,-0.325,-0.358
2017-04-11 12:43:00,246.218,246.440,378.000,48.000,246.15,246.25,2500.000,2500.000,246.45,246.60,160.000,70.000,246.10,246.30,5000.000,5000.000,246.40,246.65,4567.000,4090.000,20000.000,42500.000,246.003,246.381,246.344,246.735,-0.325,-0.382
2017-04-11 12:44:00,246.159,246.483,728.000,52.000,246.10,246.20,2500.000,2500.000,246.50,246.55,400.000,884.000,246.05,246.25,2500.000,5000.000,246.40,246.65,5467.000,4474.000,22500.000,35000.000,245.999,246.314,246.317,246.729,-0.375,-0.383
2017-04-11 12:45:00,245.765,246.262,25.000,3.000,245.80,245.85,2500.000,2500.000,246.15,246.30,305.000,94.000,245.75,245.90,5000.000,7500.000,246.10,246.35,2162.000,3504.000,30000.000,22500.000,245.653,246.029,246.033,246.394,-0.400,-0.349
2017-04-11 12:46:00,246.100,246.417,171.000,41.000,246.00,246.10,2500.000,2500.000,246.30,246.45,753.000,60.000,245.90,246.15,5000.000,2500.000,246.25,246.50,5166.000,3073.000,22500.000,15000.000,245.796,246.214,246.178,246.567,-0.325,-0.368
2017-04-11 12:47:00,246.059,246.491,516.000,43.000,246.00,246.10,2500.000,5000.000,246.35,246.55,831.000,101.000,245.95,246.20,2500.000,2500.000,246.30,246.60,4050.000,3752.000,22500.000,17500.000,245.886,246.304,246.172,246.650,-0.400,-0.338
2017-04-11 12:48:00,246.074,246.416,150.000,169.000,246.10,246.25,5000.000,7500.000,246.40,246.60,412.000,1279.000,246.05,246.30,5000.000,5000.000,246.35,246.65,2032.000,6632.000,22500.000,40000.000,245.977,246.368,246.289,246.725,-0.325,-0.344
2017-04-11 12:49:00,246.276,246.604,765.000,7.000,246.30,246.35,5000.000,5000.000,246.55,246.75,335.000,571.000,246.25,246.40,10000.000,7500.000,246.50,246.80,2682.000,5677.000,27500.000,35000.000,246.198,246.516,246.459,246.864,-0.325,-0.355
2017-04-11 12:50:00,246.393,246.718,380.000,900.000,246.30,246.45,2500.000,5000.000,246.70,246.85,1735.000,795.000,246.25,246.50,5000.000,5000.000,246.65,246.90,6456.000,5549.000,17500.000,30000.000,246.173,246.571,246.600,246.967,-0.400,-0.395
2017-04-11 12:51:00,246.347,246.759,502.000,900.000,246.30,246.45,7500.000,7500.000,246.75,246.95,527.000,806.000,246.25,246.50,7500.000,12500.000,246.70,247.00,2884.000,3992.000,25000.000,45000.000,246.204,246.548,246.645,247.044,-0.475,-0.413
2017-04-11 12:52:00,246.450,246.733,1358.000,72.000,246.20,246.40,12500.000,2500.000,246.70,246.90,817.000,865.000,246.15,246.45,2500.000,5000.000,246.65,246.95,10923.000,2840.000,27500.000,40000.000,246.056,246.514,246.618,247.037,-0.500,-0.460
2017-04-11 12:53:00,246.445,246.818,610.000,440.000,246.40,246.45,2500.000,5000.000,246.80,246.95,591.000,821.000,246.30,246.50,7500.000,12500.000,246.75,247.00,3695.000,2472.000,25000.000,45000.000,246.231,246.563,246.710,247.056,-0.450,-0.532
2017-04-11 12:54:00,246.361,246.745,677.000,352.000,246.20,246.45,7500.000,2500.000,246.70,246.85,302.000,1758.000,246.15,246.50,2500.000,5000.000,246.65,246.90,9246.000,8077.000,25000.000,30000.000,246.042,246.571,246.595,246.979,-0.450,-0.605
2017-04-11 12:55:00,246.513,247.035,23.000,21.000,246.50,246.60,27500.000,12500.000,247.00,247.10,1213.000,1127.000,246.40,246.65,2500.000,7500.000,246.95,247.15,5360.000,6198.000,42500.000,40000.000,246.303,246.739,246.950,247.188,-0.500,-0.647
2017-04-11 12:56:00,246.567,247.068,1044.000,1866.000,246.45,246.60,32500.000,5000.000,247.00,247.15,1150.000,50.000,246.40,246.65,2500.000,5000.000,246.95,247.20,7139.000,5458.000,45000.000,30000.000,246.313,246.706,246.964,247.258,-0.550,-0.659
2017-04-11 12:57:00,246.559,247.078,218.000,1961.000,246.45,246.60,10000.000,10000.000,247.00,247.20,815.000,223.000,246.40,246.65,2500.000,5000.000,246.95,247.25,5444.000,5344.000,20000.000,25000.000,246.292,246.694,246.938,247.270,-0.575,-0.726
2017-04-11 12:58:00,246.663,247.394,692.000,666.000,246.65,246.75,2500.000,10000.000,247.40,247.45,1740.000,321.000,246.60,246.80,17500.000,27500.000,247.35,247.50,6636.000,7733.000,27500.000,57500.000,246.545,246.901,247.327,247.533,-0.725,-0.727
2017-04-11 12:59:00,246.474,247.225,60.000,38.000,246.50,246.60,2500.000,2500.000,247.15,247.25,168.000,60.000,246.45,246.65,2500.000,2500.000,247.10,247.30,1660.000,3699.000,20000.000,15000.000,246.355,246.747,247.037,247.375,-0.650,-0.759
2017-04-11 13:00:00,246.508,247.239,560.000,647.000,246.50,246.75,7500.000,7500.000,247.15,247.35,202.000,564.000,246.45,246.80,2500.000,2500.000,247.10,247.40,2244.000,5681.000,22500.000,25000.000,246.382,246.884,247.056,247.445,-0.625,-0.777
2017-04-11 13:01:00,246.955,247.518,202.000,438.000,246.85,247.00,2500.000,2500.000,247.45,247.60,150.000,409.000,246.80,247.05,2500.000,2500.000,247.40,247.70,2602.000,2443.000,15000.000,20000.000,246.700,247.104,247.333,247.781,-0.600,-0.844
2017-04-11 13:02:00,246.129,246.982,2506.000,200.000,246.05,246.10,2500.000,5000.000,246.90,247.10,2048.000,617.000,246.00,246.25,2500.000,2500.000,246.85,247.15,10602.000,5980.000,17500.000,25000.000,245.946,246.408,246.793,247.310,-0.925,-0.827
2017-04-11 13:03:00,246.679,247.414,427.000,50.000,246.45,246.60,2500.000,2500.000,247.35,247.55,285.000,35.000,246.40,246.65,5000.000,2500.000,247.30,247.60,11199.000,1723.000,17500.000,17500.000,246.308,246.775,247.236,247.679,-0.925,-0.864
2017-04-11 13:04:00,246.572,247.487,1740.000,1.000,246.50,246.55,2500.000,7500.000,247.45,247.60,2605.000,147.000,246.45,246.60,2500.000,2500.000,247.40,247.70,8575.000,2941.000,12500.000,25000.000,246.430,246.737,247.350,247.725,-1.000,-0.870
2017-04-11 13:05:00,246.544,247.366,90.000,397.000,246.40,246.50,10000.000,10000.000,247.20,247.40,148.000,637.000,246.35,246.55,2500.000,2500.000,247.15,247.50,6161.000,3049.000,35000.000,27500.000,246.233,246.605,247.089,247.523,-0.850,-0.878
2017-04-11 13:06:00,246.656,247.554,110.000,65.000,246.60,246.70,2500.000,2500.000,247.55,247.70,5763.000,1.000,246.55,246.75,5000.000,7500.000,247.50,247.75,6916.000,3336.000,25000.000,42500.000,246.534,246.872,247.430,247.853,-0.975,-0.876
2017-04-11 13:07:00,246.601,247.366,335.000,1150.000,246.45,246.70,7500.000,5000.000,247.35,247.55,436.000,1774.000,246.40,246.75,5000.000,7500.000,247.30,247.60,8218.000,6882.000,25000.000,37500.000,246.334,246.806,247.265,247.683,-0.875,-0.894
2017-04-11 13:08:00,246.413,247.336,76.000,435.000,246.35,246.60,2500.000,2500.000,247.30,247.50,2845.000,1043.000,246.30,246.65,7500.000,2500.000,247.25,247.55,3892.000,5603.000,22500.000,32500.000,246.271,246.721,247.211,247.681,-0.925,-0.875
2017-04-11 13:09:00,246.262,247.203,60.000,16.000,246.15,246.30,2500.000,2500.000,247.10,247.25,6356.000,843.000,246.10,246.40,5000.000,5000.000,247.05,247.35,12598.000,9615.000,22500.000,20000.000,246.050,246.483,246.994,247.387,-0.950,-0.843
2017-04-11 13:10:00,246.066,246.929,3447.000,527.000,246.00,246.10,2500.000,10000.000,246.85,247.05,61.000,1120.000,245.95,246.20,5000.000,2500.000,246.80,247.10,9398.000,7931.000,22500.000,30000.000,245.890,246.288,246.744,247.142,-0.900,-0.850
2017-04-11 13:11:00,245.996,246.884,3141.000,112.000,246.00,246.10,2500.000,2500.000,246.80,246.95,1.000,334.000,245.95,246.15,5000.000,7500.000,246.75,247.00,6551.000,8729.000,27500.000,27500.000,245.904,246.255,246.673,247.059,-0.825,-0.848
2017-04-11 13:12:00,245.925,246.781,20.000,620.000,245.80,245.95,2500.000,2500.000,246.70,246.75,80.000,2520.000,245.75,246.00,2500.000,5000.000,246.65,246.85,6720.000,5463.000,25000.000,20000.000,245.650,246.040,246.565,246.900,-0.850,-0.869
2017-04-11 13:13:00,245.936,246.762,377.000,476.000,245.80,245.95,5000.000,2500.000,246.65,246.80,200.000,942.000,245.75,246.00,5000.000,2500.000,246.60,246.85,5622.000,3718.000,25000.000,15000.000,245.645,246.068,246.550,246.900,-0.850,-0.885
2017-04-11 13:14:00,245.687,246.469,375.000,1493.000,245.60,245.80,5000.000,7500.000,246.50,246.55,1673.000,867.000,245.55,245.85,5000.000,7500.000,246.40,246.60,8839.000,8829.000,20000.000,32500.000,245.486,245.941,246.369,246.650,-0.825,-0.905
2017-04-11 13:15:00,245.745,246.643,724.000,10.000,245.55,245.75,10000.000,2500.000,246.50,246.70,5939.000,145.000,245.50,245.80,5000.000,2500.000,246.45,246.75,9830.000,2458.000,25000.000,12500.000,245.465,245.919,246.425,246.820,-0.950,-0.912
2017-04-11 13:16:00,245.817,246.692,499.000,146.000,245.70,245.75,2500.000,2500.000,246.65,246.80,348.000,35.000,245.65,245.80,2500.000,7500.000,246.60,246.85,11661.000,4774.000,12500.000,20000.000,245.557,245.979,246.550,246.887,-1.000,-0.917
2017-04-11 13:17:00,245.826,246.786,948.000,1.000,245.70,245.75,7500.000,10000.000,246.65,246.85,2500.000,3.000,245.65,245.80,5000.000,2500.000,246.60,246.90,11558.000,3343.000,30000.000,22500.000,245.569,245.986,246.558,246.922,-1.025,-0.906
2017-04-11 13:18:00,245.932,246.839,1000.000,12.000,245.80,245.95,10000.000,7500.000,246.80,247.00,4854.000,464.000,245.75,246.00,2500.000,2500.000,246.75,247.10,8409.000,2856.000,27500.000,42500.000,245.723,246.099,246.718,247.162,-1.025,-0.903
2017-04-11 13:19:00,245.963,246.848,3152.000,539.000,245.80,246.00,2500.000,5000.000,246.80,246.95,7393.000,749.000,245.75,246.05,7500.000,5000.000,246.75,247.00,12862.000,4231.000,27500.000,35000.000,245.746,246.115,246.686,247.107,-0.975,-0.902
2017-04-11 13:20:00,245.960,246.890,4980.000,107.000,245.85,246.00,2500.000,5000.000,246.85,247.00,2389.000,639.000,245.80,246.05,5000.000,2500.000,246.80,247.05,9863.000,3819.000,22500.000,30000.000,245.797,246.130,246.744,247.121,-1.000,-0.905
2017-04-11 13:21:00,245.963,246.863,465.000,80.000,245.85,246.00,5000.000,5000.000,246.80,247.00,3059.000,348.000,245.80,246.10,5000.000,2500.000,246.75,247.05,7749.000,4720.000,22500.000,25000.000,245.762,246.218,246.694,247.125,-0.975,-0.874
2017-04-11 13:22:00,245.960,246.866,115.000,243.000,245.85,246.00,5000.000,2500.000,246.80,246.95,3059.000,329.000,245.80,246.05,7500.000,5000.000,246.75,247.00,6815.000,3706.000,27500.000,27500.000,245.759,246.131,246.695,247.109,-0.950,-0.868
2017-04-11 13:23:00,246.029,246.923,921.000,1.000,246.00,246.05,5000.000,7500.000,246.80,247.00,110.000,395.000,245.90,246.10,10000.000,7500.000,246.75,247.10,9598.000,6873.000,30000.000,30000.000,245.802,246.213,246.692,247.125,-0.875,-0.847
2017-04-11 13:24:00,246.007,246.885,226.000,525.000,246.10,246.15,2500.000,7500.000,246.85,247.00,2.000,3144.000,246.05,246.20,2500.000,2500.000,246.80,247.05,436.000,9879.000,20000.000,30000.000,246.033,246.253,246.750,247.108,-0.800,-0.840
2017-04-11 13:25:00,246.299,247.248,2276.000,217.000,246.30,246.35,5000.000,7500.000,247.10,247.30,2565.000,207.000,246.25,246.40,2500.000,2500.000,247.05,247.40,6087.000,4864.000,27500.000,22500.000,246.245,246.541,246.986,247.417,-0.875,-0.844
2017-04-11 13:26:00,246.501,247.247,1177.000,486.000,246.50,246.60,5000.000,2500.000,247.20,247.35,110.000,514.000,246.40,246.65,2500.000,5000.000,247.15,247.40,6510.000,9163.000,17500.000,22500.000,246.308,246.729,247.100,247.461,-0.725,-0.904
2017-04-11 13:27:00,246.457,247.332,981.000,58.000,246.50,246.60,5000.000,10000.000,247.25,247.45,150.000,477.000,246.45,246.65,5000.000,7500.000,247.20,247.50,2235.000,5785.000,20000.000,27500.000,246.423,246.728,247.137,247.514,-0.800,-0.917
2017-04-11 13:28:00,246.554,247.343,1771.000,30.000,246.50,246.60,2500.000,5000.000,247.30,247.45,400.000,43.000,246.45,246.65,5000.000,7500.000,247.25,247.50,4931.000,2928.000,15000.000,22500.000,246.416,246.766,247.192,247.528,-0.825,-0.950
2017-04-11 13:29:00,246.744,247.584,395.000,2501.000,246.65,246.90,5000.000,5000.000,247.55,247.75,670.000,800.000,246.60,246.95,7500.000,2500.000,247.50,247.85,7904.000,11907.000,27500.000,60000.000,246.515,247.000,247.450,247.948,-0.875,-0.954
2017-04-11 13:30:00,246.721,247.692,385.000,245.000,246.65,246.75,15000.000,2500.000,247.60,247.80,202.000,410.000,246.60,246.85,2500.000,2500.000,247.55,247.85,7187.000,5770.000,25000.000,22500.000,246.540,246.960,247.550,247.917,-1.000,-0.951
2017-04-11 13:31:00,246.672,247.719,12.000,595.000,246.60,246.75,2500.000,2500.000,247.55,247.70,2835.000,587.000,246.55,246.80,5000.000,2500.000,247.50,247.85,6227.000,5370.000,20000.000,12500.000,246.507,246.876,247.450,247.880,-0.950,-0.961
2017-04-11 13:32:00,246.593,247.528,24.000,250.000,246.50,246.60,2500.000,2500.000,247.40,247.55,1.000,110.000,246.45,246.65,10000.000,7500.000,247.35,247.60,7510.000,4655.000,30000.000,20000.000,246.365,246.738,247.287,247.650,-0.925,-0.986
2017-04-11 13:33:00,246.517,247.472,3026.000,90.000,246.40,246.55,2500.000,2500.000,247.35,247.50,220.000,60.000,246.35,246.60,2500.000,5000.000,247.30,247.55,11396.000,4722.000,22500.000,17500.000,246.309,246.731,247.228,247.600,-0.950,-0.999
2017-04-11 13:34:00,246.590,247.450,15.000,200.000,246.50,246.60,2500.000,2500.000,247.35,247.50,120.000,759.000,246.45,246.65,2500.000,5000.000,247.30,247.55,9911.000,6093.000,20000.000,15000.000,246.299,246.731,247.238,247.600,-0.875,-1.053
2017-04-11 13:35:00,246.411,247.368,554.000,37.000,246.35,246.45,5000.000,2500.000,247.25,247.40,2974.000,727.000,246.30,246.55,10000.000,5000.000,247.20,247.45,9014.000,7236.000,27500.000,15000.000,246.258,246.659,247.168,247.492,-0.925,-1.084
2017-04-11 13:36:00,246.452,247.550,455.000,45.000,246.40,246.50,10000.000,5000.000,247.35,247.55,2702.000,60.000,246.35,246.60,5000.000,2500.000,247.30,247.60,7540.000,6372.000,35000.000,17500.000,246.304,246.724,247.268,247.729,-1.000,-1.078
2017-04-11 13:37:00,246.529,247.591,1983.000,514.000,246.50,246.60,2500.000,7500.000,247.50,247.60,2062.000,417.000,246.45,246.65,2500.000,2500.000,247.40,247.65,7447.000,6500.000,25000.000,17500.000,246.434,246.728,247.330,247.671,-1.000,-1.080
2017-04-11 13:38:00,246.446,247.467,521.000,681.000,246.50,246.55,7500.000,2500.000,247.35,247.55,2550.000,560.000,246.35,246.60,5000.000,7500.000,247.30,247.60,6316.000,6301.000,20000.000,17500.000,246.323,246.703,247.281,247.664,-0.925,-1.122
2017-04-11 13:39:00,246.369,247.500,2694.000,1580.000,246.35,246.55,2500.000,2500.000,247.35,247.50,2570.000,1934.000,246.30,246.60,7500.000,2500.000,247.30,247.55,6506.000,10171.000,30000.000,15000.000,246.303,246.677,247.238,247.608,-0.975,-1.136
2017-04-11 13:40:00,246.356,247.463,2556.000,95.000,246.35,246.40,2500.000,5000.000,247.35,247.50,2093.000,152.000,246.30,246.50,5000.000,2500.000,247.30,247.55,5490.000,4375.000,22500.000,15000.000,246.309,246.584,247.256,247.583,-1.050,-1.171
2017-04-11 13:41:00,246.672,247.740,2507.000,518.000,246.65,246.75,5000.000,2500.000,247.65,247.80,160.000,335.000,246.60,246.80,5000.000,5000.000,247.60,247.85,5759.000,5935.000,27500.000,22500.000,246.560,246.891,247.559,247.894,-1.025,-1.186
2017-04-11 13:42:00,246.615,247.690,1996.000,592.000,246.60,246.75,7500.000,2500.000,247.60,247.75,86.000,1109.000,246.55,246.80,5000.000,2500.000,247.55,247.80,4544.000,7733.000,30000.000,20000.000,246.502,246.871,247.521,247.887,-1.000,-1.208
2017-04-11 13:43:00,246.312,247.540,17.000,590.000,246.35,246.45,2500.000,2500.000,247.40,247.50,1.000,978.000,246.25,246.50,2500.000,2500.000,247.35,247.55,2223.000,4759.000,45000.000,17500.000,246.177,246.566,247.261,247.614,-1.050,-1.190
2017-04-11 13:44:00,246.125,247.326,1607.000,556.000,246.05,246.30,2500.000,2500.000,247.25,247.35,2664.000,639.000,246.00,246.35,7500.000,5000.000,247.20,247.40,5933.000,6351.000,27500.000,20000.000,245.988,246.446,247.145,247.450,-1.125,-1.170
2017-04-11 13:45:00,246.296,247.582,491.000,13.000,246.35,246.40,7500.000,5000.000,247.40,247.60,9.000,164.000,246.30,246.50,5000.000,2500.000,247.35,247.65,1851.000,4085.000,32500.000,15000.000,246.237,246.618,247.304,247.692,-1.125,-1.149
2017-04-11 13:46:00,246.374,247.516,412.000,320.000,246.35,246.40,7500.000,10000.000,247.40,247.60,179.000,94.000,246.30,246.45,2500.000,7500.000,247.35,247.65,3401.000,2307.000,27500.000,27500.000,246.194,246.543,247.305,247.664,-1.125,-1.159
2017-04-11 13:47:00,246.271,247.455,6.000,7.000,246.30,246.35,5000.000,5000.000,247.30,247.50,7.000,679.000,246.25,246.40,7500.000,5000.000,247.25,247.55,1497.000,3208.000,30000.000,17500.000,246.122,246.499,247.213,247.586,-1.075,-1.174
2017-04-11 13:48:00,246.042,247.183,1157.000,201.000,246.00,246.20,5000.000,7500.000,247.05,247.25,58.000,385.000,245.95,246.25,10000.000,7500.000,247.00,247.30,3346.000,4824.000,37500.000,27500.000,245.880,246.350,246.960,247.345,-1.050,-1.202
2017-04-11 13:49:00,246.011,247.112,1.000,276.000,246.00,246.05,2500.000,5000.000,246.95,247.10,59.000,552.000,245.95,246.10,7500.000,12500.000,246.90,247.15,4897.000,5473.000,35000.000,30000.000,245.757,246.205,246.829,247.221,-1.000,-1.227
2017-04-11 13:50:00,245.915,247.093,390.000,3.000,245.80,245.85,2500.000,5000.000,246.95,247.05,2023.000,868.000,245.75,246.00,5000.000,7500.000,246.90,247.10,6909.000,4563.000,35000.000,22500.000,245.670,246.077,246.814,247.144,-1.175,-1.237
2017-04-11 13:51:00,245.898,247.091,355.000,206.000,245.80,245.95,5000.000,7500.000,246.90,247.05,651.000,1003.000,245.75,246.00,5000.000,5000.000,246.85,247.10,6884.000,6053.000,50000.000,22500.000,245.651,246.080,246.778,247.139,-1.100,-1.221
2017-04-11 13:52:00,245.921,247.178,344.000,36.000,245.85,246.00,2500.000,5000.000,247.00,247.15,1446.000,476.000,245.80,246.05,2500.000,2500.000,246.95,247.20,5564.000,4991.000,25000.000,20000.000,245.737,246.143,246.875,247.319,-1.150,-1.219
2017-04-11 13:53:00,245.871,247.152,15.000,18.000,245.90,245.95,7500.000,5000.000,246.90,247.10,1297.000,93.000,245.85,246.00,5000.000,2500.000,246.85,247.15,2788.000,3775.000,52500.000,15000.000,245.786,246.122,246.771,247.192,-1.075,-1.197
2017-04-11 13:54:00,245.904,247.130,2260.000,233.000,245.85,246.00,5000.000,5000.000,246.90,247.10,173.000,414.000,245.80,246.05,10000.000,7500.000,246.85,247.15,4651.000,4310.000,52500.000,22500.000,245.768,246.138,246.774,247.194,-1.075,-1.174
2017-04-11 13:55:00,245.897,247.125,1022.000,7.000,245.85,246.00,5000.000,2500.000,246.95,247.10,223.000,540.000,245.80,246.05,5000.000,5000.000,246.90,247.15,4266.000,4966.000,37500.000,17500.000,245.733,246.141,246.827,247.236,-1.100,-1.157
2017-04-11 13:56:00,245.897,247.010,78.000,989.000,245.85,245.90,5000.000,2500.000,246.85,247.00,88.000,58.000,245.80,245.95,7500.000,5000.000,246.80,247.05,2720.000,3117.000,47500.000,17500.000,245.689,245.996,246.747,247.107,-1.050,-1.153
2017-04-11 13:57:00,246.095,247.344,51.000,138.000,246.05,246.20,2500.000,2500.000,247.15,247.30,1835.000,462.000,246.00,246.25,5000.000,2500.000,247.10,247.35,4550.000,5062.000,25000.000,17500.000,245.934,246.355,247.025,247.521,-1.100,-1.132
2017-04-11 13:58:00,246.129,247.300,853.000,28.000,246.05,246.10,2500.000,5000.000,247.15,247.30,1489.000,5.000,246.00,246.15,5000.000,2500.000,247.10,247.50,4785.000,1441.000,27500.000,30000.000,245.949,246.259,247.023,247.567,-1.150,-1.112
2017-04-11 13:59:00,246.213,247.324,977.000,413.000,246.15,246.25,5000.000,7500.000,247.25,247.45,2477.000,186.000,246.10,246.30,5000.000,5000.000,247.20,247.50,7691.000,4809.000,17500.000,25000.000,246.049,246.409,247.171,247.545,-1.150,-1.104
2017-04-11 14:00:00,246.198,247.338,327.000,516.000,246.15,246.25,2500.000,2500.000,247.20,247.35,2677.000,706.000,246.10,246.30,5000.000,2500.000,247.15,247.40,6528.000,5491.000,27500.000,15000.000,246.045,246.389,247.073,247.467,-1.075,-1.105
2017-04-11 14:01:00,245.955,247.048,535.000,1030.000,245.80,246.00,2500.000,2500.000,246.90,247.00,1314.000,643.000,245.75,246.05,5000.000,2500.000,246.85,247.05,7945.000,5798.000,45000.000,17500.000,245.652,246.109,246.753,247.107,-1.050,-1.110
2017-04-11 14:02:00,245.935,247.076,29.000,33.000,245.95,246.00,5000.000,7500.000,246.95,247.15,395.000,423.000,245.85,246.05,2500.000,7500.000,246.90,247.20,1947.000,2353.000,25000.000,27500.000,245.744,246.150,246.835,247.232,-1.075,-1.114
2017-04-11 14:03:00,245.802,246.875,2.000,3.000,245.70,245.75,2500.000,2500.000,246.80,246.90,901.000,365.000,245.65,245.85,7500.000,5000.000,246.75,246.95,10733.000,5631.000,25000.000,20000.000,245.552,245.977,246.695,247.006,-1.125,-1.124
2017-04-11 14:04:00,245.800,246.873,907.000,4.000,245.65,245.70,7500.000,7500.000,246.75,246.95,2600.000,4.000,245.60,245.75,7500.000,5000.000,246.70,247.00,8745.000,1108.000,27500.000,22500.000,245.544,245.878,246.677,247.067,-1.175,-1.151
2017-04-11 14:05:00,245.887,247.034,399.000,75.000,245.70,245.90,2500.000,2500.000,246.90,247.05,1528.000,136.000,245.65,245.95,5000.000,2500.000,246.85,247.10,13683.000,6210.000,25000.000,15000.000,245.557,246.058,246.790,247.192,-1.175,-1.158
2017-04-11 14:06:00,245.911,247.028,437.000,43.000,245.70,245.90,5000.000,7500.000,246.90,247.10,1082.000,235.000,245.65,245.95,5000.000,7500.000,246.85,247.15,10384.000,3858.000,30000.000,27500.000,245.559,246.039,246.779,247.182,-1.200,-1.150
2017-04-11 14:07:00,245.890,247.050,557.000,134.000,245.70,245.90,5000.000,10000.000,246.90,247.10,847.000,1390.000,245.65,245.95,7500.000,2500.000,246.85,247.15,10576.000,5257.000,32500.000,22500.000,245.559,246.014,246.792,247.178,-1.200,-1.139
2017-04-11 14:08:00,245.800,246.925,482.000,702.000,245.70,245.85,2500.000,5000.000,246.80,247.00,25.000,644.000,245.65,245.90,10000.000,5000.000,246.75,247.05,9139.000,7837.000,25000.000,20000.000,245.553,245.981,246.710,247.081,-1.125,-1.127
2017-04-11 14:09:00,245.832,247.039,437.000,31.000,245.70,245.85,2500.000,2500.000,246.90,247.05,1214.000,354.000,245.65,245.90,2500.000,7500.000,246.85,247.10,12141.000,6459.000,27500.000,17500.000,245.555,246.024,246.768,247.136,-1.200,-1.095
2017-04-11 14:10:00,245.738,246.922,223.000,43.000,245.70,245.80,5000.000,12500.000,246.80,247.00,1286.000,317.000,245.65,245.85,15000.000,7500.000,246.75,247.05,8132.000,7483.000,37500.000,30000.000,245.568,245.973,246.717,247.079,-1.150,-1.058
2017-04-11 14:11:00,245.720,246.793,941.000,5.000,245.65,245.70,5000.000,2500.000,246.70,246.85,2527.000,304.000,245.60,245.75,2500.000,5000.000,246.65,246.90,7983.000,3075.000,27500.000,25000.000,245.551,245.836,246.577,246.955,-1.100,-1.085
2017-04-11 14:12:00,245.700,246.808,2021.000,590.000,245.65,245.80,5000.000,5000.000,246.75,246.85,2462.000,167.000,245.60,245.85,5000.000,2500.000,246.70,246.90,11743.000,10581.000,25000.000,22500.000,245.550,245.972,246.650,246.950,-1.075,-1.104
2017-04-11 14:13:00,245.719,246.786,1024.000,374.000,245.70,245.80,7500.000,2500.000,246.70,246.80,2543.000,2092.000,245.65,245.85,5000.000,5000.000,246.65,246.85,10167.000,11429.000,32500.000,20000.000,245.583,245.957,246.600,246.900,-1.000,-1.124
2017-04-11 14:14:00,245.884,246.931,391.000,33.000,245.70,245.90,2500.000,7500.000,246.75,246.95,2503.000,471.000,245.65,245.95,12500.000,2500.000,246.70,247.00,12466.000,6355.000,32500.000,20000.000,245.561,246.019,246.650,247.050,-1.050,-1.152
2017-04-11 14:15:00,245.881,246.879,424.000,312.000,245.70,245.90,2500.000,5000.000,246.75,246.90,2756.000,410.000,245.65,245.95,10000.000,2500.000,246.70,246.95,11953.000,6330.000,37500.000,22500.000,245.566,246.008,246.643,247.028,-1.025,-1.180
2017-04-11 14:16:00,245.894,247.102,70.000,231.000,245.85,245.95,5000.000,5000.000,246.90,247.10,639.000,705.000,245.80,246.00,7500.000,2500.000,246.85,247.15,4520.000,5158.000,40000.000,15000.000,245.691,246.095,246.791,247.183,-1.100,-1.161
2017-04-11 14:17:00,245.903,247.105,474.000,17.000,245.75,245.90,5000.000,5000.000,246.90,247.10,542.000,112.000,245.70,245.95,5000.000,2500.000,246.85,247.15,7744.000,3067.000,37500.000,15000.000,245.632,246.039,246.780,247.183,-1.175,-1.156
2017-04-11 14:18:00,245.937,247.106,13.000,3.000,245.85,245.95,2500.000,2500.000,246.95,247.10,414.000,724.000,245.75,246.00,7500.000,2500.000,246.90,247.15,8585.000,5026.000,32500.000,12500.000,245.640,246.107,246.846,247.200,-1.125,-1.131
2017-04-11 14:19:00,245.799,246.984,2.000,60.000,245.80,245.85,2500.000,2500.000,246.85,247.00,50.000,303.000,245.70,245.90,10000.000,5000.000,246.80,247.05,6921.000,7095.000,35000.000,20000.000,245.605,245.993,246.754,247.162,-1.100,-1.060
2017-04-11 14:20:00,245.855,246.992,79.000,404.000,245.70,245.90,2500.000,2500.000,246.85,247.00,2233.000,1510.000,245.65,245.95,5000.000,5000.000,246.80,247.05,10774.000,7395.000,27500.000,20000.000,245.569,246.002,246.727,247.162,-1.125,-1.036
2017-04-11 14:21:00,245.613,246.728,2604.000,884.000,245.60,245.65,2500.000,2500.000,246.70,246.75,100.000,825.000,245.55,245.70,5000.000,2500.000,246.65,246.80,8078.000,6919.000,35000.000,32500.000,245.507,245.789,246.571,246.885,-1.100,-1.032
2017-04-11 14:22:00,245.472,246.648,1314.000,332.000,245.50,245.60,2500.000,2500.000,246.55,246.70,381.000,741.000,245.45,245.65,7500.000,7500.000,246.50,246.75,3214.000,6815.000,42500.000,32500.000,245.404,245.734,246.426,246.831,-1.075,-1.006
2017-04-11 14:23:00,246.024,247.064,3.000,852.000,246.10,246.20,2500.000,7500.000,246.95,247.10,203.000,3051.000,245.95,246.25,7500.000,7500.000,246.90,247.15,2080.000,6806.000,30000.000,25000.000,245.844,246.291,246.842,247.180,-0.875,-1.046
2017-04-11 14:24:00,246.409,247.239,713.000,528.000,246.30,246.35,2500.000,5000.000,247.10,247.30,1723.000,242.000,246.25,246.40,2500.000,2500.000,247.05,247.35,7100.000,2148.000,32500.000,25000.000,246.185,246.428,246.973,247.405,-0.875,-1.113
2017-04-11 14:25:00,245.666,246.686,951.000,150.000,245.60,245.75,7500.000,2500.000,246.60,246.75,821.000,597.000,245.55,245.80,5000.000,5000.000,246.55,246.80,6075.000,5082.000,25000.000,20000.000,245.505,245.899,246.505,246.863,-1.000,-1.131
2017-04-11 14:26:00,245.573,246.667,1974.000,4.000,245.50,245.55,2500.000,5000.000,246.60,246.75,429.000,1000.000,245.45,245.60,5000.000,5000.000,246.55,246.80,6307.000,2555.000,20000.000,25000.000,245.403,245.661,246.481,246.845,-1.150,-1.162
2017-04-11 14:27:00,245.525,246.572,1531.000,676.000,245.50,245.60,5000.000,2500.000,246.65,246.70,571.000,937.000,245.45,245.65,5000.000,5000.000,246.55,246.75,5942.000,7035.000,17500.000,40000.000,245.400,245.724,246.536,246.822,-1.125,-1.205
2017-04-11 14:28:00,245.529,246.769,21.000,107.000,245.55,245.60,2500.000,2500.000,246.65,246.80,889.000,405.000,245.50,245.65,7500.000,2500.000,246.60,246.85,2908.000,4187.000,25000.000,15000.000,245.440,245.747,246.545,246.942,-1.150,-1.201
2017-04-11 14:29:00,245.901,247.065,503.000,100.000,245.85,245.90,7500.000,5000.000,246.90,247.10,684.000,6.000,245.80,245.95,5000.000,2500.000,246.85,247.15,2381.000,1377.000,40000.000,20000.000,245.749,246.023,246.803,247.200,-1.125,-1.205
2017-04-11 14:30:00,245.784,246.892,21.000,316.000,245.70,245.85,2500.000,7500.000,246.85,246.95,85.000,64.000,245.65,245.90,2500.000,5000.000,246.80,247.00,5988.000,6348.000,20000.000,27500.000,245.526,245.992,246.738,247.032,-1.125,-1.212
2017-04-11 14:31:00,245.651,246.900,244.000,652.000,245.60,245.80,2500.000,2500.000,246.80,246.90,804.000,650.000,245.55,245.85,2500.000,5000.000,246.75,246.95,6566.000,8552.000,25000.000,17500.000,245.484,245.952,246.660,247.000,-1.150,-1.202
2017-04-11 14:32:00,245.721,246.983,602.000,50.000,245.65,245.85,5000.000,5000.000,246.80,247.00,2045.000,116.000,245.60,245.90,7500.000,5000.000,246.75,247.05,7950.000,8628.000,37500.000,20000.000,245.532,246.007,246.677,247.081,-1.150,-1.187
2017-04-11 14:33:00,245.664,246.888,344.000,740.000,245.65,245.80,5000.000,2500.000,246.75,246.95,1480.000,100.000,245.60,245.85,2500.000,5000.000,246.70,247.00,6202.000,9039.000,25000.000,17500.000,245.524,245.966,246.635,247.043,-1.125,-1.195
2017-04-11 14:34:00,245.638,246.822,634.000,15.000,245.55,245.70,5000.000,5000.000,246.70,246.90,1310.000,40.000,245.50,245.75,12500.000,7500.000,246.65,246.95,4504.000,2877.000,30000.000,27500.000,245.458,245.852,246.613,247.032,-1.175,-1.207
2017-04-11 14:35:00,245.709,246.853,639.000,199.000,245.60,245.70,2500.000,5000.000,246.75,246.90,232.000,60.000,245.55,245.75,2500.000,5000.000,246.70,246.95,5868.000,2626.000,20000.000,17500.000,245.481,245.837,246.650,246.993,-1.175,-1.222
2017-04-11 14:36:00,245.806,247.004,638.000,115.000,245.75,245.80,2500.000,2500.000,247.00,247.10,1625.000,167.000,245.70,245.85,2500.000,2500.000,246.95,247.15,6432.000,3155.000,12500.000,22500.000,245.641,245.954,246.900,247.239,-1.275,-1.200
2017-04-11 14:37:00,245.824,247.008,941.000,693.000,245.65,245.90,5000.000,2500.000,246.85,247.00,137.000,335.000,245.60,245.95,2500.000,5000.000,246.80,247.05,7760.000,5665.000,30000.000,15000.000,245.516,246.015,246.717,247.092,-1.150,-1.184
2017-04-11 14:38:00,245.965,247.230,439.000,2.000,246.00,246.10,5000.000,5000.000,247.15,247.35,464.000,2680.000,245.95,246.20,5000.000,2500.000,247.10,247.40,2161.000,8161.000,27500.000,30000.000,245.884,246.262,247.055,247.467,-1.200,-1.151
2017-04-11 14:39:00,246.066,247.308,246.000,1951.000,246.10,246.20,2500.000,7500.000,247.25,247.45,45.000,565.000,246.05,246.25,2500.000,10000.000,247.20,247.50,1393.000,5912.000,17500.000,32500.000,245.961,246.299,247.150,247.542,-1.200,-1.124
2017-04-11 14:40:00,246.126,247.348,1150.000,252.000,246.15,246.30,5000.000,5000.000,247.30,247.45,500.000,369.000,246.10,246.35,5000.000,22500.000,247.25,247.50,5918.000,8640.000,25000.000,40000.000,246.024,246.459,247.210,247.544,-1.150,-1.102
2017-04-11 14:41:00,246.408,247.496,500.000,176.000,246.35,246.40,5000.000,2500.000,247.50,247.60,497.000,1557.000,246.30,246.50,5000.000,5000.000,247.45,247.65,6121.000,5938.000,22500.000,35000.000,246.215,246.570,247.406,247.732,-1.175,-1.105
2017-04-11 14:42:00,246.465,247.566,375.000,175.000,246.40,246.45,7500.000,5000.000,247.55,247.70,246.000,811.000,246.35,246.50,15000.000,5000.000,247.50,247.75,5294.000,3709.000,32500.000,45000.000,246.241,246.590,247.485,247.828,-1.200,-1.112
2017-04-11 14:43:00,246.309,247.411,390.000,1212.000,246.30,246.35,2500.000,5000.000,247.40,247.50,253.000,1136.000,246.20,246.40,5000.000,5000.000,247.35,247.55,7352.000,8992.000,22500.000,35000.000,246.087,246.467,247.289,247.618,-1.125,-1.128
2017-04-11 14:44:00,246.504,247.613,1029.000,19.000,246.35,246.50,2500.000,2500.000,247.55,247.70,566.000,315.000,246.30,246.55,10000.000,7500.000,247.50,247.75,9494.000,3886.000,30000.000,30000.000,246.222,246.649,247.450,247.825,-1.200,-1.161
2017-04-11 14:45:00,246.418,247.530,356.000,99.000,246.35,246.40,10000.000,5000.000,247.50,247.60,8.000,116.000,246.30,246.45,5000.000,5000.000,247.45,247.65,5711.000,4212.000,27500.000,27500.000,246.169,246.555,247.432,247.709,-1.175,-1.190
2017-04-11 14:46:00,246.441,247.545,1689.000,7.000,246.35,246.45,12500.000,2500.000,247.50,247.60,18.000,768.000,246.30,246.50,5000.000,7500.000,247.45,247.70,7340.000,4703.000,27500.000,25000.000,246.205,246.600,247.441,247.755,-1.150,-1.160
2017-04-11 14:47:00,246.230,247.365,407.000,398.000,246.15,246.20,2500.000,5000.000,247.35,247.50,2219.000,455.000,246.10,246.25,5000.000,10000.000,247.30,247.55,9704.000,4487.000,20000.000,40000.000,246.021,246.334,247.238,247.609,-1.250,-1.143
2017-04-11 14:48:00,246.165,247.346,192.000,996.000,246.05,246.10,2500.000,7500.000,247.25,247.40,278.000,127.000,246.00,246.20,5000.000,2500.000,247.20,247.45,4571.000,2894.000,30000.000,27500.000,245.901,246.227,247.142,247.482,-1.250,-1.147
2017-04-11 14:49:00,246.174,247.448,49.000,118.000,246.15,246.20,7500.000,5000.000,247.25,247.45,140.000,130.000,246.10,246.25,12500.000,7500.000,247.20,247.50,1702.000,1735.000,57500.000,22500.000,245.988,246.361,247.111,247.539,-1.175,-1.130
2017-04-11 14:50:00,246.221,247.475,257.000,24.000,246.15,246.20,5000.000,5000.000,247.35,247.50,5885.000,130.000,246.10,246.25,5000.000,2500.000,247.30,247.55,12976.000,3517.000,37500.000,22500.000,246.071,246.344,247.230,247.617,-1.250,-1.102
2017-04-11 14:51:00,246.722,247.679,124.000,998.000,246.60,246.70,2500.000,2500.000,247.65,247.75,465.000,789.000,246.55,246.75,2500.000,7500.000,247.60,247.80,6851.000,4578.000,22500.000,30000.000,246.433,246.796,247.539,247.858,-1.050,-1.187
2017-04-11 14:52:00,246.502,247.553,497.000,99.000,246.40,246.50,2500.000,10000.000,247.50,247.70,1593.000,204.000,246.35,246.55,2500.000,7500.000,247.45,247.75,7960.000,3413.000,17500.000,32500.000,246.278,246.677,247.400,247.781,-1.150,-1.238
2017-04-11 14:53:00,246.315,247.514,4972.000,634.000,246.15,246.25,2500.000,5000.000,247.45,247.60,2840.000,1306.000,246.10,246.30,5000.000,2500.000,247.40,247.65,21210.000,3548.000,20000.000,25000.000,246.041,246.349,247.331,247.700,-1.325,-1.256
2017-04-11 14:54:00,246.367,247.555,1070.000,60.000,246.30,246.40,5000.000,7500.000,247.45,247.65,3250.000,744.000,246.25,246.45,5000.000,2500.000,247.40,247.70,7514.000,4274.000,27500.000,27500.000,246.215,246.540,247.345,247.745,-1.200,-1.269
2017-04-11 14:55:00,246.462,247.580,2.000,66.000,246.40,246.50,2500.000,7500.000,247.55,247.70,4172.000,510.000,246.30,246.55,7500.000,10000.000,247.50,247.75,7573.000,4283.000,25000.000,37500.000,246.243,246.645,247.430,247.797,-1.175,-1.305
2017-04-11 14:56:00,246.183,247.565,6.000,50.000,246.25,246.30,2500.000,2500.000,247.35,247.50,42.000,1775.000,246.20,246.35,2500.000,5000.000,247.30,247.60,1889.000,6820.000,40000.000,17500.000,246.073,246.448,247.194,247.643,-1.150,-1.298
2017-04-11 14:57:00,246.205,247.508,335.000,58.000,246.10,246.30,7500.000,2500.000,247.35,247.55,3599.000,1468.000,246.05,246.35,2500.000,5000.000,247.30,247.60,9158.000,7029.000,30000.000,17500.000,245.996,246.453,247.242,247.650,-1.250,-1.277
2017-04-11 14:58:00,246.268,247.558,2836.000,1280.000,246.10,246.30,2500.000,2500.000,247.45,247.60,1248.000,774.000,246.05,246.35,7500.000,5000.000,247.40,247.65,18983.000,9304.000,27500.000,20000.000,245.979,246.443,247.341,247.700,-1.325,-1.247
2017-04-11 14:59:00,246.134,247.388,1614.000,406.000,246.05,246.15,2500.000,2500.000,247.30,247.40,573.000,1158.000,246.00,246.20,2500.000,2500.000,247.25,247.45,5733.000,4139.000,30000.000,22500.000,245.929,246.256,247.171,247.528,-1.250,-1.228
2017-04-11 15:00:00,246.033,247.329,9.000,416.000,245.95,246.00,5000.000,5000.000,247.15,247.30,282.000,485.000,245.90,246.05,7500.000,2500.000,247.10,247.35,4181.000,3128.000,62500.000,22500.000,245.770,246.113,247.016,247.411,-1.250,-1.186
2017-04-11 15:01:00,245.974,247.319,151.000,956.000,246.05,246.10,5000.000,2500.000,247.20,247.30,293.000,270.000,246.00,246.15,5000.000,2500.000,247.15,247.35,1007.000,6103.000,45000.000,22500.000,245.928,246.217,247.058,247.428,-1.175,-1.136
2017-04-11 15:02:00,246.207,247.408,2591.000,1269.000,246.10,246.30,2500.000,5000.000,247.35,247.50,2785.000,949.000,246.05,246.35,10000.000,2500.000,247.30,247.55,12997.000,9374.000,22500.000,22500.000,246.013,246.442,247.261,247.622,-1.225,-1.116
2017-04-11 15:03:00,246.261,247.400,73.000,970.000,246.15,246.20,2500.000,2500.000,247.35,247.45,1221.000,335.000,246.10,246.25,10000.000,5000.000,247.30,247.50,10832.000,3506.000,20000.000,17500.000,246.022,246.299,247.269,247.550,-1.225,-1.117
2017-04-11 15:04:00,246.181,247.338,740.000,327.000,246.10,246.15,2500.000,2500.000,247.25,247.40,1226.000,32.000,246.05,246.20,5000.000,5000.000,247.20,247.45,5220.000,1701.000,22500.000,20000.000,245.999,246.284,247.144,247.519,-1.200,-1.090
2017-04-11 15:05:00,246.209,247.295,829.000,200.000,246.15,246.20,5000.000,2500.000,247.25,247.35,3514.000,16.000,246.10,246.25,5000.000,5000.000,247.20,247.45,7754.000,2637.000,22500.000,27500.000,246.076,246.334,247.161,247.514,-1.125,-1.083
2017-04-11 15:06:00,246.186,247.285,467.000,564.000,246.15,246.20,2500.000,5000.000,247.25,247.35,2602.000,698.000,246.10,246.25,5000.000,5000.000,247.20,247.40,7549.000,5329.000,22500.000,27500.000,246.057,246.317,247.144,247.455,-1.125,-1.090
2017-04-11 15:07:00,246.182,247.281,148.000,57.000,246.20,246.25,2500.000,5000.000,247.25,247.35,1389.000,4631.000,246.10,246.30,2500.000,2500.000,247.20,247.45,7153.000,9947.000,20000.000,32500.000,246.036,246.349,247.137,247.500,-1.075,-1.077
2017-04-11 15:08:00,246.162,247.306,1369.000,327.000,246.15,246.20,5000.000,7500.000,247.20,247.35,1617.000,694.000,246.10,246.25,2500.000,10000.000,247.15,247.45,8533.000,9262.000,37500.000,42500.000,246.047,246.319,247.067,247.479,-1.100,-1.078
2017-04-11 15:09:00,246.240,247.260,526.000,1362.000,246.20,246.25,2500.000,2500.000,247.15,247.25,830.000,1812.000,246.15,246.30,10000.000,10000.000,247.10,247.35,7224.000,7280.000,50000.000,37500.000,246.061,246.357,247.012,247.420,-0.975,-1.107
2017-04-11 15:10:00,246.217,247.272,477.000,899.000,246.20,246.30,5000.000,5000.000,247.15,247.30,1830.000,1061.000,246.15,246.35,2500.000,10000.000,247.10,247.35,9204.000,12647.000,52500.000,37500.000,246.060,246.446,247.005,247.420,-0.975,-1.134
2017-04-11 15:11:00,246.153,247.284,3696.000,1881.000,246.10,246.15,2500.000,2500.000,247.15,247.20,5385.000,629.000,246.00,246.25,7500.000,5000.000,247.10,247.30,11147.000,5066.000,55000.000,25000.000,246.019,246.268,247.009,247.340,-1.050,-1.152
2017-04-11 15:12:00,246.222,247.256,14.000,3620.000,246.15,246.30,2500.000,15000.000,247.15,247.30,3143.000,314.000,246.10,246.35,5000.000,5000.000,247.10,247.35,11742.000,12701.000,47500.000,42500.000,246.025,246.415,247.008,247.403,-1.000,-1.194
2017-04-11 15:13:00,246.143,247.295,1087.000,658.000,246.05,246.25,5000.000,5000.000,247.15,247.25,7817.000,4349.000,246.00,246.30,5000.000,2500.000,247.10,247.30,10642.000,9470.000,57500.000,20000.000,245.992,246.342,247.015,247.344,-1.050,-1.236
2017-04-11 15:14:00,246.100,247.264,900.000,359.000,246.05,246.15,5000.000,5000.000,247.10,247.20,6092.000,5.000,246.00,246.20,5000.000,5000.000,247.05,247.30,9338.000,5465.000,65000.000,22500.000,245.982,246.300,246.996,247.322,-1.050,-1.206
2017-04-11 15:15:00,246.110,247.302,33.000,1010.000,246.15,246.20,2500.000,2500.000,247.15,247.20,7.000,3371.000,246.05,246.25,10000.000,5000.000,247.10,247.30,4139.000,10233.000,62500.000,17500.000,245.957,246.290,247.026,247.343,-1.000,-1.198
2017-04-11 15:16:00,245.997,247.215,141.000,508.000,246.05,246.10,10000.000,2500.000,247.10,247.20,6.000,2694.000,246.00,246.15,5000.000,5000.000,247.05,247.25,2238.000,9518.000,62500.000,22500.000,245.909,246.210,247.010,247.317,-1.075,-1.184
2017-04-11 15:17:00,245.798,247.044,409.000,231.000,245.65,245.75,35000.000,5000.000,247.00,247.05,978.000,50.000,245.60,245.85,2500.000,5000.000,246.95,247.10,15718.000,7505.000,57500.000,25000.000,245.501,245.964,246.948,247.140,-1.325,-1.148
2017-04-11 15:18:00,245.959,247.319,137.000,1353.000,246.05,246.10,2500.000,5000.000,247.25,247.40,796.000,313.000,246.00,246.15,7500.000,5000.000,247.20,247.45,2479.000,7873.000,25000.000,27500.000,245.898,246.233,247.150,247.495,-1.250,-1.015
2017-04-11 15:19:00,246.184,247.199,649.000,75.000,245.95,246.10,2500.000,10000.000,247.15,247.30,704.000,312.000,245.90,246.15,10000.000,5000.000,247.10,247.35,9130.000,2020.000,35000.000,50000.000,245.784,246.235,247.025,247.410,-1.200,-0.881
2017-04-11 15:20:00,246.197,247.347,122.000,3792.000,246.25,246.35,10000.000,2500.000,247.25,247.45,68.000,938.000,246.20,246.40,7500.000,15000.000,247.20,247.50,2113.000,12259.000,47500.000,47500.000,246.076,246.459,247.116,247.550,-1.050,-0.665
2017-04-11 15:21:00,246.242,247.390,856.000,125.000,246.15,246.30,2500.000,2500.000,247.35,247.45,1046.000,157.000,246.10,246.35,5000.000,15000.000,247.30,247.50,7785.000,5380.000,42500.000,47500.000,246.032,246.463,247.226,247.574,-1.175,-0.415
2017-04-11 15:22:00,246.276,247.343,739.000,993.000,246.35,246.40,7500.000,2500.000,247.30,247.45,310.000,93.000,246.20,246.45,12500.000,20000.000,247.25,247.50,3027.000,5565.000,47500.000,57500.000,246.154,246.525,247.187,247.565,-1.000,-0.056
2017-04-11 15:23:00,247.063,247.758,958.000,2928.000,247.05,247.10,2500.000,2500.000,247.80,247.85,1785.000,657.000,247.00,247.15,7500.000,15000.000,247.75,247.90,4147.000,5759.000,22500.000,55000.000,246.983,247.163,247.711,247.966,-0.750,0.087
2017-04-11 15:24:00,248.124,248.470,655.000,231.000,248.15,248.20,7500.000,5000.000,248.50,248.60,9359.000,1772.000,248.10,248.25,5000.000,7500.000,248.45,248.65,10538.000,6648.000,27500.000,52500.000,248.090,248.413,248.409,248.745,-0.375,0.309
2017-04-11 15:25:00,248.287,248.357,183.000,251.000,248.20,248.35,5000.000,2500.000,248.35,248.45,50.000,5.000,248.15,248.45,5000.000,5000.000,248.30,248.50,3893.000,5474.000,20000.000,30000.000,248.046,248.498,248.269,248.613,-0.125,0.349
2017-04-11 15:26:00,248.504,248.400,110.000,100.000,248.55,248.60,5000.000,2500.000,248.45,248.60,1858.000,62.000,248.50,248.65,5000.000,2500.000,248.40,248.65,2168.000,2445.000,17500.000,30000.000,248.492,248.759,248.350,248.750,0.050,0.349
2017-04-11 15:27:00,249.860,249.135,388.000,3798.000,250.00,250.10,7500.000,2500.000,249.15,249.35,599.000,360.000,249.35,250.15,2500.000,2500.000,249.10,249.40,3649.000,6719.000,17500.000,42500.000,249.278,250.174,249.079,249.482,0.800,0.349
2017-04-11 15:28:00,249.123,249.103,2500.000,173.000,249.10,249.15,5000.000,5000.000,249.00,249.15,50.000,259.000,249.05,249.20,2500.000,2500.000,248.95,249.20,4749.000,3401.000,22500.000,15000.000,249.016,249.247,248.883,249.233,0.050,0.349
2017-04-11 15:29:00,250.024,249.259,2455.000,50.000,250.00,250.05,7500.000,2500.000,249.35,249.40,1560.000,416.000,249.25,250.10,2500.000,2500.000,249.30,249.45,9189.000,1589.000,25000.000,55000.000,249.370,250.178,249.220,249.575,0.650,0.349
2017-04-11 15:30:00,250.378,250.246,40589.000,419.000,250.00,250.50,5000.000,5000.000,250.00,250.50,1.000,25.000,249.50,250.65,2500.000,2500.000,249.70,251.00,40932.000,4444.000,15000.000,17500.000,249.992,250.709,249.683,250.950,0.000,0.349
2017-04-12 09:16:00,249.422,249.832,91.000,757.000,249.35,249.40,37500.000,2500.000,249.80,250.00,652.000,956.000,249.25,249.60,2500.000,5000.000,249.45,250.05,3570.000,4822.000,52500.000,25000.000,249.130,249.707,249.655,250.175,-0.525,-0.507
2017-04-12 09:17:00,250.445,251.244,200.000,346.000,250.40,250.45,2500.000,5000.000,251.05,251.25,808.000,720.000,250.30,250.50,17500.000,2500.000,251.00,251.40,2929.000,1997.000,27500.000,15000.000,250.212,250.546,250.945,251.425,-0.725,-0.442
2017-04-12 09:18:00,250.764,251.517,1282.000,200.000,250.70,250.85,2500.000,5000.000,251.25,251.45,486.000,425.000,250.65,250.90,7500.000,2500.000,251.20,251.55,3589.000,3092.000,55000.000,25000.000,250.622,250.976,251.086,251.655,-0.575,-0.332
2017-04-12 09:19:00,251.412,251.630,1176.000,489.000,251.20,251.45,10000.000,7500.000,251.55,251.70,304.000,2185.000,251.15,251.50,10000.000,2500.000,251.50,251.75,8399.000,5246.000,27500.000,22500.000,251.043,251.551,251.482,251.789,-0.300,-0.354
2017-04-12 09:20:00,251.330,251.650,1202.000,250.000,251.20,251.30,2500.000,2500.000,251.55,251.75,469.000,1496.000,251.15,251.35,7500.000,2500.000,251.50,251.80,8785.000,4220.000,20000.000,17500.000,251.046,251.429,251.450,251.850,-0.400,-0.326
2017-04-12 09:21:00,250.939,251.383,17.000,600.000,250.95,251.00,2500.000,2500.000,251.25,251.40,1323.000,50.000,250.80,251.05,5000.000,10000.000,251.15,251.45,4744.000,4104.000,37500.000,22500.000,250.737,251.128,251.080,251.506,-0.350,-0.302
2017-04-12 09:22:00,250.615,251.088,796.000,139.000,250.60,250.75,10000.000,2500.000,251.10,251.15,1005.000,967.000,250.55,250.80,17500.000,5000.000,251.00,251.20,6642.000,10138.000,35000.000,25000.000,250.495,250.893,250.989,251.310,-0.450,-0.242
2017-04-12 09:23:00,251.858,252.060,595.000,605.000,251.70,251.90,2500.000,2500.000,252.05,252.25,127.000,80.000,251.65,251.95,5000.000,2500.000,252.00,252.30,9263.000,6381.000,15000.000,35000.000,251.563,252.003,251.958,252.414,-0.350,-0.225
2017-04-12 09:24:00,251.128,251.460,246.000,397.000,251.20,251.25,7500.000,7500.000,251.30,251.50,41.000,1238.000,251.15,251.30,5000.000,2500.000,251.25,251.55,887.000,4255.000,32500.000,20000.000,251.088,251.371,251.200,251.606,-0.175,-0.183
2017-04-12 09:25:00,251.970,252.147,4.000,233.000,251.90,251.95,10000.000,5000.000,252.15,252.25,262.000,2521.000,251.85,252.00,2500.000,5000.000,252.05,252.30,5743.000,5193.000,22500.000,25000.000,251.768,252.080,252.000,252.400,-0.275,-0.180
2017-04-12 09:26:00,252.039,252.363,150.000,868.000,251.95,252.00,30000.000,5000.000,252.40,252.45,723.000,258.000,251.90,252.10,2500.000,10000.000,252.25,252.50,6798.000,5128.000,47500.000,30000.000,251.786,252.184,252.266,252.571,-0.450,-0.160
2017-04-12 09:27:00,251.724,251.898,10.000,589.000,251.80,251.90,2500.000,7500.000,251.80,251.95,103.000,804.000,251.70,251.95,15000.000,7500.000,251.75,252.00,2053.000,8986.000,30000.000,22500.000,251.588,252.006,251.692,252.022,-0.025,-0.153
2017-04-12 09:28:00,251.776,251.893,281.000,1431.000,251.80,251.90,2500.000,10000.000,251.80,251.95,1640.000,1295.000,251.70,251.95,5000.000,10000.000,251.75,252.00,4683.000,10348.000,27500.000,27500.000,251.631,251.992,251.705,252.009,-0.025,-0.158
2017-04-12 09:29:00,251.851,251.973,911.000,16.000,251.85,251.90,7500.000,7500.000,251.85,252.00,1084.000,22.000,251.80,251.95,2500.000,5000.000,251.75,252.10,4550.000,4376.000,32500.000,27500.000,251.745,252.059,251.704,252.150,-0.050,-0.180
2017-04-12 09:30:00,251.826,251.988,348.000,487.000,251.80,251.90,2500.000,2500.000,251.90,251.95,907.000,6313.000,251.75,252.00,2500.000,5000.000,251.85,252.00,4650.000,10193.000,22500.000,20000.000,251.686,252.029,251.761,252.113,-0.075,-0.170
2017-04-12 09:31:00,251.855,252.081,873.000,90.000,251.85,251.90,2500.000,2500.000,251.95,252.05,600.000,468.000,251.80,251.95,2500.000,2500.000,251.90,252.15,3910.000,5761.000,32500.000,20000.000,251.733,252.005,251.815,252.206,-0.125,-0.146
2017-04-12 09:32:00,251.669,251.806,75.000,396.000,251.75,251.80,2500.000,5000.000,251.75,251.90,789.000,83.000,251.70,251.85,10000.000,2500.000,251.70,251.95,3216.000,9722.000,20000.000,22500.000,251.603,251.973,251.669,252.000,-0.050,-0.146
2017-04-12 09:33:00,251.579,251.719,650.000,100.000,251.60,251.70,5000.000,5000.000,251.60,251.80,1045.000,101.000,251.55,251.75,7500.000,7500.000,251.55,251.85,3240.000,5486.000,32500.000,27500.000,251.516,251.843,251.500,251.895,-0.050,-0.136
2017-04-12 09:34:00,251.607,251.841,1491.000,100.000,251.70,251.75,2500.000,10000.000,251.70,251.85,50.000,1225.000,251.60,251.85,7500.000,10000.000,251.65,251.90,5494.000,13976.000,40000.000,30000.000,251.553,251.957,251.569,251.917,-0.050,-0.109
2017-04-12 09:35:00,251.442,251.557,473.000,539.000,251.40,251.50,2500.000,10000.000,251.40,251.60,250.000,489.000,251.35,251.55,15000.000,2500.000,251.35,251.65,4408.000,5463.000,32500.000,20000.000,251.252,251.624,251.312,251.669,-0.050,-0.123
2017-04-12 09:36:00,251.247,251.353,1320.000,168.000,251.20,251.25,7500.000,5000.000,251.20,251.30,1109.000,339.000,251.15,251.30,5000.000,2500.000,251.15,251.45,8649.000,5787.000,50000.000,30000.000,251.058,251.420,251.075,251.492,-0.025,-0.140
2017-04-12 09:37:00,250.948,251.083,93.000,90.000,250.90,250.95,2500.000,5000.000,251.00,251.10,400.000,1325.000,250.85,251.00,10000.000,7500.000,250.85,251.15,6710.000,7117.000,37500.000,20000.000,250.758,251.121,250.770,251.175,-0.125,-0.136
2017-04-12 09:38:00,250.453,250.545,11.000,4347.000,250.45,250.50,5000.000,2500.000,250.40,250.55,200.000,180.000,250.40,250.55,5000.000,2500.000,250.35,250.60,2499.000,8794.000,32500.000,15000.000,250.276,250.560,250.285,250.667,-0.000,-0.147
2017-04-12 09:39:00,250.286,250.385,18.000,89.000,250.30,250.35,2500.000,7500.000,250.30,250.45,948.000,225.000,250.20,250.40,5000.000,5000.000,250.25,250.50,4866.000,5251.000,27500.000,30000.000,250.119,250.496,250.205,250.575,-0.050,-0.160
2017-04-12 09:40:00,249.581,249.764,297.000,130.000,249.65,249.75,5000.000,2500.000,249.70,249.90,75.000,1654.000,249.60,249.80,5000.000,5000.000,249.65,249.95,1715.000,6169.000,20000.000,25000.000,249.524,249.901,249.606,250.020,-0.100,-0.150
2017-04-12 09:41:00,249.726,249.915,118.000,538.000,249.80,249.85,2500.000,5000.000,249.85,250.00,5.000,160.000,249.75,249.90,2500.000,10000.000,249.75,250.10,1529.000,6416.000,27500.000,30000.000,249.641,249.992,249.645,250.137,-0.100,-0.094
2017-04-12 09:42:00,249.709,249.827,71.000,538.000,249.80,249.85,2500.000,2500.000,249.70,249.90,2.000,965.000,249.75,249.90,7500.000,7500.000,249.65,249.95,3199.000,9229.000,27500.000,22500.000,249.533,249.965,249.586,250.000,0.025,-0.057
2017-04-12 09:43:00,249.559,249.705,684.000,45.000,249.50,249.65,2500.000,2500.000,249.65,249.85,159.000,51.000,249.45,249.75,5000.000,5000.000,249.55,249.90,2492.000,2628.000,22500.000,25000.000,249.398,249.859,249.506,249.970,-0.175,-0.022
2017-04-12 09:44:00,249.403,249.566,101.000,1762.000,249.35,249.45,2500.000,2500.000,249.45,249.55,26.000,601.000,249.30,249.50,2500.000,10000.000,249.40,249.75,3708.000,5088.000,22500.000,25000.000,249.194,249.546,249.322,249.790,-0.100,0.010
2017-04-12 09:45:00,249.928,250.059,18.000,1138.000,249.95,250.00,5000.000,2500.000,250.00,250.15,315.000,60.000,249.90,250.05,2500.000,2500.000,249.95,250.20,1422.000,3920.000,20000.000,22500.000,249.790,250.107,249.887,250.272,-0.100,0.019
2017-04-12 09:46:00,250.107,250.016,489.000,529.000,250.00,250.20,2500.000,5000.000,250.00,250.15,199.000,834.000,249.95,250.25,5000.000,15000.000,249.90,250.20,2620.000,2930.000,17500.000,30000.000,249.873,250.291,249.857,250.229,0.025,0.003
2017-04-12 09:47:00,250.161,250.094,537.000,638.000,250.05,250.10,2500.000,5000.000,250.05,250.15,1068.000,100.000,250.00,250.20,2500.000,2500.000,249.95,250.20,4146.000,2134.000,20000.000,20000.000,249.931,250.222,249.900,250.269,-0.025,-0.034
2017-04-12 09:48:00,250.064,250.037,469.000,2497.000,250.00,250.05,7500.000,5000.000,249.90,250.15,364.000,50.000,249.90,250.10,5000.000,5000.000,249.85,250.20,5511.000,5760.000,25000.000,22500.000,249.790,250.162,249.815,250.233,0.000,-0.056
2017-04-12 09:49:00,250.040,250.045,800.000,2439.000,250.00,250.05,2500.000,2500.000,250.00,250.15,330.000,584.000,249.90,250.10,2500.000,10000.000,249.95,250.20,8220.000,7075.000,22500.000,32500.000,249.810,250.157,249.839,250.246,-0.050,-0.107
2017-04-12 09:50:00,250.029,250.114,844.000,2500.000,250.00,250.05,2500.000,2500.000,250.05,250.15,604.000,50.000,249.95,250.10,7500.000,2500.000,250.00,250.20,4381.000,5173.000,27500.000,25000.000,249.884,250.138,249.950,250.305,-0.075,-0.149
2017-04-12 09:51:00,249.673,249.665,106.000,2009.000,249.60,249.65,7500.000,7500.000,249.50,249.75,203.000,46.000,249.50,249.70,5000.000,2500.000,249.45,249.80,2214.000,2474.000,25000.000,17500.000,249.402,249.681,249.420,249.821,0.000,-0.231
2017-04-12 09:52:00,249.626,249.742,594.000,2500.000,249.55,249.75,12500.000,2500.000,249.60,249.80,1037.000,770.000,249.50,249.80,5000.000,2500.000,249.55,249.95,3282.000,5187.000,35000.000,30000.000,249.444,249.819,249.511,249.996,-0.050,-0.274
2017-04-12 09:53:00,249.260,249.343,1.000,2265.000,249.15,249.20,2500.000,2500.000,249.20,249.25,1131.000,337.000,249.10,249.25,5000.000,2500.000,249.10,249.45,11159.000,5072.000,37500.000,17500.000,249.006,249.275,249.003,249.493,-0.050,-0.350
2017-04-12 09:54:00,248.391,248.654,714.000,110.000,248.35,248.55,15000.000,2500.000,248.50,248.70,251.000,2450.000,248.30,248.60,2500.000,7500.000,248.45,248.80,3805.000,6182.000,40000.000,25000.000,248.234,248.677,248.375,248.855,-0.150,-0.363
2017-04-12 09:55:00,248.316,248.607,2355.000,538.000,248.30,248.45,2500.000,5000.000,248.45,248.65,550.000,587.000,248.25,248.50,10000.000,2500.000,248.40,248.70,3979.000,5799.000,35000.000,22500.000,248.250,248.561,248.325,248.756,-0.175,-0.372
2017-04-12 09:56:00,247.462,247.864,396.000,387.000,247.50,247.65,2500.000,12500.000,247.75,247.90,200.000,69.000,247.45,247.70,7500.000,2500.000,247.70,248.05,1680.000,4683.000,25000.000,30000.000,247.377,247.799,247.600,248.025,-0.250,-0.316
2017-04-12 09:57:00,246.956,247.289,470.000,539.000,246.90,247.05,2500.000,5000.000,247.30,247.50,1710.000,1891.000,246.80,247.10,2500.000,95000.000,247.25,247.55,6398.000,5763.000,15000.000,110000.000,246.745,247.174,247.167,247.562,-0.425,-0.225
2017-04-12 09:58:00,247.177,247.642,468.000,202.000,247.25,247.45,7500.000,2500.000,247.55,247.75,660.000,3127.000,247.20,247.50,5000.000,7500.000,247.50,247.80,1769.000,9899.000,22500.000,22500.000,247.178,247.584,247.472,247.861,-0.300,-0.138
2017-04-12 09:59:00,247.586,247.911,10.000,272.000,247.60,247.75,2500.000,5000.000,247.80,247.95,50.000,775.000,247.55,247.80,5000.000,5000.000,247.75,248.00,1683.000,4909.000,25000.000,20000.000,247.466,247.866,247.685,248.031,-0.200,-0.050
2017-04-12 10:00:00,247.716,248.055,475.000,10.000,247.75,247.80,2500.000,2500.000,247.95,248.10,251.000,3.000,247.70,247.85,5000.000,7500.000,247.90,248.15,2874.000,5634.000,27500.000,22500.000,247.616,248.009,247.823,248.206,-0.250,0.030
2017-04-12 10:01:00,247.614,247.731,2050.000,337.000,247.55,247.70,2500.000,5000.000,247.65,247.85,811.000,1401.000,247.50,247.75,5000.000,5000.000,247.60,247.90,3628.000,3089.000,20000.000,25000.000,247.507,247.788,247.544,247.950,-0.125,0.065
2017-04-12 10:02:00,247.401,247.279,541.000,533.000,247.15,247.45,2500.000,2500.000,247.15,247.30,638.000,698.000,247.10,247.50,7500.000,2500.000,247.10,247.40,5978.000,3553.000,25000.000,17500.000,247.023,247.594,247.040,247.464,0.075,0.049
2017-04-12 10:03:00,247.060,247.091,2937.000,991.000,247.00,247.10,5000.000,2500.000,247.00,247.15,50.000,132.000,246.95,247.20,10000.000,2500.000,246.95,247.25,5166.000,3785.000,22500.000,20000.000,246.936,247.284,246.928,247.294,-0.025,0.062
2017-04-12 10:04:00,246.857,246.740,1680.000,154.000,246.75,246.90,7500.000,7500.000,246.65,246.85,260.000,337.000,246.70,246.95,2500.000,2500.000,246.60,246.90,3566.000,1746.000,25000.000,27500.000,246.679,247.027,246.550,246.950,0.075,0.025
2017-04-12 10:05:00,247.201,247.141,387.000,50.000,247.15,247.35,2500.000,2500.000,247.00,247.20,397.000,399.000,247.10,247.40,2500.000,2500.000,246.90,247.25,3494.000,4877.000,25000.000,17500.000,247.026,247.494,246.815,247.300,0.150,0.046
2017-04-12 10:06:00,247.625,247.563,380.000,588.000,247.50,247.70,2500.000,2500.000,247.45,247.65,425.000,1346.000,247.45,247.75,2500.000,5000.000,247.40,247.75,5585.000,5172.000,17500.000,20000.000,247.349,247.820,247.329,247.800,0.050,0.034
2017-04-12 10:07:00,247.923,247.881,339.000,366.000,247.70,247.90,2500.000,2500.000,247.75,247.95,769.000,1000.000,247.65,247.95,5000.000,5000.000,247.70,248.00,8235.000,3537.000,22500.000,17500.000,247.536,248.007,247.644,248.043,-0.050,0.017
2017-04-12 10:08:00,247.763,247.732,304.000,588.000,247.60,247.85,7500.000,7500.000,247.65,247.85,312.000,337.000,247.55,247.90,5000.000,2500.000,247.55,247.95,8566.000,5502.000,20000.000,22500.000,247.498,247.980,247.550,247.961,-0.025,-0.012
2017-04-12 10:09:00,248.109,248.180,201.000,100.000,248.10,248.15,7500.000,2500.000,248.10,248.30,354.000,75.000,248.05,248.25,5000.000,2500.000,248.05,248.35,3483.000,4656.000,27500.000,27500.000,247.982,248.343,248.009,248.432,-0.075,-0.009
2017-04-12 10:10:00,248.138,247.971,820.000,2132.000,248.00,248.10,5000.000,7500.000,247.90,248.15,55.000,266.000,247.90,248.15,7500.000,2500.000,247.75,248.20,6183.000,3263.000,25000.000,27500.000,247.814,248.144,247.740,248.241,0.025,-0.087
2017-04-12 10:11:00,248.076,248.077,465.000,229.000,247.95,248.10,2500.000,2500.000,247.95,248.10,309.000,65.000,247.90,248.15,7500.000,2500.000,247.90,248.20,6300.000,3545.000,30000.000,20000.000,247.823,248.242,247.800,248.256,-0.000,-0.138
2017-04-12 10:12:00,247.788,247.830,354.000,387.000,247.65,247.85,5000.000,5000.000,247.70,247.95,741.000,538.000,247.60,247.90,5000.000,5000.000,247.65,248.00,6788.000,4738.000,25000.000,25000.000,247.520,247.988,247.590,248.050,-0.075,-0.196
2017-04-12 10:13:00,248.325,248.438,115.000,4231.000,248.25,248.35,2500.000,2500.000,248.30,248.50,637.000,60.000,248.15,248.40,5000.000,5000.000,248.25,248.55,5312.000,6381.000,22500.000,17500.000,248.047,248.407,248.183,248.593,-0.100,-0.227
2017-04-12 10:14:00,248.455,248.509,588.000,310.000,248.30,248.45,5000.000,5000.000,248.40,248.65,437.000,255.000,248.25,248.50,2500.000,5000.000,248.30,248.70,5457.000,2275.000,20000.000,20000.000,248.175,248.583,248.262,248.744,-0.150,-0.262
2017-04-12 10:15:00,248.667,248.892,55.000,215.000,248.65,248.70,2500.000,2500.000,248.85,249.00,154.000,387.000,248.60,248.80,2500.000,5000.000,248.80,249.05,2806.000,3043.000,12500.000,17500.000,248.519,248.893,248.730,249.093,-0.250,-0.249
2017-04-12 10:16:00,248.339,248.597,823.000,559.000,248.25,248.45,5000.000,2500.000,248.50,248.60,454.000,2220.000,248.20,248.50,2500.000,2500.000,248.40,248.65,4734.000,5461.000,27500.000,17500.000,248.139,248.553,248.336,248.750,-0.200,-0.242
2017-04-12 10:17:00,248.340,248.668,60.000,669.000,248.35,248.55,2500.000,2500.000,248.60,248.70,1855.000,630.000,248.30,248.60,5000.000,2500.000,248.45,248.75,4437.000,10027.000,30000.000,17500.000,248.231,248.706,248.375,248.829,-0.200,-0.187
2017-04-12 10:18:00,248.302,248.569,222.000,588.000,248.25,248.50,5000.000,7500.000,248.50,248.65,394.000,465.000,248.20,248.55,2500.000,5000.000,248.40,248.70,3043.000,5434.000,25000.000,27500.000,248.127,248.628,248.340,248.727,-0.200,-0.138
2017-04-12 10:19:00,248.373,248.603,20.000,693.000,248.35,248.50,2500.000,2500.000,248.45,248.60,1302.000,448.000,248.30,248.55,5000.000,2500.000,248.40,248.65,3208.000,5300.000,27500.000,17500.000,248.220,248.632,248.323,248.736,-0.100,-0.088
2017-04-12 10:20:00,248.476,248.639,523.000,61.000,248.45,248.55,2500.000,2500.000,248.55,248.75,55.000,365.000,248.40,248.65,7500.000,2500.000,248.50,248.80,3500.000,5427.000,17500.000,17500.000,248.288,248.753,248.464,248.857,-0.150,-0.073
2017-04-12 10:21:00,248.208,248.427,501.000,300.000,248.25,248.30,2500.000,7500.000,248.30,248.50,125.000,526.000,248.20,248.40,10000.000,2500.000,248.25,248.55,2102.000,5466.000,30000.000,25000.000,248.119,248.490,248.192,248.590,-0.125,-0.047
2017-04-12 10:22:00,248.331,248.387,1000.000,243.000,248.20,248.30,2500.000,7500.000,248.25,248.45,450.000,60.000,248.15,248.35,5000.000,2500.000,248.20,248.50,10039.000,4444.000,27500.000,20000.000,248.037,248.465,248.100,248.531,-0.100,-0.033
2017-04-12 10:23:00,248.396,248.419,5022.000,664.000,248.30,248.40,2500.000,7500.000,248.35,248.55,167.000,460.000,248.25,248.45,10000.000,10000.000,248.30,248.60,8237.000,2777.000,27500.000,37500.000,248.240,248.495,248.259,248.643,-0.100,-0.045
2017-04-12 10:24:00,248.475,248.455,338.000,50.000,248.35,248.45,2500.000,2500.000,248.35,248.55,284.000,100.000,248.30,248.50,5000.000,5000.000,248.30,248.60,4167.000,1909.000,27500.000,25000.000,248.204,248.588,248.241,248.670,-0.050,-0.079
2017-04-12 10:25:00,248.591,248.676,397.000,719.000,248.45,248.70,2500.000,5000.000,248.60,248.70,477.000,3142.000,248.40,248.75,17500.000,2500.000,248.55,248.85,6204.000,7083.000,32500.000,30000.000,248.295,248.789,248.496,248.904,-0.075,-0.095
2017-04-12 10:26:00,248.639,248.733,93.000,100.000,248.60,248.70,2500.000,2500.000,248.70,248.85,259.000,601.000,248.55,248.75,15000.000,10000.000,248.55,248.90,3197.000,3912.000,30000.000,27500.000,248.471,248.894,248.521,248.950,-0.125,-0.102
2017-04-12 10:27:00,248.390,248.374,401.000,427.000,248.15,248.35,2500.000,7500.000,248.30,248.55,1214.000,337.000,248.10,248.40,7500.000,7500.000,248.25,248.60,9337.000,2556.000,20000.000,32500.000,248.014,248.463,248.206,248.642,-0.175,-0.121
2017-04-12 10:28:00,248.435,248.520,521.000,535.000,248.25,248.50,5000.000,7500.000,248.40,248.65,637.000,454.000,248.20,248.55,2500.000,7500.000,248.30,248.70,5833.000,3751.000,27500.000,27500.000,248.118,248.621,248.259,248.723,-0.150,-0.157
2017-04-12 10:29:00,248.231,248.378,496.000,618.000,248.25,248.40,2500.000,2500.000,248.35,248.50,375.000,337.000,248.20,248.45,2500.000,5000.000,248.30,248.55,3537.000,8463.000,17500.000,27500.000,248.141,248.535,248.250,248.614,-0.100,-0.121
2017-04-12 10:30:00,248.390,248.555,10.000,1177.000,248.40,248.50,2500.000,2500.000,248.45,248.60,60.000,151.000,248.30,248.55,7500.000,2500.000,248.40,248.65,3503.000,6665.000,27500.000,20000.000,248.201,248.605,248.327,248.725,-0.075,-0.085
2017-04-12 10:31:00,248.468,248.600,254.000,588.000,248.40,248.50,2500.000,2500.000,248.50,248.70,328.000,1.000,248.35,248.55,5000.000,5000.000,248.45,248.75,2905.000,2839.000,17500.000,17500.000,248.258,248.611,248.393,248.807,-0.150,-0.046
2017-04-12 10:32:00,248.504,248.583,520.000,1.000,248.50,248.55,5000.000,5000.000,248.60,248.80,50.000,1221.000,248.40,248.60,2500.000,2500.000,248.55,248.85,5523.000,4168.000,17500.000,35000.000,248.286,248.700,248.479,248.932,-0.175,-0.017
2017-04-12 10:33:00,249.101,249.366,20.000,337.000,249.20,249.30,7500.000,2500.000,249.25,249.45,365.000,896.000,249.10,249.35,2500.000,2500.000,249.20,249.50,1760.000,6415.000,22500.000,17500.000,249.023,249.441,249.156,249.564,-0.100,0.026
2017-04-12 10:34:00,249.510,249.474,200.000,470.000,249.45,249.50,2500.000,2500.000,249.40,249.50,110.000,254.000,249.40,249.60,5000.000,5000.000,249.35,249.65,5663.000,5459.000,20000.000,22500.000,249.275,249.708,249.300,249.706,0.025,0.045
2017-04-12 10:35:00,249.540,249.527,587.000,200.000,249.50,249.65,5000.000,2500.000,249.45,249.65,397.000,354.000,249.45,249.75,2500.000,7500.000,249.35,249.70,2805.000,4342.000,27500.000,27500.000,249.398,249.820,249.295,249.764,0.025,0.055
2017-04-12 10:36:00,249.658,249.595,475.000,492.000,249.75,249.85,2500.000,7500.000,249.65,249.80,429.000,369.000,249.60,249.90,5000.000,5000.000,249.50,249.85,4001.000,8654.000,17500.000,37500.000,249.548,249.989,249.464,249.917,0.075,0.059
2017-04-12 10:37:00,249.575,249.507,477.000,180.000,249.40,249.60,2500.000,2500.000,249.50,249.60,512.000,1310.000,249.35,249.65,2500.000,2500.000,249.35,249.65,7261.000,4149.000,27500.000,27500.000,249.260,249.714,249.286,249.718,-0.050,0.094
2017-04-12 10:38:00,249.423,249.471,100.000,150.000,249.40,249.50,2500.000,2500.000,249.35,249.50,387.000,413.000,249.35,249.55,10000.000,2500.000,249.30,249.60,2717.000,3458.000,30000.000,22500.000,249.285,249.629,249.250,249.656,0.025,0.157
2017-04-12 10:39:00,249.850,249.720,487.000,2498.000,249.80,249.95,5000.000,2500.000,249.75,249.80,342.000,1592.000,249.75,250.00,7500.000,10000.000,249.70,249.85,4216.000,7285.000,27500.000,35000.000,249.682,250.025,249.609,249.932,0.100,0.177
2017-04-12 10:40:00,249.931,249.868,56.000,558.000,249.85,250.05,2500.000,2500.000,249.80,250.00,1186.000,2500.000,249.80,250.10,2500.000,7500.000,249.75,250.05,5101.000,6447.000,17500.000,25000.000,249.718,250.167,249.686,250.105,0.050,0.225
2017-04-12 10:41:00,250.077,249.995,1087.000,42.000,250.00,250.15,5000.000,5000.000,249.90,250.10,364.000,502.000,249.95,250.20,5000.000,2500.000,249.85,250.15,3012.000,2174.000,27500.000,27500.000,249.907,250.304,249.800,250.209,0.075,0.228
2017-04-12 10:42:00,250.167,249.921,4780.000,587.000,250.00,250.10,10000.000,7500.000,249.85,250.10,712.000,10.000,249.90,250.15,5000.000,5000.000,249.80,250.15,12107.000,1395.000,25000.000,35000.000,249.874,250.162,249.785,250.204,0.075,0.219
2017-04-12 10:43:00,250.179,249.914,536.000,230.000,250.05,250.25,2500.000,2500.000,249.85,250.00,5432.000,979.000,250.00,250.30,7500.000,5000.000,249.80,250.05,8263.000,5005.000,25000.000,27500.000,249.967,250.375,249.740,250.114,0.225,0.191
2017-04-12 10:44:00,250.108,249.881,48.000,936.000,250.05,250.20,5000.000,2500.000,249.80,250.00,2442.000,250.000,250.00,250.25,5000.000,7500.000,249.75,250.05,4322.000,4481.000,22500.000,22500.000,249.946,250.330,249.678,250.106,0.225,0.186
2017-04-12 10:45:00,250.051,249.744,146.000,864.000,249.85,250.00,10000.000,7500.000,249.65,249.90,60.000,391.000,249.80,250.05,2500.000,2500.000,249.60,249.95,5520.000,2024.000,27500.000,35000.000,249.696,250.078,249.564,249.996,0.150,0.168
2017-04-12 10:46:00,249.697,249.602,648.000,484.000,249.60,249.85,2500.000,2500.000,249.50,249.65,660.000,200.000,249.55,249.90,7500.000,2500.000,249.45,249.70,6397.000,7262.000,30000.000,25000.000,249.479,249.994,249.392,249.815,0.150,0.191
2017-04-12 10:47:00,250.087,249.885,387.000,405.000,249.85,250.00,5000.000,5000.000,249.75,249.95,966.000,69.000,249.80,250.05,5000.000,2500.000,249.70,250.00,6129.000,866.000,25000.000,17500.000,249.720,250.067,249.660,250.036,0.075,0.193
2017-04-12 10:48:00,250.242,250.118,162.000,245.000,250.15,250.20,2500.000,5000.000,250.05,250.20,589.000,273.000,250.10,250.25,2500.000,15000.000,250.00,250.25,4749.000,2142.000,20000.000,30000.000,250.001,250.345,249.912,250.279,0.050,0.232
2017-04-12 10:49:00,250.535,250.334,427.000,37.000,250.50,250.55,2500.000,2500.000,250.30,250.35,816.000,200.000,250.40,250.65,5000.000,2500.000,250.25,250.45,6866.000,5889.000,25000.000,22500.000,250.312,250.752,250.160,250.556,0.200,0.245
2017-04-12 10:50:00,250.640,250.424,700.000,1100.000,250.50,250.70,10000.000,2500.000,250.30,250.50,503.000,50.000,250.45,250.75,2500.000,5000.000,250.25,250.55,4361.000,3186.000,25000.000,17500.000,250.384,250.801,250.220,250.600,0.200,0.216
2017-04-12 10:51:00,251.177,250.965,285.000,2530.000,251.15,251.20,2500.000,25000.000,250.90,251.00,283.000,45.000,251.05,251.25,5000.000,2500.000,250.80,251.10,5338.000,5252.000,32500.000,45000.000,250.990,251.286,250.727,251.086,0.225,0.163
2017-04-12 10:52:00,251.103,250.893,20.000,597.000,251.10,251.20,7500.000,2500.000,250.80,251.00,764.000,814.000,251.00,251.25,5000.000,5000.000,250.75,251.05,3671.000,4812.000,37500.000,35000.000,250.900,251.342,250.700,251.129,0.250,0.128
2017-04-12 10:53:00,250.734,250.412,337.000,60.000,250.45,250.65,5000.000,5000.000,250.30,250.50,1339.000,249.000,250.40,250.70,2500.000,5000.000,250.20,250.60,7221.000,1173.000,27500.000,25000.000,250.301,250.769,250.155,250.645,0.150,0.097
2017-04-12 10:54:00,251.216,250.954,900.000,309.000,251.00,251.20,7500.000,2500.000,250.85,251.05,304.000,100.000,250.95,251.25,5000.000,7500.000,250.80,251.10,4329.000,1162.000,30000.000,27500.000,250.895,251.314,250.742,251.168,0.150,0.078
2017-04-12 10:55:00,251.013,250.939,50.000,337.000,250.90,251.00,5000.000,2500.000,250.85,251.00,493.000,50.000,250.85,251.10,2500.000,2500.000,250.80,251.05,4211.000,2580.000,25000.000,22500.000,250.775,251.194,250.720,251.122,0.025,0.104
2017-04-12 10:56:00,250.445,250.498,497.000,1600.000,250.40,250.50,5000.000,5000.000,250.30,250.55,603.000,4486.000,250.35,250.60,5000.000,2500.000,250.25,250.60,3025.000,6713.000,32500.000,17500.000,250.288,250.587,250.192,250.650,0.025,0.125
2017-04-12 10:57:00,250.910,250.875,421.000,2458.000,250.90,251.00,5000.000,2500.000,250.80,251.00,437.000,100.000,250.85,251.10,2500.000,2500.000,250.75,251.05,2368.000,5771.000,25000.000,25000.000,250.776,251.123,250.650,251.125,0.050,0.121
2017-04-12 10:58:00,250.941,250.775,359.000,5.000,251.00,251.15,2500.000,2500.000,250.70,250.90,199.000,858.000,250.95,251.20,2500.000,2500.000,250.65,250.95,1372.000,4341.000,20000.000,25000.000,250.889,251.311,250.575,251.025,0.275,0.105
2017-04-12 10:59:00,250.777,250.610,21.000,160.000,250.80,250.90,2500.000,2500.000,250.65,250.80,439.000,60.000,250.75,250.95,2500.000,7500.000,250.55,250.85,2366.000,7028.000,15000.000,35000.000,250.674,251.006,250.492,250.925,0.125,0.094
2017-04-12 11:00:00,250.697,250.490,417.000,210.000,250.50,250.65,5000.000,2500.000,250.40,250.60,636.000,60.000,250.45,250.70,5000.000,2500.000,250.30,250.65,4180.000,860.000,30000.000,22500.000,250.389,250.760,250.271,250.728,0.075,0.046
2017-04-12 11:01:00,249.965,249.916,1487.000,449.000,249.80,250.00,5000.000,2500.000,249.80,249.95,2182.000,111.000,249.75,250.05,2500.000,7500.000,249.75,250.00,5264.000,1953.000,27500.000,20000.000,249.730,250.117,249.682,250.044,0.025,0.053
2017-04-12 11:02:00,249.974,249.958,535.000,35.000,249.90,249.95,2500.000,7500.000,249.90,250.00,584.000,2610.000,249.80,250.00,5000.000,2500.000,249.75,250.05,6465.000,3062.000,27500.000,22500.000,249.740,250.017,249.705,250.128,-0.025,0.047
2017-04-12 11:03:00,250.192,250.106,300.000,446.000,250.10,250.25,2500.000,2500.000,250.05,250.25,100.000,224.000,250.05,250.30,2500.000,7500.000,250.00,250.30,2293.000,2120.000,15000.000,27500.000,249.974,250.357,249.933,250.350,0.025,0.014
2017-04-12 11:04:00,250.624,250.513,350.000,347.000,250.50,250.65,2500.000,5000.000,250.50,250.65,160.000,110.000,250.45,250.70,2500.000,2500.000,250.45,250.70,2898.000,1839.000,15000.000,22500.000,250.371,250.769,250.358,250.767,-0.000,-0.005
2017-04-12 11:05:00,250.468,250.500,510.000,341.000,250.30,250.50,2500.000,5000.000,250.40,250.55,2995.000,110.000,250.25,250.55,2500.000,7500.000,250.35,250.65,5484.000,2002.000,20000.000,22500.000,250.226,250.620,250.238,250.672,-0.075,0.007
2017-04-12 11:06:00,250.413,250.329,50.000,199.000,250.30,250.35,2500.000,5000.000,250.30,250.45,304.000,387.000,250.15,250.40,2500.000,2500.000,250.15,250.50,4695.000,1650.000,25000.000,27500.000,250.029,250.459,250.075,250.573,-0.050,0.002
2017-04-12 11:07:00,250.322,250.335,237.000,13.000,250.25,250.30,2500.000,7500.000,250.20,250.40,107.000,50.000,250.15,250.35,5000.000,5000.000,250.15,250.50,4633.000,2413.000,20000.000,22500.000,250.037,250.455,250.088,250.511,-0.025,0.018
2017-04-12 11:08:00,250.165,250.247,522.000,501.000,250.10,250.20,2500.000,5000.000,250.10,250.35,770.000,110.000,250.05,250.25,2500.000,5000.000,250.05,250.40,2989.000,2406.000,20000.000,20000.000,249.995,250.308,249.994,250.463,-0.075,0.076
2017-04-12 11:09:00,250.263,250.247,537.000,596.000,250.25,250.35,2500.000,2500.000,250.20,250.35,760.000,502.000,250.20,250.40,2500.000,7500.000,250.15,250.40,5043.000,6469.000,15000.000,22500.000,250.067,250.477,250.083,250.450,0.025,0.103
2017-04-12 11:10:00,250.396,250.365,1346.000,586.000,250.20,250.45,5000.000,2500.000,250.25,250.45,429.000,872.000,250.15,250.50,2500.000,5000.000,250.20,250.50,8346.000,5051.000,17500.000,15000.000,250.063,250.569,250.157,250.542,-0.025,0.117
2017-04-12 11:11:00,250.590,250.531,45.000,50.000,250.55,250.60,2500.000,2500.000,250.50,250.60,1572.000,454.000,250.50,250.75,5000.000,7500.000,250.35,250.70,3106.000,3377.000,22500.000,22500.000,250.452,250.849,250.300,250.750,0.025,0.156
2017-04-12 11:12:00,250.352,250.286,760.000,387.000,250.20,250.40,2500.000,2500.000,250.20,250.35,259.000,634.000,250.15,250.45,2500.000,5000.000,250.05,250.40,7344.000,5782.000,27500.000,17500.000,250.042,250.511,250.000,250.450,0.025,0.174
2017-04-12 11:13:00,251.141,250.933,485.000,4.000,251.05,251.15,5000.000,10000.000,250.80,251.00,1733.000,300.000,251.00,251.20,7500.000,2500.000,250.75,251.05,4194.000,2166.000,37500.000,27500.000,250.947,251.330,250.653,251.086,0.200,0.148
2017-04-12 11:14:00,251.098,250.947,1747.000,226.000,251.00,251.20,2500.000,2500.000,250.85,251.05,1009.000,105.000,250.95,251.25,5000.000,7500.000,250.80,251.10,6427.000,6049.000,22500.000,25000.000,250.904,251.313,250.722,251.160,0.150,0.141
2017-04-12 11:15:00,251.293,251.190,1616.000,2467.000,251.25,251.30,5000.000,2500.000,251.00,251.25,120.000,51.000,251.20,251.40,10000.000,5000.000,250.95,251.30,3601.000,4225.000,32500.000,17500.000,251.162,251.410,250.900,251.357,0.150,0.132
2017-04-12 11:16:00,251.604,251.348,962.000,400.000,251.50,251.55,2500.000,5000.000,251.20,251.45,110.000,431.000,251.45,251.70,2500.000,5000.000,251.15,251.50,3057.000,1905.000,30000.000,27500.000,251.395,251.718,251.071,251.555,0.200,0.114
2017-04-12 11:17:00,251.564,251.411,64.000,489.000,251.55,251.60,90000.000,5000.000,251.30,251.45,1376.000,2203.000,251.50,251.65,2500.000,2500.000,251.25,251.50,3503.000,5132.000,107500.000,32500.000,251.435,251.690,251.276,251.612,0.200,0.116
2017-04-12 11:18:00,251.544,251.466,450.000,568.000,251.60,251.65,2500.000,2500.000,251.35,251.45,425.000,3238.000,251.45,251.70,87500.000,2500.000,251.30,251.50,3707.000,6480.000,112500.000,20000.000,251.396,251.742,251.258,251.575,0.225,0.145
2017-04-12 11:19:00,250.957,250.842,12.000,178.000,251.05,251.15,2500.000,7500.000,250.80,251.00,502.000,387.000,251.00,251.20,2500.000,2500.000,250.75,251.05,1019.000,6768.000,17500.000,27500.000,250.936,251.289,250.650,251.100,0.200,0.146
2017-04-12 11:20:00,250.876,250.821,81.000,60.000,251.00,251.10,7500.000,2500.000,250.75,250.90,60.000,486.000,250.90,251.15,2500.000,5000.000,250.70,250.95,2272.000,10881.000,22500.000,20000.000,250.789,251.255,250.622,251.000,0.225,0.157
2017-04-12 11:21:00,250.872,250.702,300.000,53.000,250.85,250.95,2500.000,2500.000,250.60,250.80,434.000,2341.000,250.75,251.00,5000.000,2500.000,250.55,250.85,2746.000,3561.000,27500.000,25000.000,250.678,251.038,250.482,250.935,0.200,0.134
2017-04-12 11:22:00,250.871,250.709,922.000,53.000,250.75,250.95,2500.000,2500.000,250.60,250.80,265.000,1310.000,250.70,251.00,5000.000,5000.000,250.55,250.85,4337.000,3628.000,27500.000,30000.000,250.636,251.060,250.486,250.950,0.150,0.129
2017-04-12 11:23:00,250.775,250.553,2.000,379.000,250.65,250.75,2500.000,7500.000,250.50,250.70,412.000,250.000,250.60,250.80,5000.000,2500.000,250.40,250.75,4335.000,2068.000,22500.000,27500.000,250.499,250.887,250.300,250.800,0.100,0.110
2017-04-12 11:24:00,250.900,250.778,487.000,1383.000,251.00,251.10,2500.000,2500.000,250.65,250.85,50.000,607.000,250.85,251.15,2500.000,5000.000,250.60,250.90,2060.000,7332.000,27500.000,22500.000,250.803,251.209,250.523,250.967,0.300,0.066
2017-04-12 11:25:00,250.997,250.889,831.000,60.000,251.00,251.15,7500.000,5000.000,250.75,250.95,60.000,2699.000,250.95,251.20,2500.000,5000.000,250.70,251.00,3591.000,10759.000,25000.000,20000.000,250.865,251.249,250.660,251.062,0.225,0.044
2017-04-12 11:26:00,250.813,250.761,60.000,2887.000,250.85,251.00,2500.000,2500.000,250.65,250.85,1612.000,60.000,250.80,251.05,5000.000,2500.000,250.60,250.90,2781.000,8681.000,25000.000,22500.000,250.763,251.124,250.530,250.972,0.175,0.025
2017-04-12 11:27:00,250.957,250.817,744.000,362.000,251.00,251.10,5000.000,2500.000,250.75,250.90,55.000,3632.000,250.90,251.15,2500.000,2500.000,250.70,250.95,6330.000,14596.000,17500.000,20000.000,250.816,251.217,250.650,251.031,0.225,0.007
2017-04-12 11:28:00,251.114,250.987,388.000,3337.000,251.05,251.25,2500.000,7500.000,250.90,251.00,2857.000,1013.000,251.00,251.35,2500.000,5000.000,250.80,251.15,5813.000,9889.000,17500.000,20000.000,250.950,251.386,250.743,251.131,0.200,-0.012
2017-04-12 11:29:00,251.467,251.564,898.000,423.000,251.55,251.60,25000.000,2500.000,251.50,251.65,111.000,977.000,251.50,251.70,2500.000,2500.000,251.40,251.70,1520.000,5515.000,35000.000,20000.000,251.492,251.787,251.450,251.756,-0.000,0.016
2017-04-12 11:30:00,251.536,251.538,613.000,420.000,251.55,251.65,5000.000,5000.000,251.50,251.65,351.000,977.000,251.50,251.70,2500.000,5000.000,251.40,251.70,2602.000,4985.000,25000.000,27500.000,251.431,251.786,251.330,251.750,0.025,0.011
2017-04-12 11:31:00,251.355,251.395,10.000,911.000,251.35,251.50,10000.000,2500.000,251.30,251.45,108.000,2036.000,251.30,251.55,2500.000,5000.000,251.15,251.50,3088.000,6578.000,35000.000,20000.000,251.117,251.601,251.118,251.556,0.050,0.033
2017-04-12 11:32:00,251.146,251.100,800.000,292.000,251.05,251.15,12500.000,2500.000,251.00,251.10,3025.000,639.000,251.00,251.20,10000.000,5000.000,250.90,251.25,7197.000,3164.000,35000.000,20000.000,250.959,251.271,250.893,251.287,0.050,0.026
2017-04-12 11:33:00,251.134,251.097,100.000,649.000,251.05,251.15,2500.000,2500.000,251.00,251.10,2591.000,1140.000,251.00,251.20,7500.000,2500.000,250.90,251.15,4526.000,3374.000,32500.000,17500.000,250.946,251.228,250.800,251.250,0.050,0.040
2017-04-12 11:34:00,251.070,251.030,840.000,161.000,251.05,251.10,5000.000,2500.000,250.90,251.10,1836.000,99.000,251.00,251.15,2500.000,5000.000,250.80,251.15,3677.000,1822.000,30000.000,20000.000,250.970,251.233,250.746,251.200,0.075,0.046
2017-04-12 11:35:00,251.089,251.113,397.000,138.000,251.10,251.30,5000.000,5000.000,251.00,251.20,1191.000,364.000,251.05,251.35,5000.000,2500.000,250.95,251.25,4709.000,9919.000,20000.000,17500.000,251.005,251.457,250.906,251.293,0.100,0.067
2017-04-12 11:36:00,251.177,251.111,1181.000,18.000,251.05,251.10,2500.000,2500.000,251.05,251.15,2088.000,300.000,251.00,251.20,5000.000,2500.000,250.90,251.20,6581.000,1510.000,27500.000,17500.000,250.952,251.292,250.832,251.264,-0.025,0.044
2017-04-12 11:37:00,251.422,251.411,389.000,894.000,251.50,251.55,5000.000,2500.000,251.30,251.45,60.000,270.000,251.40,251.60,5000.000,2500.000,251.25,251.50,3617.000,9410.000,27500.000,17500.000,251.293,251.694,251.191,251.571,0.150,0.037
2017-04-12 11:38:00,251.360,251.250,735.000,50.000,251.25,251.40,7500.000,32500.000,251.15,251.30,852.000,787.000,251.20,251.50,2500.000,2500.000,251.10,251.40,5102.000,4540.000,35000.000,50000.000,251.131,251.566,251.032,251.363,0.100,0.042
2017-04-12 11:39:00,251.348,251.279,100.000,10.000,251.40,251.45,15000.000,2500.000,251.15,251.35,466.000,1401.000,251.30,251.50,2500.000,5000.000,251.10,251.40,2912.000,5516.000,32500.000,20000.000,251.230,251.571,251.077,251.456,0.175,0.083
2017-04-12 11:40:00,251.287,251.208,1449.000,150.000,251.25,251.30,2500.000,5000.000,251.15,251.30,992.000,15.000,251.20,251.35,2500.000,2500.000,251.10,251.35,5199.000,3674.000,22500.000,22500.000,251.142,251.516,250.994,251.417,0.050,0.113
2017-04-12 11:41:00,251.123,251.174,50.000,757.000,251.10,251.30,5000.000,2500.000,251.05,251.15,405.000,218.000,251.05,251.35,2500.000,2500.000,251.00,251.30,4770.000,8082.000,25000.000,17500.000,250.982,251.451,250.885,251.343,0.100,0.159
2017-04-12 11:42:00,251.177,251.200,1106.000,100.000,251.10,251.25,27500.000,5000.000,251.05,251.25,884.000,250.000,251.05,251.35,7500.000,5000.000,250.90,251.35,6647.000,5534.000,55000.000,22500.000,251.005,251.474,250.941,251.389,0.025,0.195
2017-04-12 11:43:00,251.112,250.979,200.000,288.000,251.15,251.25,2500.000,5000.000,250.85,251.05,595.000,489.000,251.10,251.30,10000.000,2500.000,250.80,251.15,2613.000,4342.000,25000.000,22500.000,251.014,251.391,250.750,251.200,0.250,0.188
2017-04-12 11:44:00,251.026,250.750,397.000,1835.000,250.90,251.00,2500.000,2500.000,250.65,250.80,556.000,487.000,250.85,251.05,2500.000,5000.000,250.60,250.85,6668.000,3789.000,32500.000,22500.000,250.764,251.067,250.477,250.928,0.225,0.151
2017-04-12 11:45:00,251.107,250.877,1392.000,273.000,251.00,251.15,5000.000,2500.000,250.75,250.95,330.000,190.000,250.95,251.20,5000.000,5000.000,250.65,251.00,4088.000,2299.000,22500.000,15000.000,250.902,251.294,250.611,251.042,0.225,0.136
2017-04-12 11:46:00,250.853,250.677,747.000,90.000,250.70,250.90,2500.000,2500.000,250.55,250.75,717.000,60.000,250.65,250.95,2500.000,5000.000,250.50,250.80,5723.000,3865.000,20000.000,17500.000,250.566,251.014,250.425,250.850,0.150,0.119
2017-04-12 11:47:00,250.847,250.690,1158.000,50.000,250.75,250.90,5000.000,2500.000,250.60,250.80,399.000,60.000,250.70,250.95,5000.000,2500.000,250.55,250.85,4861.000,3888.000,25000.000,25000.000,250.633,251.015,250.495,250.925,0.125,0.115
2017-04-12 11:48:00,250.982,250.879,191.000,100.000,251.05,251.10,5000.000,2500.000,250.80,251.00,498.000,792.000,251.00,251.15,5000.000,2500.000,250.75,251.05,1482.000,4515.000,20000.000,22500.000,250.961,251.237,250.713,251.106,0.175,0.121
2017-04-12 11:49:00,251.132,251.044,166.000,643.000,251.20,251.40,5000.000,5000.000,250.95,251.20,199.000,404.000,251.15,251.45,7500.000,5000.000,250.85,251.25,1468.000,9512.000,22500.000,22500.000,251.062,251.531,250.833,251.300,0.225,0.113
2017-04-12 11:50:00,251.153,250.995,320.000,337.000,251.20,251.35,5000.000,2500.000,250.95,251.15,637.000,1011.000,251.10,251.40,2500.000,7500.000,250.90,251.20,3767.000,8380.000,20000.000,32500.000,251.023,251.497,250.850,251.262,0.225,0.089
2017-04-12 11:51:00,250.766,250.673,774.000,200.000,250.70,250.85,2500.000,5000.000,250.60,250.80,487.000,199.000,250.65,250.90,7500.000,5000.000,250.55,250.85,6663.000,6663.000,30000.000,35000.000,250.562,251.006,250.500,250.921,0.075,0.082
2017-04-12 11:52:00,251.011,250.874,201.000,3747.000,250.85,251.00,2500.000,5000.000,250.75,250.95,611.000,60.000,250.80,251.10,7500.000,5000.000,250.70,251.00,14005.000,9708.000,25000.000,22500.000,250.702,251.138,250.635,251.039,0.075,0.041
2017-04-12 11:53:00,251.023,250.894,199.000,3728.000,250.85,251.00,2500.000,5000.000,250.85,251.00,800.000,60.000,250.80,251.10,5000.000,5000.000,250.80,251.05,15628.000,9281.000,17500.000,25000.000,250.711,251.135,250.743,251.105,0.000,0.009
2017-04-12 11:54:00,250.931,250.881,55.000,10.000,250.80,250.90,7500.000,2500.000,250.80,250.95,973.000,100.000,250.75,250.95,2500.000,2500.000,250.75,251.00,13025.000,4043.000,25000.000,20000.000,250.695,251.010,250.710,251.069,-0.025,0.002
2017-04-12 11:55:00,250.875,250.839,100.000,100.000,250.80,250.85,2500.000,2500.000,250.80,250.90,569.000,679.000,250.75,250.90,2500.000,2500.000,250.75,251.00,12756.000,4831.000,15000.000,20000.000,250.692,250.995,250.700,251.056,-0.025,-0.003
2017-04-12 11:56:00,250.959,250.900,114.000,209.000,250.80,250.90,2500.000,2500.000,250.85,251.00,103.000,2767.000,250.75,251.00,2500.000,5000.000,250.80,251.05,14495.000,5339.000,17500.000,17500.000,250.693,251.055,250.664,251.107,-0.075,-0.006
2017-04-12 11:57:00,250.838,250.908,50.000,15.000,250.75,250.85,2500.000,2500.000,250.85,250.95,10831.000,9.000,250.70,250.90,2500.000,2500.000,250.80,251.00,13935.000,4723.000,17500.000,12500.000,250.676,251.015,250.664,251.050,-0.100,0.000
2017-04-12 11:58:00,250.888,250.917,24.000,678.000,250.85,250.90,5000.000,5000.000,250.85,251.00,10481.000,1110.000,250.70,250.95,2500.000,5000.000,250.80,251.05,13218.000,5375.000,17500.000,20000.000,250.676,250.989,250.750,251.094,-0.050,0.025
2017-04-12 11:59:00,251.009,250.994,199.000,37.000,250.85,250.95,2500.000,2500.000,250.95,251.15,3881.000,2902.000,250.80,251.00,2500.000,2500.000,250.90,251.20,15069.000,5444.000,15000.000,25000.000,250.728,251.087,250.833,251.270,-0.150,0.041
2017-04-12 12:00:00,251.211,251.203,620.000,135.000,251.30,251.35,2500.000,2500.000,251.20,251.30,733.000,1631.000,251.25,251.40,2500.000,2500.000,251.10,251.35,7344.000,14015.000,20000.000,22500.000,251.104,251.484,251.037,251.444,0.075,0.071
2017-04-12 12:01:00,251.239,251.194,668.000,2634.000,251.25,251.35,2500.000,7500.000,251.20,251.35,60.000,1362.000,251.15,251.40,2500.000,2500.000,251.10,251.40,7961.000,14377.000,15000.000,30000.000,251.052,251.466,251.050,251.450,0.025,0.074
2017-04-12 12:02:00,251.164,251.202,1496.000,300.000,251.25,251.30,7500.000,7500.000,251.15,251.35,356.000,1960.000,251.15,251.35,2500.000,2500.000,251.10,251.40,4591.000,9918.000,20000.000,30000.000,251.115,251.448,251.069,251.450,0.025,0.098
2017-04-12 12:03:00,251.356,251.260,198.000,337.000,251.30,251.50,5000.000,7500.000,251.20,251.35,1361.000,2828.000,251.25,251.55,7500.000,2500.000,251.15,251.40,4144.000,6503.000,22500.000,30000.000,251.188,251.607,251.111,251.475,0.125,0.114
2017-04-12 12:04:00,251.556,251.461,861.000,10.000,251.60,251.65,7500.000,7500.000,251.40,251.50,1200.000,2079.000,251.55,251.70,2500.000,2500.000,251.35,251.55,3702.000,8837.000,22500.000,25000.000,251.516,251.768,251.300,251.620,0.175,0.154
2017-04-12 12:05:00,251.813,251.657,4149.000,1433.000,251.90,251.95,5000.000,2500.000,251.60,251.70,304.000,20520.000,251.75,252.00,2500.000,5000.000,251.55,251.80,7957.000,24678.000,25000.000,25000.000,251.781,252.010,251.500,251.870,0.275,0.167
2017-04-12 12:06:00,251.798,251.739,328.000,535.000,251.85,251.90,2500.000,2500.000,251.75,251.85,739.000,1054.000,251.80,251.95,5000.000,5000.000,251.70,251.90,4657.000,22619.000,20000.000,37500.000,251.730,251.998,251.650,251.973,0.075,0.194
2017-04-12 12:07:00,251.849,251.767,198.000,16755.000,251.85,252.00,2500.000,10000.000,251.70,251.90,437.000,153.000,251.80,252.05,7500.000,5000.000,251.65,251.95,2292.000,20388.000,27500.000,45000.000,251.731,252.031,251.582,251.986,0.125,0.216
2017-04-12 12:08:00,251.877,251.702,410.000,37.000,251.85,251.90,2500.000,10000.000,251.70,251.80,749.000,100.000,251.80,251.95,2500.000,2500.000,251.65,251.85,4926.000,4761.000,30000.000,42500.000,251.728,252.024,251.533,251.929,0.125,0.213
2017-04-12 12:09:00,252.019,251.721,737.000,696.000,251.85,252.00,7500.000,2500.000,251.65,251.85,1750.000,28.000,251.80,252.05,5000.000,10000.000,251.60,251.90,7226.000,2539.000,37500.000,40000.000,251.736,252.102,251.513,251.963,0.175,0.188
2017-04-12 12:10:00,252.024,251.805,210.000,1148.000,252.00,252.10,2500.000,2500.000,251.85,251.90,502.000,74.000,251.95,252.15,2500.000,2500.000,251.75,251.95,3989.000,5810.000,20000.000,30000.000,251.855,252.228,251.656,252.029,0.175,0.205
2017-04-12 12:11:00,252.098,251.904,197.000,25.000,252.05,252.15,5000.000,2500.000,251.90,252.00,1250.000,405.000,252.00,252.20,10000.000,2500.000,251.85,252.05,4352.000,4366.000,27500.000,32500.000,251.924,252.279,251.809,252.154,0.150,0.227
2017-04-12 12:12:00,251.947,251.752,52.000,2627.000,251.85,252.00,5000.000,2500.000,251.65,251.85,338.000,60.000,251.80,252.05,2500.000,7500.000,251.60,251.90,5077.000,5407.000,30000.000,27500.000,251.700,252.095,251.550,251.964,0.175,0.224
2017-04-12 12:13:00,251.728,251.570,184.000,600.000,251.60,251.75,5000.000,2500.000,251.45,251.65,2296.000,550.000,251.50,251.80,10000.000,37500.000,251.40,251.70,4750.000,2265.000,52500.000,55000.000,251.456,251.833,251.321,251.730,0.125,0.241
2017-04-12 12:14:00,251.980,251.807,1326.000,55.000,252.00,252.10,2500.000,10000.000,251.70,251.90,537.000,77.000,251.90,252.15,2500.000,2500.000,251.65,251.95,4991.000,6746.000,32500.000,37500.000,251.847,252.245,251.562,251.993,0.250,0.272
2017-04-12 12:15:00,252.130,251.823,712.000,2951.000,252.00,252.20,2500.000,12500.000,251.85,252.00,110.000,1739.000,251.95,252.25,2500.000,2500.000,251.80,252.05,6590.000,7393.000,12500.000,42500.000,251.803,252.264,251.750,252.109,0.175,0.218
2017-04-12 12:16:00,251.979,251.674,96.000,359.000,251.90,251.95,2500.000,17500.000,251.65,251.70,639.000,320.000,251.80,252.00,2500.000,7500.000,251.60,251.90,4420.000,1889.000,22500.000,55000.000,251.721,252.065,251.539,251.889,0.250,0.188
2017-04-12 12:17:00,251.822,251.643,693.000,331.000,251.80,251.90,5000.000,15000.000,251.60,251.70,256.000,60.000,251.75,251.95,5000.000,2500.000,251.55,251.85,2830.000,4276.000,32500.000,52500.000,251.691,252.002,251.496,251.881,0.200,0.190
2017-04-12 12:18:00,252.100,251.859,1957.000,100.000,252.00,252.10,2500.000,5000.000,251.80,251.95,824.000,1606.000,251.95,252.20,5000.000,12500.000,251.75,252.00,7013.000,4900.000,32500.000,50000.000,251.884,252.267,251.665,252.095,0.175,0.175
2017-04-12 12:19:00,252.415,252.085,678.000,283.000,252.30,252.45,2500.000,2500.000,252.20,252.25,3336.000,300.000,252.25,252.50,7500.000,5000.000,252.05,252.35,4835.000,1964.000,22500.000,55000.000,252.240,252.596,252.011,252.443,0.150,0.123
2017-04-12 12:20:00,252.075,252.038,1826.000,3.000,252.00,252.10,7500.000,2500.000,251.85,252.05,599.000,500.000,251.95,252.15,2500.000,2500.000,251.80,252.10,5144.000,2459.000,30000.000,12500.000,251.915,252.255,251.742,252.150,0.100,0.136
2017-04-12 12:21:00,252.108,251.953,1506.000,231.000,252.00,252.05,5000.000,5000.000,251.85,252.00,101.000,837.000,251.95,252.15,2500.000,5000.000,251.80,252.05,6707.000,3697.000,20000.000,17500.000,251.862,252.204,251.738,252.079,0.100,0.119
2017-04-12 12:22:00,252.083,251.893,2113.000,5.000,252.00,252.05,2500.000,5000.000,251.85,251.95,101.000,837.000,251.95,252.15,5000.000,7500.000,251.75,252.00,6686.000,4312.000,27500.000,27500.000,251.872,252.218,251.682,252.045,0.125,0.121
2017-04-12 12:23:00,252.119,251.956,3261.000,102.000,252.00,252.10,5000.000,2500.000,251.90,251.95,547.000,362.000,251.95,252.15,5000.000,5000.000,251.85,252.00,9412.000,3520.000,27500.000,17500.000,251.892,252.219,251.800,252.043,0.125,0.133
2017-04-12 12:24:00,252.066,251.995,620.000,2.000,252.05,252.10,2500.000,5000.000,251.85,252.00,556.000,60.000,251.95,252.15,12500.000,2500.000,251.80,252.05,2907.000,1883.000,37500.000,17500.000,251.904,252.251,251.740,252.100,0.150,0.158
2017-04-12 12:25:00,251.904,251.800,5.000,293.000,251.85,251.90,5000.000,2500.000,251.65,251.85,823.000,608.000,251.80,251.95,12500.000,10000.000,251.60,251.90,3842.000,3724.000,45000.000,30000.000,251.689,252.007,251.531,251.954,0.125,0.173
2017-04-12 12:26:00,251.892,251.824,2243.000,5.000,251.80,251.90,5000.000,2500.000,251.70,251.90,161.000,447.000,251.75,251.95,2500.000,7500.000,251.65,251.95,6935.000,3791.000,27500.000,25000.000,251.695,252.017,251.573,252.000,0.050,0.222
2017-04-12 12:27:00,252.060,251.857,37.000,8.000,252.00,252.05,5000.000,5000.000,251.80,251.90,300.000,60.000,251.95,252.10,2500.000,2500.000,251.75,251.95,6423.000,4793.000,22500.000,27500.000,251.817,252.223,251.689,252.000,0.175,0.234
2017-04-12 12:28:00,252.025,251.802,1321.000,77.000,252.05,252.10,5000.000,2500.000,251.75,251.90,13.000,623.000,252.00,252.15,7500.000,5000.000,251.60,251.95,5176.000,6079.000,32500.000,25000.000,251.870,252.266,251.573,252.005,0.250,0.239
2017-04-12 12:29:00,252.082,251.887,593.000,535.000,252.00,252.20,2500.000,2500.000,251.80,251.95,60.000,1026.000,251.95,252.25,7500.000,10000.000,251.75,252.00,5166.000,7129.000,27500.000,22500.000,251.848,252.314,251.664,252.044,0.225,0.250
2017-04-12 12:30:00,252.062,251.883,2301.000,5.000,252.00,252.05,7500.000,7500.000,251.75,251.95,259.000,200.000,251.95,252.20,5000.000,10000.000,251.70,252.00,6175.000,4910.000,30000.000,27500.000,251.892,252.289,251.654,252.045,0.175,0.246
2017-04-12 12:31:00,252.207,251.895,15373.000,429.000,252.00,252.30,5000.000,5000.000,251.85,252.05,903.000,304.000,251.95,252.35,2500.000,2500.000,251.80,252.10,20596.000,7450.000,20000.000,30000.000,251.962,252.457,251.744,252.179,0.200,0.215
2017-04-12 12:32:00,252.115,251.853,1790.000,10.000,252.00,252.10,2500.000,2500.000,251.80,251.95,373.000,490.000,251.95,252.20,2500.000,10000.000,251.75,252.00,9693.000,5698.000,20000.000,25000.000,251.864,252.311,251.650,252.040,0.175,0.217
2017-04-12 12:33:00,252.017,251.767,98.000,654.000,251.95,252.00,5000.000,2500.000,251.65,251.80,2617.000,1.000,251.90,252.05,7500.000,2500.000,251.60,251.90,8992.000,5716.000,42500.000,32500.000,251.820,252.210,251.532,251.985,0.250,0.204
2017-04-12 12:34:00,251.947,251.700,97.000,175.000,251.85,251.90,2500.000,5000.000,251.65,251.80,3412.000,400.000,251.80,251.95,10000.000,5000.000,251.60,251.85,7658.000,2720.000,32500.000,32500.000,251.744,252.006,251.515,251.919,0.150,0.165
2017-04-12 12:35:00,251.949,251.789,186.000,2.000,251.85,251.90,5000.000,2500.000,251.70,251.80,3122.000,1000.000,251.80,251.95,5000.000,2500.000,251.65,251.90,11045.000,3349.000,32500.000,25000.000,251.744,251.987,251.588,251.970,0.125,0.144
2017-04-12 12:36:00,251.700,251.545,629.000,46.000,251.60,251.65,2500.000,7500.000,251.40,251.60,250.000,1073.000,251.55,251.70,2500.000,7500.000,251.35,251.65,4717.000,1731.000,37500.000,32500.000,251.482,251.735,251.253,251.688,0.125,0.134
2017-04-12 12:37:00,251.720,251.444,3560.000,872.000,251.45,251.70,2500.000,2500.000,251.35,251.50,460.000,448.000,251.40,251.75,5000.000,5000.000,251.25,251.55,10432.000,2784.000,25000.000,20000.000,251.336,251.782,251.190,251.650,0.150,0.107
2017-04-12 12:38:00,251.616,251.435,15.000,2.000,251.40,251.45,5000.000,2500.000,251.30,251.50,404.000,21.000,251.35,251.50,2500.000,5000.000,251.25,251.55,9444.000,685.000,27500.000,22500.000,251.255,251.660,251.168,251.606,0.025,0.083
2017-04-12 12:39:00,251.215,251.161,10429.000,2.000,251.05,251.15,7500.000,5000.000,251.00,251.20,2058.000,198.000,251.00,251.30,7500.000,2500.000,250.90,251.25,16801.000,1437.000,45000.000,22500.000,250.998,251.378,250.844,251.306,0.000,0.115
2017-04-12 12:40:00,250.911,250.858,538.000,568.000,250.70,250.95,2500.000,2500.000,250.75,250.80,1292.000,1234.000,250.65,251.00,2500.000,2500.000,250.65,250.85,9298.000,4686.000,45000.000,20000.000,250.574,251.068,250.569,250.956,0.050,0.150
2017-04-12 12:41:00,250.792,250.685,111.000,641.000,250.70,250.80,2500.000,5000.000,250.55,250.70,192.000,546.000,250.65,250.85,5000.000,5000.000,250.50,250.75,4430.000,3972.000,30000.000,20000.000,250.520,250.918,250.417,250.787,0.125,0.179
2017-04-12 12:42:00,250.935,250.795,34.000,224.000,250.80,250.90,2500.000,2500.000,250.70,250.85,784.000,811.000,250.75,251.00,10000.000,5000.000,250.60,250.90,3284.000,2316.000,45000.000,30000.000,250.649,251.046,250.533,250.971,0.075,0.183
2017-04-12 12:43:00,250.923,250.861,500.000,641.000,250.95,251.05,2500.000,12500.000,250.75,250.95,34.000,507.000,250.90,251.10,5000.000,17500.000,250.70,251.00,1815.000,4214.000,30000.000,40000.000,250.827,251.185,250.608,251.012,0.150,0.215
2017-04-12 12:44:00,251.102,250.889,437.000,3.000,250.90,250.95,2500.000,7500.000,250.75,250.95,893.000,26.000,250.85,251.00,7500.000,7500.000,250.70,251.00,7752.000,442.000,30000.000,25000.000,250.770,251.134,250.629,251.030,0.075,0.211
2017-04-12 12:45:00,251.113,250.886,207.000,5.000,250.95,251.00,2500.000,2500.000,250.75,250.90,1034.000,419.000,250.90,251.10,5000.000,10000.000,250.70,250.95,9987.000,3238.000,35000.000,27500.000,250.780,251.212,250.618,251.027,0.150,0.195
2017-04-12 12:46:00,251.302,251.047,89.000,56.000,251.10,251.25,2500.000,7500.000,250.95,251.00,560.000,529.000,251.05,251.30,2500.000,2500.000,250.90,251.10,9810.000,2111.000,25000.000,20000.000,250.979,251.369,250.810,251.106,0.200,0.157
2017-04-12 12:47:00,251.333,251.177,69.000,4.000,251.30,251.35,7500.000,5000.000,251.00,251.20,1325.000,409.000,251.25,251.45,5000.000,5000.000,250.95,251.25,2846.000,3134.000,40000.000,20000.000,251.191,251.526,250.887,251.294,0.225,0.155
2017-04-12 12:48:00,251.547,251.321,60.000,592.000,251.40,251.50,2500.000,2500.000,251.25,251.40,1327.000,10.000,251.35,251.60,7500.000,10000.000,251.20,251.45,7235.000,3050.000,25000.000,27500.000,251.279,251.688,251.140,251.500,0.125,0.130
2017-04-12 12:49:00,251.529,251.338,125.000,3.000,251.40,251.45,2500.000,2500.000,251.30,251.45,1591.000,51.000,251.35,251.50,5000.000,7500.000,251.20,251.50,4747.000,612.000,22500.000,27500.000,251.285,251.602,251.144,251.550,0.050,0.129
2017-04-12 12:50:00,251.375,251.229,391.000,75.000,251.20,251.35,2500.000,2500.000,251.10,251.25,402.000,356.000,251.15,251.40,2500.000,10000.000,251.05,251.30,8990.000,4214.000,32500.000,27500.000,251.029,251.486,250.973,251.373,0.100,0.132
2017-04-12 12:51:00,251.254,251.188,1001.000,3.000,251.10,251.15,2500.000,5000.000,251.00,251.15,575.000,175.000,251.05,251.20,2500.000,2500.000,250.95,251.20,8494.000,1281.000,32500.000,17500.000,250.989,251.356,250.850,251.279,0.050,0.150
2017-04-12 12:52:00,251.131,250.988,54.000,84.000,251.05,251.10,2500.000,10000.000,250.85,251.05,3252.000,404.000,251.00,251.25,5000.000,2500.000,250.80,251.10,4753.000,2965.000,27500.000,22500.000,250.970,251.353,250.736,251.128,0.125,0.160
2017-04-12 12:53:00,251.077,250.975,3131.000,3177.000,251.00,251.05,2500.000,5000.000,250.80,251.00,60.000,34.000,250.95,251.15,5000.000,7500.000,250.75,251.05,6460.000,4274.000,32500.000,22500.000,250.922,251.103,250.650,251.078,0.125,0.185
2017-04-12 12:54:00,251.131,250.943,859.000,2044.000,251.00,251.05,5000.000,7500.000,250.75,250.95,1105.000,109.000,250.90,251.10,2500.000,5000.000,250.70,251.05,11250.000,3800.000,40000.000,27500.000,250.793,251.133,250.616,251.064,0.175,0.203
2017-04-12 12:55:00,251.136,250.975,686.000,74.000,251.00,251.05,2500.000,10000.000,250.85,251.05,160.000,60.000,250.95,251.15,5000.000,5000.000,250.80,251.15,3739.000,1161.000,27500.000,32500.000,250.866,251.246,250.741,251.177,0.075,0.202
2017-04-12 12:56:00,251.267,251.113,1513.000,199.000,251.15,251.20,2500.000,5000.000,251.00,251.15,315.000,4.000,251.05,251.25,7500.000,5000.000,250.85,251.20,8656.000,1611.000,30000.000,17500.000,250.985,251.345,250.792,251.229,0.100,0.163
2017-04-12 12:57:00,251.409,251.217,33.000,2.000,251.20,251.25,5000.000,2500.000,251.05,251.25,790.000,460.000,251.15,251.30,2500.000,2500.000,251.00,251.35,10282.000,686.000,22500.000,15000.000,251.021,251.342,250.939,251.400,0.075,0.142
2017-04-12 12:58:00,251.227,251.000,1909.000,377.000,251.00,251.20,7500.000,7500.000,250.85,251.05,299.000,943.000,250.95,251.25,7500.000,5000.000,250.75,251.10,9098.000,2793.000,37500.000,22500.000,250.873,251.300,250.700,251.133,0.150,0.111
2017-04-12 12:59:00,251.225,250.947,495.000,118.000,250.95,251.00,2500.000,2500.000,250.90,251.05,1542.000,1.000,250.90,251.10,7500.000,5000.000,250.80,251.10,13592.000,999.000,22500.000,22500.000,250.784,251.240,250.750,251.167,-0.000,0.040
2017-04-12 13:00:00,251.147,250.989,125.000,283.000,251.00,251.10,7500.000,10000.000,250.80,251.00,1079.000,473.000,250.90,251.15,5000.000,2500.000,250.75,251.05,10281.000,3938.000,45000.000,25000.000,250.778,251.236,250.664,251.075,0.150,0.032
2017-04-12 13:01:00,251.124,251.165,1076.000,4.000,251.00,251.10,5000.000,5000.000,251.00,251.20,241.000,1.000,250.95,251.15,7500.000,5000.000,250.90,251.25,8471.000,3122.000,42500.000,22500.000,250.886,251.218,250.826,251.306,-0.050,0.056
2017-04-12 13:02:00,251.071,250.984,968.000,2455.000,250.90,251.00,2500.000,7500.000,250.85,251.00,511.000,337.000,250.85,251.05,12500.000,2500.000,250.80,251.05,13896.000,3658.000,35000.000,20000.000,250.774,251.038,250.739,251.088,0.025,0.066
2017-04-12 13:03:00,251.051,250.978,74.000,101.000,250.90,251.05,2500.000,2500.000,250.90,251.00,174.000,269.000,250.85,251.10,7500.000,7500.000,250.85,251.10,11447.000,4792.000,22500.000,22500.000,250.763,251.223,250.794,251.139,0.025,0.049
2017-04-12 13:04:00,250.843,250.917,5047.000,270.000,250.75,250.90,2500.000,2500.000,250.80,250.90,771.000,2840.000,250.70,250.95,2500.000,7500.000,250.75,250.95,11049.000,7325.000,30000.000,20000.000,250.682,250.996,250.642,250.994,-0.025,0.096
2017-04-12 13:05:00,250.417,250.302,600.000,2996.000,250.30,250.50,5000.000,2500.000,250.25,250.40,3724.000,238.000,250.20,250.55,5000.000,5000.000,250.20,250.45,8700.000,6927.000,22500.000,30000.000,250.150,250.589,250.156,250.550,0.075,0.093
2017-04-12 13:06:00,250.575,250.494,206.000,249.000,250.40,250.55,5000.000,7500.000,250.35,250.60,524.000,200.000,250.35,250.60,2500.000,2500.000,250.30,250.65,11724.000,3728.000,20000.000,20000.000,250.265,250.721,250.244,250.688,0.000,0.097
2017-04-12 13:07:00,250.687,250.553,167.000,977.000,250.50,250.70,2500.000,5000.000,250.50,250.70,915.000,138.000,250.40,250.75,2500.000,7500.000,250.45,250.75,13928.000,5958.000,17500.000,27500.000,250.303,250.846,250.336,250.795,0.000,0.085
2017-04-12 13:08:00,250.367,250.377,3166.000,665.000,250.30,250.55,7500.000,7500.000,250.20,250.40,160.000,739.000,250.25,250.60,5000.000,2500.000,250.10,250.45,6365.000,7661.000,45000.000,25000.000,250.228,250.695,250.044,250.530,0.125,0.112
2017-04-12 13:09:00,250.617,250.457,421.000,1630.000,250.45,250.60,5000.000,2500.000,250.40,250.60,337.000,259.000,250.40,250.65,2500.000,7500.000,250.35,250.65,6902.000,4060.000,22500.000,32500.000,250.285,250.685,250.294,250.715,0.025,0.113
2017-04-12 13:10:00,250.514,250.415,24.000,1469.000,250.40,250.50,2500.000,2500.000,250.35,250.45,567.000,60.000,250.35,250.55,5000.000,7500.000,250.30,250.50,6955.000,4240.000,22500.000,20000.000,250.257,250.598,250.194,250.537,0.050,0.104
2017-04-12 13:11:00,250.495,250.396,52.000,452.000,250.50,250.55,2500.000,2500.000,250.35,250.45,2191.000,937.000,250.35,250.60,7500.000,2500.000,250.30,250.60,7129.000,5459.000,27500.000,30000.000,250.280,250.692,250.209,250.688,0.125,0.119
2017-04-12 13:12:00,250.684,250.610,223.000,700.000,250.55,250.65,2500.000,7500.000,250.55,250.70,425.000,430.000,250.50,250.70,2500.000,7500.000,250.45,250.75,5531.000,2976.000,22500.000,30000.000,250.381,250.767,250.367,250.775,-0.025,0.122
2017-04-12 13:13:00,250.636,250.507,4.000,803.000,250.50,250.70,7500.000,5000.000,250.40,250.60,364.000,443.000,250.45,250.75,2500.000,2500.000,250.35,250.65,4181.000,3852.000,27500.000,27500.000,250.341,250.806,250.314,250.741,0.100,0.114
2017-04-12 13:14:00,250.752,250.588,13.000,505.000,250.65,250.70,2500.000,2500.000,250.60,250.70,743.000,467.000,250.60,250.80,2500.000,2500.000,250.55,250.75,6698.000,4071.000,15000.000,25000.000,250.507,250.872,250.467,250.820,0.025,0.110
2017-04-12 13:15:00,250.683,250.631,339.000,841.000,250.60,250.70,2500.000,10000.000,250.55,250.70,60.000,209.000,250.55,250.75,12500.000,2500.000,250.50,250.75,2660.000,2348.000,27500.000,25000.000,250.469,250.784,250.445,250.780,0.025,0.104
2017-04-12 13:16:00,250.602,250.429,369.000,300.000,250.55,250.60,7500.000,2500.000,250.35,250.50,60.000,299.000,250.40,250.65,5000.000,2500.000,250.30,250.60,6164.000,3745.000,25000.000,22500.000,250.286,250.732,250.260,250.683,0.150,0.046
2017-04-12 13:17:00,250.506,250.418,647.000,536.000,250.35,250.55,2500.000,2500.000,250.35,250.45,693.000,1136.000,250.30,250.60,2500.000,7500.000,250.30,250.50,7802.000,4507.000,22500.000,20000.000,250.230,250.677,250.239,250.544,0.050,0.054
2017-04-12 13:18:00,250.635,250.542,280.000,122.000,250.60,250.70,5000.000,2500.000,250.50,250.60,249.000,343.000,250.55,250.75,2500.000,2500.000,250.40,250.70,1496.000,1923.000,22500.000,22500.000,250.473,250.815,250.356,250.761,0.100,0.042
2017-04-12 13:19:00,250.478,250.335,670.000,557.000,250.20,250.40,2500.000,5000.000,250.15,250.25,1263.000,299.000,250.15,250.45,5000.000,2500.000,250.10,250.30,22830.000,5137.000,45000.000,20000.000,250.034,250.510,250.019,250.419,0.100,0.020
2017-04-12 13:20:00,250.442,250.420,362.000,199.000,250.25,250.45,5000.000,5000.000,250.20,250.40,313.000,575.000,250.20,250.50,5000.000,2500.000,250.15,250.45,8733.000,4717.000,57500.000,22500.000,250.083,250.581,250.054,250.500,0.050,0.031
2017-04-12 13:21:00,250.363,250.479,45.000,612.000,250.50,250.55,7500.000,2500.000,250.30,250.50,100.000,355.000,250.40,250.60,5000.000,2500.000,250.25,250.55,2287.000,7538.000,32500.000,15000.000,250.244,250.703,250.192,250.600,0.125,0.065
2017-04-12 13:22:00,250.567,250.440,38.000,951.000,250.60,250.70,7500.000,2500.000,250.40,250.50,34.000,4900.000,250.50,250.75,2500.000,2500.000,250.30,250.60,2999.000,8372.000,25000.000,25000.000,250.354,250.774,250.275,250.715,0.200,0.067
2017-04-12 13:23:00,250.443,250.412,317.000,162.000,250.45,250.50,5000.000,2500.000,250.30,250.45,631.000,1125.000,250.35,250.60,2500.000,2500.000,250.25,250.50,5362.000,6447.000,27500.000,25000.000,250.270,250.705,250.173,250.600,0.100,0.073
2017-04-12 13:24:00,250.511,250.476,1272.000,3.000,250.35,250.45,2500.000,2500.000,250.40,250.50,1115.000,172.000,250.30,250.50,2500.000,2500.000,250.30,250.55,11572.000,2700.000,27500.000,20000.000,250.213,250.613,250.209,250.613,-0.050,0.089
2017-04-12 13:25:00,250.562,250.486,73.000,122.000,250.45,250.50,5000.000,2500.000,250.35,250.55,631.000,411.000,250.35,250.55,2500.000,5000.000,250.30,250.60,8964.000,3576.000,30000.000,22500.000,250.223,250.628,250.233,250.656,0.025,0.097
2017-04-12 13:26:00,250.550,250.497,1378.000,1085.000,250.55,250.60,2500.000,2500.000,250.40,250.50,717.000,1427.000,250.50,250.65,5000.000,5000.000,250.35,250.60,5329.000,6750.000,25000.000,20000.000,250.398,250.705,250.285,250.650,0.125,0.113
2017-04-12 13:27:00,250.640,250.503,823.000,69.000,250.70,250.75,2500.000,2500.000,250.50,250.60,69.000,873.000,250.65,250.80,2500.000,2500.000,250.45,250.70,3493.000,6377.000,12500.000,25000.000,250.562,250.883,250.400,250.760,0.175,0.082
2017-04-12 13:28:00,250.706,250.644,619.000,221.000,250.60,250.70,2500.000,5000.000,250.55,250.70,1690.000,9.000,250.55,250.75,2500.000,2500.000,250.50,250.75,5828.000,2437.000,25000.000,20000.000,250.512,250.908,250.330,250.787,0.025,0.135
2017-04-12 13:29:00,250.704,250.587,1020.000,93.000,250.55,250.70,2500.000,2500.000,250.50,250.65,1468.000,9.000,250.50,250.75,7500.000,2500.000,250.45,250.70,5241.000,1738.000,25000.000,22500.000,250.446,250.848,250.360,250.789,0.050,0.149
2017-04-12 13:30:00,250.734,250.619,384.000,93.000,250.60,250.70,2500.000,5000.000,250.60,250.70,475.000,9.000,250.55,250.75,2500.000,2500.000,250.50,250.75,5351.000,1360.000,17500.000,22500.000,250.490,250.868,250.407,250.789,-0.000,0.176
2017-04-12 13:31:00,250.599,250.464,1242.000,199.000,250.50,250.65,2500.000,10000.000,250.40,250.60,140.000,429.000,250.45,250.70,5000.000,2500.000,250.35,250.65,4652.000,3412.000,27500.000,35000.000,250.369,250.798,250.245,250.704,0.075,0.183
2017-04-12 13:32:00,250.579,250.595,397.000,536.000,250.60,250.85,2500.000,7500.000,250.50,250.70,437.000,1970.000,250.55,250.90,5000.000,5000.000,250.45,250.75,3903.000,14333.000,22500.000,27500.000,250.477,250.978,250.378,250.791,0.125,0.223
2017-04-12 13:33:00,250.778,250.457,1286.000,536.000,250.50,250.70,5000.000,2500.000,250.35,250.50,426.000,741.000,250.40,250.75,5000.000,7500.000,250.30,250.60,15719.000,3067.000,30000.000,27500.000,250.293,250.804,250.242,250.650,0.175,0.208
2017-04-12 13:34:00,250.858,250.671,947.000,90.000,250.70,250.95,2500.000,2500.000,250.65,250.80,519.000,6691.000,250.65,251.00,5000.000,2500.000,250.60,250.85,7748.000,8152.000,27500.000,32500.000,250.555,251.018,250.514,250.931,0.100,0.218
2017-04-12 13:35:00,250.865,250.611,699.000,384.000,250.70,250.95,5000.000,2500.000,250.55,250.75,503.000,6357.000,250.65,251.00,5000.000,2500.000,250.50,250.80,8247.000,8280.000,27500.000,30000.000,250.551,251.019,250.455,250.904,0.175,0.197
2017-04-12 13:36:00,250.773,250.604,560.000,199.000,250.70,250.95,7500.000,2500.000,250.50,250.70,744.000,7236.000,250.65,251.00,5000.000,7500.000,250.40,250.75,5768.000,11472.000,35000.000,27500.000,250.556,251.039,250.350,250.814,0.225,0.198
2017-04-12 13:37:00,250.710,250.529,425.000,500.000,250.60,250.75,10000.000,10000.000,250.40,250.60,1015.000,900.000,250.55,250.80,5000.000,2500.000,250.30,250.65,5087.000,3378.000,42500.000,30000.000,250.488,250.870,250.253,250.692,0.175,0.183
2017-04-12 13:38:00,250.720,250.471,60.000,1171.000,250.55,250.75,2500.000,5000.000,250.40,250.55,615.000,1239.000,250.50,250.80,2500.000,2500.000,250.35,250.60,5775.000,4045.000,22500.000,30000.000,250.411,250.822,250.267,250.704,0.175,0.164
2017-04-12 13:39:00,250.761,250.520,863.000,469.000,250.55,250.75,5000.000,2500.000,250.45,250.65,881.000,960.000,250.50,250.80,5000.000,2500.000,250.40,250.70,6407.000,2418.000,25000.000,30000.000,250.430,250.830,250.340,250.779,0.100,0.159
2017-04-12 13:40:00,250.651,250.502,21.000,916.000,250.65,250.75,2500.000,2500.000,250.40,250.55,174.000,499.000,250.55,250.80,7500.000,2500.000,250.35,250.65,2348.000,3934.000,30000.000,27500.000,250.441,250.864,250.283,250.723,0.225,0.141
2017-04-12 13:41:00,250.718,250.544,684.000,1286.000,250.60,250.75,10000.000,2500.000,250.50,250.60,357.000,100.000,250.55,250.80,7500.000,2500.000,250.40,250.65,5281.000,3256.000,35000.000,25000.000,250.493,250.858,250.371,250.720,0.125,0.104
2017-04-12 13:42:00,250.676,250.571,840.000,64.000,250.60,250.70,12500.000,2500.000,250.50,250.70,855.000,909.000,250.55,250.75,2500.000,5000.000,250.45,250.75,4797.000,2453.000,25000.000,27500.000,250.517,250.833,250.430,250.809,0.050,0.053
2017-04-12 13:43:00,250.654,250.500,536.000,766.000,250.50,250.70,2500.000,7500.000,250.45,250.65,576.000,580.000,250.45,250.75,2500.000,5000.000,250.40,250.70,4847.000,3560.000,17500.000,32500.000,250.361,250.796,250.336,250.742,0.050,-0.003
2017-04-12 13:44:00,250.665,250.450,335.000,720.000,250.45,250.65,2500.000,2500.000,250.40,250.50,628.000,1176.000,250.40,250.70,5000.000,5000.000,250.35,250.60,12172.000,5929.000,22500.000,32500.000,250.278,250.759,250.278,250.708,0.100,-0.044
2017-04-12 13:45:00,250.612,250.555,397.000,523.000,250.55,250.65,5000.000,5000.000,250.45,250.65,1246.000,777.000,250.50,250.70,5000.000,2500.000,250.35,250.70,3907.000,4240.000,27500.000,22500.000,250.428,250.797,250.300,250.756,0.050,-0.060
2017-04-12 13:46:00,250.394,250.406,5098.000,2600.000,250.20,250.25,5000.000,10000.000,250.20,250.45,1116.000,199.000,250.15,250.40,2500.000,7500.000,250.15,250.50,21210.000,5193.000,52500.000,35000.000,250.065,250.380,250.050,250.536,-0.100,-0.056
2017-04-12 13:47:00,249.379,249.528,158.000,800.000,249.40,249.60,5000.000,5000.000,249.45,249.65,12.000,312.000,249.30,249.65,2500.000,5000.000,249.40,249.70,2122.000,5588.000,17500.000,22500.000,249.188,249.726,249.350,249.744,-0.050,-0.040
2017-04-12 13:48:00,249.831,249.958,548.000,35.000,249.85,249.95,5000.000,7500.000,249.80,250.00,120.000,476.000,249.80,250.00,5000.000,5000.000,249.75,250.05,1762.000,2985.000,30000.000,20000.000,249.750,250.098,249.692,250.069,-0.000,-0.015
2017-04-12 13:49:00,249.977,249.966,428.000,359.000,249.85,250.00,5000.000,2500.000,249.85,250.05,320.000,656.000,249.80,250.10,5000.000,2500.000,249.75,250.10,7726.000,5020.000,37500.000,25000.000,249.739,250.199,249.703,250.170,-0.025,-0.009
2017-04-12 13:50:00,249.924,249.946,477.000,1682.000,249.80,250.00,2500.000,10000.000,249.80,250.00,5790.000,200.000,249.75,250.05,2500.000,2500.000,249.75,250.05,7789.000,5069.000,32500.000,25000.000,249.729,250.102,249.681,250.080,0.000,0.018
2017-04-12 13:51:00,249.948,249.940,54.000,1906.000,249.90,250.00,10000.000,10000.000,249.80,250.00,200.000,200.000,249.80,250.05,2500.000,5000.000,249.75,250.05,5997.000,5304.000,37500.000,27500.000,249.744,250.099,249.707,250.068,0.050,0.029
2017-04-12 13:52:00,249.895,249.965,2882.000,1464.000,249.75,250.00,7500.000,7500.000,249.80,250.00,352.000,200.000,249.70,250.05,2500.000,7500.000,249.75,250.05,6116.000,4832.000,37500.000,22500.000,249.668,250.093,249.697,250.067,-0.025,0.064
2017-04-12 13:53:00,249.697,249.700,2292.000,153.000,249.75,249.85,2500.000,2500.000,249.65,249.75,35.000,978.000,249.65,249.90,5000.000,2500.000,249.60,249.80,4637.000,8385.000,27500.000,25000.000,249.640,249.985,249.482,249.925,0.100,0.065
2017-04-12 13:54:00,249.807,249.766,2056.000,1038.000,249.75,249.95,2500.000,12500.000,249.65,249.85,95.000,2646.000,249.65,250.00,7500.000,7500.000,249.60,249.95,5900.000,7648.000,27500.000,35000.000,249.610,250.042,249.491,249.946,0.100,0.054
2017-04-12 13:55:00,249.889,249.773,2057.000,1200.000,249.75,250.00,5000.000,10000.000,249.70,249.90,289.000,537.000,249.70,250.05,7500.000,7500.000,249.65,249.95,5876.000,4975.000,22500.000,32500.000,249.660,250.099,249.622,249.969,0.075,0.024
2017-04-12 13:56:00,249.802,249.742,1306.000,687.000,249.75,249.95,2500.000,10000.000,249.65,249.85,260.000,2869.000,249.70,250.00,10000.000,10000.000,249.60,249.95,3911.000,6528.000,25000.000,37500.000,249.645,250.049,249.550,249.963,0.100,0.003
2017-04-12 13:57:00,249.806,249.702,1159.000,24.000,249.75,249.85,2500.000,2500.000,249.65,249.80,362.000,782.000,249.70,249.95,12500.000,2500.000,249.60,249.85,4098.000,4636.000,27500.000,32500.000,249.642,250.009,249.555,249.973,0.075,-0.007
2017-04-12 13:58:00,249.863,249.859,537.000,182.000,249.90,249.95,2500.000,2500.000,249.75,249.85,200.000,1289.000,249.85,250.00,2500.000,2500.000,249.70,249.95,2166.000,4444.000,32500.000,25000.000,249.792,250.083,249.627,249.995,0.125,-0.022
2017-04-12 13:59:00,249.941,249.954,669.000,249.000,249.95,250.00,2500.000,5000.000,249.85,250.05,135.000,350.000,249.90,250.10,7500.000,12500.000,249.80,250.15,3114.000,4581.000,25000.000,32500.000,249.819,250.212,249.745,250.192,0.025,-0.022
2017-04-12 14:00:00,249.913,249.946,25.000,40.000,249.95,250.00,5000.000,5000.000,249.85,250.05,278.000,350.000,249.90,250.10,10000.000,7500.000,249.80,250.15,2272.000,4827.000,27500.000,32500.000,249.802,250.220,249.768,250.200,0.025,-0.035
2017-04-12 14:01:00,249.958,250.004,47.000,12.000,249.95,250.00,7500.000,2500.000,249.90,250.10,455.000,350.000,249.90,250.10,5000.000,2500.000,249.85,250.15,3361.000,4447.000,32500.000,27500.000,249.801,250.224,249.808,250.218,-0.025,-0.043
2017-04-12 14:02:00,249.824,249.768,69.000,397.000,249.85,249.95,5000.000,2500.000,249.75,249.90,850.000,2861.000,249.80,250.00,10000.000,7500.000,249.60,249.95,2123.000,6153.000,25000.000,25000.000,249.760,250.051,249.590,250.005,0.075,-0.077
2017-04-12 14:03:00,249.537,249.608,136.000,669.000,249.50,249.75,5000.000,2500.000,249.50,249.70,200.000,871.000,249.45,249.80,5000.000,5000.000,249.45,249.75,1790.000,4585.000,25000.000,22500.000,249.348,249.855,249.405,249.800,0.025,-0.055
2017-04-12 14:04:00,249.455,249.472,150.000,304.000,249.50,249.60,2500.000,7500.000,249.35,249.55,329.000,637.000,249.35,249.65,2500.000,5000.000,249.30,249.60,3817.000,6043.000,22500.000,22500.000,249.254,249.736,249.222,249.633,0.100,-0.044
2017-04-12 14:05:00,249.133,249.229,3747.000,329.000,249.00,249.15,2500.000,10000.000,249.10,249.25,356.000,850.000,248.95,249.20,2500.000,5000.000,249.05,249.30,8199.000,3264.000,42500.000,27500.000,248.916,249.273,248.968,249.323,-0.100,-0.011
2017-04-12 14:06:00,249.076,249.165,3015.000,631.000,249.00,249.15,2500.000,2500.000,249.05,249.25,250.000,1338.000,248.95,249.25,22500.000,5000.000,249.00,249.30,5237.000,4948.000,35000.000,25000.000,248.926,249.296,248.975,249.360,-0.075,-0.014
2017-04-12 14:07:00,248.706,248.817,60.000,540.000,248.65,248.90,2500.000,2500.000,248.80,248.90,1088.000,1202.000,248.60,248.95,2500.000,7500.000,248.65,248.95,4345.000,8331.000,27500.000,22500.000,248.520,249.012,248.555,249.006,-0.075,0.000
2017-04-12 14:08:00,248.830,248.792,539.000,953.000,248.70,248.95,2500.000,2500.000,248.70,248.90,60.000,2755.000,248.65,249.00,5000.000,7500.000,248.65,248.95,4988.000,6415.000,22500.000,25000.000,248.547,249.032,248.589,249.005,0.025,-0.018
2017-04-12 14:09:00,248.473,248.437,747.000,101.000,248.30,248.40,5000.000,2500.000,248.40,248.60,212.000,491.000,248.25,248.50,2500.000,2500.000,248.35,248.65,6951.000,2243.000,20000.000,27500.000,248.168,248.593,248.262,248.718,-0.150,-0.025
2017-04-12 14:10:00,248.193,248.124,538.000,56.000,247.95,248.25,2500.000,2500.000,248.10,248.30,347.000,510.000,247.90,248.30,5000.000,5000.000,248.05,248.35,7635.000,4200.000,20000.000,32500.000,247.784,248.412,248.000,248.446,-0.100,-0.037
2017-04-12 14:11:00,248.079,248.182,137.000,85.000,248.05,248.25,5000.000,2500.000,248.15,248.35,738.000,389.000,248.00,248.30,5000.000,7500.000,248.10,248.40,2557.000,4224.000,17500.000,30000.000,247.930,248.398,248.071,248.463,-0.100,-0.017
2017-04-12 14:12:00,248.600,248.641,571.000,300.000,248.50,248.70,5000.000,5000.000,248.60,248.80,201.000,201.000,248.45,248.75,2500.000,5000.000,248.55,248.85,4275.000,4344.000,22500.000,35000.000,248.371,248.825,248.500,248.925,-0.100,-0.019
2017-04-12 14:13:00,248.807,248.862,387.000,48.000,248.80,248.90,2500.000,5000.000,248.85,249.00,60.000,143.000,248.75,248.95,5000.000,2500.000,248.80,249.10,2548.000,4744.000,20000.000,42500.000,248.648,249.025,248.744,249.168,-0.075,0.004
2017-04-12 14:14:00,248.973,248.970,598.000,682.000,248.75,249.00,5000.000,7500.000,248.90,249.10,339.000,201.000,248.70,249.05,2500.000,10000.000,248.85,249.15,8105.000,3606.000,22500.000,35000.000,248.622,249.125,248.756,249.179,-0.125,-0.012
2017-04-12 14:15:00,248.951,248.940,2.000,784.000,248.90,249.00,2500.000,5000.000,248.95,249.05,200.000,312.000,248.80,249.05,5000.000,5000.000,248.90,249.10,3477.000,3639.000,17500.000,32500.000,248.686,249.113,248.843,249.177,-0.050,-0.008
2017-04-12 14:16:00,249.320,249.322,494.000,422.000,249.15,249.40,7500.000,5000.000,249.20,249.40,397.000,200.000,249.10,249.45,2500.000,2500.000,249.15,249.45,7169.000,5201.000,27500.000,22500.000,248.948,249.514,249.095,249.500,-0.025,0.021
2017-04-12 14:17:00,249.282,249.336,397.000,99.000,249.25,249.45,10000.000,2500.000,249.30,249.45,941.000,5467.000,249.20,249.50,5000.000,5000.000,249.25,249.50,4170.000,10022.000,30000.000,42500.000,249.118,249.543,249.217,249.612,-0.025,0.033
2017-04-12 14:18:00,249.470,249.411,311.000,3319.000,249.30,249.50,2500.000,5000.000,249.40,249.55,724.000,340.000,249.25,249.55,5000.000,5000.000,249.35,249.60,8511.000,6822.000,20000.000,37500.000,249.139,249.568,249.294,249.670,-0.075,0.036
2017-04-12 14:19:00,249.272,249.348,366.000,390.000,249.30,249.45,2500.000,10000.000,249.30,249.50,160.000,3132.000,249.20,249.50,5000.000,2500.000,249.25,249.55,2780.000,7403.000,20000.000,37500.000,249.114,249.551,249.194,249.590,-0.025,0.044
2017-04-12 14:20:00,249.209,249.174,1223.000,537.000,249.10,249.30,2500.000,2500.000,249.20,249.35,958.000,520.000,249.05,249.35,2500.000,7500.000,249.15,249.40,9032.000,7381.000,15000.000,37500.000,248.970,249.463,249.067,249.467,-0.075,0.016
2017-04-12 14:21:00,249.183,249.041,586.000,60.000,249.00,249.20,5000.000,7500.000,249.05,249.25,245.000,1739.000,248.95,249.25,2500.000,2500.000,249.00,249.30,7101.000,4456.000,17500.000,37500.000,248.835,249.309,248.929,249.363,-0.050,-0.045
2017-04-12 14:22:00,249.288,249.285,481.000,60.000,249.25,249.45,2500.000,2500.000,249.30,249.45,742.000,3248.000,249.20,249.50,5000.000,7500.000,249.25,249.50,3827.000,7522.000,17500.000,42500.000,249.122,249.559,249.193,249.576,-0.025,-0.017
2017-04-12 14:23:00,249.399,249.325,757.000,3623.000,249.30,249.50,2500.000,2500.000,249.35,249.45,404.000,946.000,249.25,249.55,2500.000,5000.000,249.30,249.50,5527.000,7695.000,17500.000,37500.000,249.173,249.565,249.229,249.590,0.000,-0.026
2017-04-12 14:24:00,248.802,248.838,796.000,200.000,248.60,248.90,5000.000,2500.000,248.75,248.95,304.000,397.000,248.55,248.95,5000.000,7500.000,248.65,249.00,6915.000,4908.000,22500.000,20000.000,248.470,249.019,248.622,249.062,-0.100,-0.017
2017-04-12 14:25:00,248.745,248.847,385.000,324.000,248.70,248.90,2500.000,2500.000,248.75,248.90,547.000,1364.000,248.65,248.95,2500.000,12500.000,248.70,249.00,2922.000,5663.000,17500.000,25000.000,248.572,249.001,248.629,249.045,-0.025,0.019
2017-04-12 14:26:00,248.795,248.957,585.000,445.000,248.75,249.05,2500.000,5000.000,248.90,249.10,339.000,304.000,248.70,249.10,5000.000,7500.000,248.85,249.15,3413.000,6464.000,22500.000,30000.000,248.627,249.205,248.767,249.196,-0.100,0.060
2017-04-12 14:27:00,249.152,249.012,809.000,65.000,249.00,249.15,2500.000,7500.000,249.00,249.20,235.000,400.000,248.90,249.20,2500.000,2500.000,248.95,249.25,7393.000,3616.000,15000.000,37500.000,248.788,249.286,248.883,249.310,-0.025,0.042
2017-04-12 14:28:00,249.047,249.015,513.000,15.000,248.85,249.10,2500.000,2500.000,249.00,249.10,639.000,160.000,248.80,249.15,2500.000,2500.000,248.85,249.20,9862.000,5016.000,20000.000,22500.000,248.731,249.243,248.787,249.267,-0.075,0.033
2017-04-12 14:29:00,249.094,249.089,558.000,25.000,249.05,249.15,2500.000,5000.000,249.05,249.20,969.000,460.000,249.00,249.20,5000.000,10000.000,249.00,249.25,4665.000,3556.000,17500.000,30000.000,248.902,249.286,248.957,249.279,-0.025,0.023
2017-04-12 14:30:00,249.143,249.062,1086.000,203.000,249.00,249.20,2500.000,5000.000,249.00,249.20,535.000,409.000,248.95,249.25,2500.000,2500.000,248.95,249.25,5666.000,3417.000,17500.000,22500.000,248.889,249.336,248.850,249.300,0.000,-0.005
2017-04-12 14:31:00,248.725,248.680,1039.000,656.000,248.60,248.85,2500.000,10000.000,248.70,248.85,1567.000,464.000,248.55,248.90,7500.000,2500.000,248.50,248.90,6204.000,5167.000,22500.000,32500.000,248.512,248.981,248.467,248.954,-0.050,-0.011
2017-04-12 14:32:00,248.648,248.600,412.000,309.000,248.50,248.75,2500.000,5000.000,248.55,248.75,551.000,400.000,248.45,248.80,2500.000,2500.000,248.50,248.80,4324.000,3450.000,20000.000,25000.000,248.384,248.875,248.406,248.870,-0.025,-0.012
2017-04-12 14:33:00,248.609,248.621,368.000,45.000,248.60,248.80,5000.000,7500.000,248.60,248.80,440.000,602.000,248.55,248.85,2500.000,5000.000,248.50,248.85,4304.000,7860.000,22500.000,37500.000,248.463,248.971,248.456,248.910,-0.000,-0.010
2017-04-12 14:34:00,248.585,248.632,295.000,160.000,248.50,248.75,2500.000,5000.000,248.55,248.75,430.000,600.000,248.45,248.80,5000.000,5000.000,248.50,248.80,3054.000,4107.000,25000.000,30000.000,248.380,248.877,248.440,248.858,-0.025,0.015
2017-04-12 14:35:00,248.623,248.683,881.000,72.000,248.55,248.80,2500.000,2500.000,248.65,248.80,1268.000,160.000,248.50,248.85,7500.000,5000.000,248.60,248.90,4995.000,5814.000,27500.000,37500.000,248.444,248.970,248.509,248.973,-0.050,0.039
2017-04-12 14:36:00,248.823,248.805,453.000,160.000,248.75,248.95,5000.000,5000.000,248.75,248.95,1056.000,601.000,248.70,249.00,2500.000,12500.000,248.70,249.00,3585.000,4021.000,20000.000,30000.000,248.645,249.083,248.613,249.042,0.000,0.045
2017-04-12 14:37:00,248.587,248.547,241.000,635.000,248.50,248.60,2500.000,2500.000,248.50,248.60,71.000,437.000,248.40,248.65,7500.000,5000.000,248.40,248.65,6844.000,4986.000,22500.000,17500.000,248.284,248.718,248.356,248.707,0.000,0.041
2017-04-12 14:38:00,248.479,248.480,141.000,397.000,248.50,248.60,2500.000,7500.000,248.45,248.65,11.000,809.000,248.40,248.65,7500.000,5000.000,248.40,248.70,1871.000,4080.000,22500.000,35000.000,248.274,248.713,248.322,248.761,0.000,0.042
2017-04-12 14:39:00,248.860,248.782,247.000,746.000,248.70,248.95,2500.000,2500.000,248.75,248.95,409.000,2351.000,248.65,249.00,5000.000,5000.000,248.70,249.00,5891.000,5518.000,20000.000,30000.000,248.549,249.048,248.606,249.067,-0.025,0.041
2017-04-12 14:40:00,248.799,248.740,38.000,505.000,248.75,248.90,5000.000,2500.000,248.70,248.90,1011.000,707.000,248.70,248.95,2500.000,5000.000,248.60,248.95,3228.000,5016.000,22500.000,27500.000,248.619,249.000,248.567,249.023,0.025,-0.005
2017-04-12 14:41:00,248.754,248.705,702.000,497.000,248.70,248.85,7500.000,2500.000,248.65,248.85,60.000,1358.000,248.65,248.90,7500.000,5000.000,248.55,248.90,3890.000,5457.000,25000.000,27500.000,248.567,248.958,248.545,249.000,0.025,-0.033
2017-04-12 14:42:00,249.007,248.985,517.000,375.000,248.85,249.00,2500.000,2500.000,248.95,249.15,312.000,46.000,248.80,249.05,2500.000,7500.000,248.90,249.20,5725.000,3269.000,17500.000,32500.000,248.709,249.195,248.821,249.273,-0.125,-0.038
2017-04-12 14:43:00,248.817,248.817,201.000,397.000,248.80,248.90,2500.000,5000.000,248.80,248.95,753.000,724.000,248.70,248.95,5000.000,5000.000,248.65,249.00,3610.000,4698.000,22500.000,27500.000,248.619,249.004,248.594,249.055,-0.025,-0.035
2017-04-12 14:44:00,248.745,248.669,971.000,369.000,248.45,248.70,7500.000,5000.000,248.55,248.80,2797.000,723.000,248.40,248.75,2500.000,5000.000,248.50,248.85,11660.000,2366.000,22500.000,22500.000,248.325,248.799,248.467,248.894,-0.100,-0.041
2017-04-12 14:45:00,248.565,248.736,250.000,1171.000,248.50,248.70,5000.000,5000.000,248.60,248.75,3991.000,1715.000,248.45,248.75,2500.000,2500.000,248.55,248.80,8754.000,11146.000,27500.000,17500.000,248.396,248.822,248.445,248.879,-0.075,-0.007
2017-04-12 14:46:00,248.573,248.663,136.000,832.000,248.60,248.70,2500.000,2500.000,248.55,248.65,121.000,2933.000,248.55,248.75,2500.000,2500.000,248.50,248.80,4248.000,12025.000,20000.000,17500.000,248.471,248.817,248.419,248.857,0.050,0.010
2017-04-12 14:47:00,248.672,248.675,131.000,892.000,248.70,248.80,2500.000,2500.000,248.60,248.80,121.000,5000.000,248.65,248.85,5000.000,5000.000,248.55,248.85,2513.000,10928.000,20000.000,25000.000,248.529,248.897,248.488,248.915,0.050,0.011
2017-04-12 14:48:00,248.706,248.695,38.000,44.000,248.65,248.80,2500.000,5000.000,248.65,248.85,1236.000,5385.000,248.60,248.85,5000.000,7500.000,248.60,248.95,6956.000,10119.000,20000.000,32500.000,248.509,248.906,248.506,249.008,-0.025,0.002
2017-04-12 14:49:00,248.602,248.553,710.000,397.000,248.50,248.65,7500.000,2500.000,248.50,248.70,300.000,1484.000,248.45,248.70,2500.000,7500.000,248.45,248.75,6590.000,5421.000,20000.000,27500.000,248.372,248.761,248.419,248.814,-0.025,-0.041
2017-04-12 14:50:00,248.593,248.597,1207.000,555.000,248.50,248.70,2500.000,5000.000,248.50,248.70,1017.000,1900.000,248.45,248.75,7500.000,5000.000,248.45,248.75,5338.000,5568.000,25000.000,25000.000,248.403,248.803,248.400,248.805,0.000,-0.084
2017-04-12 14:51:00,248.654,248.659,2037.000,1000.000,248.50,248.75,2500.000,2500.000,248.60,248.80,847.000,539.000,248.45,248.80,5000.000,2500.000,248.55,248.85,6358.000,4332.000,20000.000,22500.000,248.413,248.866,248.475,248.911,-0.075,-0.124
2017-04-12 14:52:00,248.618,248.613,37.000,1017.000,248.50,248.70,5000.000,2500.000,248.60,248.80,3427.000,1458.000,248.45,248.75,5000.000,2500.000,248.55,248.85,5845.000,4871.000,20000.000,27500.000,248.408,248.790,248.494,248.941,-0.100,-0.156
2017-04-12 14:53:00,248.358,248.395,49.000,387.000,248.25,248.40,7500.000,7500.000,248.30,248.50,183.000,708.000,248.20,248.45,2500.000,5000.000,248.20,248.55,5118.000,4280.000,25000.000,25000.000,248.112,248.507,248.155,248.585,-0.075,-0.175
2017-04-12 14:54:00,248.255,248.419,368.000,397.000,248.10,248.30,7500.000,2500.000,248.20,248.40,3758.000,941.000,248.05,248.35,2500.000,2500.000,248.15,248.45,9905.000,4734.000,47500.000,17500.000,248.005,248.436,248.061,248.507,-0.100,-0.192
2017-04-12 14:55:00,248.149,248.369,1313.000,447.000,248.05,248.25,5000.000,2500.000,248.20,248.40,337.000,491.000,248.00,248.30,2500.000,2500.000,248.15,248.45,4603.000,4215.000,32500.000,20000.000,247.943,248.378,248.058,248.512,-0.150,-0.212
2017-04-12 14:56:00,248.066,248.270,802.000,697.000,248.00,248.20,2500.000,2500.000,248.15,248.30,450.000,1328.000,247.95,248.25,7500.000,2500.000,248.10,248.35,3352.000,4795.000,35000.000,20000.000,247.901,248.297,248.032,248.438,-0.125,-0.230
2017-04-12 14:57:00,248.246,248.403,26.000,50.000,248.10,248.20,2500.000,5000.000,248.30,248.45,502.000,50.000,248.05,248.25,5000.000,2500.000,248.15,248.50,5792.000,2090.000,30000.000,20000.000,247.942,248.366,248.062,248.562,-0.225,-0.252
2017-04-12 14:58:00,248.336,248.468,24.000,10.000,248.30,248.35,2500.000,7500.000,248.45,248.65,458.000,10.000,248.20,248.40,5000.000,5000.000,248.40,248.70,2948.000,2041.000,20000.000,42500.000,248.095,248.508,248.344,248.768,-0.225,-0.296
2017-04-12 14:59:00,248.026,248.275,428.000,200.000,248.00,248.05,2500.000,7500.000,248.10,248.35,969.000,383.000,247.75,248.10,5000.000,2500.000,248.05,248.40,8977.000,4241.000,32500.000,22500.000,247.653,248.217,247.996,248.433,-0.200,-0.269
2017-04-12 15:00:00,248.056,248.375,98.000,1383.000,248.15,248.30,7500.000,5000.000,248.30,248.50,337.000,29.000,248.10,248.35,5000.000,7500.000,248.25,248.55,1587.000,9299.000,20000.000,25000.000,248.046,248.453,248.231,248.580,-0.175,-0.249
2017-04-12 15:01:00,248.581,248.873,1055.000,532.000,248.70,248.75,5000.000,10000.000,248.80,249.00,121.000,911.000,248.65,248.80,5000.000,7500.000,248.70,249.05,1718.000,6982.000,25000.000,30000.000,248.625,248.885,248.630,249.075,-0.175,-0.226
2017-04-12 15:02:00,248.430,248.698,1033.000,641.000,248.35,248.65,7500.000,5000.000,248.60,248.85,315.000,1105.000,248.30,248.70,2500.000,7500.000,248.55,248.90,4385.000,7443.000,25000.000,30000.000,248.240,248.764,248.520,248.946,-0.225,-0.169
2017-04-12 15:03:00,248.505,248.858,448.000,734.000,248.50,248.75,2500.000,2500.000,248.75,248.90,542.000,439.000,248.45,248.80,10000.000,7500.000,248.70,248.95,2991.000,7597.000,27500.000,20000.000,248.407,248.877,248.641,249.000,-0.200,-0.093
2017-04-12 15:04:00,248.761,248.877,50.000,24.000,248.75,248.85,2500.000,7500.000,248.95,249.00,603.000,3068.000,248.70,248.90,2500.000,2500.000,248.85,249.10,4536.000,8156.000,15000.000,35000.000,248.609,248.968,248.767,249.161,-0.175,-0.113
2017-04-12 15:05:00,248.854,249.070,220.000,1246.000,248.85,249.00,2500.000,5000.000,249.00,249.20,300.000,727.000,248.80,249.05,5000.000,10000.000,248.95,249.25,2116.000,4925.000,30000.000,32500.000,248.746,249.104,248.808,249.304,-0.175,-0.084
2017-04-12 15:06:00,248.903,249.080,1409.000,698.000,248.95,249.00,2500.000,7500.000,249.05,249.20,250.000,60.000,248.90,249.10,12500.000,2500.000,249.00,249.25,3072.000,6767.000,22500.000,32500.000,248.860,249.188,248.972,249.308,-0.150,-0.045
2017-04-12 15:07:00,249.383,249.366,160.000,10.000,249.35,249.40,2500.000,15000.000,249.35,249.50,2284.000,138.000,249.30,249.45,2500.000,7500.000,249.30,249.60,3779.000,2457.000,12500.000,35000.000,249.261,249.530,249.230,249.596,-0.050,-0.075
2017-04-12 15:08:00,249.348,249.319,1568.000,81.000,249.30,249.40,2500.000,7500.000,249.30,249.45,60.000,68.000,249.25,249.45,5000.000,20000.000,249.25,249.50,4018.000,3539.000,15000.000,37500.000,249.197,249.527,249.192,249.513,-0.025,-0.094
2017-04-12 15:09:00,249.088,249.309,678.000,5.000,249.15,249.20,5000.000,7500.000,249.25,249.45,508.000,711.000,249.10,249.35,2500.000,20000.000,249.20,249.50,3008.000,7679.000,20000.000,37500.000,249.055,249.474,249.150,249.520,-0.175,-0.084
2017-04-12 15:10:00,249.258,249.329,421.000,5.000,249.25,249.35,5000.000,7500.000,249.25,249.45,367.000,3516.000,249.20,249.50,5000.000,12500.000,249.20,249.50,2264.000,5924.000,22500.000,30000.000,249.149,249.547,249.128,249.517,-0.050,-0.095
2017-04-12 15:11:00,249.282,249.261,400.000,1139.000,249.25,249.45,5000.000,5000.000,249.25,249.35,302.000,3064.000,249.20,249.50,5000.000,5000.000,249.20,249.40,2762.000,6605.000,17500.000,27500.000,249.146,249.531,249.171,249.445,0.050,-0.136
2017-04-12 15:12:00,248.960,249.094,650.000,1156.000,248.90,249.20,5000.000,2500.000,249.00,249.15,1453.000,1615.000,248.85,249.25,5000.000,2500.000,248.95,249.20,8302.000,13443.000,22500.000,17500.000,248.782,249.361,248.900,249.257,-0.025,-0.143
2017-04-12 15:13:00,249.099,249.167,28.000,10491.000,249.15,249.30,5000.000,2500.000,249.15,249.30,60.000,602.000,249.05,249.35,2500.000,2500.000,249.10,249.35,1988.000,18064.000,17500.000,27500.000,248.936,249.370,249.057,249.427,0.000,-0.147
2017-04-12 15:14:00,248.898,249.069,347.000,67.000,248.85,249.00,2500.000,10000.000,248.95,249.10,1100.000,753.000,248.80,249.10,2500.000,5000.000,248.90,249.20,5150.000,6512.000,25000.000,27500.000,248.723,249.219,248.775,249.200,-0.100,-0.114
2017-04-12 15:15:00,248.821,248.943,143.000,97.000,248.85,248.90,2500.000,7500.000,248.90,249.00,453.000,6619.000,248.80,249.00,2500.000,2500.000,248.85,249.10,1764.000,8941.000,22500.000,32500.000,248.738,249.025,248.767,249.158,-0.075,-0.091
2017-04-12 15:16:00,248.798,248.983,259.000,854.000,248.75,248.95,2500.000,5000.000,248.90,249.00,151.000,7350.000,248.70,249.00,2500.000,2500.000,248.85,249.10,3917.000,10234.000,30000.000,27500.000,248.598,249.019,248.717,249.159,-0.100,-0.026
2017-04-12 15:17:00,248.642,248.812,847.000,343.000,248.60,248.80,5000.000,5000.000,248.70,248.90,303.000,394.000,248.55,248.85,2500.000,7500.000,248.65,248.95,3597.000,4804.000,25000.000,25000.000,248.503,248.950,248.580,248.995,-0.100,0.058
2017-04-12 15:18:00,248.789,248.876,74.000,185.000,248.85,248.95,2500.000,5000.000,248.85,248.95,564.000,2567.000,248.75,249.00,5000.000,2500.000,248.80,249.00,1765.000,5839.000,20000.000,22500.000,248.683,249.047,248.700,249.061,-0.000,0.066
2017-04-12 15:19:00,248.896,248.900,1914.000,805.000,248.70,248.95,2500.000,2500.000,248.80,248.95,504.000,1917.000,248.65,249.00,2500.000,5000.000,248.75,249.00,7550.000,4762.000,22500.000,25000.000,248.572,249.041,248.661,249.090,-0.050,0.050
2017-04-12 15:20:00,249.199,249.204,154.000,347.000,249.25,249.35,2500.000,2500.000,249.20,249.30,392.000,1003.000,249.20,249.40,2500.000,2500.000,249.15,249.35,2274.000,7231.000,25000.000,32500.000,249.151,249.480,249.030,249.438,0.050,0.017
2017-04-12 15:21:00,249.433,249.295,47.000,200.000,249.40,249.50,2500.000,5000.000,249.25,249.40,601.000,229.000,249.30,249.55,5000.000,10000.000,249.20,249.45,3233.000,2830.000,17500.000,30000.000,249.241,249.623,249.143,249.479,0.125,-0.040
2017-04-12 15:22:00,249.572,249.325,758.000,295.000,249.55,249.70,5000.000,2500.000,249.30,249.40,756.000,1618.000,249.50,249.75,2500.000,7500.000,249.25,249.45,3559.000,5991.000,17500.000,27500.000,249.442,249.818,249.200,249.518,0.275,-0.122
2017-04-12 15:23:00,248.946,248.995,907.000,1.000,248.85,248.95,2500.000,5000.000,248.90,249.00,1190.000,50.000,248.80,249.00,7500.000,2500.000,248.85,249.05,5370.000,2593.000,30000.000,17500.000,248.771,249.137,248.792,249.100,-0.050,-0.183
2017-04-12 15:24:00,249.070,249.154,1291.000,173.000,249.05,249.10,2500.000,5000.000,249.10,249.20,200.000,952.000,249.00,249.20,5000.000,2500.000,249.05,249.25,3115.000,3203.000,17500.000,17500.000,248.993,249.245,248.993,249.300,-0.075,-0.250
2017-04-12 15:25:00,249.130,249.300,786.000,535.000,249.15,249.35,5000.000,5000.000,249.20,249.40,110.000,857.000,249.10,249.40,5000.000,2500.000,249.15,249.45,1575.000,4590.000,25000.000,22500.000,249.098,249.463,249.080,249.500,-0.050,-0.358
2017-04-12 15:26:00,249.219,249.363,21.000,293.000,249.25,249.45,2500.000,5000.000,249.30,249.40,81.000,2964.000,249.20,249.50,2500.000,10000.000,249.20,249.50,877.000,5812.000,27500.000,30000.000,249.085,249.595,249.105,249.533,-0.000,-0.358
2017-04-12 15:27:00,249.096,249.262,70.000,62.000,249.20,249.25,5000.000,10000.000,249.20,249.30,60.000,1000.000,249.10,249.30,2500.000,2500.000,249.15,249.35,3589.000,3537.000,35000.000,30000.000,248.446,249.371,249.061,249.396,-0.025,-0.358
2017-04-12 15:28:00,248.798,249.153,460.000,757.000,248.50,248.60,2500.000,2500.000,249.05,249.25,207.000,250.000,248.20,249.00,10000.000,5000.000,249.00,249.30,7308.000,4333.000,25000.000,22500.000,248.082,249.144,248.945,249.372,-0.600,-0.358
2017-04-12 15:29:00,248.613,249.030,281.000,60.000,248.60,248.80,2500.000,2500.000,249.00,249.05,20.000,200.000,248.55,249.20,2500.000,2500.000,248.90,249.15,1960.000,4020.000,20000.000,17500.000,248.405,249.294,248.850,249.214,-0.325,-0.358
2017-04-12 15:30:00,248.535,249.242,14.000,100.000,248.55,249.00,2500.000,2500.000,248.95,249.30,420.000,14.000,248.50,249.15,2500.000,2500.000,248.90,249.40,1199.000,3524.000,20000.000,12500.000,248.316,249.294,248.844,249.470,-0.350,-0.358
2017-04-13 09:16:00,248.398,248.442,100.000,381.000,248.30,248.40,5000.000,2500.000,248.40,248.65,50.000,850.000,248.20,248.45,5000.000,2500.000,247.95,248.70,2505.000,2136.000,17500.000,12500.000,248.078,248.504,248.029,248.820,-0.175,-0.131
2017-04-13 09:17:00,248.861,249.119,537.000,186.000,248.85,249.00,2500.000,5000.000,248.90,249.20,186.000,312.000,248.80,249.15,2500.000,5000.000,248.85,249.40,1979.000,3391.000,15000.000,17500.000,248.718,249.284,248.775,249.429,-0.125,-0.104
2017-04-13 09:18:00,249.245,249.342,97.000,487.000,249.25,249.40,2500.000,2500.000,249.30,249.50,52.000,72.000,249.20,249.45,5000.000,2500.000,249.20,249.55,1888.000,4194.000,15000.000,15000.000,249.095,249.544,249.133,249.642,-0.075,-0.135
2017-04-13 09:19:00,249.367,249.393,712.000,8.000,249.15,249.30,5000.000,7500.000,249.35,249.55,435.000,50.000,249.10,249.35,2500.000,2500.000,249.30,249.60,5694.000,1154.000,15000.000,20000.000,249.016,249.416,249.192,249.662,-0.225,-0.169
2017-04-13 09:20:00,249.314,249.421,35.000,724.000,249.35,249.50,2500.000,2500.000,249.45,249.55,661.000,1014.000,249.30,249.55,2500.000,5000.000,249.30,249.60,2032.000,7827.000,12500.000,17500.000,249.241,249.613,249.270,249.657,-0.075,-0.182
2017-04-13 09:21:00,248.612,248.778,648.000,112.000,248.55,248.75,2500.000,7500.000,248.65,248.85,210.000,793.000,248.50,248.80,5000.000,2500.000,248.60,248.90,4349.000,5351.000,20000.000,20000.000,248.409,248.914,248.537,248.963,-0.100,-0.170
2017-04-13 09:22:00,248.785,248.912,759.000,2.000,248.65,248.75,5000.000,2500.000,248.75,249.00,197.000,110.000,248.60,248.85,2500.000,5000.000,248.70,249.05,4613.000,2381.000,17500.000,15000.000,248.519,248.932,248.629,249.125,-0.175,-0.193
2017-04-13 09:23:00,248.751,249.000,337.000,110.000,248.65,248.90,2500.000,2500.000,248.85,249.00,413.000,1273.000,248.60,248.95,2500.000,2500.000,248.80,249.05,6250.000,7558.000,17500.000,12500.000,248.480,249.033,248.721,249.160,-0.150,-0.177
2017-04-13 09:24:00,248.934,249.129,1139.000,904.000,248.80,249.05,2500.000,2500.000,249.10,249.25,2084.000,337.000,248.75,249.10,2500.000,5000.000,249.05,249.30,7508.000,5867.000,12500.000,17500.000,248.700,249.193,248.980,249.357,-0.250,-0.154
2017-04-13 09:25:00,248.717,248.892,70.000,397.000,248.80,248.85,5000.000,7500.000,248.80,249.05,1299.000,246.000,248.60,248.90,2500.000,2500.000,248.75,249.10,3931.000,4999.000,15000.000,17500.000,248.514,248.988,248.667,249.121,-0.100,-0.146
2017-04-13 09:26:00,248.780,248.886,110.000,483.000,248.60,248.85,7500.000,2500.000,248.80,249.00,290.000,592.000,248.55,248.90,2500.000,5000.000,248.75,249.05,8216.000,5192.000,17500.000,17500.000,248.418,248.984,248.729,249.121,-0.175,-0.150
2017-04-13 09:27:00,248.658,248.896,228.000,653.000,248.70,248.85,5000.000,2500.000,248.75,248.95,62.000,676.000,248.60,248.90,2500.000,2500.000,248.65,249.00,3754.000,8212.000,17500.000,12500.000,248.506,249.001,248.621,249.110,-0.075,-0.128
2017-04-13 09:28:00,248.490,248.661,156.000,1056.000,248.55,248.70,2500.000,5000.000,248.55,248.75,955.000,728.000,248.50,248.75,5000.000,2500.000,248.50,248.90,2390.000,9386.000,15000.000,20000.000,248.425,248.846,248.458,248.925,-0.025,-0.112
2017-04-13 09:29:00,248.572,248.654,615.000,400.000,248.50,248.60,2500.000,2500.000,248.60,248.70,62.000,50.000,248.45,248.65,2500.000,5000.000,248.55,248.75,6719.000,6027.000,15000.000,20000.000,248.334,248.743,248.467,248.894,-0.100,-0.109
2017-04-13 09:30:00,248.339,248.475,100.000,39.000,248.35,248.40,2500.000,7500.000,248.40,248.50,3977.000,488.000,248.30,248.45,2500.000,5000.000,248.35,248.55,5710.000,7264.000,17500.000,22500.000,248.262,248.527,248.250,248.639,-0.075,-0.107
2017-04-13 09:31:00,248.356,248.480,837.000,1452.000,248.30,248.45,5000.000,2500.000,248.35,248.50,674.000,50.000,248.25,248.50,5000.000,2500.000,248.30,248.70,3353.000,3592.000,20000.000,17500.000,248.221,248.555,248.269,248.743,-0.050,-0.115
2017-04-13 09:32:00,248.735,248.861,520.000,5.000,248.75,248.85,5000.000,7500.000,248.75,249.00,205.000,46.000,248.70,248.90,2500.000,5000.000,248.70,249.05,2100.000,3774.000,20000.000,25000.000,248.627,248.997,248.606,249.085,-0.075,-0.129
2017-04-13 09:33:00,248.679,248.773,226.000,537.000,248.65,248.75,2500.000,2500.000,248.75,248.85,510.000,433.000,248.60,248.85,5000.000,5000.000,248.70,248.90,5007.000,6849.000,17500.000,20000.000,248.515,248.953,248.614,248.956,-0.100,-0.148
2017-04-13 09:34:00,248.746,248.812,179.000,20.000,248.65,248.80,2500.000,5000.000,248.75,248.95,300.000,50.000,248.60,248.85,2500.000,7500.000,248.70,249.00,6162.000,4677.000,15000.000,25000.000,248.510,248.959,248.642,249.035,-0.125,-0.158
2017-04-13 09:35:00,248.381,248.506,387.000,42.000,248.35,248.55,2500.000,5000.000,248.45,248.65,696.000,233.000,248.30,248.60,2500.000,2500.000,248.40,248.70,4038.000,5827.000,15000.000,25000.000,248.212,248.732,248.342,248.755,-0.100,-0.162
2017-04-13 09:36:00,248.567,248.730,1717.000,1040.000,248.40,248.55,2500.000,2500.000,248.70,248.80,485.000,25.000,248.35,248.65,2500.000,2500.000,248.55,248.85,10211.000,4793.000,20000.000,17500.000,248.287,248.715,248.475,248.921,-0.275,-0.171
2017-04-13 09:37:00,248.610,248.804,940.000,816.000,248.45,248.55,2500.000,2500.000,248.70,248.85,1103.000,25.000,248.40,248.65,2500.000,2500.000,248.60,248.90,9523.000,4604.000,17500.000,12500.000,248.293,248.724,248.500,248.970,-0.275,-0.184
2017-04-13 09:38:00,248.863,249.053,387.000,60.000,248.70,248.95,5000.000,2500.000,248.95,249.20,866.000,1266.000,248.65,249.00,5000.000,2500.000,248.90,249.25,7823.000,6677.000,20000.000,17500.000,248.536,249.082,248.838,249.321,-0.250,-0.202
2017-04-13 09:39:00,248.742,248.857,556.000,1.000,248.55,248.65,2500.000,5000.000,248.80,249.00,498.000,100.000,248.50,248.80,7500.000,2500.000,248.75,249.05,6112.000,2406.000,17500.000,20000.000,248.405,248.924,248.693,249.113,-0.300,-0.227
2017-04-13 09:40:00,248.709,248.856,24.000,8.000,248.60,248.65,5000.000,7500.000,248.80,249.00,640.000,110.000,248.50,248.75,2500.000,2500.000,248.75,249.10,5100.000,2428.000,17500.000,25000.000,248.393,248.853,248.686,249.135,-0.275,-0.239
2017-04-13 09:41:00,248.701,248.908,327.000,110.000,248.55,248.75,2500.000,7500.000,248.85,249.00,555.000,337.000,248.50,248.80,2500.000,2500.000,248.80,249.10,5790.000,3776.000,20000.000,27500.000,248.412,248.887,248.719,249.136,-0.275,-0.235
2017-04-13 09:42:00,248.449,248.711,110.000,65.000,248.35,248.55,2500.000,2500.000,248.65,248.80,232.000,738.000,248.30,248.60,2500.000,5000.000,248.55,248.85,5411.000,4885.000,22500.000,22500.000,248.214,248.713,248.467,248.922,-0.275,-0.235
2017-04-13 09:43:00,248.240,248.519,50.000,989.000,248.15,248.40,2500.000,2500.000,248.45,248.60,527.000,1486.000,248.10,248.45,7500.000,7500.000,248.40,248.75,6580.000,9260.000,17500.000,22500.000,248.008,248.525,248.343,248.789,-0.250,-0.242
2017-04-13 09:44:00,248.382,248.621,387.000,121.000,248.30,248.50,2500.000,2500.000,248.60,248.75,822.000,304.000,248.25,248.55,2500.000,5000.000,248.45,248.80,4441.000,4377.000,20000.000,22500.000,248.176,248.663,248.400,248.856,-0.275,-0.269
2017-04-13 09:45:00,248.294,248.500,75.000,102.000,248.10,248.20,2500.000,5000.000,248.40,248.60,167.000,127.000,248.05,248.35,5000.000,5000.000,248.30,248.70,9375.000,3298.000,22500.000,25000.000,247.979,248.461,248.244,248.730,-0.350,-0.291
2017-04-13 09:46:00,248.407,248.594,978.000,101.000,248.20,248.30,5000.000,5000.000,248.50,248.70,325.000,2.000,248.15,248.40,2500.000,2500.000,248.45,248.75,9411.000,2452.000,20000.000,20000.000,248.039,248.524,248.412,248.800,-0.350,-0.316
2017-04-13 09:47:00,248.573,248.839,538.000,1035.000,248.45,248.60,2500.000,5000.000,248.75,248.95,247.000,60.000,248.40,248.65,5000.000,7500.000,248.70,249.00,6034.000,4397.000,20000.000,25000.000,248.297,248.725,248.631,249.045,-0.325,-0.329
2017-04-13 09:48:00,248.326,248.636,625.000,660.000,248.25,248.45,5000.000,5000.000,248.60,248.80,1642.000,370.000,248.20,248.50,2500.000,10000.000,248.50,248.85,5586.000,5978.000,22500.000,32500.000,248.157,248.576,248.467,248.900,-0.350,-0.314
2017-04-13 09:49:00,248.613,248.988,273.000,364.000,248.55,248.75,5000.000,2500.000,248.90,249.10,163.000,745.000,248.50,248.80,2500.000,7500.000,248.85,249.15,2882.000,3670.000,22500.000,27500.000,248.440,248.881,248.789,249.195,-0.350,-0.300
2017-04-13 09:50:00,248.602,248.920,387.000,538.000,248.50,248.70,5000.000,2500.000,248.85,249.05,500.000,66.000,248.45,248.75,5000.000,5000.000,248.80,249.10,4149.000,3816.000,25000.000,30000.000,248.391,248.824,248.750,249.171,-0.350,-0.299
2017-04-13 09:51:00,248.331,248.640,586.000,736.000,248.30,248.40,2500.000,5000.000,248.60,248.70,75.000,1017.000,248.25,248.45,2500.000,10000.000,248.55,248.85,4339.000,6297.000,17500.000,35000.000,248.178,248.500,248.486,248.875,-0.300,-0.289
2017-04-13 09:52:00,248.228,248.561,582.000,152.000,248.30,248.35,2500.000,5000.000,248.50,248.65,75.000,339.000,248.25,248.40,2500.000,2500.000,248.45,248.75,1708.000,4779.000,20000.000,27500.000,248.223,248.493,248.387,248.809,-0.250,-0.295
2017-04-13 09:53:00,248.261,248.494,20.000,2.000,248.25,248.30,2500.000,5000.000,248.50,248.55,741.000,60.000,248.20,248.35,5000.000,2500.000,248.40,248.70,4194.000,4627.000,17500.000,27500.000,248.087,248.472,248.350,248.755,-0.250,-0.310
2017-04-13 09:54:00,248.442,248.748,139.000,877.000,248.50,248.60,2500.000,2500.000,248.70,248.85,137.000,2688.000,248.45,248.65,2500.000,10000.000,248.65,248.90,1260.000,8351.000,20000.000,32500.000,248.353,248.704,248.575,248.962,-0.225,-0.314
2017-04-13 09:55:00,248.383,248.697,397.000,16.000,248.30,248.45,2500.000,2500.000,248.60,248.80,2957.000,2322.000,248.25,248.50,5000.000,10000.000,248.55,248.85,8129.000,6830.000,22500.000,25000.000,248.196,248.570,248.500,248.885,-0.325,-0.302
2017-04-13 09:56:00,248.470,248.732,538.000,49.000,248.40,248.45,2500.000,10000.000,248.70,248.85,447.000,2639.000,248.35,248.60,2500.000,5000.000,248.60,248.90,8869.000,8762.000,17500.000,30000.000,248.259,248.696,248.536,248.933,-0.350,-0.304
2017-04-13 09:57:00,248.629,248.990,587.000,2000.000,248.60,248.70,7500.000,2500.000,248.90,249.10,387.000,50.000,248.55,248.80,5000.000,2500.000,248.85,249.15,4273.000,6416.000,20000.000,17500.000,248.472,248.866,248.831,249.214,-0.350,-0.309
2017-04-13 09:58:00,249.050,249.360,20.000,60.000,249.00,249.10,2500.000,2500.000,249.30,249.40,354.000,477.000,248.90,249.15,10000.000,5000.000,249.25,249.45,5588.000,4828.000,20000.000,17500.000,248.795,249.237,249.219,249.507,-0.300,-0.319
2017-04-13 09:59:00,249.086,249.408,607.000,200.000,248.95,249.10,2500.000,5000.000,249.35,249.45,2254.000,110.000,248.90,249.15,2500.000,5000.000,249.30,249.50,8728.000,4663.000,15000.000,17500.000,248.815,249.242,249.250,249.543,-0.375,-0.322
2017-04-13 10:00:00,249.085,249.342,435.000,10.000,248.95,249.00,2500.000,2500.000,249.30,249.40,415.000,110.000,248.90,249.15,5000.000,5000.000,249.25,249.45,8019.000,4677.000,15000.000,17500.000,248.799,249.241,249.200,249.507,-0.375,-0.348
2017-04-13 10:01:00,249.051,249.323,7.000,72.000,248.95,249.10,2500.000,7500.000,249.30,249.40,150.000,312.000,248.90,249.15,2500.000,5000.000,249.20,249.45,5688.000,5097.000,12500.000,20000.000,248.787,249.234,249.160,249.481,-0.325,-0.352
2017-04-13 10:02:00,248.748,249.133,2409.000,689.000,248.60,248.85,2500.000,2500.000,249.05,249.15,1461.000,537.000,248.55,248.90,2500.000,2500.000,249.00,249.20,9669.000,6452.000,15000.000,15000.000,248.515,248.982,248.933,249.333,-0.375,-0.342
2017-04-13 10:03:00,248.862,249.221,38.000,50.000,248.80,248.90,2500.000,5000.000,249.10,249.30,310.000,60.000,248.70,248.95,5000.000,2500.000,249.05,249.35,4299.000,3601.000,30000.000,22500.000,248.599,249.014,248.963,249.400,-0.350,-0.318
2017-04-13 10:04:00,249.258,249.597,569.000,60.000,249.20,249.35,5000.000,7500.000,249.55,249.70,525.000,600.000,249.15,249.40,2500.000,2500.000,249.50,249.75,5947.000,6884.000,15000.000,22500.000,249.068,249.485,249.467,249.778,-0.350,-0.281
2017-04-13 10:05:00,249.209,249.593,2043.000,5.000,249.25,249.30,2500.000,2500.000,249.60,249.65,260.000,60.000,249.20,249.35,5000.000,2500.000,249.50,249.70,6118.000,8273.000,17500.000,17500.000,249.159,249.476,249.464,249.764,-0.350,-0.245
2017-04-13 10:06:00,249.261,249.556,1242.000,153.000,249.15,249.25,7500.000,2500.000,249.45,249.65,225.000,397.000,249.10,249.30,2500.000,5000.000,249.40,249.70,4897.000,1922.000,22500.000,17500.000,249.045,249.377,249.350,249.750,-0.350,-0.204
2017-04-13 10:07:00,249.446,249.781,95.000,2701.000,249.40,249.60,2500.000,7500.000,249.70,249.80,387.000,1436.000,249.35,249.65,5000.000,5000.000,249.60,249.85,4990.000,10001.000,30000.000,22500.000,249.265,249.698,249.537,249.900,-0.250,-0.171
2017-04-13 10:08:00,249.749,249.985,626.000,72.000,249.60,249.75,7500.000,5000.000,249.90,250.10,2800.000,375.000,249.55,249.80,2500.000,5000.000,249.85,250.15,7155.000,2459.000,20000.000,22500.000,249.494,249.913,249.819,250.189,-0.325,-0.141
2017-04-13 10:09:00,250.260,250.418,95.000,240.000,250.20,250.30,7500.000,10000.000,250.35,250.50,587.000,100.000,250.15,250.35,2500.000,2500.000,250.30,250.55,6628.000,6038.000,20000.000,22500.000,250.033,250.467,250.275,250.572,-0.175,-0.140
2017-04-13 10:10:00,250.277,250.478,95.000,5.000,250.30,250.35,2500.000,10000.000,250.45,250.50,706.000,9.000,250.25,250.40,2500.000,2500.000,250.35,250.55,3568.000,5880.000,22500.000,22500.000,250.189,250.484,250.300,250.572,-0.150,-0.138
2017-04-13 10:11:00,250.295,250.388,47.000,2582.000,250.30,250.40,2500.000,5000.000,250.30,250.45,1.000,527.000,250.25,250.45,7500.000,7500.000,250.25,250.50,4381.000,10269.000,22500.000,20000.000,250.192,250.496,250.206,250.525,-0.025,-0.177
2017-04-13 10:12:00,250.551,250.719,60.000,5.000,250.55,250.65,7500.000,7500.000,250.70,250.80,821.000,19.000,250.50,250.75,2500.000,2500.000,250.60,250.85,3391.000,6365.000,25000.000,27500.000,250.417,250.848,250.575,250.900,-0.150,-0.199
2017-04-13 10:13:00,250.332,250.418,3490.000,5.000,250.20,250.25,5000.000,5000.000,250.30,250.50,617.000,9.000,250.15,250.30,7500.000,2500.000,250.25,250.55,10278.000,691.000,25000.000,17500.000,250.099,250.398,250.210,250.593,-0.175,-0.226
2017-04-13 10:14:00,250.001,250.155,2887.000,5.000,249.90,249.95,2500.000,7500.000,250.05,250.20,61.000,475.000,249.85,250.00,5000.000,5000.000,250.00,250.25,7179.000,2248.000,22500.000,25000.000,249.812,250.100,249.944,250.350,-0.200,-0.252
2017-04-13 10:15:00,249.853,250.042,60.000,5.000,249.70,249.85,2500.000,10000.000,249.95,250.10,203.000,621.000,249.65,249.90,2500.000,7500.000,249.90,250.15,9245.000,4884.000,22500.000,27500.000,249.538,249.996,249.822,250.182,-0.250,-0.271
2017-04-13 10:16:00,249.506,249.796,838.000,5.000,249.50,249.55,2500.000,2500.000,249.70,249.85,63.000,387.000,249.45,249.65,7500.000,2500.000,249.65,249.90,3567.000,4832.000,17500.000,12500.000,249.370,249.750,249.600,249.970,-0.250,-0.260
2017-04-13 10:17:00,249.783,250.059,50.000,28.000,249.70,249.75,5000.000,2500.000,250.00,250.10,11.000,1245.000,249.65,249.85,2500.000,5000.000,249.95,250.15,9278.000,7249.000,22500.000,20000.000,249.530,249.955,249.894,250.238,-0.325,-0.265
2017-04-13 10:18:00,249.712,249.935,1238.000,397.000,249.60,249.75,7500.000,7500.000,249.80,250.00,2846.000,887.000,249.55,249.80,10000.000,10000.000,249.75,250.05,8640.000,5301.000,30000.000,27500.000,249.498,249.867,249.713,250.086,-0.225,-0.284
2017-04-13 10:19:00,249.739,250.022,1159.000,4.000,249.60,249.70,2500.000,2500.000,249.90,250.05,2608.000,887.000,249.55,249.80,5000.000,5000.000,249.85,250.10,10890.000,4753.000,25000.000,15000.000,249.487,249.883,249.790,250.142,-0.325,-0.274
2017-04-13 10:20:00,249.695,249.981,692.000,2.000,249.60,249.65,2500.000,2500.000,249.90,250.00,2756.000,60.000,249.55,249.75,7500.000,2500.000,249.85,250.05,9375.000,4589.000,27500.000,17500.000,249.486,249.841,249.795,250.114,-0.325,-0.234
2017-04-13 10:21:00,250.051,250.286,487.000,10.000,249.90,250.10,7500.000,10000.000,250.20,250.40,131.000,721.000,249.85,250.15,2500.000,5000.000,250.15,250.45,7351.000,4796.000,20000.000,25000.000,249.761,250.235,250.113,250.475,-0.300,-0.228
2017-04-13 10:22:00,249.623,249.924,1128.000,5.000,249.55,249.60,2500.000,7500.000,249.80,250.00,1286.000,572.000,249.50,249.75,7500.000,2500.000,249.75,250.05,4483.000,3511.000,22500.000,20000.000,249.449,249.821,249.678,250.100,-0.325,-0.206
2017-04-13 10:23:00,249.539,249.856,948.000,120.000,249.55,249.60,10000.000,7500.000,249.75,249.95,1306.000,60.000,249.50,249.65,2500.000,2500.000,249.70,250.00,2625.000,1970.000,22500.000,20000.000,249.501,249.757,249.683,250.025,-0.275,-0.159
2017-04-13 10:24:00,249.645,249.877,100.000,5.000,249.60,249.65,2500.000,2500.000,249.80,249.95,236.000,447.000,249.55,249.75,7500.000,2500.000,249.75,250.00,3163.000,3383.000,17500.000,15000.000,249.472,249.824,249.707,250.050,-0.250,-0.132
2017-04-13 10:25:00,249.865,249.953,150.000,5.000,249.70,249.75,2500.000,2500.000,249.90,250.05,191.000,124.000,249.65,249.80,7500.000,5000.000,249.85,250.10,5424.000,879.000,20000.000,22500.000,249.533,249.903,249.806,250.156,-0.250,-0.165
2017-04-13 10:26:00,249.633,249.836,1448.000,34.000,249.50,249.55,2500.000,7500.000,249.75,249.90,369.000,5.000,249.45,249.60,7500.000,2500.000,249.70,249.95,7348.000,2828.000,20000.000,25000.000,249.375,249.820,249.650,250.050,-0.300,-0.163
2017-04-13 10:27:00,249.415,249.605,350.000,5.000,249.40,249.45,5000.000,2500.000,249.55,249.65,100.000,260.000,249.30,249.50,2500.000,2500.000,249.50,249.70,3560.000,3077.000,15000.000,12500.000,249.202,249.602,249.458,249.760,-0.175,-0.169
2017-04-13 10:28:00,249.764,249.845,447.000,100.000,249.70,249.90,7500.000,2500.000,249.85,250.05,641.000,234.000,249.65,249.95,5000.000,5000.000,249.80,250.10,5776.000,6910.000,20000.000,35000.000,249.561,250.067,249.769,250.175,-0.150,-0.199
2017-04-13 10:29:00,249.992,250.093,397.000,2571.000,249.90,250.00,10000.000,20000.000,250.05,250.20,437.000,32.000,249.85,250.05,2500.000,2500.000,250.00,250.25,5800.000,5328.000,22500.000,35000.000,249.749,250.081,249.956,250.261,-0.175,-0.216
2017-04-13 10:30:00,249.836,250.086,687.000,50.000,249.70,249.80,2500.000,10000.000,250.00,250.15,431.000,5.000,249.65,249.85,2500.000,2500.000,249.95,250.20,11456.000,4442.000,15000.000,20000.000,249.550,249.958,249.892,250.225,-0.325,-0.210
2017-04-13 10:31:00,249.780,249.972,541.000,34.000,249.60,249.65,2500.000,10000.000,249.90,250.05,200.000,17.000,249.55,249.75,2500.000,2500.000,249.85,250.10,8969.000,1227.000,17500.000,22500.000,249.473,249.843,249.771,250.122,-0.350,-0.216
2017-04-13 10:32:00,249.625,249.845,630.000,55.000,249.60,249.75,10000.000,2500.000,249.75,249.90,250.000,750.000,249.55,249.80,5000.000,2500.000,249.70,249.95,2823.000,4307.000,30000.000,20000.000,249.493,249.877,249.658,250.037,-0.150,-0.205
2017-04-13 10:33:00,249.875,250.106,18.000,224.000,249.75,249.90,2500.000,2500.000,250.00,250.15,675.000,110.000,249.70,249.95,2500.000,7500.000,249.95,250.20,7704.000,5267.000,20000.000,20000.000,249.593,250.042,249.875,250.250,-0.250,-0.239
2017-04-13 10:34:00,249.781,249.965,853.000,5.000,249.65,249.70,7500.000,7500.000,249.85,250.05,425.000,387.000,249.60,249.80,10000.000,5000.000,249.80,250.10,7268.000,2379.000,27500.000,22500.000,249.517,249.914,249.764,250.128,-0.275,-0.275
2017-04-13 10:35:00,249.616,249.840,219.000,41.000,249.60,249.65,2500.000,10000.000,249.80,249.95,195.000,1012.000,249.55,249.75,2500.000,5000.000,249.75,250.00,2683.000,3965.000,12500.000,25000.000,249.475,249.823,249.700,250.015,-0.250,-0.309
2017-04-13 10:36:00,249.698,249.919,143.000,5.000,249.60,249.70,2500.000,7500.000,249.85,250.00,483.000,1300.000,249.55,249.75,5000.000,5000.000,249.80,250.05,4169.000,3054.000,20000.000,25000.000,249.446,249.814,249.756,250.095,-0.275,-0.363
2017-04-13 10:37:00,249.697,249.862,91.000,1.000,249.60,249.65,2500.000,2500.000,249.85,249.95,147.000,25.000,249.55,249.70,7500.000,5000.000,249.75,250.00,6094.000,2417.000,20000.000,22500.000,249.441,249.836,249.713,250.072,-0.275,-0.407
2017-04-13 10:38:00,249.758,250.160,1106.000,25.000,249.65,249.70,2500.000,2500.000,250.05,250.15,2511.000,100.000,249.60,249.80,45000.000,7500.000,250.00,250.20,11219.000,5008.000,57500.000,20000.000,249.544,249.976,249.985,250.262,-0.425,-0.404
2017-04-13 10:39:00,249.635,249.998,288.000,5.000,249.55,249.65,5000.000,10000.000,249.85,250.05,309.000,450.000,249.50,249.70,5000.000,2500.000,249.80,250.10,3981.000,2536.000,30000.000,20000.000,249.415,249.801,249.725,250.113,-0.350,-0.422
2017-04-13 10:40:00,249.887,250.283,441.000,224.000,249.75,249.90,2500.000,2500.000,250.15,250.25,2362.000,160.000,249.70,249.95,5000.000,2500.000,250.10,250.30,8648.000,4806.000,32500.000,12500.000,249.615,250.029,250.027,250.350,-0.375,-0.439
2017-04-13 10:41:00,249.713,250.200,2357.000,5.000,249.60,249.65,5000.000,2500.000,250.10,250.20,33.000,50.000,249.55,249.70,2500.000,2500.000,250.05,250.25,9499.000,969.000,32500.000,15000.000,249.514,249.866,250.008,250.342,-0.525,-0.460
2017-04-13 10:42:00,249.653,250.038,72.000,499.000,249.60,249.65,2500.000,5000.000,249.95,250.10,11.000,100.000,249.50,249.70,2500.000,7500.000,249.90,250.15,5282.000,2905.000,20000.000,22500.000,249.409,249.785,249.838,250.183,-0.400,-0.475
2017-04-13 10:43:00,249.470,249.857,27.000,5.000,249.45,249.50,5000.000,5000.000,249.85,249.95,284.000,1026.000,249.40,249.60,7500.000,10000.000,249.75,250.00,4015.000,5128.000,22500.000,27500.000,249.302,249.709,249.728,250.045,-0.425,-0.480
2017-04-13 10:44:00,249.344,249.800,348.000,5.000,249.35,249.40,2500.000,2500.000,249.75,249.90,365.000,647.000,249.30,249.50,5000.000,7500.000,249.70,249.95,2861.000,4177.000,22500.000,32500.000,249.250,249.592,249.644,250.023,-0.450,-0.484
2017-04-13 10:45:00,249.472,249.953,1460.000,876.000,249.35,249.60,5000.000,5000.000,249.85,250.00,621.000,1472.000,249.30,249.65,5000.000,2500.000,249.80,250.05,7407.000,8217.000,27500.000,17500.000,249.215,249.716,249.745,250.093,-0.450,-0.464
2017-04-13 10:46:00,249.365,249.953,1003.000,5.000,249.40,249.50,2500.000,5000.000,249.90,250.00,387.000,921.000,249.35,249.60,5000.000,10000.000,249.85,250.05,3401.000,7250.000,22500.000,25000.000,249.305,249.710,249.789,250.080,-0.500,-0.467
2017-04-13 10:47:00,249.416,249.879,50.000,98.000,249.35,249.40,2500.000,2500.000,249.85,249.95,828.000,111.000,249.30,249.50,2500.000,10000.000,249.80,250.00,4790.000,4341.000,17500.000,25000.000,249.188,249.598,249.750,250.040,-0.525,-0.483
2017-04-13 10:48:00,249.229,249.639,140.000,5.000,249.15,249.20,2500.000,2500.000,249.60,249.75,337.000,60.000,249.10,249.30,5000.000,5000.000,249.55,249.80,4382.000,2458.000,20000.000,25000.000,249.027,249.425,249.494,249.855,-0.500,-0.513
2017-04-13 10:49:00,249.201,249.679,908.000,20.000,249.10,249.20,2500.000,7500.000,249.65,249.80,608.000,1050.000,249.05,249.30,7500.000,7500.000,249.60,249.85,7520.000,4820.000,27500.000,37500.000,248.997,249.377,249.541,249.907,-0.575,-0.541
2017-04-13 10:50:00,249.311,249.693,54.000,546.000,249.20,249.30,10000.000,2500.000,249.65,249.80,816.000,1500.000,249.10,249.35,5000.000,2500.000,249.60,249.85,9698.000,5443.000,30000.000,27500.000,248.991,249.409,249.571,249.936,-0.475,-0.604
2017-04-13 10:51:00,249.202,249.802,3299.000,5.000,249.10,249.20,7500.000,5000.000,249.70,249.90,201.000,50.000,249.05,249.25,5000.000,5000.000,249.65,249.95,7955.000,2246.000,32500.000,37500.000,249.028,249.344,249.600,249.997,-0.650,-0.602
2017-04-13 10:52:00,249.216,249.759,1089.000,5.000,249.15,249.20,5000.000,10000.000,249.65,249.85,266.000,200.000,249.10,249.25,7500.000,2500.000,249.60,249.90,6967.000,3037.000,30000.000,27500.000,249.038,249.355,249.558,249.932,-0.575,-0.623
2017-04-13 10:53:00,249.218,249.780,738.000,5.000,249.15,249.20,12500.000,2500.000,249.70,249.85,2822.000,117.000,249.10,249.30,5000.000,2500.000,249.65,249.90,7573.000,4607.000,32500.000,22500.000,249.043,249.403,249.635,249.978,-0.600,-0.628
2017-04-13 10:54:00,249.204,249.823,190.000,5.000,249.15,249.20,2500.000,2500.000,249.70,249.85,2756.000,500.000,249.10,249.25,5000.000,2500.000,249.65,249.90,7060.000,4074.000,32500.000,22500.000,249.036,249.336,249.573,249.972,-0.600,-0.623
2017-04-13 10:55:00,248.977,249.676,536.000,481.000,248.95,249.15,7500.000,5000.000,249.60,249.75,277.000,639.000,248.90,249.20,5000.000,5000.000,249.55,249.80,4506.000,8491.000,25000.000,22500.000,248.825,249.281,249.520,249.833,-0.625,-0.596
2017-04-13 10:56:00,249.132,249.719,364.000,150.000,249.05,249.10,5000.000,2500.000,249.70,249.80,925.000,5.000,249.00,249.15,10000.000,7500.000,249.65,249.85,5746.000,2275.000,27500.000,32500.000,248.916,249.275,249.614,249.923,-0.675,-0.602
2017-04-13 10:57:00,248.855,249.505,133.000,262.000,248.90,248.95,2500.000,2500.000,249.45,249.60,837.000,240.000,248.85,249.00,5000.000,7500.000,249.40,249.65,1565.000,2757.000,22500.000,27500.000,248.804,249.103,249.344,249.709,-0.600,-0.601
2017-04-13 10:58:00,248.840,249.425,210.000,5.000,248.70,248.80,2500.000,2500.000,249.35,249.50,956.000,1187.000,248.65,248.90,5000.000,5000.000,249.30,249.55,7355.000,4488.000,20000.000,20000.000,248.545,248.977,249.250,249.619,-0.675,-0.612
2017-04-13 10:59:00,248.663,249.256,733.000,50.000,248.50,248.60,5000.000,2500.000,249.20,249.35,191.000,110.000,248.45,248.75,5000.000,2500.000,249.15,249.40,6153.000,3298.000,20000.000,22500.000,248.355,248.854,249.119,249.461,-0.725,-0.596
2017-04-13 11:00:00,248.691,249.255,238.000,5.000,248.55,248.65,5000.000,2500.000,249.25,249.40,483.000,447.000,248.50,248.75,2500.000,12500.000,249.20,249.45,6244.000,3793.000,17500.000,32500.000,248.386,248.840,249.107,249.496,-0.725,-0.620
2017-04-13 11:01:00,248.619,249.234,10.000,342.000,248.60,248.65,2500.000,5000.000,249.25,249.35,227.000,143.000,248.55,248.70,2500.000,5000.000,249.15,249.40,2593.000,3003.000,15000.000,25000.000,248.451,248.787,249.092,249.465,-0.675,-0.612
2017-04-13 11:02:00,248.539,249.185,94.000,227.000,248.55,248.60,2500.000,2500.000,249.15,249.30,494.000,22.000,248.50,248.65,2500.000,2500.000,249.10,249.35,2249.000,3408.000,17500.000,25000.000,248.402,248.749,249.029,249.410,-0.650,-0.622
2017-04-13 11:03:00,248.180,248.821,731.000,60.000,248.10,248.20,2500.000,5000.000,248.75,248.95,1012.000,60.000,248.05,248.30,2500.000,7500.000,248.70,249.00,7189.000,4671.000,20000.000,27500.000,247.999,248.472,248.600,249.082,-0.700,-0.588
2017-04-13 11:04:00,248.378,248.892,337.000,5.000,248.15,248.25,2500.000,2500.000,248.85,249.00,544.000,425.000,248.10,248.40,5000.000,10000.000,248.80,249.05,13833.000,4394.000,20000.000,27500.000,247.998,248.504,248.750,249.095,-0.725,-0.633
2017-04-13 11:05:00,248.590,249.274,1380.000,5.000,248.50,248.55,7500.000,2500.000,249.20,249.30,447.000,144.000,248.45,248.60,2500.000,2500.000,249.15,249.40,7903.000,4289.000,25000.000,22500.000,248.365,248.753,249.105,249.461,-0.725,-0.654
2017-04-13 11:06:00,248.634,249.210,36.000,3.000,248.50,248.55,7500.000,2500.000,249.20,249.30,170.000,29.000,248.45,248.60,2500.000,2500.000,249.15,249.35,6986.000,1822.000,22500.000,30000.000,248.331,248.744,249.111,249.425,-0.725,-0.656
2017-04-13 11:07:00,248.365,249.060,150.000,428.000,248.40,248.45,2500.000,2500.000,249.00,249.10,1000.000,207.000,248.30,248.50,7500.000,2500.000,248.95,249.15,3606.000,5477.000,27500.000,22500.000,248.218,248.584,248.882,249.233,-0.625,-0.654
2017-04-13 11:08:00,248.410,248.881,160.000,11.000,248.20,248.25,2500.000,10000.000,248.90,249.05,201.000,486.000,248.15,248.30,2500.000,7500.000,248.85,249.10,13564.000,1090.000,15000.000,37500.000,248.015,248.357,248.783,249.150,-0.750,-0.692
2017-04-13 11:09:00,248.119,248.859,5379.000,25.000,248.00,248.05,10000.000,2500.000,248.70,248.90,60.000,30.000,247.95,248.10,2500.000,17500.000,248.65,248.95,10869.000,767.000,50000.000,42500.000,247.911,248.201,248.562,248.985,-0.775,-0.684
2017-04-13 11:10:00,248.078,248.864,2450.000,172.000,248.05,248.10,10000.000,7500.000,248.70,248.90,5705.000,2.000,248.00,248.15,5000.000,15000.000,248.65,248.95,9063.000,3291.000,50000.000,47500.000,248.004,248.309,248.565,249.005,-0.725,-0.695
2017-04-13 11:11:00,248.249,248.838,362.000,5.000,248.10,248.15,2500.000,25000.000,248.80,249.00,1201.000,311.000,248.05,248.30,7500.000,2500.000,248.75,249.05,10964.000,4263.000,20000.000,45000.000,247.980,248.403,248.681,249.092,-0.775,-0.738
2017-04-13 11:12:00,248.020,248.705,5862.000,1115.000,248.00,248.05,2500.000,2500.000,248.65,248.70,66.000,431.000,247.90,248.10,2500.000,2500.000,248.60,248.80,12430.000,7120.000,27500.000,25000.000,247.883,248.198,248.509,248.860,-0.650,-0.783
2017-04-13 11:13:00,247.672,248.332,134.000,722.000,247.55,247.60,2500.000,5000.000,248.30,248.45,1342.000,116.000,247.50,247.65,5000.000,10000.000,248.25,248.50,5847.000,2060.000,25000.000,45000.000,247.400,247.697,248.180,248.569,-0.800,-0.831
2017-04-13 11:14:00,247.689,248.389,592.000,446.000,247.45,247.70,5000.000,5000.000,248.35,248.50,2472.000,1600.000,247.40,247.75,7500.000,5000.000,248.30,248.55,12179.000,5567.000,22500.000,32500.000,247.304,247.804,248.272,248.592,-0.850,-0.865
2017-04-13 11:15:00,247.521,248.366,100.000,5.000,247.45,247.50,2500.000,2500.000,248.35,248.45,1902.000,878.000,247.40,247.65,7500.000,12500.000,248.30,248.50,6764.000,6810.000,30000.000,42500.000,247.318,247.737,248.225,248.565,-0.925,-0.867
2017-04-13 11:16:00,247.532,248.333,57.000,32.000,247.45,247.50,2500.000,2500.000,248.30,248.40,511.000,648.000,247.35,247.55,5000.000,5000.000,248.25,248.45,6201.000,2715.000,25000.000,32500.000,247.255,247.627,248.180,248.512,-0.875,-0.875
2017-04-13 11:17:00,247.283,248.193,196.000,5.000,247.25,247.30,2500.000,2500.000,248.15,248.20,117.000,576.000,247.20,247.35,7500.000,2500.000,248.10,248.25,6109.000,5988.000,40000.000,32500.000,247.075,247.463,248.025,248.319,-0.900,-0.861
2017-04-13 11:18:00,247.296,248.195,2431.000,5.000,247.25,247.30,10000.000,2500.000,248.10,248.25,1602.000,200.000,247.20,247.35,5000.000,10000.000,248.05,248.30,8440.000,4541.000,42500.000,30000.000,247.139,247.467,248.015,248.338,-0.900,-0.838
2017-04-13 11:19:00,247.432,248.304,395.000,5.000,247.35,247.40,2500.000,5000.000,248.30,248.35,263.000,200.000,247.30,247.50,10000.000,2500.000,248.20,248.40,7759.000,4610.000,35000.000,32500.000,247.232,247.593,248.150,248.465,-0.950,-0.852
2017-04-13 11:20:00,247.625,248.476,200.000,5.000,247.55,247.60,2500.000,5000.000,248.45,248.55,507.000,9.000,247.50,247.65,5000.000,7500.000,248.35,248.60,4467.000,2501.000,27500.000,30000.000,247.407,247.735,248.291,248.654,-0.925,-0.868
2017-04-13 11:21:00,247.654,248.495,850.000,11.000,247.60,247.65,2500.000,2500.000,248.50,248.60,1300.000,1002.000,247.55,247.75,2500.000,5000.000,248.45,248.65,5056.000,4085.000,17500.000,32500.000,247.492,247.825,248.400,248.715,-0.925,-0.868
2017-04-13 11:22:00,247.683,248.524,1015.000,5.000,247.60,247.70,2500.000,5000.000,248.50,248.60,271.000,1002.000,247.55,247.75,2500.000,10000.000,248.45,248.65,5867.000,4027.000,22500.000,35000.000,247.476,247.824,248.389,248.696,-0.900,-0.860
2017-04-13 11:23:00,247.669,248.454,2.000,596.000,247.65,247.70,2500.000,2500.000,248.45,248.55,918.000,1002.000,247.60,247.75,7500.000,7500.000,248.40,248.60,2923.000,4112.000,22500.000,35000.000,247.508,247.805,248.356,248.668,-0.825,-0.862
2017-04-13 11:24:00,247.464,248.406,186.000,625.000,247.50,247.55,2500.000,2500.000,248.30,248.45,149.000,261.000,247.45,247.65,10000.000,10000.000,248.25,248.50,2611.000,6801.000,37500.000,30000.000,247.393,247.724,248.187,248.542,-0.850,-0.823
2017-04-13 11:25:00,247.417,248.346,53.000,466.000,247.50,247.55,2500.000,5000.000,248.30,248.40,152.000,1636.000,247.45,247.60,5000.000,15000.000,248.25,248.45,1722.000,7924.000,25000.000,35000.000,247.353,247.693,248.185,248.475,-0.825,-0.820
2017-04-13 11:26:00,247.536,248.377,2099.000,5.000,247.45,247.50,2500.000,5000.000,248.30,248.45,828.000,198.000,247.40,247.55,7500.000,15000.000,248.25,248.50,11378.000,5229.000,25000.000,30000.000,247.325,247.735,248.190,248.525,-0.900,-0.830
2017-04-13 11:27:00,247.508,248.311,586.000,1000.000,247.50,247.55,7500.000,2500.000,248.25,248.40,1337.000,1000.000,247.45,247.60,7500.000,5000.000,248.20,248.45,5929.000,6355.000,27500.000,30000.000,247.388,247.685,248.168,248.496,-0.800,-0.848
2017-04-13 11:28:00,247.523,248.321,90.000,185.000,247.45,247.50,7500.000,5000.000,248.20,248.35,2.000,1280.000,247.40,247.55,2500.000,5000.000,248.15,248.40,5550.000,4446.000,45000.000,32500.000,247.283,247.606,248.067,248.454,-0.800,-0.860
2017-04-13 11:29:00,247.569,248.314,1552.000,52.000,247.45,247.50,7500.000,5000.000,248.25,248.40,1899.000,943.000,247.40,247.55,7500.000,5000.000,248.20,248.45,10528.000,2593.000,30000.000,32500.000,247.327,247.599,248.167,248.492,-0.850,-0.893
2017-04-13 11:30:00,247.485,248.398,113.000,559.000,247.50,247.55,10000.000,2500.000,248.30,248.45,1217.000,50.000,247.45,247.60,10000.000,12500.000,248.25,248.50,4176.000,4791.000,37500.000,27500.000,247.395,247.713,248.217,248.536,-0.850,-0.888
2017-04-13 11:31:00,247.532,248.423,970.000,389.000,247.50,247.55,5000.000,5000.000,248.35,248.50,705.000,50.000,247.45,247.60,7500.000,7500.000,248.30,248.55,4730.000,3248.000,30000.000,30000.000,247.410,247.735,248.262,248.592,-0.900,-0.887
2017-04-13 11:32:00,247.503,248.398,150.000,641.000,247.50,247.55,2500.000,2500.000,248.35,248.45,107.000,50.000,247.45,247.60,5000.000,5000.000,248.30,248.50,4421.000,5183.000,27500.000,30000.000,247.358,247.708,248.236,248.554,-0.875,-0.882
2017-04-13 11:33:00,247.547,248.404,460.000,1.000,247.45,247.50,5000.000,2500.000,248.35,248.45,1202.000,619.000,247.40,247.55,7500.000,10000.000,248.30,248.50,8347.000,3344.000,32500.000,30000.000,247.303,247.651,248.258,248.546,-0.925,-0.893
2017-04-13 11:34:00,247.493,248.402,167.000,461.000,247.50,247.55,7500.000,2500.000,248.35,248.45,460.000,60.000,247.45,247.60,7500.000,7500.000,248.30,248.50,4421.000,5956.000,32500.000,27500.000,247.361,247.702,248.269,248.550,-0.875,-0.898
2017-04-13 11:35:00,247.511,248.400,626.000,808.000,247.50,247.55,5000.000,2500.000,248.35,248.45,460.000,60.000,247.45,247.60,7500.000,5000.000,248.30,248.50,4930.000,5036.000,32500.000,27500.000,247.372,247.702,248.262,248.564,-0.875,-0.901
2017-04-13 11:36:00,247.513,248.398,895.000,829.000,247.50,247.55,5000.000,5000.000,248.35,248.45,510.000,60.000,247.45,247.60,7500.000,5000.000,248.30,248.50,5149.000,4858.000,32500.000,30000.000,247.380,247.703,248.262,248.554,-0.875,-0.859
2017-04-13 11:37:00,247.483,248.354,110.000,342.000,247.35,247.55,2500.000,2500.000,248.35,248.40,543.000,846.000,247.30,247.60,5000.000,5000.000,248.30,248.45,8127.000,5356.000,27500.000,30000.000,247.231,247.698,248.241,248.537,-0.925,-0.861
2017-04-13 11:38:00,247.356,248.269,312.000,343.000,247.30,247.35,2500.000,2500.000,248.25,248.35,776.000,402.000,247.25,247.40,5000.000,5000.000,248.20,248.40,4131.000,2515.000,25000.000,35000.000,247.179,247.482,248.140,248.468,-0.975,-0.882
2017-04-13 11:39:00,247.280,248.212,313.000,107.000,247.15,247.20,5000.000,2500.000,248.15,248.20,2709.000,525.000,247.10,247.25,10000.000,5000.000,248.10,248.25,13567.000,3990.000,52500.000,30000.000,247.027,247.390,248.024,248.312,-1.000,-0.891
2017-04-13 11:40:00,247.125,248.029,1849.000,8.000,247.00,247.05,5000.000,5000.000,247.95,248.15,202.000,60.000,246.95,247.20,5000.000,10000.000,247.90,248.20,7540.000,3368.000,27500.000,32500.000,246.870,247.318,247.845,248.238,-1.025,-0.896
2017-04-13 11:41:00,246.889,247.567,143.000,81.000,246.75,246.80,2500.000,2500.000,247.70,247.75,339.000,38.000,246.70,246.85,2500.000,2500.000,247.65,247.80,6713.000,1562.000,22500.000,130000.000,246.591,246.961,247.561,247.938,-0.950,-0.960
2017-04-13 11:42:00,246.884,247.762,1204.000,5.000,246.85,246.90,2500.000,2500.000,247.75,247.85,886.000,403.000,246.80,247.00,5000.000,7500.000,247.70,247.90,4244.000,3572.000,15000.000,25000.000,246.751,247.094,247.658,247.955,-0.925,-0.974
2017-04-13 11:43:00,247.234,248.253,1164.000,500.000,247.15,247.25,5000.000,2500.000,248.10,248.25,541.000,306.000,247.10,247.35,7500.000,2500.000,248.05,248.30,7626.000,5811.000,30000.000,12500.000,247.030,247.446,247.992,248.350,-0.975,-0.956
2017-04-13 11:44:00,247.352,248.326,29.000,5.000,247.20,247.25,2500.000,2500.000,248.20,248.35,1489.000,250.000,247.15,247.35,5000.000,2500.000,248.15,248.40,9366.000,3000.000,27500.000,15000.000,247.051,247.448,248.095,248.458,-1.050,-0.939
2017-04-13 11:45:00,247.310,248.239,1151.000,5.000,247.20,247.25,2500.000,7500.000,248.15,248.30,1556.000,758.000,247.15,247.35,10000.000,5000.000,248.10,248.35,10402.000,4655.000,25000.000,22500.000,247.067,247.452,248.055,248.383,-1.000,-0.944
2017-04-13 11:46:00,247.239,248.236,1174.000,5.000,247.15,247.25,7500.000,2500.000,248.15,248.30,680.000,895.000,247.10,247.35,12500.000,2500.000,248.10,248.35,8043.000,5606.000,32500.000,22500.000,247.039,247.448,248.054,248.417,-1.025,-0.932
2017-04-13 11:47:00,247.276,248.224,1862.000,85.000,247.20,247.25,2500.000,5000.000,248.15,248.30,2789.000,718.000,247.15,247.35,12500.000,2500.000,248.10,248.35,10553.000,5898.000,30000.000,27500.000,247.091,247.445,248.033,248.414,-1.000,-0.918
2017-04-13 11:48:00,247.270,248.202,542.000,5.000,247.20,247.25,2500.000,5000.000,248.10,248.25,401.000,60.000,247.15,247.30,7500.000,10000.000,248.05,248.30,7443.000,4821.000,27500.000,25000.000,247.045,247.387,247.986,248.325,-0.950,-0.908
2017-04-13 11:49:00,247.220,248.107,597.000,74.000,247.15,247.20,7500.000,5000.000,248.05,248.20,1570.000,364.000,247.10,247.30,2500.000,5000.000,248.00,248.25,7675.000,4982.000,25000.000,30000.000,247.041,247.388,247.960,248.329,-0.950,-0.936
2017-04-13 11:50:00,247.312,248.267,3440.000,5.000,247.20,247.30,2500.000,5000.000,248.20,248.30,967.000,1353.000,247.15,247.35,2500.000,2500.000,248.15,248.35,14887.000,6233.000,20000.000,17500.000,247.080,247.446,248.088,248.400,-1.000,-0.941
2017-04-13 11:51:00,247.269,248.205,1653.000,101.000,247.25,247.30,7500.000,10000.000,248.10,248.30,2288.000,1353.000,247.20,247.35,7500.000,2500.000,248.05,248.35,8131.000,6488.000,25000.000,22500.000,247.150,247.444,248.030,248.378,-0.925,-0.951
2017-04-13 11:52:00,247.220,248.100,3480.000,1050.000,247.10,247.20,7500.000,2500.000,248.05,248.20,1815.000,82.000,247.05,247.30,5000.000,5000.000,248.00,248.25,11713.000,5227.000,20000.000,22500.000,247.007,247.362,247.981,248.300,-0.975,-0.946
2017-04-13 11:53:00,246.995,247.876,752.000,5.000,247.00,247.05,2500.000,5000.000,247.85,248.00,200.000,1026.000,246.90,247.10,5000.000,5000.000,247.80,248.05,5661.000,5562.000,20000.000,27500.000,246.816,247.204,247.738,248.118,-0.900,-0.925
2017-04-13 11:54:00,246.794,247.824,501.000,5.000,246.85,246.90,5000.000,2500.000,247.70,247.85,56.000,769.000,246.80,247.00,10000.000,5000.000,247.65,247.90,1310.000,3619.000,30000.000,17500.000,246.764,247.087,247.596,247.950,-0.900,-0.890
2017-04-13 11:55:00,246.838,247.817,393.000,946.000,246.80,247.00,2500.000,2500.000,247.75,247.85,1053.000,1350.000,246.75,247.05,2500.000,5000.000,247.70,247.90,5132.000,8393.000,20000.000,17500.000,246.676,247.137,247.637,247.950,-0.900,-0.854
2017-04-13 11:56:00,246.811,247.797,107.000,400.000,246.80,246.90,2500.000,2500.000,247.70,247.80,601.000,331.000,246.75,246.95,5000.000,5000.000,247.65,247.85,2906.000,5622.000,25000.000,17500.000,246.652,247.011,247.570,247.893,-0.900,-0.818
2017-04-13 11:57:00,246.896,247.750,551.000,50.000,246.70,246.80,5000.000,5000.000,247.65,247.80,485.000,5.000,246.65,246.85,2500.000,2500.000,247.60,247.85,11231.000,1639.000,22500.000,17500.000,246.548,246.987,247.544,247.886,-0.975,-0.809
2017-04-13 11:58:00,246.672,247.447,154.000,5.000,246.65,246.70,2500.000,2500.000,247.50,247.60,543.000,1270.000,246.60,246.80,2500.000,5000.000,247.45,247.65,6449.000,7227.000,20000.000,125000.000,246.522,246.910,247.369,247.701,-0.875,-0.808
2017-04-13 11:59:00,246.583,247.441,718.000,5.000,246.60,246.65,5000.000,105000.000,247.40,247.50,342.000,354.000,246.55,246.75,2500.000,2500.000,247.35,247.55,3283.000,5766.000,30000.000,115000.000,246.501,246.834,247.275,247.512,-0.825,-0.798
2017-04-13 12:00:00,246.695,247.492,515.000,312.000,246.70,246.75,7500.000,80000.000,247.45,247.50,377.000,1103.000,246.65,246.80,5000.000,2500.000,247.40,247.60,4439.000,7569.000,35000.000,92500.000,246.564,246.867,247.336,247.526,-0.750,-0.782
2017-04-13 12:01:00,246.678,247.483,389.000,5.000,246.65,246.70,2500.000,72500.000,247.45,247.50,1087.000,308.000,246.60,246.75,2500.000,2500.000,247.40,247.55,5895.000,5407.000,25000.000,85000.000,246.517,246.841,247.315,247.519,-0.800,-0.755
2017-04-13 12:02:00,246.657,247.466,1075.000,52.000,246.70,246.75,2500.000,72500.000,247.40,247.50,75.000,714.000,246.65,246.80,2500.000,5000.000,247.35,247.55,3291.000,7289.000,30000.000,87500.000,246.607,246.877,247.262,247.533,-0.725,-0.734
2017-04-13 12:03:00,246.681,247.449,1241.000,323.000,246.70,246.80,2500.000,70000.000,247.40,247.50,76.000,2524.000,246.65,246.85,5000.000,2500.000,247.35,247.55,4515.000,9353.000,27500.000,80000.000,246.576,246.936,247.277,247.517,-0.700,-0.723
2017-04-13 12:04:00,246.663,247.474,1410.000,2.000,246.60,246.75,2500.000,70000.000,247.40,247.50,520.000,684.000,246.55,246.80,5000.000,2500.000,247.35,247.55,6401.000,6048.000,35000.000,90000.000,246.500,246.884,247.257,247.567,-0.775,-0.715
2017-04-13 12:05:00,246.580,247.296,8.000,5.000,246.60,246.65,5000.000,7500.000,247.30,247.40,316.000,24.000,246.55,246.70,7500.000,5000.000,247.25,247.45,2832.000,5315.000,37500.000,85000.000,246.455,246.784,247.180,247.493,-0.725,-0.691
2017-04-13 12:06:00,246.662,247.331,2.000,830.000,246.65,246.70,2500.000,10000.000,247.35,247.40,129.000,2561.000,246.60,246.75,2500.000,2500.000,247.30,247.45,2624.000,5889.000,32500.000,85000.000,246.482,246.780,247.219,247.491,-0.700,-0.711
2017-04-13 12:07:00,246.631,247.338,494.000,110.000,246.60,246.70,15000.000,2500.000,247.30,247.45,725.000,3046.000,246.55,246.80,10000.000,72500.000,247.25,247.50,4123.000,6453.000,42500.000,82500.000,246.481,246.866,247.232,247.511,-0.725,-0.712
2017-04-13 12:08:00,246.711,247.423,368.000,3116.000,246.65,246.85,5000.000,62500.000,247.35,247.50,385.000,304.000,246.60,246.90,10000.000,2500.000,247.30,247.55,6363.000,11022.000,37500.000,72500.000,246.513,246.949,247.257,247.519,-0.675,-0.705
2017-04-13 12:09:00,246.711,247.479,45.000,5.000,246.75,246.80,2500.000,60000.000,247.40,247.50,770.000,2796.000,246.65,246.85,7500.000,2500.000,247.35,247.55,5935.000,9435.000,45000.000,70000.000,246.551,246.940,247.278,247.520,-0.675,-0.691
2017-04-13 12:10:00,246.666,247.261,868.000,5.000,246.55,246.65,7500.000,2500.000,247.25,247.40,865.000,2657.000,246.50,246.75,10000.000,5000.000,247.20,247.45,5682.000,4029.000,35000.000,75000.000,246.437,246.781,247.161,247.500,-0.725,-0.732
2017-04-13 12:11:00,246.737,247.507,110.000,1779.000,246.70,246.85,7500.000,37500.000,247.40,247.50,548.000,464.000,246.65,246.90,7500.000,2500.000,247.35,247.55,5408.000,9701.000,47500.000,47500.000,246.545,246.963,247.276,247.529,-0.675,-0.701
2017-04-13 12:12:00,246.682,247.394,467.000,5.000,246.55,246.60,2500.000,5000.000,247.35,247.45,1666.000,260.000,246.50,246.65,7500.000,42500.000,247.30,247.50,5837.000,1187.000,35000.000,55000.000,246.444,246.782,247.246,247.511,-0.825,-0.723
2017-04-13 12:13:00,246.611,247.289,110.000,680.000,246.60,246.75,2500.000,15000.000,247.25,247.45,467.000,304.000,246.55,246.80,10000.000,42500.000,247.20,247.50,3673.000,5519.000,22500.000,65000.000,246.484,246.909,247.156,247.500,-0.675,-0.760
2017-04-13 12:14:00,246.549,247.246,740.000,4.000,246.50,246.55,2500.000,2500.000,247.20,247.30,346.000,50.000,246.45,246.60,2500.000,5000.000,247.15,247.35,3803.000,1772.000,55000.000,57500.000,246.389,246.741,247.036,247.463,-0.725,-0.750
2017-04-13 12:15:00,246.511,247.313,1247.000,100.000,246.50,246.65,5000.000,2500.000,247.20,247.30,438.000,360.000,246.45,246.70,2500.000,5000.000,247.15,247.40,4446.000,6972.000,52500.000,62500.000,246.402,246.791,247.052,247.506,-0.675,-0.720
2017-04-13 12:16:00,246.658,247.275,543.000,1.000,246.55,246.60,5000.000,2500.000,247.25,247.40,1411.000,100.000,246.50,246.70,7500.000,12500.000,247.20,247.45,4583.000,1670.000,27500.000,57500.000,246.434,246.823,247.159,247.498,-0.750,-0.717
2017-04-13 12:17:00,246.636,247.457,452.000,276.000,246.65,246.80,2500.000,32500.000,247.40,247.50,561.000,1004.000,246.60,246.85,5000.000,2500.000,247.35,247.55,5161.000,10445.000,27500.000,47500.000,246.516,246.961,247.286,247.542,-0.725,-0.669
2017-04-13 12:18:00,246.893,247.756,1932.000,417.000,246.80,246.90,5000.000,2500.000,247.65,247.75,2078.000,650.000,246.75,246.95,10000.000,2500.000,247.60,247.80,7038.000,3074.000,55000.000,25000.000,246.721,247.005,247.527,247.900,-0.850,-0.635
2017-04-13 12:19:00,247.274,247.919,2.000,892.000,247.20,247.30,7500.000,2500.000,247.75,247.85,1.000,2340.000,247.15,247.35,10000.000,2500.000,247.70,247.90,9228.000,9781.000,72500.000,15000.000,247.013,247.428,247.603,247.958,-0.550,-0.658
2017-04-13 12:20:00,247.186,247.838,75.000,1175.000,247.15,247.20,2500.000,10000.000,247.70,247.80,1098.000,2083.000,247.05,247.25,12500.000,2500.000,247.65,247.85,8660.000,6637.000,65000.000,27500.000,246.994,247.280,247.565,247.891,-0.575,-0.694
2017-04-13 12:21:00,247.224,247.827,454.000,1342.000,247.15,247.20,2500.000,2500.000,247.75,247.85,452.000,2937.000,247.10,247.25,5000.000,10000.000,247.70,247.90,10314.000,7714.000,25000.000,25000.000,247.008,247.284,247.625,247.945,-0.625,-0.730
2017-04-13 12:22:00,246.970,247.550,304.000,200.000,246.75,246.85,7500.000,5000.000,247.55,247.65,339.000,50.000,246.70,246.90,2500.000,10000.000,247.50,247.70,7589.000,880.000,20000.000,35000.000,246.591,246.965,247.469,247.754,-0.800,-0.764
2017-04-13 12:23:00,247.007,247.700,13.000,149.000,246.85,247.00,2500.000,2500.000,247.65,247.80,1101.000,110.000,246.80,247.05,2500.000,12500.000,247.60,247.85,7564.000,3421.000,17500.000,27500.000,246.699,247.161,247.543,247.891,-0.800,-0.786
2017-04-13 12:24:00,247.002,247.762,227.000,185.000,246.95,247.00,2500.000,2500.000,247.70,247.80,1613.000,50.000,246.80,247.05,5000.000,5000.000,247.65,247.85,8555.000,3698.000,17500.000,15000.000,246.714,247.167,247.607,247.892,-0.775,-0.811
2017-04-13 12:25:00,246.793,247.628,102.000,5.000,246.80,246.85,2500.000,2500.000,247.60,247.65,60.000,100.000,246.75,246.90,2500.000,5000.000,247.55,247.75,3927.000,5602.000,17500.000,22500.000,246.661,246.995,247.486,247.806,-0.800,-0.828
2017-04-13 12:26:00,246.816,247.600,538.000,5.000,246.75,246.85,2500.000,5000.000,247.55,247.70,401.000,100.000,246.70,246.90,5000.000,5000.000,247.50,247.75,4739.000,4258.000,17500.000,25000.000,246.597,246.991,247.450,247.790,-0.825,-0.852
2017-04-13 12:27:00,246.848,247.597,980.000,5.000,246.75,246.80,7500.000,5000.000,247.50,247.70,494.000,110.000,246.70,246.90,7500.000,10000.000,247.45,247.75,6576.000,3592.000,25000.000,25000.000,246.612,246.994,247.430,247.775,-0.825,-0.895
2017-04-13 12:28:00,246.696,247.500,1115.000,50.000,246.60,246.65,2500.000,2500.000,247.40,247.50,1050.000,5.000,246.55,246.70,5000.000,7500.000,247.30,247.55,5701.000,1328.000,37500.000,22500.000,246.495,246.808,247.220,247.611,-0.825,-0.905
2017-04-13 12:29:00,246.304,247.188,553.000,1271.000,246.25,246.30,2500.000,2500.000,247.10,247.20,143.000,160.000,246.20,246.35,2500.000,2500.000,247.05,247.25,6338.000,5694.000,32500.000,20000.000,246.098,246.412,246.988,247.312,-0.875,-0.920
2017-04-13 12:30:00,246.312,247.230,114.000,766.000,246.25,246.30,2500.000,5000.000,247.15,247.25,558.000,100.000,246.20,246.35,7500.000,2500.000,247.05,247.30,5843.000,4565.000,35000.000,20000.000,246.090,246.428,247.004,247.344,-0.925,-0.942
2017-04-13 12:31:00,246.404,247.309,91.000,337.000,246.25,246.30,2500.000,7500.000,247.20,247.30,558.000,425.000,246.20,246.40,2500.000,2500.000,247.15,247.35,6944.000,2917.000,32500.000,22500.000,246.085,246.455,247.046,247.400,-0.975,-0.971
2017-04-13 12:32:00,246.361,247.324,1695.000,497.000,246.30,246.35,2500.000,7500.000,247.20,247.30,326.000,435.000,246.25,246.40,2500.000,2500.000,247.15,247.35,5224.000,3455.000,32500.000,25000.000,246.187,246.443,247.046,247.420,-0.925,-0.998
2017-04-13 12:33:00,246.343,247.200,3662.000,590.000,246.05,246.35,2500.000,2500.000,247.15,247.25,6381.000,717.000,246.00,246.40,5000.000,7500.000,247.05,247.30,14637.000,2813.000,32500.000,25000.000,245.984,246.435,247.004,247.350,-1.000,-1.034
2017-04-13 12:34:00,246.143,247.098,2116.000,53.000,246.10,246.15,7500.000,5000.000,247.00,247.10,1155.000,672.000,246.05,246.20,5000.000,2500.000,246.95,247.15,7405.000,3180.000,35000.000,17500.000,246.028,246.292,246.889,247.200,-0.925,-1.042
2017-04-13 12:35:00,245.995,247.025,401.000,1156.000,245.90,246.00,7500.000,5000.000,246.90,247.10,465.000,746.000,245.85,246.05,7500.000,5000.000,246.85,247.15,6123.000,4324.000,25000.000,20000.000,245.765,246.103,246.820,247.188,-1.050,-1.046
2017-04-13 12:36:00,246.001,247.050,250.000,694.000,246.00,246.05,7500.000,2500.000,246.95,247.10,588.000,363.000,245.90,246.10,5000.000,5000.000,246.90,247.15,5494.000,6080.000,30000.000,22500.000,245.795,246.191,246.854,247.217,-1.000,-1.037
2017-04-13 12:37:00,245.923,247.021,149.000,576.000,245.90,245.95,2500.000,2500.000,246.90,247.00,350.000,1268.000,245.85,246.00,2500.000,7500.000,246.85,247.05,4167.000,5192.000,30000.000,17500.000,245.759,246.062,246.758,247.086,-1.025,-1.029
2017-04-13 12:38:00,246.019,247.058,9.000,1000.000,246.00,246.05,2500.000,2500.000,247.00,247.10,1888.000,449.000,245.85,246.10,7500.000,7500.000,246.90,247.15,8924.000,5754.000,25000.000,20000.000,245.777,246.187,246.840,247.194,-1.025,-1.045
2017-04-13 12:39:00,246.020,247.015,2999.000,156.000,245.90,246.00,2500.000,5000.000,247.00,247.10,1330.000,339.000,245.85,246.10,2500.000,2500.000,246.95,247.15,11527.000,4500.000,17500.000,25000.000,245.805,246.216,246.893,247.245,-1.100,-1.069
2017-04-13 12:40:00,245.929,246.976,970.000,4.000,245.90,245.95,2500.000,5000.000,246.90,247.00,200.000,1701.000,245.85,246.00,5000.000,7500.000,246.85,247.05,3763.000,3767.000,27500.000,25000.000,245.776,246.067,246.777,247.085,-1.025,-1.088
2017-04-13 12:41:00,245.810,246.817,601.000,341.000,245.70,245.75,7500.000,10000.000,246.70,246.85,203.000,482.000,245.65,245.80,7500.000,2500.000,246.65,246.90,5630.000,2278.000,45000.000,30000.000,245.546,245.871,246.592,246.946,-1.050,-1.081
2017-04-13 12:42:00,245.741,246.796,227.000,385.000,245.75,245.80,15000.000,5000.000,246.70,246.85,952.000,300.000,245.70,245.85,5000.000,5000.000,246.65,246.90,5679.000,4565.000,37500.000,27500.000,245.542,245.956,246.610,246.950,-1.000,-1.060
2017-04-13 12:43:00,245.613,246.735,110.000,1765.000,245.60,245.70,2500.000,7500.000,246.65,246.75,132.000,190.000,245.55,245.75,2500.000,2500.000,246.60,246.80,2660.000,5129.000,27500.000,22500.000,245.462,245.803,246.527,246.833,-1.050,-1.039
2017-04-13 12:44:00,245.553,246.665,16975.000,494.000,245.45,245.50,7500.000,7500.000,246.55,246.70,413.000,479.000,245.40,245.55,20000.000,2500.000,246.50,246.75,26117.000,1810.000,42500.000,22500.000,245.383,245.600,246.474,246.783,-1.150,-1.025
2017-04-13 12:45:00,245.419,246.564,2581.000,50.000,245.35,245.40,7500.000,2500.000,246.50,246.60,500.000,149.000,245.30,245.45,5000.000,2500.000,246.45,246.65,13748.000,5022.000,32500.000,22500.000,245.243,245.574,246.404,246.728,-1.175,-1.010
2017-04-13 12:46:00,245.617,246.587,1387.000,5.000,245.45,245.50,5000.000,5000.000,246.55,246.70,1647.000,280.000,245.40,245.60,10000.000,25000.000,246.50,246.75,12443.000,2892.000,25000.000,42500.000,245.300,245.717,246.465,246.779,-1.150,-1.030
2017-04-13 12:47:00,245.731,246.680,676.000,500.000,245.60,245.65,2500.000,5000.000,246.65,246.80,2171.000,5.000,245.55,245.70,5000.000,2500.000,246.60,246.85,12179.000,1703.000,22500.000,32500.000,245.485,245.767,246.550,246.923,-1.100,-1.046
2017-04-13 12:48:00,245.720,246.737,328.000,5.000,245.65,245.70,2500.000,10000.000,246.70,246.85,700.000,1.000,245.60,245.75,2500.000,10000.000,246.65,246.90,7389.000,3664.000,22500.000,42500.000,245.520,245.852,246.589,246.932,-1.100,-1.052
2017-04-13 12:49:00,245.782,246.827,955.000,28.000,245.70,245.80,2500.000,2500.000,246.75,246.90,152.000,110.000,245.65,245.85,2500.000,15000.000,246.70,246.95,7452.000,4907.000,25000.000,30000.000,245.548,245.975,246.630,246.983,-1.075,-1.059
2017-04-13 12:50:00,245.802,246.874,1257.000,2.000,245.70,245.75,2500.000,5000.000,246.80,246.95,161.000,393.000,245.65,245.85,2500.000,5000.000,246.75,247.00,10202.000,5518.000,20000.000,22500.000,245.542,245.974,246.675,247.056,-1.150,-1.057
2017-04-13 12:51:00,246.109,247.176,892.000,1185.000,246.05,246.30,2500.000,2500.000,247.10,247.25,2817.000,3370.000,246.00,246.35,5000.000,2500.000,247.05,247.30,6121.000,9996.000,35000.000,27500.000,245.961,246.413,247.004,247.391,-1.000,-1.032
2017-04-13 12:52:00,246.168,247.196,387.000,4.000,246.15,246.20,7500.000,2500.000,247.10,247.20,849.000,41.000,246.10,246.25,2500.000,2500.000,247.05,247.25,3495.000,3145.000,42500.000,17500.000,246.027,246.354,247.012,247.329,-0.975,-1.036
2017-04-13 12:53:00,246.133,247.182,219.000,6.000,246.15,246.20,5000.000,2500.000,247.10,247.20,11.000,10.000,246.10,246.25,2500.000,5000.000,247.05,247.25,2054.000,2981.000,30000.000,17500.000,246.015,246.355,247.008,247.307,-0.975,-1.024
2017-04-13 12:54:00,245.972,247.055,1224.000,5.000,246.00,246.10,15000.000,2500.000,247.00,247.10,111.000,1543.000,245.95,246.20,5000.000,5000.000,246.95,247.15,3074.000,7270.000,32500.000,22500.000,245.902,246.286,246.938,247.200,-1.000,-1.007
2017-04-13 12:55:00,245.879,246.941,163.000,5.000,245.90,245.95,2500.000,7500.000,246.85,247.00,60.000,103.000,245.85,246.00,7500.000,5000.000,246.80,247.05,1698.000,2482.000,27500.000,27500.000,245.781,246.101,246.736,247.082,-1.000,-1.009
2017-04-13 12:56:00,245.821,246.761,578.000,5.000,245.70,245.75,10000.000,10000.000,246.65,246.85,149.000,50.000,245.65,245.80,2500.000,7500.000,246.60,246.90,6726.000,3929.000,30000.000,27500.000,245.543,246.027,246.567,246.918,-1.025,-1.020
2017-04-13 12:57:00,245.721,246.769,100.000,150.000,245.65,245.75,2500.000,2500.000,246.70,246.85,895.000,100.000,245.60,245.85,10000.000,12500.000,246.65,246.90,5353.000,4752.000,25000.000,27500.000,245.510,245.973,246.605,246.941,-1.075,-1.010
2017-04-13 12:58:00,245.715,246.703,472.000,5.000,245.65,245.70,5000.000,2500.000,246.65,246.70,1.000,60.000,245.60,245.75,5000.000,2500.000,246.60,246.75,4355.000,2750.000,27500.000,15000.000,245.507,245.839,246.550,246.808,-1.000,-1.017
2017-04-13 12:59:00,245.711,246.709,419.000,135.000,245.55,245.75,5000.000,7500.000,246.60,246.80,685.000,110.000,245.50,245.80,10000.000,5000.000,246.55,246.85,4967.000,2522.000,27500.000,27500.000,245.424,245.912,246.518,246.914,-1.050,-1.026
2017-04-13 13:00:00,245.622,246.692,349.000,5.000,245.55,245.60,7500.000,2500.000,246.60,246.70,624.000,60.000,245.50,245.70,7500.000,5000.000,246.55,246.80,4753.000,3030.000,30000.000,20000.000,245.421,245.818,246.517,246.844,-1.075,-1.005
2017-04-13 13:01:00,245.450,246.443,2884.000,371.000,245.30,245.50,5000.000,2500.000,246.40,246.50,501.000,478.000,245.25,245.55,5000.000,2500.000,246.35,246.60,10654.000,5874.000,17500.000,20000.000,245.187,245.646,246.321,246.662,-1.050,-1.010
2017-04-13 13:02:00,245.504,246.506,342.000,5.000,245.35,245.40,2500.000,2500.000,246.45,246.60,3182.000,5.000,245.30,245.50,7500.000,2500.000,246.40,246.65,11524.000,3025.000,20000.000,20000.000,245.209,245.619,246.350,246.706,-1.150,-1.010
2017-04-13 13:03:00,245.622,246.642,9.000,5.000,245.50,245.55,2500.000,2500.000,246.60,246.70,1125.000,387.000,245.40,245.65,7500.000,5000.000,246.50,246.75,12486.000,5429.000,25000.000,20000.000,245.287,245.751,246.460,246.825,-1.125,-1.017
2017-04-13 13:04:00,245.600,246.644,594.000,5.000,245.55,245.60,2500.000,2500.000,246.60,246.70,3.000,110.000,245.50,245.65,10000.000,7500.000,246.50,246.75,6568.000,4178.000,25000.000,20000.000,245.351,245.743,246.465,246.794,-1.075,-1.011
2017-04-13 13:05:00,245.392,246.357,489.000,5.000,245.25,245.30,2500.000,7500.000,246.35,246.45,1550.000,25.000,245.20,245.40,2500.000,10000.000,246.25,246.50,9340.000,4054.000,22500.000,35000.000,245.113,245.563,246.189,246.539,-1.125,-1.020
2017-04-13 13:06:00,245.447,246.468,92.000,5.000,245.45,245.50,7500.000,7500.000,246.40,246.60,224.000,154.000,245.40,245.55,7500.000,5000.000,246.35,246.65,2795.000,3081.000,22500.000,27500.000,245.236,245.658,246.333,246.695,-1.025,-1.003
2017-04-13 13:07:00,245.509,246.512,807.000,389.000,245.40,245.50,2500.000,2500.000,246.50,246.60,60.000,355.000,245.35,245.60,2500.000,2500.000,246.45,246.65,9564.000,7197.000,17500.000,22500.000,245.240,245.698,246.386,246.728,-1.100,-1.007
2017-04-13 13:08:00,245.346,246.397,637.000,5.000,245.30,245.35,10000.000,2500.000,246.30,246.45,1190.000,48.000,245.25,245.40,5000.000,10000.000,246.25,246.50,4544.000,3238.000,27500.000,20000.000,245.198,245.545,246.223,246.531,-1.050,-0.993
2017-04-13 13:09:00,245.455,246.468,1893.000,100.000,245.25,245.40,2500.000,5000.000,246.40,246.50,1689.000,427.000,245.20,245.50,5000.000,2500.000,246.35,246.55,12720.000,3650.000,25000.000,22500.000,245.136,245.599,246.285,246.594,-1.125,-0.976
2017-04-13 13:10:00,245.454,246.466,99.000,65.000,245.40,245.50,2500.000,2500.000,246.40,246.50,405.000,260.000,245.35,245.55,5000.000,2500.000,246.35,246.55,5608.000,4118.000,22500.000,17500.000,245.217,245.649,246.294,246.614,-1.000,-0.968
2017-04-13 13:11:00,245.511,246.445,30.000,45.000,245.35,245.45,2500.000,7500.000,246.40,246.50,160.000,60.000,245.30,245.50,2500.000,2500.000,246.35,246.55,6100.000,1617.000,22500.000,25000.000,245.211,245.585,246.283,246.610,-1.050,-0.976
2017-04-13 13:12:00,245.292,246.317,283.000,202.000,245.30,245.35,5000.000,2500.000,246.25,246.40,1336.000,1056.000,245.25,245.45,10000.000,7500.000,246.20,246.45,3677.000,7102.000,22500.000,22500.000,245.200,245.513,246.178,246.489,-1.000,-0.965
2017-04-13 13:13:00,245.321,246.300,243.000,5.000,245.30,245.35,5000.000,5000.000,246.25,246.40,1336.000,893.000,245.25,245.45,7500.000,10000.000,246.20,246.45,4924.000,6536.000,20000.000,27500.000,245.187,245.522,246.175,246.477,-1.000,-0.964
2017-04-13 13:14:00,245.395,246.326,451.000,60.000,245.40,245.45,10000.000,12500.000,246.25,246.45,939.000,1388.000,245.35,245.50,5000.000,7500.000,246.20,246.50,4332.000,5669.000,22500.000,30000.000,245.282,245.587,246.189,246.525,-0.925,-0.971
2017-04-13 13:15:00,245.574,246.543,48.000,50.000,245.50,245.65,10000.000,2500.000,246.45,246.60,338.000,487.000,245.45,245.70,7500.000,2500.000,246.40,246.65,3958.000,4743.000,32500.000,22500.000,245.355,245.759,246.365,246.739,-0.950,-0.988
2017-04-13 13:16:00,245.566,246.540,308.000,26.000,245.45,245.50,7500.000,5000.000,246.45,246.60,554.000,110.000,245.40,245.65,10000.000,2500.000,246.40,246.65,6742.000,4465.000,30000.000,22500.000,245.290,245.768,246.367,246.722,-1.050,-0.997
2017-04-13 13:17:00,245.510,246.484,1324.000,639.000,245.50,245.60,10000.000,7500.000,246.45,246.50,92.000,438.000,245.45,245.65,5000.000,5000.000,246.40,246.60,4793.000,6684.000,27500.000,27500.000,245.382,245.738,246.368,246.632,-0.925,-1.005
2017-04-13 13:18:00,245.512,246.482,1082.000,127.000,245.50,245.55,10000.000,5000.000,246.40,246.60,136.000,268.000,245.45,245.65,2500.000,2500.000,246.35,246.65,4561.000,5752.000,25000.000,25000.000,245.377,245.746,246.325,246.725,-0.975,-1.012
2017-04-13 13:19:00,245.536,246.504,834.000,28.000,245.50,245.55,2500.000,2500.000,246.50,246.60,136.000,150.000,245.45,245.65,2500.000,2500.000,246.45,246.65,4791.000,4684.000,12500.000,20000.000,245.374,245.748,246.400,246.719,-1.025,-0.997
2017-04-13 13:20:00,245.416,246.467,442.000,100.000,245.50,245.55,2500.000,5000.000,246.40,246.50,76.000,606.000,245.45,245.60,2500.000,2500.000,246.35,246.55,2351.000,7096.000,20000.000,17500.000,245.359,245.725,246.287,246.600,-0.925,-0.980
2017-04-13 13:21:00,245.469,246.492,164.000,5.000,245.50,245.55,2500.000,5000.000,246.45,246.50,76.000,943.000,245.45,245.60,2500.000,2500.000,246.40,246.60,3936.000,7076.000,22500.000,25000.000,245.344,245.713,246.322,246.660,-0.950,-0.973
2017-04-13 13:22:00,245.481,246.492,50.000,30.000,245.50,245.55,2500.000,2500.000,246.45,246.50,76.000,300.000,245.45,245.60,2500.000,5000.000,246.40,246.60,3972.000,5777.000,22500.000,25000.000,245.340,245.727,246.317,246.670,-0.950,-0.964
2017-04-13 13:23:00,245.503,246.509,50.000,388.000,245.50,245.55,2500.000,2500.000,246.45,246.50,76.000,360.000,245.45,245.60,2500.000,5000.000,246.40,246.55,3972.000,4997.000,22500.000,17500.000,245.340,245.711,246.322,246.593,-0.950,-0.966
2017-04-13 13:24:00,245.551,246.445,256.000,5.000,245.40,245.45,2500.000,2500.000,246.40,246.50,64.000,488.000,245.35,245.55,2500.000,5000.000,246.35,246.55,7334.000,2465.000,22500.000,25000.000,245.252,245.631,246.278,246.615,-1.025,-0.961
2017-04-13 13:25:00,245.505,246.469,30.000,33.000,245.45,245.50,5000.000,2500.000,246.40,246.50,209.000,450.000,245.35,245.60,2500.000,5000.000,246.35,246.55,6949.000,4962.000,25000.000,20000.000,245.252,245.714,246.290,246.606,-0.975,-0.958
2017-04-13 13:26:00,245.403,246.394,472.000,5.000,245.30,245.35,5000.000,2500.000,246.30,246.40,680.000,29.000,245.25,245.40,5000.000,5000.000,246.25,246.50,5418.000,2905.000,25000.000,17500.000,245.181,245.616,246.210,246.543,-1.025,-0.951
2017-04-13 13:27:00,245.463,246.426,1783.000,18.000,245.35,245.40,10000.000,2500.000,246.35,246.45,360.000,454.000,245.30,245.50,5000.000,7500.000,246.30,246.50,6223.000,2055.000,32500.000,20000.000,245.239,245.589,246.265,246.550,-1.025,-0.952
2017-04-13 13:28:00,245.413,246.430,36.000,364.000,245.40,245.45,5000.000,2500.000,246.35,246.45,520.000,1290.000,245.35,245.50,5000.000,7500.000,246.30,246.50,3384.000,4526.000,30000.000,20000.000,245.245,245.580,246.250,246.550,-0.975,-0.961
2017-04-13 13:29:00,245.329,246.197,1005.000,498.000,245.20,245.25,5000.000,12500.000,246.10,246.30,130.000,342.000,245.15,245.30,2500.000,2500.000,246.05,246.35,10011.000,3690.000,47500.000,42500.000,245.033,245.362,245.997,246.412,-0.975,-0.997
2017-04-13 13:30:00,245.339,246.290,463.000,5.000,245.20,245.25,5000.000,7500.000,246.15,246.35,130.000,200.000,245.15,245.35,5000.000,5000.000,246.10,246.40,10678.000,4641.000,35000.000,27500.000,245.020,245.479,246.032,246.445,-1.025,-1.017
2017-04-13 13:31:00,245.160,246.113,59.000,25.000,245.05,245.10,2500.000,5000.000,246.05,246.20,5803.000,70.000,245.00,245.15,15000.000,2500.000,246.00,246.25,8930.000,883.000,25000.000,25000.000,244.963,245.265,245.975,246.300,-1.050,-1.017
2017-04-13 13:32:00,245.294,246.266,590.000,4.000,245.10,245.20,7500.000,5000.000,246.15,246.30,2703.000,190.000,245.05,245.30,5000.000,7500.000,246.10,246.35,12152.000,1739.000,42500.000,30000.000,245.005,245.394,246.032,246.400,-1.075,-1.034
2017-04-13 13:33:00,245.050,246.113,5833.000,47.000,245.00,245.05,2500.000,2500.000,246.05,246.15,60.000,50.000,244.95,245.10,17500.000,5000.000,246.00,246.20,9316.000,2458.000,30000.000,20000.000,244.941,245.225,245.971,246.262,-1.075,-0.985
2017-04-13 13:34:00,245.445,246.494,590.000,147.000,245.30,245.50,2500.000,2500.000,246.45,246.50,1975.000,404.000,245.25,245.55,2500.000,2500.000,246.35,246.55,8167.000,4822.000,25000.000,15000.000,245.185,245.644,246.280,246.608,-1.075,-0.966
2017-04-13 13:35:00,245.586,246.634,358.000,5.000,245.55,245.60,7500.000,7500.000,246.55,246.75,3192.000,15.000,245.50,245.65,7500.000,2500.000,246.50,246.80,6240.000,3861.000,30000.000,25000.000,245.448,245.837,246.442,246.855,-1.075,-0.945
2017-04-13 13:36:00,245.520,246.475,597.000,5.000,245.40,245.45,2500.000,2500.000,246.45,246.60,2837.000,190.000,245.35,245.55,2500.000,7500.000,246.40,246.65,8365.000,2390.000,17500.000,32500.000,245.298,245.655,246.329,246.708,-1.100,-0.958
2017-04-13 13:37:00,245.504,246.557,4654.000,249.000,245.50,245.55,5000.000,2500.000,246.50,246.65,1104.000,35.000,245.45,245.60,5000.000,7500.000,246.45,246.70,8934.000,5138.000,22500.000,30000.000,245.438,245.734,246.394,246.775,-1.050,-0.940
2017-04-13 13:38:00,245.738,246.557,90.000,817.000,245.55,245.75,5000.000,2500.000,246.50,246.65,1558.000,639.000,245.50,245.80,5000.000,7500.000,246.45,246.70,7617.000,4169.000,22500.000,30000.000,245.411,245.838,246.394,246.775,-0.925,-0.964
2017-04-13 13:39:00,245.828,246.781,1.000,313.000,245.80,245.95,2500.000,2500.000,246.75,246.85,104.000,866.000,245.75,246.00,5000.000,7500.000,246.70,246.90,2964.000,5108.000,20000.000,25000.000,245.643,246.084,246.650,246.970,-0.925,-0.960
2017-04-13 13:40:00,245.833,246.780,125.000,462.000,245.80,245.95,2500.000,2500.000,246.75,246.85,50.000,928.000,245.75,246.00,5000.000,5000.000,246.70,246.90,3885.000,6213.000,22500.000,27500.000,245.644,246.088,246.650,246.973,-0.925,-0.945
2017-04-13 13:41:00,245.706,246.725,68.000,10.000,245.80,245.90,7500.000,2500.000,246.65,246.75,890.000,638.000,245.75,245.95,5000.000,2500.000,246.60,246.80,1707.000,8874.000,25000.000,15000.000,245.691,246.052,246.565,246.883,-0.850,-0.934
2017-04-13 13:42:00,245.897,246.858,50.000,254.000,245.85,246.00,7500.000,2500.000,246.75,246.90,2750.000,230.000,245.80,246.05,5000.000,2500.000,246.70,246.95,4605.000,4285.000,35000.000,25000.000,245.767,246.154,246.650,247.065,-0.900,-0.946
2017-04-13 13:43:00,245.882,246.819,2133.000,721.000,245.75,246.00,5000.000,5000.000,246.75,246.90,339.000,1656.000,245.70,246.05,5000.000,5000.000,246.70,246.95,5432.000,5071.000,32500.000,32500.000,245.652,246.099,246.642,247.031,-0.950,-0.959
2017-04-13 13:44:00,246.007,246.943,590.000,72.000,245.90,246.00,2500.000,7500.000,246.85,247.00,397.000,17.000,245.85,246.05,5000.000,2500.000,246.80,247.05,4636.000,2012.000,27500.000,27500.000,245.778,246.158,246.727,247.114,-0.975,-0.959
2017-04-13 13:45:00,245.858,246.731,859.000,2379.000,245.75,246.00,7500.000,2500.000,246.70,246.80,3951.000,542.000,245.70,246.05,5000.000,5000.000,246.65,246.95,8097.000,9018.000,22500.000,30000.000,245.653,246.106,246.606,247.004,-0.875,-0.969
2017-04-13 13:46:00,246.018,246.981,748.000,1225.000,245.95,246.15,2500.000,2500.000,246.95,247.00,831.000,854.000,245.90,246.20,2500.000,2500.000,246.90,247.10,7387.000,10865.000,15000.000,17500.000,245.801,246.273,246.842,247.157,-0.925,-0.977
2017-04-13 13:47:00,245.922,246.944,375.000,25.000,245.90,246.00,2500.000,2500.000,246.85,247.00,2782.000,376.000,245.85,246.10,5000.000,7500.000,246.80,247.05,6239.000,7391.000,22500.000,20000.000,245.801,246.216,246.744,247.088,-0.975,-0.955
2017-04-13 13:48:00,245.939,246.939,50.000,532.000,246.00,246.15,2500.000,2500.000,246.90,246.95,50.000,1941.000,245.95,246.20,5000.000,2500.000,246.85,247.00,1492.000,11424.000,20000.000,15000.000,245.829,246.261,246.800,247.058,-0.850,-0.902
2017-04-13 13:49:00,246.012,246.950,610.000,10.000,245.90,246.00,2500.000,5000.000,246.85,247.00,939.000,3040.000,245.85,246.15,2500.000,7500.000,246.80,247.05,8874.000,8940.000,20000.000,20000.000,245.755,246.212,246.725,247.075,-0.975,-0.882
2017-04-13 13:50:00,245.988,246.906,1460.000,50.000,245.90,246.00,5000.000,2500.000,246.80,246.95,679.000,1578.000,245.85,246.15,2500.000,7500.000,246.75,247.00,10046.000,10246.000,22500.000,17500.000,245.764,246.242,246.700,247.043,-0.925,-0.857
2017-04-13 13:51:00,245.974,246.980,696.000,10.000,245.95,246.15,5000.000,10000.000,246.85,247.00,802.000,620.000,245.90,246.20,5000.000,2500.000,246.80,247.05,5381.000,9175.000,30000.000,20000.000,245.823,246.303,246.742,247.062,-0.875,-0.816
2017-04-13 13:52:00,246.031,246.944,447.000,814.000,245.95,246.20,2500.000,7500.000,246.90,247.00,1215.000,2881.000,245.90,246.25,7500.000,2500.000,246.85,247.05,6474.000,10114.000,20000.000,22500.000,245.812,246.316,246.806,247.089,-0.875,-0.804
2017-04-13 13:53:00,246.496,247.230,782.000,2500.000,246.40,246.60,7500.000,10000.000,247.20,247.35,253.000,165.000,246.35,246.65,5000.000,2500.000,247.15,247.40,6863.000,8600.000,22500.000,35000.000,246.256,246.702,247.106,247.439,-0.775,-0.814
2017-04-13 13:54:00,246.364,247.202,237.000,654.000,246.40,246.55,2500.000,7500.000,247.15,247.35,110.000,100.000,246.30,246.60,2500.000,10000.000,247.10,247.40,4591.000,9975.000,17500.000,32500.000,246.188,246.700,247.029,247.435,-0.775,-0.817
2017-04-13 13:55:00,246.432,247.224,649.000,3008.000,246.35,246.60,5000.000,2500.000,247.15,247.25,676.000,1854.000,246.30,246.65,2500.000,7500.000,247.10,247.35,6480.000,10519.000,32500.000,30000.000,246.239,246.690,247.031,247.404,-0.725,-0.825
2017-04-13 13:56:00,246.503,247.304,650.000,369.000,246.45,246.65,5000.000,5000.000,247.25,247.40,1200.000,810.000,246.40,246.70,2500.000,10000.000,247.20,247.45,4423.000,6967.000,27500.000,32500.000,246.335,246.764,247.150,247.488,-0.775,-0.809
2017-04-13 13:57:00,246.473,247.326,1038.000,1897.000,246.40,246.65,2500.000,2500.000,247.25,247.40,878.000,773.000,246.35,246.70,2500.000,7500.000,247.20,247.45,5917.000,10040.000,25000.000,27500.000,246.288,246.748,247.130,247.500,-0.800,-0.810
2017-04-13 13:58:00,246.486,247.269,237.000,401.000,246.45,246.60,2500.000,5000.000,247.25,247.30,1061.000,1680.000,246.40,246.65,7500.000,2500.000,247.20,247.35,6072.000,10279.000,20000.000,20000.000,246.304,246.717,247.150,247.412,-0.750,-0.814
2017-04-13 13:59:00,246.170,247.025,60.000,116.000,246.15,246.25,5000.000,2500.000,246.95,247.00,339.000,538.000,246.10,246.30,2500.000,7500.000,246.90,247.10,4266.000,6476.000,32500.000,27500.000,246.014,246.373,246.815,247.150,-0.775,-0.787
2017-04-13 14:00:00,246.141,246.972,15.000,1338.000,246.20,246.30,2500.000,5000.000,246.90,247.00,218.000,3700.000,246.05,246.35,7500.000,2500.000,246.85,247.05,5354.000,11153.000,25000.000,20000.000,245.970,246.410,246.800,247.088,-0.700,-0.772
2017-04-13 14:01:00,246.072,246.795,1530.000,2134.000,246.00,246.10,2500.000,2500.000,246.70,246.80,1101.000,852.000,245.90,246.20,12500.000,7500.000,246.65,246.90,9888.000,9631.000,40000.000,35000.000,245.826,246.235,246.584,246.968,-0.700,-0.799
2017-04-13 14:02:00,246.065,246.922,397.000,1720.000,246.05,246.30,2500.000,5000.000,246.80,246.95,1107.000,3315.000,246.00,246.35,7500.000,12500.000,246.75,247.00,4476.000,12180.000,35000.000,27500.000,245.926,246.416,246.682,247.032,-0.700,-0.785
2017-04-13 14:03:00,245.999,246.802,493.000,183.000,246.00,246.10,2500.000,2500.000,246.70,246.80,60.000,2265.000,245.95,246.15,12500.000,12500.000,246.65,246.90,4448.000,9331.000,42500.000,40000.000,245.855,246.218,246.571,246.959,-0.700,-0.807
2017-04-13 14:04:00,245.873,246.593,300.000,2964.000,245.85,246.00,5000.000,5000.000,246.50,246.65,1.000,2297.000,245.80,246.05,2500.000,2500.000,246.45,246.70,3144.000,8029.000,27500.000,25000.000,245.654,246.068,246.386,246.745,-0.650,-0.823
2017-04-13 14:05:00,245.788,246.548,457.000,199.000,245.70,245.80,10000.000,5000.000,246.45,246.60,622.000,644.000,245.65,245.85,5000.000,7500.000,246.40,246.65,11705.000,12022.000,27500.000,22500.000,245.539,245.972,246.373,246.694,-0.775,-0.818
2017-04-13 14:06:00,245.883,246.739,347.000,2256.000,245.90,246.00,7500.000,5000.000,246.60,246.75,76.000,32.000,245.85,246.10,5000.000,2500.000,246.55,246.80,5689.000,13516.000,32500.000,15000.000,245.773,246.181,246.508,246.833,-0.725,-0.810
2017-04-13 14:07:00,245.941,246.729,38.000,2023.000,245.90,246.00,7500.000,2500.000,246.60,246.75,218.000,6.000,245.85,246.05,5000.000,5000.000,246.55,246.80,4734.000,6065.000,35000.000,17500.000,245.775,246.103,246.511,246.843,-0.725,-0.806
2017-04-13 14:08:00,245.850,246.764,686.000,1790.000,245.85,246.00,2500.000,2500.000,246.65,246.75,1161.000,235.000,245.80,246.10,17500.000,2500.000,246.60,246.80,5513.000,11425.000,45000.000,17500.000,245.764,246.177,246.547,246.864,-0.775,-0.792
2017-04-13 14:09:00,245.975,246.770,449.000,100.000,245.90,246.05,7500.000,2500.000,246.65,246.80,732.000,33.000,245.85,246.10,12500.000,5000.000,246.60,246.85,7529.000,6008.000,45000.000,25000.000,245.767,246.236,246.553,246.910,-0.750,-0.799
2017-04-13 14:10:00,246.083,246.822,242.000,190.000,245.90,246.00,15000.000,2500.000,246.70,246.85,797.000,94.000,245.85,246.05,5000.000,12500.000,246.65,246.90,7432.000,1083.000,42500.000,32500.000,245.771,246.128,246.603,246.973,-0.825,-0.825
2017-04-13 14:11:00,245.967,246.781,1893.000,84.000,245.90,246.00,15000.000,2500.000,246.70,246.80,304.000,94.000,245.85,246.05,5000.000,7500.000,246.65,246.85,7481.000,4155.000,45000.000,27500.000,245.797,246.177,246.600,246.914,-0.800,-0.821
2017-04-13 14:12:00,246.072,246.840,468.000,353.000,245.95,246.00,2500.000,2500.000,246.80,246.90,2395.000,2.000,245.90,246.05,2500.000,7500.000,246.75,246.95,8158.000,1801.000,25000.000,35000.000,245.823,246.127,246.685,247.104,-0.875,-0.813
2017-04-13 14:13:00,245.948,246.795,1726.000,366.000,245.90,246.00,2500.000,2500.000,246.70,246.80,51.000,263.000,245.85,246.05,5000.000,10000.000,246.65,246.85,6953.000,5484.000,27500.000,27500.000,245.786,246.162,246.564,246.900,-0.800,-0.799
2017-04-13 14:14:00,245.974,246.802,1647.000,31.000,245.90,246.00,7500.000,5000.000,246.65,246.80,193.000,60.000,245.85,246.05,5000.000,5000.000,246.60,246.85,5072.000,2852.000,37500.000,27500.000,245.794,246.160,246.550,247.000,-0.775,-0.792
2017-04-13 14:15:00,245.651,246.519,1086.000,60.000,245.60,245.80,2500.000,2500.000,246.45,246.55,707.000,253.000,245.55,245.85,7500.000,2500.000,246.40,246.60,10742.000,12241.000,30000.000,22500.000,245.498,245.969,246.329,246.683,-0.800,-0.745
2017-04-13 14:16:00,245.677,246.469,1337.000,1212.000,245.60,245.80,2500.000,2500.000,246.40,246.50,677.000,1323.000,245.55,245.85,7500.000,5000.000,246.35,246.55,10883.000,11725.000,25000.000,20000.000,245.498,245.932,246.300,246.594,-0.750,-0.729
2017-04-13 14:17:00,245.712,246.441,487.000,942.000,245.65,245.80,2500.000,2500.000,246.40,246.50,1138.000,387.000,245.60,245.85,5000.000,2500.000,246.35,246.55,10047.000,11351.000,20000.000,20000.000,245.511,245.939,246.294,246.625,-0.725,-0.726
2017-04-13 14:18:00,245.924,246.702,179.000,1121.000,245.95,246.00,2500.000,2500.000,246.65,246.80,364.000,110.000,245.85,246.05,7500.000,5000.000,246.60,246.85,4275.000,5657.000,30000.000,30000.000,245.769,246.144,246.542,246.929,-0.750,-0.704
2017-04-13 14:19:00,245.824,246.614,993.000,1102.000,245.80,245.95,2500.000,5000.000,246.60,246.70,904.000,1097.000,245.75,246.00,2500.000,12500.000,246.55,246.75,4224.000,6535.000,17500.000,35000.000,245.706,246.068,246.493,246.793,-0.775,-0.689
2017-04-13 14:20:00,245.871,246.506,60.000,1000.000,245.75,245.90,2500.000,5000.000,246.50,246.60,706.000,3025.000,245.65,245.95,5000.000,2500.000,246.40,246.65,13194.000,11044.000,20000.000,25000.000,245.518,245.987,246.350,246.715,-0.725,-0.697
2017-04-13 14:21:00,245.680,246.391,447.000,767.000,245.60,245.75,2500.000,5000.000,246.35,246.50,582.000,1.000,245.55,245.80,5000.000,2500.000,246.30,246.55,10376.000,7661.000,22500.000,32500.000,245.495,245.907,246.244,246.646,-0.750,-0.702
2017-04-13 14:22:00,245.660,246.377,6.000,2500.000,245.60,245.75,2500.000,5000.000,246.30,246.45,155.000,1004.000,245.55,245.80,10000.000,10000.000,246.25,246.50,9138.000,10531.000,27500.000,27500.000,245.491,245.863,246.209,246.550,-0.700,-0.701
2017-04-13 14:23:00,245.747,246.415,34.000,854.000,245.65,245.75,2500.000,10000.000,246.35,246.50,611.000,4.000,245.60,245.80,15000.000,7500.000,246.30,246.55,12667.000,7637.000,35000.000,40000.000,245.499,245.909,246.261,246.619,-0.725,-0.715
2017-04-13 14:24:00,245.696,246.409,609.000,1223.000,245.60,245.75,5000.000,10000.000,246.35,246.50,219.000,4.000,245.55,245.80,7500.000,7500.000,246.30,246.55,12025.000,7795.000,30000.000,40000.000,245.493,245.902,246.250,246.619,-0.750,-0.725
2017-04-13 14:25:00,245.718,246.394,393.000,228.000,245.65,245.75,2500.000,2500.000,246.35,246.45,850.000,4.000,245.60,245.80,10000.000,10000.000,246.30,246.50,12210.000,9665.000,30000.000,32500.000,245.507,245.904,246.250,246.562,-0.700,-0.755
2017-04-13 14:26:00,245.682,246.416,838.000,983.000,245.60,245.75,5000.000,7500.000,246.35,246.50,557.000,4.000,245.55,245.80,5000.000,5000.000,246.30,246.55,12502.000,8786.000,32500.000,37500.000,245.497,245.912,246.250,246.630,-0.750,-0.792
2017-04-13 14:27:00,245.765,246.481,1.000,904.000,245.70,245.80,7500.000,7500.000,246.45,246.50,123.000,204.000,245.65,245.85,2500.000,2500.000,246.35,246.55,12259.000,12802.000,32500.000,27500.000,245.515,245.945,246.296,246.591,-0.725,-0.843
2017-04-13 14:28:00,245.672,246.407,1276.000,163.000,245.60,245.70,2500.000,2500.000,246.35,246.40,113.000,414.000,245.55,245.75,2500.000,2500.000,246.30,246.45,11518.000,7742.000,30000.000,20000.000,245.498,245.823,246.188,246.525,-0.725,-0.899
2017-04-13 14:29:00,245.715,246.480,2153.000,12.000,245.60,245.75,2500.000,2500.000,246.40,246.45,368.000,548.000,245.55,245.80,5000.000,10000.000,246.35,246.50,12100.000,5953.000,37500.000,25000.000,245.508,245.893,246.253,246.545,-0.750,-0.968
2017-04-13 14:30:00,245.554,246.377,119.000,1037.000,245.55,245.60,2500.000,7500.000,246.30,246.45,1414.000,3.000,245.50,245.70,5000.000,12500.000,246.25,246.50,4478.000,7288.000,30000.000,35000.000,245.421,245.777,246.188,246.550,-0.800,-1.008
2017-04-13 14:31:00,245.117,246.036,437.000,3848.000,244.95,245.00,7500.000,7500.000,246.00,246.10,844.000,1024.000,244.90,245.25,2500.000,5000.000,245.90,246.15,8120.000,8003.000,22500.000,22500.000,244.799,245.163,245.883,246.178,-1.075,-1.046
2017-04-13 14:32:00,244.947,245.919,612.000,1144.000,244.85,244.90,2500.000,2500.000,245.85,245.95,192.000,607.000,244.80,244.95,5000.000,5000.000,245.80,246.00,4873.000,2454.000,17500.000,15000.000,244.725,244.957,245.743,246.058,-1.025,-1.050
2017-04-13 14:33:00,244.879,245.896,100.000,368.000,244.90,245.00,2500.000,2500.000,245.85,245.95,159.000,355.000,244.85,245.05,5000.000,7500.000,245.80,246.00,1881.000,4097.000,15000.000,20000.000,244.759,245.141,245.758,246.062,-0.950,-1.070
2017-04-13 14:34:00,244.495,245.603,909.000,400.000,244.50,244.55,2500.000,5000.000,245.60,245.70,241.000,14.000,244.45,244.60,10000.000,5000.000,245.50,245.75,4785.000,5058.000,20000.000,25000.000,244.389,244.712,245.475,245.800,-1.125,-1.046
2017-04-13 14:35:00,244.628,245.654,681.000,404.000,244.45,244.65,2500.000,2500.000,245.60,245.70,311.000,678.000,244.40,244.70,10000.000,5000.000,245.50,245.75,9045.000,5491.000,20000.000,15000.000,244.297,244.761,245.475,245.808,-1.100,-1.024
2017-04-13 14:36:00,244.530,245.637,62.000,300.000,244.50,244.60,2500.000,5000.000,245.60,245.65,477.000,566.000,244.45,244.65,2500.000,2500.000,245.55,245.70,3970.000,5091.000,17500.000,20000.000,244.368,244.728,245.500,245.762,-1.075,-0.994
2017-04-13 14:37:00,244.664,245.655,2.000,1035.000,244.55,244.75,2500.000,12500.000,245.55,245.75,288.000,955.000,244.50,244.80,10000.000,5000.000,245.50,245.80,3428.000,4215.000,25000.000,27500.000,244.371,244.851,245.425,245.814,-1.000,-1.008
2017-04-13 14:38:00,244.591,245.710,240.000,804.000,244.65,244.75,2500.000,5000.000,245.60,245.75,13.000,418.000,244.60,244.80,5000.000,2500.000,245.55,245.80,939.000,4763.000,22500.000,15000.000,244.529,244.864,245.500,245.833,-0.975,-0.970
2017-04-13 14:39:00,244.960,245.950,151.000,352.000,245.00,245.05,2500.000,2500.000,246.00,246.05,60.000,349.000,244.90,245.10,2500.000,2500.000,245.85,246.10,4712.000,7747.000,12500.000,17500.000,244.774,245.205,245.820,246.157,-1.000,-0.977
2017-04-13 14:40:00,245.124,246.036,100.000,100.000,245.15,245.20,2500.000,2500.000,246.00,246.15,149.000,251.000,245.10,245.25,5000.000,7500.000,245.95,246.20,1988.000,3782.000,22500.000,30000.000,245.007,245.341,245.894,246.262,-0.900,-1.005
2017-04-13 14:41:00,245.273,246.233,475.000,10.000,245.15,245.25,2500.000,2500.000,246.15,246.25,300.000,326.000,245.10,245.30,2500.000,10000.000,246.10,246.30,7040.000,2788.000,35000.000,32500.000,245.014,245.414,246.025,246.373,-1.000,-0.980
2017-04-13 14:42:00,245.360,246.416,397.000,102.000,245.30,245.35,2500.000,5000.000,246.35,246.45,757.000,20.000,245.25,245.45,5000.000,7500.000,246.30,246.50,4890.000,3549.000,20000.000,20000.000,245.178,245.556,246.244,246.525,-1.075,-0.933
2017-04-13 14:43:00,245.373,246.306,64.000,2028.000,245.35,245.50,7500.000,2500.000,246.30,246.40,404.000,783.000,245.25,245.55,2500.000,7500.000,246.20,246.45,4481.000,7493.000,20000.000,25000.000,245.160,245.601,246.188,246.525,-0.925,-0.895
2017-04-13 14:44:00,245.168,246.192,199.000,520.000,245.10,245.30,5000.000,7500.000,246.05,246.25,476.000,475.000,245.05,245.35,20000.000,5000.000,246.00,246.30,6499.000,7193.000,37500.000,22500.000,244.986,245.455,245.957,246.328,-0.950,-0.877
2017-04-13 14:45:00,245.094,246.143,35.000,242.000,245.10,245.30,2500.000,5000.000,246.05,246.20,567.000,1318.000,245.05,245.35,17500.000,7500.000,246.00,246.25,4538.000,10463.000,30000.000,22500.000,244.981,245.448,245.950,246.283,-0.925,-0.830
2017-04-13 14:46:00,245.103,245.940,919.000,805.000,245.00,245.15,17500.000,2500.000,245.90,246.00,414.000,1366.000,244.90,245.20,5000.000,5000.000,245.85,246.10,7415.000,5898.000,35000.000,30000.000,244.810,245.247,245.829,246.167,-0.875,-0.845
2017-04-13 14:47:00,244.916,245.736,115.000,1467.000,244.85,245.00,2500.000,2500.000,245.70,245.80,765.000,466.000,244.80,245.05,5000.000,2500.000,245.65,245.85,5703.000,6859.000,32500.000,37500.000,244.703,245.127,245.577,245.927,-0.825,-0.855
2017-04-13 14:48:00,245.030,245.774,241.000,1311.000,245.00,245.10,2500.000,5000.000,245.80,245.85,884.000,1640.000,244.90,245.15,5000.000,15000.000,245.75,245.90,8345.000,10160.000,20000.000,42500.000,244.800,245.209,245.700,245.950,-0.775,-0.878
2017-04-13 14:49:00,245.021,245.953,819.000,1.000,245.00,245.10,7500.000,5000.000,245.90,246.00,373.000,1829.000,244.95,245.25,5000.000,2500.000,245.85,246.05,4373.000,7295.000,27500.000,20000.000,244.888,245.343,245.805,246.106,-0.900,-0.891
2017-04-13 14:50:00,245.102,245.918,1022.000,399.000,245.00,245.20,5000.000,2500.000,245.90,246.05,785.000,607.000,244.95,245.25,2500.000,2500.000,245.85,246.10,4730.000,4298.000,15000.000,20000.000,244.886,245.331,245.800,246.169,-0.875,-0.903
2017-04-13 14:51:00,244.969,245.882,945.000,411.000,245.00,245.15,2500.000,2500.000,245.85,245.90,110.000,1376.000,244.95,245.20,2500.000,5000.000,245.80,245.95,2749.000,9187.000,17500.000,17500.000,244.899,245.265,245.721,245.993,-0.800,-0.881
2017-04-13 14:52:00,245.127,245.997,338.000,108.000,245.05,245.15,2500.000,2500.000,245.90,246.00,1089.000,60.000,245.00,245.20,15000.000,2500.000,245.85,246.05,4507.000,2898.000,32500.000,15000.000,244.925,245.303,245.777,246.108,-0.850,-0.868
2017-04-13 14:53:00,245.100,245.959,70.000,69.000,245.10,245.15,5000.000,5000.000,245.90,246.00,988.000,63.000,245.00,245.20,5000.000,2500.000,245.85,246.05,3625.000,3451.000,22500.000,17500.000,244.911,245.301,245.800,246.093,-0.825,-0.856
2017-04-13 14:54:00,244.893,245.889,295.000,1140.000,245.00,245.05,7500.000,2500.000,245.70,245.85,367.000,580.000,244.85,245.10,2500.000,2500.000,245.65,245.90,4669.000,9763.000,40000.000,17500.000,244.773,245.208,245.569,245.971,-0.750,-0.803
2017-04-13 14:55:00,245.036,245.910,1117.000,68.000,245.10,245.15,2500.000,2500.000,245.85,245.95,484.000,103.000,245.05,245.20,10000.000,2500.000,245.80,246.00,3237.000,7051.000,22500.000,15000.000,245.013,245.306,245.756,246.067,-0.775,-0.795
2017-04-13 14:56:00,245.081,245.886,1121.000,5.000,245.05,245.10,2500.000,2500.000,245.85,245.95,1685.000,6.000,245.00,245.15,2500.000,7500.000,245.80,246.00,6964.000,4518.000,15000.000,20000.000,244.949,245.255,245.733,246.050,-0.825,-0.795
2017-04-13 14:57:00,245.078,245.881,90.000,219.000,245.15,245.20,2500.000,2500.000,245.85,245.95,1060.000,2284.000,245.05,245.25,5000.000,5000.000,245.80,246.00,3770.000,8495.000,15000.000,17500.000,245.005,245.321,245.758,246.057,-0.725,-0.792
2017-04-13 14:58:00,245.050,245.850,620.000,3.000,245.05,245.10,5000.000,2500.000,245.80,245.95,1542.000,243.000,245.00,245.15,2500.000,5000.000,245.75,246.00,4173.000,4107.000,15000.000,17500.000,244.944,245.259,245.717,246.057,-0.800,-0.793
2017-04-13 14:59:00,245.259,245.993,395.000,1665.000,245.15,245.25,2500.000,2500.000,245.95,246.10,459.000,571.000,245.10,245.30,2500.000,7500.000,245.90,246.15,8120.000,5340.000,15000.000,22500.000,244.995,245.362,245.850,246.194,-0.825,-0.819
2017-04-13 15:00:00,245.043,245.878,31.000,108.000,245.05,245.20,2500.000,2500.000,245.85,245.95,2348.000,2561.000,245.00,245.25,5000.000,7500.000,245.80,246.00,4042.000,8770.000,17500.000,22500.000,244.960,245.320,245.729,246.050,-0.775,-0.826
2017-04-13 15:01:00,245.162,245.966,5.000,69.000,245.10,245.20,2500.000,5000.000,245.90,246.05,50.000,722.000,245.05,245.25,5000.000,5000.000,245.85,246.10,4193.000,3789.000,22500.000,25000.000,244.955,245.341,245.789,246.145,-0.825,-0.850
2017-04-13 15:02:00,245.154,245.940,309.000,21.000,245.10,245.20,7500.000,2500.000,245.90,246.05,703.000,817.000,245.05,245.25,5000.000,7500.000,245.85,246.10,5417.000,4866.000,22500.000,27500.000,244.971,245.342,245.817,246.155,-0.825,-0.869
2017-04-13 15:03:00,245.153,245.960,659.000,21.000,245.05,245.10,2500.000,10000.000,245.90,246.05,2587.000,6.000,245.00,245.20,5000.000,5000.000,245.85,246.10,6626.000,2270.000,22500.000,30000.000,244.947,245.322,245.789,246.129,-0.900,-0.886
2017-04-13 15:04:00,245.131,245.994,117.000,525.000,245.10,245.15,2500.000,2500.000,245.95,246.05,1242.000,13.000,245.05,245.20,5000.000,2500.000,245.90,246.10,5315.000,3695.000,20000.000,20000.000,244.999,245.292,245.844,246.169,-0.875,-0.886
2017-04-13 15:05:00,245.084,245.956,2400.000,29.000,245.00,245.10,2500.000,2500.000,245.90,246.05,1151.000,821.000,244.95,245.15,5000.000,5000.000,245.85,246.10,6691.000,2957.000,20000.000,22500.000,244.919,245.235,245.787,246.161,-0.925,-0.895
2017-04-13 15:06:00,245.078,246.000,47.000,21.000,245.10,245.15,2500.000,7500.000,245.95,246.10,1583.000,212.000,245.05,245.20,5000.000,7500.000,245.90,246.15,4399.000,5020.000,20000.000,30000.000,245.005,245.318,245.844,246.188,-0.900,-0.895
2017-04-13 15:07:00,245.069,245.953,158.000,17.000,245.10,245.15,7500.000,2500.000,245.90,246.05,1139.000,60.000,245.05,245.20,5000.000,2500.000,245.85,246.10,4156.000,6122.000,22500.000,20000.000,245.003,245.302,245.811,246.169,-0.850,-0.911
2017-04-13 15:08:00,245.153,246.042,32.000,21.000,245.15,245.20,2500.000,2500.000,246.00,246.10,120.000,1053.000,245.10,245.25,5000.000,5000.000,245.95,246.15,5037.000,6527.000,25000.000,25000.000,245.010,245.342,245.880,246.215,-0.875,-0.915
2017-04-13 15:09:00,245.263,246.126,60.000,527.000,245.15,245.20,5000.000,7500.000,246.05,246.20,648.000,1062.000,245.10,245.25,5000.000,7500.000,246.00,246.25,9214.000,3154.000,25000.000,27500.000,245.012,245.307,245.950,246.273,-0.950,-0.937
2017-04-13 15:10:00,245.233,246.150,80.000,457.000,245.20,245.25,5000.000,5000.000,246.10,246.20,303.000,119.000,245.15,245.30,5000.000,7500.000,246.05,246.25,7023.000,6274.000,27500.000,30000.000,245.038,245.418,245.991,246.296,-0.925,-0.950
2017-04-13 15:11:00,245.115,246.036,186.000,551.000,245.10,245.25,2500.000,2500.000,246.00,246.10,1264.000,1409.000,245.05,245.30,7500.000,5000.000,245.95,246.15,4970.000,8765.000,25000.000,27500.000,245.005,245.366,245.895,246.218,-0.875,-0.960
2017-04-13 15:12:00,245.065,246.027,637.000,27.000,245.10,245.15,2500.000,12500.000,245.95,246.10,671.000,10.000,245.05,245.20,15000.000,2500.000,245.90,246.15,4443.000,5749.000,35000.000,35000.000,245.006,245.324,245.857,246.189,-0.900,-0.963
2017-04-13 15:13:00,245.042,245.954,26.000,972.000,245.10,245.20,7500.000,10000.000,245.90,246.05,1476.000,2354.000,245.00,245.25,5000.000,12500.000,245.85,246.10,3450.000,9580.000,30000.000,37500.000,244.938,245.310,245.796,246.137,-0.825,-0.973
2017-04-13 15:14:00,244.990,245.964,60.000,2400.000,245.05,245.10,5000.000,12500.000,245.90,246.00,1450.000,1046.000,245.00,245.15,7500.000,2500.000,245.85,246.05,2935.000,10519.000,27500.000,27500.000,244.956,245.216,245.809,246.064,-0.875,-0.965
2017-04-13 15:15:00,244.929,245.914,1570.000,185.000,245.00,245.05,15000.000,2500.000,245.90,245.95,1042.000,2022.000,244.95,245.10,2500.000,20000.000,245.85,246.00,4415.000,10739.000,35000.000,37500.000,244.922,245.203,245.829,246.047,-0.900,-0.954
2017-04-13 15:16:00,245.004,245.973,675.000,3562.000,245.00,245.10,5000.000,7500.000,245.90,246.00,906.000,2561.000,244.90,245.15,7500.000,5000.000,245.85,246.05,5994.000,11742.000,30000.000,25000.000,244.814,245.183,245.804,246.075,-0.900,-0.943
2017-04-13 15:17:00,244.998,245.974,484.000,107.000,244.95,245.10,2500.000,7500.000,245.90,246.00,800.000,2510.000,244.90,245.15,12500.000,5000.000,245.85,246.05,6079.000,8968.000,35000.000,27500.000,244.805,245.220,245.804,246.082,-0.925,-0.919
2017-04-13 15:18:00,244.942,245.906,256.000,20.000,245.00,245.05,2500.000,2500.000,245.85,245.95,82.000,2623.000,244.95,245.10,10000.000,17500.000,245.80,246.00,2882.000,8451.000,32500.000,32500.000,244.862,245.192,245.754,246.035,-0.875,-0.938
2017-04-13 15:19:00,245.005,245.938,9.000,2856.000,245.00,245.10,2500.000,2500.000,245.90,245.95,118.000,683.000,244.95,245.15,7500.000,15000.000,245.85,246.00,3502.000,9084.000,30000.000,30000.000,244.841,245.194,245.787,246.037,-0.875,-0.949
2017-04-13 15:20:00,244.991,245.917,256.000,2766.000,245.00,245.15,15000.000,10000.000,245.85,246.00,253.000,3713.000,244.95,245.20,2500.000,5000.000,245.80,246.05,2602.000,11334.000,32500.000,32500.000,244.858,245.228,245.777,246.088,-0.850,-0.924
2017-04-13 15:21:00,244.951,245.867,690.000,2862.000,245.00,245.10,7500.000,2500.000,245.85,245.90,151.000,671.000,244.95,245.15,5000.000,7500.000,245.80,246.05,2513.000,12957.000,25000.000,35000.000,244.890,245.200,245.765,246.111,-0.825,-0.924
2017-04-13 15:22:00,245.037,245.890,631.000,134.000,245.10,245.15,7500.000,2500.000,245.85,245.95,1618.000,2415.000,245.00,245.20,5000.000,5000.000,245.80,246.00,3947.000,9231.000,27500.000,25000.000,244.969,245.250,245.764,246.070,-0.775,-0.913
2017-04-13 15:23:00,244.916,245.980,599.000,554.000,245.00,245.15,2500.000,2500.000,245.95,246.05,73.000,1293.000,244.95,245.20,5000.000,12500.000,245.90,246.10,1151.000,6999.000,22500.000,32500.000,244.919,245.286,245.839,246.146,-0.925,-0.861
2017-04-13 15:24:00,244.905,245.890,748.000,26.000,245.00,245.05,2500.000,2500.000,245.85,245.90,60.000,2476.000,244.90,245.10,7500.000,2500.000,245.80,245.95,2886.000,8436.000,30000.000,22500.000,244.839,245.187,245.738,246.022,-0.850,-0.663
2017-04-13 15:25:00,245.074,245.879,595.000,3345.000,245.05,245.20,7500.000,2500.000,245.80,245.95,1091.000,5800.000,245.00,245.25,5000.000,10000.000,245.75,246.00,3204.000,9925.000,30000.000,30000.000,244.976,245.241,245.713,246.088,-0.750,-0.666
2017-04-13 15:26:00,245.030,245.943,1343.000,432.000,245.00,245.15,2500.000,2500.000,245.85,245.95,721.000,454.000,244.95,245.20,5000.000,12500.000,245.80,246.00,2724.000,3959.000,32500.000,25000.000,244.947,245.239,245.719,246.035,-0.825,-0.666
2017-04-13 15:27:00,245.157,245.956,1000.000,2644.000,245.25,245.30,5000.000,2500.000,245.90,245.95,393.000,10.000,245.10,245.35,10000.000,10000.000,245.85,246.00,4597.000,9372.000,35000.000,25000.000,245.066,245.419,245.807,246.080,-0.650,-0.666
2017-04-13 15:28:00,245.237,246.040,475.000,235.000,245.25,245.45,2500.000,2500.000,246.00,246.05,50.000,5068.000,245.15,245.50,7500.000,2500.000,245.95,246.10,1886.000,6582.000,37500.000,35000.000,245.089,245.520,245.880,246.232,-0.675,-0.666
2017-04-13 15:29:00,246.112,246.107,228.000,200.000,246.00,246.05,7500.000,5000.000,246.05,246.25,3.000,101.000,245.75,246.10,2500.000,5000.000,246.00,246.30,1141.000,344.000,32500.000,40000.000,245.320,246.085,245.954,246.387,-0.125,-0.666
2017-04-13 15:30:00,245.275,246.095,1793.000,2500.000,244.80,245.90,5000.000,2500.000,246.00,246.30,50.000,2500.000,244.75,245.95,2500.000,2500.000,245.95,246.40,7880.000,10237.000,22500.000,25000.000,244.668,245.964,245.800,246.580,-0.800,-0.666
2017-04-17 09:16:00,244.367,245.027,784.000,445.000,244.55,244.60,2500.000,2500.000,244.70,245.25,835.000,100.000,244.45,244.75,2500.000,2500.000,244.65,245.30,2286.000,3832.000,15000.000,12500.000,244.389,244.893,244.458,245.520,-0.400,-0.872
2017-04-17 09:17:00,244.404,245.192,931.000,183.000,244.20,244.45,5000.000,2500.000,245.00,245.35,50.000,4121.000,244.15,244.50,2500.000,2500.000,244.95,245.65,6165.000,4902.000,15000.000,15000.000,244.076,244.519,244.842,245.675,-0.850,-0.824
2017-04-17 09:18:00,243.954,244.870,416.000,284.000,243.90,244.05,2500.000,2500.000,244.80,245.00,50.000,565.000,243.85,244.10,2500.000,2500.000,244.75,245.05,3186.000,4132.000,12500.000,12500.000,243.762,244.175,244.580,245.160,-0.925,-0.800
2017-04-17 09:19:00,243.129,244.108,431.000,3229.000,243.05,243.20,5000.000,2500.000,244.10,244.15,2596.000,731.000,243.00,243.25,2500.000,2500.000,243.90,244.30,7384.000,7933.000,17500.000,12500.000,242.951,243.343,243.843,244.330,-1.000,-0.738
2017-04-17 09:20:00,242.728,243.600,2942.000,200.000,242.60,242.70,5000.000,2500.000,243.55,243.80,2933.000,305.000,242.55,242.75,5000.000,5000.000,243.50,243.90,9120.000,1143.000,17500.000,30000.000,242.543,242.808,243.443,244.012,-1.025,-0.723
2017-04-17 09:21:00,241.825,242.631,384.000,1.000,241.70,241.80,2500.000,5000.000,242.50,242.90,334.000,48.000,241.65,241.90,2500.000,2500.000,242.45,242.95,2409.000,1175.000,12500.000,20000.000,241.585,241.996,242.360,243.056,-0.950,-0.718
2017-04-17 09:22:00,241.962,242.511,1040.000,29.000,241.75,241.95,5000.000,2500.000,242.40,242.75,230.000,1083.000,241.70,242.00,2500.000,2500.000,242.25,242.80,5786.000,2152.000,25000.000,32500.000,241.574,242.047,242.150,243.096,-0.725,-0.780
2017-04-17 09:23:00,241.676,242.473,150.000,121.000,241.75,241.80,2500.000,2500.000,242.35,242.60,50.000,933.000,241.70,242.00,2500.000,5000.000,242.30,242.70,725.000,5709.000,15000.000,17500.000,241.616,242.068,242.150,242.793,-0.700,-0.778
2017-04-17 09:24:00,241.827,242.496,15.000,396.000,241.80,241.95,2500.000,2500.000,242.50,242.60,1170.000,1405.000,241.75,242.00,2500.000,2500.000,242.40,242.65,3680.000,6536.000,17500.000,15000.000,241.675,242.062,242.207,242.742,-0.675,-0.828
2017-04-17 09:25:00,242.476,243.270,114.000,50.000,242.50,242.65,2500.000,2500.000,243.20,243.40,436.000,2.000,242.45,242.70,5000.000,2500.000,243.10,243.45,1697.000,3122.000,20000.000,17500.000,242.376,242.837,242.988,243.529,-0.725,-0.831
2017-04-17 09:26:00,242.274,243.057,431.000,444.000,242.20,242.45,7500.000,2500.000,243.00,243.20,699.000,241.000,242.15,242.50,2500.000,2500.000,242.85,243.25,6172.000,8517.000,20000.000,17500.000,242.071,242.597,242.838,243.350,-0.775,-0.833
2017-04-17 09:27:00,242.331,243.191,165.000,79.000,242.30,242.35,2500.000,2500.000,243.00,243.25,140.000,544.000,242.25,242.40,2500.000,2500.000,242.95,243.30,2562.000,2484.000,25000.000,17500.000,242.147,242.496,242.850,243.357,-0.800,-0.796
2017-04-17 09:28:00,242.410,243.193,983.000,60.000,242.40,242.55,2500.000,2500.000,243.20,243.25,527.000,1097.000,242.35,242.60,2500.000,5000.000,243.15,243.30,6747.000,10492.000,15000.000,22500.000,242.283,242.705,243.067,243.400,-0.750,-0.781
2017-04-17 09:29:00,242.359,243.281,28.000,433.000,242.35,242.55,2500.000,2500.000,243.15,243.30,646.000,839.000,242.30,242.60,2500.000,10000.000,243.10,243.40,4999.000,8800.000,20000.000,25000.000,242.224,242.722,243.025,243.490,-0.775,-0.726
2017-04-17 09:30:00,242.175,242.982,51.000,109.000,242.15,242.30,2500.000,5000.000,242.90,243.05,1000.000,9.000,242.10,242.35,2500.000,2500.000,242.85,243.20,5329.000,6357.000,17500.000,25000.000,242.017,242.491,242.736,243.240,-0.750,-0.697
2017-04-17 09:31:00,241.784,242.575,100.000,1050.000,241.90,242.00,2500.000,7500.000,242.45,242.75,671.000,50.000,241.80,242.05,2500.000,2500.000,242.40,242.85,1386.000,5883.000,17500.000,27500.000,241.761,242.148,242.321,242.882,-0.650,-0.680
2017-04-17 09:32:00,242.124,242.800,1104.000,128.000,241.90,242.00,2500.000,2500.000,242.75,242.95,482.000,50.000,241.85,242.15,2500.000,2500.000,242.70,243.00,6475.000,1352.000,15000.000,17500.000,241.785,242.218,242.575,243.114,-0.900,-0.650
2017-04-17 09:33:00,241.821,242.528,60.000,688.000,241.65,241.80,2500.000,10000.000,242.30,242.60,290.000,334.000,241.60,241.85,2500.000,2500.000,242.25,242.70,4145.000,2098.000,25000.000,20000.000,241.498,241.888,242.075,242.688,-0.725,-0.631
2017-04-17 09:34:00,241.007,241.656,100.000,60.000,241.05,241.10,2500.000,2500.000,241.60,241.75,1501.000,394.000,241.00,241.15,7500.000,12500.000,241.50,241.80,2997.000,7486.000,20000.000,22500.000,240.935,241.227,241.431,241.861,-0.600,-0.630
2017-04-17 09:35:00,240.812,241.474,370.000,107.000,240.70,240.90,5000.000,10000.000,241.35,241.55,151.000,304.000,240.65,240.95,2500.000,2500.000,241.25,241.80,6914.000,8066.000,20000.000,27500.000,240.532,241.007,241.200,241.768,-0.650,-0.623
2017-04-17 09:36:00,241.208,241.915,75.000,40.000,241.30,241.35,5000.000,2500.000,241.85,242.00,384.000,387.000,241.25,241.40,5000.000,2500.000,241.75,242.10,2462.000,8264.000,17500.000,15000.000,241.106,241.483,241.714,242.192,-0.600,-0.603
2017-04-17 09:37:00,241.376,241.903,35.000,2771.000,241.45,241.50,5000.000,2500.000,241.85,242.00,30.000,1344.000,241.40,241.60,5000.000,2500.000,241.80,242.10,1415.000,11126.000,17500.000,22500.000,241.309,241.651,241.771,242.256,-0.450,-0.626
2017-04-17 09:38:00,241.189,241.797,1101.000,406.000,241.20,241.25,2500.000,2500.000,241.65,241.90,110.000,1830.000,241.10,241.30,5000.000,2500.000,241.60,241.95,4209.000,5029.000,22500.000,15000.000,241.058,241.354,241.528,242.017,-0.550,-0.625
2017-04-17 09:39:00,241.556,242.200,384.000,1000.000,241.50,241.55,2500.000,2500.000,242.10,242.25,384.000,2894.000,241.45,241.75,2500.000,7500.000,242.05,242.35,3768.000,6369.000,22500.000,25000.000,241.397,241.758,241.994,242.420,-0.650,-0.657
2017-04-17 09:40:00,241.652,242.281,255.000,559.000,241.55,241.75,2500.000,7500.000,242.10,242.40,2030.000,334.000,241.50,241.80,2500.000,2500.000,242.05,242.45,6351.000,4704.000,22500.000,17500.000,241.414,241.881,241.939,242.471,-0.600,-0.685
2017-04-17 09:41:00,241.688,242.296,504.000,5.000,241.55,241.70,2500.000,2500.000,242.20,242.35,2389.000,399.000,241.50,241.75,2500.000,2500.000,242.15,242.50,7086.000,3241.000,15000.000,17500.000,241.436,241.838,242.083,242.557,-0.650,-0.705
2017-04-17 09:42:00,241.726,242.368,59.000,100.000,241.65,241.75,2500.000,2500.000,242.25,242.45,341.000,334.000,241.60,241.80,5000.000,2500.000,242.15,242.50,6039.000,3961.000,20000.000,15000.000,241.505,241.930,242.088,242.558,-0.650,-0.703
2017-04-17 09:43:00,241.651,242.255,384.000,60.000,241.45,241.60,5000.000,2500.000,242.10,242.35,1220.000,50.000,241.40,241.65,5000.000,7500.000,242.05,242.40,6903.000,1923.000,27500.000,22500.000,241.302,241.749,241.995,242.472,-0.700,-0.667
2017-04-17 09:44:00,241.585,242.387,384.000,1424.000,241.55,241.75,2500.000,5000.000,242.20,242.50,1027.000,110.000,241.50,241.85,10000.000,7500.000,242.15,242.55,4445.000,7764.000,32500.000,25000.000,241.438,241.940,242.092,242.600,-0.700,-0.618
2017-04-17 09:45:00,241.797,242.569,384.000,521.000,241.80,242.00,5000.000,5000.000,242.45,242.75,354.000,60.000,241.75,242.15,5000.000,2500.000,242.40,242.85,2551.000,7265.000,17500.000,22500.000,241.687,242.237,242.371,242.900,-0.700,-0.594
2017-04-17 09:46:00,241.848,242.553,72.000,3004.000,241.90,242.00,2500.000,5000.000,242.40,242.60,334.000,312.000,241.85,242.15,2500.000,10000.000,242.35,242.75,1811.000,10284.000,20000.000,22500.000,241.785,242.187,242.281,242.750,-0.550,-0.582
2017-04-17 09:47:00,241.816,242.447,5.000,1072.000,241.90,242.00,2500.000,2500.000,242.35,242.60,122.000,1894.000,241.85,242.15,5000.000,5000.000,242.30,242.70,1264.000,11528.000,17500.000,25000.000,241.760,242.221,242.257,242.750,-0.525,-0.563
2017-04-17 09:48:00,241.945,242.370,60.000,500.000,241.80,241.95,2500.000,5000.000,242.30,242.60,385.000,727.000,241.75,242.00,2500.000,5000.000,242.25,242.65,4081.000,3042.000,17500.000,32500.000,241.658,242.091,242.193,242.727,-0.575,-0.638
2017-04-17 09:49:00,241.907,242.467,394.000,766.000,241.85,241.95,2500.000,2500.000,242.45,242.70,1473.000,2003.000,241.80,242.00,2500.000,7500.000,242.40,242.75,3867.000,4704.000,12500.000,32500.000,241.746,242.055,242.350,242.835,-0.675,-0.680
2017-04-17 09:50:00,241.724,242.375,500.000,699.000,241.70,241.90,2500.000,2500.000,242.25,242.45,110.000,750.000,241.65,241.95,2500.000,2500.000,242.20,242.55,3801.000,9607.000,20000.000,20000.000,241.555,242.003,242.131,242.631,-0.550,-0.680
2017-04-17 09:51:00,241.689,242.332,669.000,50.000,241.65,241.80,5000.000,5000.000,242.25,242.45,360.000,15.000,241.60,241.85,5000.000,2500.000,242.20,242.50,6045.000,6220.000,20000.000,22500.000,241.522,241.993,242.169,242.600,-0.625,-0.683
2017-04-17 09:52:00,241.859,242.396,60.000,1051.000,241.70,241.90,2500.000,7500.000,242.35,242.55,835.000,515.000,241.65,241.95,2500.000,5000.000,242.30,242.60,9693.000,7854.000,12500.000,22500.000,241.530,242.002,242.240,242.633,-0.650,-0.689
2017-04-17 09:53:00,241.569,242.367,1494.000,60.000,241.65,241.80,7500.000,5000.000,242.20,242.45,60.000,1341.000,241.60,241.90,5000.000,5000.000,242.15,242.50,2315.000,10479.000,32500.000,27500.000,241.598,241.998,242.088,242.577,-0.600,-0.632
2017-04-17 09:54:00,241.564,242.331,388.000,203.000,241.55,241.80,5000.000,5000.000,242.15,242.35,388.000,304.000,241.50,241.85,7500.000,5000.000,242.10,242.45,5262.000,10836.000,32500.000,20000.000,241.409,241.969,242.050,242.469,-0.575,-0.589
2017-04-17 09:55:00,241.753,242.403,625.000,200.000,241.65,241.75,2500.000,5000.000,242.40,242.50,639.000,1165.000,241.60,241.90,2500.000,2500.000,242.35,242.55,10602.000,9325.000,12500.000,25000.000,241.526,241.990,242.300,242.610,-0.750,-0.590
2017-04-17 09:56:00,241.830,242.493,500.000,1254.000,241.80,241.90,2500.000,5000.000,242.40,242.50,473.000,525.000,241.70,241.95,2500.000,2500.000,242.35,242.55,7718.000,9764.000,22500.000,15000.000,241.605,241.998,242.233,242.583,-0.600,-0.577
2017-04-17 09:57:00,241.916,242.482,85.000,3326.000,241.95,242.00,7500.000,2500.000,242.45,242.65,50.000,304.000,241.80,242.10,2500.000,5000.000,242.40,242.70,4635.000,9450.000,20000.000,27500.000,241.691,242.146,242.363,242.773,-0.575,-0.579
2017-04-17 09:58:00,241.955,242.467,134.000,3475.000,241.95,242.00,5000.000,10000.000,242.45,242.70,159.000,304.000,241.85,242.10,2500.000,7500.000,242.40,242.75,4974.000,7970.000,17500.000,40000.000,241.696,242.126,242.343,242.816,-0.600,-0.594
2017-04-17 09:59:00,241.940,242.494,354.000,1715.000,241.85,242.00,5000.000,2500.000,242.45,242.65,1384.000,364.000,241.80,242.10,2500.000,2500.000,242.40,242.70,8040.000,9058.000,17500.000,22500.000,241.707,242.173,242.350,242.772,-0.625,-0.605
2017-04-17 10:00:00,241.968,242.622,444.000,1124.000,241.85,242.00,2500.000,2500.000,242.50,242.70,1684.000,364.000,241.80,242.10,2500.000,5000.000,242.45,242.75,8046.000,7036.000,25000.000,20000.000,241.710,242.174,242.380,242.806,-0.675,-0.608
2017-04-17 10:01:00,242.019,242.618,200.000,882.000,241.90,242.00,2500.000,2500.000,242.55,242.70,178.000,364.000,241.85,242.10,2500.000,7500.000,242.50,242.75,9095.000,6922.000,22500.000,25000.000,241.734,242.182,242.428,242.840,-0.675,-0.611
2017-04-17 10:02:00,241.924,242.497,160.000,405.000,241.75,241.95,10000.000,2500.000,242.40,242.55,2050.000,2440.000,241.70,242.00,5000.000,5000.000,242.35,242.60,8516.000,5144.000,25000.000,17500.000,241.611,242.051,242.330,242.671,-0.625,-0.628
2017-04-17 10:03:00,241.960,242.550,525.000,100.000,241.80,241.90,5000.000,2500.000,242.45,242.65,637.000,2228.000,241.75,242.00,2500.000,2500.000,242.40,242.70,9112.000,4347.000,17500.000,15000.000,241.657,242.062,242.350,242.750,-0.700,-0.675
2017-04-17 10:04:00,241.950,242.560,50.000,100.000,241.80,241.90,7500.000,2500.000,242.50,242.70,434.000,2541.000,241.75,242.00,2500.000,5000.000,242.45,242.75,8366.000,4493.000,17500.000,20000.000,241.662,242.055,242.421,242.812,-0.750,-0.706
2017-04-17 10:05:00,241.897,242.563,756.000,20.000,241.75,241.95,10000.000,2500.000,242.45,242.65,2389.000,2162.000,241.70,242.00,2500.000,2500.000,242.40,242.70,9414.000,5644.000,22500.000,15000.000,241.632,242.088,242.372,242.750,-0.700,-0.727
2017-04-17 10:06:00,241.946,242.561,544.000,2803.000,241.85,242.00,5000.000,2500.000,242.55,242.75,350.000,60.000,241.80,242.10,5000.000,2500.000,242.50,242.80,7912.000,8728.000,17500.000,27500.000,241.709,242.157,242.450,242.905,-0.725,-0.771
2017-04-17 10:07:00,242.047,242.705,449.000,3059.000,241.90,242.00,5000.000,5000.000,242.65,242.85,285.000,60.000,241.85,242.15,2500.000,2500.000,242.60,242.90,10685.000,8084.000,20000.000,27500.000,241.768,242.155,242.550,242.964,-0.800,-0.811
2017-04-17 10:08:00,242.115,242.940,495.000,2863.000,241.95,242.00,7500.000,2500.000,242.90,242.95,334.000,791.000,241.90,242.20,2500.000,5000.000,242.85,243.00,11244.000,8866.000,30000.000,22500.000,241.780,242.187,242.787,243.072,-0.950,-0.823
2017-04-17 10:09:00,242.020,242.786,825.000,922.000,242.00,242.10,10000.000,2500.000,242.70,242.90,50.000,513.000,241.90,242.15,5000.000,5000.000,242.65,242.95,4992.000,6016.000,25000.000,30000.000,241.819,242.219,242.630,243.042,-0.750,-0.838
2017-04-17 10:10:00,242.000,242.769,122.000,156.000,241.85,241.95,5000.000,2500.000,242.70,242.85,2491.000,177.000,241.80,242.00,5000.000,2500.000,242.65,242.90,7481.000,1927.000,20000.000,20000.000,241.736,242.106,242.613,242.975,-0.875,-0.863
2017-04-17 10:11:00,241.991,242.828,1905.000,286.000,241.95,242.00,7500.000,2500.000,242.75,242.90,50.000,499.000,241.90,242.10,7500.000,2500.000,242.70,242.95,6249.000,4931.000,25000.000,20000.000,241.836,242.205,242.680,243.012,-0.850,-0.855
2017-04-17 10:12:00,241.949,242.806,1885.000,230.000,241.95,242.00,2500.000,5000.000,242.75,242.90,100.000,793.000,241.90,242.10,5000.000,2500.000,242.70,242.95,5014.000,6263.000,17500.000,22500.000,241.854,242.192,242.657,243.000,-0.850,-0.851
2017-04-17 10:13:00,242.259,243.147,2587.000,400.000,242.15,242.20,35000.000,5000.000,243.10,243.20,50.000,100.000,242.10,242.25,2500.000,12500.000,242.95,243.25,11443.000,3611.000,55000.000,30000.000,242.015,242.333,243.014,243.283,-0.975,-0.837
2017-04-17 10:14:00,242.273,243.113,1669.000,339.000,242.15,242.30,30000.000,10000.000,243.10,243.15,60.000,50.000,242.10,242.35,2500.000,7500.000,242.90,243.25,8971.000,5574.000,42500.000,27500.000,242.000,242.462,243.015,243.264,-0.900,-0.826
2017-04-17 10:15:00,242.422,243.318,456.000,158.000,242.40,242.55,5000.000,2500.000,243.30,243.45,1285.000,343.000,242.35,242.60,7500.000,5000.000,243.25,243.50,3635.000,4411.000,20000.000,27500.000,242.305,242.711,243.213,243.577,-0.900,-0.843
2017-04-17 10:16:00,242.744,243.540,375.000,78.000,242.70,242.75,7500.000,2500.000,243.50,243.70,3.000,774.000,242.65,242.80,2500.000,5000.000,243.45,243.75,4292.000,3652.000,22500.000,30000.000,242.546,242.893,243.400,243.821,-0.875,-0.864
2017-04-17 10:17:00,242.746,243.580,273.000,94.000,242.70,242.75,5000.000,2500.000,243.55,243.70,113.000,333.000,242.65,242.80,10000.000,5000.000,243.50,243.75,4794.000,3346.000,25000.000,30000.000,242.564,242.904,243.465,243.821,-0.900,-0.882
2017-04-17 10:18:00,242.732,243.552,250.000,137.000,242.65,242.75,5000.000,2500.000,243.55,243.70,1947.000,422.000,242.60,242.80,10000.000,10000.000,243.50,243.75,6566.000,3877.000,25000.000,42500.000,242.527,242.906,243.465,243.821,-0.925,-0.880
2017-04-17 10:19:00,242.728,243.516,577.000,513.000,242.70,242.75,2500.000,2500.000,243.55,243.65,1134.000,891.000,242.65,242.80,5000.000,2500.000,243.50,243.70,5543.000,4747.000,17500.000,37500.000,242.585,242.881,243.450,243.793,-0.875,-0.883
2017-04-17 10:20:00,242.764,243.744,265.000,93.000,242.80,242.85,2500.000,5000.000,243.70,243.80,1152.000,770.000,242.75,242.90,7500.000,2500.000,243.65,243.85,3535.000,6222.000,30000.000,35000.000,242.688,242.998,243.579,243.907,-0.925,-0.853
2017-04-17 10:21:00,242.873,243.774,545.000,57.000,242.85,242.90,5000.000,2500.000,243.75,243.85,1094.000,185.000,242.80,242.95,2500.000,5000.000,243.70,243.90,3578.000,3434.000,25000.000,32500.000,242.739,243.022,243.650,243.973,-0.925,-0.855
2017-04-17 10:22:00,242.787,243.709,14.000,618.000,242.80,242.90,5000.000,5000.000,243.65,243.75,320.000,286.000,242.75,242.95,2500.000,2500.000,243.60,243.85,1983.000,5660.000,27500.000,27500.000,242.649,243.005,243.536,243.927,-0.850,-0.866
2017-04-17 10:23:00,242.988,243.798,286.000,717.000,242.95,243.00,2500.000,2500.000,243.75,243.90,85.000,50.000,242.90,243.05,7500.000,2500.000,243.70,243.95,4998.000,3668.000,22500.000,30000.000,242.768,243.123,243.661,244.029,-0.850,-0.887
2017-04-17 10:24:00,242.923,243.725,675.000,388.000,242.80,242.95,5000.000,5000.000,243.70,243.85,196.000,882.000,242.75,243.00,2500.000,2500.000,243.65,243.95,5964.000,3709.000,17500.000,37500.000,242.673,243.073,243.607,243.987,-0.900,-0.912
2017-04-17 10:25:00,242.887,243.719,60.000,92.000,242.80,242.85,2500.000,5000.000,243.65,243.85,928.000,34.000,242.75,242.90,5000.000,5000.000,243.60,243.95,3109.000,1273.000,20000.000,32500.000,242.673,242.981,243.550,244.015,-0.925,-0.931
2017-04-17 10:26:00,242.656,243.564,594.000,145.000,242.60,242.75,2500.000,2500.000,243.50,243.65,877.000,493.000,242.55,242.85,2500.000,2500.000,243.45,243.75,5856.000,6617.000,15000.000,20000.000,242.487,242.967,243.400,243.800,-0.900,-0.924
2017-04-17 10:27:00,242.514,243.493,1101.000,444.000,242.50,242.70,10000.000,5000.000,243.40,243.60,404.000,496.000,242.45,242.75,5000.000,2500.000,243.35,243.70,3023.000,5406.000,25000.000,25000.000,242.422,242.833,243.330,243.740,-0.900,-0.921
2017-04-17 10:28:00,242.610,243.524,976.000,446.000,242.55,242.70,5000.000,2500.000,243.50,243.60,446.000,1334.000,242.50,242.75,2500.000,2500.000,243.45,243.65,5532.000,6820.000,20000.000,22500.000,242.411,242.826,243.406,243.728,-0.925,-0.924
2017-04-17 10:29:00,242.517,243.447,98.000,252.000,242.55,242.60,2500.000,2500.000,243.40,243.55,653.000,352.000,242.50,242.70,5000.000,2500.000,243.35,243.60,1917.000,4579.000,17500.000,22500.000,242.443,242.779,243.307,243.717,-0.900,-0.932
2017-04-17 10:30:00,242.498,243.425,555.000,249.000,242.60,242.65,5000.000,2500.000,243.40,243.55,104.000,60.000,242.45,242.70,2500.000,2500.000,243.35,243.60,2281.000,4589.000,17500.000,27500.000,242.424,242.782,243.314,243.659,-0.850,-0.919
2017-04-17 10:31:00,242.762,243.636,839.000,48.000,242.65,242.70,2500.000,7500.000,243.55,243.70,555.000,183.000,242.60,242.80,5000.000,2500.000,243.50,243.75,6035.000,1952.000,17500.000,17500.000,242.541,242.916,243.443,243.771,-0.950,-0.917
2017-04-17 10:32:00,242.643,243.606,449.000,522.000,242.65,242.80,2500.000,2500.000,243.55,243.70,605.000,203.000,242.60,242.85,5000.000,5000.000,243.50,243.75,3339.000,6383.000,17500.000,22500.000,242.526,242.954,243.450,243.794,-0.900,-0.902
2017-04-17 10:33:00,242.491,243.418,221.000,644.000,242.50,242.60,5000.000,5000.000,243.35,243.50,160.000,250.000,242.40,242.65,5000.000,2500.000,243.30,243.55,4242.000,6725.000,20000.000,22500.000,242.280,242.741,243.269,243.689,-0.875,-0.908
2017-04-17 10:34:00,242.281,243.252,20.000,555.000,242.25,242.35,5000.000,2500.000,243.15,243.30,12.000,334.000,242.20,242.40,5000.000,7500.000,243.10,243.40,3250.000,4396.000,25000.000,25000.000,242.102,242.479,243.050,243.475,-0.925,-0.896
2017-04-17 10:35:00,242.377,243.238,384.000,831.000,242.35,242.45,2500.000,2500.000,243.20,243.35,108.000,2578.000,242.30,242.50,2500.000,15000.000,243.15,243.40,4956.000,7798.000,17500.000,32500.000,242.223,242.550,243.079,243.438,-0.875,-0.911
2017-04-17 10:36:00,242.439,243.305,1783.000,172.000,242.30,242.45,2500.000,2500.000,243.25,243.45,2000.000,1012.000,242.25,242.50,5000.000,5000.000,243.20,243.50,9404.000,4104.000,17500.000,30000.000,242.191,242.586,243.121,243.554,-0.975,-0.915
2017-04-17 10:37:00,242.285,243.171,2000.000,394.000,242.25,242.40,2500.000,2500.000,243.15,243.35,1250.000,569.000,242.20,242.45,2500.000,5000.000,243.10,243.40,5258.000,6658.000,17500.000,30000.000,242.168,242.520,243.043,243.496,-0.925,-0.915
2017-04-17 10:38:00,242.296,243.252,190.000,654.000,242.30,242.40,5000.000,5000.000,243.20,243.40,61.000,425.000,242.25,242.45,2500.000,15000.000,243.15,243.45,1977.000,3941.000,17500.000,32500.000,242.191,242.512,243.100,243.481,-0.950,-0.898
2017-04-17 10:39:00,242.412,243.325,141.000,360.000,242.30,242.40,5000.000,5000.000,243.30,243.45,189.000,380.000,242.25,242.45,2500.000,2500.000,243.25,243.50,7095.000,4064.000,17500.000,32500.000,242.154,242.524,243.207,243.550,-1.025,-0.893
2017-04-17 10:40:00,242.476,243.411,310.000,729.000,242.35,242.50,2500.000,7500.000,243.35,243.50,1585.000,1554.000,242.30,242.55,5000.000,2500.000,243.30,243.55,8300.000,5173.000,20000.000,25000.000,242.232,242.601,243.244,243.585,-1.000,-0.883
2017-04-17 10:41:00,242.517,243.403,1.000,642.000,242.40,242.50,5000.000,5000.000,243.40,243.50,138.000,1304.000,242.35,242.55,2500.000,2500.000,243.35,243.55,7937.000,4836.000,17500.000,30000.000,242.247,242.605,243.307,243.608,-1.000,-0.911
2017-04-17 10:42:00,242.515,243.398,1932.000,1821.000,242.40,242.50,10000.000,5000.000,243.40,243.50,1.000,160.000,242.35,242.55,2500.000,2500.000,243.35,243.55,9684.000,5099.000,22500.000,35000.000,242.276,242.592,243.328,243.625,-1.000,-0.910
2017-04-17 10:43:00,242.518,243.393,992.000,2386.000,242.40,242.50,7500.000,2500.000,243.45,243.50,430.000,809.000,242.35,242.60,2500.000,5000.000,243.35,243.55,14519.000,10250.000,20000.000,35000.000,242.261,242.659,243.338,243.618,-1.025,-0.912
2017-04-17 10:44:00,242.533,243.418,516.000,810.000,242.40,242.50,2500.000,5000.000,243.35,243.50,301.000,110.000,242.35,242.55,5000.000,2500.000,243.30,243.55,6866.000,3774.000,20000.000,22500.000,242.233,242.610,243.244,243.617,-0.975,-0.910
2017-04-17 10:45:00,242.703,243.589,210.000,273.000,242.65,242.75,5000.000,10000.000,243.55,243.80,69.000,1000.000,242.55,242.80,7500.000,2500.000,243.50,243.85,5930.000,4233.000,22500.000,35000.000,242.426,242.883,243.467,243.921,-0.975,-0.912
2017-04-17 10:46:00,242.765,243.792,1556.000,608.000,242.75,242.80,2500.000,5000.000,243.70,243.85,106.000,508.000,242.70,242.90,5000.000,2500.000,243.65,243.90,4820.000,6071.000,22500.000,25000.000,242.624,242.984,243.578,243.985,-1.000,-0.899
2017-04-17 10:47:00,242.551,243.427,704.000,96.000,242.50,242.60,5000.000,2500.000,243.45,243.65,40.000,110.000,242.45,242.70,5000.000,10000.000,243.40,243.70,4814.000,4543.000,20000.000,40000.000,242.400,242.801,243.300,243.866,-1.000,-0.920
2017-04-17 10:48:00,242.644,243.529,86.000,104.000,242.45,242.60,2500.000,5000.000,243.50,243.65,3139.000,110.000,242.40,242.70,2500.000,2500.000,243.45,243.70,16326.000,7222.000,12500.000,22500.000,242.309,242.787,243.390,243.739,-1.050,-0.941
2017-04-17 10:49:00,242.507,243.382,1329.000,106.000,242.40,242.45,5000.000,5000.000,243.30,243.50,331.000,394.000,242.35,242.55,5000.000,5000.000,243.25,243.55,5193.000,2150.000,22500.000,25000.000,242.277,242.640,243.150,243.600,-0.975,-0.963
2017-04-17 10:50:00,242.571,243.467,2022.000,109.000,242.40,242.45,7500.000,2500.000,243.45,243.55,331.000,1.000,242.35,242.50,7500.000,5000.000,243.35,243.60,14422.000,554.000,30000.000,27500.000,242.269,242.546,243.279,243.655,-1.075,-0.969
2017-04-17 10:51:00,242.729,243.690,1500.000,306.000,242.55,242.65,7500.000,5000.000,243.65,243.75,5339.000,110.000,242.50,242.75,7500.000,7500.000,243.60,243.85,17078.000,4508.000,30000.000,35000.000,242.434,242.830,243.567,243.907,-1.100,-0.974
2017-04-17 10:52:00,242.970,243.950,758.000,110.000,242.90,242.95,2500.000,10000.000,243.85,244.00,110.000,871.000,242.80,243.00,10000.000,12500.000,243.80,244.10,8409.000,3878.000,25000.000,32500.000,242.713,243.094,243.760,244.112,-1.000,-0.973
2017-04-17 10:53:00,242.909,243.903,200.000,535.000,242.80,242.95,2500.000,5000.000,243.80,244.00,444.000,927.000,242.75,243.00,5000.000,10000.000,243.75,244.05,6104.000,4519.000,20000.000,22500.000,242.664,243.080,243.700,244.072,-1.025,-0.966
2017-04-17 10:54:00,242.734,243.717,3485.000,100.000,242.50,242.70,2500.000,2500.000,243.65,243.80,807.000,50.000,242.45,242.80,2500.000,2500.000,243.60,243.85,12841.000,2679.000,15000.000,15000.000,242.419,242.915,243.550,243.917,-1.125,-0.981
2017-04-17 10:55:00,242.763,243.691,1968.000,97.000,242.70,242.75,5000.000,2500.000,243.65,243.85,364.000,424.000,242.55,242.85,2500.000,10000.000,243.60,243.90,12624.000,6178.000,15000.000,25000.000,242.482,242.971,243.567,243.955,-1.025,-1.009
2017-04-17 10:56:00,242.840,243.827,906.000,71.000,242.75,242.85,7500.000,7500.000,243.75,243.95,364.000,90.000,242.65,242.90,2500.000,10000.000,243.70,244.00,11570.000,5529.000,25000.000,30000.000,242.573,243.004,243.580,244.025,-1.050,-1.044
2017-04-17 10:57:00,242.936,243.911,111.000,1490.000,242.85,242.90,2500.000,2500.000,243.85,243.95,61.000,292.000,242.75,242.95,5000.000,12500.000,243.80,244.05,9802.000,5588.000,20000.000,25000.000,242.640,242.995,243.756,244.085,-1.025,-1.061
2017-04-17 10:58:00,242.821,243.777,200.000,283.000,242.65,242.85,10000.000,2500.000,243.75,243.85,5399.000,1915.000,242.60,242.90,2500.000,7500.000,243.70,243.95,17713.000,9166.000,25000.000,30000.000,242.527,242.973,243.660,244.012,-1.050,-1.093
2017-04-17 10:59:00,242.787,243.845,935.000,83.000,242.70,242.75,2500.000,5000.000,243.80,243.95,4134.000,200.000,242.65,242.85,7500.000,2500.000,243.75,244.00,14647.000,7301.000,22500.000,30000.000,242.585,242.962,243.672,244.062,-1.150,-1.129
2017-04-17 11:00:00,243.046,244.118,1300.000,53.000,242.90,243.05,5000.000,2500.000,244.05,244.20,110.000,60.000,242.85,243.10,12500.000,2500.000,244.00,244.25,10243.000,4343.000,25000.000,17500.000,242.768,243.222,243.975,244.329,-1.150,-1.113
2017-04-17 11:01:00,243.322,244.479,1.000,124.000,243.25,243.35,5000.000,2500.000,244.35,244.55,500.000,334.000,243.20,243.40,2500.000,2500.000,244.30,244.60,5915.000,3677.000,25000.000,17500.000,243.130,243.518,244.240,244.679,-1.150,-1.071
2017-04-17 11:02:00,243.091,244.154,2501.000,347.000,242.90,243.00,2500.000,2500.000,244.10,244.30,2520.000,60.000,242.85,243.10,2500.000,5000.000,244.05,244.35,13656.000,2157.000,12500.000,20000.000,242.798,243.182,244.000,244.400,-1.250,-1.057
2017-04-17 11:03:00,243.214,244.331,34.000,49.000,243.10,243.20,2500.000,5000.000,244.20,244.40,60.000,113.000,243.05,243.30,7500.000,5000.000,244.15,244.45,6113.000,3631.000,22500.000,17500.000,242.974,243.406,244.106,244.479,-1.150,-1.039
2017-04-17 11:04:00,244.231,245.470,2274.000,48.000,244.20,244.30,10000.000,5000.000,245.20,245.40,334.000,404.000,244.15,244.40,5000.000,2500.000,245.15,245.60,6427.000,6871.000,40000.000,17500.000,244.086,244.520,245.088,245.593,-1.050,-0.965
2017-04-17 11:05:00,243.921,244.911,2000.000,694.000,243.80,243.95,5000.000,5000.000,244.80,245.00,51.000,1453.000,243.75,244.00,5000.000,5000.000,244.75,245.05,8238.000,5583.000,17500.000,17500.000,243.662,244.075,244.721,245.100,-1.025,-0.952
2017-04-17 11:06:00,244.401,245.347,2550.000,102.000,244.30,244.40,5000.000,2500.000,245.30,245.45,304.000,100.000,244.25,244.45,2500.000,2500.000,245.25,245.65,7383.000,4164.000,17500.000,25000.000,244.191,244.593,245.207,245.765,-1.025,-0.956
2017-04-17 11:07:00,245.094,246.087,777.000,342.000,245.15,245.25,17500.000,2500.000,246.00,246.15,50.000,445.000,245.05,245.30,2500.000,2500.000,245.95,246.20,3243.000,6608.000,30000.000,17500.000,245.034,245.374,245.946,246.343,-0.875,-0.947
2017-04-17 11:08:00,245.511,246.539,66.000,44.000,245.45,245.50,2500.000,2500.000,246.40,246.60,1430.000,110.000,245.40,245.55,7500.000,2500.000,246.35,246.65,3470.000,2234.000,27500.000,17500.000,245.321,245.712,246.273,246.721,-1.025,-0.937
2017-04-17 11:09:00,245.164,246.033,189.000,549.000,245.00,245.15,2500.000,5000.000,246.00,246.15,1.000,700.000,244.95,245.20,2500.000,7500.000,245.95,246.20,3481.000,2346.000,15000.000,22500.000,244.822,245.229,245.867,246.239,-1.000,-0.946
2017-04-17 11:10:00,245.710,246.633,2068.000,394.000,245.50,245.70,7500.000,2500.000,246.55,246.80,2804.000,354.000,245.35,245.75,5000.000,2500.000,246.50,246.85,12498.000,2438.000,30000.000,27500.000,245.328,245.809,246.421,246.941,-1.075,-0.967
2017-04-17 11:11:00,245.187,246.153,1246.000,222.000,245.05,245.15,2500.000,2500.000,246.05,246.20,4416.000,836.000,245.00,245.20,5000.000,7500.000,246.00,246.25,9523.000,2505.000,20000.000,22500.000,244.953,245.243,245.938,246.350,-1.025,-0.964
2017-04-17 11:12:00,245.131,246.082,93.000,197.000,245.15,245.20,5000.000,2500.000,246.00,246.10,1233.000,551.000,245.05,245.25,2500.000,7500.000,245.95,246.20,3425.000,3554.000,17500.000,17500.000,244.990,245.345,245.907,246.243,-0.875,-0.954
2017-04-17 11:13:00,245.130,246.107,2264.000,6.000,244.95,245.00,2500.000,5000.000,246.00,246.15,60.000,21.000,244.90,245.05,5000.000,2500.000,245.95,246.20,12619.000,674.000,20000.000,17500.000,244.801,245.174,245.894,246.264,-1.100,-0.941
2017-04-17 11:14:00,245.762,246.675,1516.000,10.000,245.55,245.70,5000.000,2500.000,246.60,246.75,334.000,628.000,245.50,245.75,2500.000,5000.000,246.55,246.80,10542.000,2743.000,22500.000,22500.000,245.400,245.826,246.483,246.850,-1.050,-0.929
2017-04-17 11:15:00,245.487,246.513,1147.000,49.000,245.35,245.40,2500.000,7500.000,246.40,246.60,3139.000,501.000,245.20,245.45,5000.000,2500.000,246.35,246.65,17547.000,1604.000,17500.000,20000.000,245.139,245.502,246.300,246.725,-1.125,-0.897
2017-04-17 11:16:00,246.220,247.175,2523.000,1266.000,246.10,246.30,2500.000,2500.000,247.15,247.25,334.000,105.000,246.05,246.35,2500.000,2500.000,247.05,247.30,10563.000,8557.000,15000.000,15000.000,245.969,246.440,247.008,247.358,-1.000,-0.896
2017-04-17 11:17:00,246.178,247.078,255.000,25.000,246.00,246.05,5000.000,2500.000,247.00,247.20,2485.000,85.000,245.95,246.20,7500.000,7500.000,246.95,247.25,7413.000,2216.000,20000.000,25000.000,245.870,246.299,246.925,247.325,-1.075,-0.897
2017-04-17 11:18:00,246.109,247.019,2241.000,48.000,246.00,246.05,2500.000,2500.000,247.05,247.15,60.000,200.000,245.90,246.10,2500.000,10000.000,246.95,247.20,12226.000,2617.000,17500.000,35000.000,245.831,246.217,246.900,247.264,-1.075,-0.901
2017-04-17 11:19:00,246.049,246.903,1740.000,96.000,245.80,245.90,10000.000,7500.000,246.85,246.95,61.000,744.000,245.75,246.05,2500.000,7500.000,246.80,247.00,12773.000,2708.000,22500.000,22500.000,245.657,246.126,246.783,247.022,-1.050,-0.913
2017-04-17 11:20:00,245.576,246.442,250.000,49.000,245.40,245.45,2500.000,5000.000,246.40,246.60,2129.000,158.000,245.35,245.50,5000.000,2500.000,246.35,246.65,7451.000,1018.000,17500.000,30000.000,245.265,245.628,246.300,246.708,-1.075,-0.920
2017-04-17 11:21:00,245.786,246.737,1354.000,499.000,245.65,245.75,7500.000,5000.000,246.65,246.85,2092.000,2.000,245.60,245.85,2500.000,5000.000,246.60,246.90,9040.000,4046.000,22500.000,25000.000,245.528,245.944,246.572,246.935,-1.050,-0.913
2017-04-17 11:22:00,245.779,246.685,1525.000,50.000,245.65,245.70,5000.000,5000.000,246.60,246.80,500.000,398.000,245.60,245.75,5000.000,7500.000,246.55,246.85,6751.000,1744.000,20000.000,22500.000,245.543,245.852,246.506,246.878,-1.025,-0.905
2017-04-17 11:23:00,245.710,246.636,747.000,562.000,245.65,245.70,2500.000,5000.000,246.60,246.75,500.000,1374.000,245.60,245.75,5000.000,5000.000,246.55,246.80,5496.000,3621.000,17500.000,27500.000,245.538,245.796,246.507,246.845,-1.000,-0.910
2017-04-17 11:24:00,245.700,246.618,500.000,46.000,245.60,245.65,2500.000,2500.000,246.60,246.70,1852.000,800.000,245.55,245.70,5000.000,5000.000,246.55,246.75,8621.000,3313.000,17500.000,25000.000,245.470,245.758,246.507,246.805,-1.025,-0.912
2017-04-17 11:25:00,245.700,246.600,554.000,63.000,245.60,245.65,2500.000,2500.000,246.60,246.70,1376.000,330.000,245.55,245.70,5000.000,5000.000,246.55,246.75,8062.000,3120.000,15000.000,25000.000,245.464,245.770,246.492,246.805,-1.025,-0.932
2017-04-17 11:26:00,245.274,246.191,394.000,52.000,245.05,245.15,2500.000,5000.000,246.05,246.25,3541.000,165.000,245.00,245.30,15000.000,2500.000,246.00,246.30,7648.000,1703.000,25000.000,15000.000,244.939,245.390,245.975,246.333,-1.050,-0.960
2017-04-17 11:27:00,245.250,246.117,2195.000,92.000,245.00,245.05,7500.000,2500.000,246.05,246.15,11.000,405.000,244.95,245.25,10000.000,10000.000,246.00,246.20,11747.000,2018.000,30000.000,22500.000,244.858,245.315,245.971,246.244,-1.075,-0.975
2017-04-17 11:28:00,245.309,246.260,2834.000,48.000,245.10,245.25,2500.000,2500.000,246.15,246.30,449.000,61.000,245.05,245.30,5000.000,7500.000,246.10,246.35,14699.000,2593.000,35000.000,25000.000,244.976,245.406,246.032,246.410,-1.050,-0.969
2017-04-17 11:29:00,245.171,246.097,225.000,49.000,245.05,245.10,5000.000,2500.000,246.05,246.15,1800.000,160.000,245.00,245.15,12500.000,5000.000,246.00,246.20,7120.000,2042.000,27500.000,22500.000,244.900,245.253,245.973,246.261,-1.025,-0.974
2017-04-17 11:30:00,245.295,246.296,394.000,200.000,245.10,245.30,7500.000,2500.000,246.15,246.35,1683.000,51.000,245.05,245.35,7500.000,2500.000,246.10,246.40,13903.000,5444.000,37500.000,20000.000,244.961,245.472,246.060,246.500,-1.050,-0.969
2017-04-17 11:31:00,245.344,246.400,2566.000,49.000,245.15,245.20,5000.000,5000.000,246.20,246.40,453.000,215.000,245.10,245.30,2500.000,2500.000,246.15,246.45,16718.000,1620.000,32500.000,17500.000,245.013,245.419,246.069,246.521,-1.125,-0.942
2017-04-17 11:32:00,245.309,246.250,50.000,383.000,245.20,245.25,2500.000,2500.000,246.15,246.30,1626.000,559.000,245.10,245.30,2500.000,2500.000,246.10,246.35,11111.000,3428.000,32500.000,25000.000,245.005,245.376,246.019,246.435,-1.000,-0.945
2017-04-17 11:33:00,245.252,246.172,1941.000,97.000,245.05,245.10,2500.000,5000.000,246.10,246.25,2389.000,405.000,245.00,245.25,7500.000,7500.000,246.05,246.30,13846.000,2787.000,32500.000,30000.000,244.916,245.333,246.000,246.346,-1.100,-0.949
2017-04-17 11:34:00,245.242,246.192,1944.000,341.000,245.10,245.25,5000.000,2500.000,246.10,246.20,1224.000,734.000,245.05,245.30,5000.000,5000.000,246.05,246.30,8812.000,4063.000,27500.000,20000.000,244.989,245.367,246.014,246.350,-0.975,-0.951
2017-04-17 11:35:00,245.084,246.061,500.000,377.000,245.05,245.10,7500.000,2500.000,246.00,246.10,1639.000,409.000,245.00,245.20,2500.000,2500.000,245.95,246.15,4491.000,4226.000,25000.000,20000.000,244.966,245.264,245.895,246.219,-0.975,-0.951
2017-04-17 11:36:00,245.245,246.167,873.000,49.000,245.10,245.15,5000.000,5000.000,246.10,246.25,1996.000,301.000,245.05,245.25,2500.000,5000.000,246.05,246.30,10652.000,2595.000,22500.000,22500.000,244.980,245.347,246.000,246.339,-1.050,-0.951
2017-04-17 11:37:00,245.095,246.053,1279.000,83.000,245.00,245.10,5000.000,2500.000,246.00,246.05,1294.000,160.000,244.95,245.15,2500.000,7500.000,245.95,246.15,8392.000,4584.000,22500.000,22500.000,244.875,245.243,245.889,246.189,-0.975,-0.936
2017-04-17 11:38:00,245.132,246.074,654.000,104.000,245.00,245.05,7500.000,2500.000,246.00,246.10,1294.000,55.000,244.95,245.15,2500.000,5000.000,245.95,246.15,7767.000,2838.000,25000.000,17500.000,244.862,245.244,245.905,246.200,-1.025,-0.930
2017-04-17 11:39:00,245.160,246.116,2304.000,55.000,245.05,245.15,2500.000,2500.000,246.05,246.15,1185.000,300.000,245.00,245.20,7500.000,2500.000,246.00,246.20,8349.000,3642.000,22500.000,17500.000,244.935,245.282,245.944,246.264,-1.000,-0.929
2017-04-17 11:40:00,245.074,246.053,1949.000,20.000,244.90,244.95,5000.000,5000.000,245.95,246.10,55.000,48.000,244.85,245.00,5000.000,5000.000,245.90,246.15,13399.000,863.000,22500.000,17500.000,244.756,245.089,245.856,246.179,-1.100,-0.924
2017-04-17 11:41:00,245.159,246.082,500.000,196.000,245.00,245.05,5000.000,2500.000,246.00,246.10,1508.000,50.000,244.95,245.15,2500.000,5000.000,245.95,246.15,8133.000,2139.000,25000.000,17500.000,244.862,245.225,245.890,246.200,-1.025,-0.932
2017-04-17 11:42:00,245.210,246.091,1947.000,60.000,245.00,245.15,7500.000,2500.000,246.00,246.15,1174.000,395.000,244.95,245.20,5000.000,2500.000,245.95,246.20,9020.000,1655.000,25000.000,17500.000,244.881,245.262,245.910,246.271,-1.000,-0.948
2017-04-17 11:43:00,245.136,246.047,162.000,248.000,245.00,245.05,5000.000,2500.000,246.00,246.05,1174.000,165.000,244.95,245.15,5000.000,2500.000,245.95,246.10,7137.000,3011.000,25000.000,17500.000,244.852,245.223,245.900,246.150,-1.000,-0.960
2017-04-17 11:44:00,245.138,246.091,496.000,288.000,245.00,245.05,7500.000,2500.000,246.00,246.15,1234.000,50.000,244.95,245.15,7500.000,2500.000,245.95,246.20,7678.000,2702.000,25000.000,17500.000,244.859,245.238,245.925,246.264,-1.050,-0.950
2017-04-17 11:45:00,245.134,246.088,93.000,305.000,245.00,245.05,7500.000,2500.000,246.00,246.10,1174.000,100.000,244.95,245.15,5000.000,5000.000,245.95,246.15,6936.000,3058.000,27500.000,15000.000,244.848,245.226,245.914,246.192,-1.025,-0.939
2017-04-17 11:46:00,245.327,246.286,122.000,27.000,245.20,245.25,2500.000,5000.000,246.15,246.30,419.000,280.000,245.05,245.30,7500.000,2500.000,246.10,246.35,12059.000,2556.000,35000.000,17500.000,244.945,245.398,246.011,246.400,-1.000,-0.926
2017-04-17 11:47:00,245.145,246.107,2500.000,394.000,244.95,245.15,5000.000,5000.000,245.95,246.15,340.000,874.000,244.90,245.20,2500.000,2500.000,245.90,246.20,9366.000,4196.000,22500.000,15000.000,244.818,245.260,245.833,246.233,-1.000,-0.913
2017-04-17 11:48:00,245.047,246.019,2049.000,1016.000,244.95,245.00,2500.000,2500.000,245.95,246.05,193.000,60.000,244.90,245.05,5000.000,2500.000,245.90,246.15,9220.000,3509.000,25000.000,27500.000,244.826,245.103,245.820,246.214,-1.025,-0.934
2017-04-17 11:49:00,245.109,246.011,1867.000,859.000,244.90,245.00,2500.000,2500.000,245.90,246.05,160.000,848.000,244.80,245.10,2500.000,2500.000,245.85,246.10,11341.000,2925.000,20000.000,15000.000,244.709,245.111,245.781,246.150,-1.025,-0.945
2017-04-17 11:50:00,244.758,245.656,6.000,345.000,244.60,244.70,2500.000,7500.000,245.55,245.75,1009.000,354.000,244.50,244.75,5000.000,2500.000,245.50,245.80,5991.000,2131.000,17500.000,22500.000,244.382,244.809,245.443,245.867,-1.000,-0.975
2017-04-17 11:51:00,244.733,245.627,1385.000,96.000,244.50,244.55,7500.000,2500.000,245.55,245.70,1003.000,150.000,244.40,244.70,2500.000,5000.000,245.50,245.75,15494.000,1908.000,17500.000,15000.000,244.324,244.788,245.479,245.792,-1.100,-1.009
2017-04-17 11:52:00,245.155,246.053,60.000,590.000,244.95,245.00,2500.000,7500.000,246.05,246.15,492.000,54.000,244.90,245.10,2500.000,2500.000,246.00,246.20,10830.000,1588.000,12500.000,25000.000,244.798,245.139,245.950,246.260,-1.125,-1.017
2017-04-17 11:53:00,244.923,246.000,25.000,12.000,244.95,245.00,5000.000,5000.000,245.90,246.10,48.000,50.000,244.90,245.10,2500.000,5000.000,245.85,246.15,1231.000,2284.000,20000.000,22500.000,244.779,245.236,245.769,246.183,-1.025,-1.015
2017-04-17 11:54:00,245.005,245.961,246.000,836.000,244.95,245.00,2500.000,2500.000,245.90,246.05,108.000,50.000,244.85,245.05,2500.000,5000.000,245.85,246.10,2875.000,1929.000,20000.000,25000.000,244.777,245.098,245.750,246.160,-1.000,-1.042
2017-04-17 11:55:00,245.011,246.064,1909.000,95.000,245.00,245.05,5000.000,2500.000,246.00,246.15,493.000,354.000,244.95,245.25,2500.000,10000.000,245.95,246.20,3950.000,5290.000,20000.000,25000.000,244.928,245.372,245.900,246.255,-1.050,-1.061
2017-04-17 11:56:00,245.011,246.072,1418.000,98.000,245.00,245.05,2500.000,5000.000,246.00,246.15,493.000,454.000,244.95,245.25,5000.000,10000.000,245.95,246.20,3489.000,4483.000,20000.000,25000.000,244.917,245.350,245.894,246.245,-1.050,-1.059
2017-04-17 11:57:00,245.043,245.984,1.000,530.000,244.95,245.05,5000.000,5000.000,245.90,246.05,784.000,362.000,244.80,245.10,2500.000,2500.000,245.85,246.10,6875.000,3624.000,20000.000,20000.000,244.690,245.188,245.794,246.156,-0.975,-1.077
2017-04-17 11:58:00,245.198,246.265,1305.000,47.000,245.05,245.15,5000.000,2500.000,246.20,246.25,973.000,160.000,245.00,245.25,2500.000,5000.000,246.10,246.30,6995.000,2069.000,37500.000,22500.000,244.959,245.333,246.010,246.361,-1.125,-1.072
2017-04-17 11:59:00,245.302,246.391,385.000,95.000,245.20,245.25,2500.000,5000.000,246.30,246.45,334.000,92.000,245.15,245.30,2500.000,2500.000,246.25,246.50,7075.000,3652.000,12500.000,15000.000,245.050,245.471,246.200,246.575,-1.150,-1.056
2017-04-17 12:00:00,245.239,246.388,2026.000,152.000,245.10,245.30,7500.000,2500.000,246.20,246.40,2834.000,354.000,245.05,245.35,7500.000,5000.000,246.15,246.45,10726.000,5135.000,42500.000,20000.000,245.016,245.464,246.076,246.500,-1.100,-1.005
2017-04-17 12:01:00,245.260,246.310,1194.000,497.000,245.15,245.30,2500.000,2500.000,246.25,246.40,2561.000,60.000,245.10,245.35,7500.000,2500.000,246.20,246.45,9670.000,5236.000,17500.000,20000.000,245.043,245.463,246.164,246.531,-1.100,-0.981
2017-04-17 12:02:00,245.338,246.369,932.000,24.000,245.15,245.25,10000.000,7500.000,246.25,246.45,2561.000,1425.000,245.10,245.30,5000.000,2500.000,246.20,246.50,13592.000,2158.000,22500.000,17500.000,245.018,245.339,246.189,246.529,-1.150,-0.965
2017-04-17 12:03:00,245.267,246.309,2458.000,1372.000,245.15,245.30,2500.000,2500.000,246.25,246.40,2500.000,362.000,245.10,245.35,7500.000,7500.000,246.20,246.45,11748.000,6413.000,17500.000,22500.000,245.047,245.432,246.164,246.533,-1.100,-0.944
2017-04-17 12:04:00,245.546,246.553,799.000,431.000,245.35,245.50,2500.000,2500.000,246.45,246.65,2500.000,110.000,245.30,245.55,7500.000,7500.000,246.40,246.70,8425.000,1913.000,20000.000,20000.000,245.236,245.604,246.356,246.738,-1.125,-0.922
2017-04-17 12:05:00,245.988,246.880,20.000,378.000,245.90,245.95,2500.000,5000.000,246.85,247.00,1.000,1200.000,245.80,246.00,2500.000,2500.000,246.80,247.10,5838.000,2856.000,12500.000,25000.000,245.709,246.028,246.750,247.140,-1.000,-0.950
2017-04-17 12:06:00,245.884,246.815,141.000,381.000,245.75,245.80,2500.000,2500.000,246.75,246.95,188.000,383.000,245.70,245.90,2500.000,7500.000,246.70,247.00,7004.000,3323.000,17500.000,25000.000,245.593,245.968,246.614,247.055,-1.075,-0.962
2017-04-17 12:07:00,245.751,246.703,195.000,431.000,245.55,245.70,2500.000,5000.000,246.55,246.75,300.000,354.000,245.50,245.75,2500.000,2500.000,246.50,246.85,7037.000,2163.000,22500.000,20000.000,245.406,245.802,246.372,246.881,-1.025,-0.965
2017-04-17 12:08:00,245.517,246.453,500.000,48.000,245.30,245.40,2500.000,5000.000,246.35,246.50,496.000,362.000,245.25,245.50,5000.000,5000.000,246.30,246.55,8458.000,2087.000,20000.000,20000.000,245.163,245.586,246.219,246.631,-1.075,-0.991
2017-04-17 12:09:00,245.551,246.450,475.000,143.000,245.25,245.35,2500.000,2500.000,246.35,246.50,2834.000,449.000,245.20,245.50,5000.000,2500.000,246.30,246.55,13658.000,2269.000,17500.000,12500.000,245.101,245.584,246.214,246.600,-1.125,-1.021
2017-04-17 12:10:00,245.253,246.287,2875.000,628.000,245.10,245.30,2500.000,5000.000,246.20,246.35,3596.000,378.000,245.05,245.35,2500.000,5000.000,246.15,246.40,12038.000,5224.000,22500.000,25000.000,245.017,245.446,246.067,246.440,-1.075,-1.008
2017-04-17 12:11:00,245.284,246.273,3738.000,2.000,245.15,245.25,5000.000,2500.000,246.20,246.35,2332.000,317.000,245.10,245.35,2500.000,5000.000,246.15,246.40,13728.000,4587.000,20000.000,17500.000,245.052,245.466,246.088,246.450,-1.075,-0.994
2017-04-17 12:12:00,245.258,246.223,728.000,95.000,245.15,245.20,2500.000,2500.000,246.20,246.30,2098.000,339.000,245.10,245.30,2500.000,2500.000,246.15,246.35,10736.000,5234.000,15000.000,17500.000,245.023,245.453,246.067,246.414,-1.075,-0.991
2017-04-17 12:13:00,245.194,246.265,2646.000,52.000,245.05,245.10,5000.000,2500.000,246.15,246.35,2647.000,5.000,245.00,245.20,2500.000,5000.000,246.10,246.40,9764.000,1732.000,17500.000,15000.000,244.960,245.362,246.057,246.442,-1.175,-0.962
2017-04-17 12:14:00,245.210,246.257,1816.000,74.000,245.10,245.15,5000.000,5000.000,246.15,246.35,2079.000,331.000,245.05,245.30,2500.000,5000.000,246.10,246.40,9829.000,4901.000,17500.000,17500.000,244.997,245.451,246.057,246.429,-1.125,-0.943
2017-04-17 12:15:00,245.137,246.103,1.000,11.000,244.95,245.00,2500.000,2500.000,246.05,246.15,2700.000,41.000,244.90,245.05,7500.000,5000.000,246.00,246.20,16614.000,896.000,20000.000,17500.000,244.794,245.177,245.956,246.243,-1.125,-0.932
2017-04-17 12:16:00,244.847,245.766,250.000,442.000,244.65,244.80,5000.000,5000.000,245.70,245.90,60.000,384.000,244.60,244.85,2500.000,2500.000,245.65,245.95,12697.000,3681.000,17500.000,22500.000,244.505,244.941,245.614,246.006,-1.075,-0.937
2017-04-17 12:17:00,244.724,245.675,524.000,269.000,244.55,244.65,2500.000,5000.000,245.55,245.75,2260.000,304.000,244.50,244.70,2500.000,5000.000,245.50,245.80,10868.000,1756.000,17500.000,17500.000,244.386,244.765,245.421,245.829,-1.050,-0.963
2017-04-17 12:18:00,244.769,245.696,56.000,859.000,244.60,244.80,2500.000,2500.000,245.65,245.80,3395.000,459.000,244.55,244.85,2500.000,2500.000,245.60,245.85,13134.000,6082.000,15000.000,17500.000,244.484,244.947,245.542,245.914,-1.025,-0.988
2017-04-17 12:19:00,244.737,245.687,884.000,105.000,244.60,244.80,5000.000,5000.000,245.60,245.80,334.000,354.000,244.55,244.85,5000.000,5000.000,245.55,245.85,8700.000,5264.000,17500.000,20000.000,244.476,244.973,245.507,245.894,-1.000,-0.993
2017-04-17 12:20:00,245.033,245.947,969.000,248.000,244.80,244.95,7500.000,2500.000,245.85,246.05,269.000,701.000,244.75,245.00,2500.000,2500.000,245.80,246.10,10233.000,2371.000,22500.000,20000.000,244.658,245.097,245.744,246.175,-1.075,-1.025
2017-04-17 12:21:00,244.857,245.800,21.000,82.000,244.70,244.75,5000.000,5000.000,245.70,245.90,465.000,1334.000,244.60,244.80,5000.000,10000.000,245.65,245.95,13138.000,2241.000,20000.000,22500.000,244.492,244.845,245.619,245.983,-1.075,-1.042
2017-04-17 12:22:00,244.805,245.887,1262.000,96.000,244.65,244.70,2500.000,5000.000,245.85,245.95,5973.000,8.000,244.60,244.75,5000.000,2500.000,245.75,246.00,20559.000,754.000,15000.000,15000.000,244.535,244.803,245.717,246.033,-1.225,-1.020
2017-04-17 12:23:00,244.854,245.903,745.000,45.000,244.70,244.75,2500.000,7500.000,245.80,246.00,2555.000,54.000,244.65,244.80,2500.000,2500.000,245.75,246.05,10588.000,2004.000,20000.000,22500.000,244.569,244.967,245.606,246.089,-1.175,-1.008
2017-04-17 12:24:00,244.758,245.734,2842.000,698.000,244.55,244.80,2500.000,2500.000,245.70,245.85,2610.000,362.000,244.50,244.85,2500.000,5000.000,245.65,245.90,15306.000,5989.000,15000.000,25000.000,244.451,244.954,245.583,245.975,-1.100,-1.001
2017-04-17 12:25:00,244.874,245.950,651.000,44.000,244.80,244.85,2500.000,2500.000,245.90,246.05,3650.000,858.000,244.75,244.90,2500.000,10000.000,245.85,246.10,7652.000,2816.000,15000.000,22500.000,244.707,244.964,245.783,246.133,-1.150,-0.979
2017-04-17 12:26:00,244.913,245.938,895.000,387.000,244.85,244.90,2500.000,2500.000,245.90,246.00,2568.000,741.000,244.75,244.95,2500.000,7500.000,245.85,246.10,7379.000,3215.000,15000.000,25000.000,244.704,244.998,245.783,246.140,-1.075,-0.964
2017-04-17 12:27:00,245.004,245.979,1150.000,347.000,244.85,244.95,2500.000,2500.000,245.90,246.10,1047.000,661.000,244.80,245.00,5000.000,10000.000,245.85,246.15,8138.000,2095.000,15000.000,20000.000,244.732,245.043,245.808,246.181,-1.100,-0.974
2017-04-17 12:28:00,244.979,245.966,703.000,92.000,244.85,244.90,2500.000,5000.000,245.90,246.10,714.000,282.000,244.80,244.95,5000.000,12500.000,245.85,246.15,8001.000,1783.000,15000.000,25000.000,244.716,245.019,245.808,246.170,-1.125,-0.967
2017-04-17 12:29:00,244.835,245.780,5.000,44.000,244.70,244.75,2500.000,5000.000,245.75,245.90,1294.000,545.000,244.65,244.80,2500.000,7500.000,245.70,245.95,9329.000,2342.000,12500.000,25000.000,244.549,244.879,245.650,245.980,-1.100,-0.965
2017-04-17 12:30:00,244.682,245.647,2631.000,85.000,244.50,244.55,5000.000,7500.000,245.55,245.75,60.000,256.000,244.45,244.70,10000.000,2500.000,245.50,245.80,9413.000,1728.000,25000.000,22500.000,244.384,244.771,245.475,245.850,-1.125,-0.973
2017-04-17 12:31:00,244.719,245.667,1526.000,109.000,244.50,244.55,7500.000,7500.000,245.55,245.75,60.000,256.000,244.45,244.70,7500.000,2500.000,245.50,245.80,9625.000,2027.000,27500.000,22500.000,244.366,244.782,245.477,245.867,-1.125,-0.982
2017-04-17 12:32:00,244.594,245.616,66.000,156.000,244.50,244.55,7500.000,2500.000,245.50,245.70,1350.000,111.000,244.45,244.65,5000.000,7500.000,245.45,245.75,6200.000,3545.000,22500.000,17500.000,244.369,244.743,245.428,245.786,-1.075,-0.971
2017-04-17 12:33:00,244.580,245.537,333.000,202.000,244.50,244.55,2500.000,2500.000,245.50,245.60,852.000,639.000,244.45,244.60,5000.000,5000.000,245.45,245.65,10908.000,4784.000,17500.000,20000.000,244.304,244.705,245.400,245.706,-1.025,-0.982
2017-04-17 12:34:00,244.623,245.556,523.000,76.000,244.45,244.50,7500.000,2500.000,245.50,245.65,2721.000,144.000,244.35,244.60,7500.000,5000.000,245.45,245.70,16740.000,2881.000,22500.000,22500.000,244.259,244.720,245.433,245.756,-1.100,-0.996
2017-04-17 12:35:00,244.622,245.627,550.000,49.000,244.45,244.50,5000.000,5000.000,245.50,245.70,500.000,26.000,244.40,244.55,5000.000,5000.000,245.45,245.75,10606.000,930.000,20000.000,17500.000,244.297,244.674,245.419,245.807,-1.125,-0.998
2017-04-17 12:36:00,244.659,245.653,42.000,1.000,244.50,244.60,7500.000,7500.000,245.55,245.75,3334.000,200.000,244.45,244.65,7500.000,2500.000,245.50,245.80,10083.000,1884.000,25000.000,20000.000,244.383,244.754,245.470,245.838,-1.100,-1.000
2017-04-17 12:37:00,244.701,245.668,204.000,143.000,244.55,244.65,2500.000,7500.000,245.60,245.75,177.000,693.000,244.50,244.70,5000.000,2500.000,245.55,245.80,9549.000,2759.000,20000.000,22500.000,244.418,244.779,245.500,245.844,-1.075,-0.994
2017-04-17 12:38:00,244.595,245.606,131.000,83.000,244.50,244.55,2500.000,2500.000,245.55,245.70,3010.000,234.000,244.45,244.60,5000.000,7500.000,245.50,245.75,9508.000,2673.000,20000.000,25000.000,244.382,244.714,245.450,245.815,-1.100,-0.990
2017-04-17 12:39:00,244.588,245.594,303.000,75.000,244.50,244.55,2500.000,5000.000,245.55,245.70,3010.000,274.000,244.45,244.60,5000.000,5000.000,245.50,245.75,9821.000,3009.000,17500.000,25000.000,244.383,244.718,245.457,245.810,-1.100,-0.994
2017-04-17 12:40:00,244.587,245.600,198.000,114.000,244.50,244.55,5000.000,5000.000,245.55,245.70,3010.000,334.000,244.45,244.60,5000.000,5000.000,245.50,245.75,9716.000,3108.000,20000.000,25000.000,244.382,244.714,245.469,245.810,-1.100,-0.986
2017-04-17 12:41:00,244.684,245.687,4032.000,104.000,244.55,244.60,2500.000,5000.000,245.65,245.75,2835.000,299.000,244.50,244.70,2500.000,2500.000,245.60,245.80,15443.000,2386.000,17500.000,20000.000,244.460,244.792,245.543,245.863,-1.125,-0.989
2017-04-17 12:42:00,244.743,245.678,41.000,216.000,244.60,244.70,2500.000,5000.000,245.60,245.75,2501.000,422.000,244.50,244.75,5000.000,5000.000,245.55,245.80,14333.000,3664.000,20000.000,20000.000,244.424,244.839,245.500,245.844,-1.025,-0.990
2017-04-17 12:43:00,244.604,245.597,1130.000,64.000,244.50,244.55,2500.000,2500.000,245.55,245.70,3706.000,346.000,244.45,244.65,5000.000,5000.000,245.50,245.75,10993.000,4090.000,17500.000,22500.000,244.400,244.740,245.421,245.811,-1.100,-0.978
2017-04-17 12:44:00,244.538,245.563,277.000,519.000,244.50,244.55,5000.000,2500.000,245.50,245.65,3706.000,60.000,244.45,244.60,2500.000,5000.000,245.45,245.70,7036.000,3908.000,17500.000,20000.000,244.407,244.702,245.400,245.750,-1.050,-0.971
2017-04-17 12:45:00,244.705,245.679,1448.000,2.000,244.55,244.65,2500.000,2500.000,245.60,245.75,60.000,376.000,244.50,244.70,5000.000,2500.000,245.55,245.80,11669.000,2433.000,20000.000,15000.000,244.434,244.788,245.494,245.867,-1.075,-0.976
2017-04-17 12:46:00,244.602,245.617,700.000,96.000,244.50,244.55,2500.000,2500.000,245.60,245.70,5259.000,110.000,244.45,244.70,2500.000,2500.000,245.55,245.75,11400.000,6421.000,12500.000,17500.000,244.407,244.786,245.500,245.814,-1.125,-0.978
2017-04-17 12:47:00,244.771,245.716,35.000,285.000,244.60,244.80,2500.000,2500.000,245.65,245.85,552.000,705.000,244.55,244.85,5000.000,7500.000,245.60,245.90,10376.000,5672.000,17500.000,22500.000,244.456,244.945,245.550,245.950,-1.050,-0.981
2017-04-17 12:48:00,244.674,245.603,374.000,1302.000,244.50,244.70,2500.000,5000.000,245.55,245.75,3314.000,2396.000,244.45,244.75,5000.000,7500.000,245.50,245.80,12033.000,6729.000,15000.000,25000.000,244.381,244.786,245.442,245.830,-1.050,-0.993
2017-04-17 12:49:00,244.349,245.340,1283.000,60.000,244.30,244.40,2500.000,2500.000,245.30,245.40,143.000,1580.000,244.25,244.45,12500.000,2500.000,245.25,245.45,6766.000,7336.000,45000.000,42500.000,244.177,244.512,245.194,245.535,-1.000,-0.989
2017-04-17 12:50:00,244.466,245.468,1709.000,306.000,244.45,244.50,5000.000,5000.000,245.40,245.55,500.000,455.000,244.30,244.60,2500.000,5000.000,245.35,245.65,9927.000,7217.000,22500.000,27500.000,244.238,244.717,245.294,245.709,-1.000,-0.986
2017-04-17 12:51:00,244.600,245.624,1.000,1027.000,244.50,244.70,2500.000,2500.000,245.60,245.65,2500.000,3575.000,244.45,244.75,2500.000,7500.000,245.55,245.75,8031.000,8525.000,17500.000,25000.000,244.383,244.804,245.500,245.800,-1.025,-0.970
2017-04-17 12:52:00,244.721,245.682,2550.000,711.000,244.55,244.70,2500.000,2500.000,245.60,245.75,80.000,1454.000,244.50,244.75,2500.000,5000.000,245.55,245.80,13359.000,4520.000,25000.000,22500.000,244.438,244.799,245.455,245.856,-1.050,-0.949
2017-04-17 12:53:00,244.766,245.756,1125.000,99.000,244.65,244.70,2500.000,2500.000,245.65,245.85,50.000,1070.000,244.60,244.75,5000.000,7500.000,245.60,245.90,9013.000,2936.000,20000.000,20000.000,244.503,244.832,245.544,245.944,-1.075,-0.945
2017-04-17 12:54:00,244.939,245.908,120.000,629.000,244.75,244.90,2500.000,5000.000,245.80,246.00,110.000,178.000,244.70,244.95,7500.000,7500.000,245.75,246.05,7713.000,3090.000,22500.000,22500.000,244.594,245.002,245.700,246.083,-1.075,-0.937
2017-04-17 12:55:00,244.857,245.844,4.000,386.000,244.80,244.85,2500.000,2500.000,245.80,245.95,2601.000,626.000,244.65,244.90,5000.000,7500.000,245.75,246.00,10244.000,4985.000,17500.000,25000.000,244.558,244.978,245.707,246.075,-1.050,-0.934
2017-04-17 12:56:00,244.721,245.668,1526.000,49.000,244.50,244.65,2500.000,2500.000,245.60,245.75,5550.000,414.000,244.45,244.75,5000.000,7500.000,245.55,245.80,12759.000,2378.000,20000.000,22500.000,244.409,244.820,245.500,245.844,-1.100,-0.936
2017-04-17 12:57:00,244.529,245.384,174.000,369.000,244.40,244.45,2500.000,2500.000,245.35,245.55,61.000,384.000,244.25,244.50,2500.000,7500.000,245.30,245.60,8047.000,1838.000,15000.000,25000.000,244.153,244.546,245.217,245.660,-1.025,-0.961
2017-04-17 12:58:00,244.279,245.247,1728.000,3437.000,244.15,244.30,2500.000,2500.000,245.20,245.35,160.000,354.000,244.10,244.35,2500.000,7500.000,245.15,245.40,11832.000,7959.000,20000.000,27500.000,244.020,244.396,245.050,245.455,-1.050,-0.950
2017-04-17 12:59:00,244.413,245.340,29.000,33.000,244.20,244.25,5000.000,2500.000,245.25,245.45,500.000,100.000,244.15,244.30,5000.000,5000.000,245.20,245.50,15606.000,2233.000,17500.000,20000.000,244.029,244.477,245.171,245.588,-1.125,-0.959
2017-04-17 13:00:00,244.404,245.380,1785.000,28.000,244.25,244.30,2500.000,2500.000,245.35,245.45,2560.000,300.000,244.20,244.40,2500.000,5000.000,245.30,245.50,14009.000,3015.000,17500.000,20000.000,244.126,244.487,245.236,245.562,-1.125,-0.960
2017-04-17 13:01:00,244.384,245.340,1200.000,102.000,244.25,244.30,2500.000,7500.000,245.30,245.45,338.000,60.000,244.20,244.35,5000.000,5000.000,245.25,245.50,13458.000,2750.000,17500.000,32500.000,244.104,244.472,245.207,245.600,-1.100,-0.948
2017-04-17 13:02:00,244.270,245.247,2947.000,68.000,244.10,244.20,5000.000,5000.000,245.15,245.35,258.000,406.000,244.05,244.25,2500.000,5000.000,245.10,245.40,14539.000,1582.000,17500.000,20000.000,243.997,244.335,245.050,245.431,-1.100,-0.935
2017-04-17 13:03:00,244.435,245.350,4.000,1000.000,244.30,244.35,2500.000,2500.000,245.35,245.45,1251.000,44.000,244.25,244.40,2500.000,7500.000,245.30,245.50,11969.000,3187.000,17500.000,25000.000,244.151,244.455,245.236,245.560,-1.075,-0.937
2017-04-17 13:04:00,244.739,245.713,1425.000,1182.000,244.55,244.70,5000.000,2500.000,245.60,245.80,1250.000,110.000,244.50,244.75,2500.000,7500.000,245.55,245.85,9490.000,2684.000,20000.000,20000.000,244.433,244.785,245.500,245.894,-1.075,-0.928
2017-04-17 13:05:00,244.556,245.535,539.000,1266.000,244.35,244.55,2500.000,2500.000,245.45,245.60,2839.000,1334.000,244.30,244.60,5000.000,2500.000,245.40,245.65,13809.000,5224.000,22500.000,20000.000,244.228,244.650,245.283,245.725,-1.075,-0.919
2017-04-17 13:06:00,244.554,245.450,990.000,50.000,244.30,244.35,5000.000,2500.000,245.35,245.55,806.000,260.000,244.25,244.50,2500.000,7500.000,245.30,245.60,16642.000,1756.000,17500.000,17500.000,244.150,244.574,245.264,245.636,-1.125,-0.920
2017-04-17 13:07:00,244.581,245.491,1588.000,43.000,244.35,244.40,2500.000,2500.000,245.40,245.55,2480.000,119.000,244.30,244.55,5000.000,2500.000,245.35,245.60,15043.000,1600.000,22500.000,20000.000,244.221,244.624,245.261,245.681,-1.100,-0.916
2017-04-17 13:08:00,244.537,245.461,935.000,88.000,244.35,244.40,2500.000,2500.000,245.35,245.50,2046.000,468.000,244.30,244.55,2500.000,2500.000,245.30,245.55,8729.000,2041.000,25000.000,20000.000,244.234,244.601,245.210,245.650,-1.050,-0.927
2017-04-17 13:09:00,244.414,245.343,1833.000,91.000,244.30,244.35,5000.000,2500.000,245.25,245.40,1.000,334.000,244.25,244.40,2500.000,2500.000,245.20,245.45,9622.000,3001.000,20000.000,17500.000,244.156,244.492,245.150,245.536,-1.000,-0.952
2017-04-17 13:10:00,244.365,245.300,1514.000,109.000,244.20,244.35,2500.000,7500.000,245.15,245.35,60.000,354.000,244.15,244.45,7500.000,5000.000,245.10,245.40,10628.000,5717.000,25000.000,22500.000,244.059,244.547,245.050,245.478,-0.975,-0.961
2017-04-17 13:11:00,244.246,245.147,112.000,1261.000,244.20,244.25,2500.000,2500.000,245.05,245.20,2947.000,20.000,244.10,244.30,7500.000,5000.000,245.00,245.25,8061.000,4734.000,22500.000,17500.000,243.994,244.378,244.956,245.293,-0.900,-0.992
2017-04-17 13:12:00,244.212,245.100,1225.000,59.000,243.95,244.00,5000.000,2500.000,245.00,245.15,510.000,185.000,243.90,244.20,2500.000,2500.000,244.95,245.20,13308.000,3177.000,17500.000,12500.000,243.784,244.263,244.907,245.250,-1.100,-1.010
2017-04-17 13:13:00,244.058,245.042,428.000,215.000,244.00,244.15,2500.000,2500.000,245.00,245.10,750.000,643.000,243.95,244.20,2500.000,7500.000,244.95,245.15,3703.000,5174.000,12500.000,17500.000,243.877,244.246,244.900,245.200,-0.975,-0.999
2017-04-17 13:14:00,244.010,245.062,283.000,64.000,244.05,244.10,2500.000,2500.000,245.00,245.10,246.000,489.000,244.00,244.15,2500.000,5000.000,244.95,245.15,2372.000,5343.000,15000.000,15000.000,243.931,244.233,244.883,245.192,-0.975,-0.981
2017-04-17 13:15:00,244.186,245.165,49.000,7.000,244.10,244.20,5000.000,2500.000,245.05,245.25,2495.000,778.000,244.05,244.25,5000.000,5000.000,245.00,245.30,4893.000,2510.000,17500.000,15000.000,244.003,244.332,244.971,245.358,-1.000,-0.982
2017-04-17 13:16:00,244.255,245.311,161.000,543.000,244.15,244.25,7500.000,2500.000,245.15,245.30,540.000,50.000,244.10,244.30,5000.000,2500.000,245.10,245.35,3794.000,2425.000,30000.000,15000.000,244.003,244.367,245.050,245.442,-1.025,-0.957
2017-04-17 13:17:00,244.255,245.232,227.000,91.000,244.15,244.20,2500.000,2500.000,245.15,245.20,1021.000,1043.000,244.05,244.25,2500.000,5000.000,245.10,245.30,9275.000,3016.000,20000.000,15000.000,243.956,244.325,245.037,245.342,-1.000,-0.939
2017-04-17 13:18:00,244.279,245.210,1315.000,79.000,244.10,244.15,2500.000,2500.000,245.15,245.25,223.000,1043.000,244.05,244.25,5000.000,5000.000,245.10,245.30,13287.000,2650.000,20000.000,17500.000,243.955,244.328,245.050,245.371,-1.075,-0.938
2017-04-17 13:19:00,244.292,245.254,155.000,70.000,244.10,244.15,2500.000,2500.000,245.15,245.25,398.000,1093.000,244.05,244.25,5000.000,2500.000,245.10,245.30,12362.000,2560.000,22500.000,12500.000,243.943,244.320,245.028,245.360,-1.075,-0.929
2017-04-17 13:20:00,245.317,246.303,16.000,21.000,245.25,245.30,7500.000,2500.000,246.10,246.40,2167.000,50.000,245.20,245.40,2500.000,2500.000,246.05,246.45,2902.000,1237.000,27500.000,17500.000,245.159,245.495,245.982,246.564,-0.975,-0.907
2017-04-17 13:21:00,245.479,246.411,463.000,339.000,245.30,245.45,5000.000,2500.000,246.25,246.45,364.000,379.000,245.25,245.50,2500.000,2500.000,246.20,246.50,4794.000,2361.000,20000.000,15000.000,245.155,245.623,246.137,246.625,-0.975,-0.948
2017-04-17 13:22:00,245.553,246.439,304.000,100.000,245.45,245.55,7500.000,5000.000,246.35,246.55,694.000,1629.000,245.40,245.65,2500.000,2500.000,246.30,246.60,4545.000,4947.000,22500.000,25000.000,245.294,245.747,246.250,246.650,-0.950,-0.970
2017-04-17 13:23:00,245.405,246.332,369.000,39.000,245.30,245.35,5000.000,5000.000,246.20,246.40,60.000,50.000,245.25,245.40,2500.000,7500.000,246.15,246.50,3495.000,2103.000,22500.000,25000.000,245.143,245.480,246.089,246.525,-0.975,-0.982
2017-04-17 13:24:00,245.260,246.175,203.000,47.000,245.10,245.15,5000.000,2500.000,246.05,246.25,304.000,60.000,245.05,245.25,7500.000,2500.000,246.00,246.30,3373.000,612.000,20000.000,15000.000,244.990,245.296,245.975,246.383,-1.025,-0.989
2017-04-17 13:25:00,245.350,246.228,384.000,299.000,245.05,245.25,2500.000,5000.000,246.10,246.30,904.000,305.000,245.00,245.30,5000.000,2500.000,246.05,246.45,6533.000,974.000,20000.000,20000.000,244.897,245.308,245.994,246.475,-1.050,-1.001
2017-04-17 13:26:00,244.759,245.893,536.000,25.000,244.70,244.75,5000.000,2500.000,245.70,245.85,802.000,1000.000,244.65,244.80,2500.000,2500.000,245.65,245.90,3231.000,1838.000,25000.000,12500.000,244.600,244.850,245.580,246.010,-1.050,-0.958
2017-04-17 13:27:00,244.594,245.588,165.000,46.000,244.35,244.50,2500.000,5000.000,245.50,245.65,339.000,385.000,244.30,244.60,2500.000,5000.000,245.45,245.70,15885.000,3764.000,15000.000,17500.000,244.207,244.720,245.392,245.743,-1.150,-0.965
2017-04-17 13:28:00,244.606,245.594,339.000,33.000,244.45,244.50,5000.000,2500.000,245.55,245.70,1618.000,110.000,244.40,244.65,5000.000,5000.000,245.50,245.75,13213.000,5952.000,20000.000,22500.000,244.297,244.764,245.456,245.806,-1.150,-0.979
2017-04-17 13:29:00,244.557,245.507,1463.000,44.000,244.25,244.30,2500.000,5000.000,245.35,245.55,364.000,53.000,244.20,244.50,5000.000,2500.000,245.30,245.60,12669.000,772.000,22500.000,15000.000,244.100,244.554,245.228,245.650,-1.175,-1.003
2017-04-17 13:30:00,244.553,245.494,875.000,64.000,244.20,244.25,2500.000,2500.000,245.35,245.55,521.000,113.000,244.15,244.50,5000.000,5000.000,245.30,245.60,20261.000,1530.000,22500.000,17500.000,244.051,244.580,245.228,245.721,-1.225,-1.000
2017-04-17 13:31:00,244.420,245.337,1152.000,43.000,244.20,244.25,5000.000,2500.000,245.25,245.40,400.000,50.000,244.10,244.40,2500.000,2500.000,245.20,245.45,15274.000,2507.000,20000.000,17500.000,244.008,244.496,245.150,245.550,-1.100,-0.995
2017-04-17 13:32:00,244.844,245.873,1860.000,492.000,244.70,244.85,5000.000,2500.000,245.75,245.90,478.000,55.000,244.60,244.90,2500.000,2500.000,245.70,246.05,11406.000,4689.000,17500.000,15000.000,244.532,244.983,245.636,246.083,-1.050,-0.963
2017-04-17 13:33:00,244.947,246.007,100.000,246.000,244.95,245.00,5000.000,2500.000,245.90,246.05,501.000,55.000,244.90,245.10,5000.000,5000.000,245.85,246.10,2838.000,4394.000,22500.000,15000.000,244.800,245.213,245.811,246.142,-1.000,-0.934
2017-04-17 13:34:00,245.076,246.143,855.000,1710.000,245.00,245.20,5000.000,2500.000,246.00,246.20,1487.000,704.000,244.95,245.25,2500.000,5000.000,245.95,246.25,3500.000,4556.000,22500.000,15000.000,244.923,245.278,245.900,246.292,-1.000,-0.920
2017-04-17 13:35:00,245.137,246.065,425.000,93.000,244.95,245.05,2500.000,2500.000,246.00,246.15,679.000,50.000,244.90,245.15,2500.000,5000.000,245.95,246.20,8064.000,3293.000,15000.000,17500.000,244.780,245.231,245.900,246.257,-1.075,-0.927
2017-04-17 13:36:00,244.658,245.550,401.000,92.000,244.40,244.45,7500.000,5000.000,245.45,245.65,570.000,110.000,244.35,244.65,2500.000,2500.000,245.40,245.75,11941.000,2718.000,17500.000,17500.000,244.245,244.741,245.379,245.786,-1.125,-0.943
2017-04-17 13:37:00,244.878,245.746,50.000,99.000,244.60,244.85,2500.000,2500.000,245.65,245.85,439.000,3.000,244.55,244.90,5000.000,2500.000,245.60,245.90,8110.000,2628.000,17500.000,17500.000,244.437,244.989,245.557,245.950,-1.025,-0.973
2017-04-17 13:38:00,244.773,245.688,1873.000,96.000,244.50,244.75,2500.000,2500.000,245.55,245.75,2017.000,53.000,244.45,244.85,7500.000,2500.000,245.50,245.80,9646.000,2659.000,17500.000,12500.000,244.395,244.970,245.464,245.880,-1.025,-0.991
2017-04-17 13:39:00,244.986,245.983,439.000,48.000,244.80,244.90,2500.000,2500.000,245.90,246.10,2500.000,414.000,244.75,245.05,2500.000,5000.000,245.85,246.15,8690.000,4125.000,17500.000,20000.000,244.674,245.202,245.736,246.200,-1.150,-1.001
2017-04-17 13:40:00,244.765,245.728,1417.000,47.000,244.60,244.65,2500.000,7500.000,245.65,245.80,1350.000,173.000,244.55,244.70,2500.000,2500.000,245.60,245.85,12581.000,689.000,15000.000,25000.000,244.471,244.747,245.542,245.985,-1.100,-1.009
2017-04-17 13:41:00,244.640,245.614,217.000,51.000,244.50,244.55,5000.000,2500.000,245.45,245.65,2583.000,115.000,244.40,244.65,7500.000,2500.000,245.40,245.70,9531.000,2716.000,35000.000,20000.000,244.314,244.748,245.332,245.756,-1.025,-1.012
2017-04-17 13:42:00,244.562,245.576,1996.000,60.000,244.40,244.45,7500.000,7500.000,245.40,245.60,5561.000,397.000,244.35,244.55,2500.000,5000.000,245.35,245.65,14139.000,1205.000,32500.000,20000.000,244.307,244.617,245.288,245.675,-1.075,-1.002
2017-04-17 13:43:00,244.573,245.579,6672.000,118.000,244.40,244.45,5000.000,5000.000,245.45,245.65,116.000,3.000,244.35,244.55,10000.000,5000.000,245.40,245.70,16797.000,1429.000,25000.000,22500.000,244.308,244.703,245.365,245.778,-1.125,-0.996
2017-04-17 13:44:00,244.535,245.581,5824.000,132.000,244.40,244.45,7500.000,7500.000,245.45,245.65,61.000,3.000,244.35,244.55,7500.000,2500.000,245.40,245.70,14419.000,2721.000,32500.000,27500.000,244.315,244.724,245.350,245.755,-1.125,-0.991
2017-04-17 13:45:00,244.492,245.494,5226.000,131.000,244.40,244.45,2500.000,2500.000,245.40,245.55,1.000,367.000,244.35,244.55,2500.000,5000.000,245.35,245.60,8791.000,1718.000,22500.000,22500.000,244.336,244.621,245.283,245.672,-1.050,-0.981
2017-04-17 13:46:00,244.522,245.511,3478.000,137.000,244.40,244.45,2500.000,5000.000,245.40,245.55,1.000,367.000,244.35,244.55,2500.000,7500.000,245.35,245.60,8310.000,1587.000,22500.000,22500.000,244.310,244.620,245.283,245.644,-1.050,-0.969
2017-04-17 13:47:00,244.521,245.487,2636.000,151.000,244.40,244.45,2500.000,2500.000,245.40,245.50,1.000,422.000,244.35,244.55,5000.000,2500.000,245.30,245.55,7329.000,1940.000,35000.000,22500.000,244.300,244.604,245.225,245.628,-1.025,-0.972
2017-04-17 13:48:00,244.601,245.579,2232.000,122.000,244.40,244.45,5000.000,5000.000,245.45,245.65,360.000,3.000,244.35,244.55,10000.000,5000.000,245.40,245.70,10968.000,1433.000,25000.000,22500.000,244.280,244.702,245.365,245.778,-1.125,-1.002
2017-04-17 13:49:00,244.547,245.567,1922.000,159.000,244.40,244.45,2500.000,5000.000,245.45,245.60,1.000,3.000,244.35,244.55,5000.000,5000.000,245.40,245.65,7338.000,970.000,20000.000,17500.000,244.302,244.629,245.338,245.693,-1.100,-1.039
2017-04-17 13:50:00,245.229,246.179,50.000,248.000,245.05,245.25,2500.000,2500.000,246.10,246.30,449.000,610.000,245.00,245.30,5000.000,2500.000,246.05,246.35,3802.000,1856.000,15000.000,15000.000,244.941,245.338,246.000,246.417,-1.050,-1.074
2017-04-17 13:51:00,245.677,246.611,50.000,734.000,245.45,245.70,35000.000,2500.000,246.50,246.70,415.000,1283.000,245.40,245.75,2500.000,7500.000,246.45,246.75,6005.000,3276.000,45000.000,25000.000,245.310,245.771,246.472,246.855,-1.025,-1.100
2017-04-17 13:52:00,245.947,246.923,16.000,453.000,245.75,245.95,2500.000,2500.000,246.80,247.00,409.000,584.000,245.70,246.00,2500.000,2500.000,246.75,247.10,3497.000,1989.000,20000.000,17500.000,245.595,246.031,246.675,247.171,-1.050,-1.141
2017-04-17 13:53:00,245.590,246.719,2500.000,230.000,245.50,245.60,5000.000,2500.000,246.55,246.70,160.000,260.000,245.40,245.65,7500.000,2500.000,246.50,246.80,9615.000,5098.000,27500.000,12500.000,245.325,245.741,246.450,246.840,-1.075,-1.123
2017-04-17 13:54:00,245.444,246.650,1941.000,601.000,245.45,245.55,2500.000,2500.000,246.45,246.60,879.000,973.000,245.40,245.60,2500.000,2500.000,246.40,246.65,4265.000,5710.000,25000.000,12500.000,245.377,245.689,246.330,246.760,-1.025,-1.092
2017-04-17 13:55:00,245.470,246.597,898.000,87.000,245.45,245.50,5000.000,2500.000,246.45,246.60,500.000,1017.000,245.40,245.55,5000.000,2500.000,246.40,246.65,3040.000,3394.000,27500.000,15000.000,245.341,245.604,246.350,246.783,-1.050,-1.075
2017-04-17 13:56:00,245.380,246.442,1615.000,46.000,245.20,245.30,2500.000,2500.000,246.35,246.45,698.000,1.000,245.15,245.35,2500.000,2500.000,246.30,246.50,15015.000,2886.000,15000.000,15000.000,245.050,245.488,246.242,246.658,-1.150,-1.071
2017-04-17 13:57:00,245.380,246.564,5095.000,346.000,245.25,245.35,5000.000,2500.000,246.35,246.50,2839.000,253.000,245.10,245.40,2500.000,2500.000,246.30,246.65,22849.000,4731.000,22500.000,12500.000,245.066,245.494,246.239,246.720,-1.125,-1.061
2017-04-17 13:58:00,245.502,246.538,76.000,521.000,245.35,245.40,2500.000,2500.000,246.40,246.50,2730.000,2806.000,245.30,245.50,5000.000,2500.000,246.35,246.65,15344.000,4918.000,17500.000,15000.000,245.180,245.516,246.300,246.750,-1.075,-1.081
2017-04-17 13:59:00,245.827,246.879,1855.000,861.000,245.65,245.85,2500.000,2500.000,246.75,246.95,2367.000,354.000,245.60,245.90,5000.000,2500.000,246.70,247.00,10245.000,4583.000,17500.000,12500.000,245.543,245.965,246.621,247.050,-1.100,-1.076
2017-04-17 14:00:00,245.716,246.758,1119.000,348.000,245.55,245.75,5000.000,2500.000,246.60,246.80,1210.000,794.000,245.50,245.80,2500.000,2500.000,246.55,246.85,4731.000,2524.000,27500.000,17500.000,245.448,245.839,246.450,246.914,-1.050,-1.063
2017-04-17 14:01:00,245.668,246.709,3367.000,60.000,245.45,245.60,7500.000,2500.000,246.55,246.75,468.000,503.000,245.35,245.65,5000.000,2500.000,246.50,246.80,13781.000,2043.000,32500.000,22500.000,245.283,245.746,246.388,247.000,-1.125,-1.055
2017-04-17 14:02:00,245.770,246.903,667.000,222.000,245.70,245.80,7500.000,2500.000,246.75,246.95,364.000,597.000,245.65,245.85,5000.000,2500.000,246.70,247.00,10201.000,7915.000,27500.000,15000.000,245.537,245.978,246.627,247.050,-1.100,-1.020
2017-04-17 14:03:00,245.774,246.908,1098.000,494.000,245.80,245.85,2500.000,2500.000,246.80,246.95,1871.000,165.000,245.70,245.95,5000.000,2500.000,246.75,247.00,4950.000,8363.000,20000.000,12500.000,245.674,245.996,246.700,247.050,-1.050,-0.978
2017-04-17 14:04:00,245.684,246.713,2003.000,90.000,245.50,245.55,5000.000,5000.000,246.60,246.80,539.000,13.000,245.45,245.70,2500.000,5000.000,246.55,246.90,9149.000,1628.000,17500.000,20000.000,245.383,245.808,246.514,246.931,-1.175,-0.985
2017-04-17 14:05:00,245.616,246.593,1685.000,394.000,245.45,245.60,2500.000,2500.000,246.55,246.70,346.000,884.000,245.40,245.65,5000.000,5000.000,246.50,246.75,7368.000,3396.000,17500.000,20000.000,245.308,245.705,246.400,246.838,-1.100,-0.988
2017-04-17 14:06:00,245.440,246.441,2652.000,3.000,245.25,245.35,2500.000,5000.000,246.35,246.55,5150.000,3.000,245.20,245.40,5000.000,5000.000,246.30,246.60,14924.000,1428.000,17500.000,22500.000,245.150,245.570,246.257,246.717,-1.150,-0.979
2017-04-17 14:07:00,245.601,246.559,734.000,701.000,245.35,245.60,5000.000,2500.000,246.45,246.65,373.000,444.000,245.30,245.65,5000.000,2500.000,246.40,246.70,13052.000,4735.000,20000.000,20000.000,245.215,245.719,246.356,246.850,-1.075,-0.989
2017-04-17 14:08:00,245.657,246.580,119.000,46.000,245.45,245.50,5000.000,2500.000,246.50,246.70,1249.000,634.000,245.35,245.55,5000.000,5000.000,246.45,246.75,18301.000,2417.000,17500.000,20000.000,245.236,245.682,246.421,246.825,-1.125,-1.002
2017-04-17 14:09:00,245.481,246.546,1022.000,49.000,245.30,245.40,2500.000,2500.000,246.40,246.60,2805.000,3.000,245.25,245.45,2500.000,7500.000,246.35,246.65,14111.000,1495.000,17500.000,17500.000,245.181,245.577,246.279,246.714,-1.150,-1.000
2017-04-17 14:10:00,245.490,246.481,1376.000,98.000,245.30,245.35,2500.000,5000.000,246.40,246.60,2805.000,3.000,245.25,245.45,7500.000,7500.000,246.35,246.65,16164.000,1205.000,20000.000,25000.000,245.179,245.560,246.306,246.690,-1.175,-1.016
2017-04-17 14:11:00,245.554,246.510,209.000,49.000,245.35,245.50,5000.000,2500.000,246.40,246.60,1511.000,350.000,245.30,245.55,5000.000,5000.000,246.35,246.65,9204.000,1784.000,20000.000,17500.000,245.234,245.617,246.312,246.707,-1.075,-1.032
2017-04-17 14:12:00,245.534,246.545,2488.000,12.000,245.35,245.40,2500.000,2500.000,246.45,246.60,1222.000,566.000,245.30,245.50,5000.000,2500.000,246.40,246.65,17540.000,1955.000,15000.000,12500.000,245.226,245.570,246.358,246.720,-1.150,-1.034
2017-04-17 14:13:00,245.514,246.500,259.000,7.000,245.35,245.45,5000.000,2500.000,246.40,246.50,826.000,1139.000,245.30,245.50,2500.000,2500.000,246.35,246.60,10186.000,2875.000,17500.000,12500.000,245.218,245.559,246.307,246.660,-1.050,-1.030
2017-04-17 14:14:00,245.466,246.523,1742.000,93.000,245.30,245.35,2500.000,2500.000,246.40,246.50,2266.000,57.000,245.25,245.45,2500.000,2500.000,246.35,246.55,15266.000,2358.000,20000.000,12500.000,245.182,245.535,246.275,246.630,-1.125,-1.015
2017-04-17 14:15:00,245.447,246.513,3151.000,100.000,245.30,245.35,5000.000,5000.000,246.40,246.50,2305.000,57.000,245.25,245.45,2500.000,2500.000,246.35,246.55,16336.000,2365.000,22500.000,15000.000,245.202,245.534,246.289,246.608,-1.125,-1.003
2017-04-17 14:16:00,245.430,246.471,2042.000,120.000,245.25,245.30,2500.000,2500.000,246.35,246.50,4256.000,391.000,245.20,245.45,2500.000,2500.000,246.30,246.55,12815.000,2719.000,17500.000,12500.000,245.139,245.519,246.236,246.610,-1.150,-1.001
2017-04-17 14:17:00,245.431,246.450,3613.000,43.000,245.20,245.25,2500.000,2500.000,246.30,246.45,403.000,165.000,245.15,245.45,7500.000,5000.000,246.25,246.50,14645.000,2551.000,25000.000,15000.000,245.068,245.530,246.185,246.558,-1.150,-1.014
2017-04-17 14:18:00,245.357,246.326,315.000,94.000,245.20,245.25,2500.000,2500.000,246.25,246.40,25.000,50.000,245.15,245.30,5000.000,5000.000,246.20,246.45,5693.000,1381.000,22500.000,25000.000,245.019,245.398,246.144,246.505,-1.100,-1.045
2017-04-17 14:19:00,245.423,246.406,444.000,285.000,245.15,245.40,2500.000,12500.000,246.30,246.50,334.000,304.000,245.10,245.45,7500.000,2500.000,246.25,246.55,9064.000,2847.000,20000.000,22500.000,245.009,245.504,246.200,246.567,-1.125,-1.067
2017-04-17 14:20:00,245.222,246.225,3660.000,48.000,245.05,245.10,2500.000,2500.000,246.20,246.35,2315.000,703.000,245.00,245.30,2500.000,5000.000,246.15,246.40,15233.000,5561.000,17500.000,27500.000,244.935,245.448,246.093,246.555,-1.200,-1.075
2017-04-17 14:21:00,244.864,245.895,2308.000,442.000,244.60,244.85,2500.000,2500.000,245.80,245.95,1529.000,354.000,244.55,244.90,5000.000,2500.000,245.75,246.00,16244.000,4791.000,15000.000,12500.000,244.471,244.976,245.708,246.070,-1.150,-1.080
2017-04-17 14:22:00,245.174,246.257,2376.000,20.000,245.00,245.05,5000.000,2500.000,246.10,246.30,60.000,777.000,244.90,245.10,2500.000,7500.000,246.05,246.35,14372.000,2124.000,30000.000,22500.000,244.824,245.202,245.963,246.439,-1.175,-1.068
2017-04-17 14:23:00,244.987,246.113,1453.000,427.000,244.85,244.95,2500.000,2500.000,245.95,246.10,36.000,854.000,244.80,245.00,2500.000,5000.000,245.90,246.15,7387.000,3593.000,30000.000,20000.000,244.693,245.059,245.796,246.200,-1.125,-1.045
2017-04-17 14:24:00,245.056,246.147,2763.000,759.000,244.90,245.00,5000.000,2500.000,246.00,246.20,224.000,1325.000,244.85,245.10,7500.000,5000.000,245.95,246.25,12023.000,4939.000,30000.000,17500.000,244.771,245.158,245.879,246.321,-1.150,-1.043
2017-04-17 14:25:00,245.000,246.046,2124.000,21.000,244.85,244.95,5000.000,2500.000,245.95,246.10,384.000,697.000,244.80,245.00,5000.000,2500.000,245.90,246.15,9425.000,2776.000,20000.000,15000.000,244.718,245.079,245.856,246.200,-1.125,-1.045
2017-04-17 14:26:00,244.945,246.000,1155.000,199.000,244.75,244.80,5000.000,5000.000,245.85,246.05,560.000,110.000,244.70,244.95,7500.000,5000.000,245.80,246.10,11185.000,3260.000,27500.000,17500.000,244.595,245.042,245.764,246.143,-1.175,-1.039
2017-04-17 14:27:00,244.844,245.866,1794.000,43.000,244.65,244.80,5000.000,2500.000,245.80,245.95,442.000,422.000,244.60,244.90,5000.000,2500.000,245.75,246.00,15083.000,5628.000,20000.000,20000.000,244.527,245.017,245.713,246.094,-1.150,-1.033
2017-04-17 14:28:00,244.886,245.895,788.000,45.000,244.70,244.75,5000.000,2500.000,245.80,245.95,334.000,361.000,244.65,244.90,7500.000,5000.000,245.75,246.00,12123.000,5266.000,25000.000,22500.000,244.537,245.018,245.700,246.083,-1.150,-1.036
2017-04-17 14:29:00,244.774,245.858,98.000,35.000,244.65,244.70,2500.000,2500.000,245.75,245.90,241.000,414.000,244.60,244.85,2500.000,2500.000,245.70,245.95,8542.000,5312.000,17500.000,15000.000,244.487,244.976,245.636,246.042,-1.150,-1.026
2017-04-17 14:30:00,244.728,245.787,453.000,139.000,244.55,244.60,2500.000,2500.000,245.65,245.75,1250.000,160.000,244.50,244.70,2500.000,2500.000,245.60,245.80,7491.000,2265.000,32500.000,15000.000,244.402,244.783,245.504,245.850,-1.125,-1.032
2017-04-17 14:31:00,244.741,245.762,286.000,709.000,244.50,244.70,5000.000,2500.000,245.65,245.75,60.000,544.000,244.45,244.75,2500.000,2500.000,245.60,245.80,7653.000,2625.000,27500.000,15000.000,244.351,244.777,245.523,245.850,-1.100,-1.039
2017-04-17 14:32:00,244.691,245.687,1246.000,8.000,244.40,244.50,2500.000,2500.000,245.60,245.75,3024.000,60.000,244.35,244.65,5000.000,5000.000,245.55,245.80,21501.000,1695.000,20000.000,17500.000,244.268,244.754,245.506,245.886,-1.225,-1.060
2017-04-17 14:33:00,244.667,245.687,752.000,48.000,244.40,244.50,5000.000,2500.000,245.55,245.70,60.000,354.000,244.35,244.65,10000.000,5000.000,245.50,245.75,16504.000,3342.000,30000.000,17500.000,244.247,244.735,245.446,245.800,-1.175,-1.083
2017-04-17 14:34:00,244.590,245.623,716.000,50.000,244.40,244.45,7500.000,2500.000,245.50,245.70,2864.000,409.000,244.30,244.65,2500.000,7500.000,245.45,245.75,13326.000,4622.000,25000.000,25000.000,244.223,244.738,245.410,245.865,-1.175,-1.083
2017-04-17 14:35:00,244.578,245.667,476.000,38.000,244.30,244.45,2500.000,5000.000,245.55,245.65,4994.000,422.000,244.25,244.55,2500.000,5000.000,245.50,245.70,20467.000,2136.000,22500.000,22500.000,244.179,244.620,245.411,245.789,-1.225,-1.069
2017-04-17 14:36:00,244.651,245.711,1548.000,44.000,244.40,244.45,2500.000,5000.000,245.60,245.75,2500.000,414.000,244.35,244.65,7500.000,7500.000,245.55,245.80,18490.000,3348.000,25000.000,22500.000,244.265,244.738,245.505,245.889,-1.250,-1.059
2017-04-17 14:37:00,244.750,245.848,388.000,49.000,244.60,244.65,7500.000,7500.000,245.70,245.90,1332.000,364.000,244.55,244.75,5000.000,2500.000,245.65,245.95,7158.000,1836.000,32500.000,22500.000,244.431,244.815,245.612,246.022,-1.175,-1.078
2017-04-17 14:38:00,244.925,246.062,1144.000,16.000,244.75,244.80,5000.000,2500.000,245.95,246.10,608.000,60.000,244.70,244.95,7500.000,2500.000,245.90,246.15,11134.000,3313.000,30000.000,20000.000,244.619,245.048,245.838,246.213,-1.250,-1.050
2017-04-17 14:39:00,245.512,246.544,1910.000,15.000,245.35,245.45,5000.000,2500.000,246.50,246.60,1855.000,2067.000,245.30,245.50,2500.000,2500.000,246.45,246.65,11852.000,3120.000,22500.000,22500.000,245.224,245.533,246.394,246.717,-1.150,-1.063
2017-04-17 14:40:00,245.682,246.698,1560.000,976.000,245.55,245.70,10000.000,2500.000,246.65,246.75,2018.000,345.000,245.50,245.75,5000.000,2500.000,246.60,246.80,6629.000,3221.000,30000.000,25000.000,245.454,245.801,246.567,246.865,-1.075,-1.074
2017-04-17 14:41:00,245.685,246.695,462.000,3.000,245.55,245.70,7500.000,2500.000,246.60,246.80,366.000,105.000,245.50,245.75,5000.000,2500.000,246.55,246.85,4226.000,1973.000,30000.000,25000.000,245.426,245.863,246.504,246.910,-1.075,-1.066
2017-04-17 14:42:00,245.702,246.898,1023.000,113.000,245.65,245.85,5000.000,7500.000,246.80,247.00,641.000,434.000,245.60,245.90,5000.000,7500.000,246.75,247.05,6875.000,9881.000,25000.000,30000.000,245.525,246.000,246.695,247.075,-1.150,-1.028
2017-04-17 14:43:00,245.852,246.850,628.000,43.000,245.60,245.65,2500.000,2500.000,246.85,246.95,1486.000,80.000,245.55,245.75,2500.000,5000.000,246.80,247.00,16705.000,1221.000,15000.000,25000.000,245.461,245.890,246.742,247.075,-1.275,-1.026
2017-04-17 14:44:00,245.689,246.783,1193.000,45.000,245.60,245.65,5000.000,2500.000,246.70,246.85,54.000,110.000,245.55,245.70,2500.000,5000.000,246.65,246.90,4011.000,1529.000,25000.000,27500.000,245.473,245.791,246.570,246.977,-1.150,-1.024
2017-04-17 14:45:00,245.631,246.705,371.000,13.000,245.60,245.65,5000.000,2500.000,246.65,246.80,54.000,415.000,245.55,245.75,2500.000,10000.000,246.60,246.85,2041.000,2394.000,20000.000,27500.000,245.462,245.837,246.550,246.886,-1.100,-1.029
2017-04-17 14:46:00,245.776,246.742,1.000,425.000,245.50,245.65,2500.000,2500.000,246.65,246.80,616.000,75.000,245.45,245.70,2500.000,5000.000,246.60,246.85,10914.000,1365.000,22500.000,22500.000,245.327,245.747,246.517,246.900,-1.150,-1.083
2017-04-17 14:47:00,245.622,246.632,509.000,29.000,245.30,245.45,2500.000,2500.000,246.55,246.75,4963.000,110.000,245.25,245.60,7500.000,10000.000,246.50,246.80,21347.000,2640.000,22500.000,25000.000,245.164,245.722,246.439,246.845,-1.275,-1.119
2017-04-17 14:48:00,245.668,246.652,60.000,362.000,245.45,245.70,5000.000,2500.000,246.60,246.75,659.000,405.000,245.40,245.75,7500.000,2500.000,246.55,246.80,8078.000,4187.000,30000.000,27500.000,245.306,245.821,246.488,246.864,-1.100,-1.145
2017-04-17 14:49:00,245.710,246.798,1598.000,33.000,245.50,245.55,2500.000,5000.000,246.70,246.85,418.000,110.000,245.45,245.75,7500.000,7500.000,246.65,246.90,10356.000,2520.000,27500.000,25000.000,245.381,245.842,246.586,246.935,-1.250,-1.139
2017-04-17 14:50:00,245.885,246.983,609.000,29.000,245.90,245.95,2500.000,5000.000,246.95,247.10,54.000,5957.000,245.85,246.00,2500.000,5000.000,246.90,247.15,2693.000,7649.000,22500.000,35000.000,245.786,246.039,246.811,247.232,-1.100,-1.127
2017-04-17 14:51:00,245.686,246.921,638.000,465.000,245.60,245.80,2500.000,5000.000,246.80,246.95,583.000,437.000,245.55,245.85,5000.000,5000.000,246.75,247.00,11472.000,10661.000,25000.000,17500.000,245.472,245.976,246.690,247.029,-1.175,-1.121
2017-04-17 14:52:00,245.723,246.911,5.000,101.000,245.65,245.80,2500.000,2500.000,246.85,247.00,1088.000,168.000,245.60,245.85,7500.000,2500.000,246.80,247.05,10836.000,9182.000,22500.000,22500.000,245.505,245.989,246.750,247.128,-1.200,-1.086
2017-04-17 14:53:00,245.755,246.870,107.000,135.000,245.70,245.80,7500.000,2500.000,246.80,247.00,3622.000,120.000,245.65,245.85,5000.000,2500.000,246.75,247.05,12583.000,9108.000,25000.000,25000.000,245.570,245.988,246.715,247.125,-1.150,-1.065
2017-04-17 14:54:00,245.833,246.892,500.000,93.000,245.60,245.75,5000.000,2500.000,246.80,246.95,462.000,440.000,245.55,245.80,5000.000,5000.000,246.75,247.00,12318.000,1834.000,25000.000,20000.000,245.465,245.872,246.685,247.056,-1.200,-1.051
2017-04-17 14:55:00,245.826,246.863,2648.000,96.000,245.60,245.75,2500.000,2500.000,246.80,246.95,226.000,300.000,245.55,245.80,5000.000,5000.000,246.75,247.00,13314.000,1333.000,22500.000,25000.000,245.490,245.862,246.661,247.090,-1.200,-1.026
2017-04-17 14:56:00,245.689,246.893,1471.000,8.000,245.65,245.80,2500.000,2500.000,246.85,247.00,434.000,436.000,245.60,245.85,2500.000,7500.000,246.80,247.05,12250.000,13471.000,25000.000,32500.000,245.516,245.983,246.680,247.115,-1.200,-1.002
2017-04-17 14:57:00,246.030,247.044,3037.000,25.000,245.80,245.95,5000.000,5000.000,247.00,247.20,256.000,320.000,245.75,246.00,2500.000,5000.000,246.95,247.25,12427.000,1350.000,22500.000,40000.000,245.682,246.077,246.883,247.309,-1.225,-1.008
2017-04-17 14:58:00,246.127,247.139,108.000,132.000,245.95,246.10,5000.000,10000.000,247.10,247.30,4980.000,304.000,245.90,246.15,5000.000,10000.000,247.05,247.35,10333.000,2784.000,27500.000,50000.000,245.837,246.240,246.977,247.393,-1.175,-1.010
2017-04-17 14:59:00,246.891,247.880,15.000,563.000,246.80,246.90,5000.000,2500.000,247.85,248.00,108.000,54.000,246.75,246.95,10000.000,2500.000,247.80,248.05,4479.000,3977.000,25000.000,30000.000,246.643,246.997,247.775,248.175,-1.075,-0.999
2017-04-17 15:00:00,246.672,247.584,2791.000,348.000,246.40,246.60,2500.000,2500.000,247.60,247.75,304.000,169.000,246.35,246.70,5000.000,5000.000,247.55,247.80,9949.000,1750.000,22500.000,47500.000,246.294,246.762,247.450,247.916,-1.175,-0.994
2017-04-17 15:01:00,246.443,247.526,2581.000,42.000,246.25,246.40,2500.000,5000.000,247.45,247.60,1199.000,74.000,246.20,246.50,5000.000,2500.000,247.40,247.65,7044.000,1282.000,25000.000,27500.000,246.177,246.596,247.285,247.714,-1.200,-0.977
2017-04-17 15:02:00,246.480,247.526,483.000,64.000,246.30,246.50,5000.000,10000.000,247.50,247.70,372.000,359.000,246.25,246.55,5000.000,5000.000,247.45,247.75,4419.000,1801.000,27500.000,40000.000,246.192,246.635,247.341,247.809,-1.200,-0.981
2017-04-17 15:03:00,246.591,247.612,175.000,517.000,246.55,246.65,5000.000,2500.000,247.55,247.65,50.000,354.000,246.45,246.70,5000.000,2500.000,247.50,247.70,3810.000,4233.000,32500.000,20000.000,246.352,246.754,247.388,247.775,-1.000,-0.976
2017-04-17 15:04:00,246.793,247.727,3733.000,2635.000,246.65,246.75,5000.000,2500.000,247.75,247.85,2439.000,700.000,246.60,246.80,5000.000,10000.000,247.70,247.90,11638.000,3560.000,17500.000,37500.000,246.558,246.769,247.671,247.967,-1.100,-1.017
2017-04-17 15:05:00,247.412,248.295,228.000,72.000,247.30,247.35,2500.000,7500.000,248.25,248.40,160.000,240.000,247.15,247.40,5000.000,20000.000,248.20,248.50,6272.000,1988.000,17500.000,37500.000,247.036,247.473,248.157,248.507,-1.000,-1.069
2017-04-17 15:06:00,247.541,248.541,85.000,3312.000,247.55,247.65,2500.000,2500.000,248.45,248.50,312.000,2188.000,247.45,247.70,5000.000,5000.000,248.40,248.65,3179.000,8762.000,30000.000,25000.000,247.374,247.713,248.321,248.715,-0.875,-1.096
2017-04-17 15:07:00,247.286,248.352,50.000,39.000,247.15,247.30,7500.000,2500.000,248.25,248.40,439.000,60.000,247.10,247.35,12500.000,7500.000,248.20,248.45,7931.000,4306.000,40000.000,27500.000,247.001,247.465,248.159,248.500,-1.100,-1.121
2017-04-17 15:08:00,247.300,248.298,90.000,2080.000,247.15,247.25,2500.000,5000.000,248.25,248.40,339.000,4.000,247.10,247.30,10000.000,2500.000,248.20,248.45,6596.000,3108.000,25000.000,27500.000,247.004,247.304,248.160,248.527,-1.125,-1.161
2017-04-17 15:09:00,247.034,248.171,2612.000,2212.000,246.75,247.00,2500.000,12500.000,248.05,248.15,678.000,60.000,246.70,247.05,2500.000,2500.000,248.00,248.20,15037.000,4153.000,27500.000,25000.000,246.615,247.079,247.900,248.220,-1.225,-1.156
2017-04-17 15:10:00,246.518,247.661,2420.000,87.000,246.45,246.50,5000.000,2500.000,247.60,247.75,2452.000,60.000,246.40,246.55,5000.000,7500.000,247.55,247.80,7616.000,2050.000,37500.000,32500.000,246.374,246.648,247.420,247.877,-1.200,-1.150
2017-04-17 15:11:00,246.391,247.527,2864.000,1.000,246.30,246.40,2500.000,5000.000,247.50,247.60,304.000,691.000,246.25,246.45,7500.000,2500.000,247.45,247.65,7320.000,3785.000,17500.000,20000.000,246.205,246.510,247.407,247.700,-1.200,-1.157
2017-04-17 15:12:00,246.231,247.421,736.000,410.000,246.15,246.35,7500.000,2500.000,247.30,247.45,632.000,797.000,246.10,246.40,5000.000,2500.000,247.25,247.50,7205.000,7787.000,30000.000,17500.000,246.041,246.487,247.192,247.564,-1.125,-1.136
2017-04-17 15:13:00,246.631,247.829,894.000,355.000,246.55,246.70,5000.000,2500.000,247.65,247.80,111.000,208.000,246.50,246.75,2500.000,5000.000,247.60,247.85,3790.000,3669.000,37500.000,15000.000,246.418,246.826,247.513,247.892,-1.100,-1.112
2017-04-17 15:14:00,246.630,247.743,2789.000,77.000,246.55,246.70,2500.000,10000.000,247.65,247.80,448.000,208.000,246.45,246.75,7500.000,2500.000,247.60,247.85,6170.000,3341.000,37500.000,37500.000,246.449,246.836,247.523,247.943,-1.100,-1.065
2017-04-17 15:15:00,246.679,247.793,1705.000,124.000,246.60,246.70,2500.000,2500.000,247.70,247.85,300.000,60.000,246.55,246.75,7500.000,10000.000,247.65,247.90,5320.000,2505.000,35000.000,35000.000,246.502,246.874,247.575,248.011,-1.125,-1.030
2017-04-17 15:16:00,246.799,247.972,314.000,461.000,246.75,246.90,2500.000,2500.000,247.90,247.95,1523.000,2080.000,246.70,246.95,7500.000,7500.000,247.85,248.00,4569.000,6391.000,27500.000,17500.000,246.633,247.006,247.786,248.043,-1.100,-0.978
2017-04-17 15:17:00,247.098,248.179,524.000,1138.000,247.05,247.10,5000.000,5000.000,248.10,248.25,1572.000,1544.000,247.00,247.25,2500.000,2500.000,248.05,248.30,3147.000,4608.000,17500.000,17500.000,246.964,247.270,248.007,248.336,-1.100,-0.928
2017-04-17 15:18:00,247.120,248.200,18.000,7.000,247.10,247.20,7500.000,5000.000,248.10,248.30,433.000,284.000,247.05,247.25,7500.000,2500.000,248.05,248.35,1643.000,2011.000,37500.000,35000.000,246.978,247.345,247.993,248.421,-1.050,-0.900
2017-04-17 15:19:00,246.926,247.801,444.000,226.000,246.85,247.05,2500.000,2500.000,247.80,247.95,774.000,394.000,246.80,247.10,7500.000,57500.000,247.75,248.00,4903.000,7039.000,17500.000,67500.000,246.733,247.214,247.700,248.013,-0.925,-0.900
2017-04-17 15:20:00,246.904,247.844,518.000,2730.000,246.80,247.00,2500.000,2500.000,247.85,247.95,320.000,312.000,246.75,247.05,5000.000,45000.000,247.80,248.00,6527.000,7028.000,20000.000,60000.000,246.667,247.109,247.756,248.023,-1.000,-0.891
2017-04-17 15:21:00,247.066,247.980,2239.000,312.000,247.10,247.15,5000.000,32500.000,247.95,248.00,1948.000,3345.000,247.05,247.20,2500.000,5000.000,247.90,248.05,5166.000,9639.000,22500.000,45000.000,247.046,247.258,247.850,248.031,-0.850,-0.876
2017-04-17 15:22:00,247.154,247.984,4173.000,2634.000,247.15,247.20,2500.000,27500.000,247.95,248.00,820.000,249.000,247.10,247.25,5000.000,5000.000,247.90,248.05,6550.000,6463.000,22500.000,40000.000,247.105,247.287,247.844,248.034,-0.800,-0.899
2017-04-17 15:23:00,246.774,247.717,1179.000,245.000,246.80,246.85,5000.000,5000.000,247.70,247.85,240.000,581.000,246.75,246.90,5000.000,5000.000,247.65,247.90,5240.000,6766.000,25000.000,50000.000,246.717,247.072,247.595,247.990,-0.950,-0.947
2017-04-17 15:24:00,246.814,247.690,1029.000,1544.000,246.85,246.90,2500.000,10000.000,247.65,247.75,190.000,1724.000,246.80,246.95,2500.000,2500.000,247.60,247.80,4488.000,11424.000,22500.000,30000.000,246.714,247.023,247.528,247.846,-0.825,-1.007
2017-04-17 15:25:00,246.584,247.475,2184.000,150.000,246.50,246.65,5000.000,2500.000,247.40,247.55,50.000,1000.000,246.45,246.70,2500.000,2500.000,247.35,247.65,3373.000,2213.000,17500.000,17500.000,246.459,246.730,247.307,247.721,-0.900,-1.041
2017-04-17 15:26:00,246.683,247.524,880.000,331.000,246.55,246.65,5000.000,10000.000,247.45,247.55,2738.000,899.000,246.50,246.75,2500.000,2500.000,247.40,247.65,4559.000,1641.000,22500.000,25000.000,246.489,246.747,247.344,247.660,-0.900,-1.041
2017-04-17 15:27:00,246.574,247.519,14.000,1147.000,246.45,246.50,7500.000,2500.000,247.40,247.60,157.000,50.000,246.40,246.55,2500.000,2500.000,247.35,247.65,6438.000,2685.000,25000.000,20000.000,246.231,246.579,247.290,247.719,-1.025,-1.041
2017-04-17 15:28:00,246.201,247.385,14.000,175.000,246.20,246.30,7500.000,5000.000,247.25,247.45,210.000,50.000,246.15,246.35,7500.000,7500.000,247.20,247.50,1007.000,1682.000,32500.000,25000.000,246.049,246.448,247.146,247.535,-1.100,-1.041
2017-04-17 15:29:00,246.217,247.390,64.000,601.000,246.25,246.40,5000.000,2500.000,247.25,247.40,100.000,377.000,246.20,246.45,7500.000,7500.000,247.20,247.50,1052.000,4528.000,30000.000,20000.000,246.055,246.582,247.146,247.537,-1.000,-1.041
2017-04-17 15:30:00,246.496,247.556,100.000,89.000,246.25,246.35,2500.000,2500.000,247.45,247.60,124.000,371.000,246.05,246.40,2500.000,30000.000,247.25,248.00,8304.000,765.000,22500.000,40000.000,245.913,246.436,247.161,248.012,-1.225,-1.041
2017-04-18 09:16:00,247.575,248.654,405.000,240.000,247.35,247.70,5000.000,2500.000,248.50,248.70,190.000,343.000,247.30,247.75,2500.000,2500.000,248.45,248.85,4696.000,2631.000,20000.000,12500.000,247.179,247.816,248.213,248.900,-1.075,-1.009
2017-04-18 09:17:00,247.423,248.443,890.000,82.000,247.45,247.55,5000.000,2500.000,248.35,248.55,334.000,321.000,247.40,247.60,2500.000,5000.000,248.30,248.70,2123.000,3631.000,15000.000,22500.000,247.384,247.747,248.217,248.883,-0.950,-1.029
2017-04-18 09:18:00,247.124,248.036,50.000,641.000,246.95,247.15,5000.000,5000.000,247.95,248.15,405.000,400.000,246.90,247.20,2500.000,5000.000,247.90,248.20,3906.000,3061.000,15000.000,20000.000,246.780,247.296,247.858,248.256,-1.000,-1.064
2017-04-18 09:19:00,247.046,248.075,639.000,294.000,246.85,247.00,5000.000,2500.000,248.00,248.15,300.000,20.000,246.80,247.10,2500.000,2500.000,247.95,248.25,9635.000,3931.000,17500.000,17500.000,246.699,247.221,247.864,248.314,-1.150,-1.070
2017-04-18 09:20:00,246.533,247.583,1200.000,878.000,246.60,246.75,2500.000,5000.000,247.60,247.80,1251.000,1290.000,246.55,246.80,2500.000,2500.000,247.25,247.95,3215.000,7857.000,12500.000,17500.000,246.548,246.927,247.260,247.957,-1.025,-1.066
2017-04-18 09:21:00,246.807,247.838,3646.000,64.000,246.75,246.80,7500.000,2500.000,247.75,247.95,50.000,21.000,246.65,246.85,2500.000,2500.000,247.70,248.00,8058.000,3415.000,20000.000,20000.000,246.637,246.993,247.625,248.181,-1.075,-1.075
2017-04-18 09:22:00,247.286,248.408,412.000,364.000,247.30,247.45,2500.000,2500.000,248.35,248.45,50.000,1618.000,247.20,247.50,2500.000,5000.000,248.25,248.55,2649.000,5289.000,15000.000,15000.000,247.137,247.560,248.175,248.617,-1.025,-1.021
2017-04-18 09:23:00,247.258,248.346,740.000,63.000,247.05,247.30,2500.000,2500.000,248.25,248.45,2264.000,110.000,247.00,247.35,2500.000,2500.000,248.20,248.50,9326.000,4028.000,15000.000,15000.000,246.932,247.461,248.142,248.567,-1.175,-0.966
2017-04-18 09:24:00,247.578,248.638,3253.000,167.000,247.30,247.50,5000.000,2500.000,248.55,248.70,6590.000,60.000,247.25,247.55,5000.000,5000.000,248.50,248.85,30261.000,2369.000,20000.000,22500.000,247.189,247.644,248.463,248.889,-1.225,-0.881
2017-04-18 09:25:00,247.618,248.646,4782.000,57.000,247.55,247.65,2500.000,2500.000,248.55,248.70,60.000,356.000,247.45,247.70,2500.000,2500.000,248.45,248.75,12144.000,5681.000,17500.000,12500.000,247.437,247.779,248.393,248.800,-1.025,-0.813
2017-04-18 09:26:00,247.404,248.481,4907.000,69.000,247.20,247.30,5000.000,5000.000,248.30,248.55,459.000,100.000,247.15,247.35,2500.000,2500.000,248.25,248.60,14779.000,605.000,25000.000,15000.000,247.082,247.436,248.150,248.633,-1.175,-0.792
2017-04-18 09:27:00,246.891,247.740,30.000,763.000,246.80,246.95,2500.000,10000.000,247.75,247.95,3477.000,758.000,246.75,247.00,2500.000,27500.000,247.55,248.00,8218.000,5307.000,17500.000,45000.000,246.661,247.086,247.493,248.033,-0.975,-0.824
2017-04-18 09:28:00,246.964,247.779,367.000,341.000,246.80,246.95,2500.000,2500.000,247.75,247.95,3477.000,284.000,246.75,247.00,7500.000,22500.000,247.65,248.00,8615.000,2365.000,20000.000,32500.000,246.664,247.092,247.556,248.031,-0.975,-0.849
2017-04-18 09:29:00,246.869,247.502,97.000,109.000,246.80,246.90,2500.000,5000.000,247.50,247.80,3527.000,304.000,246.75,246.95,5000.000,5000.000,247.45,247.85,4994.000,3080.000,20000.000,37500.000,246.711,247.026,247.363,247.943,-0.800,-0.907
2017-04-18 09:30:00,247.000,247.691,463.000,73.000,246.85,246.90,2500.000,2500.000,247.70,247.90,481.000,42.000,246.80,246.95,7500.000,7500.000,247.60,247.95,7305.000,515.000,17500.000,37500.000,246.733,246.996,247.550,247.997,-0.925,-0.985
2017-04-18 09:31:00,246.966,247.938,1286.000,148.000,246.85,247.00,2500.000,2500.000,247.90,248.05,604.000,110.000,246.80,247.10,17500.000,2500.000,247.55,248.10,8542.000,5003.000,37500.000,15000.000,246.753,247.227,247.463,248.167,-1.050,-0.983
2017-04-18 09:32:00,247.139,248.150,50.000,21.000,247.00,247.15,5000.000,2500.000,248.05,248.30,409.000,92.000,246.95,247.20,5000.000,2500.000,247.95,248.40,3437.000,1630.000,25000.000,25000.000,246.861,247.327,247.895,248.480,-1.100,-1.001
2017-04-18 09:33:00,246.974,247.913,100.000,50.000,246.90,247.00,2500.000,2500.000,247.80,247.95,1350.000,2906.000,246.85,247.05,2500.000,10000.000,247.75,248.00,7189.000,7389.000,17500.000,20000.000,246.756,247.157,247.629,248.088,-0.925,-0.989
2017-04-18 09:34:00,247.052,247.975,591.000,55.000,247.00,247.05,2500.000,7500.000,247.90,248.00,400.000,2406.000,246.90,247.10,2500.000,2500.000,247.85,248.05,10288.000,7194.000,12500.000,17500.000,246.790,247.179,247.790,248.136,-0.925,-0.981
2017-04-18 09:35:00,247.141,248.221,354.000,239.000,247.10,247.25,7500.000,2500.000,248.05,248.35,347.000,50.000,247.05,247.35,2500.000,2500.000,247.90,248.40,3194.000,4273.000,22500.000,12500.000,246.989,247.455,247.878,248.450,-1.025,-0.949
2017-04-18 09:36:00,247.224,248.185,20.000,100.000,247.20,247.25,2500.000,20000.000,248.10,248.30,550.000,110.000,247.10,247.30,5000.000,2500.000,248.05,248.40,3861.000,3324.000,17500.000,32500.000,246.993,247.390,247.921,248.385,-0.975,-0.953
2017-04-18 09:37:00,247.114,248.214,314.000,96.000,247.10,247.20,2500.000,20000.000,248.15,248.30,185.000,132.000,247.05,247.30,7500.000,2500.000,248.05,248.45,3074.000,4344.000,20000.000,35000.000,246.993,247.402,247.969,248.407,-1.075,-0.944
2017-04-18 09:38:00,246.907,247.789,1189.000,496.000,246.85,246.90,2500.000,2500.000,247.75,247.90,3476.000,354.000,246.75,246.95,2500.000,7500.000,247.70,248.00,9291.000,4141.000,17500.000,37500.000,246.712,246.996,247.571,248.203,-0.950,-0.983
2017-04-18 09:39:00,246.581,247.463,829.000,2416.000,246.60,246.65,2500.000,5000.000,247.30,247.55,102.000,688.000,246.55,246.70,2500.000,2500.000,247.25,247.65,3189.000,5780.000,15000.000,15000.000,246.501,246.733,247.183,247.683,-0.800,-1.024
2017-04-18 09:40:00,246.591,247.512,470.000,190.000,246.50,246.55,2500.000,2500.000,247.45,247.60,943.000,21.000,246.40,246.60,2500.000,2500.000,247.40,247.65,6870.000,2807.000,15000.000,15000.000,246.298,246.691,247.308,247.717,-1.000,-1.065
2017-04-18 09:41:00,246.623,247.607,384.000,54.000,246.60,246.70,2500.000,2500.000,247.55,247.75,934.000,71.000,246.55,246.75,5000.000,5000.000,247.45,247.80,3850.000,5839.000,17500.000,20000.000,246.481,246.876,247.414,247.856,-1.000,-1.088
2017-04-18 09:42:00,246.893,247.944,884.000,203.000,246.85,247.00,2500.000,7500.000,247.85,248.10,389.000,60.000,246.80,247.05,5000.000,5000.000,247.80,248.15,3957.000,3762.000,20000.000,25000.000,246.746,247.179,247.713,248.190,-1.050,-1.090
2017-04-18 09:43:00,247.116,248.192,384.000,81.000,247.05,247.20,2500.000,2500.000,248.05,248.30,395.000,85.000,247.00,247.30,5000.000,5000.000,248.00,248.35,3969.000,4796.000,22500.000,22500.000,246.906,247.409,247.944,248.439,-1.050,-1.097
2017-04-18 09:44:00,246.948,248.037,489.000,354.000,246.80,247.05,5000.000,5000.000,247.90,248.20,263.000,651.000,246.75,247.10,2500.000,10000.000,247.85,248.25,3725.000,3068.000,22500.000,27500.000,246.675,247.178,247.794,248.282,-1.125,-1.084
2017-04-18 09:45:00,246.913,248.039,398.000,408.000,247.00,247.05,5000.000,2500.000,247.90,248.15,165.000,598.000,246.85,247.10,2500.000,5000.000,247.85,248.20,3982.000,6242.000,25000.000,22500.000,246.782,247.212,247.790,248.256,-1.000,-1.067
2017-04-18 09:46:00,247.012,248.106,105.000,312.000,246.90,247.00,7500.000,2500.000,248.00,248.20,166.000,210.000,246.85,247.10,5000.000,5000.000,247.85,248.25,7204.000,5427.000,27500.000,17500.000,246.735,247.205,247.832,248.307,-1.150,-1.060
2017-04-18 09:47:00,246.970,248.035,2.000,558.000,246.95,247.00,10000.000,2500.000,248.00,248.10,500.000,72.000,246.90,247.05,2500.000,2500.000,247.85,248.15,4703.000,5267.000,30000.000,20000.000,246.777,247.162,247.838,248.219,-1.075,-1.046
2017-04-18 09:48:00,246.756,247.865,310.000,317.000,246.75,246.85,5000.000,2500.000,247.75,247.95,321.000,384.000,246.65,246.90,7500.000,2500.000,247.70,248.00,4852.000,5566.000,27500.000,22500.000,246.546,247.016,247.650,248.061,-1.050,-1.044
2017-04-18 09:49:00,246.721,247.747,50.000,278.000,246.65,246.80,2500.000,2500.000,247.70,247.90,773.000,150.000,246.60,246.85,2500.000,7500.000,247.60,247.95,4630.000,4286.000,20000.000,25000.000,246.516,246.959,247.544,248.005,-1.075,-1.044
2017-04-18 09:50:00,246.802,247.841,484.000,315.000,246.70,246.80,2500.000,2500.000,247.75,247.95,350.000,50.000,246.65,246.85,2500.000,7500.000,247.70,248.00,4789.000,2951.000,17500.000,25000.000,246.547,246.943,247.621,248.075,-1.100,-1.068
2017-04-18 09:51:00,246.676,247.738,116.000,383.000,246.70,246.80,2500.000,2500.000,247.70,247.85,789.000,204.000,246.60,246.85,2500.000,5000.000,247.60,247.90,4652.000,6868.000,20000.000,22500.000,246.519,246.950,247.544,247.967,-1.025,-1.071
2017-04-18 09:52:00,246.331,247.327,10.000,208.000,246.40,246.45,2500.000,5000.000,247.25,247.45,2600.000,456.000,246.30,246.50,7500.000,7500.000,247.20,247.55,3235.000,6386.000,20000.000,30000.000,246.277,246.568,247.162,247.596,-0.925,-1.081
2017-04-18 09:53:00,246.383,247.478,344.000,90.000,246.40,246.50,2500.000,2500.000,247.40,247.60,160.000,44.000,246.35,246.60,15000.000,5000.000,247.35,247.65,3094.000,6040.000,27500.000,30000.000,246.263,246.720,247.318,247.733,-1.050,-1.067
2017-04-18 09:54:00,246.412,247.439,261.000,144.000,246.40,246.45,5000.000,2500.000,247.40,247.55,160.000,44.000,246.35,246.55,5000.000,5000.000,247.35,247.60,3435.000,4884.000,25000.000,30000.000,246.256,246.646,247.300,247.688,-1.050,-1.072
2017-04-18 09:55:00,246.284,247.443,142.000,95.000,246.40,246.45,2500.000,2500.000,247.40,247.50,103.000,44.000,246.30,246.50,10000.000,5000.000,247.35,247.60,1788.000,6560.000,25000.000,27500.000,246.218,246.599,247.310,247.677,-1.025,-1.052
2017-04-18 09:56:00,246.350,247.426,485.000,85.000,246.25,246.40,2500.000,2500.000,247.35,247.55,899.000,104.000,246.20,246.50,7500.000,5000.000,247.30,247.60,3728.000,2869.000,20000.000,22500.000,246.141,246.612,247.256,247.667,-1.125,-1.055
2017-04-18 09:57:00,246.189,247.236,324.000,60.000,246.20,246.30,10000.000,5000.000,247.15,247.40,50.000,417.000,246.15,246.35,2500.000,7500.000,247.10,247.45,4185.000,6775.000,22500.000,30000.000,246.050,246.473,247.078,247.492,-1.025,-1.080
2017-04-18 09:58:00,246.104,247.129,663.000,449.000,246.10,246.20,5000.000,2500.000,247.05,247.25,570.000,501.000,246.05,246.25,7500.000,10000.000,247.00,247.30,4241.000,6022.000,20000.000,22500.000,246.010,246.327,246.963,247.333,-1.000,-1.076
2017-04-18 09:59:00,245.826,246.878,394.000,533.000,245.85,246.00,2500.000,2500.000,246.85,247.05,433.000,110.000,245.80,246.05,5000.000,5000.000,246.80,247.10,2956.000,6649.000,15000.000,25000.000,245.734,246.152,246.758,247.180,-1.025,-1.077
2017-04-18 10:00:00,245.954,247.011,429.000,576.000,245.90,246.00,2500.000,7500.000,247.00,247.10,621.000,127.000,245.85,246.10,10000.000,2500.000,246.90,247.15,7510.000,8340.000,25000.000,30000.000,245.764,246.198,246.865,247.200,-1.100,-1.081
2017-04-18 10:01:00,246.158,247.252,150.000,277.000,246.05,246.15,7500.000,2500.000,247.15,247.35,285.000,395.000,246.00,246.20,2500.000,2500.000,247.10,247.40,4412.000,2985.000,27500.000,25000.000,245.885,246.275,247.059,247.465,-1.150,-1.064
2017-04-18 10:02:00,246.168,247.339,286.000,60.000,246.25,246.30,7500.000,2500.000,247.25,247.45,1240.000,432.000,246.20,246.35,5000.000,10000.000,247.20,247.50,1988.000,5421.000,22500.000,25000.000,246.184,246.454,247.167,247.535,-1.075,-1.021
2017-04-18 10:03:00,246.243,247.248,152.000,284.000,246.05,246.15,5000.000,2500.000,247.25,247.35,2674.000,110.000,246.00,246.25,2500.000,7500.000,247.20,247.40,14000.000,3442.000,17500.000,32500.000,245.922,246.344,247.157,247.469,-1.200,-1.028
2017-04-18 10:04:00,246.111,247.171,1979.000,578.000,246.10,246.20,2500.000,5000.000,247.10,247.25,500.000,179.000,246.05,246.25,2500.000,7500.000,247.05,247.30,5903.000,7373.000,22500.000,25000.000,245.992,246.346,246.989,247.350,-1.025,-0.999
2017-04-18 10:05:00,246.253,247.329,1114.000,362.000,246.20,246.35,10000.000,5000.000,247.25,247.45,60.000,325.000,246.15,246.40,2500.000,17500.000,247.20,247.50,7238.000,8259.000,22500.000,30000.000,246.058,246.506,247.178,247.517,-1.075,-0.980
2017-04-18 10:06:00,246.056,247.068,444.000,430.000,246.05,246.15,5000.000,2500.000,247.05,247.10,251.000,2761.000,246.00,246.20,5000.000,10000.000,247.00,247.15,3977.000,8562.000,20000.000,22500.000,245.923,246.246,246.963,247.189,-0.975,-0.993
2017-04-18 10:07:00,245.958,246.913,1911.000,893.000,245.90,246.00,2500.000,5000.000,246.85,247.05,150.000,839.000,245.85,246.10,5000.000,5000.000,246.80,247.10,7606.000,7850.000,25000.000,32500.000,245.787,246.172,246.750,247.169,-1.000,-1.006
2017-04-18 10:08:00,245.971,247.008,3554.000,654.000,245.90,246.00,2500.000,2500.000,246.95,247.05,210.000,400.000,245.85,246.10,5000.000,10000.000,246.90,247.10,9786.000,7531.000,32500.000,42500.000,245.801,246.181,246.823,247.206,-1.050,-1.013
2017-04-18 10:09:00,246.174,247.090,160.000,174.000,246.05,246.10,2500.000,5000.000,247.10,247.20,176.000,79.000,246.00,246.15,5000.000,7500.000,247.00,247.25,5323.000,1522.000,20000.000,32500.000,245.897,246.249,246.944,247.304,-1.075,-1.035
2017-04-18 10:10:00,246.033,247.014,163.000,135.000,245.95,246.00,2500.000,2500.000,246.95,247.10,2898.000,42.000,245.90,246.05,5000.000,5000.000,246.90,247.15,5973.000,1853.000,25000.000,30000.000,245.841,246.164,246.830,247.208,-1.050,-1.064
2017-04-18 10:11:00,245.886,246.964,10.000,70.000,245.85,245.95,2500.000,5000.000,246.90,247.05,500.000,148.000,245.80,246.00,5000.000,7500.000,246.85,247.10,4765.000,4675.000,25000.000,30000.000,245.695,246.137,246.790,247.150,-1.075,-1.069
2017-04-18 10:12:00,245.908,246.925,20.000,473.000,245.90,246.00,5000.000,2500.000,246.85,247.00,512.000,298.000,245.85,246.05,5000.000,10000.000,246.80,247.05,3002.000,6111.000,22500.000,22500.000,245.741,246.115,246.767,247.083,-0.975,-1.062
2017-04-18 10:13:00,245.907,246.980,763.000,559.000,245.95,246.00,7500.000,12500.000,246.90,247.10,111.000,60.000,245.85,246.05,10000.000,2500.000,246.85,247.15,4904.000,8014.000,32500.000,37500.000,245.777,246.192,246.819,247.220,-1.025,-1.065
2017-04-18 10:14:00,245.942,246.969,502.000,1210.000,246.00,246.10,7500.000,10000.000,246.90,247.10,213.000,389.000,245.95,246.15,5000.000,5000.000,246.85,247.15,4608.000,12062.000,27500.000,37500.000,245.798,246.236,246.814,247.210,-0.950,-1.079
2017-04-18 10:15:00,246.051,247.175,200.000,613.000,246.05,246.25,2500.000,5000.000,247.10,247.25,1267.000,439.000,246.00,246.30,7500.000,2500.000,247.05,247.30,2820.000,7268.000,22500.000,22500.000,245.954,246.363,247.006,247.344,-1.025,-1.081
2017-04-18 10:16:00,245.903,247.005,173.000,504.000,246.00,246.05,2500.000,7500.000,246.95,247.10,213.000,60.000,245.95,246.10,2500.000,2500.000,246.90,247.15,1444.000,9129.000,20000.000,30000.000,245.853,246.193,246.831,247.221,-1.000,-1.076
2017-04-18 10:17:00,246.042,247.026,394.000,266.000,245.90,246.00,7500.000,2500.000,247.00,247.10,480.000,1117.000,245.85,246.15,5000.000,5000.000,246.95,247.15,9321.000,7623.000,25000.000,27500.000,245.744,246.211,246.920,247.241,-1.100,-1.083
2017-04-18 10:18:00,245.946,247.034,2239.000,594.000,245.95,246.00,2500.000,2500.000,246.95,247.10,50.000,60.000,245.90,246.05,7500.000,5000.000,246.90,247.15,7039.000,6625.000,25000.000,22500.000,245.857,246.161,246.835,247.217,-1.050,-1.059
2017-04-18 10:19:00,245.915,247.013,910.000,393.000,245.80,246.00,5000.000,2500.000,246.90,247.05,1494.000,60.000,245.75,246.05,2500.000,7500.000,246.85,247.10,7839.000,5628.000,27500.000,20000.000,245.701,246.141,246.782,247.150,-1.075,-1.034
2017-04-18 10:20:00,245.882,247.015,1334.000,60.000,245.85,245.95,2500.000,5000.000,246.90,247.05,1350.000,354.000,245.80,246.00,5000.000,2500.000,246.85,247.10,7050.000,6195.000,25000.000,17500.000,245.748,246.113,246.785,247.150,-1.075,-0.990
2017-04-18 10:21:00,245.955,247.030,3.000,352.000,245.95,246.00,10000.000,2500.000,246.95,247.10,60.000,60.000,245.90,246.10,5000.000,5000.000,246.90,247.15,5067.000,7971.000,27500.000,22500.000,245.776,246.215,246.873,247.217,-1.050,-0.971
2017-04-18 10:22:00,246.106,247.128,108.000,417.000,245.95,246.15,2500.000,7500.000,247.05,247.20,444.000,383.000,245.90,246.20,5000.000,5000.000,247.00,247.25,7171.000,4936.000,20000.000,25000.000,245.781,246.305,246.950,247.285,-1.075,-0.965
2017-04-18 10:23:00,246.294,247.262,125.000,771.000,246.25,246.40,2500.000,2500.000,247.25,247.45,499.000,307.000,246.15,246.45,10000.000,20000.000,247.20,247.50,4777.000,6070.000,25000.000,57500.000,246.032,246.529,247.155,247.591,-1.025,-0.950
2017-04-18 10:24:00,246.282,247.256,584.000,318.000,246.20,246.35,5000.000,2500.000,247.25,247.40,454.000,434.000,246.15,246.40,5000.000,2500.000,247.20,247.45,7490.000,7517.000,22500.000,40000.000,246.045,246.490,247.161,247.525,-1.050,-0.961
2017-04-18 10:25:00,246.360,247.270,5.000,453.000,246.25,246.45,2500.000,5000.000,247.25,247.40,300.000,3044.000,246.20,246.50,5000.000,7500.000,247.20,247.45,3572.000,4702.000,20000.000,37500.000,246.105,246.518,247.144,247.507,-0.975,-0.979
2017-04-18 10:26:00,246.300,247.284,200.000,483.000,246.20,246.35,2500.000,7500.000,247.25,247.40,459.000,849.000,246.15,246.40,5000.000,7500.000,247.20,247.45,6525.000,6161.000,22500.000,40000.000,246.036,246.476,247.133,247.497,-1.050,-0.999
2017-04-18 10:27:00,246.273,247.262,145.000,722.000,246.20,246.35,2500.000,7500.000,247.25,247.40,155.000,784.000,246.15,246.40,5000.000,7500.000,247.20,247.45,6266.000,7503.000,22500.000,47500.000,246.028,246.484,247.133,247.508,-1.050,-1.017
2017-04-18 10:28:00,246.386,247.280,275.000,223.000,246.20,246.30,7500.000,7500.000,247.25,247.45,459.000,225.000,246.15,246.35,5000.000,12500.000,247.20,247.50,6700.000,1746.000,25000.000,50000.000,246.037,246.410,247.160,247.565,-1.100,-1.043
2017-04-18 10:29:00,246.233,247.261,245.000,1141.000,246.15,246.30,2500.000,5000.000,247.25,247.40,354.000,120.000,246.10,246.35,5000.000,7500.000,247.20,247.45,7500.000,6561.000,22500.000,45000.000,246.010,246.454,247.133,247.517,-1.100,-1.057
2017-04-18 10:30:00,246.350,247.348,480.000,924.000,246.20,246.30,2500.000,5000.000,247.35,247.45,200.000,60.000,246.15,246.35,5000.000,12500.000,247.30,247.50,9192.000,3545.000,22500.000,45000.000,246.044,246.427,247.228,247.553,-1.150,-1.074
2017-04-18 10:31:00,246.273,247.358,55.000,753.000,246.20,246.30,2500.000,2500.000,247.35,247.40,150.000,60.000,246.15,246.35,2500.000,12500.000,247.30,247.50,8238.000,7575.000,22500.000,40000.000,246.013,246.459,247.239,247.550,-1.125,-1.069
2017-04-18 10:32:00,246.044,247.126,1167.000,684.000,246.00,246.10,2500.000,2500.000,247.10,247.20,50.000,240.000,245.90,246.15,7500.000,7500.000,247.05,247.25,9874.000,8510.000,20000.000,22500.000,245.808,246.246,247.006,247.306,-1.100,-1.089
2017-04-18 10:33:00,246.030,247.054,269.000,390.000,245.95,246.00,2500.000,2500.000,247.05,247.15,45.000,129.000,245.90,246.05,2500.000,2500.000,247.00,247.20,5954.000,3872.000,12500.000,20000.000,245.782,246.133,246.950,247.269,-1.125,-1.111
2017-04-18 10:34:00,245.960,247.053,365.000,68.000,245.90,245.95,2500.000,2500.000,247.00,247.10,429.000,265.000,245.85,246.00,2500.000,5000.000,246.95,247.15,6002.000,3316.000,20000.000,20000.000,245.765,246.118,246.869,247.206,-1.125,-1.102
2017-04-18 10:35:00,246.054,247.140,110.000,1.000,245.90,246.00,2500.000,2500.000,247.05,247.25,404.000,60.000,245.85,246.10,15000.000,10000.000,247.00,247.30,9863.000,4255.000,25000.000,25000.000,245.755,246.221,246.975,247.345,-1.200,-1.108
2017-04-18 10:36:00,246.177,247.235,1936.000,2144.000,246.05,246.15,2500.000,5000.000,247.25,247.35,50.000,70.000,245.95,246.20,2500.000,5000.000,247.15,247.40,12673.000,6114.000,22500.000,37500.000,245.855,246.252,247.061,247.477,-1.200,-1.107
2017-04-18 10:37:00,246.270,247.452,103.000,60.000,246.25,246.30,2500.000,5000.000,247.45,247.50,40.000,70.000,246.20,246.35,7500.000,5000.000,247.40,247.55,7208.000,6863.000,27500.000,37500.000,246.096,246.474,247.341,247.613,-1.200,-1.088
2017-04-18 10:38:00,246.315,247.450,250.000,973.000,246.35,246.55,5000.000,5000.000,247.45,247.65,180.000,922.000,246.30,246.60,2500.000,5000.000,247.40,247.70,2818.000,9365.000,20000.000,37500.000,246.192,246.703,247.281,247.747,-1.100,-1.071
2017-04-18 10:39:00,246.308,247.358,500.000,185.000,246.30,246.35,2500.000,2500.000,247.35,247.50,642.000,15.000,246.20,246.45,10000.000,7500.000,247.30,247.55,6353.000,7143.000,25000.000,35000.000,246.096,246.560,247.225,247.618,-1.100,-1.063
2017-04-18 10:40:00,246.022,247.136,1012.000,1362.000,246.00,246.15,5000.000,5000.000,247.10,247.25,110.000,525.000,245.90,246.20,7500.000,10000.000,247.05,247.30,6875.000,10071.000,35000.000,37500.000,245.808,246.274,246.957,247.353,-1.100,-1.069
2017-04-18 10:41:00,246.089,247.145,434.000,83.000,246.05,246.10,2500.000,5000.000,247.15,247.30,1806.000,200.000,246.00,246.20,5000.000,5000.000,247.10,247.35,5901.000,6172.000,27500.000,42500.000,245.920,246.291,247.027,247.432,-1.150,-1.066
2017-04-18 10:42:00,246.047,247.132,542.000,399.000,246.00,246.10,7500.000,5000.000,247.10,247.25,60.000,155.000,245.95,246.15,5000.000,2500.000,247.05,247.30,6026.000,7291.000,32500.000,30000.000,245.828,246.239,246.977,247.367,-1.125,-1.061
2017-04-18 10:43:00,246.094,247.146,573.000,235.000,246.00,246.10,5000.000,7500.000,247.10,247.25,115.000,299.000,245.90,246.15,5000.000,2500.000,247.05,247.30,10350.000,6201.000,27500.000,30000.000,245.791,246.236,247.005,247.354,-1.125,-1.074
2017-04-18 10:44:00,246.200,247.211,337.000,168.000,246.05,246.10,5000.000,5000.000,247.15,247.35,1067.000,20.000,246.00,246.15,7500.000,10000.000,247.10,247.40,6061.000,1220.000,30000.000,37500.000,245.896,246.215,247.046,247.457,-1.175,-1.082
2017-04-18 10:45:00,245.933,247.074,5.000,854.000,245.90,246.00,10000.000,2500.000,247.00,247.15,160.000,266.000,245.85,246.05,2500.000,5000.000,246.95,247.20,5623.000,6629.000,22500.000,20000.000,245.749,246.152,246.911,247.244,-1.125,-1.053
2017-04-18 10:46:00,246.000,247.044,641.000,157.000,245.80,245.85,10000.000,2500.000,247.00,247.15,2556.000,39.000,245.75,245.90,2500.000,5000.000,246.95,247.20,15617.000,1529.000,20000.000,22500.000,245.659,246.007,246.938,247.256,-1.250,-1.060
2017-04-18 10:47:00,245.920,246.979,252.000,114.000,245.80,245.85,5000.000,2500.000,247.00,247.05,56.000,39.000,245.75,245.90,2500.000,5000.000,246.90,247.10,14957.000,5285.000,22500.000,30000.000,245.630,246.013,246.839,247.171,-1.200,-1.072
2017-04-18 10:48:00,245.724,246.840,5.000,487.000,245.80,245.85,5000.000,10000.000,246.80,247.00,1525.000,100.000,245.75,245.90,12500.000,2500.000,246.75,247.05,3383.000,9348.000,25000.000,35000.000,245.711,246.003,246.725,247.111,-1.075,-1.086
2017-04-18 10:49:00,245.981,247.031,714.000,780.000,245.80,246.00,2500.000,2500.000,247.00,247.10,3383.000,200.000,245.75,246.05,7500.000,10000.000,246.95,247.15,16040.000,6400.000,22500.000,30000.000,245.688,246.149,246.906,247.192,-1.150,-1.102
2017-04-18 10:50:00,246.214,247.210,850.000,444.000,246.00,246.20,5000.000,7500.000,247.15,247.35,491.000,510.000,245.90,246.25,2500.000,5000.000,247.10,247.40,8451.000,3050.000,20000.000,30000.000,245.807,246.314,247.050,247.450,-1.150,-1.109
2017-04-18 10:51:00,246.125,247.206,746.000,2977.000,246.05,246.15,2500.000,2500.000,247.20,247.30,304.000,525.000,245.95,246.20,7500.000,2500.000,247.15,247.35,11669.000,8161.000,17500.000,22500.000,245.875,246.262,247.114,247.433,-1.150,-1.114
2017-04-18 10:52:00,246.003,247.123,750.000,266.000,245.90,246.05,2500.000,5000.000,247.05,247.15,2500.000,2727.000,245.85,246.10,2500.000,2500.000,247.00,247.20,15659.000,12647.000,17500.000,15000.000,245.756,246.184,246.943,247.233,-1.125,-1.102
2017-04-18 10:53:00,245.829,247.012,670.000,441.000,245.90,245.95,2500.000,5000.000,246.95,247.05,389.000,3334.000,245.80,246.00,2500.000,5000.000,246.90,247.10,4160.000,11336.000,20000.000,20000.000,245.729,246.065,246.831,247.144,-1.075,-1.078
2017-04-18 10:54:00,246.010,247.140,100.000,2621.000,245.95,246.00,5000.000,2500.000,247.05,247.15,635.000,164.000,245.90,246.05,7500.000,2500.000,247.00,247.20,11281.000,12827.000,25000.000,12500.000,245.766,246.173,246.965,247.250,-1.125,-1.061
2017-04-18 10:55:00,246.135,247.164,1264.000,576.000,246.00,246.05,2500.000,2500.000,247.10,247.30,110.000,143.000,245.95,246.10,5000.000,2500.000,247.05,247.35,7581.000,4417.000,25000.000,30000.000,245.840,246.267,247.000,247.433,-1.175,-1.080
2017-04-18 10:56:00,246.090,247.197,21.000,689.000,246.00,246.10,5000.000,5000.000,247.10,247.20,50.000,144.000,245.95,246.15,2500.000,2500.000,247.05,247.25,12334.000,8004.000,25000.000,15000.000,245.777,246.247,246.995,247.283,-1.100,-1.071
2017-04-18 10:57:00,246.073,247.136,761.000,417.000,246.00,246.10,7500.000,2500.000,247.10,247.15,50.000,184.000,245.95,246.15,5000.000,2500.000,247.05,247.20,8920.000,7772.000,27500.000,17500.000,245.847,246.234,247.018,247.264,-1.075,-1.085
2017-04-18 10:58:00,246.261,247.323,100.000,572.000,246.20,246.35,5000.000,2500.000,247.25,247.45,334.000,392.000,246.15,246.40,5000.000,17500.000,247.20,247.50,5581.000,7010.000,25000.000,35000.000,246.016,246.507,247.160,247.532,-1.075,-1.089
2017-04-18 10:59:00,246.298,247.341,899.000,496.000,246.20,246.35,5000.000,5000.000,247.30,247.45,543.000,110.000,246.15,246.40,2500.000,17500.000,247.25,247.50,8614.000,6650.000,25000.000,45000.000,246.049,246.514,247.190,247.542,-1.100,-1.069
2017-04-18 11:00:00,246.217,247.341,19.000,465.000,246.25,246.35,2500.000,5000.000,247.30,247.45,815.000,414.000,246.20,246.40,5000.000,17500.000,247.25,247.50,3212.000,7016.000,25000.000,42500.000,246.107,246.509,247.185,247.541,-1.075,-1.050
2017-04-18 11:01:00,246.272,247.333,119.000,481.000,246.25,246.35,2500.000,2500.000,247.35,247.40,1890.000,485.000,246.20,246.40,2500.000,2500.000,247.30,247.45,5655.000,7125.000,20000.000,37500.000,246.124,246.489,247.231,247.517,-1.075,-1.048
2017-04-18 11:02:00,247.063,248.200,24.000,532.000,247.10,247.15,7500.000,5000.000,248.10,248.25,973.000,900.000,247.05,247.20,2500.000,2500.000,248.05,248.30,2980.000,5462.000,32500.000,30000.000,246.980,247.300,247.988,248.400,-1.050,-1.025
2017-04-18 11:03:00,247.116,248.196,810.000,1242.000,247.05,247.25,5000.000,2500.000,248.10,248.25,323.000,304.000,247.00,247.30,2500.000,2500.000,248.05,248.30,4581.000,6669.000,20000.000,15000.000,246.930,247.358,248.006,248.350,-1.025,-1.013
2017-04-18 11:04:00,246.698,247.641,195.000,330.000,246.55,246.65,2500.000,5000.000,247.60,247.80,10.000,152.000,246.50,246.70,2500.000,2500.000,247.55,247.85,3037.000,1478.000,17500.000,22500.000,246.385,246.745,247.450,247.922,-1.100,-1.043
2017-04-18 11:05:00,246.581,247.611,738.000,1039.000,246.40,246.50,10000.000,2500.000,247.55,247.70,1165.000,110.000,246.35,246.60,7500.000,2500.000,247.50,247.75,13645.000,4097.000,25000.000,22500.000,246.272,246.673,247.485,247.833,-1.175,-1.046
2017-04-18 11:06:00,246.498,247.548,114.000,437.000,246.50,246.60,7500.000,7500.000,247.50,247.70,50.000,656.000,246.40,246.65,2500.000,5000.000,247.45,247.75,4777.000,7048.000,20000.000,30000.000,246.263,246.751,247.425,247.804,-1.050,-1.039
2017-04-18 11:07:00,246.576,247.598,875.000,686.000,246.55,246.60,5000.000,5000.000,247.55,247.75,112.000,240.000,246.50,246.65,7500.000,7500.000,247.50,247.80,3262.000,3367.000,20000.000,32500.000,246.421,246.723,247.475,247.885,-1.075,-1.037
2017-04-18 11:08:00,246.496,247.519,32.000,443.000,246.50,246.55,5000.000,2500.000,247.50,247.60,60.000,1594.000,246.40,246.60,2500.000,5000.000,247.45,247.65,6413.000,8117.000,17500.000,22500.000,246.278,246.686,247.414,247.711,-1.025,-1.035
2017-04-18 11:09:00,246.437,247.529,300.000,458.000,246.50,246.55,7500.000,2500.000,247.50,247.60,211.000,581.000,246.45,246.60,2500.000,2500.000,247.45,247.65,2511.000,7119.000,25000.000,22500.000,246.372,246.698,247.395,247.722,-1.025,-1.047
2017-04-18 11:10:00,246.416,247.462,300.000,522.000,246.50,246.55,2500.000,5000.000,247.45,247.60,211.000,269.000,246.45,246.60,5000.000,2500.000,247.40,247.65,2354.000,8190.000,15000.000,27500.000,246.373,246.709,247.358,247.714,-1.000,-1.044
2017-04-18 11:11:00,246.499,247.509,550.000,733.000,246.50,246.55,7500.000,5000.000,247.45,247.65,321.000,379.000,246.40,246.60,2500.000,7500.000,247.40,247.70,6591.000,6840.000,17500.000,25000.000,246.289,246.715,247.379,247.740,-1.025,-1.049
2017-04-18 11:12:00,246.494,247.509,117.000,759.000,246.50,246.55,5000.000,5000.000,247.45,247.65,160.000,379.000,246.35,246.60,2500.000,10000.000,247.40,247.70,7542.000,6448.000,15000.000,25000.000,246.250,246.710,247.367,247.725,-1.025,-1.062
2017-04-18 11:13:00,246.498,247.509,123.000,452.000,246.50,246.55,7500.000,2500.000,247.45,247.60,60.000,479.000,246.40,246.60,2500.000,2500.000,247.40,247.65,6159.000,7146.000,20000.000,22500.000,246.275,246.701,247.363,247.700,-1.000,-1.080
2017-04-18 11:14:00,246.228,247.380,100.000,553.000,246.30,246.35,2500.000,2500.000,247.30,247.40,74.000,184.000,246.25,246.40,2500.000,7500.000,247.25,247.45,1747.000,6453.000,20000.000,17500.000,246.183,246.486,247.169,247.493,-1.025,-1.064
2017-04-18 11:15:00,246.333,247.363,991.000,82.000,246.15,246.25,7500.000,7500.000,247.35,247.45,2505.000,186.000,246.10,246.30,5000.000,5000.000,247.25,247.50,14726.000,2195.000,27500.000,42500.000,246.016,246.413,247.209,247.618,-1.200,-1.080
2017-04-18 11:16:00,246.100,247.136,1851.000,481.000,245.95,246.00,10000.000,2500.000,247.05,247.20,100.000,450.000,245.90,246.05,7500.000,2500.000,247.00,247.25,11355.000,2199.000,27500.000,17500.000,245.801,246.103,246.986,247.314,-1.150,-1.076
2017-04-18 11:17:00,246.024,247.105,1941.000,1147.000,245.95,246.00,10000.000,5000.000,247.00,247.15,3778.000,63.000,245.75,246.05,2500.000,2500.000,246.95,247.20,15305.000,4345.000,30000.000,22500.000,245.709,246.119,246.887,247.278,-1.100,-1.073
2017-04-18 11:18:00,245.962,247.064,670.000,139.000,245.90,245.95,5000.000,2500.000,246.95,247.10,10.000,941.000,245.85,246.00,5000.000,2500.000,246.90,247.15,3712.000,2813.000,27500.000,17500.000,245.754,246.066,246.841,247.214,-1.100,-1.057
2017-04-18 11:19:00,246.026,247.095,1998.000,649.000,245.95,246.00,5000.000,5000.000,247.00,247.15,593.000,449.000,245.90,246.05,5000.000,5000.000,246.95,247.20,6289.000,2878.000,27500.000,22500.000,245.840,246.110,246.864,247.239,-1.100,-1.075
2017-04-18 11:20:00,246.002,247.113,440.000,500.000,245.90,245.95,2500.000,5000.000,247.00,247.10,10.000,1187.000,245.85,246.00,2500.000,5000.000,246.95,247.15,6567.000,3132.000,20000.000,20000.000,245.754,246.044,246.863,247.219,-1.125,-1.099
2017-04-18 11:21:00,246.316,247.333,734.000,638.000,246.20,246.25,5000.000,2500.000,247.30,247.40,450.000,33.000,246.10,246.30,2500.000,7500.000,247.25,247.50,11194.000,3876.000,17500.000,27500.000,245.987,246.385,247.214,247.582,-1.125,-1.128
2017-04-18 11:22:00,246.259,247.325,654.000,425.000,246.20,246.25,5000.000,5000.000,247.25,247.40,110.000,205.000,246.10,246.30,2500.000,2500.000,247.20,247.45,5535.000,3087.000,20000.000,20000.000,246.007,246.398,247.156,247.494,-1.100,-1.135
2017-04-18 11:23:00,246.288,247.308,100.000,1101.000,246.05,246.20,2500.000,5000.000,247.25,247.35,2242.000,60.000,246.00,246.25,2500.000,7500.000,247.20,247.50,14116.000,2579.000,17500.000,27500.000,245.902,246.294,247.129,247.532,-1.175,-1.146
2017-04-18 11:24:00,246.089,247.250,1442.000,1065.000,246.15,246.20,2500.000,2500.000,247.20,247.30,750.000,60.000,246.10,246.25,7500.000,2500.000,247.15,247.35,3140.000,6576.000,25000.000,20000.000,246.082,246.347,247.055,247.431,-1.075,-1.129
2017-04-18 11:25:00,246.017,247.244,50.000,387.000,246.10,246.15,2500.000,5000.000,247.15,247.30,249.000,516.000,246.05,246.25,2500.000,5000.000,247.10,247.35,1331.000,6050.000,20000.000,22500.000,245.965,246.350,247.019,247.422,-1.100,-1.103
2017-04-18 11:26:00,246.168,247.334,462.000,205.000,246.15,246.30,2500.000,2500.000,247.25,247.40,110.000,60.000,246.10,246.35,5000.000,2500.000,247.20,247.45,5989.000,8615.000,22500.000,17500.000,246.003,246.477,247.089,247.507,-1.100,-1.096
2017-04-18 11:27:00,246.297,247.394,7.000,548.000,246.25,246.30,2500.000,2500.000,247.30,247.45,1146.000,60.000,246.20,246.35,5000.000,7500.000,247.25,247.50,5354.000,3561.000,20000.000,22500.000,246.122,246.450,247.169,247.600,-1.100,-1.100
2017-04-18 11:28:00,246.360,247.435,1183.000,398.000,246.35,246.40,5000.000,2500.000,247.35,247.50,733.000,370.000,246.30,246.45,7500.000,2500.000,247.30,247.60,5588.000,5347.000,25000.000,17500.000,246.222,246.566,247.245,247.657,-1.050,-1.122
2017-04-18 11:29:00,246.420,247.496,124.000,112.000,246.40,246.45,2500.000,2500.000,247.40,247.55,1613.000,982.000,246.35,246.50,2500.000,2500.000,247.35,247.60,5541.000,5069.000,20000.000,15000.000,246.275,246.600,247.281,247.650,-1.050,-1.100
2017-04-18 11:30:00,246.408,247.508,439.000,841.000,246.40,246.45,5000.000,5000.000,247.40,247.55,1613.000,842.000,246.35,246.50,7500.000,2500.000,247.35,247.60,5593.000,5958.000,27500.000,20000.000,246.288,246.586,247.305,247.675,-1.050,-1.085
2017-04-18 11:31:00,246.231,247.364,216.000,1382.000,246.25,246.35,5000.000,5000.000,247.30,247.45,160.000,167.000,246.20,246.40,5000.000,2500.000,247.25,247.50,3133.000,7249.000,27500.000,25000.000,246.095,246.487,247.109,247.595,-1.075,-1.076
2017-04-18 11:32:00,246.199,247.313,414.000,519.000,246.20,246.25,2500.000,2500.000,247.25,247.35,359.000,219.000,246.15,246.35,2500.000,5000.000,247.20,247.40,5987.000,10138.000,17500.000,20000.000,246.035,246.454,247.100,247.450,-1.075,-1.076
2017-04-18 11:33:00,246.004,247.192,3783.000,253.000,246.00,246.15,5000.000,7500.000,247.05,247.25,60.000,1682.000,245.95,246.20,10000.000,5000.000,247.00,247.30,6694.000,9263.000,35000.000,25000.000,245.933,246.301,246.939,247.325,-1.075,-1.065
2017-04-18 11:34:00,246.347,247.314,60.000,27.000,246.20,246.25,5000.000,2500.000,247.30,247.45,260.000,23.000,246.15,246.30,5000.000,10000.000,247.25,247.50,9182.000,2411.000,27500.000,35000.000,246.016,246.434,247.105,247.596,-1.150,-1.082
2017-04-18 11:35:00,246.145,247.166,391.000,145.000,246.05,246.10,2500.000,7500.000,247.10,247.30,1922.000,189.000,246.00,246.15,2500.000,5000.000,247.05,247.35,4226.000,1354.000,22500.000,32500.000,245.938,246.212,246.983,247.408,-1.125,-1.094
2017-04-18 11:36:00,246.116,247.208,88.000,433.000,246.05,246.10,2500.000,5000.000,247.15,247.25,1922.000,133.000,246.00,246.15,5000.000,5000.000,247.10,247.30,7101.000,4756.000,25000.000,25000.000,245.899,246.236,247.035,247.350,-1.125,-1.106
2017-04-18 11:37:00,246.063,247.173,1904.000,1888.000,246.00,246.10,5000.000,2500.000,247.10,247.20,409.000,298.000,245.90,246.15,7500.000,2500.000,247.05,247.25,11511.000,9068.000,30000.000,20000.000,245.814,246.228,247.004,247.312,-1.100,-1.122
2017-04-18 11:38:00,245.966,247.102,109.000,1600.000,246.00,246.10,7500.000,2500.000,247.00,247.15,399.000,195.000,245.85,246.15,7500.000,2500.000,246.95,247.20,5477.000,9182.000,32500.000,17500.000,245.749,246.222,246.896,247.271,-1.025,-1.104
2017-04-18 11:39:00,246.090,247.141,160.000,11.000,245.90,245.95,12500.000,2500.000,247.05,247.25,157.000,88.000,245.85,246.00,5000.000,5000.000,247.00,247.30,11163.000,400.000,30000.000,25000.000,245.749,246.085,246.967,247.365,-1.225,-1.109
2017-04-18 11:40:00,246.172,247.252,750.000,423.000,246.10,246.20,7500.000,2500.000,247.20,247.30,50.000,233.000,246.05,246.25,7500.000,10000.000,247.15,247.35,8168.000,6774.000,32500.000,27500.000,245.934,246.363,247.108,247.414,-1.100,-1.081
2017-04-18 11:41:00,246.219,247.372,1201.000,270.000,246.20,246.30,5000.000,2500.000,247.30,247.40,777.000,1361.000,246.15,246.35,7500.000,2500.000,247.25,247.45,7904.000,10746.000,25000.000,15000.000,246.050,246.451,247.215,247.517,-1.100,-1.069
2017-04-18 11:42:00,246.171,247.363,304.000,612.000,246.15,246.20,2500.000,2500.000,247.25,247.40,60.000,2123.000,246.05,246.25,2500.000,5000.000,247.20,247.45,6374.000,6111.000,22500.000,17500.000,245.959,246.315,247.106,247.493,-1.150,-1.047
2017-04-18 11:43:00,246.256,247.300,265.000,641.000,246.15,246.20,7500.000,2500.000,247.20,247.40,50.000,802.000,246.05,246.25,5000.000,2500.000,247.15,247.45,6265.000,3068.000,25000.000,20000.000,245.920,246.313,247.095,247.544,-1.125,-1.056
2017-04-18 11:44:00,246.129,247.205,261.000,1206.000,246.10,246.15,2500.000,7500.000,247.15,247.30,636.000,411.000,246.00,246.20,5000.000,2500.000,247.10,247.40,4280.000,4201.000,20000.000,30000.000,245.896,246.266,247.037,247.438,-1.100,-1.074
2017-04-18 11:45:00,246.041,246.982,549.000,394.000,245.85,245.95,2500.000,10000.000,246.90,247.10,25.000,1266.000,245.80,246.00,2500.000,2500.000,246.85,247.15,13797.000,4240.000,20000.000,30000.000,245.665,246.068,246.787,247.213,-1.100,-1.099
2017-04-18 11:46:00,245.999,247.091,358.000,36.000,245.90,245.95,5000.000,2500.000,247.00,247.15,334.000,432.000,245.85,246.00,2500.000,5000.000,246.95,247.20,3098.000,1508.000,22500.000,20000.000,245.748,246.064,246.894,247.294,-1.150,-1.115
2017-04-18 11:47:00,246.018,247.100,3168.000,84.000,245.90,245.95,12500.000,2500.000,247.05,247.10,50.000,614.000,245.85,246.00,2500.000,2500.000,247.00,247.15,12397.000,2688.000,27500.000,12500.000,245.774,246.100,246.982,247.200,-1.150,-1.137
2017-04-18 11:48:00,246.090,247.178,89.000,488.000,246.00,246.10,5000.000,2500.000,247.10,247.20,3860.000,614.000,245.90,246.15,7500.000,5000.000,247.05,247.30,13964.000,7418.000,22500.000,17500.000,245.811,246.244,247.017,247.350,-1.100,-1.149
2017-04-18 11:49:00,246.070,247.236,1071.000,86.000,246.00,246.05,2500.000,2500.000,247.15,247.25,405.000,255.000,245.95,246.10,5000.000,2500.000,247.10,247.35,11592.000,5426.000,25000.000,20000.000,245.866,246.223,247.045,247.412,-1.175,-1.157
2017-04-18 11:50:00,246.095,247.161,405.000,462.000,245.95,246.00,7500.000,2500.000,247.05,247.20,363.000,1989.000,245.90,246.05,5000.000,5000.000,247.00,247.25,10166.000,3765.000,27500.000,17500.000,245.769,246.088,246.941,247.293,-1.150,-1.185
2017-04-18 11:51:00,246.063,247.237,101.000,350.000,246.05,246.15,2500.000,2500.000,247.15,247.30,149.000,60.000,246.00,246.20,7500.000,2500.000,247.10,247.35,3901.000,6953.000,27500.000,20000.000,245.871,246.287,247.055,247.431,-1.125,-1.195
2017-04-18 11:52:00,246.030,247.222,414.000,111.000,246.05,246.10,2500.000,5000.000,247.15,247.30,80.000,350.000,246.00,246.15,2500.000,2500.000,247.10,247.35,3174.000,5794.000,22500.000,22500.000,245.894,246.243,247.044,247.411,-1.150,-1.162
2017-04-18 11:53:00,246.034,247.182,725.000,748.000,246.05,246.10,5000.000,5000.000,247.10,247.25,400.000,499.000,246.00,246.15,7500.000,2500.000,247.05,247.35,3791.000,6978.000,27500.000,27500.000,245.915,246.226,246.973,247.400,-1.100,-1.161
2017-04-18 11:54:00,246.005,247.207,647.000,1392.000,246.00,246.10,2500.000,5000.000,247.10,247.20,11.000,410.000,245.95,246.15,7500.000,5000.000,247.05,247.35,5589.000,10148.000,27500.000,25000.000,245.842,246.235,246.941,247.380,-1.100,-1.134
2017-04-18 11:55:00,245.996,247.205,464.000,452.000,246.00,246.05,2500.000,5000.000,247.10,247.20,71.000,19.000,245.95,246.10,7500.000,2500.000,247.05,247.35,6186.000,7731.000,27500.000,25000.000,245.839,246.227,246.941,247.385,-1.125,-1.091
2017-04-18 11:56:00,245.912,247.135,49.000,579.000,246.00,246.05,2500.000,5000.000,247.05,247.15,581.000,79.000,245.95,246.10,2500.000,2500.000,247.00,247.30,3348.000,10350.000,20000.000,22500.000,245.858,246.228,246.906,247.333,-1.075,-1.054
2017-04-18 11:57:00,246.092,247.121,597.000,675.000,245.90,246.00,7500.000,2500.000,247.00,247.15,464.000,10.000,245.85,246.05,5000.000,2500.000,246.95,247.30,11583.000,2589.000,27500.000,20000.000,245.735,246.132,246.891,247.356,-1.125,-1.060
2017-04-18 11:58:00,246.050,247.192,770.000,130.000,245.85,245.90,2500.000,2500.000,247.05,247.20,1018.000,42.000,245.80,245.95,10000.000,2500.000,247.00,247.25,25712.000,777.000,32500.000,17500.000,245.691,245.988,246.950,247.350,-1.250,-1.063
2017-04-18 11:59:00,246.022,247.090,983.000,1435.000,245.80,246.00,2500.000,2500.000,247.00,247.10,340.000,561.000,245.75,246.05,7500.000,5000.000,246.95,247.20,23842.000,7988.000,27500.000,25000.000,245.659,246.132,246.886,247.260,-1.150,-1.086
2017-04-18 12:00:00,246.121,247.115,720.000,101.000,245.85,246.00,5000.000,2500.000,247.00,247.15,304.000,310.000,245.80,246.05,7500.000,2500.000,246.95,247.20,21230.000,2709.000,25000.000,17500.000,245.676,246.144,246.905,247.264,-1.150,-1.127
2017-04-18 12:01:00,246.034,247.069,998.000,2660.000,245.85,246.00,5000.000,2500.000,247.00,247.10,1433.000,442.000,245.75,246.05,5000.000,2500.000,246.95,247.15,24596.000,7748.000,25000.000,20000.000,245.666,246.110,246.895,247.219,-1.125,-1.149
2017-04-18 12:02:00,246.036,247.095,1140.000,2968.000,245.85,246.00,5000.000,5000.000,247.00,247.10,1453.000,180.000,245.75,246.05,5000.000,2500.000,246.95,247.15,24828.000,7667.000,30000.000,20000.000,245.667,246.107,246.887,247.206,-1.125,-1.166
2017-04-18 12:03:00,246.061,247.220,244.000,1267.000,246.10,246.15,5000.000,2500.000,247.10,247.30,693.000,217.000,246.00,246.20,7500.000,2500.000,247.05,247.35,4204.000,7954.000,37500.000,25000.000,245.923,246.262,246.983,247.425,-1.075,-1.143
2017-04-18 12:04:00,246.002,247.186,238.000,1200.000,246.05,246.10,2500.000,2500.000,247.05,247.25,500.000,1266.000,245.95,246.15,10000.000,5000.000,247.00,247.35,4641.000,9082.000,30000.000,25000.000,245.880,246.217,246.950,247.410,-1.075,-1.114
2017-04-18 12:05:00,245.965,247.163,1.000,1204.000,246.00,246.05,5000.000,2500.000,247.05,247.20,384.000,438.000,245.95,246.10,7500.000,2500.000,247.00,247.25,6473.000,10330.000,30000.000,17500.000,245.882,246.211,246.925,247.307,-1.100,-1.080
2017-04-18 12:06:00,245.981,247.128,5.000,581.000,246.00,246.10,2500.000,7500.000,247.00,247.20,2663.000,1394.000,245.90,246.15,5000.000,10000.000,246.95,247.25,7842.000,11784.000,32500.000,30000.000,245.819,246.238,246.838,247.279,-1.050,-1.058
2017-04-18 12:07:00,245.961,247.102,586.000,60.000,246.00,246.05,10000.000,5000.000,247.00,247.15,1900.000,3319.000,245.90,246.10,5000.000,5000.000,246.95,247.20,8388.000,11861.000,40000.000,30000.000,245.821,246.195,246.863,247.246,-1.050,-1.054
2017-04-18 12:08:00,245.955,247.003,1774.000,1379.000,245.90,246.00,2500.000,5000.000,246.95,247.05,1030.000,258.000,245.85,246.05,2500.000,5000.000,246.90,247.10,9040.000,8371.000,22500.000,25000.000,245.789,246.114,246.822,247.155,-1.050,-1.086
2017-04-18 12:09:00,245.961,247.000,3240.000,1072.000,245.90,246.00,2500.000,2500.000,246.95,247.05,1030.000,60.000,245.85,246.05,2500.000,7500.000,246.90,247.10,10407.000,7939.000,22500.000,25000.000,245.801,246.120,246.822,247.160,-1.050,-1.093
2017-04-18 12:10:00,245.976,247.003,2119.000,756.000,245.90,246.00,2500.000,5000.000,246.95,247.05,1010.000,315.000,245.85,246.05,2500.000,5000.000,246.90,247.10,11587.000,7818.000,22500.000,25000.000,245.791,246.122,246.822,247.155,-1.050,-1.102
2017-04-18 12:11:00,245.891,246.927,1755.000,208.000,245.90,245.95,2500.000,5000.000,246.85,247.00,1010.000,1036.000,245.85,246.00,10000.000,5000.000,246.80,247.10,8216.000,9182.000,30000.000,30000.000,245.799,246.102,246.754,247.150,-1.000,-1.101
2017-04-18 12:12:00,245.869,246.989,1442.000,87.000,245.90,245.95,2500.000,5000.000,246.90,247.05,1025.000,702.000,245.85,246.00,2500.000,5000.000,246.85,247.10,5049.000,6935.000,30000.000,25000.000,245.798,246.114,246.783,247.155,-1.050,-1.099
2017-04-18 12:13:00,246.149,247.358,165.000,64.000,246.25,246.30,5000.000,2500.000,247.35,247.40,720.000,60.000,246.20,246.35,2500.000,12500.000,247.25,247.50,2569.000,9092.000,20000.000,25000.000,246.155,246.471,247.213,247.535,-1.100,-1.075
2017-04-18 12:14:00,246.374,247.447,120.000,178.000,246.30,246.35,5000.000,2500.000,247.40,247.50,252.000,1134.000,246.25,246.40,5000.000,7500.000,247.35,247.55,9503.000,5395.000,22500.000,22500.000,246.087,246.488,247.300,247.606,-1.125,-1.097
2017-04-18 12:15:00,246.362,247.435,178.000,439.000,246.25,246.35,2500.000,5000.000,247.35,247.50,510.000,709.000,246.15,246.40,7500.000,2500.000,247.30,247.55,9919.000,5238.000,27500.000,22500.000,246.034,246.484,247.245,247.606,-1.125,-1.101
2017-04-18 12:16:00,246.449,247.479,46.000,746.000,246.30,246.40,2500.000,2500.000,247.45,247.55,375.000,140.000,246.20,246.45,7500.000,2500.000,247.40,247.60,11346.000,3812.000,20000.000,22500.000,246.093,246.534,247.363,247.661,-1.150,-1.117
2017-04-18 12:17:00,246.303,247.414,111.000,849.000,246.15,246.25,5000.000,2500.000,247.25,247.40,857.000,362.000,246.05,246.30,2500.000,5000.000,247.20,247.45,10849.000,3999.000,35000.000,20000.000,245.931,246.372,247.075,247.519,-1.125,-1.127
2017-04-18 12:18:00,246.276,247.365,413.000,541.000,246.15,246.30,2500.000,2500.000,247.30,247.45,1013.000,464.000,246.05,246.35,5000.000,7500.000,247.25,247.50,14958.000,7429.000,15000.000,17500.000,245.967,246.447,247.208,247.536,-1.150,-1.136
2017-04-18 12:19:00,246.272,247.456,161.000,563.000,246.30,246.35,2500.000,5000.000,247.30,247.50,60.000,828.000,246.20,246.40,10000.000,5000.000,247.25,247.55,2639.000,4178.000,37500.000,25000.000,246.116,246.470,247.113,247.590,-1.075,-1.112
2017-04-18 12:20:00,246.198,247.290,371.000,133.000,246.15,246.20,2500.000,2500.000,247.25,247.30,742.000,300.000,246.05,246.25,2500.000,2500.000,247.20,247.35,9849.000,5490.000,27500.000,25000.000,245.960,246.363,247.073,247.425,-1.100,-1.097
2017-04-18 12:21:00,246.137,247.248,877.000,126.000,246.05,246.20,2500.000,2500.000,247.15,247.30,778.000,350.000,246.00,246.25,5000.000,2500.000,247.10,247.35,7241.000,5516.000,27500.000,22500.000,245.923,246.363,247.027,247.417,-1.100,-1.085
2017-04-18 12:22:00,246.116,247.273,122.000,361.000,246.10,246.20,2500.000,2500.000,247.20,247.30,78.000,350.000,246.05,246.25,2500.000,2500.000,247.15,247.40,5066.000,6836.000,27500.000,27500.000,245.952,246.356,247.041,247.455,-1.100,-1.086
2017-04-18 12:23:00,246.085,247.222,26.000,706.000,246.10,246.20,2500.000,5000.000,247.15,247.30,18.000,443.000,246.05,246.25,5000.000,5000.000,247.10,247.35,2985.000,6236.000,27500.000,30000.000,245.939,246.346,247.027,247.412,-1.075,-1.092
2017-04-18 12:24:00,246.175,247.237,250.000,375.000,246.10,246.15,2500.000,2500.000,247.20,247.30,78.000,30.000,246.05,246.20,2500.000,5000.000,247.15,247.35,3750.000,2120.000,25000.000,32500.000,245.957,246.284,247.060,247.419,-1.125,-1.105
2017-04-18 12:25:00,246.137,247.158,604.000,394.000,246.00,246.05,5000.000,7500.000,247.10,247.25,241.000,19.000,245.95,246.10,2500.000,10000.000,247.05,247.30,6919.000,2042.000,27500.000,35000.000,245.878,246.222,247.009,247.336,-1.150,-1.104
2017-04-18 12:26:00,246.087,247.137,2603.000,473.000,246.00,246.10,2500.000,5000.000,247.10,247.20,1241.000,394.000,245.95,246.15,5000.000,7500.000,247.05,247.25,12983.000,7236.000,27500.000,32500.000,245.883,246.247,247.005,247.296,-1.100,-1.106
2017-04-18 12:27:00,245.956,247.115,704.000,58.000,246.00,246.05,2500.000,2500.000,247.05,247.15,1394.000,129.000,245.95,246.10,12500.000,5000.000,247.00,247.20,7496.000,10818.000,32500.000,25000.000,245.888,246.238,246.923,247.265,-1.075,-1.088
2017-04-18 12:28:00,245.971,247.137,64.000,210.000,246.00,246.05,2500.000,2500.000,247.05,247.15,1060.000,129.000,245.95,246.10,12500.000,2500.000,247.00,247.20,6216.000,8199.000,30000.000,17500.000,245.874,246.233,246.933,247.257,-1.075,-1.081
2017-04-18 12:29:00,245.979,247.104,941.000,157.000,245.95,246.00,5000.000,10000.000,247.00,247.15,5052.000,129.000,245.90,246.10,2500.000,5000.000,246.95,247.20,10412.000,8437.000,30000.000,27500.000,245.848,246.228,246.887,247.218,-1.100,-1.064
2017-04-18 12:30:00,246.080,247.097,1012.000,207.000,245.95,246.00,2500.000,5000.000,247.05,247.15,5052.000,23.000,245.90,246.05,7500.000,5000.000,247.00,247.20,13322.000,1959.000,22500.000,25000.000,245.829,246.149,246.944,247.245,-1.125,-1.087
2017-04-18 12:31:00,245.999,247.060,598.000,319.000,245.95,246.00,7500.000,2500.000,247.00,247.10,5052.000,209.000,245.90,246.05,2500.000,7500.000,246.95,247.15,9939.000,4892.000,27500.000,25000.000,245.846,246.164,246.895,247.200,-1.075,-1.085
2017-04-18 12:32:00,245.989,247.059,342.000,116.000,245.95,246.00,10000.000,2500.000,247.00,247.10,5052.000,83.000,245.90,246.05,2500.000,5000.000,246.95,247.20,9837.000,5607.000,27500.000,27500.000,245.842,246.170,246.909,247.277,-1.075,-1.096
2017-04-18 12:33:00,245.821,246.953,208.000,118.000,245.80,245.85,5000.000,2500.000,246.90,247.05,185.000,100.000,245.75,245.90,7500.000,5000.000,246.85,247.10,15937.000,16934.000,37500.000,45000.000,245.645,246.002,246.773,247.169,-1.150,-1.107
2017-04-18 12:34:00,246.143,247.183,603.000,899.000,246.00,246.10,2500.000,5000.000,247.10,247.30,215.000,50.000,245.95,246.15,7500.000,2500.000,247.05,247.35,6748.000,3180.000,27500.000,30000.000,245.830,246.227,247.000,247.417,-1.150,-1.114
2017-04-18 12:35:00,246.189,247.321,84.000,191.000,246.10,246.15,2500.000,5000.000,247.20,247.30,160.000,122.000,246.05,246.20,5000.000,5000.000,247.15,247.35,16072.000,9179.000,60000.000,37500.000,245.934,246.284,247.031,247.417,-1.125,-1.119
2017-04-18 12:36:00,246.080,247.129,1637.000,817.000,245.90,246.00,10000.000,12500.000,247.00,247.20,50.000,353.000,245.85,246.05,7500.000,7500.000,246.95,247.25,13101.000,2970.000,35000.000,30000.000,245.755,246.109,246.907,247.262,-1.150,-1.141
2017-04-18 12:37:00,245.958,247.086,124.000,598.000,246.00,246.05,5000.000,5000.000,247.00,247.20,848.000,279.000,245.90,246.10,10000.000,7500.000,246.95,247.25,7897.000,10551.000,25000.000,27500.000,245.803,246.224,246.915,247.332,-1.075,-1.138
2017-04-18 12:38:00,245.880,247.069,1392.000,2479.000,245.90,246.00,2500.000,2500.000,246.90,247.10,1105.000,532.000,245.85,246.05,7500.000,2500.000,246.85,247.15,4028.000,8679.000,35000.000,17500.000,245.815,246.116,246.779,247.214,-1.050,-1.131
2017-04-18 12:39:00,245.766,246.838,588.000,734.000,245.70,245.75,10000.000,5000.000,246.75,246.90,8979.000,83.000,245.65,245.85,2500.000,7500.000,246.70,246.95,15854.000,8294.000,30000.000,30000.000,245.612,245.960,246.650,247.000,-1.100,-1.153
2017-04-18 12:40:00,245.717,246.876,7477.000,544.000,245.65,245.70,7500.000,7500.000,246.70,246.85,2616.000,203.000,245.60,245.75,7500.000,7500.000,246.65,246.90,13952.000,2512.000,65000.000,30000.000,245.600,245.819,246.554,246.933,-1.100,-1.153
2017-04-18 12:41:00,245.652,246.811,299.000,671.000,245.65,245.70,7500.000,5000.000,246.65,246.80,2656.000,133.000,245.60,245.75,7500.000,5000.000,246.60,246.85,6570.000,6494.000,62500.000,25000.000,245.550,245.847,246.536,246.895,-1.050,-1.145
2017-04-18 12:42:00,245.773,246.883,32.000,55.000,245.65,245.70,5000.000,2500.000,246.75,246.90,2219.000,334.000,245.60,245.80,5000.000,5000.000,246.70,246.95,8011.000,2869.000,32500.000,20000.000,245.524,245.914,246.635,247.019,-1.150,-1.137
2017-04-18 12:43:00,245.915,247.072,232.000,421.000,245.85,245.90,5000.000,5000.000,246.95,247.10,1453.000,1627.000,245.80,245.95,7500.000,15000.000,246.90,247.15,8239.000,5939.000,35000.000,32500.000,245.649,246.005,246.843,247.200,-1.150,-1.154
2017-04-18 12:44:00,245.906,247.085,1158.000,1249.000,245.90,245.95,2500.000,2500.000,246.95,247.10,1309.000,3086.000,245.85,246.00,12500.000,10000.000,246.90,247.15,5591.000,7526.000,42500.000,25000.000,245.807,246.046,246.841,247.190,-1.100,-1.167
2017-04-18 12:45:00,245.955,247.113,545.000,2028.000,245.95,246.00,5000.000,2500.000,247.00,247.10,709.000,110.000,245.90,246.05,10000.000,5000.000,246.95,247.15,6755.000,8449.000,40000.000,20000.000,245.832,246.124,246.894,247.206,-1.075,-1.178
2017-04-18 12:46:00,246.045,247.167,2166.000,543.000,245.95,246.00,5000.000,7500.000,247.00,247.15,4046.000,360.000,245.90,246.05,12500.000,5000.000,246.95,247.20,12897.000,2789.000,45000.000,22500.000,245.858,246.125,246.886,247.233,-1.100,-1.173
2017-04-18 12:47:00,246.090,247.159,234.000,662.000,246.10,246.15,17500.000,2500.000,247.00,247.15,815.000,774.000,246.05,246.20,10000.000,2500.000,246.95,247.20,7138.000,11885.000,57500.000,15000.000,245.946,246.288,246.902,247.250,-0.950,-1.166
2017-04-18 12:48:00,245.757,247.000,650.000,529.000,245.70,245.85,2500.000,7500.000,246.70,246.90,76.000,340.000,245.65,245.90,2500.000,5000.000,246.65,246.95,7118.000,9097.000,80000.000,20000.000,245.534,245.995,246.541,246.981,-1.025,-1.155
2017-04-18 12:49:00,245.696,246.942,1.000,264.000,245.75,245.85,5000.000,2500.000,246.75,246.95,65.000,334.000,245.70,245.90,7500.000,2500.000,246.70,247.00,2472.000,8410.000,32500.000,15000.000,245.583,245.999,246.635,247.083,-1.050,-1.150
2017-04-18 12:50:00,245.735,246.947,12.000,584.000,245.70,245.85,2500.000,2500.000,246.80,247.00,104.000,364.000,245.60,245.90,5000.000,2500.000,246.75,247.05,5973.000,8082.000,25000.000,17500.000,245.497,245.966,246.680,247.100,-1.125,-1.141
2017-04-18 12:51:00,245.773,246.868,528.000,7.000,245.70,245.75,5000.000,2500.000,246.80,246.95,68.000,110.000,245.65,245.85,2500.000,2500.000,246.75,247.00,6815.000,5286.000,17500.000,17500.000,245.543,245.959,246.707,247.071,-1.150,-1.154
2017-04-18 12:52:00,246.069,247.103,494.000,469.000,245.95,246.00,2500.000,2500.000,247.00,247.20,1113.000,250.000,245.90,246.10,2500.000,5000.000,246.95,247.25,7017.000,3564.000,20000.000,17500.000,245.798,246.178,246.894,247.307,-1.125,-1.169
2017-04-18 12:53:00,245.916,247.103,1095.000,60.000,246.00,246.05,5000.000,2500.000,247.00,247.10,491.000,539.000,245.95,246.10,2500.000,5000.000,246.95,247.20,3384.000,9233.000,27500.000,20000.000,245.920,246.212,246.859,247.250,-1.025,-1.148
2017-04-18 12:54:00,245.774,246.996,508.000,724.000,245.80,245.90,2500.000,2500.000,246.85,247.00,200.000,362.000,245.75,245.95,2500.000,2500.000,246.80,247.05,3815.000,7078.000,40000.000,20000.000,245.601,246.036,246.691,247.113,-1.075,-1.143
2017-04-18 12:55:00,245.798,246.965,71.000,320.000,245.75,245.80,2500.000,5000.000,246.80,246.95,50.000,92.000,245.65,245.85,7500.000,2500.000,246.75,247.00,6449.000,4508.000,40000.000,20000.000,245.531,245.952,246.656,247.044,-1.100,-1.129
2017-04-18 12:56:00,245.729,246.887,583.000,30.000,245.65,245.70,2500.000,5000.000,246.75,246.85,426.000,63.000,245.60,245.75,2500.000,2500.000,246.70,246.95,5375.000,2590.000,35000.000,22500.000,245.516,245.837,246.607,246.989,-1.125,-1.130
2017-04-18 12:57:00,245.742,246.854,750.000,42.000,245.65,245.70,2500.000,7500.000,246.70,246.85,92.000,110.000,245.60,245.75,2500.000,5000.000,246.65,246.90,4684.000,1624.000,35000.000,25000.000,245.521,245.860,246.554,246.930,-1.100,-1.111
2017-04-18 12:58:00,245.059,246.139,872.000,63.000,245.05,245.10,5000.000,12500.000,246.10,246.15,5174.000,334.000,245.00,245.15,5000.000,2500.000,246.05,246.25,10366.000,8758.000,35000.000,32500.000,244.954,245.253,245.964,246.269,-1.050,-1.116
2017-04-18 12:59:00,244.931,246.127,100.000,55.000,245.05,245.15,5000.000,7500.000,246.00,246.20,201.000,364.000,245.00,245.20,2500.000,5000.000,245.95,246.25,804.000,6604.000,27500.000,22500.000,244.928,245.310,245.859,246.283,-1.000,-1.089
2017-04-18 13:00:00,245.177,246.277,149.000,21.000,245.20,245.25,5000.000,2500.000,246.20,246.35,680.000,111.000,245.15,245.35,2500.000,5000.000,246.15,246.40,5802.000,10859.000,17500.000,15000.000,245.048,245.470,246.079,246.442,-1.050,-1.082
2017-04-18 13:01:00,245.145,246.306,366.000,77.000,245.15,245.20,2500.000,5000.000,246.15,246.35,469.000,414.000,245.10,245.30,2500.000,5000.000,246.10,246.40,3769.000,5481.000,25000.000,17500.000,245.002,245.426,246.015,246.429,-1.075,-1.069
2017-04-18 13:02:00,245.176,246.195,4768.000,101.000,245.00,245.20,2500.000,5000.000,246.20,246.30,2152.000,111.000,244.95,245.30,5000.000,12500.000,246.10,246.35,12711.000,5491.000,27500.000,42500.000,244.912,245.404,246.032,246.462,-1.150,-1.071
2017-04-18 13:03:00,245.164,246.268,543.000,131.000,245.05,245.20,2500.000,2500.000,246.20,246.30,1269.000,110.000,245.00,245.25,5000.000,12500.000,246.15,246.35,8685.000,5446.000,25000.000,25000.000,244.913,245.361,246.085,246.380,-1.125,-1.066
2017-04-18 13:04:00,245.223,246.286,601.000,23.000,245.10,245.25,7500.000,5000.000,246.20,246.40,304.000,291.000,245.05,245.30,5000.000,2500.000,246.15,246.45,5105.000,2655.000,25000.000,27500.000,244.979,245.410,246.115,246.536,-1.125,-1.072
2017-04-18 13:05:00,245.205,246.270,216.000,512.000,245.20,245.30,2500.000,2500.000,246.25,246.40,200.000,261.000,245.15,245.35,7500.000,5000.000,246.20,246.45,4811.000,7740.000,22500.000,35000.000,245.029,245.460,246.156,246.525,-1.075,-1.071
2017-04-18 13:06:00,245.191,246.287,216.000,416.000,245.20,245.30,2500.000,2500.000,246.25,246.35,200.000,161.000,245.15,245.35,7500.000,2500.000,246.20,246.40,4573.000,8568.000,20000.000,20000.000,245.035,245.455,246.156,246.469,-1.050,-1.064
2017-04-18 13:07:00,245.209,246.239,119.000,142.000,245.10,245.15,2500.000,2500.000,246.20,246.30,1416.000,8.000,245.05,245.20,5000.000,5000.000,246.10,246.35,5267.000,1154.000,25000.000,20000.000,244.989,245.278,246.030,246.419,-1.125,-1.076
2017-04-18 13:08:00,244.646,245.725,748.000,622.000,244.50,244.55,2500.000,5000.000,245.60,245.80,138.000,170.000,244.45,244.65,5000.000,2500.000,245.55,245.85,6161.000,2515.000,27500.000,22500.000,244.344,244.697,245.432,245.894,-1.175,-1.084
2017-04-18 13:09:00,244.609,245.700,1834.000,44.000,244.40,244.45,2500.000,5000.000,245.60,245.75,708.000,31.000,244.35,244.50,5000.000,7500.000,245.55,245.80,16673.000,1071.000,25000.000,22500.000,244.259,244.662,245.480,245.839,-1.250,-1.063
2017-04-18 13:10:00,244.536,245.597,1257.000,42.000,244.35,244.50,5000.000,5000.000,245.50,245.60,217.000,312.000,244.30,244.55,2500.000,5000.000,245.45,245.65,15439.000,4617.000,25000.000,20000.000,244.209,244.665,245.400,245.706,-1.125,-1.063
2017-04-18 13:11:00,244.375,245.435,5454.000,91.000,244.20,244.35,7500.000,5000.000,245.25,245.45,404.000,328.000,244.15,244.40,5000.000,5000.000,245.20,245.50,16272.000,4107.000,37500.000,20000.000,244.089,244.516,245.150,245.550,-1.075,-1.029
2017-04-18 13:12:00,244.460,245.547,334.000,110.000,244.35,244.55,2500.000,2500.000,245.45,245.65,4382.000,5028.000,244.30,244.60,7500.000,2500.000,245.40,245.70,11950.000,10186.000,20000.000,17500.000,244.245,244.669,245.363,245.771,-1.100,-0.986
2017-04-18 13:13:00,244.306,245.429,550.000,596.000,244.35,244.40,2500.000,5000.000,245.35,245.50,762.000,1349.000,244.20,244.45,2500.000,7500.000,245.30,245.55,6862.000,7849.000,20000.000,22500.000,244.127,244.549,245.231,245.589,-1.050,-0.959
2017-04-18 13:14:00,244.431,245.415,330.000,1204.000,244.40,244.50,5000.000,12500.000,245.35,245.45,1350.000,3163.000,244.35,244.55,5000.000,5000.000,245.30,245.55,3803.000,7102.000,27500.000,32500.000,244.288,244.566,245.223,245.554,-0.950,-0.959
2017-04-18 13:15:00,243.947,245.006,462.000,405.000,243.95,244.00,5000.000,5000.000,244.90,245.10,1663.000,111.000,243.90,244.05,7500.000,10000.000,244.85,245.15,4707.000,4088.000,27500.000,32500.000,243.862,244.166,244.800,245.238,-1.025,-0.936
2017-04-18 13:16:00,243.869,244.761,87.000,43.000,243.80,243.85,5000.000,2500.000,244.70,244.90,10.000,110.000,243.75,243.90,2500.000,5000.000,244.65,244.95,6064.000,4302.000,20000.000,27500.000,243.588,243.971,244.569,245.018,-0.975,-0.957
2017-04-18 13:17:00,243.933,244.802,20.000,414.000,243.75,243.95,2500.000,2500.000,244.70,244.90,1585.000,3386.000,243.70,244.00,7500.000,7500.000,244.65,244.95,7472.000,4637.000,27500.000,25000.000,243.613,244.015,244.527,244.995,-0.950,-0.977
2017-04-18 13:18:00,243.883,244.871,60.000,150.000,243.75,243.80,2500.000,5000.000,244.75,244.95,384.000,103.000,243.70,243.95,5000.000,7500.000,244.70,245.00,6029.000,3980.000,25000.000,22500.000,243.590,244.031,244.640,245.039,-1.075,-0.985
2017-04-18 13:19:00,243.963,244.948,378.000,569.000,243.85,244.00,10000.000,5000.000,244.85,245.05,2502.000,79.000,243.80,244.05,5000.000,2500.000,244.80,245.10,7096.000,4167.000,30000.000,25000.000,243.738,244.140,244.771,245.170,-1.025,-0.974
2017-04-18 13:20:00,243.859,244.803,108.000,451.000,243.80,243.95,2500.000,5000.000,244.75,244.95,60.000,1195.000,243.75,244.00,2500.000,5000.000,244.70,245.00,3166.000,5314.000,20000.000,27500.000,243.641,244.040,244.619,245.086,-0.975,-0.973
2017-04-18 13:21:00,243.891,244.889,20.000,495.000,243.90,244.00,7500.000,7500.000,244.80,245.00,337.000,160.000,243.85,244.05,5000.000,2500.000,244.75,245.05,1722.000,4269.000,22500.000,22500.000,243.760,244.110,244.717,245.089,-0.950,-0.972
2017-04-18 13:22:00,243.837,244.809,100.000,60.000,243.75,243.85,2500.000,5000.000,244.75,244.90,75.000,334.000,243.65,243.90,5000.000,2500.000,244.70,244.95,9088.000,6192.000,17500.000,22500.000,243.521,243.995,244.657,245.011,-1.025,-0.935
2017-04-18 13:23:00,243.490,244.518,1881.000,425.000,243.50,243.60,5000.000,2500.000,244.35,244.55,150.000,2882.000,243.45,243.65,5000.000,2500.000,244.25,244.60,3338.000,6641.000,30000.000,17500.000,243.428,243.702,244.183,244.700,-0.900,-0.924
2017-04-18 13:24:00,243.523,244.453,37.000,617.000,243.40,243.60,2500.000,2500.000,244.35,244.55,304.000,364.000,243.35,243.65,7500.000,2500.000,244.30,244.60,6335.000,5380.000,22500.000,20000.000,243.260,243.733,244.244,244.675,-0.950,-0.946
2017-04-18 13:25:00,243.438,244.377,104.000,2536.000,243.40,243.50,2500.000,2500.000,244.35,244.45,110.000,264.000,243.35,243.55,2500.000,2500.000,244.30,244.50,6403.000,8526.000,15000.000,22500.000,243.258,243.615,244.250,244.600,-0.950,-0.957
2017-04-18 13:26:00,243.280,244.269,50.000,2398.000,243.25,243.30,5000.000,2500.000,244.20,244.30,714.000,50.000,243.20,243.35,7500.000,2500.000,244.15,244.35,6323.000,6776.000,27500.000,17500.000,243.106,243.423,244.100,244.400,-0.975,-0.963
2017-04-18 13:27:00,243.121,243.908,105.000,618.000,243.10,243.15,7500.000,2500.000,243.90,244.00,55.000,1715.000,243.05,243.20,2500.000,2500.000,243.70,244.10,3307.000,5201.000,25000.000,20000.000,242.929,243.231,243.710,244.169,-0.825,-1.020
2017-04-18 13:28:00,242.752,243.726,2.000,130.000,242.70,242.80,5000.000,2500.000,243.65,243.80,1018.000,100.000,242.60,242.85,2500.000,2500.000,243.60,243.95,9023.000,6102.000,20000.000,27500.000,242.510,242.979,243.537,244.005,-0.975,-1.044
2017-04-18 13:29:00,243.141,244.181,384.000,400.000,243.05,243.15,2500.000,2500.000,244.10,244.30,1981.000,1.000,243.00,243.20,5000.000,5000.000,244.05,244.35,3992.000,1719.000,32500.000,40000.000,242.960,243.287,243.981,244.412,-1.100,-1.047
2017-04-18 13:30:00,243.141,244.137,699.000,379.000,243.00,243.15,2500.000,2500.000,244.10,244.30,34.000,355.000,242.95,243.20,2500.000,7500.000,244.05,244.35,5835.000,3275.000,20000.000,37500.000,242.849,243.294,243.994,244.407,-1.125,-1.034
2017-04-18 13:31:00,243.056,244.072,150.000,374.000,243.05,243.10,5000.000,7500.000,244.05,244.25,1408.000,628.000,243.00,243.15,10000.000,2500.000,244.00,244.30,2172.000,2666.000,27500.000,47500.000,242.967,243.198,243.968,244.379,-1.075,-1.045
2017-04-18 13:32:00,243.223,244.297,200.000,124.000,243.10,243.25,12500.000,2500.000,244.15,244.35,128.000,394.000,243.05,243.30,7500.000,7500.000,244.10,244.40,3904.000,2889.000,50000.000,27500.000,242.943,243.374,244.055,244.473,-1.075,-1.024
2017-04-18 13:33:00,243.175,244.271,412.000,50.000,243.00,243.10,2500.000,2500.000,244.15,244.30,847.000,110.000,242.95,243.20,7500.000,2500.000,244.10,244.35,9597.000,3386.000,32500.000,20000.000,242.855,243.306,244.027,244.425,-1.175,-0.984
2017-04-18 13:34:00,243.252,244.306,462.000,123.000,243.05,243.15,2500.000,5000.000,244.20,244.40,876.000,60.000,243.00,243.25,7500.000,7500.000,244.15,244.45,8250.000,2120.000,32500.000,32500.000,242.902,243.357,244.073,244.515,-1.200,-0.980
2017-04-18 13:35:00,243.669,244.600,263.000,110.000,243.50,243.70,5000.000,2500.000,244.60,244.75,11.000,304.000,243.45,243.75,2500.000,2500.000,244.55,244.85,4827.000,2499.000,22500.000,32500.000,243.384,243.815,244.467,244.927,-1.075,-0.991
2017-04-18 13:36:00,243.190,244.262,150.000,650.000,243.10,243.20,2500.000,2500.000,244.10,244.30,5.000,835.000,243.05,243.25,2500.000,2500.000,244.05,244.35,5222.000,4541.000,32500.000,20000.000,242.935,243.311,243.965,244.419,-1.050,-0.971
2017-04-18 13:37:00,243.572,244.539,773.000,1.000,243.35,243.50,2500.000,5000.000,244.45,244.65,50.000,100.000,243.30,243.55,5000.000,12500.000,244.40,244.70,9500.000,1642.000,20000.000,27500.000,243.209,243.678,244.338,244.723,-1.125,-0.971
2017-04-18 13:38:00,243.513,244.408,293.000,173.000,243.20,243.30,7500.000,2500.000,244.30,244.55,145.000,110.000,243.15,243.45,2500.000,2500.000,244.25,244.60,21083.000,2940.000,25000.000,22500.000,243.021,243.539,244.215,244.694,-1.175,-0.986
2017-04-18 13:39:00,243.470,244.507,863.000,129.000,243.50,243.55,7500.000,2500.000,244.45,244.70,50.000,50.000,243.40,243.60,2500.000,2500.000,244.35,244.75,3977.000,5077.000,30000.000,37500.000,243.310,243.712,244.308,244.833,-1.050,-0.967
2017-04-18 13:40:00,243.268,244.255,100.000,597.000,243.15,243.25,2500.000,2500.000,244.25,244.30,10925.000,923.000,243.10,243.30,2500.000,2500.000,244.20,244.35,18873.000,5776.000,12500.000,15000.000,243.061,243.365,244.150,244.417,-1.075,-0.984
2017-04-18 13:41:00,243.237,244.209,6592.000,337.000,243.20,243.25,2500.000,2500.000,244.15,244.35,100.000,325.000,243.15,243.30,2500.000,5000.000,244.10,244.40,10419.000,4873.000,17500.000,25000.000,243.135,243.380,244.029,244.475,-1.025,-0.991
2017-04-18 13:42:00,243.237,244.203,5425.000,455.000,243.20,243.25,2500.000,2500.000,244.15,244.30,100.000,325.000,243.15,243.30,2500.000,2500.000,244.10,244.35,9391.000,5077.000,20000.000,22500.000,243.125,243.376,244.025,244.444,-1.000,-1.000
2017-04-18 13:43:00,243.244,244.212,4549.000,331.000,243.20,243.25,5000.000,12500.000,244.15,244.35,100.000,175.000,243.15,243.30,5000.000,2500.000,244.10,244.40,9009.000,4597.000,25000.000,37500.000,243.111,243.390,244.045,244.450,-1.025,-1.023
2017-04-18 13:44:00,243.413,244.353,100.000,370.000,243.25,243.45,2500.000,5000.000,244.35,244.50,5479.000,820.000,243.20,243.50,2500.000,2500.000,244.30,244.55,12054.000,5395.000,12500.000,25000.000,243.157,243.578,244.250,244.620,-1.075,-1.028
2017-04-18 13:45:00,243.242,244.315,3175.000,683.000,243.25,243.35,2500.000,5000.000,244.20,244.40,505.000,372.000,243.20,243.40,7500.000,2500.000,244.15,244.45,4909.000,6310.000,32500.000,27500.000,243.208,243.475,244.081,244.527,-1.000,-1.002
2017-04-18 13:46:00,243.309,244.317,2688.000,206.000,243.25,243.35,2500.000,2500.000,244.25,244.40,555.000,542.000,243.20,243.45,2500.000,2500.000,244.20,244.45,8303.000,7708.000,22500.000,22500.000,243.133,243.545,244.128,244.539,-1.025,-0.981
2017-04-18 13:47:00,243.367,244.381,2544.000,270.000,243.25,243.35,2500.000,2500.000,244.25,244.45,580.000,108.000,243.20,243.45,2500.000,2500.000,244.20,244.50,9163.000,4733.000,25000.000,20000.000,243.127,243.555,244.125,244.562,-1.050,-0.974
2017-04-18 13:48:00,243.204,244.286,2328.000,60.000,243.25,243.30,5000.000,2500.000,244.15,244.35,630.000,505.000,243.20,243.35,5000.000,5000.000,244.10,244.40,4449.000,5541.000,32500.000,22500.000,243.192,243.469,244.038,244.467,-0.975,-0.960
2017-04-18 13:49:00,243.415,244.377,60.000,81.000,243.20,243.35,5000.000,2500.000,244.25,244.45,1500.000,60.000,243.15,243.40,5000.000,2500.000,244.20,244.50,13329.000,3128.000,30000.000,20000.000,243.042,243.530,244.154,244.575,-1.075,-0.959
2017-04-18 13:50:00,243.431,244.377,491.000,100.000,243.20,243.30,5000.000,2500.000,244.20,244.45,314.000,5.000,243.15,243.35,7500.000,5000.000,244.15,244.50,10087.000,988.000,32500.000,22500.000,243.031,243.456,244.085,244.544,-1.075,-0.970
2017-04-18 13:51:00,243.144,244.044,473.000,334.000,243.00,243.10,7500.000,5000.000,244.00,244.15,1.000,492.000,242.90,243.15,2500.000,2500.000,243.95,244.20,10248.000,3695.000,22500.000,20000.000,242.797,243.221,243.867,244.250,-1.025,-0.979
2017-04-18 13:52:00,242.984,243.965,300.000,124.000,242.85,243.00,2500.000,2500.000,244.00,244.10,3496.000,6.000,242.80,243.05,2500.000,2500.000,243.90,244.15,9577.000,3750.000,17500.000,25000.000,242.746,243.175,243.807,244.225,-1.125,-0.994
2017-04-18 13:53:00,242.894,243.906,2500.000,637.000,242.70,242.90,2500.000,2500.000,243.80,243.95,967.000,444.000,242.65,242.95,10000.000,2500.000,243.75,244.00,12918.000,5423.000,27500.000,17500.000,242.585,242.995,243.705,244.064,-1.075,-0.972
2017-04-18 13:54:00,243.018,243.977,3451.000,100.000,242.75,242.90,5000.000,5000.000,243.85,244.10,444.000,108.000,242.70,243.00,7500.000,2500.000,243.80,244.15,11149.000,776.000,32500.000,27500.000,242.639,243.065,243.762,244.223,-1.150,-0.955
2017-04-18 13:55:00,242.944,243.944,600.000,499.000,242.90,242.95,2500.000,5000.000,243.85,244.00,60.000,1063.000,242.75,243.00,7500.000,2500.000,243.80,244.05,6316.000,3855.000,22500.000,17500.000,242.668,243.061,243.756,244.100,-1.000,-0.935
2017-04-18 13:56:00,243.225,244.167,381.000,278.000,243.05,243.20,5000.000,2500.000,244.10,244.30,1209.000,572.000,243.00,243.25,7500.000,5000.000,244.05,244.35,7411.000,2652.000,25000.000,35000.000,242.915,243.333,244.005,244.396,-1.075,-0.957
2017-04-18 13:57:00,243.441,244.500,85.000,1628.000,243.35,243.55,2500.000,2500.000,244.40,244.55,412.000,1126.000,243.30,243.60,5000.000,7500.000,244.35,244.60,6941.000,8138.000,30000.000,22500.000,243.200,243.679,244.304,244.644,-1.025,-0.951
2017-04-18 13:58:00,243.304,244.203,30.000,449.000,243.20,243.25,5000.000,2500.000,244.20,244.25,45.000,449.000,243.10,243.30,2500.000,5000.000,244.15,244.30,9633.000,3971.000,20000.000,25000.000,242.980,243.384,244.088,244.375,-1.000,-0.951
2017-04-18 13:59:00,243.342,244.219,333.000,158.000,243.15,243.25,2500.000,2500.000,244.20,244.30,160.000,110.000,243.10,243.30,2500.000,5000.000,244.15,244.35,12985.000,2921.000,17500.000,27500.000,242.987,243.373,244.071,244.414,-1.050,-0.960
2017-04-18 14:00:00,243.449,244.345,1673.000,140.000,243.20,243.35,2500.000,5000.000,244.30,244.45,1655.000,110.000,243.15,243.45,5000.000,5000.000,244.25,244.50,13539.000,2373.000,22500.000,30000.000,243.075,243.545,244.189,244.567,-1.100,-0.953
2017-04-18 14:01:00,243.419,244.475,45.000,486.000,243.30,243.50,2500.000,2500.000,244.40,244.50,312.000,1582.000,243.25,243.55,7500.000,2500.000,244.35,244.55,7684.000,6688.000,25000.000,20000.000,243.165,243.629,244.295,244.637,-1.050,-0.933
2017-04-18 14:02:00,243.238,244.267,499.000,395.000,243.15,243.30,2500.000,2500.000,244.15,244.30,100.000,728.000,243.10,243.35,5000.000,7500.000,244.10,244.35,10418.000,7190.000,25000.000,20000.000,242.965,243.461,244.000,244.412,-1.000,-0.907
2017-04-18 14:03:00,243.284,244.180,250.000,50.000,243.10,243.15,2500.000,2500.000,244.10,244.25,60.000,464.000,243.05,243.30,2500.000,12500.000,244.05,244.30,9623.000,3377.000,25000.000,25000.000,242.942,243.408,243.950,244.340,-1.050,-0.910
2017-04-18 14:04:00,243.305,244.228,484.000,122.000,243.10,243.15,2500.000,10000.000,244.15,244.30,188.000,160.000,243.05,243.30,10000.000,5000.000,244.10,244.35,9508.000,2109.000,27500.000,30000.000,242.964,243.380,244.041,244.371,-1.100,-0.910
2017-04-18 14:05:00,243.274,244.137,100.000,87.000,243.05,243.15,2500.000,2500.000,244.10,244.25,3242.000,831.000,243.00,243.30,2500.000,10000.000,244.05,244.30,13951.000,3878.000,20000.000,30000.000,242.923,243.389,243.994,244.358,-1.075,-0.917
2017-04-18 14:06:00,243.172,244.127,2835.000,227.000,243.00,243.15,2500.000,2500.000,244.10,244.20,2078.000,679.000,242.95,243.20,2500.000,7500.000,244.05,244.25,14096.000,3319.000,22500.000,32500.000,242.914,243.250,243.989,244.331,-1.075,-0.908
2017-04-18 14:07:00,243.205,244.105,629.000,1061.000,243.05,243.15,2500.000,5000.000,244.10,244.20,3263.000,425.000,243.00,243.20,2500.000,5000.000,244.05,244.25,14145.000,3908.000,20000.000,35000.000,242.930,243.231,244.000,244.307,-1.050,-0.911
2017-04-18 14:08:00,243.329,244.237,302.000,220.000,243.20,243.25,2500.000,2500.000,244.20,244.30,110.000,354.000,243.10,243.35,5000.000,2500.000,244.15,244.35,14138.000,5333.000,22500.000,25000.000,242.993,243.460,244.083,244.425,-1.025,-0.919
2017-04-18 14:09:00,243.327,244.252,384.000,81.000,243.15,243.20,7500.000,2500.000,244.15,244.30,2334.000,405.000,243.10,243.35,5000.000,2500.000,244.10,244.35,16401.000,5954.000,32500.000,20000.000,242.993,243.475,244.050,244.412,-1.050,-0.950
2017-04-18 14:10:00,243.240,244.137,1674.000,85.000,243.10,243.15,10000.000,2500.000,244.05,244.25,100.000,332.000,243.05,243.30,10000.000,5000.000,244.00,244.30,6448.000,2027.000,27500.000,22500.000,242.999,243.376,243.982,244.361,-1.025,-0.981
2017-04-18 14:11:00,243.181,244.089,1537.000,50.000,243.10,243.15,2500.000,5000.000,244.05,244.15,100.000,496.000,243.05,243.25,12500.000,5000.000,244.00,244.20,6193.000,3146.000,22500.000,22500.000,242.998,243.331,243.967,244.256,-0.975,-0.991
2017-04-18 14:12:00,243.284,244.200,1146.000,137.000,243.10,243.30,2500.000,5000.000,244.10,244.25,160.000,511.000,243.05,243.35,5000.000,5000.000,244.05,244.30,14190.000,6967.000,27500.000,22500.000,242.951,243.453,243.977,244.367,-0.975,-1.011
2017-04-18 14:13:00,243.269,244.218,1036.000,63.000,243.10,243.15,5000.000,5000.000,244.10,244.30,237.000,136.000,243.05,243.35,5000.000,2500.000,244.05,244.35,12680.000,6185.000,30000.000,20000.000,242.950,243.476,243.979,244.400,-1.075,-1.047
2017-04-18 14:14:00,243.446,244.528,208.000,509.000,243.40,243.45,10000.000,2500.000,244.35,244.55,28.000,152.000,243.25,243.50,5000.000,5000.000,244.30,244.60,9752.000,5249.000,57500.000,22500.000,243.159,243.586,244.104,244.689,-1.025,-1.032
2017-04-18 14:15:00,243.287,244.338,600.000,394.000,243.20,243.30,2500.000,5000.000,244.15,244.35,51.000,826.000,243.15,243.35,2500.000,5000.000,244.10,244.40,7610.000,6082.000,30000.000,20000.000,243.030,243.441,244.012,244.450,-1.000,-1.029
2017-04-18 14:16:00,243.319,244.275,276.000,87.000,243.20,243.30,2500.000,2500.000,244.25,244.40,189.000,250.000,243.15,243.35,2500.000,5000.000,244.20,244.45,8469.000,3717.000,12500.000,22500.000,243.056,243.466,244.150,244.556,-1.075,-1.046
2017-04-18 14:17:00,243.340,244.359,150.000,104.000,243.20,243.30,5000.000,5000.000,244.25,244.40,320.000,250.000,243.15,243.35,2500.000,2500.000,244.20,244.45,10135.000,3570.000,22500.000,17500.000,243.055,243.461,244.100,244.486,-1.075,-1.043
2017-04-18 14:18:00,243.331,244.458,166.000,567.000,243.25,243.50,2500.000,2500.000,244.35,244.50,3179.000,2009.000,243.20,243.55,5000.000,2500.000,244.30,244.55,5743.000,7592.000,20000.000,12500.000,243.157,243.617,244.250,244.600,-1.050,-1.021
2017-04-18 14:19:00,243.305,244.311,1265.000,97.000,243.10,243.25,2500.000,5000.000,244.20,244.35,2750.000,60.000,243.05,243.30,5000.000,7500.000,244.15,244.40,10784.000,1595.000,30000.000,25000.000,242.993,243.396,244.075,244.435,-1.100,-1.055
2017-04-18 14:20:00,243.395,244.429,409.000,618.000,243.35,243.50,5000.000,2500.000,244.35,244.50,50.000,1175.000,243.30,243.55,7500.000,2500.000,244.30,244.55,4431.000,6455.000,30000.000,22500.000,243.213,243.621,244.262,244.633,-1.000,-1.043
2017-04-18 14:21:00,243.258,244.303,1320.000,150.000,243.10,243.30,2500.000,7500.000,244.20,244.35,3982.000,627.000,243.05,243.35,7500.000,2500.000,244.15,244.40,12517.000,5146.000,25000.000,22500.000,243.011,243.460,244.080,244.433,-1.075,-1.020
2017-04-18 14:22:00,243.301,244.305,568.000,156.000,243.10,243.20,5000.000,7500.000,244.20,244.35,3998.000,47.000,243.05,243.30,7500.000,2500.000,244.15,244.40,15031.000,1883.000,27500.000,22500.000,243.005,243.389,244.091,244.433,-1.125,-1.014
2017-04-18 14:23:00,243.278,244.292,3006.000,98.000,243.10,243.20,5000.000,5000.000,244.20,244.35,3853.000,47.000,243.05,243.30,5000.000,2500.000,244.15,244.40,15775.000,2164.000,25000.000,22500.000,243.019,243.388,244.085,244.450,-1.125,-1.009
2017-04-18 14:24:00,243.643,244.819,60.000,100.000,243.50,243.65,5000.000,7500.000,244.65,244.80,304.000,424.000,243.45,243.70,2500.000,5000.000,244.60,244.85,3306.000,1886.000,47500.000,25000.000,243.359,243.767,244.492,244.895,-1.150,-0.965
2017-04-18 14:25:00,243.537,244.510,750.000,543.000,243.35,243.50,32500.000,10000.000,244.45,244.60,2803.000,384.000,243.30,243.55,2500.000,5000.000,244.40,244.65,9436.000,2623.000,42500.000,32500.000,243.233,243.602,244.421,244.696,-1.100,-0.968
2017-04-18 14:26:00,243.360,244.292,20.000,242.000,243.15,243.30,2500.000,5000.000,244.15,244.35,204.000,509.000,243.10,243.35,2500.000,7500.000,244.10,244.40,13865.000,3850.000,32500.000,27500.000,242.993,243.442,243.985,244.441,-1.025,-0.986
2017-04-18 14:27:00,243.292,244.267,859.000,185.000,243.10,243.15,5000.000,5000.000,244.15,244.30,1253.000,753.000,243.05,243.30,5000.000,10000.000,244.10,244.35,13308.000,2332.000,37500.000,30000.000,243.000,243.347,244.003,244.383,-1.100,-0.989
2017-04-18 14:28:00,243.287,244.273,1167.000,258.000,243.10,243.15,2500.000,7500.000,244.15,244.30,1253.000,753.000,243.05,243.30,5000.000,10000.000,244.10,244.35,13268.000,2405.000,40000.000,35000.000,243.002,243.341,243.988,244.393,-1.100,-0.992
2017-04-18 14:29:00,243.223,244.180,1361.000,252.000,243.05,243.15,2500.000,5000.000,244.10,244.25,4386.000,581.000,243.00,243.25,2500.000,7500.000,244.05,244.30,12412.000,2465.000,25000.000,25000.000,242.965,243.306,244.000,244.340,-1.075,-1.023
2017-04-18 14:30:00,243.054,244.045,4222.000,272.000,243.00,243.05,10000.000,2500.000,244.00,244.10,2000.000,60.000,242.95,243.10,2500.000,5000.000,243.95,244.15,12527.000,4869.000,25000.000,22500.000,242.908,243.222,243.930,244.194,-1.025,-1.007
2017-04-18 14:31:00,243.084,244.104,3440.000,350.000,243.00,243.05,5000.000,5000.000,244.05,244.20,2000.000,72.000,242.95,243.15,15000.000,5000.000,244.00,244.25,12235.000,4805.000,30000.000,30000.000,242.909,243.250,243.971,244.308,-1.100,-0.987
2017-04-18 14:32:00,243.091,244.080,1887.000,123.000,243.00,243.05,2500.000,5000.000,244.05,244.15,2000.000,204.000,242.95,243.15,7500.000,5000.000,244.00,244.20,10531.000,5050.000,22500.000,27500.000,242.896,243.225,243.944,244.264,-1.075,-1.001
2017-04-18 14:33:00,243.008,244.009,433.000,403.000,243.00,243.05,5000.000,10000.000,243.95,244.10,10.000,384.000,242.90,243.10,5000.000,5000.000,243.90,244.15,6261.000,6290.000,25000.000,32500.000,242.791,243.198,243.850,244.188,-1.000,-1.001
2017-04-18 14:34:00,242.858,243.973,60.000,423.000,242.75,242.95,2500.000,5000.000,243.80,243.95,545.000,1183.000,242.70,243.00,5000.000,5000.000,243.75,244.00,7566.000,6485.000,57500.000,30000.000,242.622,243.099,243.635,244.050,-1.025,-1.003
2017-04-18 14:35:00,242.593,243.505,190.000,449.000,242.60,242.65,5000.000,2500.000,243.50,243.60,20.000,477.000,242.55,242.70,7500.000,5000.000,243.40,243.65,4175.000,6562.000,22500.000,25000.000,242.484,242.772,243.372,243.715,-0.925,-1.019
2017-04-18 14:36:00,242.401,243.318,101.000,483.000,242.25,242.45,2500.000,2500.000,243.25,243.35,1145.000,2396.000,242.20,242.50,7500.000,2500.000,243.20,243.40,8639.000,6540.000,20000.000,15000.000,242.115,242.542,243.156,243.450,-0.950,-1.054
2017-04-18 14:37:00,242.195,243.256,834.000,202.000,242.05,242.15,2500.000,5000.000,243.15,243.25,762.000,61.000,242.00,242.25,5000.000,5000.000,243.10,243.30,7929.000,2983.000,40000.000,22500.000,241.933,242.361,243.031,243.344,-1.100,-1.039
2017-04-18 14:38:00,242.451,243.452,141.000,188.000,242.50,242.55,2500.000,2500.000,243.35,243.50,25.000,1053.000,242.45,242.60,10000.000,2500.000,243.30,243.55,4954.000,7369.000,37500.000,25000.000,242.226,242.701,243.223,243.625,-0.900,-1.035
2017-04-18 14:39:00,242.111,243.235,100.000,51.000,242.15,242.20,7500.000,5000.000,243.05,243.25,20.000,110.000,242.10,242.25,22500.000,5000.000,243.00,243.30,1669.000,3185.000,60000.000,25000.000,241.977,242.375,242.917,243.355,-0.975,-1.019
2017-04-18 14:40:00,242.069,243.062,133.000,420.000,242.00,242.10,5000.000,5000.000,243.05,243.10,2638.000,387.000,241.90,242.15,10000.000,7500.000,243.00,243.15,9810.000,6445.000,27500.000,25000.000,241.814,242.239,242.941,243.200,-1.025,-1.017
2017-04-18 14:41:00,241.844,242.938,79.000,7.000,241.85,241.90,5000.000,2500.000,242.75,242.95,300.000,522.000,241.80,242.00,5000.000,2500.000,242.70,243.00,2287.000,4179.000,32500.000,20000.000,241.690,242.100,242.623,243.075,-0.975,-1.001
2017-04-18 14:42:00,241.790,242.774,54.000,140.000,241.65,241.70,2500.000,5000.000,242.75,242.85,3395.000,1767.000,241.60,241.80,5000.000,7500.000,242.65,242.90,12834.000,4026.000,25000.000,32500.000,241.527,241.871,242.590,242.965,-1.125,-1.009
2017-04-18 14:43:00,241.781,242.762,5.000,100.000,241.65,241.75,2500.000,2500.000,242.75,242.80,3173.000,3227.000,241.60,241.80,2500.000,5000.000,242.65,242.85,9686.000,4440.000,25000.000,25000.000,241.526,241.821,242.585,242.900,-1.075,-1.019
2017-04-18 14:44:00,241.923,242.966,1840.000,166.000,241.85,241.95,2500.000,2500.000,242.85,243.00,3231.000,693.000,241.70,242.00,5000.000,5000.000,242.80,243.05,11176.000,5273.000,27500.000,20000.000,241.664,242.102,242.727,243.100,-1.025,-1.021
2017-04-18 14:45:00,241.737,242.717,50.000,220.000,241.65,241.75,5000.000,2500.000,242.60,242.75,200.000,841.000,241.60,241.80,5000.000,2500.000,242.55,242.80,5565.000,3586.000,22500.000,15000.000,241.452,241.882,242.517,242.900,-0.975,-1.014
2017-04-18 14:46:00,241.497,242.512,404.000,128.000,241.40,241.50,10000.000,2500.000,242.40,242.55,1178.000,77.000,241.30,241.55,5000.000,2500.000,242.35,242.60,7316.000,2972.000,27500.000,15000.000,241.234,241.654,242.314,242.667,-1.025,-1.025
2017-04-18 14:47:00,241.969,242.997,50.000,1097.000,241.75,242.00,2500.000,2500.000,242.90,243.05,1652.000,1073.000,241.70,242.05,2500.000,7500.000,242.85,243.10,7160.000,3944.000,20000.000,20000.000,241.614,242.085,242.781,243.169,-1.100,-1.046
2017-04-18 14:48:00,241.946,242.975,966.000,133.000,241.95,242.00,2500.000,5000.000,242.90,243.10,146.000,304.000,241.80,242.05,2500.000,2500.000,242.85,243.15,5507.000,3448.000,12500.000,17500.000,241.760,242.167,242.800,243.186,-1.025,-1.026
2017-04-18 14:49:00,242.342,243.397,3282.000,66.000,242.15,242.25,2500.000,2500.000,243.30,243.40,643.000,200.000,242.10,242.30,2500.000,2500.000,243.25,243.45,13450.000,625.000,25000.000,17500.000,242.044,242.366,243.175,243.557,-1.150,-1.002
2017-04-18 14:50:00,242.439,243.384,3223.000,424.000,242.15,242.40,2500.000,5000.000,243.30,243.45,880.000,688.000,242.10,242.45,2500.000,2500.000,243.25,243.50,15200.000,3097.000,20000.000,20000.000,242.030,242.512,243.188,243.544,-1.100,-1.022
2017-04-18 14:51:00,242.430,243.498,404.000,501.000,242.45,242.50,2500.000,2500.000,243.45,243.55,2839.000,110.000,242.30,242.55,2500.000,2500.000,243.40,243.70,9074.000,6440.000,22500.000,35000.000,242.236,242.655,243.317,243.821,-1.025,-1.003
2017-04-18 14:52:00,242.159,243.289,1039.000,459.000,242.20,242.30,7500.000,7500.000,243.15,243.35,6114.000,3706.000,242.00,242.35,2500.000,5000.000,243.10,243.40,8844.000,8386.000,32500.000,25000.000,242.007,242.412,243.012,243.435,-1.000,-0.971
2017-04-18 14:53:00,241.524,242.458,9.000,567.000,241.45,241.55,2500.000,5000.000,242.45,242.60,720.000,3503.000,241.40,241.60,5000.000,5000.000,242.40,242.65,8243.000,8293.000,17500.000,30000.000,241.290,241.660,242.314,242.713,-1.025,-1.001
2017-04-18 14:54:00,241.398,242.331,2104.000,60.000,241.30,241.35,2500.000,2500.000,242.25,242.40,1511.000,240.000,241.20,241.40,10000.000,5000.000,242.20,242.45,5840.000,709.000,27500.000,25000.000,241.188,241.471,242.127,242.510,-1.000,-0.993
2017-04-18 14:55:00,241.256,242.303,494.000,63.000,241.20,241.30,2500.000,2500.000,242.15,242.35,1815.000,244.000,241.05,241.35,7500.000,7500.000,242.10,242.40,8003.000,3802.000,47500.000,27500.000,241.002,241.457,241.924,242.455,-1.000,-0.969
2017-04-18 14:56:00,241.332,242.302,139.000,444.000,241.25,241.35,2500.000,2500.000,242.20,242.35,29.000,1814.000,241.15,241.40,7500.000,5000.000,242.15,242.40,9660.000,6977.000,32500.000,22500.000,241.039,241.469,242.035,242.461,-0.975,-0.964
2017-04-18 14:57:00,240.938,241.909,111.000,648.000,240.80,240.95,15000.000,5000.000,241.80,241.95,924.000,999.000,240.75,241.00,5000.000,7500.000,241.75,242.00,7541.000,4560.000,45000.000,25000.000,240.652,241.077,241.661,242.045,-1.000,-0.934
2017-04-18 14:58:00,240.656,241.740,1884.000,5.000,240.45,240.55,2500.000,5000.000,241.45,241.65,334.000,16.000,240.40,240.60,7500.000,7500.000,241.40,241.70,10059.000,700.000,47500.000,25000.000,240.318,240.709,241.205,241.815,-1.050,-0.886
2017-04-18 14:59:00,241.004,241.900,50.000,50.000,240.75,240.95,10000.000,5000.000,241.75,242.00,419.000,911.000,240.70,241.00,5000.000,2500.000,241.70,242.05,7873.000,2157.000,27500.000,20000.000,240.598,241.054,241.664,242.106,-1.025,-0.892
2017-04-18 15:00:00,240.704,241.627,50.000,549.000,240.55,240.65,2500.000,2500.000,241.55,241.65,1.000,710.000,240.50,240.70,7500.000,7500.000,241.50,241.70,8552.000,2874.000,32500.000,22500.000,240.355,240.740,241.446,241.744,-1.000,-0.907
2017-04-18 15:01:00,240.528,241.473,50.000,600.000,240.30,240.50,7500.000,5000.000,241.30,241.50,1429.000,430.000,240.25,240.55,2500.000,7500.000,241.25,241.55,8643.000,2680.000,37500.000,22500.000,240.175,240.585,241.170,241.589,-1.000,-0.903
2017-04-18 15:02:00,240.584,241.404,1598.000,1108.000,240.50,240.55,5000.000,10000.000,241.35,241.45,1499.000,1123.000,240.40,240.60,2500.000,2500.000,241.30,241.55,11051.000,4504.000,25000.000,32500.000,240.287,240.651,241.235,241.585,-0.875,-0.936
2017-04-18 15:03:00,240.681,241.527,141.000,434.000,240.65,240.70,15000.000,2500.000,241.50,241.65,384.000,1.000,240.55,240.75,2500.000,32500.000,241.45,241.70,3549.000,2414.000,27500.000,47500.000,240.486,240.828,241.423,241.724,-0.900,-0.948
2017-04-18 15:04:00,240.613,241.537,344.000,447.000,240.40,240.50,7500.000,7500.000,241.40,241.60,334.000,66.000,240.35,240.55,5000.000,2500.000,241.35,241.65,8501.000,780.000,42500.000,45000.000,240.263,240.550,241.209,241.697,-1.050,-0.966
2017-04-18 15:05:00,240.853,241.854,2498.000,86.000,240.70,240.75,2500.000,2500.000,241.75,241.90,434.000,13.000,240.65,240.85,7500.000,7500.000,241.70,241.95,11553.000,2312.000,32500.000,27500.000,240.568,240.986,241.635,242.036,-1.100,-0.942
2017-04-18 15:06:00,241.220,242.142,357.000,288.000,241.10,241.15,7500.000,5000.000,242.05,242.25,304.000,360.000,241.00,241.20,7500.000,2500.000,242.00,242.30,5466.000,1297.000,25000.000,22500.000,240.922,241.250,241.960,242.422,-1.025,-0.943
2017-04-18 15:07:00,241.043,242.029,17.000,97.000,240.90,240.95,7500.000,2500.000,241.85,242.05,1250.000,114.000,240.80,241.00,2500.000,5000.000,241.80,242.10,6798.000,651.000,27500.000,15000.000,240.728,241.079,241.732,242.175,-1.025,-0.933
2017-04-18 15:08:00,241.274,242.180,304.000,34.000,241.05,241.20,5000.000,2500.000,242.10,242.30,3480.000,50.000,241.00,241.35,5000.000,2500.000,242.05,242.35,9873.000,3540.000,17500.000,20000.000,240.930,241.475,242.000,242.425,-1.075,-0.934
2017-04-18 15:09:00,241.143,242.156,1619.000,378.000,241.05,241.10,5000.000,5000.000,242.00,242.25,60.000,14.000,241.00,241.15,5000.000,2500.000,241.95,242.30,5688.000,2274.000,22500.000,17500.000,240.942,241.298,241.906,242.379,-1.050,-0.926
2017-04-18 15:10:00,241.411,242.292,609.000,864.000,241.25,241.35,2500.000,2500.000,242.15,242.35,60.000,444.000,241.15,241.40,7500.000,2500.000,242.10,242.40,6636.000,2243.000,20000.000,12500.000,241.052,241.431,242.056,242.450,-0.950,-0.938
2017-04-18 15:11:00,241.000,241.929,4.000,428.000,240.95,241.00,2500.000,2500.000,241.85,242.00,400.000,514.000,240.80,241.05,2500.000,2500.000,241.80,242.05,6220.000,3452.000,20000.000,22500.000,240.708,241.118,241.731,242.133,-0.950,-0.934
2017-04-18 15:12:00,240.976,241.910,750.000,118.000,240.85,240.95,2500.000,2500.000,241.85,241.95,5560.000,576.000,240.75,241.00,7500.000,5000.000,241.80,242.00,11636.000,2779.000,20000.000,17500.000,240.700,241.100,241.756,242.043,-1.000,-0.949
2017-04-18 15:13:00,241.010,241.921,116.000,60.000,241.00,241.05,2500.000,5000.000,241.90,241.95,114.000,563.000,240.90,241.10,5000.000,5000.000,241.85,242.00,9962.000,5801.000,17500.000,25000.000,240.782,241.221,241.793,242.105,-0.900,-0.961
2017-04-18 15:14:00,241.011,241.984,798.000,1428.000,240.95,241.00,5000.000,5000.000,241.95,242.00,60.000,1413.000,240.90,241.10,2500.000,2500.000,241.90,242.05,9219.000,8090.000,22500.000,25000.000,240.825,241.162,241.850,242.115,-1.000,-0.956
2017-04-18 15:15:00,240.896,241.840,2766.000,155.000,240.85,240.90,10000.000,2500.000,241.80,241.90,5000.000,959.000,240.70,240.95,5000.000,5000.000,241.75,241.95,13864.000,5448.000,27500.000,25000.000,240.677,241.002,241.714,242.020,-0.975,-0.932
2017-04-18 15:16:00,240.789,241.696,135.000,954.000,240.55,240.85,5000.000,10000.000,241.60,241.80,5348.000,290.000,240.50,240.90,7500.000,5000.000,241.55,241.85,11477.000,6015.000,30000.000,27500.000,240.437,240.982,241.471,241.877,-1.000,-0.939
2017-04-18 15:17:00,240.422,241.434,194.000,359.000,240.45,240.50,2500.000,5000.000,241.40,241.50,5000.000,3333.000,240.30,240.55,5000.000,5000.000,241.35,241.55,6520.000,6476.000,22500.000,25000.000,240.282,240.584,241.283,241.595,-0.975,-0.937
2017-04-18 15:18:00,240.899,241.867,750.000,445.000,240.80,240.95,5000.000,2500.000,241.80,241.95,110.000,929.000,240.75,241.00,12500.000,7500.000,241.75,242.00,8120.000,5488.000,30000.000,27500.000,240.694,241.083,241.721,242.050,-1.000,-0.941
2017-04-18 15:19:00,241.006,241.955,1235.000,113.000,240.95,241.00,7500.000,2500.000,241.90,242.00,215.000,60.000,240.90,241.05,7500.000,2500.000,241.85,242.10,8212.000,5486.000,25000.000,22500.000,240.802,241.157,241.820,242.167,-0.975,-0.946
2017-04-18 15:20:00,240.953,241.776,383.000,610.000,240.90,240.95,5000.000,2500.000,241.70,241.85,660.000,4311.000,240.85,241.00,7500.000,15000.000,241.65,241.90,7663.000,7554.000,30000.000,32500.000,240.640,241.035,241.596,241.938,-0.850,-0.986
2017-04-18 15:21:00,240.535,241.480,467.000,1724.000,240.50,240.55,2500.000,2500.000,241.50,241.55,389.000,14.000,240.45,240.60,2500.000,7500.000,241.45,241.60,7616.000,5413.000,17500.000,32500.000,240.396,240.681,241.386,241.658,-1.000,-0.999
2017-04-18 15:22:00,240.278,241.277,3666.000,141.000,240.10,240.25,2500.000,7500.000,241.15,241.30,5476.000,3.000,240.05,240.30,10000.000,5000.000,241.10,241.35,14558.000,1408.000,37500.000,22500.000,240.041,240.393,241.037,241.383,-1.050,-0.977
2017-04-18 15:23:00,240.438,241.427,520.000,99.000,240.50,240.55,2500.000,2500.000,241.40,241.55,5272.000,179.000,240.30,240.60,2500.000,2500.000,241.35,241.60,6924.000,3838.000,17500.000,20000.000,240.299,240.734,241.243,241.669,-0.950,-0.943
2017-04-18 15:24:00,240.521,241.497,20.000,173.000,240.55,240.60,2500.000,5000.000,241.40,241.55,282.000,16.000,240.50,240.65,5000.000,5000.000,241.35,241.60,5762.000,5901.000,20000.000,17500.000,240.309,240.753,241.262,241.629,-0.900,-0.961
2017-04-18 15:25:00,240.461,241.485,545.000,16.000,240.45,240.50,7500.000,5000.000,241.40,241.55,60.000,18.000,240.35,240.55,5000.000,2500.000,241.35,241.60,6456.000,4661.000,22500.000,20000.000,240.304,240.745,241.317,241.688,-1.000,-0.900
2017-04-18 15:26:00,240.340,241.350,5986.000,17.000,240.20,240.25,2500.000,10000.000,241.30,241.35,17.000,32.000,240.15,240.30,2500.000,2500.000,241.25,241.45,12635.000,609.000,20000.000,25000.000,240.097,240.390,241.175,241.465,-1.100,-0.900
2017-04-18 15:27:00,240.296,241.183,148.000,30.000,240.25,240.30,2500.000,2500.000,241.20,241.30,460.000,2166.000,240.20,240.40,7500.000,10000.000,241.10,241.35,6002.000,7582.000,30000.000,45000.000,240.111,240.456,241.042,241.422,-0.975,-0.900
2017-04-18 15:28:00,240.079,240.897,25.000,656.000,239.90,240.00,2500.000,10000.000,240.85,241.05,50.000,13.000,239.85,240.05,2500.000,2500.000,240.80,241.10,7338.000,2797.000,12500.000,25000.000,239.755,240.143,240.750,241.130,-1.000,-0.900
2017-04-18 15:29:00,239.696,240.762,25.000,126.000,239.70,239.75,5000.000,5000.000,240.75,240.90,2495.000,88.000,239.65,239.80,2500.000,7500.000,240.65,240.95,4081.000,3939.000,20000.000,32500.000,239.593,239.987,240.606,240.996,-1.100,-0.900
2017-04-18 15:30:00,240.189,240.908,36.000,21.000,240.05,240.35,2500.000,2500.000,240.55,241.30,279.000,37.000,240.00,240.45,2500.000,2500.000,240.45,241.40,723.000,695.000,15000.000,15000.000,239.770,240.737,240.342,241.492,-0.725,-0.900
2017-04-19 09:16:00,240.058,240.637,359.000,16.000,239.85,240.00,2500.000,2500.000,240.40,240.65,334.000,32.000,239.80,240.05,2500.000,2500.000,240.30,240.70,1937.000,528.000,17500.000,12500.000,239.709,240.527,240.200,240.870,-0.600,-0.921
2017-04-19 09:17:00,240.019,240.777,638.000,955.000,239.85,240.00,2500.000,2500.000,240.85,240.95,634.000,62.000,239.80,240.05,2500.000,7500.000,240.65,241.00,6706.000,2308.000,15000.000,22500.000,239.736,240.105,240.608,241.089,-0.975,-0.954
2017-04-19 09:18:00,240.970,241.904,60.000,10.000,240.80,240.90,2500.000,2500.000,241.90,242.10,2472.000,134.000,240.75,241.00,2500.000,2500.000,241.85,242.15,4146.000,879.000,12500.000,20000.000,240.684,241.097,241.770,242.225,-1.150,-0.960
2017-04-19 09:19:00,241.258,242.253,2500.000,32.000,241.05,241.20,5000.000,2500.000,242.15,242.40,303.000,82.000,241.00,241.25,5000.000,2500.000,242.10,242.45,11296.000,1785.000,20000.000,17500.000,240.914,241.360,241.981,242.507,-1.150,-0.972
2017-04-19 09:20:00,241.045,242.025,500.000,9.000,240.90,241.00,2500.000,2500.000,241.95,242.15,2500.000,260.000,240.85,241.10,5000.000,2500.000,241.90,242.20,10853.000,4441.000,15000.000,15000.000,240.770,241.228,241.833,242.258,-1.100,-0.976
2017-04-19 09:21:00,241.115,242.056,108.000,37.000,241.05,241.10,2500.000,5000.000,242.05,242.20,72.000,92.000,241.00,241.15,2500.000,2500.000,241.95,242.30,5110.000,3054.000,17500.000,22500.000,240.907,241.249,241.814,242.350,-1.050,-1.002
2017-04-19 09:22:00,240.836,241.756,428.000,264.000,240.75,240.95,2500.000,7500.000,241.70,241.85,50.000,4238.000,240.70,241.00,5000.000,5000.000,241.65,241.95,5106.000,7085.000,17500.000,25000.000,240.612,241.045,241.557,242.010,-0.925,-1.017
2017-04-19 09:23:00,240.590,241.557,226.000,366.000,240.50,240.65,7500.000,2500.000,241.45,241.70,250.000,110.000,240.45,240.70,2500.000,2500.000,241.40,241.75,3679.000,2985.000,20000.000,17500.000,240.366,240.798,241.338,241.807,-1.000,-1.021
2017-04-19 09:24:00,240.394,241.446,100.000,552.000,240.30,240.35,2500.000,2500.000,241.35,241.55,110.000,54.000,240.25,240.40,5000.000,5000.000,241.30,241.60,8311.000,3635.000,17500.000,15000.000,240.090,240.491,241.193,241.642,-1.125,-1.005
2017-04-19 09:25:00,240.244,241.247,2545.000,82.000,240.10,240.25,2500.000,2500.000,241.15,241.35,2560.000,932.000,240.05,240.30,2500.000,2500.000,241.10,241.40,11372.000,4668.000,20000.000,20000.000,239.986,240.400,241.050,241.469,-1.075,-0.984
2017-04-19 09:26:00,239.705,240.773,2408.000,355.000,239.60,239.75,7500.000,2500.000,240.65,240.80,364.000,550.000,239.55,239.85,2500.000,2500.000,240.60,240.90,8606.000,6344.000,22500.000,15000.000,239.485,239.958,240.556,240.950,-1.050,-0.939
2017-04-19 09:27:00,240.005,241.000,665.000,184.000,239.85,240.00,2500.000,2500.000,240.95,241.10,375.000,25.000,239.80,240.05,2500.000,2500.000,240.85,241.20,5983.000,2819.000,15000.000,20000.000,239.704,240.146,240.792,241.244,-1.100,-0.868
2017-04-19 09:28:00,240.168,241.156,505.000,75.000,240.05,240.10,7500.000,2500.000,241.10,241.30,886.000,25.000,240.00,240.15,2500.000,7500.000,241.00,241.40,7109.000,2934.000,20000.000,25000.000,239.910,240.300,240.963,241.450,-1.125,-0.827
2017-04-19 09:29:00,240.025,240.996,366.000,773.000,240.05,240.15,5000.000,2500.000,240.85,241.00,502.000,704.000,240.00,240.20,2500.000,5000.000,240.80,241.05,2440.000,6145.000,20000.000,15000.000,239.916,240.277,240.738,241.142,-0.825,-0.791
2017-04-19 09:30:00,239.991,240.890,370.000,168.000,240.00,240.10,2500.000,2500.000,240.75,240.90,300.000,470.000,239.95,240.15,2500.000,2500.000,240.70,241.00,2964.000,5384.000,20000.000,17500.000,239.875,240.237,240.613,241.079,-0.775,-0.800
2017-04-19 09:31:00,239.462,240.303,2080.000,153.000,239.50,239.55,2500.000,2500.000,240.35,240.50,50.000,739.000,239.45,239.60,2500.000,2500.000,240.30,240.55,3826.000,5241.000,12500.000,35000.000,239.433,239.701,240.240,240.736,-0.900,-0.808
2017-04-19 09:32:00,238.244,238.888,374.000,304.000,238.30,238.35,2500.000,12500.000,238.80,239.00,10.000,944.000,238.25,238.40,2500.000,2500.000,238.75,239.15,1384.000,6813.000,15000.000,27500.000,238.173,238.501,238.650,239.155,-0.575,-0.847
2017-04-19 09:33:00,237.468,238.247,1452.000,115.000,237.20,237.45,2500.000,5000.000,237.95,238.20,439.000,334.000,237.15,237.50,5000.000,2500.000,237.90,238.35,8626.000,2675.000,22500.000,15000.000,237.064,237.563,237.789,238.425,-0.750,-0.854
2017-04-19 09:34:00,238.067,238.859,513.000,133.000,238.05,238.10,2500.000,5000.000,238.80,239.00,4522.000,1048.000,238.00,238.20,2500.000,2500.000,238.70,239.20,5951.000,5800.000,15000.000,25000.000,237.981,238.263,238.642,239.250,-0.825,-0.876
2017-04-19 09:35:00,239.088,240.030,1234.000,778.000,239.05,239.30,2500.000,2500.000,239.90,240.15,1283.000,1505.000,239.00,239.35,2500.000,2500.000,239.85,240.20,5618.000,10002.000,12500.000,12500.000,238.957,239.433,239.780,240.280,-0.850,-0.873
2017-04-19 09:36:00,240.215,241.096,799.000,60.000,240.10,240.25,2500.000,2500.000,240.95,241.25,60.000,830.000,240.05,240.30,2500.000,2500.000,240.90,241.30,3553.000,2116.000,17500.000,15000.000,239.999,240.363,240.779,241.358,-0.925,-0.879
2017-04-19 09:37:00,239.812,240.650,927.000,45.000,239.65,239.80,2500.000,2500.000,240.65,240.90,534.000,110.000,239.60,239.90,2500.000,2500.000,240.60,240.95,9595.000,4890.000,17500.000,22500.000,239.516,240.014,240.386,241.033,-1.050,-0.896
2017-04-19 09:38:00,239.939,240.757,258.000,345.000,239.75,239.95,2500.000,5000.000,240.75,241.00,986.000,1196.000,239.65,240.00,2500.000,2500.000,240.70,241.05,9366.000,3799.000,12500.000,25000.000,239.568,240.071,240.600,241.150,-1.025,-0.941
2017-04-19 09:39:00,239.652,240.555,60.000,500.000,239.55,239.65,2500.000,2500.000,240.50,240.70,3335.000,50.000,239.50,239.75,5000.000,2500.000,240.35,240.75,5289.000,3258.000,30000.000,25000.000,239.462,239.811,240.246,240.870,-1.000,-0.944
2017-04-19 09:40:00,239.774,240.697,482.000,51.000,239.75,239.85,2500.000,2500.000,240.70,240.90,2869.000,110.000,239.70,239.90,2500.000,2500.000,240.65,240.95,8322.000,9323.000,15000.000,22500.000,239.628,240.002,240.525,241.044,-1.000,-0.950
2017-04-19 09:41:00,239.950,240.863,60.000,349.000,239.90,240.00,2500.000,2500.000,240.80,241.05,530.000,50.000,239.85,240.05,2500.000,5000.000,240.75,241.10,2926.000,2729.000,15000.000,25000.000,239.767,240.147,240.683,241.170,-0.975,-0.947
2017-04-19 09:42:00,239.661,240.585,534.000,51.000,239.65,239.80,2500.000,2500.000,240.55,240.80,120.000,884.000,239.60,239.85,2500.000,5000.000,240.50,240.85,3437.000,5414.000,17500.000,32500.000,239.518,239.962,240.443,240.938,-0.950,-0.938
2017-04-19 09:43:00,239.875,240.920,400.000,359.000,240.00,240.05,2500.000,7500.000,240.80,241.10,40.000,75.000,239.90,240.10,2500.000,2500.000,240.75,241.15,1491.000,5200.000,15000.000,22500.000,239.857,240.210,240.683,241.178,-0.925,-0.927
2017-04-19 09:44:00,239.990,240.906,384.000,42.000,239.90,239.95,2500.000,5000.000,240.85,241.00,2834.000,125.000,239.85,240.00,2500.000,7500.000,240.80,241.10,7718.000,2269.000,17500.000,27500.000,239.781,240.129,240.750,241.136,-1.000,-0.935
2017-04-19 09:45:00,239.518,240.473,200.000,1466.000,239.55,239.70,5000.000,2500.000,240.35,240.60,217.000,334.000,239.50,239.75,5000.000,2500.000,240.30,240.65,839.000,4284.000,20000.000,17500.000,239.480,239.781,240.256,240.714,-0.850,-0.932
2017-04-19 09:46:00,239.351,240.246,278.000,542.000,239.25,239.40,2500.000,2500.000,240.20,240.35,1024.000,61.000,239.20,239.45,2500.000,2500.000,240.10,240.40,5995.000,5249.000,17500.000,17500.000,239.097,239.529,240.050,240.471,-0.950,-0.928
2017-04-19 09:47:00,239.492,240.371,5.000,695.000,239.50,239.65,2500.000,2500.000,240.35,240.55,150.000,638.000,239.45,239.70,5000.000,2500.000,240.25,240.60,2656.000,6847.000,17500.000,25000.000,239.346,239.779,240.214,240.675,-0.875,-0.953
2017-04-19 09:48:00,239.337,240.329,412.000,808.000,239.25,239.40,5000.000,2500.000,240.20,240.35,1685.000,110.000,239.20,239.45,2500.000,10000.000,240.15,240.45,5954.000,5365.000,27500.000,25000.000,239.121,239.525,240.068,240.480,-0.950,-0.938
2017-04-19 09:49:00,239.278,240.231,3000.000,136.000,239.20,239.35,2500.000,2500.000,240.05,240.30,60.000,579.000,239.15,239.40,10000.000,5000.000,240.00,240.35,6864.000,5048.000,25000.000,15000.000,239.106,239.497,239.955,240.392,-0.900,-0.921
2017-04-19 09:50:00,239.426,240.366,394.000,376.000,239.25,239.30,5000.000,2500.000,240.20,240.40,5988.000,550.000,239.20,239.40,2500.000,5000.000,240.15,240.45,11431.000,1326.000,27500.000,20000.000,239.144,239.402,240.077,240.512,-1.025,-0.935
2017-04-19 09:51:00,239.562,240.441,77.000,108.000,239.35,239.40,5000.000,5000.000,240.30,240.50,2465.000,100.000,239.30,239.50,2500.000,2500.000,240.25,240.55,11232.000,1049.000,22500.000,17500.000,239.207,239.570,240.194,240.621,-1.025,-0.955
2017-04-19 09:52:00,239.665,240.667,359.000,63.000,239.60,239.65,15000.000,2500.000,240.55,240.80,2124.000,50.000,239.55,239.85,2500.000,2500.000,240.50,240.85,7329.000,7873.000,25000.000,20000.000,239.464,239.980,240.495,240.906,-1.050,-0.938
2017-04-19 09:53:00,239.697,240.614,12.000,63.000,239.65,239.75,7500.000,5000.000,240.50,240.80,61.000,491.000,239.60,239.85,7500.000,2500.000,240.45,240.85,4056.000,5132.000,27500.000,25000.000,239.489,239.962,240.377,240.925,-0.950,-0.933
2017-04-19 09:54:00,239.642,240.510,2186.000,98.000,239.50,239.65,2500.000,2500.000,240.50,240.65,105.000,110.000,239.45,239.70,2500.000,5000.000,240.40,240.70,9260.000,4138.000,15000.000,22500.000,239.381,239.793,240.358,240.772,-1.000,-0.946
2017-04-19 09:55:00,239.787,240.795,20.000,110.000,239.85,239.90,5000.000,2500.000,240.75,240.90,165.000,250.000,239.70,239.95,7500.000,7500.000,240.70,240.95,4499.000,7323.000,22500.000,30000.000,239.596,240.029,240.661,240.992,-0.950,-0.908
2017-04-19 09:56:00,239.956,240.936,3012.000,986.000,239.90,240.00,7500.000,15000.000,240.90,241.00,110.000,175.000,239.85,240.05,2500.000,5000.000,240.85,241.05,8103.000,5662.000,17500.000,27500.000,239.811,240.136,240.829,241.050,-1.000,-0.877
2017-04-19 09:57:00,239.923,240.841,1452.000,68.000,239.75,239.95,2500.000,5000.000,240.75,240.95,665.000,2218.000,239.70,240.00,2500.000,17500.000,240.70,241.00,9615.000,4840.000,22500.000,32500.000,239.628,240.071,240.639,241.035,-1.000,-0.864
2017-04-19 09:58:00,239.757,240.648,2944.000,39.000,239.65,239.70,5000.000,2500.000,240.60,240.80,464.000,148.000,239.60,239.85,5000.000,5000.000,240.55,240.85,13087.000,6378.000,27500.000,25000.000,239.528,239.983,240.455,240.920,-1.025,-0.870
2017-04-19 09:59:00,239.754,240.690,2753.000,59.000,239.65,239.85,7500.000,7500.000,240.65,240.85,760.000,355.000,239.60,239.90,2500.000,7500.000,240.60,240.90,11671.000,9474.000,25000.000,37500.000,239.535,240.005,240.545,240.960,-1.000,-0.869
2017-04-19 10:00:00,239.998,240.815,757.000,130.000,239.85,240.00,10000.000,2500.000,240.75,240.95,364.000,328.000,239.75,240.05,2500.000,10000.000,240.70,241.00,8856.000,4055.000,25000.000,32500.000,239.646,240.153,240.640,241.054,-0.925,-0.866
2017-04-19 10:01:00,239.959,240.784,431.000,74.000,239.80,240.00,5000.000,2500.000,240.70,240.90,304.000,75.000,239.75,240.05,2500.000,2500.000,240.65,240.95,4782.000,2725.000,20000.000,27500.000,239.655,240.167,240.588,241.018,-0.900,-0.872
2017-04-19 10:02:00,240.026,240.876,15.000,179.000,239.90,240.00,2500.000,2500.000,240.85,240.95,484.000,477.000,239.85,240.05,7500.000,5000.000,240.80,241.00,6972.000,3362.000,20000.000,22500.000,239.748,240.135,240.756,241.061,-0.950,-0.872
2017-04-19 10:03:00,239.801,240.722,217.000,882.000,239.80,239.85,2500.000,5000.000,240.65,240.80,200.000,110.000,239.70,239.90,2500.000,2500.000,240.60,240.85,5046.000,5617.000,22500.000,22500.000,239.604,239.984,240.489,240.900,-0.900,-0.856
2017-04-19 10:04:00,239.789,240.721,1150.000,273.000,239.65,239.80,5000.000,2500.000,240.65,240.80,1699.000,100.000,239.60,239.85,2500.000,2500.000,240.60,240.85,11107.000,4929.000,20000.000,15000.000,239.525,239.969,240.531,240.917,-1.000,-0.856
2017-04-19 10:05:00,240.010,240.810,444.000,49.000,239.80,239.95,5000.000,5000.000,240.75,240.95,575.000,190.000,239.75,240.00,2500.000,10000.000,240.70,241.00,8030.000,1799.000,20000.000,32500.000,239.658,240.107,240.556,241.038,-0.975,-0.868
2017-04-19 10:06:00,239.826,240.683,3449.000,119.000,239.70,239.75,5000.000,2500.000,240.65,240.85,3087.000,60.000,239.65,239.90,2500.000,2500.000,240.60,240.90,14007.000,5411.000,15000.000,22500.000,239.594,239.992,240.542,240.967,-1.025,-0.866
2017-04-19 10:07:00,239.905,240.752,50.000,737.000,239.85,239.95,2500.000,5000.000,240.70,240.90,60.000,1252.000,239.75,240.00,5000.000,7500.000,240.65,240.95,4280.000,3833.000,20000.000,32500.000,239.668,240.053,240.562,240.988,-0.900,-0.872
2017-04-19 10:08:00,239.777,240.618,1630.000,103.000,239.70,239.80,2500.000,2500.000,240.60,240.80,231.000,150.000,239.65,239.90,2500.000,2500.000,240.55,240.85,6696.000,5460.000,22500.000,25000.000,239.571,240.004,240.394,240.930,-0.950,-0.879
2017-04-19 10:09:00,239.772,240.710,30.000,123.000,239.80,239.90,5000.000,2500.000,240.65,240.85,139.000,479.000,239.75,239.95,5000.000,5000.000,240.60,240.90,1852.000,5667.000,22500.000,30000.000,239.629,240.025,240.544,240.967,-0.900,-0.865
2017-04-19 10:10:00,239.792,240.652,250.000,72.000,239.70,239.85,7500.000,2500.000,240.60,240.80,306.000,1037.000,239.65,239.90,5000.000,10000.000,240.55,240.85,8288.000,7049.000,32500.000,35000.000,239.562,239.988,240.438,240.918,-0.925,-0.851
2017-04-19 10:11:00,239.866,240.712,2275.000,888.000,239.75,239.90,2500.000,2500.000,240.70,240.80,4500.000,1334.000,239.70,239.95,7500.000,2500.000,240.65,240.85,12177.000,7508.000,22500.000,30000.000,239.649,240.002,240.600,240.929,-0.925,-0.856
2017-04-19 10:12:00,239.794,240.671,2182.000,543.000,239.75,239.80,5000.000,2500.000,240.60,240.80,110.000,60.000,239.65,239.85,2500.000,7500.000,240.55,240.85,9067.000,4516.000,30000.000,30000.000,239.600,239.949,240.404,240.917,-0.925,-0.859
2017-04-19 10:13:00,239.974,240.847,500.000,80.000,239.90,240.00,2500.000,5000.000,240.80,240.95,60.000,30.000,239.85,240.05,5000.000,12500.000,240.75,241.00,4222.000,2677.000,17500.000,27500.000,239.777,240.162,240.707,241.027,-0.925,-0.849
2017-04-19 10:14:00,239.969,240.838,250.000,3721.000,239.90,240.00,5000.000,5000.000,240.80,240.95,60.000,30.000,239.85,240.05,2500.000,15000.000,240.75,241.00,5154.000,6268.000,17500.000,32500.000,239.764,240.068,240.714,241.038,-0.925,-0.863
2017-04-19 10:15:00,240.017,240.806,245.000,3471.000,239.95,240.00,2500.000,2500.000,240.80,240.90,183.000,80.000,239.90,240.05,2500.000,5000.000,240.75,240.95,6031.000,6533.000,15000.000,27500.000,239.780,240.074,240.700,241.014,-0.875,-0.864
2017-04-19 10:16:00,239.822,240.692,250.000,401.000,239.75,239.90,2500.000,2500.000,240.60,240.75,1339.000,1000.000,239.65,239.95,2500.000,5000.000,240.55,240.80,7857.000,7910.000,17500.000,15000.000,239.553,240.005,240.500,240.842,-0.850,-0.854
2017-04-19 10:17:00,239.715,240.611,59.000,462.000,239.75,239.90,2500.000,2500.000,240.55,240.70,550.000,1174.000,239.70,239.95,7500.000,2500.000,240.50,240.75,2438.000,9792.000,17500.000,17500.000,239.650,240.007,240.457,240.807,-0.800,-0.847
2017-04-19 10:18:00,239.835,240.656,4823.000,475.000,239.70,239.90,2500.000,2500.000,240.60,240.80,504.000,793.000,239.65,239.95,2500.000,5000.000,240.55,240.85,11103.000,7102.000,20000.000,25000.000,239.611,240.006,240.456,240.915,-0.900,-0.862
2017-04-19 10:19:00,239.881,240.820,729.000,98.000,239.85,239.90,2500.000,10000.000,240.75,240.95,334.000,300.000,239.80,239.95,5000.000,12500.000,240.70,241.00,3245.000,2851.000,17500.000,32500.000,239.745,240.011,240.629,241.027,-0.975,-0.888
2017-04-19 10:20:00,239.833,240.627,873.000,725.000,239.70,239.90,2500.000,2500.000,240.55,240.70,389.000,1020.000,239.65,239.95,7500.000,2500.000,240.50,240.75,7712.000,7005.000,17500.000,15000.000,239.556,239.999,240.457,240.800,-0.825,-0.936
2017-04-19 10:21:00,239.935,240.758,241.000,94.000,239.80,239.90,2500.000,5000.000,240.70,240.85,548.000,209.000,239.75,239.95,5000.000,2500.000,240.65,240.90,5884.000,2516.000,20000.000,27500.000,239.659,240.013,240.581,240.968,-0.925,-0.953
2017-04-19 10:22:00,239.667,240.525,238.000,733.000,239.55,239.60,2500.000,7500.000,240.40,240.60,683.000,97.000,239.50,239.65,2500.000,5000.000,240.35,240.65,4626.000,1799.000,20000.000,20000.000,239.404,239.687,240.287,240.675,-0.925,-0.966
2017-04-19 10:23:00,239.709,240.606,626.000,102.000,239.60,239.70,5000.000,2500.000,240.50,240.65,228.000,50.000,239.55,239.80,5000.000,5000.000,240.45,240.70,6213.000,4048.000,25000.000,17500.000,239.453,239.919,240.375,240.743,-0.925,-0.980
2017-04-19 10:24:00,239.566,240.637,394.000,454.000,239.60,239.80,2500.000,5000.000,240.50,240.70,511.000,404.000,239.55,239.85,5000.000,5000.000,240.45,240.75,3358.000,9357.000,22500.000,17500.000,239.477,239.963,240.361,240.779,-0.900,-0.957
2017-04-19 10:25:00,239.588,240.619,5.000,29.000,239.65,239.75,2500.000,5000.000,240.55,240.70,600.000,404.000,239.60,239.85,2500.000,5000.000,240.50,240.75,2161.000,6932.000,15000.000,17500.000,239.520,239.968,240.442,240.779,-0.925,-0.929
2017-04-19 10:26:00,239.969,240.875,687.000,137.000,239.85,240.00,2500.000,5000.000,240.80,240.95,1198.000,16.000,239.80,240.05,5000.000,10000.000,240.75,241.00,7227.000,3904.000,17500.000,27500.000,239.727,240.167,240.700,241.109,-0.950,-0.952
2017-04-19 10:27:00,239.933,240.858,434.000,158.000,239.75,239.95,5000.000,2500.000,240.75,240.90,826.000,1166.000,239.70,240.00,5000.000,2500.000,240.70,240.95,6918.000,3400.000,25000.000,22500.000,239.615,240.076,240.650,241.083,-0.975,-0.959
2017-04-19 10:28:00,239.841,240.806,349.000,88.000,239.80,239.90,5000.000,2500.000,240.70,240.90,120.000,1000.000,239.75,239.95,5000.000,7500.000,240.65,240.95,2354.000,3241.000,20000.000,20000.000,239.668,239.998,240.619,241.006,-0.950,-0.942
2017-04-19 10:29:00,239.841,240.800,727.000,574.000,239.75,239.90,2500.000,2500.000,240.70,240.90,592.000,1000.000,239.70,239.95,2500.000,7500.000,240.65,240.95,5775.000,5472.000,17500.000,20000.000,239.611,240.018,240.586,240.988,-0.975,-0.938
2017-04-19 10:30:00,239.854,240.743,163.000,434.000,239.75,239.90,2500.000,5000.000,240.65,240.85,163.000,1522.000,239.65,239.95,5000.000,2500.000,240.60,240.90,7481.000,6088.000,17500.000,20000.000,239.526,240.021,240.557,240.956,-0.925,-0.953
2017-04-19 10:31:00,239.685,240.706,65.000,406.000,239.65,239.80,2500.000,5000.000,240.60,240.75,270.000,334.000,239.60,239.85,5000.000,2500.000,240.55,240.90,4489.000,6608.000,20000.000,20000.000,239.476,239.962,240.469,240.931,-0.950,-0.932
2017-04-19 10:32:00,239.949,240.909,771.000,176.000,239.85,240.00,5000.000,5000.000,240.85,241.00,987.000,369.000,239.80,240.05,5000.000,2500.000,240.80,241.05,5526.000,3616.000,20000.000,22500.000,239.741,240.144,240.769,241.094,-1.000,-0.929
2017-04-19 10:33:00,239.981,240.863,150.000,49.000,239.85,239.90,2500.000,2500.000,240.80,240.95,2944.000,61.000,239.80,240.00,5000.000,10000.000,240.75,241.00,7747.000,2531.000,17500.000,22500.000,239.717,240.129,240.700,241.067,-1.000,-0.933
2017-04-19 10:34:00,239.919,240.856,120.000,1557.000,239.90,240.00,2500.000,2500.000,240.75,240.90,50.000,1234.000,239.85,240.05,2500.000,2500.000,240.70,240.95,2751.000,6155.000,20000.000,20000.000,239.742,240.088,240.637,241.025,-0.875,-0.918
2017-04-19 10:35:00,239.862,240.829,40.000,90.000,239.90,239.95,5000.000,2500.000,240.75,240.90,444.000,586.000,239.80,240.00,2500.000,10000.000,240.70,241.00,4490.000,6001.000,15000.000,20000.000,239.714,240.107,240.667,241.044,-0.900,-0.907
2017-04-19 10:36:00,239.994,240.908,1446.000,910.000,239.95,240.00,2500.000,10000.000,240.85,241.00,1791.000,1037.000,239.85,240.05,5000.000,2500.000,240.80,241.10,9826.000,6377.000,20000.000,27500.000,239.780,240.119,240.750,241.127,-0.950,-0.905
2017-04-19 10:37:00,239.918,240.861,500.000,98.000,239.85,239.90,2500.000,2500.000,240.80,240.95,1845.000,137.000,239.80,240.00,2500.000,7500.000,240.75,241.00,6762.000,4834.000,15000.000,20000.000,239.717,240.106,240.692,241.037,-1.000,-0.913
2017-04-19 10:38:00,240.112,241.015,102.000,100.000,239.95,240.00,2500.000,2500.000,240.95,241.15,137.000,37.000,239.90,240.05,5000.000,2500.000,240.90,241.20,7130.000,1261.000,17500.000,25000.000,239.781,240.159,240.850,241.285,-1.075,-0.911
2017-04-19 10:39:00,240.158,241.021,2442.000,186.000,240.00,240.05,2500.000,5000.000,240.95,241.20,730.000,123.000,239.95,240.10,2500.000,5000.000,240.90,241.25,10393.000,575.000,15000.000,27500.000,239.843,240.124,240.842,241.350,-1.050,-0.944
2017-04-19 10:40:00,239.993,240.905,434.000,186.000,239.85,240.00,2500.000,7500.000,240.80,241.00,2238.000,37.000,239.80,240.05,2500.000,5000.000,240.75,241.10,5812.000,2283.000,20000.000,27500.000,239.739,240.158,240.688,241.168,-0.975,-0.944
2017-04-19 10:41:00,239.799,240.706,2403.000,377.000,239.65,239.85,2500.000,5000.000,240.65,240.80,925.000,100.000,239.60,239.90,5000.000,2500.000,240.60,240.85,11006.000,5791.000,20000.000,20000.000,239.541,240.004,240.550,240.912,-0.975,-0.951
2017-04-19 10:42:00,239.509,240.488,125.000,98.000,239.50,239.55,5000.000,2500.000,240.35,240.55,374.000,100.000,239.40,239.60,5000.000,2500.000,240.30,240.70,6402.000,5158.000,22500.000,20000.000,239.300,239.729,240.261,240.769,-0.925,-0.946
2017-04-19 10:43:00,239.509,240.405,344.000,65.000,239.40,239.50,2500.000,2500.000,240.35,240.45,1888.000,253.000,239.35,239.60,5000.000,2500.000,240.30,240.50,10314.000,6245.000,25000.000,22500.000,239.265,239.728,240.250,240.656,-0.950,-0.959
2017-04-19 10:44:00,239.456,240.483,110.000,184.000,239.40,239.50,7500.000,5000.000,240.25,240.45,60.000,10.000,239.35,239.60,5000.000,7500.000,240.20,240.50,5092.000,5133.000,40000.000,25000.000,239.257,239.725,240.109,240.630,-0.900,-0.955
2017-04-19 10:45:00,239.412,240.324,51.000,511.000,239.25,239.45,7500.000,2500.000,240.20,240.35,2203.000,105.000,239.20,239.50,2500.000,5000.000,240.15,240.40,8171.000,4917.000,37500.000,20000.000,239.113,239.580,240.063,240.488,-0.925,-0.943
2017-04-19 10:46:00,239.401,240.342,200.000,59.000,239.25,239.35,5000.000,7500.000,240.20,240.40,1738.000,152.000,239.20,239.45,2500.000,2500.000,240.15,240.45,7812.000,3514.000,32500.000,27500.000,239.110,239.554,240.077,240.518,-1.000,-0.945
2017-04-19 10:47:00,239.367,240.324,1886.000,93.000,239.25,239.35,2500.000,2500.000,240.25,240.40,937.000,112.000,239.20,239.45,7500.000,2500.000,240.20,240.45,8178.000,3747.000,22500.000,20000.000,239.143,239.563,240.161,240.512,-1.025,-0.943
2017-04-19 10:48:00,239.355,240.317,200.000,131.000,239.25,239.35,2500.000,2500.000,240.20,240.30,1420.000,366.000,239.20,239.45,7500.000,2500.000,240.15,240.35,6377.000,5100.000,35000.000,17500.000,239.102,239.532,240.068,240.414,-0.950,-0.939
2017-04-19 10:49:00,239.320,240.324,434.000,66.000,239.25,239.30,2500.000,2500.000,240.15,240.35,20.000,220.000,239.20,239.45,5000.000,5000.000,240.10,240.40,4136.000,3476.000,30000.000,17500.000,239.124,239.562,240.025,240.457,-0.975,-0.926
2017-04-19 10:50:00,239.371,240.224,84.000,451.000,239.20,239.30,5000.000,2500.000,240.10,240.30,10.000,10.000,239.15,239.35,2500.000,5000.000,240.05,240.35,8872.000,2761.000,27500.000,20000.000,239.028,239.452,239.995,240.425,-0.950,-0.950
2017-04-19 10:51:00,239.362,240.315,1420.000,442.000,239.20,239.30,2500.000,2500.000,240.20,240.35,367.000,10.000,239.15,239.35,5000.000,2500.000,240.15,240.40,10566.000,2940.000,27500.000,22500.000,239.049,239.460,240.064,240.483,-1.025,-0.949
2017-04-19 10:52:00,239.365,240.308,582.000,98.000,239.20,239.30,2500.000,2500.000,240.20,240.35,397.000,70.000,239.15,239.35,2500.000,7500.000,240.15,240.40,10562.000,3090.000,22500.000,22500.000,239.037,239.471,240.056,240.467,-1.025,-0.957
2017-04-19 10:53:00,239.702,240.646,1745.000,158.000,239.65,239.75,5000.000,2500.000,240.55,240.70,682.000,1443.000,239.55,239.80,5000.000,2500.000,240.50,240.75,8533.000,6871.000,17500.000,12500.000,239.482,239.868,240.464,240.820,-0.925,-0.956
2017-04-19 10:54:00,239.743,240.682,60.000,96.000,239.60,239.70,2500.000,2500.000,240.55,240.75,609.000,600.000,239.55,239.75,2500.000,2500.000,240.50,240.80,8056.000,3171.000,15000.000,12500.000,239.445,239.841,240.383,240.880,-1.000,-0.950
2017-04-19 10:55:00,239.655,240.629,4245.000,98.000,239.55,239.65,2500.000,2500.000,240.55,240.65,586.000,500.000,239.50,239.70,2500.000,2500.000,240.50,240.70,12385.000,4153.000,15000.000,15000.000,239.459,239.801,240.442,240.783,-1.000,-0.927
2017-04-19 10:56:00,239.688,240.636,201.000,349.000,239.65,239.70,2500.000,2500.000,240.60,240.75,2172.000,60.000,239.60,239.80,2500.000,2500.000,240.55,240.80,5103.000,4402.000,15000.000,20000.000,239.557,239.884,240.433,240.956,-1.000,-0.914
2017-04-19 10:57:00,240.004,240.985,2837.000,54.000,239.85,239.95,5000.000,5000.000,240.85,241.05,1113.000,817.000,239.80,240.00,5000.000,5000.000,240.80,241.15,11535.000,2411.000,22500.000,20000.000,239.735,240.088,240.750,241.200,-1.050,-0.894
2017-04-19 10:58:00,240.040,240.977,12.000,526.000,239.95,240.00,2500.000,2500.000,240.90,241.00,2212.000,37.000,239.90,240.05,2500.000,2500.000,240.85,241.10,8586.000,3933.000,15000.000,12500.000,239.806,240.136,240.767,241.140,-0.975,-0.898
2017-04-19 10:59:00,240.080,240.991,100.000,145.000,239.95,240.00,2500.000,2500.000,240.90,241.00,2172.000,37.000,239.90,240.05,2500.000,2500.000,240.85,241.10,8315.000,1748.000,15000.000,12500.000,239.807,240.169,240.767,241.160,-0.975,-0.904
2017-04-19 11:00:00,239.893,240.750,700.000,492.000,239.85,239.95,2500.000,2500.000,240.70,240.90,294.000,1156.000,239.80,240.00,2500.000,7500.000,240.65,240.95,5425.000,4642.000,12500.000,20000.000,239.696,240.073,240.550,241.000,-0.900,-0.906
2017-04-19 11:01:00,239.874,240.756,794.000,1269.000,239.80,239.95,5000.000,5000.000,240.70,240.90,60.000,292.000,239.75,240.00,5000.000,5000.000,240.65,240.95,5225.000,4955.000,20000.000,22500.000,239.686,240.075,240.588,240.994,-0.925,-0.895
2017-04-19 11:02:00,239.775,240.656,200.000,431.000,239.70,239.80,5000.000,5000.000,240.60,240.85,250.000,160.000,239.65,239.90,2500.000,2500.000,240.55,240.90,6031.000,5497.000,20000.000,20000.000,239.562,240.003,240.450,240.950,-0.975,-0.880
2017-04-19 11:03:00,239.761,240.720,18.000,503.000,239.70,239.80,2500.000,2500.000,240.60,240.80,165.000,100.000,239.65,239.85,5000.000,2500.000,240.55,240.90,5520.000,4543.000,20000.000,17500.000,239.554,239.963,240.444,240.957,-0.950,-0.852
2017-04-19 11:04:00,240.025,240.967,2302.000,99.000,239.85,239.95,2500.000,2500.000,240.85,241.00,1465.000,35.000,239.80,240.00,2500.000,2500.000,240.80,241.10,10420.000,851.000,17500.000,12500.000,239.748,240.109,240.729,241.140,-1.025,-0.824
2017-04-19 11:05:00,239.905,240.772,310.000,47.000,239.85,239.95,5000.000,7500.000,240.70,240.90,434.000,483.000,239.80,240.00,5000.000,5000.000,240.65,240.95,4259.000,3666.000,17500.000,22500.000,239.704,240.117,240.586,240.983,-0.900,-0.832
2017-04-19 11:06:00,239.966,240.789,12.000,558.000,239.90,240.00,2500.000,7500.000,240.75,240.90,150.000,489.000,239.85,240.05,2500.000,5000.000,240.70,240.95,3645.000,3549.000,12500.000,22500.000,239.752,240.121,240.620,240.983,-0.875,-0.852
2017-04-19 11:07:00,239.892,240.700,2341.000,98.000,239.70,239.85,2500.000,5000.000,240.70,240.85,477.000,100.000,239.65,239.95,5000.000,2500.000,240.65,240.90,13455.000,5544.000,15000.000,25000.000,239.559,240.048,240.592,240.985,-1.000,-0.862
2017-04-19 11:08:00,239.845,240.665,60.000,440.000,239.70,239.85,2500.000,5000.000,240.65,240.80,1582.000,160.000,239.65,239.90,2500.000,2500.000,240.60,240.85,10520.000,6029.000,12500.000,20000.000,239.535,240.002,240.540,240.912,-0.950,-0.865
2017-04-19 11:09:00,239.910,240.710,494.000,98.000,239.75,239.90,7500.000,2500.000,240.70,240.90,1352.000,160.000,239.70,239.95,5000.000,5000.000,240.65,240.95,7028.000,2964.000,22500.000,27500.000,239.610,240.048,240.544,241.045,-0.975,-0.884
2017-04-19 11:10:00,239.914,240.822,40.000,946.000,239.85,240.00,7500.000,5000.000,240.75,240.95,638.000,576.000,239.75,240.05,2500.000,7500.000,240.70,241.00,5530.000,6277.000,20000.000,20000.000,239.628,240.121,240.619,241.025,-0.925,-0.873
2017-04-19 11:11:00,239.957,240.880,100.000,118.000,239.85,239.95,2500.000,5000.000,240.80,240.95,2834.000,122.000,239.80,240.00,2500.000,7500.000,240.75,241.00,8566.000,4167.000,17500.000,20000.000,239.713,240.110,240.693,241.025,-0.975,-0.871
2017-04-19 11:12:00,239.907,240.767,160.000,494.000,239.80,240.00,2500.000,2500.000,240.70,240.90,334.000,37.000,239.75,240.05,5000.000,2500.000,240.65,240.95,4322.000,4343.000,17500.000,20000.000,239.647,240.138,240.557,241.012,-0.900,-0.874
2017-04-19 11:13:00,239.975,240.809,434.000,756.000,239.80,240.00,5000.000,5000.000,240.75,240.95,638.000,38.000,239.75,240.05,2500.000,12500.000,240.70,241.00,7686.000,4483.000,17500.000,25000.000,239.645,240.134,240.593,241.035,-0.950,-0.881
2017-04-19 11:14:00,239.920,240.817,140.000,462.000,239.80,239.95,2500.000,2500.000,240.75,240.90,973.000,717.000,239.75,240.00,2500.000,10000.000,240.70,241.00,6586.000,4648.000,15000.000,22500.000,239.648,240.088,240.625,241.056,-0.950,-0.867
2017-04-19 11:15:00,239.967,240.821,245.000,89.000,239.85,239.95,5000.000,12500.000,240.75,241.00,1028.000,233.000,239.75,240.00,2500.000,2500.000,240.70,241.10,7694.000,3027.000,17500.000,25000.000,239.651,240.122,240.600,241.095,-0.975,-0.859
2017-04-19 11:16:00,239.986,240.896,1335.000,132.000,239.95,240.00,2500.000,5000.000,240.80,241.00,60.000,63.000,239.85,240.05,2500.000,2500.000,240.75,241.05,4601.000,2333.000,15000.000,15000.000,239.810,240.149,240.667,241.092,-0.925,-0.849
2017-04-19 11:17:00,240.029,240.904,1074.000,217.000,239.95,240.00,2500.000,5000.000,240.85,241.00,60.000,92.000,239.85,240.05,2500.000,2500.000,240.80,241.10,6271.000,2154.000,12500.000,17500.000,239.786,240.149,240.720,241.129,-0.950,-0.863
2017-04-19 11:18:00,240.011,240.880,3349.000,406.000,239.95,240.00,2500.000,7500.000,240.85,241.00,60.000,92.000,239.85,240.05,2500.000,2500.000,240.80,241.05,8546.000,2886.000,15000.000,22500.000,239.829,240.131,240.683,241.128,-0.950,-0.872
2017-04-19 11:19:00,240.032,240.859,2224.000,272.000,239.95,240.00,2500.000,10000.000,240.80,241.00,613.000,92.000,239.80,240.05,2500.000,2500.000,240.75,241.10,8333.000,2448.000,15000.000,25000.000,239.752,240.142,240.650,241.120,-0.925,-0.885
2017-04-19 11:20:00,239.955,240.772,698.000,229.000,239.95,240.00,7500.000,5000.000,240.75,240.95,60.000,192.000,239.80,240.05,2500.000,10000.000,240.70,241.00,3747.000,2786.000,17500.000,27500.000,239.733,240.147,240.636,241.086,-0.875,-0.895
2017-04-19 11:21:00,239.885,240.743,33.000,441.000,239.95,240.00,2500.000,5000.000,240.70,240.90,100.000,571.000,239.90,240.05,2500.000,2500.000,240.65,240.95,1222.000,3432.000,12500.000,22500.000,239.748,240.127,240.550,241.006,-0.825,-0.924
2017-04-19 11:22:00,239.632,240.575,1150.000,62.000,239.70,239.80,2500.000,7500.000,240.55,240.80,220.000,381.000,239.65,239.85,2500.000,2500.000,240.50,240.85,2112.000,4807.000,12500.000,22500.000,239.630,239.973,240.410,240.900,-0.925,-0.919
2017-04-19 11:23:00,239.673,240.588,916.000,2.000,239.70,239.75,2500.000,5000.000,240.55,240.75,220.000,149.000,239.65,239.80,2500.000,2500.000,240.50,240.80,2388.000,2924.000,12500.000,17500.000,239.602,239.919,240.410,240.850,-0.925,-0.938
2017-04-19 11:24:00,239.712,240.603,1173.000,1.000,239.70,239.75,2500.000,2500.000,240.60,240.80,320.000,1.000,239.65,239.85,5000.000,2500.000,240.55,240.85,5173.000,6980.000,17500.000,22500.000,239.573,240.016,240.421,240.933,-0.975,-0.945
2017-04-19 11:25:00,239.731,240.597,813.000,82.000,239.70,239.75,5000.000,2500.000,240.60,240.80,325.000,479.000,239.65,239.95,5000.000,2500.000,240.55,240.85,3927.000,7152.000,17500.000,25000.000,239.568,240.016,240.486,240.930,-0.975,-0.959
2017-04-19 11:26:00,239.638,240.646,50.000,119.000,239.70,239.75,2500.000,2500.000,240.55,240.70,165.000,175.000,239.65,239.85,5000.000,5000.000,240.50,240.80,2845.000,8274.000,15000.000,15000.000,239.529,239.975,240.458,240.833,-0.900,-0.953
2017-04-19 11:27:00,239.430,240.343,534.000,2.000,239.25,239.40,5000.000,2500.000,240.20,240.40,463.000,137.000,239.20,239.45,2500.000,2500.000,240.15,240.45,6285.000,2354.000,22500.000,15000.000,239.091,239.566,240.089,240.508,-0.975,-0.933
2017-04-19 11:28:00,239.333,240.344,66.000,2.000,239.30,239.35,5000.000,7500.000,240.20,240.40,760.000,508.000,239.25,239.45,2500.000,2500.000,240.15,240.45,2941.000,3081.000,22500.000,17500.000,239.184,239.541,240.089,240.471,-0.975,-0.906
2017-04-19 11:29:00,239.411,240.338,104.000,51.000,239.30,239.35,7500.000,5000.000,240.20,240.40,660.000,60.000,239.25,239.45,5000.000,2500.000,240.15,240.45,4310.000,1833.000,25000.000,17500.000,239.169,239.568,240.105,240.486,-0.975,-0.907
2017-04-19 11:30:00,239.440,240.375,1025.000,1035.000,239.25,239.50,5000.000,7500.000,240.25,240.45,1235.000,479.000,239.20,239.55,10000.000,5000.000,240.20,240.50,9652.000,5764.000,27500.000,22500.000,239.132,239.608,240.136,240.522,-0.975,-0.879
2017-04-19 11:31:00,239.263,240.241,1511.000,599.000,239.30,239.35,5000.000,2500.000,240.15,240.30,1091.000,334.000,239.25,239.40,5000.000,2500.000,240.10,240.35,4015.000,5892.000,22500.000,17500.000,239.238,239.489,240.050,240.450,-0.900,-0.869
2017-04-19 11:32:00,239.464,240.277,279.000,79.000,239.40,239.45,2500.000,2500.000,240.30,240.35,2683.000,339.000,239.30,239.50,5000.000,2500.000,240.20,240.40,11947.000,5118.000,17500.000,20000.000,239.221,239.607,240.164,240.475,-0.900,-0.888
2017-04-19 11:33:00,239.493,240.371,384.000,113.000,239.40,239.45,7500.000,2500.000,240.30,240.40,60.000,730.000,239.35,239.55,5000.000,7500.000,240.25,240.50,8310.000,5456.000,22500.000,20000.000,239.261,239.624,240.206,240.531,-0.925,-0.877
2017-04-19 11:34:00,239.250,240.183,353.000,239.000,239.25,239.30,2500.000,2500.000,240.10,240.25,889.000,190.000,239.20,239.35,7500.000,5000.000,240.05,240.30,3425.000,4082.000,30000.000,22500.000,239.124,239.448,239.963,240.372,-0.900,-0.865
2017-04-19 11:35:00,239.012,239.807,22.000,92.000,238.90,238.95,5000.000,5000.000,239.75,239.95,60.000,486.000,238.85,239.00,7500.000,7500.000,239.70,240.00,2837.000,1284.000,25000.000,32500.000,238.739,239.055,239.630,240.058,-0.925,-0.900
2017-04-19 11:36:00,238.992,239.921,90.000,204.000,238.95,239.00,5000.000,2500.000,239.85,240.00,368.000,160.000,238.90,239.10,5000.000,7500.000,239.80,240.05,5398.000,5038.000,25000.000,27500.000,238.805,239.222,239.715,240.105,-0.950,-0.903
2017-04-19 11:37:00,238.968,239.873,35.000,53.000,238.90,238.95,2500.000,5000.000,239.85,239.90,982.000,2616.000,238.85,239.00,5000.000,7500.000,239.80,240.00,7082.000,5080.000,25000.000,30000.000,238.750,239.064,239.720,240.046,-0.950,-0.908
2017-04-19 11:38:00,238.994,239.816,119.000,3.000,238.90,238.95,2500.000,2500.000,239.80,239.85,1717.000,2817.000,238.80,239.00,5000.000,5000.000,239.75,239.90,8900.000,3850.000,22500.000,25000.000,238.711,239.028,239.683,239.955,-0.900,-0.927
2017-04-19 11:39:00,238.893,239.768,1237.000,2.000,238.70,238.75,7500.000,7500.000,239.70,239.85,1567.000,195.000,238.65,238.85,2500.000,5000.000,239.65,239.90,14464.000,3620.000,22500.000,27500.000,238.558,238.994,239.600,239.932,-1.050,-0.939
2017-04-19 11:40:00,238.758,239.729,331.000,62.000,238.75,238.80,5000.000,2500.000,239.70,239.80,759.000,134.000,238.70,238.85,2500.000,7500.000,239.65,239.85,6969.000,7057.000,20000.000,27500.000,238.591,238.990,239.588,239.905,-0.975,-0.916
2017-04-19 11:41:00,238.748,239.692,58.000,147.000,238.80,238.85,5000.000,5000.000,239.65,239.80,2903.000,100.000,238.70,238.90,2500.000,7500.000,239.60,239.85,5312.000,7123.000,20000.000,30000.000,238.647,239.006,239.550,239.896,-0.900,-0.895
2017-04-19 11:42:00,238.720,239.648,304.000,552.000,238.80,238.85,2500.000,2500.000,239.55,239.75,407.000,299.000,238.70,238.90,10000.000,7500.000,239.50,239.80,3011.000,7664.000,27500.000,25000.000,238.602,238.994,239.445,239.850,-0.825,-0.890
2017-04-19 11:43:00,238.795,239.715,744.000,262.000,238.80,238.85,2500.000,2500.000,239.60,239.80,407.000,299.000,238.70,238.90,2500.000,10000.000,239.55,239.85,4339.000,4480.000,25000.000,25000.000,238.627,238.988,239.480,239.890,-0.875,-0.872
2017-04-19 11:44:00,238.769,239.700,271.000,2.000,238.65,238.70,5000.000,2500.000,239.60,239.75,1589.000,426.000,238.60,238.80,2500.000,2500.000,239.55,239.80,11424.000,5790.000,27500.000,20000.000,238.500,238.976,239.495,239.863,-1.000,-0.858
2017-04-19 11:45:00,238.758,239.616,179.000,97.000,238.60,238.65,2500.000,2500.000,239.55,239.70,2585.000,60.000,238.55,238.75,10000.000,7500.000,239.50,239.75,10152.000,2887.000,27500.000,27500.000,238.453,238.848,239.450,239.818,-1.000,-0.871
2017-04-19 11:46:00,238.567,239.404,2375.000,2.000,238.40,238.45,2500.000,12500.000,239.35,239.50,435.000,76.000,238.35,238.50,2500.000,7500.000,239.30,239.55,11561.000,1647.000,25000.000,37500.000,238.275,238.654,239.230,239.580,-1.000,-0.877
2017-04-19 11:47:00,238.524,239.428,818.000,2.000,238.40,238.45,2500.000,12500.000,239.35,239.50,2734.000,60.000,238.35,238.55,7500.000,5000.000,239.30,239.55,9420.000,2397.000,30000.000,32500.000,238.299,238.659,239.242,239.577,-1.000,-0.864
2017-04-19 11:48:00,238.598,239.428,2866.000,87.000,238.45,238.50,2500.000,12500.000,239.40,239.50,3709.000,400.000,238.40,238.65,2500.000,5000.000,239.30,239.55,16200.000,5748.000,25000.000,32500.000,238.329,238.747,239.235,239.577,-0.975,-0.879
2017-04-19 11:49:00,238.729,239.589,98.000,1.000,238.60,238.65,2500.000,2500.000,239.55,239.65,5280.000,1820.000,238.55,238.80,15000.000,5000.000,239.50,239.70,11810.000,6477.000,35000.000,35000.000,238.483,238.871,239.450,239.771,-0.975,-0.869
2017-04-19 11:50:00,238.587,239.510,2407.000,114.000,238.50,238.55,10000.000,5000.000,239.40,239.60,60.000,500.000,238.45,238.65,5000.000,7500.000,239.35,239.65,6725.000,2975.000,27500.000,25000.000,238.388,238.754,239.314,239.685,-0.975,-0.861
2017-04-19 11:51:00,238.663,239.532,1848.000,2.000,238.55,238.60,2500.000,12500.000,239.50,239.70,2748.000,404.000,238.50,238.65,7500.000,7500.000,239.45,239.75,9901.000,2882.000,17500.000,37500.000,238.440,238.785,239.407,239.780,-1.025,-0.867
2017-04-19 11:52:00,238.750,239.589,874.000,96.000,238.65,238.70,5000.000,2500.000,239.55,239.70,316.000,956.000,238.55,238.80,7500.000,5000.000,239.50,239.75,10013.000,4839.000,27500.000,27500.000,238.463,238.885,239.377,239.809,-0.950,-0.876
2017-04-19 11:53:00,238.652,239.556,2473.000,2054.000,238.65,238.80,2500.000,2500.000,239.55,239.65,935.000,614.000,238.60,238.85,2500.000,5000.000,239.50,239.70,6322.000,10808.000,17500.000,27500.000,238.563,238.935,239.450,239.768,-0.875,-0.866
2017-04-19 11:54:00,238.798,239.609,1753.000,21.000,238.70,238.75,5000.000,5000.000,239.60,239.80,193.000,240.000,238.65,238.85,5000.000,10000.000,239.55,239.85,12671.000,5680.000,20000.000,35000.000,238.568,238.985,239.494,239.904,-0.975,-0.876
2017-04-19 11:55:00,238.691,239.571,546.000,567.000,238.70,238.75,5000.000,5000.000,239.50,239.70,935.000,457.000,238.60,238.85,2500.000,7500.000,239.45,239.75,7421.000,9250.000,20000.000,27500.000,238.508,238.962,239.387,239.791,-0.875,-0.864
2017-04-19 11:56:00,238.749,239.648,607.000,75.000,238.75,238.80,2500.000,2500.000,239.65,239.80,566.000,213.000,238.70,238.85,2500.000,10000.000,239.60,239.85,7153.000,6988.000,15000.000,35000.000,238.628,238.978,239.533,239.907,-0.950,-0.854
2017-04-19 11:57:00,238.759,239.644,5293.000,2.000,238.60,238.65,5000.000,2500.000,239.60,239.75,312.000,111.000,238.55,238.75,2500.000,2500.000,239.55,239.80,14391.000,2113.000,17500.000,22500.000,238.506,238.912,239.507,239.861,-1.050,-0.837
2017-04-19 11:58:00,238.744,239.600,1578.000,32.000,238.65,238.70,5000.000,2500.000,239.50,239.65,2591.000,863.000,238.60,238.80,2500.000,2500.000,239.45,239.70,8202.000,3407.000,22500.000,15000.000,238.554,238.879,239.367,239.767,-0.900,-0.823
2017-04-19 11:59:00,238.742,239.603,1510.000,83.000,238.65,238.70,7500.000,5000.000,239.50,239.65,2491.000,805.000,238.60,238.80,2500.000,2500.000,239.45,239.75,7934.000,3403.000,25000.000,20000.000,238.553,238.878,239.380,239.787,-0.900,-0.813
2017-04-19 12:00:00,238.778,239.600,2907.000,95.000,238.65,238.70,2500.000,5000.000,239.55,239.65,446.000,466.000,238.60,238.80,7500.000,2500.000,239.50,239.70,9716.000,2071.000,20000.000,17500.000,238.557,238.855,239.450,239.750,-0.925,-0.822
2017-04-19 12:01:00,238.727,239.575,1961.000,40.000,238.65,238.70,2500.000,5000.000,239.55,239.65,446.000,805.000,238.60,238.80,5000.000,5000.000,239.50,239.70,7069.000,3410.000,17500.000,22500.000,238.558,238.881,239.443,239.750,-0.925,-0.803
2017-04-19 12:02:00,238.756,239.554,1046.000,90.000,238.65,238.70,2500.000,2500.000,239.55,239.60,546.000,805.000,238.60,238.80,2500.000,2500.000,239.50,239.65,7834.000,3460.000,15000.000,17500.000,238.533,238.878,239.442,239.729,-0.900,-0.805
2017-04-19 12:03:00,238.758,239.544,85.000,53.000,238.65,238.70,2500.000,5000.000,239.50,239.65,3046.000,25.000,238.60,238.75,2500.000,2500.000,239.45,239.70,7857.000,2643.000,17500.000,22500.000,238.531,238.909,239.393,239.772,-0.900,-0.826
2017-04-19 12:04:00,238.754,239.566,2958.000,99.000,238.60,238.65,2500.000,2500.000,239.55,239.65,2648.000,25.000,238.55,238.75,5000.000,5000.000,239.50,239.70,12880.000,1860.000,17500.000,22500.000,238.490,238.847,239.450,239.778,-0.975,-0.803
2017-04-19 12:05:00,238.777,239.645,394.000,19.000,238.75,238.80,2500.000,5000.000,239.60,239.75,60.000,129.000,238.70,238.85,5000.000,5000.000,239.55,239.80,7280.000,5555.000,20000.000,27500.000,238.614,238.981,239.506,239.850,-0.900,-0.806
2017-04-19 12:06:00,238.812,239.565,2210.000,2.000,238.65,238.75,5000.000,5000.000,239.50,239.70,1240.000,76.000,238.60,238.80,2500.000,7500.000,239.45,239.75,9926.000,1506.000,17500.000,25000.000,238.542,238.894,239.407,239.785,-0.900,-0.806
2017-04-19 12:07:00,238.703,239.508,1942.000,131.000,238.65,238.70,2500.000,2500.000,239.45,239.60,655.000,1.000,238.60,238.80,5000.000,2500.000,239.40,239.65,6208.000,4114.000,22500.000,22500.000,238.536,238.916,239.311,239.722,-0.850,-0.801
2017-04-19 12:08:00,238.624,239.517,691.000,49.000,238.70,238.75,2500.000,5000.000,239.45,239.65,50.000,901.000,238.65,238.85,10000.000,5000.000,239.40,239.70,1847.000,6530.000,25000.000,32500.000,238.596,238.949,239.340,239.769,-0.825,-0.784
2017-04-19 12:09:00,238.763,239.458,53.000,37.000,238.60,238.65,2500.000,2500.000,239.40,239.55,210.000,336.000,238.55,238.75,5000.000,7500.000,239.35,239.60,6660.000,2380.000,22500.000,25000.000,238.424,238.850,239.294,239.670,-0.850,-0.805
2017-04-19 12:10:00,238.557,239.440,10.000,62.000,238.60,238.65,2500.000,2500.000,239.35,239.50,347.000,331.000,238.55,238.70,5000.000,5000.000,239.30,239.55,2517.000,7086.000,20000.000,17500.000,238.436,238.785,239.250,239.593,-0.800,-0.795
2017-04-19 12:11:00,238.825,239.578,198.000,2.000,238.75,238.80,2500.000,2500.000,239.55,239.65,490.000,533.000,238.65,238.85,2500.000,5000.000,239.50,239.70,9138.000,4252.000,17500.000,22500.000,238.546,238.955,239.429,239.756,-0.825,-0.819
2017-04-19 12:12:00,238.808,239.591,471.000,831.000,238.85,238.90,2500.000,2500.000,239.55,239.65,160.000,500.000,238.70,238.95,2500.000,2500.000,239.50,239.75,6025.000,8623.000,17500.000,22500.000,238.590,239.033,239.429,239.828,-0.725,-0.833
2017-04-19 12:13:00,238.770,239.578,1085.000,2.000,238.60,238.65,2500.000,5000.000,239.50,239.65,327.000,111.000,238.55,238.70,2500.000,2500.000,239.45,239.70,9500.000,1150.000,22500.000,22500.000,238.485,238.838,239.389,239.756,-0.950,-0.845
2017-04-19 12:14:00,238.831,239.628,83.000,2.000,238.70,238.75,2500.000,2500.000,239.55,239.75,904.000,876.000,238.65,238.85,7500.000,10000.000,239.50,239.80,9746.000,4144.000,27500.000,35000.000,238.548,238.954,239.441,239.854,-0.925,-0.861
2017-04-19 12:15:00,238.681,239.514,263.000,53.000,238.60,238.65,2500.000,2500.000,239.45,239.60,157.000,300.000,238.55,238.75,2500.000,2500.000,239.40,239.65,5257.000,3984.000,22500.000,22500.000,238.446,238.842,239.339,239.733,-0.900,-0.886
2017-04-19 12:16:00,238.654,239.527,183.000,145.000,238.60,238.65,2500.000,5000.000,239.50,239.65,157.000,185.000,238.55,238.80,2500.000,7500.000,239.45,239.70,5556.000,6156.000,20000.000,35000.000,238.466,238.898,239.375,239.764,-0.950,-0.898
2017-04-19 12:17:00,238.611,239.467,860.000,1.000,238.40,238.55,10000.000,10000.000,239.35,239.55,2577.000,60.000,238.35,238.60,5000.000,2500.000,239.30,239.60,11982.000,2015.000,25000.000,20000.000,238.274,238.726,239.280,239.613,-0.975,-0.903
2017-04-19 12:18:00,238.723,239.592,160.000,2.000,238.55,238.60,2500.000,2500.000,239.50,239.70,2423.000,54.000,238.50,238.65,2500.000,2500.000,239.45,239.75,8766.000,2259.000,22500.000,25000.000,238.409,238.869,239.389,239.805,-1.025,-0.888
2017-04-19 12:19:00,238.741,239.618,387.000,25.000,238.60,238.65,2500.000,2500.000,239.55,239.70,1922.000,98.000,238.55,238.70,5000.000,7500.000,239.50,239.75,9137.000,1602.000,22500.000,27500.000,238.454,238.820,239.428,239.800,-1.000,-0.853
2017-04-19 12:20:00,238.652,239.606,3932.000,2.000,238.65,238.70,5000.000,10000.000,239.55,239.75,284.000,409.000,238.60,238.75,5000.000,5000.000,239.50,239.80,7408.000,6639.000,22500.000,37500.000,238.591,238.888,239.450,239.840,-0.975,-0.804
2017-04-19 12:21:00,238.636,239.571,3324.000,101.000,238.65,238.70,5000.000,5000.000,239.50,239.70,284.000,1086.000,238.60,238.85,2500.000,7500.000,239.45,239.75,7483.000,10611.000,22500.000,30000.000,238.558,238.962,239.394,239.796,-0.925,-0.779
2017-04-19 12:22:00,238.768,239.647,1633.000,1.000,238.70,238.75,2500.000,2500.000,239.60,239.75,2005.000,802.000,238.65,238.85,2500.000,7500.000,239.55,239.80,11694.000,6627.000,17500.000,25000.000,238.591,238.970,239.493,239.850,-0.950,-0.739
2017-04-19 12:23:00,238.916,239.713,431.000,2.000,238.75,238.85,2500.000,2500.000,239.70,239.80,4691.000,82.000,238.70,238.95,5000.000,7500.000,239.65,239.85,18136.000,6872.000,20000.000,30000.000,238.620,239.030,239.594,239.917,-0.950,-0.724
2017-04-19 12:24:00,239.192,239.891,434.000,2.000,239.10,239.15,2500.000,7500.000,239.85,240.05,334.000,52.000,239.05,239.30,5000.000,12500.000,239.80,240.10,7476.000,5005.000,20000.000,37500.000,238.997,239.390,239.731,240.127,-0.825,-0.745
2017-04-19 12:25:00,239.010,239.721,1418.000,1653.000,238.80,239.00,2500.000,7500.000,239.65,239.80,3596.000,320.000,238.75,239.05,2500.000,10000.000,239.60,239.85,14936.000,4679.000,17500.000,25000.000,238.694,239.096,239.536,239.865,-0.825,-0.728
2017-04-19 12:26:00,239.086,239.897,434.000,1.000,239.10,239.20,5000.000,5000.000,239.80,240.00,1332.000,304.000,239.05,239.30,2500.000,5000.000,239.75,240.05,3990.000,6623.000,22500.000,20000.000,239.005,239.416,239.700,240.094,-0.750,-0.700
2017-04-19 12:27:00,239.260,239.938,50.000,98.000,239.15,239.20,2500.000,5000.000,239.85,240.05,434.000,300.000,239.10,239.25,5000.000,5000.000,239.80,240.10,4767.000,2382.000,20000.000,22500.000,239.001,239.399,239.750,240.150,-0.775,-0.700
2017-04-19 12:28:00,239.179,239.900,1188.000,124.000,239.05,239.10,2500.000,5000.000,239.85,240.00,1346.000,60.000,239.00,239.20,5000.000,5000.000,239.80,240.05,8264.000,2498.000,15000.000,20000.000,238.927,239.305,239.758,240.094,-0.850,-0.704
2017-04-19 12:29:00,239.109,239.913,686.000,62.000,239.05,239.10,5000.000,7500.000,239.80,240.00,1240.000,436.000,239.00,239.25,10000.000,2500.000,239.75,240.05,4132.000,3463.000,30000.000,27500.000,238.945,239.352,239.704,240.132,-0.825,-0.690
2017-04-19 12:30:00,239.141,239.765,49.000,2.000,239.00,239.05,5000.000,5000.000,239.70,239.90,118.000,219.000,238.90,239.10,5000.000,2500.000,239.65,239.95,8520.000,2198.000,20000.000,22500.000,238.765,239.227,239.581,240.011,-0.775,-0.756
2017-04-19 12:31:00,239.417,240.088,158.000,2.000,239.25,239.30,2500.000,7500.000,240.10,240.30,600.000,75.000,239.20,239.45,5000.000,2500.000,240.05,240.35,5730.000,2236.000,17500.000,42500.000,239.101,239.566,239.986,240.435,-0.925,-0.777
2017-04-19 12:32:00,239.607,240.285,244.000,66.000,239.50,239.55,5000.000,5000.000,240.25,240.45,100.000,109.000,239.40,239.60,2500.000,12500.000,240.20,240.50,5916.000,2340.000,20000.000,30000.000,239.267,239.719,240.094,240.542,-0.825,-0.800
2017-04-19 12:33:00,239.427,240.171,313.000,2.000,239.30,239.40,2500.000,2500.000,240.20,240.35,364.000,104.000,239.25,239.50,5000.000,5000.000,240.15,240.40,7048.000,3076.000,17500.000,30000.000,239.191,239.620,240.036,240.483,-0.925,-0.826
2017-04-19 12:34:00,239.465,240.197,371.000,2.000,239.30,239.35,2500.000,2500.000,240.25,240.35,2215.000,7.000,239.25,239.40,2500.000,7500.000,240.20,240.40,9811.000,1323.000,15000.000,35000.000,239.176,239.570,240.125,240.486,-0.975,-0.873
2017-04-19 12:35:00,239.493,240.446,2890.000,40.000,239.40,239.45,2500.000,2500.000,240.40,240.55,174.000,300.000,239.35,239.60,2500.000,5000.000,240.35,240.60,10686.000,6179.000,15000.000,20000.000,239.284,239.708,240.283,240.656,-1.050,-0.865
2017-04-19 12:36:00,239.126,239.903,289.000,2.000,238.90,239.00,2500.000,7500.000,239.85,240.05,1879.000,13.000,238.85,239.05,2500.000,2500.000,239.80,240.10,15435.000,2482.000,15000.000,22500.000,238.751,239.236,239.733,240.139,-1.000,-0.892
2017-04-19 12:37:00,239.317,240.109,392.000,2.000,239.15,239.25,2500.000,5000.000,240.10,240.30,2050.000,515.000,239.10,239.40,5000.000,7500.000,240.05,240.35,11022.000,5968.000,15000.000,27500.000,239.008,239.501,239.975,240.400,-1.000,-0.924
2017-04-19 12:38:00,239.580,240.454,450.000,214.000,239.45,239.60,2500.000,5000.000,240.40,240.60,2134.000,215.000,239.40,239.65,2500.000,7500.000,240.35,240.65,9199.000,5655.000,12500.000,20000.000,239.300,239.747,240.260,240.675,-0.975,-0.949
2017-04-19 12:39:00,239.512,240.479,1912.000,49.000,239.40,239.45,2500.000,2500.000,240.40,240.55,304.000,787.000,239.35,239.60,5000.000,7500.000,240.35,240.60,8484.000,4375.000,17500.000,17500.000,239.281,239.699,240.307,240.636,-1.050,-0.955
2017-04-19 12:40:00,239.763,240.675,319.000,73.000,239.60,239.65,2500.000,2500.000,240.60,240.75,494.000,606.000,239.55,239.70,2500.000,5000.000,240.55,240.80,7613.000,884.000,15000.000,15000.000,239.461,239.719,240.492,240.842,-1.050,-0.961
2017-04-19 12:41:00,239.606,240.519,573.000,80.000,239.45,239.50,5000.000,2500.000,240.40,240.60,377.000,334.000,239.40,239.60,2500.000,5000.000,240.35,240.65,7250.000,2526.000,20000.000,20000.000,239.278,239.715,240.300,240.713,-1.025,-0.980
2017-04-19 12:42:00,239.783,240.735,961.000,111.000,239.80,239.85,5000.000,5000.000,240.70,240.90,3.000,310.000,239.75,239.90,5000.000,5000.000,240.65,240.95,6175.000,7826.000,22500.000,35000.000,239.601,239.997,240.606,241.011,-0.975,-0.974
2017-04-19 12:43:00,240.105,241.108,2263.000,258.000,239.95,240.00,2500.000,2500.000,240.95,241.15,60.000,28.000,239.90,240.05,2500.000,2500.000,240.90,241.25,8007.000,806.000,27500.000,20000.000,239.819,240.099,240.836,241.312,-1.075,-0.964
2017-04-19 12:44:00,239.900,240.897,953.000,75.000,239.80,239.85,2500.000,2500.000,240.80,240.95,100.000,210.000,239.75,239.95,2500.000,10000.000,240.75,241.10,5963.000,3876.000,17500.000,25000.000,239.648,240.021,240.693,241.145,-1.050,-0.957
2017-04-19 12:45:00,240.024,240.963,2182.000,31.000,239.90,239.95,2500.000,2500.000,240.90,241.00,334.000,118.000,239.85,240.00,2500.000,2500.000,240.85,241.15,8360.000,1169.000,17500.000,20000.000,239.791,240.080,240.793,241.225,-1.025,-0.939
2017-04-19 12:46:00,239.969,240.979,1.000,2.000,239.85,239.90,5000.000,5000.000,240.80,241.00,3035.000,502.000,239.80,240.00,7500.000,2500.000,240.75,241.05,5412.000,2011.000,32500.000,15000.000,239.738,240.082,240.700,241.083,-1.025,-0.919
2017-04-19 12:47:00,240.012,240.934,2062.000,1.000,239.80,239.90,2500.000,2500.000,240.80,240.95,372.000,514.000,239.70,240.00,7500.000,7500.000,240.75,241.00,11027.000,1723.000,30000.000,17500.000,239.627,240.077,240.688,241.036,-1.025,-0.929
2017-04-19 12:48:00,239.980,240.931,3558.000,32.000,239.80,239.85,5000.000,2500.000,240.80,240.95,519.000,334.000,239.65,239.95,5000.000,12500.000,240.75,241.00,17350.000,1460.000,30000.000,22500.000,239.596,240.028,240.696,241.044,-1.050,-0.951
2017-04-19 12:49:00,239.899,240.863,1294.000,82.000,239.85,239.90,2500.000,2500.000,240.75,240.90,999.000,334.000,239.80,239.95,5000.000,5000.000,240.70,240.95,4339.000,1997.000,22500.000,17500.000,239.732,240.020,240.639,241.007,-0.950,-0.962
2017-04-19 12:50:00,239.918,240.764,844.000,49.000,239.80,239.85,5000.000,2500.000,240.70,240.85,10.000,334.000,239.75,239.90,2500.000,5000.000,240.65,240.90,4004.000,984.000,20000.000,25000.000,239.628,239.965,240.613,241.015,-0.950,-0.985
2017-04-19 12:51:00,239.831,240.742,2876.000,2.000,239.65,239.70,2500.000,7500.000,240.65,240.85,162.000,78.000,239.60,239.75,10000.000,5000.000,240.60,240.90,9279.000,569.000,22500.000,25000.000,239.532,239.903,240.544,240.935,-1.075,-0.991
2017-04-19 12:52:00,239.711,240.683,1872.000,98.000,239.60,239.65,2500.000,5000.000,240.60,240.70,100.000,60.000,239.55,239.70,2500.000,5000.000,240.55,240.75,7234.000,1814.000,22500.000,22500.000,239.478,239.780,240.467,240.833,-1.025,-0.977
2017-04-19 12:53:00,239.503,240.566,14.000,448.000,239.50,239.55,2500.000,2500.000,240.45,240.60,915.000,331.000,239.45,239.65,7500.000,2500.000,240.40,240.65,2657.000,4338.000,25000.000,15000.000,239.374,239.728,240.345,240.717,-1.000,-0.952
2017-04-19 12:54:00,239.534,240.553,30.000,51.000,239.50,239.55,2500.000,5000.000,240.45,240.65,1721.000,86.000,239.45,239.60,7500.000,7500.000,240.40,240.70,3476.000,2106.000,22500.000,22500.000,239.394,239.716,240.356,240.739,-1.025,-0.937
2017-04-19 12:55:00,239.976,240.939,16.000,2.000,239.90,239.95,5000.000,5000.000,240.85,241.00,2176.000,153.000,239.85,240.00,5000.000,2500.000,240.80,241.05,4499.000,1528.000,25000.000,20000.000,239.799,240.093,240.725,241.088,-1.000,-0.921
2017-04-19 12:56:00,239.972,240.912,445.000,12.000,239.90,239.95,2500.000,2500.000,240.85,240.95,2490.000,866.000,239.85,240.00,2500.000,5000.000,240.80,241.00,4784.000,1770.000,20000.000,20000.000,239.812,240.054,240.700,241.106,-0.975,-0.920
2017-04-19 12:57:00,239.980,240.884,389.000,103.000,239.90,239.95,5000.000,5000.000,240.80,240.95,5012.000,1378.000,239.80,240.00,7500.000,12500.000,240.75,241.00,8403.000,2488.000,27500.000,27500.000,239.759,240.036,240.641,241.041,-0.950,-0.913
2017-04-19 12:58:00,239.972,240.907,1977.000,49.000,239.85,239.90,7500.000,5000.000,240.85,241.00,2403.000,11.000,239.80,239.95,2500.000,2500.000,240.80,241.05,11131.000,2320.000,27500.000,22500.000,239.727,240.026,240.709,241.111,-1.050,-0.935
2017-04-19 12:59:00,240.005,240.947,595.000,2.000,239.90,239.95,5000.000,2500.000,240.85,241.05,100.000,129.000,239.85,240.00,5000.000,12500.000,240.80,241.10,3759.000,831.000,25000.000,25000.000,239.794,240.076,240.710,241.155,-1.025,-0.929
2017-04-19 13:00:00,239.980,240.863,100.000,335.000,239.85,240.00,5000.000,10000.000,240.80,241.00,3036.000,639.000,239.80,240.05,5000.000,2500.000,240.75,241.05,5219.000,2589.000,20000.000,27500.000,239.749,240.116,240.706,241.105,-0.975,-0.941
2017-04-19 13:01:00,239.811,240.746,1294.000,268.000,239.80,239.85,2500.000,2500.000,240.65,240.80,100.000,304.000,239.70,239.90,2500.000,2500.000,240.60,240.90,5361.000,4060.000,17500.000,17500.000,239.654,239.986,240.529,240.950,-0.900,-0.948
2017-04-19 13:02:00,239.827,240.695,13.000,2.000,239.65,239.70,2500.000,5000.000,240.60,240.80,1104.000,861.000,239.60,239.80,2500.000,7500.000,240.55,240.85,7136.000,1562.000,22500.000,25000.000,239.466,239.845,240.439,240.900,-1.025,-0.950
2017-04-19 13:03:00,239.506,240.554,2801.000,26.000,239.50,239.55,2500.000,2500.000,240.50,240.60,60.000,894.000,239.45,239.65,2500.000,2500.000,240.45,240.65,4840.000,4247.000,15000.000,15000.000,239.440,239.737,240.392,240.700,-1.025,-0.935
2017-04-19 13:04:00,239.504,240.414,12.000,109.000,239.35,239.40,7500.000,7500.000,240.30,240.50,2088.000,500.000,239.30,239.50,5000.000,2500.000,240.25,240.55,5471.000,1587.000,22500.000,22500.000,239.223,239.546,240.222,240.639,-1.025,-0.952
2017-04-19 13:05:00,239.493,240.439,158.000,2.000,239.35,239.40,7500.000,5000.000,240.30,240.50,264.000,97.000,239.30,239.45,2500.000,5000.000,240.25,240.55,4060.000,902.000,25000.000,20000.000,239.192,239.549,240.215,240.606,-1.025,-0.952
2017-04-19 13:06:00,239.359,240.326,1827.000,2.000,239.25,239.30,5000.000,5000.000,240.20,240.40,465.000,60.000,239.05,239.35,2500.000,5000.000,240.15,240.45,18116.000,2492.000,27500.000,25000.000,238.996,239.479,240.073,240.495,-1.025,-0.962
2017-04-19 13:07:00,239.555,240.432,1155.000,2.000,239.40,239.50,2500.000,2500.000,240.40,240.55,312.000,60.000,239.30,239.55,2500.000,2500.000,240.35,240.60,8889.000,1519.000,15000.000,20000.000,239.240,239.655,240.300,240.681,-1.025,-0.985
2017-04-19 13:08:00,239.389,240.366,971.000,110.000,239.30,239.35,5000.000,2500.000,240.30,240.45,60.000,160.000,239.25,239.50,2500.000,5000.000,240.25,240.50,5008.000,3549.000,20000.000,20000.000,239.163,239.609,240.200,240.544,-1.050,-0.949
2017-04-19 13:09:00,239.550,240.542,214.000,2.000,239.45,239.50,2500.000,7500.000,240.40,240.60,1195.000,711.000,239.40,239.60,5000.000,2500.000,240.35,240.65,5131.000,2973.000,25000.000,20000.000,239.303,239.700,240.285,240.675,-1.025,-0.940
2017-04-19 13:10:00,239.375,240.325,159.000,2.000,239.30,239.35,5000.000,5000.000,240.25,240.45,1014.000,74.000,239.25,239.40,7500.000,2500.000,240.20,240.50,2772.000,1028.000,20000.000,25000.000,239.196,239.487,240.175,240.595,-1.025,-0.925
2017-04-19 13:11:00,239.321,240.336,139.000,146.000,239.20,239.25,2500.000,5000.000,240.20,240.35,50.000,404.000,239.15,239.35,2500.000,7500.000,240.15,240.40,11747.000,4619.000,30000.000,22500.000,238.997,239.469,240.046,240.439,-1.050,-0.900
2017-04-19 13:12:00,239.389,240.383,141.000,3.000,239.35,239.40,5000.000,2500.000,240.30,240.50,718.000,364.000,239.30,239.50,7500.000,5000.000,240.25,240.55,2245.000,2047.000,22500.000,22500.000,239.246,239.588,240.211,240.656,-1.025,-0.873
2017-04-19 13:13:00,239.505,240.297,369.000,129.000,239.25,239.30,5000.000,2500.000,240.25,240.45,800.000,60.000,239.20,239.40,5000.000,5000.000,240.20,240.50,15044.000,1824.000,17500.000,25000.000,239.029,239.520,240.171,240.585,-1.075,-0.895
2017-04-19 13:14:00,239.490,240.441,2178.000,2.000,239.35,239.40,5000.000,2500.000,240.35,240.55,334.000,3.000,239.30,239.45,5000.000,2500.000,240.30,240.60,6871.000,669.000,22500.000,17500.000,239.230,239.570,240.244,240.664,-1.075,-0.894
2017-04-19 13:15:00,239.662,240.534,170.000,81.000,239.55,239.60,5000.000,2500.000,240.50,240.65,1396.000,60.000,239.50,239.65,5000.000,5000.000,240.45,240.70,6506.000,1512.000,25000.000,22500.000,239.376,239.760,240.355,240.789,-1.000,-0.896
2017-04-19 13:16:00,239.596,240.486,430.000,2.000,239.50,239.60,2500.000,5000.000,240.45,240.65,1232.000,417.000,239.45,239.70,5000.000,7500.000,240.40,240.70,3793.000,2453.000,17500.000,27500.000,239.399,239.785,240.329,240.755,-1.000,-0.910
2017-04-19 13:17:00,239.626,240.485,657.000,86.000,239.45,239.50,2500.000,2500.000,240.45,240.60,683.000,100.000,239.40,239.65,5000.000,2500.000,240.40,240.65,9345.000,3576.000,20000.000,22500.000,239.290,239.754,240.338,240.717,-1.050,-0.923
2017-04-19 13:18:00,239.572,240.476,78.000,51.000,239.45,239.50,5000.000,5000.000,240.40,240.60,434.000,26.000,239.40,239.55,5000.000,7500.000,240.35,240.65,3368.000,987.000,22500.000,25000.000,239.293,239.667,240.306,240.690,-1.025,-0.939
2017-04-19 13:19:00,239.585,240.527,933.000,57.000,239.60,239.65,2500.000,2500.000,240.45,240.60,121.000,772.000,239.50,239.75,5000.000,2500.000,240.40,240.65,3304.000,4116.000,17500.000,15000.000,239.450,239.839,240.357,240.717,-0.900,-0.928
2017-04-19 13:20:00,239.611,240.496,58.000,42.000,239.50,239.60,2500.000,2500.000,240.45,240.60,365.000,442.000,239.45,239.65,5000.000,2500.000,240.40,240.65,3820.000,1786.000,15000.000,17500.000,239.370,239.744,240.358,240.721,-0.975,-0.948
2017-04-19 13:21:00,239.546,240.503,504.000,2.000,239.50,239.55,5000.000,2500.000,240.45,240.60,2071.000,60.000,239.45,239.65,10000.000,2500.000,240.40,240.65,5125.000,3500.000,22500.000,17500.000,239.408,239.760,240.361,240.721,-1.000,-0.944
2017-04-19 13:22:00,239.556,240.481,4048.000,2.000,239.40,239.50,2500.000,2500.000,240.40,240.55,635.000,60.000,239.35,239.60,7500.000,5000.000,240.35,240.60,11073.000,2526.000,17500.000,15000.000,239.301,239.723,240.307,240.642,-1.025,-0.943
2017-04-19 13:23:00,239.726,240.714,2310.000,98.000,239.65,239.70,2500.000,2500.000,240.65,240.80,600.000,219.000,239.60,239.85,2500.000,2500.000,240.60,240.85,9051.000,6111.000,22500.000,22500.000,239.530,239.972,240.539,240.933,-1.050,-0.934
2017-04-19 13:24:00,239.736,240.622,2862.000,2.000,239.55,239.60,2500.000,5000.000,240.55,240.75,474.000,413.000,239.45,239.65,5000.000,2500.000,240.50,240.80,12872.000,1805.000,20000.000,20000.000,239.398,239.801,240.394,240.850,-1.075,-0.949
2017-04-19 13:25:00,239.753,240.736,2168.000,87.000,239.70,239.75,2500.000,2500.000,240.70,240.85,424.000,369.000,239.65,239.85,7500.000,7500.000,240.65,240.90,8863.000,6326.000,22500.000,32500.000,239.566,239.984,240.611,240.954,-1.050,-0.938
2017-04-19 13:26:00,239.753,240.692,1594.000,2.000,239.55,239.65,2500.000,7500.000,240.55,240.75,304.000,409.000,239.50,239.75,10000.000,5000.000,240.50,240.80,8349.000,1770.000,35000.000,25000.000,239.415,239.841,240.375,240.835,-1.050,-0.937
2017-04-19 13:27:00,240.025,240.944,466.000,380.000,239.95,240.00,2500.000,5000.000,240.85,241.00,304.000,255.000,239.85,240.05,7500.000,5000.000,240.80,241.05,5327.000,2213.000,22500.000,17500.000,239.779,240.124,240.750,241.079,-0.950,-0.948
2017-04-19 13:28:00,240.026,240.968,1248.000,83.000,239.90,239.95,2500.000,7500.000,240.90,241.00,643.000,620.000,239.85,240.00,5000.000,2500.000,240.85,241.05,7900.000,1678.000,22500.000,20000.000,239.775,240.058,240.794,241.075,-1.025,-0.949
2017-04-19 13:29:00,239.953,240.912,250.000,103.000,239.85,239.90,2500.000,7500.000,240.85,241.00,2904.000,50.000,239.80,239.95,10000.000,2500.000,240.80,241.05,5813.000,1152.000,20000.000,22500.000,239.748,240.047,240.769,241.122,-1.050,-0.939
2017-04-19 13:30:00,240.067,240.997,2495.000,100.000,239.90,240.00,5000.000,7500.000,240.90,241.10,334.000,28.000,239.85,240.05,7500.000,2500.000,240.85,241.15,9918.000,1301.000,20000.000,20000.000,239.791,240.157,240.819,241.188,-1.050,-0.949
2017-04-19 13:31:00,239.916,240.850,3517.000,2.000,239.80,239.85,2500.000,2500.000,240.80,240.95,1.000,49.000,239.75,239.90,5000.000,12500.000,240.75,241.00,7216.000,1262.000,22500.000,30000.000,239.709,240.075,240.694,241.100,-1.050,-0.950
2017-04-19 13:32:00,239.964,240.938,2498.000,2.000,239.90,239.95,2500.000,5000.000,240.90,241.00,1541.000,535.000,239.80,240.00,2500.000,2500.000,240.85,241.05,7714.000,2285.000,20000.000,20000.000,239.782,240.072,240.769,241.100,-1.025,-0.938
2017-04-19 13:33:00,239.983,240.932,2337.000,2.000,239.85,239.90,5000.000,5000.000,240.85,241.00,1274.000,75.000,239.80,239.95,5000.000,2500.000,240.80,241.05,8569.000,655.000,25000.000,17500.000,239.747,240.041,240.710,241.114,-1.050,-0.951
2017-04-19 13:34:00,239.999,240.906,1039.000,121.000,239.85,239.90,2500.000,7500.000,240.85,241.00,1274.000,228.000,239.80,240.00,5000.000,2500.000,240.80,241.05,6210.000,1521.000,20000.000,22500.000,239.725,240.073,240.738,241.122,-1.050,-0.973
2017-04-19 13:35:00,239.996,240.978,1849.000,14.000,239.90,239.95,2500.000,7500.000,240.90,241.00,334.000,228.000,239.85,240.00,5000.000,2500.000,240.85,241.05,6823.000,1936.000,22500.000,17500.000,239.791,240.077,240.783,241.071,-1.025,-0.951
2017-04-19 13:36:00,239.963,240.900,64.000,2.000,239.90,239.95,2500.000,2500.000,240.85,240.95,1711.000,241.000,239.85,240.00,5000.000,7500.000,240.80,241.00,4143.000,1795.000,17500.000,17500.000,239.804,240.079,240.743,241.043,-0.975,-0.955
2017-04-19 13:37:00,239.921,240.838,25.000,445.000,239.90,239.95,2500.000,5000.000,240.80,240.95,1811.000,1747.000,239.80,240.00,5000.000,7500.000,240.75,241.00,4071.000,3928.000,17500.000,25000.000,239.731,240.038,240.650,241.035,-0.950,-0.959
2017-04-19 13:38:00,239.638,240.653,234.000,84.000,239.65,239.70,2500.000,5000.000,240.60,240.75,1177.000,185.000,239.60,239.85,5000.000,5000.000,240.55,240.80,4039.000,6719.000,22500.000,25000.000,239.524,239.980,240.494,240.865,-1.000,-0.959
2017-04-19 13:39:00,239.595,240.611,177.000,30.000,239.55,239.60,2500.000,5000.000,240.50,240.60,1159.000,98.000,239.50,239.65,5000.000,2500.000,240.45,240.65,5015.000,3430.000,30000.000,17500.000,239.411,239.767,240.325,240.693,-0.975,-0.938
2017-04-19 13:40:00,239.785,240.655,1551.000,2.000,239.60,239.65,5000.000,5000.000,240.60,240.80,304.000,75.000,239.55,239.70,5000.000,5000.000,240.55,240.85,7105.000,566.000,22500.000,27500.000,239.474,239.851,240.506,240.905,-1.075,-0.971
2017-04-19 13:41:00,239.713,240.669,248.000,2.000,239.65,239.70,5000.000,2500.000,240.60,240.75,902.000,73.000,239.60,239.80,2500.000,2500.000,240.55,240.80,2382.000,1584.000,17500.000,15000.000,239.553,239.881,240.500,240.858,-1.000,-0.963
2017-04-19 13:42:00,239.710,240.648,216.000,741.000,239.65,239.70,2500.000,2500.000,240.50,240.65,818.000,155.000,239.50,239.75,5000.000,7500.000,240.45,240.70,4743.000,2897.000,35000.000,20000.000,239.409,239.787,240.332,240.738,-0.900,-0.963
2017-04-19 13:43:00,239.667,240.680,411.000,94.000,239.65,239.70,5000.000,5000.000,240.60,240.70,1228.000,125.000,239.60,239.85,5000.000,2500.000,240.55,240.80,5636.000,7029.000,20000.000,17500.000,239.525,239.983,240.506,240.829,-0.975,-0.962
2017-04-19 13:44:00,239.750,240.664,204.000,2.000,239.60,239.65,5000.000,2500.000,240.55,240.70,914.000,82.000,239.55,239.70,5000.000,2500.000,240.50,240.75,4103.000,811.000,22500.000,12500.000,239.477,239.845,240.456,240.800,-1.000,-0.967
2017-04-19 13:45:00,239.621,240.653,44.000,112.000,239.65,239.70,5000.000,5000.000,240.55,240.70,92.000,160.000,239.55,239.75,5000.000,2500.000,240.50,240.75,2093.000,2928.000,25000.000,17500.000,239.452,239.845,240.455,240.786,-0.950,-0.956
2017-04-19 13:46:00,239.775,240.691,57.000,143.000,239.65,239.70,7500.000,5000.000,240.55,240.75,530.000,160.000,239.55,239.80,5000.000,2500.000,240.50,240.80,2534.000,1027.000,25000.000,15000.000,239.461,239.856,240.465,240.833,-0.975,-0.967
2017-04-19 13:47:00,239.566,240.507,577.000,1.000,239.50,239.55,10000.000,2500.000,240.40,240.55,672.000,188.000,239.45,239.70,2500.000,5000.000,240.35,240.60,5123.000,4658.000,32500.000,20000.000,239.384,239.792,240.304,240.669,-0.950,-0.969
2017-04-19 13:48:00,239.572,240.576,208.000,44.000,239.55,239.60,5000.000,5000.000,240.45,240.65,370.000,160.000,239.45,239.70,7500.000,5000.000,240.40,240.70,4378.000,3543.000,25000.000,22500.000,239.380,239.823,240.355,240.744,-0.975,-0.959
2017-04-19 13:49:00,239.720,240.659,351.000,52.000,239.55,239.65,2500.000,10000.000,240.55,240.75,673.000,113.000,239.50,239.75,5000.000,2500.000,240.50,240.80,6770.000,2856.000,20000.000,22500.000,239.393,239.848,240.425,240.817,-1.050,-0.952
2017-04-19 13:50:00,239.516,240.495,2478.000,2.000,239.45,239.50,10000.000,2500.000,240.40,240.55,2751.000,190.000,239.40,239.55,2500.000,7500.000,240.35,240.60,9083.000,3178.000,27500.000,20000.000,239.357,239.654,240.323,240.637,-1.000,-0.948
2017-04-19 13:51:00,239.480,240.452,201.000,2.000,239.40,239.45,5000.000,5000.000,240.35,240.55,2961.000,50.000,239.35,239.50,10000.000,5000.000,240.30,240.60,7909.000,2955.000,27500.000,25000.000,239.285,239.596,240.255,240.645,-1.025,-0.940
2017-04-19 13:52:00,239.592,240.544,516.000,2.000,239.55,239.60,5000.000,5000.000,240.45,240.65,2589.000,1317.000,239.45,239.65,7500.000,5000.000,240.40,240.70,6843.000,3253.000,22500.000,22500.000,239.405,239.732,240.367,240.744,-0.975,-0.940
2017-04-19 13:53:00,239.945,240.897,434.000,106.000,239.85,240.00,5000.000,2500.000,240.80,240.95,2502.000,128.000,239.80,240.05,5000.000,12500.000,240.75,241.00,5800.000,3723.000,25000.000,22500.000,239.746,240.152,240.695,241.039,-0.950,-0.943
2017-04-19 13:54:00,239.916,240.819,399.000,50.000,239.80,239.85,10000.000,5000.000,240.75,240.95,1951.000,13.000,239.75,239.90,2500.000,17500.000,240.70,241.00,5649.000,1435.000,22500.000,30000.000,239.697,240.039,240.656,241.025,-1.025,-0.947
2017-04-19 13:55:00,239.870,240.829,2147.000,2.000,239.75,239.85,5000.000,2500.000,240.75,240.95,638.000,100.000,239.70,239.95,7500.000,17500.000,240.70,241.00,7392.000,4017.000,27500.000,32500.000,239.631,240.027,240.614,241.027,-1.050,-0.943
2017-04-19 13:56:00,239.879,240.811,1036.000,2.000,239.85,239.90,2500.000,2500.000,240.80,240.95,2134.000,3058.000,239.80,240.00,5000.000,17500.000,240.75,241.00,5599.000,6223.000,20000.000,37500.000,239.758,240.060,240.662,241.040,-1.000,-0.940
2017-04-19 13:57:00,239.827,240.782,456.000,427.000,239.85,239.90,5000.000,5000.000,240.70,240.90,1898.000,100.000,239.70,239.95,7500.000,5000.000,240.65,240.95,5050.000,5113.000,25000.000,30000.000,239.645,240.016,240.575,240.996,-0.925,-0.935
2017-04-19 13:58:00,239.877,240.841,162.000,31.000,239.85,239.90,2500.000,2500.000,240.80,240.95,1354.000,434.000,239.80,239.95,2500.000,17500.000,240.75,241.00,4543.000,4865.000,20000.000,35000.000,239.717,240.020,240.688,241.036,-1.000,-0.926
2017-04-19 13:59:00,239.880,240.806,235.000,118.000,239.85,239.90,2500.000,2500.000,240.80,240.90,694.000,235.000,239.80,239.95,2500.000,5000.000,240.75,240.95,4016.000,4466.000,15000.000,30000.000,239.706,240.018,240.700,241.000,-0.975,-0.926
2017-04-19 14:00:00,239.959,240.897,1215.000,5.000,239.85,239.90,2500.000,2500.000,240.85,240.95,653.000,815.000,239.80,240.00,2500.000,12500.000,240.80,241.00,8210.000,3583.000,17500.000,22500.000,239.721,240.098,240.736,241.033,-1.025,-0.917
2017-04-19 14:01:00,239.962,240.878,884.000,101.000,239.85,239.90,2500.000,5000.000,240.85,240.95,653.000,495.000,239.80,240.00,2500.000,12500.000,240.80,241.00,7480.000,3359.000,17500.000,27500.000,239.713,240.102,240.736,241.041,-1.025,-0.931
2017-04-19 14:02:00,240.102,241.033,867.000,361.000,240.00,240.10,2500.000,5000.000,241.00,241.15,60.000,27.000,239.95,240.15,7500.000,7500.000,240.95,241.20,6125.000,3543.000,17500.000,27500.000,239.853,240.250,240.907,241.241,-1.025,-0.933
2017-04-19 14:03:00,241.190,242.111,3684.000,199.000,241.10,241.15,5000.000,5000.000,242.10,242.20,2493.000,1579.000,241.00,241.20,5000.000,5000.000,241.95,242.25,11812.000,2676.000,22500.000,22500.000,240.977,241.230,241.928,242.294,-1.025,-0.917
2017-04-19 14:04:00,241.557,242.484,1.000,1335.000,241.45,241.50,5000.000,5000.000,242.35,242.55,250.000,494.000,241.40,241.55,5000.000,5000.000,242.30,242.60,5563.000,2950.000,27500.000,20000.000,241.306,241.558,242.259,242.644,-0.975,-0.924
2017-04-19 14:05:00,240.949,241.840,5388.000,2.000,240.80,240.90,2500.000,7500.000,241.80,242.00,357.000,107.000,240.75,241.00,15000.000,2500.000,241.75,242.05,8706.000,782.000,27500.000,32500.000,240.744,241.088,241.695,242.123,-1.050,-0.909
2017-04-19 14:06:00,241.557,242.541,4605.000,15.000,241.50,241.60,2500.000,2500.000,242.50,242.55,372.000,27.000,241.45,241.65,5000.000,7500.000,242.45,242.60,7972.000,4508.000,22500.000,20000.000,241.447,241.817,242.383,242.650,-0.975,-0.904
2017-04-19 14:07:00,241.675,242.618,2370.000,24.000,241.55,241.60,2500.000,2500.000,242.55,242.70,871.000,25.000,241.50,241.65,5000.000,7500.000,242.50,242.75,6352.000,288.000,20000.000,22500.000,241.463,241.733,242.438,242.806,-1.050,-0.880
2017-04-19 14:08:00,241.396,242.238,2584.000,31.000,241.35,241.40,5000.000,2500.000,242.20,242.35,2.000,87.000,241.30,241.45,5000.000,10000.000,242.15,242.40,6304.000,3012.000,20000.000,32500.000,241.248,241.576,242.106,242.462,-0.900,-0.867
2017-04-19 14:09:00,241.102,242.063,300.000,2.000,241.00,241.05,5000.000,2500.000,241.95,242.10,1478.000,581.000,240.95,241.10,5000.000,7500.000,241.90,242.15,4886.000,1480.000,27500.000,20000.000,240.887,241.148,241.836,242.194,-1.000,-0.858
2017-04-19 14:10:00,240.638,241.454,2815.000,80.000,240.50,240.65,2500.000,2500.000,241.40,241.55,1662.000,426.000,240.40,240.70,2500.000,5000.000,241.35,241.60,10641.000,4400.000,15000.000,20000.000,240.358,240.807,241.300,241.681,-0.900,-0.887
2017-04-19 14:11:00,240.567,241.524,2552.000,46.000,240.50,240.55,7500.000,7500.000,241.50,241.60,304.000,52.000,240.45,240.60,2500.000,5000.000,241.45,241.65,6119.000,1618.000,17500.000,25000.000,240.417,240.731,241.429,241.710,-1.025,-0.903
2017-04-19 14:12:00,240.267,241.091,463.000,145.000,240.20,240.25,2500.000,2500.000,241.00,241.15,300.000,966.000,240.10,240.30,2500.000,2500.000,240.95,241.20,4993.000,2733.000,15000.000,12500.000,240.014,240.361,240.900,241.250,-0.850,-0.940
2017-04-19 14:13:00,240.329,241.106,18.000,124.000,240.20,240.25,5000.000,5000.000,241.05,241.20,271.000,516.000,240.15,240.30,5000.000,5000.000,241.00,241.25,8727.000,2374.000,20000.000,22500.000,239.993,240.374,240.925,241.322,-0.900,-0.986
2017-04-19 14:14:00,240.228,241.147,474.000,2.000,240.05,240.10,7500.000,5000.000,241.10,241.30,5174.000,73.000,240.00,240.20,2500.000,7500.000,241.05,241.35,11126.000,1129.000,20000.000,25000.000,239.937,240.293,241.000,241.395,-1.125,-1.012
2017-04-19 14:15:00,240.384,241.343,4842.000,2.000,240.20,240.30,7500.000,2500.000,241.25,241.40,597.000,27.000,240.15,240.35,2500.000,2500.000,241.20,241.45,18877.000,2633.000,20000.000,15000.000,240.065,240.485,241.169,241.525,-1.075,-0.997
2017-04-19 14:16:00,241.075,242.110,2213.000,500.000,241.00,241.10,2500.000,2500.000,242.00,242.10,130.000,60.000,240.95,241.15,5000.000,2500.000,241.95,242.15,7039.000,4212.000,25000.000,12500.000,240.907,241.222,241.885,242.200,-1.000,-0.993
2017-04-19 14:17:00,240.894,241.903,1767.000,168.000,240.85,240.90,5000.000,2500.000,241.80,241.95,334.000,60.000,240.80,240.95,5000.000,5000.000,241.75,242.00,5377.000,2939.000,27500.000,17500.000,240.755,241.042,241.636,242.050,-1.000,-0.989
2017-04-19 14:18:00,240.766,241.775,2483.000,75.000,240.65,240.70,2500.000,2500.000,241.70,241.80,492.000,174.000,240.50,240.75,7500.000,2500.000,241.65,241.85,16270.000,2187.000,27500.000,17500.000,240.452,240.839,241.586,241.914,-1.075,-0.973
2017-04-19 14:19:00,240.336,241.381,141.000,3.000,240.30,240.35,2500.000,5000.000,241.25,241.40,100.000,29.000,240.25,240.40,7500.000,2500.000,241.20,241.45,2363.000,1803.000,25000.000,15000.000,240.154,240.525,241.140,241.483,-1.000,-0.967
2017-04-19 14:20:00,240.877,241.763,434.000,2.000,240.65,240.70,2500.000,2500.000,241.70,241.85,397.000,79.000,240.60,240.80,2500.000,2500.000,241.65,241.90,11258.000,950.000,17500.000,20000.000,240.489,240.902,241.571,241.975,-1.100,-0.987
2017-04-19 14:21:00,241.009,242.025,319.000,344.000,241.00,241.05,2500.000,2500.000,241.95,242.10,60.000,175.000,240.85,241.10,2500.000,2500.000,241.90,242.15,8882.000,6158.000,17500.000,17500.000,240.755,241.220,241.836,242.214,-1.000,-0.987
2017-04-19 14:22:00,240.960,241.946,233.000,2.000,240.90,240.95,5000.000,2500.000,241.90,242.00,1942.000,131.000,240.85,241.00,2500.000,2500.000,241.85,242.05,3577.000,1439.000,17500.000,15000.000,240.806,241.100,241.814,242.117,-1.025,-0.985
2017-04-19 14:23:00,241.243,242.173,4852.000,59.000,241.00,241.15,5000.000,2500.000,242.10,242.25,450.000,28.000,240.95,241.20,7500.000,7500.000,242.05,242.30,15946.000,1032.000,27500.000,22500.000,240.883,241.274,241.945,242.344,-1.100,-0.988
2017-04-19 14:24:00,240.916,241.932,1124.000,1.000,240.80,240.85,2500.000,7500.000,241.85,242.00,1263.000,176.000,240.75,240.90,5000.000,5000.000,241.80,242.05,6365.000,970.000,25000.000,30000.000,240.693,241.007,241.740,242.100,-1.100,-0.990
2017-04-19 14:25:00,240.621,241.609,391.000,79.000,240.55,240.60,2500.000,5000.000,241.55,241.70,2214.000,92.000,240.50,240.65,5000.000,5000.000,241.50,241.75,6507.000,2205.000,17500.000,22500.000,240.409,240.750,241.450,241.789,-1.050,-0.977
2017-04-19 14:26:00,240.306,241.321,3394.000,2.000,240.20,240.25,2500.000,2500.000,241.20,241.35,1547.000,410.000,240.15,240.30,2500.000,2500.000,241.15,241.40,10786.000,2130.000,27500.000,20000.000,240.097,240.381,241.055,241.469,-1.050,-0.977
2017-04-19 14:27:00,240.405,241.382,541.000,1.000,240.25,240.30,2500.000,2500.000,241.35,241.45,3118.000,2.000,240.20,240.35,5000.000,12500.000,241.30,241.50,9286.000,596.000,17500.000,25000.000,240.125,240.444,241.250,241.535,-1.125,-0.977
2017-04-19 14:28:00,240.296,241.237,141.000,26.000,240.05,240.10,2500.000,7500.000,241.20,241.35,4035.000,49.000,240.00,240.25,5000.000,5000.000,241.15,241.40,18252.000,1274.000,25000.000,32500.000,239.924,240.374,241.075,241.446,-1.200,-0.984
2017-04-19 14:29:00,239.721,240.746,327.000,40.000,239.70,239.75,5000.000,2500.000,240.70,240.85,483.000,60.000,239.65,239.85,2500.000,2500.000,240.65,240.90,6546.000,6437.000,15000.000,17500.000,239.573,239.986,240.617,240.964,-1.050,-0.996
2017-04-19 14:30:00,239.879,240.808,1.000,396.000,239.90,239.95,2500.000,5000.000,240.80,240.95,175.000,2971.000,239.85,240.00,7500.000,5000.000,240.75,241.00,2974.000,6877.000,17500.000,32500.000,239.751,240.066,240.707,241.058,-0.950,-0.996
2017-04-19 14:31:00,240.101,241.111,10.000,2.000,239.90,239.95,15000.000,2500.000,241.00,241.15,324.000,199.000,239.85,240.00,2500.000,5000.000,240.95,241.20,12462.000,332.000,30000.000,15000.000,239.742,240.042,240.912,241.242,-1.150,-0.982
2017-04-19 14:32:00,240.098,241.078,1.000,79.000,239.95,240.00,15000.000,2500.000,241.00,241.10,80.000,92.000,239.90,240.05,2500.000,2500.000,240.95,241.15,7942.000,2222.000,40000.000,17500.000,239.767,240.155,240.847,241.221,-1.075,-0.969
2017-04-19 14:33:00,240.038,241.012,420.000,25.000,239.90,239.95,5000.000,2500.000,241.00,241.05,60.000,2161.000,239.85,240.00,7500.000,12500.000,240.90,241.10,9179.000,2829.000,32500.000,27500.000,239.747,240.024,240.827,241.132,-1.100,-0.968
2017-04-19 14:34:00,239.904,240.989,822.000,2156.000,239.95,240.00,5000.000,2500.000,240.90,241.00,796.000,92.000,239.90,240.05,5000.000,10000.000,240.80,241.10,2715.000,6434.000,32500.000,25000.000,239.870,240.120,240.742,241.130,-0.975,-0.949
2017-04-19 14:35:00,239.984,240.913,548.000,521.000,239.95,240.00,2500.000,5000.000,240.75,240.95,829.000,32.000,239.90,240.05,7500.000,7500.000,240.70,241.00,4789.000,4670.000,35000.000,22500.000,239.822,240.114,240.596,241.061,-0.875,-0.940
2017-04-19 14:36:00,240.020,240.959,118.000,214.000,239.95,240.00,2500.000,5000.000,240.80,240.95,829.000,98.000,239.90,240.05,2500.000,2500.000,240.75,241.05,6297.000,3801.000,25000.000,17500.000,239.797,240.151,240.625,241.100,-0.900,-0.947
2017-04-19 14:37:00,240.183,241.100,978.000,58.000,240.00,240.05,2500.000,2500.000,240.95,241.15,209.000,32.000,239.95,240.10,2500.000,5000.000,240.85,241.20,6544.000,341.000,20000.000,20000.000,239.852,240.164,240.787,241.325,-1.025,-0.935
2017-04-19 14:38:00,239.999,240.967,1180.000,173.000,240.00,240.05,2500.000,2500.000,240.80,241.00,30.000,32.000,239.95,240.10,5000.000,5000.000,240.75,241.05,4970.000,5771.000,27500.000,17500.000,239.867,240.210,240.655,241.100,-0.875,-0.939
2017-04-19 14:39:00,239.893,240.884,1810.000,92.000,239.80,239.85,5000.000,2500.000,240.75,240.85,509.000,166.000,239.75,239.95,5000.000,2500.000,240.70,240.95,6786.000,2394.000,30000.000,17500.000,239.699,240.074,240.621,240.993,-0.975,-0.918
2017-04-19 14:40:00,239.364,240.250,638.000,247.000,239.15,239.30,2500.000,2500.000,240.15,240.30,1173.000,69.000,239.10,239.35,7500.000,5000.000,240.05,240.35,13286.000,2651.000,35000.000,20000.000,239.011,239.465,239.907,240.400,-1.000,-0.931
2017-04-19 14:41:00,239.209,240.180,467.000,8.000,239.05,239.15,2500.000,2500.000,240.05,240.20,2227.000,141.000,239.00,239.30,2500.000,7500.000,240.00,240.25,6538.000,2834.000,20000.000,17500.000,238.942,239.418,239.919,240.300,-1.025,-0.915
2017-04-19 14:42:00,239.130,239.988,1846.000,184.000,239.00,239.10,2500.000,2500.000,239.95,240.10,1500.000,762.000,238.95,239.20,2500.000,2500.000,239.90,240.15,7561.000,3528.000,15000.000,17500.000,238.898,239.251,239.808,240.236,-0.975,-0.948
2017-04-19 14:43:00,239.085,240.073,1418.000,86.000,239.00,239.05,2500.000,2500.000,240.00,240.10,1000.000,140.000,238.95,239.10,2500.000,2500.000,239.95,240.15,5821.000,2570.000,17500.000,15000.000,238.899,239.226,239.886,240.217,-1.025,-0.953
2017-04-19 14:44:00,239.228,240.113,407.000,62.000,239.00,239.05,2500.000,2500.000,240.00,240.15,1000.000,60.000,238.95,239.15,2500.000,5000.000,239.85,240.20,10027.000,1561.000,22500.000,15000.000,238.799,239.257,239.789,240.267,-1.050,-0.954
2017-04-19 14:45:00,239.148,240.100,772.000,49.000,239.00,239.05,2500.000,5000.000,240.00,240.20,80.000,464.000,238.95,239.25,2500.000,5000.000,239.95,240.25,2628.000,1169.000,15000.000,17500.000,238.886,239.321,239.867,240.307,-1.075,-1.000
2017-04-19 14:46:00,239.400,240.292,469.000,73.000,239.20,239.35,2500.000,7500.000,240.20,240.35,304.000,434.000,239.15,239.40,5000.000,2500.000,240.15,240.40,8450.000,2746.000,22500.000,22500.000,239.041,239.485,240.083,240.433,-1.000,-1.011
2017-04-19 14:47:00,239.410,240.434,981.000,106.000,239.30,239.35,2500.000,2500.000,240.35,240.50,684.000,60.000,239.25,239.50,5000.000,5000.000,240.30,240.55,5052.000,2438.000,25000.000,22500.000,239.199,239.588,240.240,240.611,-1.100,-1.006
2017-04-19 14:48:00,239.363,240.375,716.000,242.000,239.30,239.40,5000.000,5000.000,240.35,240.40,1333.000,294.000,239.20,239.45,12500.000,5000.000,240.25,240.45,6737.000,4124.000,32500.000,22500.000,239.142,239.534,240.227,240.489,-1.025,-0.997
2017-04-19 14:49:00,239.710,240.600,858.000,60.000,239.50,239.70,5000.000,2500.000,240.60,240.75,489.000,434.000,239.45,239.75,2500.000,2500.000,240.55,240.80,6013.000,2097.000,20000.000,37500.000,239.374,239.824,240.494,240.910,-1.075,-1.010
2017-04-19 14:50:00,239.421,240.602,19.000,556.000,239.45,239.55,10000.000,2500.000,240.40,240.60,122.000,334.000,239.35,239.60,5000.000,5000.000,240.35,240.65,3460.000,5900.000,45000.000,20000.000,239.246,239.700,240.283,240.706,-1.000,-0.956
2017-04-19 14:51:00,239.647,240.593,63.000,672.000,239.45,239.65,2500.000,2500.000,240.50,240.65,657.000,373.000,239.40,239.70,2500.000,5000.000,240.45,240.70,7215.000,3863.000,20000.000,17500.000,239.294,239.750,240.381,240.757,-1.025,-0.962
2017-04-19 14:52:00,239.691,240.690,445.000,86.000,239.55,239.60,2500.000,2500.000,240.55,240.75,156.000,494.000,239.50,239.65,7500.000,2500.000,240.50,240.80,3870.000,981.000,22500.000,15000.000,239.401,239.688,240.450,240.850,-1.075,-0.962
2017-04-19 14:53:00,239.731,240.697,1064.000,394.000,239.65,239.70,5000.000,2500.000,240.60,240.75,61.000,934.000,239.50,239.75,7500.000,5000.000,240.55,240.80,7954.000,3627.000,27500.000,20000.000,239.412,239.794,240.509,240.850,-1.000,-0.979
2017-04-19 14:54:00,240.045,241.000,391.000,262.000,239.85,240.00,5000.000,2500.000,240.90,241.10,1706.000,32.000,239.80,240.05,10000.000,5000.000,240.85,241.15,8446.000,2137.000,27500.000,27500.000,239.667,240.157,240.818,241.300,-1.075,-0.988
2017-04-19 14:55:00,239.995,240.908,1250.000,175.000,239.80,239.95,5000.000,5000.000,240.85,241.00,58.000,761.000,239.75,240.00,5000.000,5000.000,240.80,241.05,7254.000,2370.000,22500.000,25000.000,239.657,240.057,240.756,241.110,-1.050,-1.003
2017-04-19 14:56:00,240.316,241.294,900.000,50.000,240.10,240.20,7500.000,5000.000,241.20,241.40,2500.000,364.000,240.05,240.30,5000.000,5000.000,241.15,241.45,20976.000,2379.000,20000.000,20000.000,239.993,240.376,241.131,241.481,-1.150,-1.009
2017-04-19 14:57:00,239.919,240.917,650.000,62.000,239.75,239.85,2500.000,2500.000,240.90,241.00,673.000,849.000,239.70,240.00,2500.000,2500.000,240.85,241.05,9364.000,4851.000,15000.000,22500.000,239.607,240.102,240.792,241.111,-1.150,-1.026
2017-04-19 14:58:00,239.996,241.047,347.000,2006.000,239.90,240.00,2500.000,5000.000,241.00,241.10,160.000,372.000,239.85,240.10,5000.000,7500.000,240.95,241.15,8486.000,7862.000,20000.000,25000.000,239.742,240.168,240.887,241.205,-1.100,-1.046
2017-04-19 14:59:00,239.961,240.961,232.000,58.000,239.85,239.90,2500.000,5000.000,240.85,241.00,1994.000,60.000,239.80,239.95,5000.000,2500.000,240.80,241.05,4989.000,1295.000,20000.000,15000.000,239.725,240.034,240.706,241.083,-1.050,-1.075
2017-04-19 15:00:00,239.941,240.929,1462.000,418.000,239.80,239.90,5000.000,5000.000,240.80,241.00,135.000,99.000,239.75,239.95,2500.000,5000.000,240.75,241.05,5301.000,1675.000,17500.000,17500.000,239.680,240.008,240.700,241.100,-1.050,-1.078
2017-04-19 15:01:00,240.025,241.036,11.000,162.000,239.95,240.00,2500.000,2500.000,240.95,241.10,364.000,93.000,239.85,240.05,7500.000,2500.000,240.90,241.15,4894.000,1761.000,20000.000,15000.000,239.776,240.154,240.850,241.200,-1.050,-1.073
2017-04-19 15:02:00,239.844,240.925,173.000,962.000,239.90,239.95,2500.000,2500.000,240.85,241.00,70.000,620.000,239.85,240.00,2500.000,2500.000,240.80,241.05,1682.000,4992.000,15000.000,15000.000,239.781,240.082,240.708,241.100,-1.000,-1.055
2017-04-19 15:03:00,239.795,240.946,16.000,18.000,239.80,239.90,2500.000,2500.000,240.85,241.05,61.000,312.000,239.75,239.95,5000.000,7500.000,240.80,241.10,1443.000,2917.000,17500.000,17500.000,239.628,240.042,240.700,241.136,-1.100,-1.031
2017-04-19 15:04:00,239.852,240.997,226.000,1044.000,239.90,240.00,7500.000,7500.000,240.90,241.10,5.000,397.000,239.85,240.05,2500.000,5000.000,240.85,241.15,858.000,3825.000,20000.000,20000.000,239.766,240.112,240.800,241.169,-1.050,-1.005
2017-04-19 15:05:00,239.986,240.991,100.000,100.000,239.70,239.90,2500.000,5000.000,240.90,241.05,481.000,599.000,239.65,239.95,7500.000,5000.000,240.85,241.10,17188.000,3412.000,22500.000,17500.000,239.535,240.016,240.778,241.129,-1.175,-1.014
2017-04-19 15:06:00,239.951,240.934,519.000,49.000,239.70,239.80,2500.000,2500.000,240.90,241.00,786.000,160.000,239.65,239.90,2500.000,5000.000,240.80,241.05,18307.000,3291.000,20000.000,20000.000,239.528,239.989,240.694,241.119,-1.200,-1.032
2017-04-19 15:07:00,240.127,241.116,72.000,71.000,239.90,240.00,2500.000,7500.000,241.05,241.25,757.000,32.000,239.85,240.05,2500.000,2500.000,241.00,241.30,8101.000,482.000,15000.000,25000.000,239.753,240.115,240.917,241.355,-1.200,-1.052
2017-04-19 15:08:00,240.019,241.052,976.000,156.000,239.95,240.00,2500.000,5000.000,240.95,241.05,795.000,131.000,239.90,240.05,5000.000,10000.000,240.90,241.15,7485.000,4160.000,27500.000,27500.000,239.809,240.151,240.814,241.168,-1.025,-1.048
2017-04-19 15:09:00,240.007,241.020,35.000,83.000,239.85,239.90,7500.000,7500.000,240.90,241.05,1222.000,219.000,239.80,239.95,2500.000,2500.000,240.85,241.10,6497.000,737.000,32500.000,25000.000,239.714,239.995,240.785,241.145,-1.100,-1.064
2017-04-19 15:10:00,240.028,241.080,1965.000,32.000,240.00,240.05,10000.000,2500.000,241.00,241.15,11.000,88.000,239.90,240.10,2500.000,7500.000,240.95,241.20,8605.000,5315.000,27500.000,22500.000,239.823,240.233,240.923,241.250,-1.050,-1.062
2017-04-19 15:11:00,240.130,241.205,637.000,33.000,240.05,240.20,7500.000,2500.000,241.15,241.30,2272.000,92.000,240.00,240.25,5000.000,7500.000,241.10,241.35,7602.000,5129.000,27500.000,27500.000,239.945,240.378,241.045,241.418,-1.100,-1.058
2017-04-19 15:12:00,239.974,241.064,339.000,1000.000,239.90,240.00,2500.000,2500.000,241.05,241.10,188.000,412.000,239.85,240.05,5000.000,2500.000,241.00,241.15,7883.000,5916.000,17500.000,17500.000,239.761,240.145,240.950,241.221,-1.125,-1.068
2017-04-19 15:13:00,240.276,241.285,111.000,33.000,240.15,240.25,2500.000,5000.000,241.25,241.40,4994.000,472.000,240.10,240.30,5000.000,5000.000,241.20,241.45,8987.000,2505.000,17500.000,25000.000,240.053,240.380,241.150,241.515,-1.125,-1.091
2017-04-19 15:14:00,239.949,241.042,352.000,3706.000,239.90,240.00,5000.000,5000.000,240.95,241.05,2917.000,444.000,239.85,240.05,2500.000,5000.000,240.90,241.10,7177.000,8354.000,27500.000,20000.000,239.801,240.079,240.827,241.137,-1.050,-1.081
2017-04-19 15:15:00,240.006,241.050,2403.000,399.000,239.95,240.00,5000.000,2500.000,241.00,241.05,2185.000,92.000,239.90,240.05,5000.000,2500.000,240.95,241.15,9475.000,4796.000,22500.000,20000.000,239.848,240.135,240.900,241.200,-1.050,-1.082
2017-04-19 15:16:00,240.143,241.195,238.000,621.000,240.05,240.30,2500.000,5000.000,241.15,241.30,4559.000,699.000,240.00,240.35,5000.000,2500.000,241.10,241.35,7430.000,8083.000,22500.000,30000.000,239.957,240.436,241.039,241.417,-1.050,-1.120
2017-04-19 15:17:00,239.930,241.072,760.000,2539.000,239.90,240.00,10000.000,2500.000,241.00,241.10,22.000,411.000,239.85,240.05,2500.000,5000.000,240.95,241.20,3585.000,6952.000,25000.000,20000.000,239.774,240.072,240.920,241.244,-1.100,-1.148
2017-04-19 15:18:00,239.812,240.935,61.000,452.000,239.80,239.90,5000.000,15000.000,240.80,240.95,25.000,2834.000,239.75,239.95,10000.000,7500.000,240.75,241.00,4375.000,11203.000,35000.000,32500.000,239.626,239.991,240.689,241.019,-1.025,-1.144
2017-04-19 15:19:00,239.876,240.919,1979.000,1996.000,239.80,239.95,5000.000,5000.000,240.85,240.95,578.000,4363.000,239.75,240.00,5000.000,2500.000,240.80,241.00,7354.000,9295.000,25000.000,20000.000,239.694,240.035,240.750,241.044,-1.025,-1.149
2017-04-19 15:20:00,239.993,241.044,190.000,131.000,239.90,240.00,2500.000,2500.000,241.00,241.10,325.000,78.000,239.85,240.05,5000.000,5000.000,240.95,241.15,6634.000,4786.000,20000.000,20000.000,239.764,240.217,240.906,241.206,-1.100,-1.167
2017-04-19 15:21:00,240.022,241.263,57.000,373.000,239.85,240.00,5000.000,7500.000,241.15,241.30,1295.000,495.000,239.80,240.10,2500.000,2500.000,241.10,241.35,12948.000,5032.000,20000.000,17500.000,239.735,240.203,241.050,241.386,-1.300,-1.148
2017-04-19 15:22:00,240.020,241.303,334.000,2950.000,239.85,240.00,2500.000,2500.000,241.20,241.35,3931.000,100.000,239.80,240.05,10000.000,5000.000,241.15,241.40,15576.000,5658.000,22500.000,15000.000,239.739,240.081,241.117,241.442,-1.350,-1.123
2017-04-19 15:23:00,240.346,241.450,41.000,50.000,240.25,240.30,5000.000,5000.000,241.40,241.50,334.000,300.000,240.20,240.40,5000.000,2500.000,241.35,241.55,4611.000,3334.000,25000.000,20000.000,240.042,240.491,241.235,241.606,-1.175,-1.108
2017-04-19 15:24:00,240.646,241.710,61.000,415.000,240.45,240.70,5000.000,5000.000,241.65,241.80,450.000,2448.000,240.40,240.75,2500.000,2500.000,241.60,241.85,7201.000,5740.000,17500.000,20000.000,240.242,240.775,241.557,241.900,-1.150,-1.102
2017-04-19 15:25:00,240.446,241.590,2485.000,4912.000,240.30,240.50,5000.000,7500.000,241.50,241.60,212.000,320.000,240.25,240.55,5000.000,2500.000,241.40,241.65,11539.000,11712.000,32500.000,20000.000,240.153,240.606,241.342,241.681,-1.150,-0.995
2017-04-19 15:26:00,240.091,241.236,14.000,2614.000,239.95,240.00,10000.000,5000.000,241.10,241.30,1953.000,57.000,239.90,240.05,2500.000,2500.000,241.05,241.35,9847.000,3656.000,32500.000,20000.000,239.742,240.051,241.023,241.394,-1.225,-0.995
2017-04-19 15:27:00,239.947,241.105,2582.000,4273.000,239.95,240.00,5000.000,10000.000,241.05,241.15,906.000,335.000,239.90,240.05,10000.000,2500.000,241.00,241.25,4923.000,8041.000,27500.000,27500.000,239.895,240.070,240.968,241.277,-1.125,-0.995
2017-04-19 15:28:00,240.258,241.289,3158.000,100.000,240.00,240.25,2500.000,2500.000,241.25,241.35,238.000,2857.000,239.95,240.30,2500.000,7500.000,241.20,241.40,16919.000,6251.000,20000.000,25000.000,239.859,240.352,241.131,241.455,-1.175,-0.995
2017-04-19 15:29:00,240.171,241.202,685.000,17.000,240.00,240.20,5000.000,2500.000,241.15,241.30,78.000,2557.000,239.95,240.25,2500.000,2500.000,241.10,241.35,4218.000,3056.000,25000.000,27500.000,239.807,240.271,241.045,241.432,-1.125,-0.995
2017-04-19 15:30:00,240.284,240.893,100.000,2294.000,240.05,240.40,2500.000,5000.000,240.80,241.00,5.000,57.000,239.80,240.45,2500.000,2500.000,240.75,241.15,2627.000,2532.000,15000.000,22500.000,239.569,240.420,240.625,241.383,-0.675,-0.995
2017-04-20 09:16:00,242.267,243.035,100.000,65.000,242.10,242.20,2500.000,2500.000,242.90,243.10,651.000,400.000,242.05,242.30,2500.000,2500.000,242.75,243.30,5672.000,2380.000,12500.000,12500.000,241.917,242.375,242.690,243.380,-0.850,-0.738
2017-04-20 09:17:00,242.598,243.037,1427.000,424.000,242.60,242.65,7500.000,2500.000,243.00,243.25,20.000,2531.000,242.55,242.70,2500.000,2500.000,242.85,243.35,2659.000,4909.000,20000.000,20000.000,242.522,242.717,242.838,243.425,-0.500,-0.839
2017-04-20 09:18:00,241.799,242.463,100.000,1023.000,241.90,242.00,5000.000,5000.000,242.40,242.75,414.000,335.000,241.75,242.05,2500.000,2500.000,242.05,242.80,3414.000,7863.000,17500.000,20000.000,241.615,242.184,242.086,242.894,-0.625,-0.869
2017-04-20 09:19:00,242.057,242.839,833.000,19.000,241.80,242.05,2500.000,5000.000,242.80,243.00,4016.000,50.000,241.75,242.15,2500.000,7500.000,242.75,243.05,6136.000,1676.000,12500.000,22500.000,241.728,242.236,242.650,243.133,-0.975,-0.888
2017-04-20 09:20:00,242.053,242.868,200.000,872.000,241.95,242.00,2500.000,2500.000,242.90,243.00,1635.000,31.000,241.85,242.05,2500.000,2500.000,242.80,243.10,6668.000,1596.000,12500.000,22500.000,241.768,242.075,242.750,243.167,-0.975,-0.884
2017-04-20 09:21:00,242.450,243.439,5159.000,158.000,242.25,242.50,5000.000,2500.000,243.35,243.50,551.000,354.000,242.20,242.55,2500.000,2500.000,243.30,243.55,10255.000,3583.000,20000.000,15000.000,242.183,242.636,243.238,243.600,-1.050,-0.836
2017-04-20 09:22:00,242.971,243.912,499.000,369.000,242.90,242.95,2500.000,5000.000,243.90,244.00,50.000,568.000,242.80,243.00,2500.000,2500.000,243.80,244.05,6185.000,3054.000,12500.000,17500.000,242.711,243.082,243.740,244.121,-1.025,-0.818
2017-04-20 09:23:00,243.348,244.167,100.000,129.000,243.25,243.40,5000.000,15000.000,244.10,244.40,110.000,479.000,243.20,243.45,15000.000,2500.000,244.00,244.45,3192.000,3089.000,27500.000,37500.000,243.051,243.524,243.964,244.490,-0.925,-0.830
2017-04-20 09:24:00,243.322,244.196,20.000,354.000,243.30,243.35,5000.000,7500.000,244.10,244.40,549.000,333.000,243.05,243.40,2500.000,5000.000,244.05,244.45,4996.000,2467.000,27500.000,35000.000,242.962,243.494,243.964,244.514,-0.925,-0.804
2017-04-20 09:25:00,243.660,244.453,607.000,20.000,243.40,243.55,10000.000,7500.000,244.40,244.60,534.000,5.000,243.35,243.60,2500.000,2500.000,244.30,244.65,11680.000,1089.000,45000.000,52500.000,243.255,243.670,244.153,244.705,-1.025,-0.808
2017-04-20 09:26:00,243.522,244.272,80.000,1564.000,243.55,243.70,2500.000,2500.000,244.35,244.55,414.000,365.000,243.45,243.75,2500.000,2500.000,244.30,244.60,2133.000,5490.000,15000.000,42500.000,243.389,243.805,244.192,244.688,-0.825,-0.793
2017-04-20 09:27:00,243.482,244.334,437.000,414.000,243.50,243.65,2500.000,5000.000,244.35,244.50,350.000,1832.000,243.45,243.70,2500.000,5000.000,244.30,244.55,2596.000,6939.000,17500.000,45000.000,243.388,243.773,244.236,244.667,-0.850,-0.740
2017-04-20 09:28:00,243.732,244.613,672.000,50.000,243.70,243.85,10000.000,12500.000,244.65,244.70,840.000,1142.000,243.65,243.90,5000.000,5000.000,244.50,244.75,7609.000,11536.000,22500.000,35000.000,243.558,243.989,244.533,244.789,-0.900,-0.697
2017-04-20 09:29:00,243.861,244.605,99.000,20.000,244.00,244.10,7500.000,2500.000,244.55,244.70,50.000,2158.000,243.85,244.15,5000.000,5000.000,244.50,244.75,2770.000,10240.000,25000.000,27500.000,243.767,244.241,244.450,244.823,-0.575,-0.688
2017-04-20 09:30:00,244.180,244.994,1.000,2743.000,244.25,244.30,5000.000,5000.000,244.90,245.00,573.000,1174.000,244.20,244.35,2500.000,2500.000,244.85,245.05,3999.000,12786.000,25000.000,20000.000,244.043,244.424,244.785,245.113,-0.675,-0.663
2017-04-20 09:31:00,244.347,245.022,93.000,1106.000,244.30,244.50,5000.000,5000.000,245.00,245.20,399.000,60.000,244.25,244.55,2500.000,5000.000,244.85,245.25,4946.000,8048.000,20000.000,25000.000,244.148,244.641,244.825,245.360,-0.700,-0.668
2017-04-20 09:32:00,244.030,244.615,700.000,31.000,243.95,244.15,5000.000,2500.000,244.55,244.70,414.000,3261.000,243.90,244.20,2500.000,5000.000,244.50,244.75,5851.000,8391.000,17500.000,15000.000,243.809,244.253,244.379,244.792,-0.575,-0.677
2017-04-20 09:33:00,244.100,244.763,60.000,131.000,243.95,244.10,2500.000,2500.000,244.70,244.85,389.000,131.000,243.90,244.15,5000.000,2500.000,244.60,244.90,6891.000,4090.000,20000.000,17500.000,243.773,244.248,244.544,245.021,-0.750,-0.685
2017-04-20 09:34:00,243.496,244.197,137.000,99.000,243.35,243.40,5000.000,2500.000,244.05,244.20,101.000,276.000,243.30,243.50,12500.000,2500.000,244.00,244.35,3709.000,1354.000,27500.000,15000.000,243.204,243.571,243.968,244.400,-0.750,-0.672
2017-04-20 09:35:00,243.334,244.023,383.000,97.000,243.20,243.35,5000.000,2500.000,243.85,244.15,697.000,438.000,243.15,243.50,2500.000,2500.000,243.80,244.20,7130.000,6354.000,17500.000,15000.000,243.051,243.607,243.757,244.300,-0.725,-0.678
2017-04-20 09:36:00,243.663,244.367,240.000,1011.000,243.60,243.75,2500.000,2500.000,244.30,244.45,110.000,385.000,243.55,243.80,2500.000,2500.000,244.15,244.50,5969.000,6430.000,22500.000,15000.000,243.458,243.899,244.039,244.558,-0.700,-0.656
2017-04-20 09:37:00,243.787,244.415,383.000,13.000,243.70,243.75,2500.000,2500.000,244.30,244.55,3853.000,31.000,243.65,243.80,2500.000,2500.000,244.25,244.60,9130.000,2107.000,12500.000,12500.000,243.604,243.920,244.180,244.650,-0.700,-0.654
2017-04-20 09:38:00,243.976,244.681,1254.000,38.000,243.90,243.95,2500.000,2500.000,244.60,244.80,840.000,740.000,243.85,244.00,5000.000,2500.000,244.55,244.85,6533.000,2511.000,15000.000,17500.000,243.789,244.096,244.508,244.900,-0.775,-0.667
2017-04-20 09:39:00,244.127,244.763,333.000,25.000,244.10,244.15,5000.000,7500.000,244.60,244.80,770.000,600.000,244.05,244.20,15000.000,2500.000,244.50,244.85,8638.000,6172.000,37500.000,20000.000,244.004,244.291,244.430,244.894,-0.575,-0.660
2017-04-20 09:40:00,243.792,244.510,1303.000,173.000,243.80,243.90,2500.000,2500.000,244.30,244.50,53.000,75.000,243.75,243.95,5000.000,5000.000,244.25,244.65,2414.000,3826.000,30000.000,22500.000,243.728,244.022,244.179,244.733,-0.550,-0.625
2017-04-20 09:41:00,243.681,244.276,342.000,61.000,243.65,243.80,5000.000,5000.000,244.10,244.35,53.000,1663.000,243.60,243.90,2500.000,2500.000,244.05,244.40,2924.000,7394.000,35000.000,22500.000,243.505,243.995,243.982,244.472,-0.500,-0.621
2017-04-20 09:42:00,243.744,244.359,155.000,91.000,243.70,243.75,2500.000,5000.000,244.15,244.45,58.000,205.000,243.65,243.80,2500.000,2500.000,244.10,244.50,1395.000,1251.000,22500.000,17500.000,243.541,243.891,244.022,244.579,-0.575,-0.596
2017-04-20 09:43:00,243.663,244.433,807.000,48.000,243.65,243.85,7500.000,2500.000,244.30,244.50,100.000,97.000,243.60,243.90,5000.000,2500.000,244.25,244.65,4802.000,9083.000,25000.000,20000.000,243.518,244.006,244.185,244.713,-0.650,-0.561
2017-04-20 09:44:00,243.789,244.388,270.000,31.000,243.70,243.85,2500.000,2500.000,244.35,244.50,395.000,333.000,243.65,243.95,10000.000,5000.000,244.30,244.55,8854.000,9770.000,22500.000,30000.000,243.539,244.056,244.256,244.692,-0.650,-0.526
2017-04-20 09:45:00,243.771,244.317,39.000,198.000,243.70,243.80,12500.000,5000.000,244.30,244.45,605.000,162.000,243.65,243.85,2500.000,2500.000,244.25,244.50,8217.000,6691.000,25000.000,32500.000,243.533,243.970,244.210,244.658,-0.625,-0.517
2017-04-20 09:46:00,243.855,244.426,505.000,659.000,243.70,243.85,5000.000,2500.000,244.40,244.60,757.000,4075.000,243.65,243.90,2500.000,2500.000,244.30,244.65,10536.000,6759.000,17500.000,25000.000,243.543,243.932,244.264,244.720,-0.725,-0.508
2017-04-20 09:47:00,243.799,244.293,4.000,502.000,243.65,243.85,2500.000,7500.000,244.20,244.40,1000.000,25.000,243.60,243.90,2500.000,2500.000,244.15,244.45,6293.000,4457.000,17500.000,20000.000,243.498,243.987,244.100,244.488,-0.550,-0.527
2017-04-20 09:48:00,243.799,244.394,100.000,78.000,243.75,243.80,2500.000,2500.000,244.25,244.50,844.000,1.000,243.70,243.85,5000.000,5000.000,244.20,244.55,2740.000,1291.000,25000.000,20000.000,243.649,243.967,244.085,244.619,-0.600,-0.535
2017-04-20 09:49:00,243.872,244.294,382.000,105.000,243.70,243.75,2500.000,5000.000,244.25,244.45,196.000,50.000,243.65,243.80,2500.000,10000.000,244.20,244.50,5307.000,646.000,15000.000,30000.000,243.541,243.887,244.133,244.542,-0.625,-0.599
2017-04-20 09:50:00,243.913,244.415,233.000,25.000,243.75,243.90,5000.000,5000.000,244.30,244.60,564.000,150.000,243.70,243.95,2500.000,2500.000,244.25,244.65,3687.000,1437.000,22500.000,27500.000,243.625,244.025,244.194,244.723,-0.625,-0.664
2017-04-20 09:51:00,243.831,244.356,230.000,1951.000,243.70,243.75,2500.000,2500.000,244.30,244.45,675.000,100.000,243.65,243.85,5000.000,2500.000,244.20,244.50,7948.000,4057.000,20000.000,22500.000,243.553,243.870,244.137,244.606,-0.650,-0.670
2017-04-20 09:52:00,243.562,244.150,532.000,1061.000,243.45,243.50,2500.000,5000.000,244.00,244.25,10.000,125.000,243.40,243.55,2500.000,2500.000,243.90,244.30,4113.000,1763.000,22500.000,20000.000,243.320,243.545,243.828,244.394,-0.650,-0.668
2017-04-20 09:53:00,243.468,244.103,657.000,700.000,243.20,243.40,5000.000,2500.000,243.90,244.15,197.000,418.000,243.15,243.45,5000.000,2500.000,243.85,244.20,11777.000,3003.000,30000.000,15000.000,243.037,243.505,243.792,244.258,-0.725,-0.656
2017-04-20 09:54:00,242.689,243.433,659.000,128.000,242.70,242.80,2500.000,2500.000,243.40,243.60,1.000,1210.000,242.65,242.85,2500.000,2500.000,243.30,243.65,4435.000,7666.000,20000.000,30000.000,242.565,242.954,243.188,243.708,-0.750,-0.639
2017-04-20 09:55:00,242.888,243.717,493.000,151.000,242.85,243.05,2500.000,2500.000,243.55,243.75,936.000,395.000,242.80,243.10,5000.000,2500.000,243.50,243.80,5455.000,7655.000,25000.000,12500.000,242.729,243.214,243.350,243.850,-0.700,-0.627
2017-04-20 09:56:00,243.269,243.821,753.000,45.000,243.10,243.15,2500.000,2500.000,243.80,244.00,582.000,185.000,243.05,243.20,2500.000,5000.000,243.75,244.10,8464.000,1460.000,12500.000,22500.000,242.959,243.349,243.670,244.167,-0.775,-0.640
2017-04-20 09:57:00,243.291,243.871,1035.000,67.000,243.15,243.20,2500.000,5000.000,243.80,244.10,680.000,85.000,243.10,243.25,2500.000,12500.000,243.75,244.15,6700.000,1800.000,15000.000,32500.000,243.016,243.406,243.692,244.185,-0.775,-0.655
2017-04-20 09:58:00,243.326,243.900,1558.000,145.000,243.20,243.25,2500.000,2500.000,243.90,244.10,855.000,50.000,243.15,243.30,2500.000,2500.000,243.85,244.15,9009.000,1639.000,17500.000,35000.000,243.071,243.416,243.743,244.218,-0.775,-0.687
2017-04-20 09:59:00,243.307,243.966,2468.000,25.000,243.20,243.25,2500.000,2500.000,243.90,244.10,835.000,50.000,243.15,243.30,2500.000,2500.000,243.85,244.20,11451.000,4279.000,17500.000,22500.000,243.073,243.475,243.757,244.278,-0.775,-0.709
2017-04-20 10:00:00,243.211,243.979,640.000,131.000,243.10,243.30,2500.000,2500.000,243.85,244.00,653.000,626.000,243.05,243.35,2500.000,2500.000,243.80,244.10,10335.000,7178.000,20000.000,15000.000,243.000,243.462,243.731,244.158,-0.725,-0.688
2017-04-20 10:01:00,243.193,243.812,2518.000,60.000,243.10,243.15,2500.000,5000.000,243.70,243.95,100.000,156.000,243.05,243.20,2500.000,2500.000,243.65,244.00,8932.000,2176.000,32500.000,30000.000,242.974,243.285,243.488,244.071,-0.700,-0.678
2017-04-20 10:02:00,243.222,243.877,50.000,533.000,243.15,243.20,2500.000,2500.000,243.75,244.00,2091.000,1429.000,243.10,243.25,2500.000,5000.000,243.70,244.05,5888.000,3415.000,17500.000,20000.000,243.036,243.288,243.636,244.106,-0.700,-0.690
2017-04-20 10:03:00,243.055,243.791,604.000,60.000,243.05,243.10,5000.000,2500.000,243.55,243.90,1833.000,1325.000,243.00,243.15,12500.000,2500.000,243.50,243.95,4884.000,3765.000,27500.000,15000.000,242.895,243.226,243.459,244.000,-0.650,-0.684
2017-04-20 10:04:00,243.160,243.928,3186.000,210.000,243.00,243.20,2500.000,5000.000,243.80,244.05,2571.000,756.000,242.95,243.25,2500.000,15000.000,243.75,244.10,10178.000,4325.000,17500.000,27500.000,242.916,243.332,243.636,244.141,-0.825,-0.661
2017-04-20 10:05:00,243.048,243.708,2653.000,157.000,243.00,243.10,2500.000,2500.000,243.65,243.90,3477.000,237.000,242.80,243.15,2500.000,12500.000,243.55,243.95,9663.000,4047.000,25000.000,35000.000,242.805,243.239,243.505,244.004,-0.725,-0.669
2017-04-20 10:06:00,242.897,243.466,210.000,579.000,242.70,242.85,2500.000,5000.000,243.30,243.60,760.000,725.000,242.60,242.90,2500.000,5000.000,243.25,243.65,7824.000,3086.000,20000.000,20000.000,242.493,242.968,243.175,243.694,-0.675,-0.682
2017-04-20 10:07:00,243.001,243.715,160.000,165.000,242.85,243.05,2500.000,2500.000,243.60,243.75,643.000,534.000,242.80,243.10,2500.000,2500.000,243.55,243.80,8993.000,4739.000,20000.000,12500.000,242.736,243.209,243.444,243.850,-0.725,-0.662
2017-04-20 10:08:00,242.863,243.569,1524.000,147.000,242.85,242.90,2500.000,2500.000,243.45,243.70,1500.000,125.000,242.80,242.95,2500.000,7500.000,243.35,243.75,3629.000,2201.000,22500.000,22500.000,242.803,243.027,243.289,243.806,-0.700,-0.675
2017-04-20 10:09:00,242.811,243.466,50.000,654.000,242.75,242.85,5000.000,2500.000,243.35,243.50,90.000,1136.000,242.65,242.90,2500.000,2500.000,243.25,243.65,8637.000,8028.000,30000.000,25000.000,242.519,242.981,243.188,243.715,-0.625,-0.662
2017-04-20 10:10:00,242.756,243.458,453.000,122.000,242.60,242.75,2500.000,2500.000,243.20,243.45,115.000,165.000,242.55,242.80,5000.000,2500.000,243.15,243.50,4184.000,1679.000,37500.000,12500.000,242.479,242.878,243.073,243.550,-0.650,-0.656
2017-04-20 10:11:00,242.424,243.058,658.000,103.000,242.30,242.40,2500.000,2500.000,243.10,243.15,2721.000,1272.000,242.25,242.50,2500.000,2500.000,243.05,243.20,7722.000,4016.000,17500.000,30000.000,242.190,242.578,242.964,243.338,-0.775,-0.715
2017-04-20 10:12:00,242.246,242.857,280.000,869.000,242.10,242.25,2500.000,2500.000,242.80,243.05,745.000,100.000,242.05,242.30,2500.000,5000.000,242.75,243.10,8839.000,4137.000,20000.000,30000.000,241.973,242.385,242.644,243.162,-0.750,-0.776
2017-04-20 10:13:00,241.943,242.717,3377.000,242.000,242.00,242.05,7500.000,2500.000,242.60,242.80,100.000,85.000,241.95,242.10,2500.000,5000.000,242.55,242.85,4424.000,6100.000,22500.000,15000.000,241.963,242.211,242.500,242.892,-0.675,-0.789
2017-04-20 10:14:00,242.329,242.919,532.000,899.000,242.15,242.40,2500.000,5000.000,242.85,243.05,293.000,1642.000,242.10,242.45,5000.000,2500.000,242.80,243.10,9489.000,7486.000,22500.000,22500.000,242.000,242.501,242.667,243.161,-0.675,-0.847
2017-04-20 10:15:00,242.309,242.981,175.000,68.000,242.25,242.30,2500.000,5000.000,242.95,243.00,61.000,525.000,242.20,242.35,2500.000,2500.000,242.85,243.05,5841.000,5005.000,17500.000,15000.000,242.068,242.444,242.800,243.083,-0.700,-0.878
2017-04-20 10:16:00,242.518,243.446,1795.000,66.000,242.40,242.45,2500.000,7500.000,243.30,243.35,615.000,175.000,242.35,242.50,2500.000,2500.000,243.25,243.40,9242.000,2805.000,40000.000,17500.000,242.284,242.659,243.091,243.429,-0.900,-0.857
2017-04-20 10:17:00,242.857,243.773,60.000,1137.000,242.80,243.00,2500.000,2500.000,243.65,243.85,740.000,329.000,242.75,243.05,2500.000,2500.000,243.60,243.90,2537.000,4269.000,17500.000,15000.000,242.668,243.106,243.536,243.967,-0.850,-0.822
2017-04-20 10:18:00,242.763,243.603,438.000,53.000,242.65,242.75,2500.000,2500.000,243.55,243.70,709.000,933.000,242.60,242.85,7500.000,10000.000,243.50,243.75,6907.000,4402.000,20000.000,25000.000,242.514,242.953,243.425,243.820,-0.925,-0.797
2017-04-20 10:19:00,242.721,243.600,170.000,100.000,242.65,242.75,7500.000,5000.000,243.50,243.70,454.000,604.000,242.60,242.85,2500.000,10000.000,243.40,243.75,4669.000,4709.000,25000.000,25000.000,242.500,242.954,243.360,243.785,-0.900,-0.767
2017-04-20 10:20:00,242.774,243.600,373.000,435.000,242.75,242.85,7500.000,5000.000,243.50,243.70,270.000,200.000,242.65,242.90,2500.000,5000.000,243.40,243.75,5006.000,5360.000,22500.000,20000.000,242.553,242.992,243.367,243.787,-0.800,-0.758
2017-04-20 10:21:00,242.668,243.492,100.000,77.000,242.65,242.75,2500.000,5000.000,243.40,243.55,379.000,604.000,242.60,242.80,7500.000,2500.000,243.25,243.65,2668.000,3889.000,25000.000,20000.000,242.490,242.898,243.190,243.681,-0.775,-0.749
2017-04-20 10:22:00,242.371,243.109,452.000,456.000,242.50,242.55,2500.000,2500.000,243.10,243.25,57.000,639.000,242.45,242.60,2500.000,2500.000,243.05,243.35,983.000,9002.000,12500.000,27500.000,242.415,242.708,243.000,243.414,-0.650,-0.778
2017-04-20 10:23:00,242.689,243.408,358.000,279.000,242.60,242.70,2500.000,7500.000,243.30,243.50,1006.000,75.000,242.55,242.75,5000.000,2500.000,243.15,243.55,4099.000,2222.000,25000.000,20000.000,242.487,242.839,243.095,243.588,-0.750,-0.795
2017-04-20 10:24:00,242.837,243.566,558.000,358.000,242.80,242.85,2500.000,2500.000,243.55,243.70,404.000,200.000,242.70,242.90,2500.000,12500.000,243.40,243.75,4268.000,3680.000,17500.000,22500.000,242.620,243.028,243.314,243.783,-0.800,-0.821
2017-04-20 10:25:00,242.831,243.612,60.000,100.000,242.75,242.85,2500.000,7500.000,243.55,243.75,225.000,225.000,242.70,242.90,2500.000,5000.000,243.50,243.80,2962.000,2853.000,12500.000,20000.000,242.598,243.038,243.420,243.819,-0.850,-0.849
2017-04-20 10:26:00,242.863,243.639,16.000,334.000,242.85,242.90,5000.000,5000.000,243.55,243.70,985.000,60.000,242.70,242.95,7500.000,5000.000,243.50,243.75,4587.000,3703.000,25000.000,22500.000,242.593,243.037,243.465,243.828,-0.750,-0.862
2017-04-20 10:27:00,242.878,243.762,100.000,605.000,242.90,243.00,5000.000,5000.000,243.65,243.85,600.000,235.000,242.85,243.05,2500.000,2500.000,243.60,243.90,1946.000,3959.000,27500.000,25000.000,242.785,243.139,243.536,243.960,-0.800,-0.896
2017-04-20 10:28:00,242.948,243.755,100.000,20.000,242.90,242.95,7500.000,2500.000,243.70,243.80,700.000,301.000,242.85,243.00,2500.000,2500.000,243.65,243.85,3950.000,2482.000,27500.000,22500.000,242.771,243.110,243.586,243.939,-0.825,-0.941
2017-04-20 10:29:00,242.983,243.840,100.000,77.000,242.90,242.95,5000.000,5000.000,243.70,243.90,1356.000,301.000,242.85,243.00,5000.000,2500.000,243.65,243.95,4712.000,1804.000,30000.000,22500.000,242.774,243.111,243.579,244.000,-0.875,-0.969
2017-04-20 10:30:00,242.904,243.821,100.000,496.000,242.90,242.95,5000.000,5000.000,243.65,243.90,750.000,301.000,242.85,243.00,2500.000,2500.000,243.60,243.95,2078.000,2433.000,27500.000,20000.000,242.784,243.084,243.541,243.988,-0.850,-0.986
2017-04-20 10:31:00,243.009,243.853,300.000,214.000,242.90,242.95,2500.000,2500.000,243.70,243.90,500.000,301.000,242.85,243.00,2500.000,7500.000,243.65,243.95,1974.000,681.000,25000.000,20000.000,242.783,243.007,243.555,243.988,-0.875,-1.043
2017-04-20 10:32:00,242.813,243.866,90.000,315.000,242.90,243.00,2500.000,7500.000,243.65,243.90,500.000,563.000,242.85,243.05,2500.000,2500.000,243.60,243.95,940.000,4578.000,30000.000,17500.000,242.823,243.141,243.517,243.971,-0.825,-1.037
2017-04-20 10:33:00,242.829,243.866,423.000,111.000,242.90,242.95,2500.000,2500.000,243.70,243.85,500.000,469.000,242.85,243.00,2500.000,2500.000,243.65,243.90,1417.000,3256.000,25000.000,15000.000,242.833,243.102,243.555,244.000,-0.850,-1.010
2017-04-20 10:34:00,243.285,244.280,446.000,138.000,243.20,243.25,2500.000,7500.000,244.20,244.45,3074.000,550.000,243.15,243.30,2500.000,10000.000,244.15,244.50,6929.000,3192.000,17500.000,32500.000,243.089,243.424,244.086,244.550,-1.100,-0.973
2017-04-20 10:35:00,243.429,244.431,249.000,60.000,243.50,243.55,2500.000,2500.000,244.50,244.60,550.000,3428.000,243.40,243.60,5000.000,2500.000,244.25,244.65,4586.000,11101.000,20000.000,20000.000,243.293,243.687,244.206,244.731,-1.025,-0.960
2017-04-20 10:36:00,243.745,244.875,2983.000,17.000,243.75,243.85,2500.000,7500.000,244.80,245.00,60.000,16.000,243.70,243.90,2500.000,2500.000,244.75,245.05,5638.000,6282.000,17500.000,22500.000,243.683,244.010,244.636,245.094,-1.100,-0.897
2017-04-20 10:37:00,244.108,245.130,1480.000,2380.000,244.15,244.20,5000.000,5000.000,245.05,245.20,207.000,817.000,244.10,244.25,2500.000,5000.000,245.00,245.25,2247.000,6930.000,27500.000,27500.000,244.094,244.283,244.950,245.291,-0.950,-0.872
2017-04-20 10:38:00,244.050,244.952,45.000,347.000,244.05,244.10,7500.000,7500.000,244.95,245.05,3586.000,25.000,244.00,244.15,2500.000,2500.000,244.90,245.10,7060.000,7700.000,20000.000,32500.000,243.952,244.236,244.863,245.162,-0.925,-0.864
2017-04-20 10:39:00,243.939,244.750,408.000,807.000,244.00,244.10,2500.000,5000.000,244.75,244.90,1459.000,467.000,243.90,244.15,2500.000,5000.000,244.70,244.95,4489.000,11580.000,12500.000,27500.000,243.835,244.223,244.650,245.014,-0.775,-0.892
2017-04-20 10:40:00,243.758,244.693,718.000,118.000,243.75,243.95,2500.000,2500.000,244.60,244.75,465.000,1050.000,243.70,244.00,2500.000,5000.000,244.55,244.80,3670.000,7515.000,20000.000,17500.000,243.650,244.085,244.494,244.843,-0.825,-0.873
2017-04-20 10:41:00,243.824,244.641,912.000,14.000,243.75,243.90,2500.000,5000.000,244.60,244.75,465.000,176.000,243.70,243.95,2500.000,7500.000,244.55,244.80,4489.000,3690.000,15000.000,25000.000,243.624,244.072,244.492,244.840,-0.850,-0.882
2017-04-20 10:42:00,243.748,244.643,50.000,600.000,243.75,243.95,2500.000,2500.000,244.55,244.65,736.000,3110.000,243.70,244.00,2500.000,2500.000,244.50,244.75,2383.000,7775.000,20000.000,17500.000,243.630,244.050,244.412,244.814,-0.750,-0.849
2017-04-20 10:43:00,243.375,244.234,45.000,6.000,243.40,243.45,2500.000,5000.000,244.15,244.35,100.000,591.000,243.30,243.50,2500.000,2500.000,244.10,244.40,1998.000,2413.000,17500.000,22500.000,243.213,243.601,244.029,244.450,-0.825,-0.861
2017-04-20 10:44:00,243.400,244.353,1000.000,173.000,243.40,243.45,2500.000,2500.000,244.25,244.40,1.000,16.000,243.30,243.50,2500.000,5000.000,244.20,244.45,3293.000,2530.000,20000.000,17500.000,243.252,243.616,244.125,244.493,-0.900,-0.855
2017-04-20 10:45:00,243.493,244.336,4146.000,511.000,243.20,243.50,2500.000,2500.000,244.25,244.40,1672.000,349.000,243.15,243.55,2500.000,10000.000,244.20,244.50,14063.000,3785.000,15000.000,20000.000,243.098,243.611,244.108,244.531,-0.975,-0.836
2017-04-20 10:46:00,243.048,243.908,517.000,60.000,243.00,243.15,2500.000,5000.000,243.85,243.95,1449.000,451.000,242.95,243.20,5000.000,10000.000,243.80,244.00,5036.000,6111.000,20000.000,25000.000,242.888,243.278,243.744,244.045,-0.825,-0.801
2017-04-20 10:47:00,243.397,244.129,532.000,66.000,243.30,243.40,2500.000,2500.000,244.25,244.40,372.000,162.000,243.25,243.50,2500.000,7500.000,244.20,244.50,4589.000,3219.000,15000.000,107500.000,243.162,243.617,244.142,244.629,-0.975,-0.842
2017-04-20 10:48:00,243.413,244.328,886.000,60.000,243.40,243.50,2500.000,2500.000,244.20,244.35,299.000,184.000,243.30,243.55,2500.000,2500.000,244.15,244.40,4458.000,4575.000,27500.000,17500.000,243.230,243.648,244.077,244.450,-0.825,-0.823
2017-04-20 10:49:00,243.434,244.362,1688.000,37.000,243.40,243.50,2500.000,2500.000,244.30,244.40,364.000,16.000,243.35,243.55,2500.000,5000.000,244.15,244.45,6693.000,9336.000,25000.000,17500.000,243.294,243.738,244.075,244.500,-0.900,-0.784
2017-04-20 10:50:00,243.623,244.369,58.000,2945.000,243.60,243.70,2500.000,40000.000,244.35,244.60,60.000,320.000,243.45,243.75,2500.000,52500.000,244.30,244.65,3604.000,5756.000,20000.000,105000.000,243.361,243.764,244.194,244.642,-0.825,-0.807
2017-04-20 10:51:00,243.486,244.173,240.000,512.000,243.50,243.55,2500.000,7500.000,244.25,244.50,65.000,439.000,243.45,243.60,2500.000,5000.000,244.20,244.55,2389.000,4354.000,20000.000,105000.000,243.372,243.669,244.088,244.619,-0.850,-0.802
2017-04-20 10:52:00,243.312,244.244,450.000,357.000,243.30,243.45,2500.000,2500.000,244.15,244.35,404.000,157.000,243.25,243.50,2500.000,2500.000,244.10,244.40,3078.000,4453.000,22500.000,20000.000,243.184,243.614,243.994,244.469,-0.875,-0.754
2017-04-20 10:53:00,243.360,244.181,1724.000,554.000,243.50,243.55,5000.000,10000.000,244.10,244.30,100.000,481.000,243.35,243.60,2500.000,2500.000,244.05,244.35,4245.000,11216.000,20000.000,25000.000,243.349,243.702,244.006,244.390,-0.675,-0.720
2017-04-20 10:54:00,243.426,244.158,1780.000,138.000,243.50,243.55,2500.000,2500.000,244.15,244.30,100.000,481.000,243.40,243.60,2500.000,2500.000,244.10,244.45,6106.000,10323.000,25000.000,52500.000,243.356,243.712,244.015,244.562,-0.700,-0.726
2017-04-20 10:55:00,243.434,244.294,1709.000,227.000,243.50,243.55,2500.000,2500.000,244.20,244.30,160.000,481.000,243.40,243.60,2500.000,2500.000,244.15,244.40,6383.000,9573.000,22500.000,20000.000,243.351,243.719,244.056,244.469,-0.725,-0.705
2017-04-20 10:56:00,243.450,244.115,2190.000,307.000,243.50,243.55,7500.000,2500.000,244.05,244.35,100.000,106.000,243.45,243.60,17500.000,2500.000,244.00,244.40,3222.000,5116.000,37500.000,45000.000,243.455,243.691,243.970,244.511,-0.675,-0.725
2017-04-20 10:57:00,243.494,244.185,2688.000,202.000,243.50,243.55,2500.000,2500.000,244.25,244.40,404.000,106.000,243.45,243.60,2500.000,7500.000,244.20,244.50,5052.000,4157.000,20000.000,100000.000,243.438,243.701,244.144,244.586,-0.800,-0.725
2017-04-20 10:58:00,243.567,244.216,1214.000,28.000,243.50,243.60,2500.000,2500.000,244.25,244.50,100.000,223.000,243.40,243.65,2500.000,25000.000,244.20,244.55,6002.000,4423.000,17500.000,100000.000,243.316,243.723,244.136,244.604,-0.825,-0.764
2017-04-20 10:59:00,243.464,244.228,636.000,111.000,243.50,243.60,2500.000,2500.000,244.30,244.40,1126.000,223.000,243.40,243.65,2500.000,2500.000,244.25,244.45,5098.000,9301.000,22500.000,72500.000,243.328,243.732,244.172,244.566,-0.800,-0.792
2017-04-20 11:00:00,243.456,244.213,1075.000,298.000,243.50,243.60,5000.000,2500.000,244.20,244.35,404.000,323.000,243.40,243.65,5000.000,2500.000,244.15,244.40,4464.000,9588.000,27500.000,40000.000,243.336,243.721,244.077,244.516,-0.725,-0.810
2017-04-20 11:01:00,243.378,244.142,704.000,162.000,243.30,243.35,2500.000,2500.000,244.15,244.35,347.000,140.000,243.25,243.50,7500.000,7500.000,244.10,244.40,4469.000,3110.000,27500.000,47500.000,243.181,243.618,244.014,244.500,-0.925,-0.852
2017-04-20 11:02:00,243.413,244.104,1063.000,45.000,243.20,243.25,2500.000,5000.000,244.10,244.35,1153.000,45.000,243.10,243.35,5000.000,7500.000,244.05,244.40,14692.000,2100.000,20000.000,50000.000,243.018,243.514,243.988,244.490,-1.000,-0.900
2017-04-20 11:03:00,243.112,243.957,4498.000,205.000,243.00,243.20,2500.000,2500.000,243.90,244.05,304.000,279.000,242.95,243.25,5000.000,2500.000,243.85,244.10,8071.000,4729.000,20000.000,17500.000,242.934,243.349,243.775,244.171,-0.875,-0.917
2017-04-20 11:04:00,242.942,243.846,3545.000,45.000,243.00,243.05,2500.000,2500.000,243.75,243.90,20.000,60.000,242.90,243.10,2500.000,2500.000,243.70,243.95,7790.000,6621.000,17500.000,15000.000,242.863,243.233,243.636,244.000,-0.800,-0.942
2017-04-20 11:05:00,243.144,243.994,2146.000,13.000,243.00,243.10,2500.000,2500.000,243.90,244.00,663.000,87.000,242.90,243.15,2500.000,7500.000,243.85,244.15,11871.000,3089.000,20000.000,22500.000,242.825,243.251,243.781,244.206,-0.900,-0.951
2017-04-20 11:06:00,243.069,244.043,3657.000,113.000,243.00,243.10,5000.000,2500.000,243.95,244.00,482.000,27.000,242.95,243.15,2500.000,2500.000,243.90,244.15,7992.000,4355.000,22500.000,15000.000,242.914,243.245,243.800,244.183,-0.925,-0.947
2017-04-20 11:07:00,242.980,243.909,1758.000,762.000,243.00,243.10,2500.000,5000.000,243.80,243.95,20.000,491.000,242.90,243.15,2500.000,2500.000,243.75,244.00,6682.000,7430.000,22500.000,17500.000,242.822,243.235,243.678,244.050,-0.825,-0.946
2017-04-20 11:08:00,242.780,243.706,645.000,325.000,242.55,242.70,2500.000,5000.000,243.60,243.80,3207.000,215.000,242.50,242.80,5000.000,7500.000,243.55,243.85,10230.000,2060.000,20000.000,22500.000,242.443,242.884,243.481,243.883,-1.075,-0.947
2017-04-20 11:09:00,242.558,243.589,3363.000,127.000,242.50,242.60,2500.000,5000.000,243.50,243.60,156.000,60.000,242.45,242.65,2500.000,2500.000,243.45,243.65,9314.000,5779.000,20000.000,15000.000,242.414,242.749,243.381,243.683,-1.000,-0.933
2017-04-20 11:10:00,242.440,243.332,500.000,697.000,242.50,242.55,2500.000,2500.000,243.30,243.40,1090.000,1172.000,242.40,242.60,2500.000,2500.000,243.25,243.45,7499.000,9547.000,20000.000,22500.000,242.292,242.706,243.181,243.533,-0.825,-0.946
2017-04-20 11:11:00,242.520,243.477,333.000,112.000,242.45,242.55,5000.000,7500.000,243.35,243.55,808.000,85.000,242.40,242.60,5000.000,5000.000,243.30,243.60,7563.000,5025.000,27500.000,22500.000,242.315,242.728,243.259,243.622,-0.950,-0.950
2017-04-20 11:12:00,242.515,243.439,196.000,787.000,242.50,242.60,2500.000,2500.000,243.35,243.45,81.000,710.000,242.45,242.65,2500.000,10000.000,243.30,243.50,4945.000,7980.000,25000.000,20000.000,242.351,242.729,243.225,243.531,-0.850,-0.969
2017-04-20 11:13:00,242.543,243.471,1318.000,159.000,242.50,242.60,5000.000,2500.000,243.40,243.50,172.000,1098.000,242.45,242.65,5000.000,5000.000,243.35,243.55,7648.000,7235.000,22500.000,20000.000,242.392,242.731,243.294,243.606,-0.900,-0.957
2017-04-20 11:14:00,242.616,243.581,2223.000,13.000,242.45,242.50,5000.000,5000.000,243.55,243.60,2861.000,39.000,242.40,242.55,2500.000,2500.000,243.45,243.65,19596.000,1470.000,25000.000,20000.000,242.309,242.670,243.405,243.700,-1.100,-0.974
2017-04-20 11:15:00,242.410,243.368,7.000,39.000,242.35,242.40,2500.000,5000.000,243.30,243.40,3356.000,62.000,242.30,242.45,2500.000,2500.000,243.25,243.45,7594.000,4164.000,25000.000,22500.000,242.227,242.546,243.175,243.506,-0.975,-0.972
2017-04-20 11:16:00,242.606,243.583,1173.000,26.000,242.55,242.60,2500.000,2500.000,243.50,243.65,2600.000,373.000,242.50,242.65,2500.000,2500.000,243.45,243.70,8828.000,3967.000,20000.000,17500.000,242.453,242.747,243.400,243.757,-1.000,-0.969
2017-04-20 11:17:00,243.121,244.138,1799.000,42.000,243.00,243.10,50000.000,7500.000,244.00,244.20,3127.000,36.000,242.85,243.15,2500.000,2500.000,243.95,244.25,13966.000,2610.000,62500.000,22500.000,242.784,243.233,243.960,244.300,-1.050,-0.951
2017-04-20 11:18:00,243.203,244.073,282.000,100.000,243.15,243.20,5000.000,5000.000,244.00,244.15,384.000,542.000,243.10,243.25,2500.000,2500.000,243.95,244.20,6267.000,4260.000,20000.000,17500.000,243.009,243.336,243.900,244.243,-0.900,-0.974
2017-04-20 11:19:00,242.998,244.046,571.000,64.000,242.95,243.05,2500.000,2500.000,243.90,244.05,2833.000,73.000,242.90,243.10,2500.000,2500.000,243.85,244.15,9106.000,7713.000,17500.000,12500.000,242.819,243.219,243.771,244.190,-0.975,-0.946
2017-04-20 11:20:00,243.151,244.100,255.000,340.000,243.05,243.15,12500.000,7500.000,244.00,244.15,3007.000,399.000,243.00,243.20,2500.000,2500.000,243.95,244.20,7331.000,3579.000,30000.000,22500.000,242.930,243.294,243.921,244.233,-0.975,-0.934
2017-04-20 11:21:00,243.103,244.062,100.000,77.000,243.05,243.10,10000.000,2500.000,244.00,244.10,2871.000,363.000,243.00,243.15,2500.000,5000.000,243.90,244.15,6873.000,4274.000,32500.000,20000.000,242.925,243.243,243.881,244.194,-0.975,-0.899
2017-04-20 11:22:00,243.215,244.142,539.000,595.000,243.15,243.20,2500.000,2500.000,244.05,244.20,865.000,45.000,243.10,243.25,2500.000,5000.000,244.00,244.25,7392.000,3662.000,20000.000,25000.000,243.032,243.343,243.912,244.355,-0.950,-0.863
2017-04-20 11:23:00,243.177,244.163,2437.000,107.000,243.10,243.15,5000.000,2500.000,244.10,244.20,61.000,40.000,243.05,243.20,2500.000,5000.000,244.05,244.25,7616.000,2023.000,25000.000,22500.000,243.006,243.323,244.000,244.306,-1.025,-0.837
2017-04-20 11:24:00,243.286,244.195,1780.000,32.000,243.20,243.25,5000.000,5000.000,244.10,244.30,443.000,11.000,243.15,243.30,2500.000,5000.000,244.05,244.35,8749.000,2820.000,25000.000,25000.000,243.079,243.425,243.975,244.405,-0.975,-0.864
2017-04-20 11:25:00,243.292,244.182,111.000,510.000,243.20,243.25,2500.000,2500.000,244.10,244.25,443.000,11.000,243.15,243.30,2500.000,5000.000,244.05,244.30,6842.000,3102.000,17500.000,17500.000,243.051,243.393,243.986,244.350,-0.950,-0.894
2017-04-20 11:26:00,243.355,244.137,736.000,17.000,243.15,243.25,2500.000,2500.000,244.20,244.40,304.000,45.000,243.10,243.35,2500.000,5000.000,244.15,244.45,8235.000,1582.000,20000.000,85000.000,243.017,243.478,244.069,244.556,-1.100,-0.949
2017-04-20 11:27:00,243.415,244.161,283.000,113.000,243.35,243.45,2500.000,2500.000,244.25,244.40,2501.000,1380.000,243.25,243.50,2500.000,2500.000,244.20,244.45,9707.000,6604.000,25000.000,87500.000,243.178,243.568,244.070,244.559,-0.925,-0.991
2017-04-20 11:28:00,243.401,244.257,2394.000,50.000,243.35,243.40,2500.000,5000.000,244.30,244.50,2581.000,89.000,243.30,243.50,2500.000,25000.000,244.25,244.55,7499.000,3921.000,20000.000,100000.000,243.269,243.617,244.162,244.599,-1.025,-1.008
2017-04-20 11:29:00,243.461,244.505,2833.000,66.000,243.50,243.55,5000.000,35000.000,244.45,244.60,2660.000,177.000,243.45,243.60,2500.000,27500.000,244.40,244.65,8427.000,10849.000,40000.000,80000.000,243.425,243.717,244.331,244.652,-1.000,-0.972
2017-04-20 11:30:00,243.470,244.513,2808.000,258.000,243.50,243.60,2500.000,35000.000,244.50,244.60,160.000,120.000,243.45,243.65,2500.000,27500.000,244.45,244.65,6202.000,12877.000,20000.000,75000.000,243.415,243.734,244.363,244.647,-1.000,-0.949
2017-04-20 11:31:00,243.511,244.564,387.000,272.000,243.60,243.65,5000.000,25000.000,244.45,244.65,400.000,5743.000,243.50,243.70,2500.000,2500.000,244.40,244.70,2367.000,11905.000,32500.000,40000.000,243.419,243.745,244.335,244.700,-0.925,-0.929
2017-04-20 11:32:00,243.444,244.400,3111.000,1.000,243.35,243.45,2500.000,2500.000,244.35,244.50,364.000,34.000,243.30,243.50,7500.000,7500.000,244.30,244.60,6295.000,1755.000,25000.000,42500.000,243.281,243.627,244.240,244.647,-1.025,-0.945
2017-04-20 11:33:00,243.320,244.266,408.000,484.000,243.35,243.50,2500.000,5000.000,244.25,244.45,444.000,150.000,243.30,243.55,5000.000,2500.000,244.20,244.50,4596.000,9429.000,22500.000,40000.000,243.253,243.664,244.133,244.603,-0.925,-0.952
2017-04-20 11:34:00,243.427,244.289,1589.000,362.000,243.35,243.40,5000.000,5000.000,244.15,244.35,161.000,2.000,243.30,243.45,5000.000,2500.000,244.10,244.40,6991.000,3257.000,32500.000,22500.000,243.218,243.549,244.038,244.461,-0.875,-0.993
2017-04-20 11:35:00,243.392,244.320,6.000,1.000,243.40,243.45,2500.000,2500.000,244.25,244.40,700.000,585.000,243.35,243.50,2500.000,5000.000,244.20,244.45,4299.000,6325.000,17500.000,20000.000,243.262,243.591,244.129,244.506,-0.900,-1.027
2017-04-20 11:36:00,243.312,244.267,71.000,148.000,243.30,243.35,5000.000,2500.000,244.25,244.45,3185.000,35.000,243.25,243.40,5000.000,2500.000,244.20,244.50,6171.000,6216.000,22500.000,35000.000,243.191,243.556,244.150,244.614,-1.025,-1.064
2017-04-20 11:37:00,243.721,244.757,200.000,35.000,243.80,243.85,2500.000,5000.000,244.75,244.85,160.000,60.000,243.65,243.90,5000.000,2500.000,244.65,244.90,6377.000,10486.000,22500.000,30000.000,243.550,244.001,244.578,244.967,-0.975,-1.050
2017-04-20 11:38:00,244.119,245.096,2329.000,1119.000,244.05,244.20,15000.000,2500.000,245.00,245.15,309.000,1032.000,244.00,244.25,2500.000,5000.000,244.95,245.20,5360.000,5268.000,35000.000,22500.000,243.959,244.306,244.921,245.261,-0.950,-1.018
2017-04-20 11:39:00,243.789,244.859,3312.000,565.000,243.75,243.95,2500.000,2500.000,244.80,244.90,748.000,4073.000,243.70,244.00,2500.000,5000.000,244.75,244.95,6977.000,10318.000,20000.000,20000.000,243.694,244.058,244.681,245.000,-1.000,-1.003
2017-04-20 11:40:00,243.726,244.824,270.000,75.000,243.75,243.80,2500.000,2500.000,244.70,244.90,2795.000,15.000,243.70,243.85,5000.000,2500.000,244.65,244.95,5672.000,6462.000,22500.000,20000.000,243.643,243.983,244.578,245.000,-1.025,-0.955
2017-04-20 11:41:00,243.648,244.784,270.000,33.000,243.65,243.70,2500.000,5000.000,244.65,244.80,2688.000,1131.000,243.60,243.75,22500.000,2500.000,244.60,244.85,6199.000,8499.000,50000.000,20000.000,243.549,243.814,244.530,244.912,-1.050,-0.914
2017-04-20 11:42:00,244.291,245.260,150.000,111.000,244.30,244.40,2500.000,5000.000,245.25,245.45,2600.000,2234.000,244.20,244.45,2500.000,30000.000,245.20,245.50,7854.000,10536.000,17500.000,55000.000,244.154,244.513,245.136,245.536,-1.000,-0.897
2017-04-20 11:43:00,244.440,245.257,1177.000,513.000,244.40,244.50,2500.000,5000.000,245.20,245.35,140.000,1390.000,244.30,244.55,5000.000,5000.000,245.15,245.45,7458.000,7201.000,30000.000,40000.000,244.215,244.624,245.079,245.531,-0.825,-0.907
2017-04-20 11:44:00,244.152,245.143,1580.000,231.000,244.10,244.15,10000.000,2500.000,245.00,245.15,580.000,53.000,244.05,244.20,2500.000,2500.000,244.95,245.25,7948.000,3565.000,35000.000,20000.000,243.998,244.322,244.896,245.306,-0.950,-0.893
2017-04-20 11:45:00,244.418,245.276,433.000,100.000,244.35,244.50,2500.000,5000.000,245.25,245.40,3013.000,1502.000,244.30,244.55,2500.000,5000.000,245.20,245.45,7498.000,7494.000,25000.000,37500.000,244.245,244.620,245.130,245.537,-0.900,-0.899
2017-04-20 11:46:00,244.393,245.327,1236.000,798.000,244.40,244.45,5000.000,2500.000,245.25,245.30,212.000,467.000,244.35,244.50,7500.000,2500.000,245.20,245.35,5140.000,7172.000,35000.000,15000.000,244.261,244.597,245.143,245.408,-0.850,-0.866
2017-04-20 11:47:00,244.880,245.764,285.000,331.000,244.85,244.90,5000.000,5000.000,245.75,245.85,100.000,162.000,244.80,244.95,7500.000,17500.000,245.70,245.90,5054.000,4854.000,42500.000,65000.000,244.709,245.038,245.635,245.967,-0.925,-0.877
2017-04-20 11:48:00,245.033,245.900,60.000,380.000,244.95,245.00,2500.000,2500.000,245.90,246.00,475.000,224.000,244.90,245.05,5000.000,5000.000,245.85,246.05,7497.000,4015.000,17500.000,25000.000,244.800,245.135,245.771,246.120,-0.975,-0.873
2017-04-20 11:49:00,245.456,246.379,100.000,833.000,245.40,245.50,2500.000,5000.000,246.35,246.45,2500.000,536.000,245.30,245.55,5000.000,7500.000,246.30,246.50,8831.000,6399.000,27500.000,32500.000,245.229,245.629,246.182,246.562,-0.950,-0.849
2017-04-20 11:50:00,245.699,246.588,648.000,102.000,245.70,245.75,2500.000,12500.000,246.60,246.80,60.000,759.000,245.65,245.80,2500.000,5000.000,246.55,246.85,6020.000,7773.000,30000.000,100000.000,245.554,245.903,246.450,246.920,-0.975,-0.800
2017-04-20 11:51:00,245.737,246.504,2804.000,52.000,245.55,245.70,2500.000,5000.000,246.55,246.80,323.000,555.000,245.50,245.75,2500.000,2500.000,246.50,246.85,7912.000,1607.000,17500.000,80000.000,245.450,245.823,246.436,246.936,-1.050,-0.757
2017-04-20 11:52:00,245.265,246.203,10.000,2578.000,245.20,245.30,5000.000,7500.000,246.05,246.35,60.000,549.000,245.05,245.35,5000.000,5000.000,246.00,246.40,6605.000,8131.000,20000.000,22500.000,244.963,245.449,245.969,246.444,-0.950,-0.691
2017-04-20 11:53:00,245.198,246.047,2303.000,230.000,245.20,245.25,2500.000,2500.000,245.95,246.05,160.000,616.000,245.10,245.30,5000.000,2500.000,245.90,246.15,7472.000,6725.000,22500.000,22500.000,245.055,245.384,245.833,246.306,-0.775,-0.626
2017-04-20 11:54:00,245.466,246.267,424.000,523.000,245.40,245.50,5000.000,2500.000,246.20,246.35,1503.000,100.000,245.35,245.55,5000.000,7500.000,246.10,246.40,7889.000,7729.000,22500.000,22500.000,245.276,245.596,246.072,246.467,-0.825,-0.590
2017-04-20 11:55:00,245.574,246.222,1973.000,244.000,245.60,245.65,2500.000,2500.000,246.15,246.30,2209.000,239.000,245.55,245.70,7500.000,2500.000,246.10,246.35,5159.000,6176.000,37500.000,25000.000,245.547,245.783,246.033,246.450,-0.600,-0.643
2017-04-20 11:56:00,245.847,246.397,284.000,180.000,245.70,245.75,5000.000,2500.000,246.25,246.45,125.000,131.000,245.65,245.80,7500.000,10000.000,246.20,246.50,6949.000,1264.000,25000.000,22500.000,245.552,245.882,246.155,246.594,-0.625,-0.707
2017-04-20 11:57:00,245.787,246.395,172.000,64.000,245.60,245.65,5000.000,2500.000,246.25,246.45,404.000,11.000,245.55,245.70,7500.000,10000.000,246.20,246.50,7294.000,595.000,27500.000,20000.000,245.436,245.789,246.168,246.550,-0.725,-0.755
2017-04-20 11:58:00,246.027,246.548,583.000,158.000,246.00,246.10,2500.000,5000.000,246.55,246.70,100.000,546.000,245.95,246.15,10000.000,2500.000,246.45,246.75,2585.000,2845.000,27500.000,37500.000,245.874,246.255,246.391,246.853,-0.575,-0.799
2017-04-20 11:59:00,245.945,246.568,149.000,377.000,245.85,245.90,12500.000,2500.000,246.55,246.70,502.000,1.000,245.80,245.95,15000.000,5000.000,246.50,246.75,5467.000,2430.000,40000.000,45000.000,245.705,246.032,246.491,246.853,-0.750,-0.825
2017-04-20 12:00:00,245.338,246.250,257.000,300.000,245.25,245.40,7500.000,7500.000,246.05,246.30,2599.000,106.000,245.20,245.45,7500.000,2500.000,246.00,246.35,4989.000,3825.000,25000.000,17500.000,245.145,245.529,245.970,246.429,-0.850,-0.827
2017-04-20 12:01:00,245.259,246.129,904.000,254.000,245.20,245.25,5000.000,10000.000,246.00,246.20,158.000,324.000,245.15,245.30,7500.000,5000.000,245.90,246.25,4782.000,3263.000,27500.000,25000.000,245.054,245.390,245.859,246.305,-0.875,-0.804
2017-04-20 12:02:00,245.242,246.094,2112.000,194.000,245.20,245.25,5000.000,7500.000,246.00,246.25,139.000,424.000,245.15,245.35,2500.000,2500.000,245.90,246.30,7461.000,6785.000,20000.000,22500.000,245.061,245.457,245.863,246.350,-0.900,-0.813
2017-04-20 12:03:00,245.318,246.056,50.000,83.000,245.15,245.20,5000.000,2500.000,246.00,246.20,466.000,649.000,245.10,245.25,2500.000,5000.000,245.90,246.25,7665.000,1629.000,20000.000,22500.000,244.974,245.305,245.863,246.317,-0.925,-0.855
2017-04-20 12:04:00,245.185,245.941,369.000,76.000,245.00,245.05,2500.000,2500.000,245.85,246.00,60.000,35.000,244.90,245.10,2500.000,5000.000,245.80,246.10,11576.000,884.000,20000.000,20000.000,244.788,245.195,245.744,246.162,-0.900,-0.893
2017-04-20 12:05:00,245.270,246.192,168.000,36.000,245.10,245.20,5000.000,2500.000,246.05,246.30,2061.000,16.000,245.05,245.25,7500.000,2500.000,246.00,246.35,10787.000,991.000,25000.000,20000.000,245.001,245.355,245.955,246.412,-1.025,-0.904
2017-04-20 12:06:00,245.493,246.244,100.000,195.000,245.30,245.40,2500.000,5000.000,246.20,246.40,178.000,147.000,245.25,245.45,2500.000,5000.000,246.15,246.45,8669.000,2422.000,17500.000,22500.000,245.162,245.505,246.029,246.500,-0.950,-0.925
2017-04-20 12:07:00,245.654,246.552,506.000,51.000,245.55,245.60,2500.000,7500.000,246.65,246.75,5572.000,8.000,245.50,245.65,2500.000,7500.000,246.50,246.80,11229.000,1309.000,22500.000,52500.000,245.463,245.780,246.400,246.864,-1.125,-0.913
2017-04-20 12:08:00,245.426,246.373,1042.000,637.000,245.40,245.55,2500.000,2500.000,246.35,246.45,354.000,1026.000,245.30,245.60,2500.000,2500.000,246.30,246.50,6855.000,8368.000,15000.000,22500.000,245.240,245.676,246.233,246.650,-0.925,-0.900
2017-04-20 12:09:00,245.613,246.558,721.000,201.000,245.50,245.55,2500.000,2500.000,246.45,246.65,574.000,39.000,245.45,245.60,7500.000,2500.000,246.40,246.70,5312.000,1358.000,27500.000,20000.000,245.405,245.750,246.309,246.781,-1.025,-0.888
2017-04-20 12:10:00,245.223,246.203,2438.000,50.000,245.30,245.35,2500.000,2500.000,246.10,246.35,1556.000,108.000,245.20,245.40,5000.000,5000.000,246.05,246.40,5091.000,6362.000,20000.000,22500.000,245.222,245.520,245.994,246.472,-0.900,-0.885
2017-04-20 12:11:00,245.609,246.465,89.000,1.000,245.55,245.60,5000.000,2500.000,246.35,246.60,575.000,83.000,245.50,245.65,2500.000,5000.000,246.30,246.65,2999.000,1770.000,25000.000,25000.000,245.429,245.730,246.245,246.725,-0.900,-0.886
2017-04-20 12:12:00,245.512,246.350,1003.000,396.000,245.30,245.50,2500.000,2500.000,246.30,246.50,2900.000,555.000,245.25,245.55,2500.000,12500.000,246.25,246.55,8720.000,2248.000,15000.000,25000.000,245.185,245.605,246.158,246.585,-1.000,-0.903
2017-04-20 12:13:00,245.385,246.269,222.000,391.000,245.30,245.45,2500.000,2500.000,246.15,246.40,1900.000,1994.000,245.25,245.50,5000.000,2500.000,246.10,246.45,6649.000,6210.000,22500.000,22500.000,245.168,245.575,246.044,246.517,-0.900,-0.879
2017-04-20 12:14:00,245.519,246.400,136.000,197.000,245.50,245.55,2500.000,5000.000,246.30,246.50,307.000,5044.000,245.45,245.60,2500.000,2500.000,246.25,246.55,9069.000,11453.000,20000.000,22500.000,245.274,245.670,246.162,246.611,-0.875,-0.859
2017-04-20 12:15:00,245.372,246.338,584.000,86.000,245.30,245.45,7500.000,2500.000,246.20,246.40,1500.000,155.000,245.25,245.50,2500.000,2500.000,246.15,246.45,7540.000,6753.000,20000.000,12500.000,245.184,245.594,246.113,246.500,-0.925,-0.834
2017-04-20 12:16:00,245.508,246.368,433.000,92.000,245.35,245.55,2500.000,2500.000,246.30,246.45,439.000,5648.000,245.30,245.60,2500.000,2500.000,246.25,246.50,12235.000,8315.000,17500.000,17500.000,245.225,245.638,246.186,246.579,-0.925,-0.823
2017-04-20 12:17:00,245.379,246.303,336.000,308.000,245.45,245.50,2500.000,5000.000,246.15,246.40,1450.000,1082.000,245.30,245.55,5000.000,5000.000,246.10,246.45,4531.000,7897.000,25000.000,20000.000,245.255,245.603,246.010,246.494,-0.800,-0.813
2017-04-20 12:18:00,245.547,246.312,236.000,35.000,245.40,245.45,2500.000,2500.000,246.25,246.40,60.000,327.000,245.35,245.50,7500.000,2500.000,246.20,246.45,7096.000,1792.000,20000.000,20000.000,245.233,245.584,246.162,246.512,-0.900,-0.809
2017-04-20 12:19:00,245.515,246.292,291.000,50.000,245.40,245.45,5000.000,5000.000,246.20,246.45,618.000,640.000,245.30,245.50,2500.000,2500.000,246.10,246.50,6275.000,1905.000,22500.000,25000.000,245.203,245.565,246.050,246.560,-0.900,-0.819
2017-04-20 12:20:00,245.261,246.103,25.000,31.000,245.30,245.35,5000.000,2500.000,245.95,246.20,1028.000,140.000,245.25,245.40,2500.000,5000.000,245.90,246.25,2237.000,3272.000,22500.000,20000.000,245.208,245.513,245.850,246.338,-0.750,-0.824
2017-04-20 12:21:00,244.716,245.519,61.000,419.000,244.60,244.65,5000.000,2500.000,245.35,245.55,379.000,181.000,244.55,244.70,5000.000,5000.000,245.30,245.60,3729.000,1808.000,30000.000,15000.000,244.430,244.748,245.225,245.642,-0.825,-0.815
2017-04-20 12:22:00,243.603,244.479,657.000,79.000,243.55,243.60,2500.000,2500.000,244.50,244.60,70.000,33.000,243.50,243.65,2500.000,2500.000,244.45,244.65,5837.000,3363.000,12500.000,17500.000,243.428,243.754,244.370,244.729,-0.975,-0.806
2017-04-20 12:23:00,243.005,243.750,60.000,633.000,242.85,243.00,2500.000,2500.000,243.65,243.90,388.000,100.000,242.80,243.05,2500.000,5000.000,243.60,243.95,3977.000,2011.000,15000.000,17500.000,242.715,243.101,243.483,244.029,-0.850,-0.830
2017-04-20 12:24:00,243.202,244.029,100.000,10.000,243.10,243.20,5000.000,5000.000,243.90,244.20,436.000,120.000,243.05,243.30,7500.000,7500.000,243.85,244.25,4320.000,2797.000,20000.000,22500.000,242.978,243.409,243.806,244.283,-0.900,-0.840
2017-04-20 12:25:00,242.852,243.720,672.000,5.000,242.80,242.85,2500.000,2500.000,243.75,243.80,170.000,33.000,242.75,242.90,2500.000,5000.000,243.65,243.85,9407.000,4719.000,17500.000,20000.000,242.692,243.010,243.593,243.919,-0.950,-0.841
2017-04-20 12:26:00,242.943,243.703,1157.000,365.000,242.70,242.90,2500.000,2500.000,243.65,243.80,178.000,160.000,242.65,242.95,7500.000,5000.000,243.60,243.85,16506.000,4511.000,17500.000,20000.000,242.556,243.024,243.564,243.906,-0.925,-0.854
2017-04-20 12:27:00,243.531,244.363,433.000,1.000,243.40,243.50,2500.000,5000.000,244.30,244.50,464.000,33.000,243.35,243.60,2500.000,10000.000,244.25,244.55,11247.000,4141.000,15000.000,25000.000,243.236,243.736,244.192,244.575,-0.950,-0.859
2017-04-20 12:28:00,243.299,244.159,323.000,130.000,243.20,243.25,7500.000,2500.000,244.05,244.25,5000.000,60.000,243.15,243.35,7500.000,5000.000,244.00,244.30,13050.000,6551.000,22500.000,17500.000,243.069,243.461,243.983,244.379,-0.925,-0.849
2017-04-20 12:29:00,242.945,243.825,30.000,34.000,242.90,243.00,2500.000,2500.000,243.70,243.90,720.000,100.000,242.85,243.10,5000.000,2500.000,243.65,243.95,4121.000,5118.000,22500.000,17500.000,242.745,243.214,243.561,244.014,-0.850,-0.842
2017-04-20 12:30:00,243.257,244.130,697.000,26.000,243.05,243.15,7500.000,2500.000,243.95,244.20,1244.000,176.000,243.00,243.20,5000.000,7500.000,243.90,244.25,12666.000,2025.000,35000.000,22500.000,242.929,243.338,243.843,244.294,-0.975,-0.829
2017-04-20 12:31:00,243.320,244.146,921.000,279.000,243.15,243.20,5000.000,7500.000,244.10,244.25,60.000,59.000,243.10,243.25,5000.000,2500.000,244.05,244.30,13199.000,2183.000,25000.000,32500.000,243.024,243.392,244.005,244.404,-1.000,-0.802
2017-04-20 12:32:00,243.347,244.205,2550.000,20.000,243.30,243.35,2500.000,2500.000,244.10,244.30,435.000,25.000,243.25,243.40,5000.000,5000.000,244.05,244.35,7124.000,3708.000,30000.000,25000.000,243.194,243.513,243.983,244.425,-0.875,-0.805
2017-04-20 12:33:00,243.448,244.260,400.000,1000.000,243.30,243.35,5000.000,5000.000,244.15,244.25,100.000,385.000,243.25,243.50,2500.000,7500.000,244.10,244.30,7874.000,4906.000,32500.000,20000.000,243.128,243.552,244.027,244.325,-0.875,-0.797
2017-04-20 12:34:00,243.238,244.082,571.000,459.000,243.05,243.30,2500.000,5000.000,244.00,244.20,617.000,60.000,243.00,243.35,2500.000,2500.000,243.95,244.25,10499.000,5183.000,15000.000,20000.000,242.939,243.464,243.883,244.294,-0.925,-0.784
2017-04-20 12:35:00,243.219,244.025,160.000,555.000,243.10,243.30,2500.000,2500.000,244.00,244.15,958.000,189.000,243.05,243.35,5000.000,2500.000,243.95,244.20,9730.000,7694.000,15000.000,20000.000,242.961,243.459,243.900,244.294,-0.875,-0.772
2017-04-20 12:36:00,243.418,244.109,150.000,2026.000,243.35,243.40,2500.000,2500.000,244.15,244.35,100.000,276.000,243.20,243.45,5000.000,5000.000,244.10,244.40,9157.000,5797.000,15000.000,40000.000,243.092,243.491,244.033,244.478,-0.875,-0.796
2017-04-20 12:37:00,243.255,244.127,6819.000,59.000,243.10,243.30,5000.000,2500.000,244.15,244.30,3007.000,707.000,243.05,243.35,5000.000,5000.000,244.10,244.35,14587.000,4989.000,20000.000,30000.000,243.040,243.451,244.019,244.438,-1.025,-0.793
2017-04-20 12:38:00,243.351,244.123,335.000,707.000,243.20,243.35,2500.000,5000.000,244.15,244.35,256.000,1126.000,243.15,243.40,5000.000,5000.000,244.10,244.40,10735.000,4775.000,20000.000,45000.000,243.080,243.465,244.000,244.478,-0.975,-0.815
2017-04-20 12:39:00,243.360,244.136,60.000,300.000,243.20,243.35,7500.000,2500.000,244.15,244.35,1437.000,1126.000,243.15,243.40,2500.000,7500.000,244.10,244.40,11418.000,4308.000,25000.000,47500.000,243.084,243.472,244.020,244.482,-0.975,-0.830
2017-04-20 12:40:00,243.400,244.150,100.000,677.000,243.25,243.40,5000.000,5000.000,244.15,244.35,702.000,440.000,243.20,243.45,2500.000,2500.000,244.10,244.40,9928.000,5760.000,20000.000,35000.000,243.100,243.509,244.031,244.479,-0.925,-0.849
2017-04-20 12:41:00,243.411,244.222,1563.000,31.000,243.20,243.35,2500.000,5000.000,244.20,244.40,3924.000,300.000,243.15,243.40,5000.000,5000.000,244.15,244.45,17706.000,2862.000,20000.000,42500.000,243.080,243.500,244.081,244.518,-1.025,-0.858
2017-04-20 12:42:00,243.450,244.303,123.000,76.000,243.35,243.40,5000.000,2500.000,244.30,244.40,418.000,171.000,243.30,243.45,5000.000,5000.000,244.25,244.45,9775.000,3993.000,20000.000,27500.000,243.201,243.544,244.219,244.527,-0.975,-0.849
2017-04-20 12:43:00,243.448,244.330,250.000,55.000,243.35,243.40,5000.000,5000.000,244.30,244.45,436.000,523.000,243.30,243.45,5000.000,2500.000,244.25,244.50,10304.000,4387.000,20000.000,30000.000,243.203,243.537,244.213,244.550,-1.000,-0.815
2017-04-20 12:44:00,243.405,244.262,58.000,1000.000,243.35,243.40,5000.000,2500.000,244.20,244.35,633.000,430.000,243.20,243.45,2500.000,2500.000,244.15,244.40,11631.000,6338.000,20000.000,22500.000,243.113,243.503,244.088,244.467,-0.900,-0.789
2017-04-20 12:45:00,243.422,244.267,2873.000,119.000,243.20,243.40,2500.000,2500.000,244.25,244.35,5644.000,136.000,243.15,243.45,5000.000,5000.000,244.20,244.40,17904.000,4424.000,20000.000,25000.000,243.094,243.519,244.113,244.475,-1.000,-0.789
2017-04-20 12:46:00,243.400,244.253,568.000,132.000,243.25,243.35,5000.000,7500.000,244.20,244.40,993.000,390.000,243.20,243.40,2500.000,5000.000,244.15,244.45,14008.000,3890.000,17500.000,30000.000,243.115,243.507,244.100,244.492,-1.000,-0.792
2017-04-20 12:47:00,243.220,244.027,2076.000,407.000,243.15,243.20,2500.000,5000.000,243.95,244.15,3889.000,472.000,243.10,243.25,2500.000,5000.000,243.90,244.20,10413.000,3485.000,15000.000,22500.000,243.066,243.321,243.833,244.272,-0.875,-0.804
2017-04-20 12:48:00,243.418,244.131,567.000,26.000,243.25,243.35,5000.000,5000.000,244.20,244.40,1234.000,26.000,243.20,243.40,2500.000,5000.000,244.15,244.45,14137.000,2759.000,20000.000,40000.000,243.116,243.522,243.963,244.519,-1.000,-0.836
2017-04-20 12:49:00,243.348,244.075,686.000,96.000,243.20,243.30,2500.000,2500.000,244.15,244.35,110.000,26.000,243.15,243.35,2500.000,5000.000,244.10,244.40,16121.000,4177.000,12500.000,37500.000,243.065,243.485,244.030,244.497,-1.000,-0.889
2017-04-20 12:50:00,243.551,244.397,11.000,47.000,243.35,243.40,5000.000,2500.000,244.35,244.55,958.000,51.000,243.30,243.50,2500.000,2500.000,244.30,244.60,6025.000,386.000,17500.000,20000.000,243.229,243.546,244.250,244.675,-1.075,-0.892
2017-04-20 12:51:00,243.493,244.360,1267.000,452.000,243.35,243.40,2500.000,2500.000,244.25,244.45,60.000,60.000,243.25,243.45,5000.000,5000.000,244.20,244.50,11331.000,1758.000,20000.000,17500.000,243.167,243.514,244.106,244.557,-0.975,-0.900
2017-04-20 12:52:00,243.445,244.315,120.000,66.000,243.30,243.35,2500.000,2500.000,244.25,244.35,200.000,580.000,243.25,243.40,5000.000,5000.000,244.20,244.40,12682.000,3101.000,22500.000,20000.000,243.139,243.474,244.128,244.463,-0.975,-0.896
2017-04-20 12:53:00,243.474,244.346,80.000,379.000,243.35,243.50,2500.000,2500.000,244.30,244.45,60.000,296.000,243.30,243.55,2500.000,5000.000,244.25,244.50,7202.000,4504.000,15000.000,20000.000,243.212,243.639,244.200,244.556,-0.950,-0.893
2017-04-20 12:54:00,243.229,244.218,5971.000,1358.000,243.10,243.20,2500.000,2500.000,244.10,244.20,4818.000,26.000,243.05,243.25,2500.000,5000.000,244.05,244.25,19022.000,3237.000,32500.000,17500.000,243.033,243.294,243.965,244.300,-1.000,-0.869
2017-04-20 12:55:00,243.244,244.105,4381.000,77.000,243.10,243.20,10000.000,7500.000,244.00,244.20,1200.000,328.000,243.05,243.25,5000.000,2500.000,243.95,244.25,12032.000,2081.000,27500.000,20000.000,243.009,243.326,243.900,244.287,-0.950,-0.877
2017-04-20 12:56:00,243.267,244.174,4177.000,729.000,243.10,243.30,2500.000,5000.000,244.05,244.25,1360.000,308.000,243.05,243.35,10000.000,5000.000,244.00,244.30,13204.000,5242.000,22500.000,20000.000,243.014,243.434,243.922,244.356,-0.950,-0.858
2017-04-20 12:57:00,243.270,244.122,331.000,1726.000,243.15,243.30,2500.000,5000.000,244.05,244.20,4277.000,314.000,243.10,243.35,10000.000,5000.000,244.00,244.25,12165.000,7177.000,20000.000,20000.000,243.030,243.435,243.963,244.281,-0.900,-0.866
2017-04-20 12:58:00,243.314,244.172,197.000,77.000,243.20,243.25,2500.000,2500.000,244.05,244.25,3211.000,784.000,243.15,243.30,10000.000,5000.000,244.00,244.30,9767.000,2103.000,22500.000,17500.000,243.086,243.366,243.922,244.357,-0.925,-0.862
2017-04-20 12:59:00,243.258,244.126,2025.000,242.000,243.10,243.20,10000.000,7500.000,244.00,244.20,1810.000,29.000,243.05,243.25,2500.000,2500.000,243.95,244.25,10268.000,1967.000,25000.000,17500.000,242.988,243.324,243.875,244.271,-0.950,-0.884
2017-04-20 13:00:00,242.962,243.862,104.000,713.000,242.90,243.05,5000.000,5000.000,243.75,243.90,16.000,1193.000,242.85,243.10,7500.000,5000.000,243.70,243.95,6403.000,7851.000,27500.000,25000.000,242.731,243.198,243.641,244.000,-0.850,-0.912
2017-04-20 13:01:00,242.821,243.632,207.000,297.000,242.65,242.75,2500.000,7500.000,243.60,243.80,455.000,160.000,242.60,242.85,2500.000,5000.000,243.55,243.85,11147.000,3470.000,17500.000,30000.000,242.525,242.956,243.486,243.904,-1.000,-0.937
2017-04-20 13:02:00,242.926,243.821,1454.000,491.000,242.80,242.90,2500.000,2500.000,243.75,243.90,2013.000,425.000,242.75,242.95,2500.000,7500.000,243.70,243.95,10894.000,3765.000,20000.000,22500.000,242.694,243.008,243.644,243.994,-0.975,-0.935
2017-04-20 13:03:00,242.937,243.772,1468.000,171.000,242.80,242.90,5000.000,2500.000,243.70,243.85,2013.000,209.000,242.75,242.95,2500.000,2500.000,243.65,243.90,11515.000,4509.000,20000.000,20000.000,242.672,243.053,243.600,243.956,-0.925,-0.950
2017-04-20 13:04:00,242.899,243.879,2580.000,20.000,242.80,242.85,7500.000,2500.000,243.80,243.95,4513.000,89.000,242.75,242.90,2500.000,5000.000,243.75,244.00,14395.000,2497.000,27500.000,25000.000,242.705,243.018,243.695,244.065,-1.050,-0.959
2017-04-20 13:05:00,242.798,243.838,1360.000,108.000,242.70,242.75,2500.000,2500.000,243.70,243.85,3025.000,2.000,242.65,242.80,5000.000,2500.000,243.65,243.90,13635.000,2860.000,27500.000,15000.000,242.596,242.919,243.591,243.958,-1.050,-0.955
2017-04-20 13:06:00,242.756,243.691,2028.000,418.000,242.60,242.75,7500.000,2500.000,243.60,243.75,3000.000,331.000,242.55,242.80,5000.000,2500.000,243.55,243.80,12018.000,3290.000,25000.000,17500.000,242.512,242.891,243.525,243.850,-1.000,-0.975
2017-04-20 13:07:00,242.738,243.623,1480.000,338.000,242.60,242.80,5000.000,5000.000,243.60,243.75,3304.000,281.000,242.55,242.85,2500.000,2500.000,243.55,243.80,12652.000,6315.000,20000.000,30000.000,242.510,242.966,243.512,243.908,-0.975,-1.011
2017-04-20 13:08:00,242.785,243.695,60.000,576.000,242.65,242.80,2500.000,5000.000,243.65,243.80,3929.000,584.000,242.60,242.85,7500.000,5000.000,243.60,243.85,13015.000,6002.000,22500.000,27500.000,242.536,242.945,243.544,243.909,-1.000,-1.033
2017-04-20 13:09:00,242.746,243.772,722.000,4036.000,242.65,242.80,2500.000,2500.000,243.70,243.85,350.000,171.000,242.60,242.85,7500.000,5000.000,243.65,243.90,9415.000,9093.000,22500.000,22500.000,242.520,242.895,243.600,243.956,-1.050,-1.047
2017-04-20 13:10:00,242.764,243.783,78.000,56.000,242.65,242.70,7500.000,5000.000,243.70,243.90,450.000,31.000,242.60,242.75,7500.000,5000.000,243.65,243.95,11384.000,4584.000,30000.000,27500.000,242.497,242.808,243.604,244.014,-1.125,-1.053
2017-04-20 13:11:00,242.700,243.738,250.000,412.000,242.65,242.75,5000.000,2500.000,243.65,243.85,174.000,1991.000,242.60,242.80,5000.000,7500.000,243.60,243.90,5813.000,6212.000,25000.000,25000.000,242.507,242.880,243.545,243.960,-1.050,-1.039
2017-04-20 13:12:00,242.664,243.729,133.000,916.000,242.65,242.75,2500.000,10000.000,243.60,243.80,1955.000,2283.000,242.60,242.80,5000.000,5000.000,243.55,243.85,6449.000,8117.000,27500.000,25000.000,242.504,242.863,243.486,243.875,-1.000,-1.053
2017-04-20 13:13:00,242.777,243.794,666.000,36.000,242.70,242.75,2500.000,5000.000,243.75,243.90,1611.000,1844.000,242.60,242.80,5000.000,5000.000,243.70,243.95,12282.000,5667.000,17500.000,25000.000,242.505,242.886,243.657,243.995,-1.100,-1.065
2017-04-20 13:14:00,242.657,243.753,1819.000,561.000,242.55,242.75,2500.000,2500.000,243.70,243.80,1337.000,2483.000,242.50,242.80,2500.000,7500.000,243.60,243.85,8665.000,8351.000,22500.000,20000.000,242.428,242.866,243.539,243.887,-1.100,-1.045
2017-04-20 13:15:00,242.710,243.760,1100.000,338.000,242.65,242.80,2500.000,12500.000,243.65,243.85,508.000,291.000,242.60,242.85,2500.000,2500.000,243.60,243.90,7331.000,7294.000,25000.000,27500.000,242.521,242.961,243.520,243.923,-1.025,-1.024
2017-04-20 13:16:00,242.686,243.655,50.000,182.000,242.60,242.65,5000.000,5000.000,243.55,243.75,85.000,160.000,242.55,242.75,10000.000,7500.000,243.50,243.80,4113.000,3365.000,25000.000,25000.000,242.430,242.835,243.470,243.890,-1.025,-1.027
2017-04-20 13:17:00,242.665,243.797,318.000,34.000,242.60,242.75,2500.000,2500.000,243.65,243.80,826.000,231.000,242.55,242.80,5000.000,2500.000,243.60,243.85,6115.000,5646.000,27500.000,12500.000,242.479,242.907,243.527,243.900,-1.050,-1.010
2017-04-20 13:18:00,242.719,243.800,119.000,65.000,242.65,242.75,2500.000,2500.000,243.70,243.85,1745.000,978.000,242.60,242.85,2500.000,7500.000,243.65,243.90,8735.000,8210.000,25000.000,22500.000,242.524,242.950,243.570,243.950,-1.075,-0.981
2017-04-20 13:19:00,242.646,243.639,535.000,35.000,242.60,242.65,10000.000,5000.000,243.55,243.70,718.000,561.000,242.50,242.70,7500.000,2500.000,243.50,243.75,7236.000,4354.000,27500.000,20000.000,242.408,242.803,243.482,243.787,-1.000,-0.981
2017-04-20 13:20:00,242.712,243.656,821.000,184.000,242.55,242.70,7500.000,5000.000,243.55,243.75,1384.000,464.000,242.50,242.75,5000.000,5000.000,243.50,243.80,8025.000,3269.000,22500.000,20000.000,242.416,242.837,243.472,243.838,-1.025,-0.978
2017-04-20 13:21:00,242.657,243.642,704.000,336.000,242.55,242.65,2500.000,10000.000,243.55,243.70,1051.000,824.000,242.50,242.70,5000.000,7500.000,243.50,243.75,8434.000,4571.000,20000.000,25000.000,242.408,242.793,243.444,243.770,-1.025,-0.987
2017-04-20 13:22:00,242.542,243.592,2819.000,108.000,242.50,242.55,5000.000,2500.000,243.55,243.60,123.000,32.000,242.45,242.60,5000.000,5000.000,243.50,243.70,12271.000,6518.000,22500.000,22500.000,242.392,242.726,243.456,243.761,-1.050,-0.990
2017-04-20 13:23:00,242.425,243.361,1008.000,282.000,242.25,242.40,2500.000,7500.000,243.30,243.45,111.000,898.000,242.20,242.45,7500.000,10000.000,243.25,243.50,10150.000,3505.000,25000.000,32500.000,242.119,242.534,243.205,243.531,-1.050,-1.004
2017-04-20 13:24:00,242.545,243.535,1.000,209.000,242.50,242.55,12500.000,2500.000,243.40,243.55,1923.000,301.000,242.40,242.60,2500.000,2500.000,243.35,243.60,8058.000,4974.000,35000.000,15000.000,242.297,242.714,243.311,243.658,-0.950,-0.999
2017-04-20 13:25:00,242.542,243.471,890.000,226.000,242.40,242.50,2500.000,2500.000,243.40,243.50,598.000,333.000,242.35,242.55,2500.000,5000.000,243.35,243.55,7010.000,2213.000,25000.000,22500.000,242.275,242.620,243.280,243.617,-1.000,-0.998
2017-04-20 13:26:00,242.229,243.259,995.000,21.000,242.10,242.15,2500.000,2500.000,243.20,243.30,4042.000,233.000,242.05,242.20,2500.000,7500.000,243.15,243.35,17494.000,1501.000,20000.000,20000.000,241.996,242.313,243.081,243.400,-1.125,-0.975
2017-04-20 13:27:00,242.202,243.266,821.000,74.000,242.25,242.30,5000.000,2500.000,243.20,243.30,86.000,312.000,242.20,242.35,5000.000,10000.000,243.15,243.35,3274.000,6385.000,25000.000,22500.000,242.127,242.462,243.095,243.389,-0.975,-0.942
2017-04-20 13:28:00,242.323,243.331,533.000,125.000,242.35,242.40,2500.000,2500.000,243.25,243.45,357.000,335.000,242.30,242.45,7500.000,10000.000,243.20,243.50,2174.000,3207.000,20000.000,25000.000,242.250,242.547,243.162,243.545,-0.975,-0.945
2017-04-20 13:29:00,242.385,243.347,100.000,92.000,242.20,242.35,2500.000,5000.000,243.20,243.40,444.000,388.000,242.15,242.40,5000.000,5000.000,243.15,243.45,12445.000,4503.000,22500.000,22500.000,242.043,242.505,243.072,243.522,-1.025,-0.953
2017-04-20 13:30:00,242.366,243.292,455.000,63.000,242.20,242.30,2500.000,2500.000,243.25,243.35,2613.000,91.000,242.15,242.35,2500.000,2500.000,243.20,243.40,14406.000,3182.000,15000.000,17500.000,242.059,242.473,243.150,243.471,-1.050,-0.968
2017-04-20 13:31:00,242.231,243.146,3.000,354.000,242.10,242.20,2500.000,2500.000,243.05,243.20,638.000,406.000,242.05,242.25,12500.000,7500.000,243.00,243.25,8225.000,3052.000,32500.000,25000.000,241.977,242.318,242.950,243.305,-0.975,-0.973
2017-04-20 13:32:00,242.083,242.982,2090.000,63.000,242.00,242.05,5000.000,5000.000,242.90,243.10,141.000,197.000,241.90,242.10,5000.000,2500.000,242.85,243.15,10070.000,3366.000,20000.000,22500.000,241.829,242.211,242.806,243.194,-0.975,-0.969
2017-04-20 13:33:00,241.989,243.012,2091.000,2386.000,241.85,242.00,7500.000,2500.000,242.90,243.05,2500.000,191.000,241.80,242.05,7500.000,5000.000,242.85,243.10,8602.000,4138.000,27500.000,15000.000,241.763,242.067,242.773,243.142,-1.050,-0.950
2017-04-20 13:34:00,241.906,242.905,843.000,1757.000,241.80,241.85,2500.000,10000.000,242.80,242.95,242.000,39.000,241.75,241.90,5000.000,5000.000,242.75,243.00,8159.000,3454.000,22500.000,25000.000,241.671,241.918,242.678,243.045,-1.050,-0.941
2017-04-20 13:35:00,241.781,242.782,321.000,24.000,241.75,241.80,7500.000,2500.000,242.70,242.85,429.000,262.000,241.70,241.85,5000.000,2500.000,242.65,242.90,8346.000,6245.000,32500.000,22500.000,241.616,241.973,242.585,242.967,-1.000,-0.931
2017-04-20 13:36:00,242.091,243.035,55.000,287.000,242.00,242.15,5000.000,2500.000,243.00,243.10,100.000,943.000,241.95,242.20,5000.000,2500.000,242.95,243.20,6555.000,6464.000,27500.000,22500.000,241.858,242.263,242.850,243.289,-0.975,-0.941
2017-04-20 13:37:00,242.237,243.113,542.000,187.000,242.05,242.15,7500.000,2500.000,243.00,243.20,629.000,100.000,242.00,242.20,2500.000,7500.000,242.95,243.25,6407.000,1141.000,27500.000,20000.000,241.912,242.249,242.891,243.294,-1.000,-0.958
2017-04-20 13:38:00,242.231,243.161,2544.000,103.000,242.05,242.20,5000.000,5000.000,243.10,243.30,5210.000,60.000,242.00,242.25,5000.000,2500.000,243.05,243.35,12944.000,2205.000,25000.000,30000.000,241.962,242.350,242.995,243.442,-1.075,-0.968
2017-04-20 13:39:00,242.230,243.184,69.000,396.000,242.05,242.25,5000.000,5000.000,243.00,243.20,3178.000,723.000,242.00,242.30,5000.000,7500.000,242.95,243.25,8906.000,4131.000,35000.000,20000.000,241.924,242.385,242.861,243.287,-0.950,-0.969
2017-04-20 13:40:00,242.128,243.078,5309.000,183.000,242.00,242.15,2500.000,5000.000,243.00,243.10,239.000,639.000,241.95,242.20,2500.000,2500.000,242.95,243.15,12890.000,5148.000,22500.000,17500.000,241.919,242.279,242.894,243.186,-0.975,-0.956
2017-04-20 13:41:00,242.125,243.120,4327.000,281.000,242.00,242.05,2500.000,2500.000,243.00,243.15,60.000,150.000,241.95,242.15,2500.000,5000.000,242.95,243.20,11766.000,1972.000,22500.000,15000.000,241.912,242.233,242.900,243.258,-1.050,-0.933
2017-04-20 13:42:00,242.111,243.071,7646.000,32.000,242.00,242.10,5000.000,10000.000,243.00,243.10,164.000,110.000,241.95,242.15,2500.000,2500.000,242.95,243.15,15004.000,3311.000,22500.000,20000.000,241.933,242.244,242.911,243.162,-1.000,-0.928
2017-04-20 13:43:00,242.155,243.136,10366.000,144.000,242.00,242.15,10000.000,5000.000,243.00,243.10,146.000,639.000,241.95,242.20,2500.000,2500.000,242.95,243.20,17806.000,3723.000,42500.000,20000.000,241.942,242.250,242.862,243.231,-0.975,-0.922
2017-04-20 13:44:00,242.104,243.065,306.000,64.000,242.05,242.10,5000.000,12500.000,242.95,243.10,6620.000,61.000,242.00,242.15,10000.000,2500.000,242.90,243.15,11957.000,4348.000,27500.000,22500.000,241.935,242.247,242.864,243.167,-0.950,-0.921
2017-04-20 13:45:00,242.169,243.050,242.000,160.000,242.05,242.15,10000.000,5000.000,242.95,243.10,6391.000,302.000,242.00,242.20,10000.000,5000.000,242.90,243.15,11571.000,3968.000,30000.000,20000.000,241.940,242.296,242.887,243.194,-0.925,-0.948
2017-04-20 13:46:00,242.167,243.047,6265.000,527.000,242.00,242.15,5000.000,10000.000,242.95,243.10,733.000,112.000,241.90,242.20,10000.000,2500.000,242.90,243.15,18069.000,4146.000,25000.000,20000.000,241.871,242.287,242.875,243.162,-0.950,-0.986
2017-04-20 13:47:00,241.991,242.931,523.000,464.000,241.80,242.05,2500.000,5000.000,242.80,243.00,2802.000,150.000,241.75,242.10,7500.000,5000.000,242.75,243.05,11170.000,5473.000,22500.000,22500.000,241.686,242.212,242.700,243.111,-0.975,-1.003
2017-04-20 13:48:00,241.859,242.809,172.000,432.000,241.65,241.70,5000.000,7500.000,242.65,242.85,1588.000,3.000,241.60,241.75,10000.000,5000.000,242.60,242.90,15146.000,899.000,35000.000,22500.000,241.518,241.815,242.543,242.922,-1.075,-0.995
2017-04-20 13:49:00,241.727,242.681,1970.000,24.000,241.55,241.70,7500.000,2500.000,242.60,242.75,3805.000,460.000,241.50,241.80,2500.000,2500.000,242.55,242.80,11190.000,3810.000,22500.000,17500.000,241.458,241.886,242.522,242.857,-1.050,-0.971
2017-04-20 13:50:00,241.859,242.876,2726.000,173.000,241.70,241.80,10000.000,5000.000,242.80,242.95,556.000,92.000,241.65,241.85,2500.000,5000.000,242.75,243.00,13457.000,3207.000,30000.000,27500.000,241.565,241.961,242.708,243.055,-1.125,-0.943
2017-04-20 13:51:00,241.871,242.941,349.000,74.000,241.85,241.95,5000.000,2500.000,242.90,243.05,1483.000,477.000,241.80,242.00,2500.000,12500.000,242.85,243.10,3825.000,4402.000,22500.000,32500.000,241.744,242.090,242.806,243.150,-1.075,-0.891
2017-04-20 13:52:00,241.943,242.968,1032.000,128.000,241.90,241.95,2500.000,5000.000,242.95,243.00,2500.000,817.000,241.85,242.00,2500.000,2500.000,242.90,243.05,7574.000,4070.000,20000.000,27500.000,241.807,242.091,242.825,243.095,-1.050,-0.853
2017-04-20 13:53:00,242.014,242.919,343.000,521.000,241.95,242.00,2500.000,5000.000,242.90,243.00,2500.000,304.000,241.90,242.05,2500.000,2500.000,242.85,243.05,9767.000,3584.000,17500.000,27500.000,241.815,242.131,242.800,243.105,-0.975,-0.850
2017-04-20 13:54:00,242.134,242.972,312.000,34.000,241.95,242.05,2500.000,12500.000,242.90,243.10,2600.000,100.000,241.90,242.10,5000.000,2500.000,242.85,243.15,13578.000,2076.000,20000.000,30000.000,241.815,242.195,242.806,243.175,-1.000,-0.871
2017-04-20 13:55:00,242.066,242.940,561.000,925.000,242.00,242.05,2500.000,15000.000,242.90,243.00,2610.000,130.000,241.90,242.10,2500.000,2500.000,242.85,243.05,15234.000,6951.000,20000.000,32500.000,241.815,242.205,242.794,243.069,-0.925,-0.881
2017-04-20 13:56:00,242.046,242.860,1334.000,690.000,241.90,242.00,7500.000,2500.000,242.80,242.95,60.000,291.000,241.85,242.05,5000.000,10000.000,242.75,243.00,9778.000,3201.000,25000.000,27500.000,241.769,242.113,242.715,243.050,-0.925,-0.899
2017-04-20 13:57:00,242.027,242.859,2679.000,1993.000,241.90,242.00,10000.000,2500.000,242.80,242.95,60.000,648.000,241.85,242.05,5000.000,7500.000,242.75,243.00,11123.000,4802.000,27500.000,30000.000,241.785,242.079,242.723,243.058,-0.925,-0.909
2017-04-20 13:58:00,241.932,242.825,143.000,51.000,241.90,241.95,7500.000,2500.000,242.80,242.85,3011.000,2698.000,241.80,242.00,5000.000,2500.000,242.75,242.90,10331.000,6856.000,25000.000,20000.000,241.732,242.075,242.715,242.963,-0.900,-0.922
2017-04-20 13:59:00,241.859,242.804,1101.000,355.000,241.80,241.90,2500.000,2500.000,242.70,242.85,63.000,567.000,241.75,241.95,2500.000,2500.000,242.65,242.90,5356.000,5827.000,32500.000,25000.000,241.652,242.015,242.562,242.985,-0.925,-0.913
2017-04-20 14:00:00,241.880,242.800,37.000,766.000,241.80,241.90,2500.000,5000.000,242.70,242.85,73.000,462.000,241.75,241.95,2500.000,7500.000,242.65,242.90,4400.000,5006.000,32500.000,30000.000,241.617,241.998,242.562,242.954,-0.925,-0.903
2017-04-20 14:01:00,241.784,242.689,396.000,76.000,241.60,241.75,7500.000,7500.000,242.55,242.75,481.000,60.000,241.55,241.80,12500.000,2500.000,242.50,242.80,10593.000,2952.000,30000.000,17500.000,241.468,241.918,242.479,242.821,-0.975,-0.905
2017-04-20 14:02:00,241.806,242.688,92.000,129.000,241.65,241.75,5000.000,5000.000,242.60,242.70,130.000,430.000,241.60,241.80,2500.000,5000.000,242.55,242.75,9279.000,3075.000,25000.000,17500.000,241.491,241.907,242.495,242.779,-0.950,-0.906
2017-04-20 14:03:00,241.720,242.675,464.000,15.000,241.65,241.80,2500.000,2500.000,242.60,242.70,535.000,317.000,241.60,241.85,7500.000,7500.000,242.55,242.75,10130.000,9239.000,22500.000,17500.000,241.501,241.980,242.506,242.793,-0.925,-0.915
2017-04-20 14:04:00,241.752,242.655,50.000,184.000,241.70,241.85,5000.000,5000.000,242.55,242.70,302.000,1653.000,241.65,241.90,10000.000,10000.000,242.50,242.75,6271.000,9058.000,27500.000,22500.000,241.532,241.982,242.459,242.778,-0.850,-0.929
2017-04-20 14:05:00,241.876,242.743,499.000,10.000,241.70,241.80,2500.000,2500.000,242.75,242.80,2944.000,49.000,241.65,241.90,2500.000,5000.000,242.70,242.85,20341.000,5614.000,15000.000,22500.000,241.579,242.014,242.642,242.917,-1.025,-0.938
2017-04-20 14:06:00,241.825,242.743,245.000,615.000,241.70,241.90,2500.000,5000.000,242.75,242.80,2725.000,1183.000,241.65,241.95,2500.000,2500.000,242.65,242.85,12020.000,10245.000,15000.000,22500.000,241.562,242.023,242.592,242.922,-0.975,-0.946
2017-04-20 14:07:00,241.817,242.703,109.000,402.000,241.70,241.80,2500.000,7500.000,242.70,242.80,380.000,68.000,241.65,241.85,2500.000,5000.000,242.65,242.85,10423.000,4793.000,15000.000,30000.000,241.550,241.973,242.583,242.904,-1.000,-0.929
2017-04-20 14:08:00,241.734,242.735,189.000,97.000,241.75,241.80,2500.000,5000.000,242.70,242.80,50.000,166.000,241.70,241.85,7500.000,2500.000,242.65,242.85,3392.000,4586.000,20000.000,22500.000,241.590,241.983,242.600,242.911,-0.975,-0.887
2017-04-20 14:09:00,241.844,242.817,3790.000,99.000,241.80,241.85,2500.000,7500.000,242.75,242.90,458.000,151.000,241.70,241.90,7500.000,2500.000,242.70,242.95,7979.000,3114.000,20000.000,25000.000,241.686,241.997,242.662,242.990,-1.000,-0.862
2017-04-20 14:10:00,241.960,242.875,1077.000,20.000,241.90,241.95,2500.000,7500.000,242.80,242.95,383.000,1510.000,241.85,242.00,2500.000,7500.000,242.75,243.00,6111.000,2920.000,22500.000,27500.000,241.812,242.052,242.694,243.023,-0.950,-0.873
2017-04-20 14:11:00,241.857,242.813,147.000,34.000,241.85,241.90,2500.000,5000.000,242.70,242.80,85.000,52.000,241.80,241.95,7500.000,2500.000,242.65,242.85,5949.000,6159.000,42500.000,22500.000,241.742,242.039,242.565,242.917,-0.875,-0.863
2017-04-20 14:12:00,241.960,242.760,456.000,902.000,241.80,242.00,2500.000,17500.000,242.75,242.80,6340.000,573.000,241.75,242.05,2500.000,2500.000,242.70,242.85,10507.000,5100.000,17500.000,32500.000,241.718,242.092,242.650,242.865,-0.875,-0.885
2017-04-20 14:13:00,241.898,242.691,521.000,744.000,241.85,241.95,5000.000,27500.000,242.65,242.80,4941.000,2706.000,241.75,242.00,2500.000,2500.000,242.60,242.85,8443.000,6460.000,22500.000,47500.000,241.717,242.038,242.544,242.853,-0.825,-0.925
2017-04-20 14:14:00,241.815,242.660,80.000,433.000,241.65,241.85,5000.000,2500.000,242.55,242.70,399.000,103.000,241.60,241.90,15000.000,7500.000,242.50,242.75,10325.000,6583.000,37500.000,22500.000,241.495,241.983,242.463,242.789,-0.875,-0.925
2017-04-20 14:15:00,241.795,242.766,30.000,144.000,241.85,241.90,2500.000,2500.000,242.75,242.80,168.000,113.000,241.70,241.95,2500.000,2500.000,242.70,242.85,4184.000,6544.000,22500.000,25000.000,241.580,242.033,242.617,242.935,-0.900,-0.915
2017-04-20 14:16:00,241.799,242.707,4446.000,46.000,241.70,241.80,2500.000,2500.000,242.65,242.75,758.000,60.000,241.60,241.85,2500.000,10000.000,242.60,242.80,16081.000,5574.000,27500.000,27500.000,241.551,241.980,242.527,242.850,-0.950,-0.938
2017-04-20 14:17:00,241.581,242.490,2506.000,180.000,241.50,241.55,5000.000,10000.000,242.40,242.60,1479.000,60.000,241.45,241.70,2500.000,7500.000,242.35,242.65,6799.000,3382.000,27500.000,35000.000,241.421,241.785,242.286,242.686,-0.975,-0.980
2017-04-20 14:18:00,241.467,242.458,13.000,725.000,241.50,241.55,2500.000,5000.000,242.35,242.50,821.000,400.000,241.45,241.60,5000.000,5000.000,242.30,242.55,2037.000,4069.000,32500.000,27500.000,241.372,241.689,242.223,242.591,-0.900,-0.981
2017-04-20 14:19:00,241.459,242.306,311.000,133.000,241.20,241.35,5000.000,2500.000,242.20,242.40,1053.000,89.000,241.15,241.40,2500.000,7500.000,242.15,242.45,14692.000,2014.000,20000.000,20000.000,241.037,241.491,242.100,242.488,-1.025,-0.987
2017-04-20 14:20:00,241.541,242.457,500.000,25.000,241.40,241.45,2500.000,5000.000,242.45,242.55,740.000,505.000,241.35,241.50,2500.000,2500.000,242.35,242.60,8880.000,1340.000,15000.000,20000.000,241.271,241.567,242.300,242.656,-1.075,-0.988
2017-04-20 14:21:00,241.308,242.334,310.000,140.000,241.15,241.30,2500.000,5000.000,242.25,242.40,2140.000,4571.000,241.10,241.35,12500.000,7500.000,242.20,242.45,17070.000,8483.000,25000.000,22500.000,241.009,241.408,242.160,242.489,-1.100,-0.942
2017-04-20 14:22:00,241.271,242.390,814.000,38.000,241.25,241.30,5000.000,5000.000,242.25,242.40,595.000,4042.000,241.20,241.35,15000.000,10000.000,242.20,242.45,6437.000,8090.000,45000.000,27500.000,241.109,241.415,242.106,242.500,-1.050,-0.909
2017-04-20 14:23:00,241.338,242.331,200.000,34.000,241.30,241.35,5000.000,5000.000,242.25,242.40,100.000,120.000,241.25,241.40,5000.000,5000.000,242.20,242.45,4757.000,3730.000,20000.000,20000.000,241.170,241.494,242.169,242.494,-1.000,-0.865
2017-04-20 14:24:00,241.521,242.400,121.000,588.000,241.20,241.45,10000.000,7500.000,242.25,242.40,3239.000,1146.000,241.15,241.50,7500.000,5000.000,242.20,242.45,16265.000,3181.000,40000.000,25000.000,241.049,241.539,242.113,242.505,-1.000,-0.852
2017-04-20 14:25:00,241.260,242.181,1181.000,383.000,241.15,241.30,2500.000,2500.000,242.10,242.25,1188.000,904.000,241.10,241.35,2500.000,2500.000,242.05,242.30,9621.000,6199.000,22500.000,17500.000,241.024,241.446,241.961,242.386,-0.950,-0.848
2017-04-20 14:26:00,241.313,242.109,1783.000,10.000,241.10,241.30,2500.000,7500.000,242.05,242.25,369.000,210.000,241.05,241.35,7500.000,2500.000,242.00,242.30,6179.000,1267.000,20000.000,22500.000,241.017,241.431,241.894,242.339,-0.950,-0.871
2017-04-20 14:27:00,240.987,241.943,145.000,50.000,241.00,241.10,5000.000,2500.000,241.80,242.00,159.000,160.000,240.90,241.15,12500.000,5000.000,241.75,242.05,3052.000,3973.000,32500.000,20000.000,240.790,241.275,241.715,242.137,-0.850,-0.847
2017-04-20 14:28:00,241.202,241.977,10.000,52.000,240.95,241.00,2500.000,7500.000,241.90,242.05,1854.000,400.000,240.90,241.15,2500.000,2500.000,241.85,242.10,9015.000,1352.000,17500.000,20000.000,240.795,241.196,241.786,242.137,-1.000,-0.851
2017-04-20 14:29:00,241.152,241.967,100.000,162.000,240.95,241.15,2500.000,5000.000,241.90,242.00,674.000,540.000,240.90,241.20,2500.000,7500.000,241.85,242.05,8634.000,4339.000,17500.000,20000.000,240.778,241.286,241.771,242.075,-0.900,-0.878
2017-04-20 14:30:00,241.046,241.947,1536.000,386.000,241.00,241.10,2500.000,15000.000,241.90,242.00,62.000,470.000,240.95,241.15,2500.000,7500.000,241.85,242.05,4889.000,4156.000,17500.000,32500.000,240.889,241.247,241.771,242.069,-0.900,-0.877
2017-04-20 14:31:00,241.057,241.967,1647.000,152.000,241.00,241.15,5000.000,2500.000,241.80,241.95,62.000,1312.000,240.95,241.20,2500.000,7500.000,241.75,242.00,3783.000,4585.000,37500.000,20000.000,240.911,241.243,241.667,242.044,-0.800,-0.855
2017-04-20 14:32:00,241.209,242.041,3511.000,34.000,241.10,241.20,25000.000,17500.000,242.00,242.10,393.000,210.000,241.05,241.35,5000.000,5000.000,241.95,242.15,11826.000,6698.000,37500.000,35000.000,241.010,241.457,241.963,242.161,-0.900,-0.861
2017-04-20 14:33:00,241.163,241.960,236.000,194.000,241.05,241.10,5000.000,5000.000,241.90,242.00,3000.000,160.000,241.00,241.25,5000.000,2500.000,241.85,242.05,6495.000,3923.000,20000.000,17500.000,240.941,241.318,241.806,242.093,-0.875,-0.875
2017-04-20 14:34:00,240.985,241.935,3617.000,100.000,240.75,240.95,2500.000,5000.000,241.75,241.95,1447.000,600.000,240.70,241.00,7500.000,10000.000,241.70,242.00,9921.000,1271.000,35000.000,22500.000,240.673,241.045,241.611,242.033,-1.000,-0.870
2017-04-20 14:35:00,241.098,241.991,185.000,59.000,241.05,241.10,2500.000,5000.000,241.90,242.00,369.000,618.000,240.90,241.15,5000.000,2500.000,241.85,242.05,7975.000,4400.000,25000.000,17500.000,240.788,241.255,241.780,242.093,-0.875,-0.868
2017-04-20 14:36:00,241.050,241.853,7217.000,400.000,241.00,241.05,2500.000,10000.000,241.75,242.00,583.000,200.000,240.90,241.10,2500.000,2500.000,241.70,242.05,10570.000,2553.000,17500.000,25000.000,240.934,241.167,241.636,242.080,-0.850,-0.902
2017-04-20 14:37:00,241.113,241.972,4957.000,34.000,241.00,241.10,5000.000,10000.000,241.80,242.00,60.000,269.000,240.90,241.15,5000.000,2500.000,241.75,242.05,12944.000,3573.000,30000.000,20000.000,240.865,241.270,241.671,242.062,-0.850,-0.921
2017-04-20 14:38:00,241.046,241.912,1608.000,422.000,240.90,241.10,2500.000,7500.000,241.85,242.00,504.000,435.000,240.85,241.15,2500.000,2500.000,241.80,242.05,8977.000,5296.000,12500.000,17500.000,240.781,241.248,241.750,242.071,-0.925,-0.919
2017-04-20 14:39:00,241.034,241.963,1912.000,726.000,241.00,241.05,2500.000,2500.000,241.80,241.95,1258.000,220.000,240.90,241.10,5000.000,10000.000,241.75,242.00,9896.000,4928.000,37500.000,20000.000,240.812,241.194,241.657,242.031,-0.850,-0.906
2017-04-20 14:40:00,241.078,241.957,7301.000,217.000,240.90,241.10,2500.000,10000.000,241.95,242.00,1709.000,461.000,240.85,241.15,2500.000,2500.000,241.90,242.05,18519.000,6009.000,12500.000,22500.000,240.816,241.248,241.850,242.072,-0.975,-0.911
2017-04-20 14:41:00,240.998,241.974,160.000,508.000,240.90,241.10,2500.000,12500.000,241.85,242.00,383.000,463.000,240.85,241.15,7500.000,2500.000,241.80,242.05,6166.000,6646.000,32500.000,25000.000,240.747,241.238,241.731,242.065,-0.925,-0.909
2017-04-20 14:42:00,240.800,241.755,749.000,34.000,240.75,240.80,2500.000,7500.000,241.65,241.75,5506.000,211.000,240.70,240.85,5000.000,2500.000,241.60,241.80,9130.000,3432.000,32500.000,20000.000,240.665,240.974,241.531,241.831,-0.925,-0.919
2017-04-20 14:43:00,240.889,241.748,264.000,17.000,240.75,240.80,5000.000,5000.000,241.65,241.80,5706.000,173.000,240.70,240.90,5000.000,5000.000,241.60,241.85,9134.000,1704.000,32500.000,25000.000,240.658,240.985,241.542,241.910,-0.950,-0.947
2017-04-20 14:44:00,240.479,241.342,249.000,339.000,240.20,240.35,5000.000,2500.000,241.20,241.35,696.000,411.000,240.15,240.40,5000.000,5000.000,241.15,241.40,30401.000,3704.000,35000.000,27500.000,240.021,240.477,241.064,241.464,-1.000,-0.957
2017-04-20 14:45:00,240.410,241.314,390.000,64.000,240.25,240.35,5000.000,7500.000,241.25,241.40,370.000,588.000,240.20,240.40,7500.000,5000.000,241.20,241.45,9982.000,3203.000,22500.000,30000.000,240.097,240.480,241.161,241.488,-1.025,-0.966
2017-04-20 14:46:00,240.403,241.369,283.000,1.000,240.25,240.30,7500.000,5000.000,241.20,241.40,130.000,399.000,240.20,240.35,2500.000,7500.000,241.15,241.45,9367.000,1589.000,35000.000,25000.000,240.100,240.424,241.075,241.485,-1.025,-0.963
2017-04-20 14:47:00,240.711,241.716,646.000,626.000,240.60,240.75,5000.000,2500.000,241.70,241.75,471.000,110.000,240.55,240.80,5000.000,2500.000,241.65,241.80,8657.000,4649.000,22500.000,17500.000,240.495,240.906,241.583,241.857,-1.050,-0.925
2017-04-20 14:48:00,240.544,241.542,822.000,50.000,240.50,240.55,2500.000,15000.000,241.50,241.60,943.000,200.000,240.40,240.65,10000.000,2500.000,241.45,241.65,10012.000,7357.000,20000.000,27500.000,240.315,240.766,241.412,241.664,-1.025,-0.906
2017-04-20 14:49:00,240.541,241.456,21.000,568.000,240.55,240.65,5000.000,2500.000,241.45,241.55,1415.000,787.000,240.50,240.70,2500.000,10000.000,241.40,241.60,5698.000,9650.000,17500.000,25000.000,240.366,240.767,241.350,241.650,-0.900,-0.899
2017-04-20 14:50:00,240.614,241.562,3.000,20.000,240.55,240.60,2500.000,5000.000,241.55,241.60,7062.000,1561.000,240.50,240.70,2500.000,2500.000,241.50,241.65,10835.000,7990.000,17500.000,22500.000,240.455,240.764,241.443,241.733,-1.000,-0.897
2017-04-20 14:51:00,240.532,241.480,940.000,334.000,240.50,240.55,2500.000,17500.000,241.40,241.60,500.000,995.000,240.40,240.60,5000.000,5000.000,241.35,241.65,6808.000,5061.000,17500.000,32500.000,240.315,240.685,241.293,241.673,-0.975,-0.888
2017-04-20 14:52:00,240.793,241.611,611.000,105.000,240.65,240.90,2500.000,2500.000,241.65,241.80,981.000,170.000,240.60,240.95,2500.000,2500.000,241.60,241.85,7653.000,6647.000,20000.000,27500.000,240.514,241.035,241.456,241.950,-0.950,-0.911
2017-04-20 14:53:00,240.644,241.544,14813.000,452.000,240.50,240.65,7500.000,10000.000,241.40,241.60,60.000,484.000,240.45,240.70,2500.000,2500.000,241.35,241.65,21697.000,4767.000,22500.000,20000.000,240.447,240.775,241.306,241.681,-0.925,-0.908
2017-04-20 14:54:00,240.642,241.525,2080.000,639.000,240.50,240.70,7500.000,10000.000,241.40,241.60,60.000,329.000,240.45,240.75,2500.000,2500.000,241.35,241.65,9618.000,6719.000,22500.000,22500.000,240.373,240.823,241.306,241.711,-0.900,-0.911
2017-04-20 14:55:00,240.644,241.578,1975.000,55.000,240.60,240.70,2500.000,5000.000,241.50,241.60,739.000,165.000,240.50,240.75,5000.000,5000.000,241.45,241.70,8182.000,5790.000,20000.000,20000.000,240.455,240.838,241.375,241.719,-0.900,-0.919
2017-04-20 14:56:00,240.714,241.620,1604.000,9.000,240.50,240.70,2500.000,5000.000,241.55,241.70,2679.000,173.000,240.45,240.75,7500.000,7500.000,241.50,241.75,12619.000,3378.000,17500.000,20000.000,240.381,240.879,241.457,241.781,-1.025,-0.924
2017-04-20 14:57:00,240.589,241.519,112.000,45.000,240.60,240.65,5000.000,2500.000,241.45,241.60,200.000,160.000,240.50,240.70,5000.000,2500.000,241.40,241.65,3973.000,4505.000,20000.000,20000.000,240.396,240.803,241.356,241.731,-0.900,-0.908
2017-04-20 14:58:00,240.868,241.756,5.000,100.000,240.85,240.95,2500.000,2500.000,241.70,241.85,60.000,491.000,240.75,241.00,2500.000,2500.000,241.65,241.90,3483.000,5656.000,20000.000,25000.000,240.625,241.087,241.569,241.975,-0.875,-0.928
2017-04-20 14:59:00,240.708,241.607,313.000,1201.000,240.65,240.75,2500.000,2500.000,241.50,241.70,266.000,65.000,240.60,240.80,2500.000,2500.000,241.45,241.75,5185.000,5462.000,17500.000,17500.000,240.497,240.877,241.364,241.807,-0.900,-0.951
2017-04-20 15:00:00,240.536,241.510,1464.000,207.000,240.40,240.45,7500.000,5000.000,241.40,241.55,1437.000,3615.000,240.35,240.50,2500.000,5000.000,241.35,241.60,13140.000,4693.000,30000.000,22500.000,240.280,240.529,241.296,241.633,-1.050,-0.969
2017-04-20 15:01:00,240.729,241.659,286.000,299.000,240.65,240.85,5000.000,5000.000,241.65,241.80,100.000,761.000,240.60,240.90,7500.000,5000.000,241.60,241.85,4593.000,6755.000,22500.000,32500.000,240.476,240.971,241.544,241.923,-0.975,-0.987
2017-04-20 15:02:00,240.872,241.721,163.000,357.000,240.85,240.90,2500.000,7500.000,241.70,241.85,282.000,1560.000,240.70,240.95,2500.000,5000.000,241.65,241.90,5752.000,5468.000,20000.000,40000.000,240.578,240.998,241.575,241.978,-0.900,-1.069
2017-04-20 15:03:00,240.718,241.708,276.000,363.000,240.65,240.70,5000.000,7500.000,241.65,241.80,858.000,170.000,240.60,240.80,5000.000,5000.000,241.60,241.85,4677.000,3243.000,27500.000,32500.000,240.522,240.901,241.541,241.912,-1.050,-1.094
2017-04-20 15:04:00,240.736,241.747,211.000,423.000,240.60,240.65,32500.000,2500.000,241.70,241.80,6069.000,2000.000,240.55,240.70,2500.000,5000.000,241.65,241.85,14872.000,3045.000,47500.000,25000.000,240.473,240.710,241.661,241.930,-1.125,-1.129
2017-04-20 15:05:00,240.936,242.003,13.000,805.000,240.90,240.95,2500.000,5000.000,241.90,242.05,100.000,710.000,240.85,241.00,2500.000,2500.000,241.85,242.10,2784.000,3436.000,20000.000,17500.000,240.762,241.038,241.781,242.136,-1.050,-1.139
2017-04-20 15:06:00,241.023,242.039,1296.000,163.000,240.80,240.95,2500.000,5000.000,241.95,242.05,370.000,678.000,240.75,241.00,2500.000,2500.000,241.90,242.10,10241.000,2241.000,22500.000,22500.000,240.656,241.053,241.817,242.189,-1.125,-1.166
2017-04-20 15:07:00,240.744,242.002,924.000,50.000,240.55,240.65,2500.000,5000.000,241.75,241.85,2668.000,833.000,240.50,240.70,2500.000,2500.000,241.70,241.90,17758.000,2265.000,87500.000,20000.000,240.418,240.758,241.619,242.031,-1.200,-1.154
2017-04-20 15:08:00,240.785,241.903,3997.000,672.000,240.70,240.75,30000.000,5000.000,241.80,241.90,4.000,398.000,240.60,240.80,2500.000,5000.000,241.75,241.95,17095.000,5242.000,67500.000,27500.000,240.498,240.875,241.719,242.027,-1.125,-1.186
2017-04-20 15:09:00,240.764,241.947,92.000,10.000,240.65,240.75,7500.000,10000.000,241.80,241.90,446.000,573.000,240.60,240.80,5000.000,7500.000,241.75,241.95,8556.000,4672.000,55000.000,30000.000,240.500,240.886,241.689,241.996,-1.150,-1.192
2017-04-20 15:10:00,240.784,241.905,337.000,335.000,240.70,240.80,2500.000,7500.000,241.80,241.90,65.000,374.000,240.65,240.85,5000.000,5000.000,241.75,241.95,10164.000,8635.000,47500.000,30000.000,240.520,240.947,241.674,242.012,-1.100,-1.198
2017-04-20 15:11:00,240.909,242.062,281.000,671.000,240.70,240.90,5000.000,5000.000,241.90,242.00,1294.000,737.000,240.65,240.95,5000.000,5000.000,241.85,242.05,19360.000,9155.000,35000.000,17500.000,240.537,241.019,241.775,242.107,-1.150,-1.194
2017-04-20 15:12:00,240.883,242.081,270.000,100.000,240.85,240.95,40000.000,5000.000,242.00,242.15,60.000,135.000,240.80,241.00,2500.000,5000.000,241.95,242.20,3663.000,4709.000,55000.000,30000.000,240.679,241.102,241.966,242.296,-1.175,-1.179
2017-04-20 15:13:00,240.900,242.178,858.000,723.000,240.80,240.95,5000.000,10000.000,241.95,242.15,260.000,371.000,240.75,241.00,10000.000,2500.000,241.90,242.20,7189.000,5201.000,65000.000,30000.000,240.672,241.096,241.852,242.300,-1.175,-1.144
2017-04-20 15:14:00,240.961,242.173,2363.000,38.000,240.90,240.95,2500.000,2500.000,242.05,242.10,2600.000,565.000,240.85,241.00,5000.000,5000.000,242.00,242.15,10444.000,4302.000,57500.000,22500.000,240.809,241.083,241.887,242.206,-1.150,-1.144
2017-04-20 15:15:00,240.970,242.119,1053.000,3901.000,240.85,241.00,2500.000,10000.000,241.95,242.10,521.000,593.000,240.80,241.05,7500.000,2500.000,241.90,242.15,9535.000,8883.000,65000.000,25000.000,240.709,241.065,241.844,242.175,-1.100,-1.137
2017-04-20 15:16:00,240.940,242.071,433.000,111.000,240.75,240.95,37500.000,2500.000,242.00,242.10,2804.000,888.000,240.70,241.00,5000.000,10000.000,241.95,242.15,14089.000,6243.000,55000.000,22500.000,240.617,241.084,241.966,242.183,-1.200,-1.123
2017-04-20 15:17:00,241.195,242.320,2500.000,24.000,241.00,241.05,82500.000,2500.000,242.20,242.35,41.000,360.000,240.95,241.20,2500.000,17500.000,242.15,242.40,16414.000,4224.000,107500.000,40000.000,240.846,241.317,242.163,242.453,-1.250,-1.083
2017-04-20 15:18:00,241.203,242.303,917.000,80.000,241.10,241.15,30000.000,5000.000,242.30,242.35,1326.000,1668.000,241.05,241.20,2500.000,12500.000,242.25,242.40,12994.000,4943.000,45000.000,45000.000,240.960,241.277,242.256,242.439,-1.200,-1.073
2017-04-20 15:19:00,241.011,242.224,111.000,98.000,241.00,241.05,2500.000,2500.000,242.05,242.20,1498.000,176.000,240.85,241.10,5000.000,5000.000,242.00,242.25,11141.000,7211.000,72500.000,27500.000,240.762,241.214,241.909,242.314,-1.100,-1.045
2017-04-20 15:20:00,241.047,242.162,3936.000,38.000,241.00,241.05,7500.000,2500.000,242.05,242.15,2270.000,222.000,240.90,241.10,5000.000,15000.000,242.00,242.20,13790.000,5947.000,80000.000,42500.000,240.862,241.199,241.920,242.259,-1.075,-1.031
2017-04-20 15:21:00,241.088,242.149,1671.000,1929.000,241.05,241.10,5000.000,5000.000,242.05,242.10,1475.000,535.000,241.00,241.15,10000.000,5000.000,242.00,242.15,8196.000,6405.000,82500.000,32500.000,240.907,241.190,241.923,242.200,-1.000,-1.029
2017-04-20 15:22:00,241.475,242.403,675.000,389.000,241.25,241.40,5000.000,5000.000,242.35,242.40,2347.000,633.000,241.20,241.50,55000.000,10000.000,242.30,242.45,9176.000,2190.000,67500.000,27500.000,241.143,241.542,242.293,242.482,-1.050,-1.061
2017-04-20 15:23:00,241.525,242.575,3605.000,45.000,241.50,241.55,10000.000,7500.000,242.50,242.65,50.000,3089.000,241.45,241.60,2500.000,5000.000,242.45,242.70,6143.000,4812.000,22500.000,22500.000,241.438,241.637,242.422,242.728,-1.050,-1.088
2017-04-20 15:24:00,241.670,242.740,21757.000,191.000,241.60,241.65,17500.000,2500.000,242.70,242.75,1720.000,1080.000,241.55,241.70,2500.000,5000.000,242.65,242.80,31699.000,3131.000,40000.000,22500.000,241.562,241.761,242.622,242.867,-1.100,-1.096
2017-04-20 15:25:00,241.595,242.644,316.000,25.000,241.55,241.60,5000.000,15000.000,242.55,242.75,7593.000,154.000,241.50,241.65,5000.000,10000.000,242.50,242.80,11973.000,4472.000,25000.000,35000.000,241.451,241.741,242.445,242.807,-1.075,-1.113
2017-04-20 15:26:00,241.662,242.713,1201.000,154.000,241.60,241.65,12500.000,7500.000,242.65,242.80,9.000,913.000,241.55,241.70,2500.000,5000.000,242.60,242.85,12110.000,5054.000,30000.000,30000.000,241.492,241.775,242.575,242.900,-1.100,-1.113
2017-04-20 15:27:00,241.530,242.617,6580.000,411.000,241.50,241.55,7500.000,2500.000,242.45,242.60,1.000,1.000,241.40,241.60,2500.000,2500.000,242.40,242.65,7294.000,1551.000,70000.000,27500.000,241.478,241.657,242.316,242.732,-1.000,-1.113
2017-04-20 15:28:00,241.532,242.715,10.000,494.000,241.30,241.40,2500.000,2500.000,242.50,242.70,1525.000,100.000,241.20,241.45,5000.000,15000.000,242.45,242.75,11735.000,671.000,65000.000,32500.000,241.038,241.425,242.337,242.781,-1.250,-1.113
2017-04-20 15:29:00,241.454,242.562,2597.000,33.000,241.10,241.40,7500.000,2500.000,242.40,242.60,700.000,1109.000,241.05,241.60,5000.000,2500.000,242.35,242.65,10811.000,4296.000,72500.000,35000.000,240.981,241.704,242.300,242.725,-1.250,-1.113
2017-04-20 15:30:00,241.340,242.474,2400.000,330.000,241.05,241.50,17500.000,2500.000,242.50,242.60,2500.000,262.000,240.95,241.55,2500.000,7500.000,242.30,242.70,12400.000,5379.000,30000.000,27500.000,240.828,241.688,242.387,242.786,-1.275,-1.113
2017-04-21 09:16:00,242.135,243.336,152.000,315.000,242.25,242.35,2500.000,2500.000,243.15,243.40,269.000,50.000,242.20,242.45,2500.000,2500.000,243.10,243.45,1082.000,7018.000,15000.000,12500.000,242.120,242.624,242.983,243.570,-0.975,-0.754
2017-04-21 09:17:00,241.897,242.807,499.000,432.000,241.85,241.95,2500.000,2500.000,242.65,242.85,28.000,2500.000,241.80,242.10,2500.000,2500.000,242.60,242.90,2637.000,5555.000,22500.000,15000.000,241.684,242.161,242.267,243.000,-0.850,-0.709
2017-04-21 09:18:00,242.070,242.742,29.000,105.000,241.95,242.00,2500.000,2500.000,242.90,242.95,858.000,1362.000,241.90,242.20,2500.000,2500.000,242.55,243.00,4878.000,5671.000,12500.000,17500.000,241.808,242.260,242.520,243.214,-0.950,-0.679
2017-04-21 09:19:00,242.179,242.979,22.000,687.000,242.15,242.25,2500.000,5000.000,242.90,243.25,128.000,50.000,242.10,242.40,2500.000,2500.000,242.85,243.30,481.000,1351.000,12500.000,17500.000,242.030,242.372,242.700,243.379,-0.875,-0.642
2017-04-21 09:20:00,241.985,242.700,138.000,511.000,242.00,242.15,5000.000,2500.000,242.60,242.85,52.000,639.000,241.95,242.20,2500.000,2500.000,242.55,242.90,2189.000,7528.000,17500.000,15000.000,241.871,242.261,242.443,242.958,-0.650,-0.649
2017-04-21 09:21:00,241.974,242.650,2404.000,399.000,241.95,242.00,10000.000,2500.000,242.60,242.80,1097.000,50.000,241.90,242.15,2500.000,5000.000,242.50,242.85,6528.000,8176.000,22500.000,20000.000,241.860,242.213,242.406,242.988,-0.725,-0.657
2017-04-21 09:22:00,241.803,242.485,454.000,1367.000,241.65,241.90,5000.000,5000.000,242.10,242.40,464.000,454.000,241.60,241.95,2500.000,2500.000,242.05,242.55,9416.000,5711.000,30000.000,20000.000,241.479,242.029,241.929,242.787,-0.475,-0.690
2017-04-21 09:23:00,242.475,242.998,238.000,25.000,242.35,242.45,7500.000,7500.000,243.05,243.25,719.000,107.000,242.30,242.50,5000.000,2500.000,242.80,243.35,5462.000,1823.000,22500.000,27500.000,242.224,242.627,242.772,243.395,-0.750,-0.690
2017-04-21 09:24:00,242.385,243.000,938.000,116.000,242.30,242.35,5000.000,7500.000,242.90,243.15,14.000,100.000,242.25,242.40,2500.000,2500.000,242.85,243.30,1994.000,836.000,20000.000,25000.000,242.206,242.507,242.775,243.325,-0.700,-0.676
2017-04-21 09:25:00,242.551,243.303,1035.000,86.000,242.40,242.45,2500.000,5000.000,243.25,243.45,2233.000,5.000,242.35,242.60,2500.000,2500.000,243.20,243.50,7042.000,1764.000,15000.000,22500.000,242.302,242.723,243.133,243.617,-0.925,-0.666
2017-04-21 09:26:00,242.698,243.412,546.000,319.000,242.70,242.80,2500.000,2500.000,243.35,243.70,9.000,454.000,242.65,242.85,2500.000,5000.000,243.30,243.75,2859.000,3947.000,12500.000,20000.000,242.510,242.952,243.190,243.844,-0.775,-0.666
2017-04-21 09:27:00,242.482,243.329,15.000,820.000,242.50,242.75,2500.000,2500.000,243.30,243.60,2820.000,464.000,242.40,242.80,2500.000,2500.000,243.25,243.65,5852.000,9886.000,12500.000,17500.000,242.323,242.956,243.130,243.729,-0.825,-0.642
2017-04-21 09:28:00,242.565,243.087,80.000,616.000,242.50,242.60,2500.000,2500.000,243.20,243.45,8.000,50.000,242.45,242.65,2500.000,7500.000,243.05,243.50,1719.000,2170.000,12500.000,35000.000,242.312,242.711,242.980,243.650,-0.775,-0.673
2017-04-21 09:29:00,242.529,243.072,97.000,178.000,242.35,242.50,5000.000,5000.000,243.05,243.35,114.000,110.000,242.30,242.55,2500.000,2500.000,243.00,243.40,2540.000,1142.000,15000.000,30000.000,242.188,242.617,242.942,243.471,-0.775,-0.715
2017-04-21 09:30:00,242.584,243.286,471.000,238.000,242.45,242.55,5000.000,2500.000,243.30,243.45,1865.000,50.000,242.40,242.65,2500.000,10000.000,243.25,243.50,6118.000,3164.000,22500.000,32500.000,242.317,242.744,243.078,243.569,-0.875,-0.735
2017-04-21 09:31:00,242.229,242.944,1244.000,414.000,242.00,242.25,2500.000,5000.000,242.75,243.00,1288.000,1100.000,241.95,242.30,2500.000,2500.000,242.70,243.15,7160.000,2981.000,22500.000,20000.000,241.888,242.340,242.600,243.181,-0.750,-0.763
2017-04-21 09:32:00,242.146,242.870,57.000,260.000,242.05,242.15,5000.000,2500.000,242.75,242.90,806.000,389.000,242.00,242.20,2500.000,5000.000,242.70,243.00,4092.000,2829.000,20000.000,17500.000,241.888,242.294,242.656,243.071,-0.725,-0.831
2017-04-21 09:33:00,242.191,242.868,943.000,384.000,242.05,242.15,10000.000,2500.000,242.85,242.95,4996.000,60.000,242.00,242.25,5000.000,5000.000,242.80,243.00,9726.000,3001.000,25000.000,22500.000,241.970,242.327,242.740,243.144,-0.800,-0.873
2017-04-21 09:34:00,242.342,243.095,1915.000,524.000,242.15,242.40,2500.000,2500.000,243.05,243.20,394.000,1627.000,242.10,242.45,7500.000,20000.000,243.00,243.25,9181.000,5098.000,20000.000,32500.000,242.040,242.508,242.925,243.273,-0.850,-0.925
2017-04-21 09:35:00,242.324,243.131,92.000,116.000,242.40,242.45,2500.000,2500.000,243.05,243.20,407.000,489.000,242.35,242.50,7500.000,5000.000,243.00,243.25,1034.000,3280.000,22500.000,17500.000,242.285,242.602,242.906,243.293,-0.700,-0.956
2017-04-21 09:36:00,241.941,242.792,677.000,2597.000,241.80,242.00,2500.000,2500.000,242.75,242.90,1677.000,50.000,241.75,242.05,2500.000,5000.000,242.70,243.00,6947.000,5017.000,17500.000,32500.000,241.704,242.074,242.614,243.046,-0.925,-0.973
2017-04-21 09:37:00,241.285,242.350,449.000,100.000,241.10,241.30,2500.000,2500.000,242.15,242.45,220.000,964.000,241.05,241.35,2500.000,2500.000,242.10,242.50,5747.000,2979.000,17500.000,12500.000,240.948,241.437,242.036,242.550,-1.100,-0.922
2017-04-21 09:38:00,241.154,242.043,526.000,716.000,241.00,241.05,2500.000,2500.000,242.05,242.20,52.000,394.000,240.90,241.15,7500.000,2500.000,242.00,242.25,19464.000,6337.000,25000.000,30000.000,240.790,241.222,241.880,242.346,-1.100,-0.922
2017-04-21 09:39:00,240.622,241.633,6.000,591.000,240.65,240.80,2500.000,5000.000,241.55,241.80,185.000,304.000,240.60,240.85,7500.000,7500.000,241.50,241.85,3393.000,9728.000,30000.000,35000.000,240.498,240.996,241.363,241.918,-0.950,-0.902
2017-04-21 09:40:00,240.786,241.750,477.000,285.000,240.60,240.75,2500.000,2500.000,241.75,241.90,3025.000,50.000,240.55,240.85,2500.000,5000.000,241.60,241.95,15259.000,6192.000,27500.000,37500.000,240.467,240.968,241.527,242.013,-1.150,-0.878
2017-04-21 09:41:00,240.517,241.450,927.000,358.000,240.50,240.55,2500.000,5000.000,241.35,241.65,25.000,454.000,240.30,240.60,2500.000,10000.000,241.30,241.70,5189.000,3413.000,20000.000,32500.000,240.217,240.692,241.225,241.781,-0.975,-0.870
2017-04-21 09:42:00,240.606,241.417,706.000,504.000,240.50,240.55,2500.000,7500.000,241.40,241.65,2500.000,50.000,240.40,240.65,2500.000,2500.000,241.35,241.70,11517.000,4355.000,15000.000,35000.000,240.286,240.725,241.250,241.746,-1.000,-0.853
2017-04-21 09:43:00,240.716,241.605,73.000,456.000,240.75,240.80,2500.000,15000.000,241.55,241.80,164.000,554.000,240.60,240.85,5000.000,7500.000,241.50,241.85,5723.000,5653.000,15000.000,35000.000,240.523,240.957,241.458,241.868,-0.900,-0.860
2017-04-21 09:44:00,240.729,241.643,349.000,174.000,240.75,240.85,5000.000,5000.000,241.60,241.85,110.000,150.000,240.65,240.90,2500.000,2500.000,241.55,241.90,4672.000,6323.000,20000.000,37500.000,240.582,241.001,241.481,241.953,-0.925,-0.814
2017-04-21 09:45:00,240.985,241.825,11.000,100.000,240.85,240.95,2500.000,5000.000,241.80,242.00,2520.000,228.000,240.80,241.00,2500.000,2500.000,241.75,242.05,7366.000,2616.000,15000.000,35000.000,240.711,241.109,241.633,242.132,-1.000,-0.795
2017-04-21 09:46:00,240.978,241.872,1421.000,107.000,241.00,241.05,2500.000,2500.000,241.85,242.05,50.000,454.000,240.95,241.15,5000.000,2500.000,241.80,242.10,4834.000,8021.000,15000.000,30000.000,240.889,241.254,241.758,242.162,-0.925,-0.764
2017-04-21 09:47:00,240.853,241.583,2050.000,631.000,240.70,240.90,2500.000,2500.000,241.70,241.80,1050.000,759.000,240.65,240.95,5000.000,2500.000,241.50,241.85,13093.000,8980.000,17500.000,32500.000,240.564,241.013,241.479,241.946,-0.950,-0.770
2017-04-21 09:48:00,240.617,241.538,425.000,213.000,240.65,240.75,2500.000,2500.000,241.50,241.75,237.000,492.000,240.60,240.85,2500.000,2500.000,241.45,241.80,3978.000,8693.000,15000.000,27500.000,240.524,240.970,241.350,241.850,-0.925,-0.747
2017-04-21 09:49:00,240.212,240.897,490.000,529.000,240.05,240.15,2500.000,2500.000,240.90,241.10,155.000,110.000,240.00,240.25,2500.000,7500.000,240.85,241.15,6837.000,3354.000,12500.000,30000.000,239.889,240.326,240.800,241.258,-0.900,-0.748
2017-04-21 09:50:00,240.338,241.081,10.000,50.000,240.30,240.40,2500.000,2500.000,241.05,241.25,50.000,348.000,240.20,240.45,2500.000,7500.000,241.00,241.30,4500.000,5090.000,12500.000,27500.000,240.066,240.529,240.950,241.341,-0.800,-0.753
2017-04-21 09:51:00,240.326,241.067,86.000,681.000,240.25,240.45,5000.000,2500.000,241.10,241.15,604.000,2167.000,240.20,240.50,2500.000,2500.000,240.95,241.20,7355.000,9686.000,15000.000,15000.000,240.095,240.585,240.942,241.258,-0.775,-0.749
2017-04-21 09:52:00,240.177,240.937,251.000,110.000,240.15,240.20,2500.000,2500.000,240.85,241.05,200.000,50.000,240.10,240.25,5000.000,5000.000,240.80,241.10,2132.000,2257.000,17500.000,20000.000,240.022,240.380,240.750,241.150,-0.775,-0.755
2017-04-21 09:53:00,240.223,241.031,1.000,335.000,240.20,240.25,2500.000,2500.000,240.90,241.05,21.000,500.000,240.15,240.30,5000.000,5000.000,240.85,241.10,3911.000,5754.000,25000.000,15000.000,240.008,240.453,240.785,241.142,-0.750,-0.716
2017-04-21 09:54:00,240.237,240.928,21.000,1354.000,240.15,240.25,5000.000,7500.000,240.80,241.05,50.000,500.000,240.10,240.30,7500.000,5000.000,240.75,241.10,3663.000,3709.000,22500.000,22500.000,239.977,240.347,240.711,241.150,-0.725,-0.728
2017-04-21 09:55:00,240.196,240.963,132.000,200.000,240.10,240.15,5000.000,5000.000,240.90,241.10,364.000,400.000,240.05,240.20,2500.000,2500.000,240.80,241.15,6443.000,2845.000,22500.000,25000.000,239.954,240.282,240.756,241.195,-0.875,-0.716
2017-04-21 09:56:00,240.004,240.721,14.000,832.000,240.05,240.10,2500.000,2500.000,240.70,240.90,1268.000,364.000,240.00,240.15,2500.000,7500.000,240.60,240.95,1408.000,3458.000,12500.000,22500.000,239.990,240.209,240.530,241.028,-0.725,-0.706
2017-04-21 09:57:00,240.096,240.886,565.000,153.000,240.10,240.15,2500.000,5000.000,240.75,240.95,50.000,688.000,240.05,240.25,7500.000,2500.000,240.70,241.00,2366.000,3444.000,20000.000,15000.000,239.993,240.338,240.662,241.050,-0.725,-0.719
2017-04-21 09:58:00,239.888,240.503,250.000,458.000,239.65,239.85,7500.000,10000.000,240.35,240.60,350.000,703.000,239.60,239.90,5000.000,2500.000,240.30,240.65,9028.000,2777.000,22500.000,20000.000,239.509,239.949,240.233,240.681,-0.725,-0.742
2017-04-21 09:59:00,239.596,240.345,15.000,738.000,239.60,239.65,2500.000,2500.000,240.30,240.40,514.000,665.000,239.55,239.75,2500.000,2500.000,240.25,240.45,3596.000,5990.000,12500.000,15000.000,239.476,239.834,240.200,240.517,-0.725,-0.772
2017-04-21 10:00:00,239.813,240.522,432.000,639.000,239.65,239.85,2500.000,2500.000,240.45,240.60,627.000,516.000,239.60,239.90,5000.000,5000.000,240.40,240.65,8901.000,5778.000,20000.000,20000.000,239.495,239.984,240.350,240.706,-0.775,-0.791
2017-04-21 10:01:00,239.951,240.619,607.000,241.000,239.70,239.85,2500.000,5000.000,240.50,240.75,525.000,110.000,239.65,239.95,2500.000,7500.000,240.45,240.80,9789.000,2885.000,17500.000,22500.000,239.533,240.029,240.393,240.850,-0.850,-0.813
2017-04-21 10:02:00,239.690,240.543,141.000,208.000,239.70,239.80,2500.000,2500.000,240.40,240.60,594.000,529.000,239.65,239.85,5000.000,5000.000,240.35,240.65,3051.000,5193.000,20000.000,17500.000,239.551,239.963,240.287,240.750,-0.750,-0.808
2017-04-21 10:03:00,240.084,240.813,641.000,171.000,239.85,240.00,2500.000,2500.000,240.75,240.90,761.000,387.000,239.80,240.10,7500.000,2500.000,240.70,240.95,12637.000,3584.000,20000.000,17500.000,239.704,240.196,240.644,241.064,-0.900,-0.842
2017-04-21 10:04:00,239.939,240.838,200.000,161.000,240.00,240.10,5000.000,2500.000,240.70,240.90,227.000,828.000,239.95,240.20,5000.000,2500.000,240.65,241.00,1155.000,4850.000,20000.000,12500.000,239.896,240.282,240.588,241.040,-0.750,-0.802
2017-04-21 10:05:00,240.028,240.832,100.000,297.000,240.05,240.10,2500.000,2500.000,240.75,240.90,1029.000,10.000,240.00,240.15,2500.000,5000.000,240.70,241.05,1599.000,2315.000,15000.000,20000.000,239.966,240.229,240.633,241.137,-0.750,-0.831
2017-04-21 10:06:00,240.071,240.850,1564.000,60.000,240.05,240.10,2500.000,2500.000,240.75,240.90,686.000,404.000,240.00,240.15,2500.000,2500.000,240.70,241.00,3561.000,2685.000,15000.000,17500.000,239.968,240.227,240.650,241.136,-0.750,-0.844
2017-04-21 10:07:00,240.104,240.935,1424.000,90.000,240.05,240.10,2500.000,2500.000,240.85,241.00,1656.000,60.000,240.00,240.20,2500.000,2500.000,240.80,241.10,4695.000,2404.000,15000.000,17500.000,239.967,240.315,240.750,241.200,-0.850,-0.817
2017-04-21 10:08:00,241.189,242.086,427.000,505.000,241.10,241.20,5000.000,2500.000,241.95,242.20,2500.000,547.000,241.05,241.25,2500.000,2500.000,241.90,242.25,3809.000,1730.000,20000.000,15000.000,241.030,241.288,241.819,242.317,-0.925,-0.799
2017-04-21 10:09:00,240.974,241.675,287.000,196.000,240.70,240.90,2500.000,2500.000,241.55,241.80,179.000,60.000,240.65,240.95,2500.000,2500.000,241.50,241.85,7261.000,1970.000,20000.000,20000.000,240.520,241.020,241.425,241.900,-0.875,-0.839
2017-04-21 10:10:00,240.759,241.705,239.000,71.000,240.80,240.90,2500.000,7500.000,241.60,241.75,125.000,78.000,240.75,240.95,7500.000,2500.000,241.50,241.80,1267.000,3512.000,27500.000,20000.000,240.673,241.038,241.427,241.831,-0.825,-0.800
2017-04-21 10:11:00,240.774,241.620,184.000,223.000,240.85,240.95,10000.000,10000.000,241.50,241.70,596.000,1635.000,240.80,241.00,5000.000,5000.000,241.45,241.80,878.000,5350.000,30000.000,25000.000,240.798,241.064,241.412,241.815,-0.700,-0.747
2017-04-21 10:12:00,240.761,241.457,481.000,336.000,240.45,240.75,5000.000,5000.000,241.30,241.55,1412.000,444.000,240.40,240.80,5000.000,2500.000,241.25,241.60,11091.000,3554.000,20000.000,17500.000,240.295,240.888,241.213,241.686,-0.825,-0.718
2017-04-21 10:13:00,240.313,241.118,539.000,652.000,240.40,240.50,5000.000,2500.000,241.00,241.20,144.000,465.000,240.30,240.55,2500.000,7500.000,240.95,241.25,2251.000,7160.000,20000.000,22500.000,240.226,240.643,240.863,241.361,-0.650,-0.672
2017-04-21 10:14:00,240.326,241.226,588.000,515.000,240.40,240.50,2500.000,5000.000,241.05,241.20,100.000,304.000,240.30,240.55,5000.000,2500.000,241.00,241.25,2803.000,7284.000,27500.000,15000.000,240.220,240.648,240.855,241.317,-0.675,-0.614
2017-04-21 10:15:00,240.343,241.094,609.000,502.000,240.40,240.50,2500.000,12500.000,241.00,241.15,150.000,483.000,240.30,240.55,2500.000,2500.000,240.95,241.20,2976.000,7440.000,17500.000,25000.000,240.219,240.629,240.843,241.230,-0.625,-0.591
2017-04-21 10:16:00,240.303,240.888,151.000,975.000,240.30,240.40,2500.000,12500.000,240.80,241.00,53.000,222.000,240.20,240.45,5000.000,2500.000,240.75,241.05,5463.000,7989.000,15000.000,27500.000,240.093,240.528,240.708,241.136,-0.550,-0.604
2017-04-21 10:17:00,240.166,240.716,8.000,1124.000,240.15,240.20,5000.000,10000.000,240.65,240.85,1180.000,204.000,240.10,240.30,5000.000,7500.000,240.60,240.90,6886.000,9380.000,17500.000,30000.000,240.017,240.388,240.571,240.933,-0.575,-0.631
2017-04-21 10:18:00,240.146,240.720,1155.000,556.000,240.10,240.15,5000.000,7500.000,240.65,240.80,1474.000,288.000,240.05,240.20,7500.000,2500.000,240.60,240.85,7686.000,4442.000,25000.000,25000.000,240.005,240.274,240.565,240.895,-0.600,-0.647
2017-04-21 10:19:00,240.100,240.711,1182.000,556.000,240.10,240.15,5000.000,7500.000,240.65,240.80,1474.000,288.000,240.05,240.20,7500.000,2500.000,240.60,240.85,6096.000,7026.000,22500.000,25000.000,240.016,240.334,240.572,240.890,-0.600,-0.656
2017-04-21 10:20:00,240.045,240.680,1829.000,558.000,240.05,240.10,5000.000,10000.000,240.60,240.75,1881.000,2646.000,240.00,240.25,10000.000,7500.000,240.55,240.80,4944.000,8380.000,25000.000,30000.000,239.994,240.301,240.525,240.842,-0.600,-0.641
2017-04-21 10:21:00,240.033,240.685,110.000,841.000,240.05,240.10,2500.000,7500.000,240.60,240.75,1569.000,2686.000,240.00,240.25,7500.000,10000.000,240.55,240.80,2995.000,8727.000,22500.000,27500.000,239.961,240.294,240.511,240.845,-0.600,-0.640
2017-04-21 10:22:00,240.000,240.685,229.000,701.000,240.05,240.10,2500.000,7500.000,240.60,240.75,1633.000,60.000,240.00,240.20,7500.000,10000.000,240.55,240.80,3343.000,8158.000,22500.000,27500.000,239.965,240.290,240.511,240.845,-0.600,-0.630
2017-04-21 10:23:00,239.972,240.624,3.000,756.000,240.05,240.10,2500.000,10000.000,240.55,240.70,1358.000,152.000,240.00,240.15,5000.000,7500.000,240.50,240.75,2286.000,8235.000,20000.000,32500.000,239.962,240.238,240.450,240.827,-0.550,-0.633
2017-04-21 10:24:00,240.035,240.691,513.000,2665.000,240.05,240.25,2500.000,7500.000,240.60,240.75,1117.000,342.000,240.00,240.30,2500.000,10000.000,240.55,240.80,3734.000,11209.000,27500.000,27500.000,239.950,240.370,240.491,240.841,-0.525,-0.618
2017-04-21 10:25:00,239.991,240.553,7.000,1484.000,239.95,240.00,2500.000,2500.000,240.50,240.65,459.000,3852.000,239.90,240.15,2500.000,7500.000,240.45,240.70,5260.000,10647.000,20000.000,30000.000,239.784,240.181,240.381,240.779,-0.600,-0.638
2017-04-21 10:26:00,239.881,240.525,474.000,398.000,239.90,239.95,2500.000,5000.000,240.45,240.65,522.000,596.000,239.85,240.00,2500.000,2500.000,240.40,240.70,3584.000,5082.000,17500.000,22500.000,239.764,240.113,240.336,240.750,-0.625,-0.650
2017-04-21 10:27:00,239.989,240.623,914.000,163.000,239.90,239.95,2500.000,5000.000,240.60,240.70,741.000,596.000,239.85,240.00,2500.000,5000.000,240.50,240.75,8682.000,6348.000,15000.000,22500.000,239.775,240.179,240.442,240.794,-0.725,-0.666
2017-04-21 10:28:00,239.780,240.450,10.000,135.000,239.80,239.90,2500.000,5000.000,240.40,240.50,485.000,202.000,239.75,239.95,5000.000,2500.000,240.35,240.55,4188.000,8778.000,17500.000,17500.000,239.663,240.043,240.307,240.593,-0.600,-0.659
2017-04-21 10:29:00,239.841,240.420,370.000,1446.000,239.80,239.90,5000.000,2500.000,240.35,240.55,645.000,114.000,239.75,239.95,2500.000,7500.000,240.30,240.60,4184.000,5304.000,17500.000,20000.000,239.675,240.004,240.243,240.644,-0.600,-0.667
2017-04-21 10:30:00,239.724,240.387,234.000,448.000,239.75,239.80,5000.000,5000.000,240.35,240.45,1000.000,404.000,239.70,239.90,2500.000,7500.000,240.25,240.50,5132.000,10921.000,20000.000,20000.000,239.614,239.997,240.213,240.525,-0.625,-0.654
2017-04-21 10:31:00,239.755,240.458,292.000,490.000,239.75,239.80,2500.000,2500.000,240.40,240.50,1385.000,60.000,239.70,239.90,2500.000,5000.000,240.35,240.55,5549.000,7851.000,15000.000,17500.000,239.625,239.996,240.283,240.600,-0.675,-0.637
2017-04-21 10:32:00,239.764,240.477,155.000,523.000,239.75,239.80,5000.000,5000.000,240.40,240.55,1121.000,60.000,239.70,239.90,2500.000,2500.000,240.35,240.60,4747.000,5826.000,17500.000,20000.000,239.618,240.009,240.314,240.662,-0.700,-0.637
2017-04-21 10:33:00,239.789,240.425,1121.000,840.000,239.70,239.80,5000.000,2500.000,240.40,240.50,634.000,60.000,239.65,239.90,2500.000,5000.000,240.35,240.55,10008.000,9114.000,17500.000,22500.000,239.552,239.980,240.307,240.606,-0.700,-0.661
2017-04-21 10:34:00,239.589,240.208,10.000,964.000,239.60,239.65,5000.000,5000.000,240.15,240.35,2137.000,200.000,239.50,239.70,2500.000,5000.000,240.10,240.40,5638.000,6303.000,17500.000,27500.000,239.425,239.786,240.057,240.450,-0.625,-0.701
2017-04-21 10:35:00,239.572,240.170,1823.000,540.000,239.50,239.55,10000.000,5000.000,240.10,240.30,223.000,148.000,239.45,239.60,2500.000,7500.000,240.05,240.35,4192.000,1336.000,25000.000,25000.000,239.428,239.634,240.020,240.400,-0.675,-0.720
2017-04-21 10:36:00,239.572,240.192,3898.000,672.000,239.50,239.55,5000.000,7500.000,240.10,240.30,211.000,148.000,239.45,239.60,2500.000,2500.000,240.05,240.40,6467.000,1468.000,20000.000,25000.000,239.445,239.627,240.000,240.430,-0.675,-0.744
2017-04-21 10:37:00,239.614,240.326,1898.000,736.000,239.50,239.55,5000.000,2500.000,240.25,240.40,158.000,148.000,239.45,239.60,5000.000,7500.000,240.20,240.50,6546.000,1228.000,20000.000,22500.000,239.406,239.597,240.144,240.544,-0.800,-0.741
2017-04-21 10:38:00,239.611,240.369,1730.000,325.000,239.50,239.70,2500.000,5000.000,240.25,240.45,147.000,177.000,239.45,239.75,7500.000,5000.000,240.20,240.50,5182.000,3806.000,20000.000,20000.000,239.411,239.830,240.137,240.556,-0.750,-0.714
2017-04-21 10:39:00,239.586,240.403,200.000,855.000,239.70,239.80,5000.000,2500.000,240.30,240.50,190.000,314.000,239.60,239.85,5000.000,5000.000,240.25,240.55,2750.000,10266.000,20000.000,17500.000,239.520,239.961,240.213,240.593,-0.650,-0.694
2017-04-21 10:40:00,239.664,240.356,17.000,749.000,239.55,239.70,2500.000,2500.000,240.25,240.45,2191.000,70.000,239.50,239.75,5000.000,5000.000,240.20,240.50,5520.000,3775.000,20000.000,20000.000,239.429,239.817,240.125,240.544,-0.725,-0.682
2017-04-21 10:41:00,239.564,240.306,32.000,649.000,239.60,239.70,2500.000,2500.000,240.25,240.40,226.000,365.000,239.55,239.75,2500.000,2500.000,240.20,240.45,2667.000,6752.000,17500.000,22500.000,239.453,239.848,240.114,240.506,-0.675,-0.686
2017-04-21 10:42:00,239.618,240.312,49.000,405.000,239.55,239.65,2500.000,2500.000,240.25,240.40,1008.000,422.000,239.50,239.70,2500.000,7500.000,240.20,240.45,4409.000,3691.000,17500.000,22500.000,239.411,239.786,240.114,240.494,-0.725,-0.668
2017-04-21 10:43:00,239.708,240.330,124.000,168.000,239.60,239.65,5000.000,2500.000,240.25,240.45,160.000,12.000,239.55,239.70,5000.000,5000.000,240.20,240.50,3697.000,1295.000,17500.000,20000.000,239.457,239.784,240.171,240.581,-0.725,-0.677
2017-04-21 10:44:00,239.659,240.378,832.000,142.000,239.65,239.70,2500.000,2500.000,240.30,240.45,130.000,120.000,239.60,239.75,5000.000,2500.000,240.25,240.50,2876.000,2962.000,22500.000,22500.000,239.541,239.836,240.156,240.556,-0.700,-0.667
2017-04-21 10:45:00,239.755,240.387,60.000,168.000,239.60,239.75,2500.000,2500.000,240.30,240.50,371.000,60.000,239.55,239.80,7500.000,5000.000,240.25,240.55,5293.000,2388.000,20000.000,20000.000,239.452,239.912,240.200,240.625,-0.725,-0.695
2017-04-21 10:46:00,239.626,240.388,104.000,166.000,239.70,239.75,7500.000,2500.000,240.30,240.50,352.000,60.000,239.60,239.80,5000.000,5000.000,240.25,240.55,2068.000,3360.000,22500.000,20000.000,239.526,239.931,240.189,240.637,-0.675,-0.690
2017-04-21 10:47:00,239.787,240.394,175.000,35.000,239.60,239.70,7500.000,2500.000,240.30,240.50,187.000,167.000,239.55,239.75,5000.000,5000.000,240.25,240.55,5404.000,973.000,22500.000,20000.000,239.454,239.839,240.189,240.625,-0.750,-0.720
2017-04-21 10:48:00,239.576,240.242,114.000,368.000,239.60,239.70,2500.000,2500.000,240.20,240.40,187.000,295.000,239.55,239.75,2500.000,2500.000,240.15,240.45,3234.000,6387.000,17500.000,27500.000,239.466,239.854,240.071,240.545,-0.650,-0.729
2017-04-21 10:49:00,239.704,240.371,146.000,346.000,239.55,239.70,7500.000,5000.000,240.30,240.50,1523.000,38.000,239.50,239.75,2500.000,5000.000,240.25,240.55,5660.000,2426.000,20000.000,22500.000,239.423,239.833,240.181,240.611,-0.775,-0.762
2017-04-21 10:50:00,239.641,240.416,335.000,168.000,239.70,239.75,5000.000,2500.000,240.35,240.50,599.000,60.000,239.60,239.80,5000.000,5000.000,240.30,240.55,3166.000,4766.000,20000.000,20000.000,239.545,239.907,240.244,240.650,-0.700,-0.766
2017-04-21 10:51:00,239.881,240.616,38.000,168.000,239.85,239.90,2500.000,10000.000,240.55,240.75,70.000,123.000,239.80,239.95,7500.000,5000.000,240.50,240.85,1200.000,1120.000,17500.000,30000.000,239.722,240.026,240.450,240.892,-0.775,-0.789
2017-04-21 10:52:00,239.908,240.667,421.000,451.000,239.75,239.85,5000.000,2500.000,240.60,240.70,366.000,7.000,239.70,239.90,2500.000,2500.000,240.55,240.75,8036.000,2050.000,17500.000,12500.000,239.614,240.000,240.514,240.800,-0.850,-0.811
2017-04-21 10:53:00,239.896,240.604,27.000,33.000,239.70,239.75,2500.000,2500.000,240.55,240.65,184.000,168.000,239.65,239.80,2500.000,2500.000,240.50,240.70,11848.000,647.000,15000.000,15000.000,239.538,239.847,240.433,240.758,-0.875,-0.858
2017-04-21 10:54:00,240.310,241.144,464.000,68.000,240.10,240.20,2500.000,7500.000,241.05,241.20,2940.000,308.000,240.05,240.40,2500.000,2500.000,241.00,241.25,15306.000,5899.000,20000.000,20000.000,239.995,240.505,240.887,241.287,-0.975,-0.879
2017-04-21 10:55:00,240.310,241.103,3000.000,572.000,240.05,240.30,2500.000,5000.000,241.05,241.30,6220.000,562.000,240.00,240.35,2500.000,5000.000,241.00,241.35,15377.000,2497.000,15000.000,27500.000,239.979,240.415,240.950,241.409,-1.000,-0.910
2017-04-21 10:56:00,240.223,241.076,98.000,425.000,240.05,240.10,2500.000,7500.000,240.90,241.20,1015.000,60.000,240.00,240.15,2500.000,2500.000,240.85,241.25,6567.000,841.000,20000.000,22500.000,239.899,240.150,240.787,241.356,-0.975,-0.903
2017-04-21 10:57:00,239.904,240.772,49.000,223.000,239.85,239.95,2500.000,2500.000,240.70,240.90,1.000,564.000,239.80,240.00,2500.000,2500.000,240.65,240.95,7650.000,6573.000,17500.000,22500.000,239.664,240.109,240.593,241.011,-0.900,-0.926
2017-04-21 10:58:00,239.822,240.762,77.000,46.000,239.85,239.90,2500.000,2500.000,240.70,240.85,26.000,535.000,239.80,239.95,2500.000,2500.000,240.65,240.90,3230.000,5562.000,17500.000,22500.000,239.701,240.060,240.593,241.006,-0.900,-0.926
2017-04-21 10:59:00,239.900,240.843,2676.000,168.000,239.75,239.90,2500.000,5000.000,240.75,240.95,165.000,102.000,239.70,239.95,5000.000,5000.000,240.70,241.00,7510.000,2055.000,17500.000,20000.000,239.673,240.032,240.643,241.044,-1.025,-0.910
2017-04-21 11:00:00,239.893,240.838,603.000,218.000,239.90,239.95,2500.000,2500.000,240.75,240.90,57.000,564.000,239.85,240.00,2500.000,2500.000,240.70,241.00,6584.000,6465.000,15000.000,17500.000,239.726,240.102,240.642,241.050,-0.900,-0.893
2017-04-21 11:01:00,239.944,240.762,9.000,600.000,239.85,239.90,2500.000,5000.000,240.70,240.90,527.000,219.000,239.80,239.95,5000.000,7500.000,240.60,240.95,5311.000,2813.000,17500.000,22500.000,239.700,240.007,240.550,240.978,-0.925,-0.896
2017-04-21 11:02:00,239.678,240.662,135.000,276.000,239.60,239.75,2500.000,5000.000,240.45,240.70,158.000,488.000,239.55,239.80,5000.000,2500.000,240.40,240.75,6364.000,6073.000,25000.000,17500.000,239.458,239.895,240.330,240.821,-0.900,-0.876
2017-04-21 11:03:00,239.694,240.634,58.000,450.000,239.65,239.70,2500.000,2500.000,240.50,240.70,194.000,929.000,239.55,239.80,2500.000,2500.000,240.45,240.75,8523.000,7268.000,22500.000,17500.000,239.456,239.892,240.383,240.800,-0.925,-0.851
2017-04-21 11:04:00,239.630,240.490,605.000,110.000,239.55,239.65,2500.000,2500.000,240.35,240.60,1576.000,827.000,239.50,239.70,7500.000,2500.000,240.30,240.65,7301.000,5031.000,30000.000,20000.000,239.408,239.804,240.196,240.719,-0.875,-0.851
2017-04-21 11:05:00,239.639,240.500,74.000,271.000,239.60,239.65,2500.000,2500.000,240.40,240.55,470.000,349.000,239.55,239.70,2500.000,2500.000,240.35,240.60,6582.000,5882.000,25000.000,17500.000,239.446,239.795,240.260,240.664,-0.850,-0.848
2017-04-21 11:06:00,239.728,240.561,97.000,406.000,239.60,239.65,2500.000,12500.000,240.40,240.70,502.000,889.000,239.55,239.70,2500.000,5000.000,240.35,240.75,6632.000,2272.000,20000.000,25000.000,239.451,239.728,240.275,240.770,-0.925,-0.861
2017-04-21 11:07:00,239.544,240.428,1546.000,373.000,239.50,239.55,2500.000,5000.000,240.35,240.55,60.000,309.000,239.45,239.65,5000.000,5000.000,240.30,240.65,8252.000,7372.000,20000.000,25000.000,239.368,239.754,240.231,240.690,-0.925,-0.873
2017-04-21 11:08:00,239.616,240.435,2253.000,432.000,239.50,239.55,5000.000,2500.000,240.35,240.60,70.000,5.000,239.45,239.65,5000.000,5000.000,240.30,240.65,8335.000,3121.000,25000.000,25000.000,239.375,239.731,240.245,240.750,-0.950,-0.885
2017-04-21 11:09:00,239.683,240.542,1.000,248.000,239.60,239.65,7500.000,2500.000,240.40,240.65,654.000,65.000,239.55,239.70,2500.000,2500.000,240.35,240.70,5432.000,2561.000,25000.000,20000.000,239.456,239.803,240.305,240.750,-0.900,-0.902
2017-04-21 11:10:00,239.640,240.483,208.000,147.000,239.55,239.60,2500.000,5000.000,240.35,240.60,1969.000,168.000,239.50,239.65,7500.000,2500.000,240.30,240.65,5347.000,2048.000,25000.000,20000.000,239.421,239.745,240.250,240.700,-0.900,-0.917
2017-04-21 11:11:00,239.635,240.535,1930.000,172.000,239.50,239.55,5000.000,5000.000,240.40,240.65,168.000,168.000,239.45,239.65,2500.000,2500.000,240.35,240.70,7699.000,1734.000,22500.000,20000.000,239.389,239.738,240.294,240.781,-1.000,-0.916
2017-04-21 11:12:00,239.643,240.586,1519.000,221.000,239.50,239.55,5000.000,2500.000,240.45,240.65,2786.000,168.000,239.45,239.65,5000.000,5000.000,240.40,240.70,7600.000,1262.000,25000.000,20000.000,239.401,239.724,240.340,240.756,-1.025,-0.929
2017-04-21 11:13:00,239.630,240.511,667.000,297.000,239.50,239.55,5000.000,5000.000,240.40,240.60,1122.000,168.000,239.45,239.65,2500.000,2500.000,240.35,240.65,7453.000,2427.000,25000.000,22500.000,239.378,239.730,240.290,240.711,-0.975,-0.949
2017-04-21 11:14:00,239.616,240.561,1541.000,270.000,239.45,239.50,5000.000,2500.000,240.40,240.65,3838.000,84.000,239.40,239.65,5000.000,2500.000,240.35,240.70,11385.000,2883.000,25000.000,22500.000,239.342,239.733,240.300,240.806,-1.050,-0.978
2017-04-21 11:15:00,239.576,240.493,164.000,257.000,239.50,239.55,7500.000,2500.000,240.40,240.60,1121.000,60.000,239.45,239.60,5000.000,5000.000,240.35,240.65,7769.000,3187.000,25000.000,25000.000,239.375,239.714,240.320,240.715,-0.975,-0.993
2017-04-21 11:16:00,239.572,240.469,228.000,284.000,239.45,239.50,5000.000,2500.000,240.40,240.50,3788.000,149.000,239.40,239.55,2500.000,5000.000,240.35,240.60,10008.000,2145.000,22500.000,22500.000,239.327,239.618,240.294,240.650,-0.975,-1.012
2017-04-21 11:17:00,239.365,240.371,3512.000,395.000,239.20,239.25,2500.000,2500.000,240.20,240.35,83.000,567.000,239.15,239.40,5000.000,10000.000,240.15,240.45,16572.000,6258.000,25000.000,22500.000,239.050,239.480,240.080,240.550,-1.050,-0.994
2017-04-21 11:18:00,239.364,240.344,1435.000,55.000,239.25,239.40,2500.000,5000.000,240.20,240.40,2683.000,151.000,239.20,239.45,7500.000,2500.000,240.15,240.45,7924.000,3904.000,25000.000,20000.000,239.159,239.544,240.085,240.494,-0.975,-0.966
2017-04-21 11:19:00,239.316,240.403,24.000,41.000,239.35,239.40,2500.000,2500.000,240.30,240.40,2975.000,151.000,239.30,239.45,2500.000,5000.000,240.25,240.50,5430.000,6813.000,20000.000,22500.000,239.262,239.625,240.169,240.583,-0.975,-0.922
2017-04-21 11:20:00,239.339,240.333,1.000,473.000,239.30,239.40,2500.000,5000.000,240.20,240.30,1403.000,151.000,239.25,239.45,5000.000,5000.000,240.15,240.45,6902.000,7481.000,25000.000,25000.000,239.174,239.533,240.070,240.475,-0.900,-0.907
2017-04-21 11:21:00,239.276,240.268,1144.000,105.000,239.25,239.30,2500.000,2500.000,240.15,240.25,234.000,732.000,239.20,239.40,2500.000,5000.000,240.10,240.35,7275.000,7418.000,22500.000,20000.000,239.142,239.494,240.028,240.419,-0.925,-0.886
2017-04-21 11:22:00,239.305,240.222,352.000,96.000,239.15,239.25,7500.000,2500.000,240.05,240.25,2356.000,333.000,239.10,239.30,10000.000,2500.000,240.00,240.35,17140.000,6035.000,30000.000,15000.000,239.021,239.472,239.954,240.392,-0.950,-0.884
2017-04-21 11:23:00,239.269,240.111,282.000,427.000,239.15,239.20,12500.000,2500.000,240.00,240.20,2356.000,158.000,239.10,239.25,5000.000,2500.000,239.95,240.25,15452.000,5699.000,27500.000,17500.000,239.014,239.416,239.905,240.336,-0.925,-0.904
2017-04-21 11:24:00,239.189,240.053,495.000,415.000,239.10,239.15,5000.000,5000.000,240.00,240.15,394.000,168.000,239.05,239.20,5000.000,5000.000,239.95,240.20,13589.000,3576.000,20000.000,25000.000,238.996,239.309,239.919,240.250,-0.950,-0.921
2017-04-21 11:25:00,239.180,240.103,661.000,490.000,239.10,239.15,2500.000,7500.000,240.05,240.15,3007.000,293.000,239.05,239.20,5000.000,2500.000,240.00,240.20,13621.000,3651.000,22500.000,25000.000,239.007,239.304,239.944,240.235,-0.975,-0.913
2017-04-21 11:26:00,238.947,239.834,3042.000,1623.000,239.00,239.10,5000.000,7500.000,239.75,239.95,4.000,404.000,238.95,239.15,5000.000,7500.000,239.70,240.00,3612.000,9683.000,17500.000,22500.000,238.973,239.220,239.671,240.017,-0.800,-0.892
2017-04-21 11:27:00,239.033,239.938,2067.000,320.000,239.00,239.05,10000.000,5000.000,239.85,240.00,351.000,84.000,238.95,239.10,5000.000,5000.000,239.80,240.05,6664.000,5725.000,22500.000,17500.000,238.898,239.239,239.789,240.086,-0.900,-0.897
2017-04-21 11:28:00,239.206,240.150,365.000,280.000,239.15,239.20,2500.000,2500.000,240.10,240.20,2500.000,1479.000,239.10,239.25,2500.000,10000.000,240.05,240.25,7133.000,4310.000,17500.000,25000.000,239.041,239.314,240.000,240.340,-0.975,-0.893
2017-04-21 11:29:00,239.190,240.137,371.000,80.000,239.15,239.20,2500.000,2500.000,240.10,240.20,2929.000,1478.000,239.10,239.25,2500.000,7500.000,240.05,240.25,6835.000,4589.000,15000.000,25000.000,239.049,239.326,240.000,240.320,-0.975,-0.884
2017-04-21 11:30:00,239.209,240.093,3964.000,38.000,239.20,239.25,2500.000,2500.000,240.05,240.20,103.000,100.000,239.15,239.30,5000.000,5000.000,240.00,240.25,8902.000,6447.000,15000.000,20000.000,239.111,239.420,239.942,240.294,-0.900,-0.893
2017-04-21 11:31:00,239.259,240.042,54.000,904.000,239.20,239.25,7500.000,2500.000,240.00,240.15,12.000,439.000,239.15,239.30,2500.000,5000.000,239.95,240.20,8009.000,6577.000,22500.000,22500.000,239.032,239.384,239.856,240.261,-0.850,-0.916
2017-04-21 11:32:00,239.110,240.037,3601.000,156.000,239.05,239.10,2500.000,2500.000,239.90,240.05,1079.000,16.000,239.00,239.15,7500.000,2500.000,239.85,240.10,11897.000,4024.000,25000.000,15000.000,238.959,239.281,239.780,240.183,-0.900,-0.930
2017-04-21 11:33:00,239.121,240.044,3196.000,226.000,239.05,239.10,5000.000,5000.000,239.90,240.10,2567.000,16.000,239.00,239.15,5000.000,2500.000,239.85,240.15,13094.000,4958.000,25000.000,17500.000,238.961,239.332,239.785,240.200,-0.925,-0.922
2017-04-21 11:34:00,239.160,240.061,2341.000,135.000,239.05,239.10,7500.000,5000.000,239.95,240.15,2867.000,16.000,239.00,239.15,2500.000,2500.000,239.90,240.20,13158.000,2731.000,25000.000,22500.000,238.962,239.318,239.850,240.250,-0.975,-0.913
2017-04-21 11:35:00,239.110,240.041,121.000,168.000,239.05,239.10,2500.000,2500.000,239.95,240.10,3170.000,193.000,239.00,239.15,2500.000,2500.000,239.90,240.15,10605.000,5582.000,22500.000,17500.000,238.950,239.324,239.839,240.229,-0.950,-0.904
2017-04-21 11:36:00,239.099,239.994,2815.000,290.000,239.00,239.15,7500.000,5000.000,239.85,240.05,2869.000,285.000,238.95,239.20,2500.000,2500.000,239.80,240.10,10423.000,5672.000,27500.000,17500.000,238.916,239.300,239.750,240.136,-0.875,-0.871
2017-04-21 11:37:00,238.939,239.935,1113.000,142.000,239.00,239.05,7500.000,5000.000,239.75,239.95,2849.000,100.000,238.95,239.10,7500.000,5000.000,239.70,240.00,4449.000,7003.000,37500.000,22500.000,238.950,239.213,239.630,240.072,-0.825,-0.845
2017-04-21 11:38:00,239.011,239.897,4003.000,321.000,239.00,239.05,2500.000,2500.000,239.80,239.95,2859.000,100.000,238.95,239.10,5000.000,2500.000,239.75,240.00,10369.000,7056.000,25000.000,17500.000,238.923,239.210,239.705,240.086,-0.850,-0.837
2017-04-21 11:39:00,238.978,239.833,3778.000,377.000,239.00,239.05,2500.000,5000.000,239.75,239.90,2859.000,160.000,238.95,239.10,15000.000,2500.000,239.70,239.95,7635.000,7112.000,25000.000,20000.000,238.962,239.191,239.675,239.994,-0.800,-0.841
2017-04-21 11:40:00,238.968,239.852,3634.000,588.000,239.00,239.05,5000.000,5000.000,239.75,239.95,2859.000,100.000,238.95,239.10,12500.000,7500.000,239.70,240.00,7471.000,7228.000,25000.000,25000.000,238.962,239.207,239.680,240.065,-0.825,-0.821
2017-04-21 11:41:00,239.190,239.923,503.000,14.000,239.05,239.15,2500.000,2500.000,239.85,240.00,3588.000,2902.000,239.00,239.25,7500.000,2500.000,239.80,240.05,11435.000,5892.000,20000.000,17500.000,238.932,239.302,239.756,240.107,-0.825,-0.832
2017-04-21 11:42:00,239.097,239.964,130.000,128.000,239.05,239.10,7500.000,7500.000,239.90,240.10,2913.000,20.000,239.00,239.15,2500.000,2500.000,239.85,240.15,13875.000,8937.000,22500.000,32500.000,238.928,239.247,239.822,240.231,-0.925,-0.818
2017-04-21 11:43:00,239.263,240.105,319.000,8885.000,239.20,239.25,5000.000,2500.000,240.00,240.15,436.000,100.000,239.05,239.30,2500.000,7500.000,239.95,240.20,18337.000,12150.000,27500.000,27500.000,238.999,239.296,239.882,240.259,-0.850,-0.820
2017-04-21 11:44:00,239.277,240.156,48.000,208.000,239.25,239.30,2500.000,7500.000,240.05,240.20,5665.000,406.000,239.05,239.35,10000.000,2500.000,240.00,240.25,18813.000,6348.000,22500.000,20000.000,239.010,239.465,239.961,240.319,-0.850,-0.818
2017-04-21 11:45:00,239.301,240.084,1360.000,88.000,239.10,239.20,10000.000,7500.000,240.00,240.20,166.000,364.000,239.05,239.35,2500.000,5000.000,239.95,240.25,19691.000,5187.000,22500.000,25000.000,238.998,239.456,239.928,240.305,-0.950,-0.843
2017-04-21 11:46:00,239.392,240.179,511.000,224.000,239.20,239.35,2500.000,2500.000,240.10,240.25,712.000,60.000,239.15,239.40,5000.000,5000.000,240.05,240.30,18957.000,6214.000,22500.000,20000.000,239.045,239.501,240.006,240.356,-0.900,-0.869
2017-04-21 11:47:00,239.409,240.210,25.000,249.000,239.25,239.35,7500.000,5000.000,240.10,240.30,227.000,899.000,239.20,239.50,5000.000,2500.000,240.05,240.35,8379.000,5795.000,30000.000,22500.000,239.095,239.570,240.012,240.400,-0.900,-0.891
2017-04-21 11:48:00,239.205,240.053,18.000,207.000,239.10,239.15,7500.000,5000.000,240.00,240.15,14572.000,42.000,239.00,239.25,2500.000,5000.000,239.95,240.20,17602.000,4476.000,22500.000,25000.000,238.980,239.382,239.917,240.245,-0.950,-0.905
2017-04-21 11:49:00,239.101,239.969,10821.000,821.000,239.00,239.10,2500.000,5000.000,239.90,240.05,10.000,314.000,238.95,239.15,2500.000,7500.000,239.85,240.10,18119.000,4110.000,20000.000,25000.000,238.951,239.213,239.787,240.135,-0.925,-0.904
2017-04-21 11:50:00,239.094,240.005,8729.000,429.000,239.00,239.10,2500.000,7500.000,239.95,240.05,5239.000,60.000,238.95,239.15,2500.000,5000.000,239.90,240.10,16283.000,3222.000,22500.000,27500.000,238.962,239.230,239.817,240.141,-0.950,-0.887
2017-04-21 11:51:00,239.057,239.975,13483.000,138.000,239.00,239.05,5000.000,5000.000,239.90,240.05,11.000,249.000,238.95,239.10,2500.000,5000.000,239.85,240.10,20956.000,3261.000,25000.000,25000.000,238.957,239.220,239.800,240.150,-0.950,-0.857
2017-04-21 11:52:00,239.090,240.000,18429.000,261.000,239.00,239.10,7500.000,5000.000,240.00,240.05,322.000,564.000,238.95,239.20,2500.000,5000.000,239.95,240.10,22799.000,5033.000,25000.000,25000.000,238.973,239.271,239.880,240.160,-0.975,-0.827
2017-04-21 11:53:00,239.024,239.939,14081.000,201.000,239.00,239.05,2500.000,5000.000,239.95,240.00,5262.000,147.000,238.95,239.10,5000.000,2500.000,239.85,240.05,21523.000,6205.000,22500.000,25000.000,238.973,239.209,239.806,240.115,-0.950,-0.805
2017-04-21 11:54:00,239.158,240.025,4484.000,264.000,239.05,239.10,5000.000,2500.000,239.95,240.10,13967.000,60.000,239.00,239.20,2500.000,2500.000,239.90,240.15,25321.000,4446.000,20000.000,20000.000,238.991,239.283,239.850,240.225,-0.950,-0.783
2017-04-21 11:55:00,239.073,239.900,13646.000,68.000,239.00,239.05,2500.000,5000.000,239.80,240.00,11.000,300.000,238.95,239.10,7500.000,5000.000,239.75,240.05,19696.000,3036.000,25000.000,27500.000,238.939,239.222,239.695,240.132,-0.875,-0.739
2017-04-21 11:56:00,239.080,239.847,244.000,401.000,239.05,239.10,2500.000,5000.000,239.75,239.90,13081.000,321.000,239.00,239.15,5000.000,5000.000,239.70,239.95,13482.000,6444.000,22500.000,20000.000,238.999,239.217,239.644,239.981,-0.750,-0.723
2017-04-21 11:57:00,239.105,239.866,687.000,487.000,239.05,239.15,5000.000,2500.000,239.75,239.90,12831.000,3241.000,239.00,239.20,5000.000,5000.000,239.70,239.95,13724.000,8254.000,25000.000,22500.000,239.001,239.251,239.650,240.050,-0.725,-0.687
2017-04-21 11:58:00,239.126,239.927,221.000,2893.000,239.15,239.20,2500.000,2500.000,239.75,239.90,12142.000,1980.000,239.00,239.25,5000.000,2500.000,239.70,239.95,12873.000,10739.000,25000.000,12500.000,238.997,239.305,239.635,240.040,-0.650,-0.652
2017-04-21 11:59:00,239.196,239.953,428.000,45.000,239.05,239.25,5000.000,5000.000,239.80,240.00,12743.000,2804.000,239.00,239.30,5000.000,2500.000,239.75,240.05,16143.000,7735.000,22500.000,17500.000,238.978,239.366,239.706,240.129,-0.750,-0.592
2017-04-21 12:00:00,239.278,239.888,101.000,176.000,239.10,239.20,2500.000,2500.000,239.80,239.95,114.000,207.000,239.05,239.25,5000.000,5000.000,239.75,240.00,16061.000,1590.000,20000.000,22500.000,238.991,239.327,239.700,240.128,-0.725,-0.578
2017-04-21 12:01:00,239.118,239.803,12541.000,219.000,239.00,239.10,2500.000,5000.000,239.75,239.90,120.000,1500.000,238.95,239.15,5000.000,5000.000,239.70,239.95,17875.000,2840.000,17500.000,25000.000,238.950,239.184,239.643,240.030,-0.775,-0.556
2017-04-21 12:02:00,239.008,239.589,7296.000,249.000,239.00,239.10,5000.000,2500.000,239.45,239.65,237.000,170.000,238.95,239.15,2500.000,5000.000,239.40,239.70,9142.000,5771.000,25000.000,30000.000,238.972,239.330,239.340,239.804,-0.500,-0.562
2017-04-21 12:03:00,239.426,240.053,2535.000,579.000,239.25,239.50,5000.000,5000.000,239.90,240.10,1195.000,200.000,239.20,239.55,7500.000,5000.000,239.85,240.15,9382.000,5891.000,25000.000,17500.000,239.150,239.667,239.800,240.186,-0.625,-0.561
2017-04-21 12:04:00,239.519,239.977,200.000,586.000,239.40,239.50,5000.000,7500.000,239.95,240.15,516.000,200.000,239.35,239.55,5000.000,2500.000,239.90,240.20,5209.000,3043.000,27500.000,32500.000,239.262,239.583,239.773,240.292,-0.600,-0.589
2017-04-21 12:05:00,239.486,240.028,1197.000,1843.000,239.35,239.60,2500.000,2500.000,240.00,240.15,980.000,100.000,239.30,239.70,5000.000,5000.000,239.95,240.20,10360.000,10041.000,20000.000,25000.000,239.237,239.785,239.875,240.260,-0.600,-0.607
2017-04-21 12:06:00,239.951,240.527,304.000,509.000,239.80,239.90,5000.000,2500.000,240.40,240.60,360.000,800.000,239.75,239.95,7500.000,2500.000,240.35,240.65,5910.000,4447.000,22500.000,15000.000,239.645,240.089,240.278,240.717,-0.650,-0.626
2017-04-21 12:07:00,239.985,240.593,125.000,15.000,239.85,239.90,2500.000,5000.000,240.45,240.60,150.000,805.000,239.80,239.95,5000.000,5000.000,240.40,240.75,6684.000,2317.000,20000.000,17500.000,239.688,239.988,240.356,240.757,-0.650,-0.638
2017-04-21 12:08:00,239.900,240.522,77.000,5.000,239.80,239.85,5000.000,5000.000,240.45,240.60,304.000,15.000,239.75,239.90,5000.000,2500.000,240.40,240.65,5701.000,2149.000,20000.000,20000.000,239.662,239.984,240.344,240.719,-0.700,-0.659
2017-04-21 12:09:00,239.872,240.468,999.000,528.000,239.65,239.80,5000.000,2500.000,240.35,240.55,867.000,75.000,239.60,239.90,5000.000,5000.000,240.30,240.60,10783.000,2967.000,27500.000,20000.000,239.533,239.945,240.186,240.719,-0.725,-0.676
2017-04-21 12:10:00,239.825,240.457,716.000,1337.000,239.65,239.80,5000.000,2500.000,240.35,240.45,1127.000,75.000,239.60,239.90,2500.000,2500.000,240.30,240.50,10775.000,5444.000,22500.000,12500.000,239.532,239.940,240.228,240.580,-0.675,-0.680
2017-04-21 12:11:00,239.831,240.504,1996.000,2272.000,239.70,239.80,2500.000,2500.000,240.35,240.50,525.000,200.000,239.65,239.85,2500.000,2500.000,240.30,240.60,11392.000,4964.000,20000.000,15000.000,239.572,239.892,240.213,240.683,-0.675,-0.685
2017-04-21 12:12:00,239.859,240.525,399.000,1178.000,239.75,239.80,2500.000,2500.000,240.35,240.50,2255.000,200.000,239.70,239.85,5000.000,5000.000,240.30,240.70,9064.000,3545.000,20000.000,15000.000,239.603,239.916,240.250,240.725,-0.650,-0.693
2017-04-21 12:13:00,239.661,240.388,454.000,57.000,239.55,239.75,7500.000,2500.000,240.25,240.45,1464.000,604.000,239.50,239.80,2500.000,2500.000,240.20,240.50,5907.000,4327.000,20000.000,12500.000,239.437,239.915,240.162,240.550,-0.700,-0.699
2017-04-21 12:14:00,239.670,240.354,179.000,645.000,239.60,239.75,5000.000,2500.000,240.30,240.40,442.000,654.000,239.55,239.80,2500.000,2500.000,240.25,240.45,4734.000,5360.000,17500.000,15000.000,239.464,239.870,240.214,240.500,-0.675,-0.748
2017-04-21 12:15:00,239.846,240.497,24.000,200.000,239.70,239.75,5000.000,5000.000,240.40,240.55,74.000,250.000,239.65,239.80,2500.000,2500.000,240.35,240.60,3871.000,1095.000,22500.000,17500.000,239.531,239.861,240.300,240.650,-0.750,-0.793
2017-04-21 12:16:00,239.827,240.523,40.000,4.000,239.70,239.80,5000.000,5000.000,240.40,240.60,63.000,135.000,239.65,239.90,5000.000,5000.000,240.35,240.65,5122.000,3700.000,25000.000,25000.000,239.529,239.992,240.305,240.755,-0.750,-0.798
2017-04-21 12:17:00,239.673,240.379,11.000,308.000,239.65,239.70,10000.000,2500.000,240.25,240.45,43.000,60.000,239.55,239.75,5000.000,2500.000,240.20,240.50,5310.000,4377.000,25000.000,17500.000,239.453,239.840,240.175,240.600,-0.675,-0.833
2017-04-21 12:18:00,239.493,240.250,327.000,50.000,239.40,239.60,5000.000,2500.000,240.15,240.35,593.000,731.000,239.35,239.65,2500.000,2500.000,240.10,240.40,5759.000,6108.000,20000.000,17500.000,239.259,239.740,240.050,240.479,-0.750,-0.873
2017-04-21 12:19:00,239.382,240.310,580.000,1.000,239.30,239.45,7500.000,2500.000,240.05,240.25,441.000,100.000,239.25,239.50,2500.000,2500.000,240.00,240.40,6044.000,4002.000,25000.000,12500.000,239.190,239.637,239.930,240.500,-0.775,-0.840
2017-04-21 12:20:00,239.345,240.223,90.000,1.000,239.40,239.45,2500.000,2500.000,240.10,240.25,225.000,160.000,239.30,239.50,5000.000,2500.000,240.05,240.35,3374.000,4669.000,17500.000,15000.000,239.215,239.629,239.993,240.442,-0.750,-0.809
2017-04-21 12:21:00,239.479,240.200,578.000,1.000,239.30,239.45,5000.000,5000.000,240.05,240.35,83.000,110.000,239.25,239.50,2500.000,5000.000,240.00,240.40,4865.000,1327.000,15000.000,17500.000,239.177,239.618,239.967,240.457,-0.825,-0.818
2017-04-21 12:22:00,239.535,240.418,424.000,1.000,239.50,239.55,2500.000,10000.000,240.25,240.50,487.000,100.000,239.40,239.60,5000.000,2500.000,240.20,240.70,4045.000,2499.000,15000.000,20000.000,239.317,239.713,240.150,240.650,-0.850,-0.796
2017-04-21 12:23:00,239.597,240.553,1333.000,348.000,239.60,239.65,2500.000,5000.000,240.30,240.55,661.000,308.000,239.45,239.70,7500.000,2500.000,240.25,240.60,5755.000,4442.000,25000.000,17500.000,239.413,239.856,240.180,240.714,-0.800,-0.761
2017-04-21 12:24:00,239.721,240.481,720.000,292.000,239.60,239.65,12500.000,2500.000,240.30,240.55,661.000,308.000,239.45,239.70,7500.000,2500.000,240.25,240.60,4984.000,973.000,30000.000,15000.000,239.392,239.723,240.217,240.667,-0.800,-0.775
2017-04-21 12:25:00,239.724,240.450,563.000,243.000,239.60,239.65,12500.000,5000.000,240.30,240.55,661.000,308.000,239.45,239.70,5000.000,2500.000,240.25,240.60,4827.000,924.000,25000.000,17500.000,239.386,239.727,240.245,240.650,-0.800,-0.792
2017-04-21 12:26:00,239.727,240.491,391.000,194.000,239.60,239.65,2500.000,2500.000,240.35,240.55,661.000,308.000,239.45,239.70,15000.000,5000.000,240.30,240.60,4655.000,880.000,25000.000,15000.000,239.378,239.731,240.270,240.658,-0.825,-0.798
2017-04-21 12:27:00,239.662,240.434,322.000,70.000,239.45,239.65,10000.000,5000.000,240.30,240.45,640.000,458.000,239.40,239.70,5000.000,2500.000,240.25,240.55,7099.000,2917.000,25000.000,15000.000,239.306,239.759,240.230,240.583,-0.825,-0.794
2017-04-21 12:28:00,239.622,240.403,658.000,56.000,239.45,239.60,10000.000,2500.000,240.30,240.45,640.000,70.000,239.40,239.65,5000.000,2500.000,240.25,240.50,7570.000,2674.000,27500.000,17500.000,239.313,239.753,240.209,240.593,-0.850,-0.790
2017-04-21 12:29:00,239.515,240.347,52.000,407.000,239.40,239.50,2500.000,2500.000,240.15,240.40,80.000,116.000,239.35,239.60,5000.000,5000.000,240.10,240.45,4046.000,2981.000,27500.000,17500.000,239.238,239.694,240.023,240.507,-0.825,-0.782
2017-04-21 12:30:00,239.493,240.305,30.000,408.000,239.40,239.50,5000.000,2500.000,240.15,240.35,78.000,116.000,239.35,239.60,5000.000,2500.000,240.10,240.40,3926.000,3692.000,30000.000,17500.000,239.227,239.696,240.008,240.457,-0.800,-0.750
2017-04-21 12:31:00,239.514,240.305,539.000,408.000,239.35,239.50,5000.000,2500.000,240.15,240.35,857.000,374.000,239.30,239.65,5000.000,2500.000,240.10,240.40,8965.000,6481.000,30000.000,17500.000,239.202,239.746,240.008,240.457,-0.825,-0.758
2017-04-21 12:32:00,239.554,240.306,606.000,11.000,239.40,239.50,5000.000,2500.000,240.20,240.35,413.000,374.000,239.35,239.65,5000.000,2500.000,240.15,240.40,9620.000,6034.000,25000.000,17500.000,239.241,239.763,240.090,240.464,-0.825,-0.768
2017-04-21 12:33:00,239.592,240.353,453.000,70.000,239.50,239.65,2500.000,5000.000,240.30,240.45,426.000,647.000,239.45,239.70,2500.000,7500.000,240.25,240.55,5990.000,5721.000,12500.000,25000.000,239.351,239.775,240.200,240.635,-0.800,-0.772
2017-04-21 12:34:00,239.475,240.264,904.000,2241.000,239.40,239.50,2500.000,5000.000,240.15,240.40,164.000,520.000,239.35,239.65,2500.000,7500.000,240.10,240.45,6407.000,8434.000,22500.000,30000.000,239.255,239.693,240.033,240.500,-0.825,-0.780
2017-04-21 12:35:00,239.704,240.357,40.000,596.000,239.55,239.60,2500.000,5000.000,240.35,240.55,70.000,60.000,239.45,239.65,2500.000,5000.000,240.30,240.65,7821.000,1337.000,15000.000,35000.000,239.353,239.670,240.242,240.775,-0.875,-0.806
2017-04-21 12:36:00,239.662,240.497,134.000,565.000,239.55,239.60,2500.000,2500.000,240.40,240.55,639.000,60.000,239.45,239.65,2500.000,5000.000,240.35,240.65,8742.000,1654.000,20000.000,25000.000,239.392,239.701,240.269,240.730,-0.900,-0.792
2017-04-21 12:37:00,239.779,240.581,30.000,412.000,239.70,239.80,5000.000,7500.000,240.50,240.70,210.000,153.000,239.60,239.85,5000.000,2500.000,240.45,240.75,9188.000,5398.000,17500.000,22500.000,239.498,239.970,240.421,240.817,-0.850,-0.799
2017-04-21 12:38:00,239.779,240.559,254.000,9.000,239.70,239.80,5000.000,5000.000,240.50,240.70,210.000,60.000,239.60,239.85,2500.000,5000.000,240.45,240.75,9236.000,5026.000,15000.000,25000.000,239.500,239.988,240.417,240.865,-0.850,-0.810
2017-04-21 12:39:00,239.738,240.571,51.000,1318.000,239.70,239.80,2500.000,2500.000,240.50,240.65,210.000,139.000,239.60,239.85,2500.000,2500.000,240.40,240.70,8811.000,8096.000,15000.000,15000.000,239.496,239.954,240.342,240.758,-0.825,-0.796
2017-04-21 12:40:00,239.683,240.465,102.000,567.000,239.50,239.75,2500.000,7500.000,240.30,240.60,39.000,914.000,239.45,239.80,5000.000,5000.000,240.25,240.65,7532.000,5618.000,20000.000,22500.000,239.320,239.898,240.206,240.700,-0.825,-0.824
2017-04-21 12:41:00,239.758,240.524,47.000,60.000,239.65,239.70,5000.000,5000.000,240.35,240.55,60.000,507.000,239.50,239.75,2500.000,5000.000,240.30,240.65,7770.000,3047.000,22500.000,20000.000,239.364,239.822,240.244,240.706,-0.775,-0.827
2017-04-21 12:42:00,239.597,240.433,11.000,466.000,239.45,239.50,5000.000,5000.000,240.25,240.50,364.000,60.000,239.35,239.70,7500.000,2500.000,240.20,240.55,11318.000,6622.000,32500.000,20000.000,239.253,239.788,240.127,240.594,-0.900,-0.826
2017-04-21 12:43:00,239.553,240.389,353.000,406.000,239.35,239.50,2500.000,2500.000,240.25,240.45,1003.000,703.000,239.30,239.70,7500.000,5000.000,240.20,240.50,12229.000,7094.000,25000.000,22500.000,239.244,239.781,240.155,240.617,-0.925,-0.825
2017-04-21 12:44:00,239.612,240.374,48.000,47.000,239.40,239.50,2500.000,2500.000,240.25,240.45,60.000,60.000,239.35,239.60,7500.000,5000.000,240.20,240.50,10608.000,2433.000,25000.000,22500.000,239.250,239.722,240.155,240.622,-0.900,-0.856
2017-04-21 12:45:00,239.562,240.480,49.000,18.000,239.45,239.50,2500.000,5000.000,240.30,240.55,5829.000,60.000,239.30,239.60,5000.000,5000.000,240.25,240.65,10291.000,2083.000,27500.000,22500.000,239.260,239.728,240.195,240.689,-0.950,-0.834
2017-04-21 12:46:00,239.682,240.463,351.000,768.000,239.50,239.70,2500.000,2500.000,240.35,240.55,271.000,1545.000,239.45,239.75,2500.000,5000.000,240.30,240.60,8105.000,4793.000,25000.000,22500.000,239.358,239.789,240.230,240.667,-0.850,-0.835
2017-04-21 12:47:00,239.702,240.536,72.000,158.000,239.65,239.75,5000.000,5000.000,240.35,240.55,298.000,1403.000,239.50,239.80,5000.000,5000.000,240.30,240.65,7708.000,5974.000,30000.000,22500.000,239.367,239.899,240.233,240.706,-0.750,-0.787
2017-04-21 12:48:00,239.710,240.542,237.000,621.000,239.55,239.75,2500.000,5000.000,240.35,240.55,602.000,1403.000,239.50,239.80,2500.000,5000.000,240.30,240.70,9298.000,6438.000,27500.000,22500.000,239.384,239.888,240.223,240.711,-0.800,-0.765
2017-04-21 12:49:00,239.561,240.479,48.000,521.000,239.70,239.75,7500.000,10000.000,240.30,240.55,59.000,1403.000,239.65,239.80,5000.000,5000.000,240.25,240.70,410.000,11746.000,27500.000,25000.000,239.566,239.943,240.223,240.675,-0.700,-0.743
2017-04-21 12:50:00,239.732,240.539,111.000,100.000,239.55,239.75,2500.000,5000.000,240.35,240.55,338.000,914.000,239.50,239.80,5000.000,5000.000,240.30,240.65,9510.000,5287.000,27500.000,17500.000,239.378,239.909,240.223,240.664,-0.800,-0.716
2017-04-21 12:51:00,239.434,240.221,340.000,34.000,239.35,239.40,12500.000,42500.000,240.25,240.35,1083.000,80.000,239.30,239.45,7500.000,17500.000,240.20,240.40,10812.000,3265.000,40000.000,115000.000,239.246,239.547,240.137,240.430,-0.925,-0.692
2017-04-21 12:52:00,239.862,240.454,3391.000,225.000,239.80,239.90,2500.000,5000.000,240.40,240.55,1135.000,2924.000,239.75,239.95,2500.000,2500.000,240.35,240.60,12266.000,10560.000,52500.000,60000.000,239.696,240.003,240.276,240.748,-0.625,-0.735
2017-04-21 12:53:00,239.907,240.628,359.000,882.000,239.90,239.95,7500.000,2500.000,240.55,240.65,490.000,2175.000,239.85,240.05,2500.000,2500.000,240.45,240.75,3659.000,8067.000,30000.000,27500.000,239.781,240.130,240.400,240.914,-0.675,-0.721
2017-04-21 12:54:00,239.642,240.450,387.000,580.000,239.65,239.80,7500.000,5000.000,240.30,240.50,239.000,4218.000,239.60,239.85,2500.000,2500.000,240.25,240.60,4632.000,11754.000,25000.000,17500.000,239.506,239.927,240.220,240.621,-0.675,-0.651
2017-04-21 12:55:00,239.617,240.291,51.000,499.000,239.60,239.70,5000.000,2500.000,240.20,240.35,275.000,3069.000,239.55,239.75,2500.000,5000.000,240.15,240.40,4326.000,8474.000,22500.000,20000.000,239.435,239.809,240.094,240.463,-0.625,-0.640
2017-04-21 12:56:00,239.520,240.186,3.000,2500.000,239.60,239.65,7500.000,5000.000,240.10,240.25,165.000,227.000,239.50,239.70,5000.000,5000.000,240.05,240.30,2689.000,11134.000,25000.000,20000.000,239.383,239.763,240.005,240.331,-0.550,-0.604
2017-04-21 12:57:00,239.396,240.200,768.000,150.000,239.35,239.50,2500.000,2500.000,240.00,240.20,1112.000,1998.000,239.30,239.60,2500.000,2500.000,239.90,240.25,5901.000,8183.000,27500.000,12500.000,239.244,239.687,239.795,240.310,-0.675,-0.535
2017-04-21 12:58:00,239.962,240.614,1197.000,420.000,239.80,239.95,2500.000,2500.000,240.50,240.60,883.000,655.000,239.75,240.00,7500.000,2500.000,240.45,240.75,7077.000,2378.000,20000.000,15000.000,239.702,240.042,240.387,240.792,-0.675,-0.456
2017-04-21 12:59:00,239.934,240.393,2.000,1177.000,239.80,239.90,2500.000,2500.000,240.35,240.50,1.000,880.000,239.75,239.95,5000.000,7500.000,240.30,240.55,6850.000,3871.000,15000.000,22500.000,239.583,239.978,240.258,240.589,-0.575,-0.465
2017-04-21 13:00:00,239.544,240.166,1359.000,177.000,239.30,239.55,5000.000,5000.000,240.00,240.20,2020.000,60.000,239.25,239.60,2500.000,5000.000,239.95,240.25,10256.000,2398.000,27500.000,27500.000,239.211,239.712,239.832,240.391,-0.675,-0.495
2017-04-21 13:01:00,239.348,239.831,588.000,671.000,239.10,239.35,2500.000,2500.000,239.75,239.95,82.000,1070.000,239.05,239.40,2500.000,2500.000,239.70,240.05,16810.000,5458.000,12500.000,20000.000,238.986,239.459,239.650,240.137,-0.625,-0.524
2017-04-21 13:02:00,239.115,239.574,5521.000,364.000,239.00,239.15,2500.000,2500.000,239.55,239.75,310.000,339.000,238.95,239.20,2500.000,5000.000,239.50,239.80,8212.000,3183.000,22500.000,25000.000,238.949,239.255,239.294,239.865,-0.575,-0.546
2017-04-21 13:03:00,239.583,239.840,34.000,416.000,239.15,239.35,5000.000,7500.000,239.75,240.05,110.000,643.000,239.10,239.50,2500.000,2500.000,239.70,240.10,15504.000,2269.000,20000.000,30000.000,238.990,239.546,239.650,240.167,-0.650,-0.617
2017-04-21 13:04:00,239.362,239.866,2813.000,1155.000,239.05,239.30,2500.000,2500.000,239.85,240.05,19432.000,60.000,239.00,239.40,2500.000,2500.000,239.80,240.10,28614.000,3765.000,17500.000,30000.000,238.978,239.438,239.750,240.200,-0.775,-0.635
2017-04-21 13:05:00,239.086,239.859,15845.000,29.000,239.00,239.05,5000.000,2500.000,239.70,239.90,310.000,60.000,238.95,239.15,5000.000,5000.000,239.65,239.95,21605.000,1449.000,22500.000,17500.000,238.962,239.254,239.594,240.057,-0.775,-0.580
2017-04-21 13:06:00,239.199,239.825,1434.000,66.000,239.05,239.15,5000.000,2500.000,239.70,239.95,14280.000,200.000,239.00,239.20,5000.000,7500.000,239.65,240.00,19151.000,1032.000,25000.000,25000.000,238.986,239.278,239.590,240.060,-0.725,-0.574
2017-04-21 13:07:00,239.131,239.697,35.000,116.000,239.05,239.10,2500.000,5000.000,239.60,239.85,13538.000,304.000,239.00,239.15,5000.000,5000.000,239.55,239.90,14283.000,1626.000,22500.000,25000.000,238.995,239.232,239.500,239.960,-0.650,-0.583
2017-04-21 13:08:00,239.213,239.826,113.000,153.000,239.05,239.15,2500.000,5000.000,239.70,239.90,14888.000,200.000,239.00,239.20,5000.000,7500.000,239.65,240.00,20402.000,1229.000,20000.000,22500.000,238.971,239.257,239.588,240.017,-0.700,-0.557
2017-04-21 13:09:00,239.221,239.818,12921.000,303.000,239.00,239.20,5000.000,5000.000,239.70,239.90,310.000,60.000,238.95,239.25,2500.000,5000.000,239.65,240.00,21033.000,2056.000,20000.000,22500.000,238.944,239.335,239.594,240.022,-0.700,-0.547
2017-04-21 13:10:00,239.227,239.724,12530.000,209.000,239.00,239.20,5000.000,2500.000,239.65,239.85,548.000,312.000,238.95,239.25,2500.000,5000.000,239.60,239.90,20134.000,1939.000,20000.000,22500.000,238.941,239.312,239.544,239.967,-0.650,-0.530
2017-04-21 13:11:00,239.096,239.692,11984.000,183.000,239.00,239.05,2500.000,5000.000,239.60,239.80,348.000,364.000,238.95,239.15,2500.000,5000.000,239.55,239.90,19101.000,3265.000,22500.000,27500.000,238.933,239.235,239.472,239.955,-0.675,-0.515
2017-04-21 13:12:00,239.088,239.700,10502.000,247.000,239.00,239.05,2500.000,7500.000,239.60,239.80,348.000,364.000,238.95,239.15,2500.000,2500.000,239.55,239.90,16248.000,3361.000,22500.000,27500.000,238.934,239.232,239.472,239.941,-0.675,-0.499
2017-04-21 13:13:00,239.413,239.894,46.000,809.000,239.20,239.35,2500.000,2500.000,239.80,240.05,45.000,580.000,239.15,239.40,5000.000,5000.000,239.75,240.10,11892.000,4706.000,17500.000,22500.000,239.008,239.461,239.693,240.206,-0.650,-0.491
2017-04-21 13:14:00,239.019,239.570,4924.000,1063.000,239.00,239.10,5000.000,2500.000,239.50,239.70,348.000,581.000,238.95,239.15,2500.000,5000.000,239.45,239.75,5683.000,4883.000,15000.000,22500.000,238.983,239.195,239.417,239.872,-0.550,-0.437
2017-04-21 13:15:00,239.292,239.700,29.000,670.000,239.10,239.20,2500.000,2500.000,239.70,239.85,60.000,504.000,239.05,239.25,2500.000,2500.000,239.65,239.90,9348.000,2672.000,15000.000,32500.000,238.953,239.324,239.583,240.031,-0.625,-0.422
2017-04-21 13:16:00,238.972,239.497,593.000,677.000,238.90,239.00,2500.000,2500.000,239.40,239.60,85.000,304.000,238.85,239.15,5000.000,5000.000,239.35,239.65,5252.000,6116.000,17500.000,22500.000,238.759,239.238,239.279,239.728,-0.550,-0.380
2017-04-21 13:17:00,238.501,239.031,643.000,832.000,238.50,238.65,2500.000,2500.000,238.95,239.15,54.000,304.000,238.45,238.70,2500.000,5000.000,238.90,239.20,6086.000,10210.000,15000.000,17500.000,238.362,238.820,238.817,239.257,-0.475,-0.361
2017-04-21 13:18:00,238.513,238.953,942.000,582.000,238.40,238.55,5000.000,5000.000,238.85,239.05,304.000,102.000,238.35,238.60,5000.000,5000.000,238.80,239.10,7741.000,5066.000,20000.000,20000.000,238.255,238.715,238.738,239.156,-0.475,-0.351
2017-04-21 13:19:00,239.033,239.315,39.000,159.000,239.00,239.10,2500.000,2500.000,239.40,239.50,404.000,500.000,238.90,239.15,2500.000,2500.000,239.35,239.60,10026.000,9548.000,15000.000,42500.000,238.801,239.244,239.233,239.688,-0.400,-0.370
2017-04-21 13:20:00,239.084,239.419,456.000,107.000,239.00,239.05,2500.000,2500.000,239.45,239.60,1146.000,5.000,238.95,239.15,2500.000,5000.000,239.40,239.65,7718.000,6165.000,15000.000,30000.000,238.882,239.348,239.292,239.717,-0.500,-0.384
2017-04-21 13:21:00,239.100,239.416,966.000,233.000,238.95,239.05,2500.000,7500.000,239.35,239.55,572.000,60.000,238.90,239.10,2500.000,7500.000,239.30,239.60,8143.000,2290.000,15000.000,25000.000,238.812,239.212,239.242,239.630,-0.450,-0.408
2017-04-21 13:22:00,239.055,239.488,1776.000,232.000,238.95,239.05,5000.000,7500.000,239.40,239.60,512.000,5.000,238.90,239.15,2500.000,5000.000,239.35,239.65,9350.000,5905.000,17500.000,22500.000,238.839,239.333,239.300,239.678,-0.500,-0.381
2017-04-21 13:23:00,239.104,239.495,444.000,100.000,239.05,239.15,2500.000,5000.000,239.45,239.60,60.000,115.000,239.00,239.25,2500.000,2500.000,239.40,239.65,5595.000,6362.000,20000.000,27500.000,238.913,239.347,239.287,239.705,-0.425,-0.397
2017-04-21 13:24:00,239.164,239.540,57.000,1327.000,239.15,239.25,2500.000,2500.000,239.45,239.60,500.000,304.000,239.05,239.30,5000.000,7500.000,239.40,239.65,4503.000,7944.000,27500.000,25000.000,238.928,239.342,239.336,239.700,-0.325,-0.434
2017-04-21 13:25:00,239.080,239.487,158.000,183.000,239.00,239.15,7500.000,5000.000,239.40,239.60,819.000,60.000,238.95,239.20,2500.000,7500.000,239.35,239.65,6579.000,6935.000,22500.000,25000.000,238.868,239.340,239.317,239.690,-0.425,-0.463
2017-04-21 13:26:00,239.064,239.498,1147.000,500.000,238.95,239.10,7500.000,2500.000,239.40,239.55,1001.000,505.000,238.90,239.15,10000.000,2500.000,239.35,239.60,12839.000,7839.000,37500.000,22500.000,238.815,239.265,239.317,239.678,-0.450,-0.519
2017-04-21 13:27:00,239.072,239.371,1045.000,464.000,238.95,239.10,2500.000,5000.000,239.30,239.45,255.000,159.000,238.90,239.15,2500.000,2500.000,239.25,239.50,9666.000,8181.000,17500.000,17500.000,238.783,239.208,239.186,239.550,-0.350,-0.606
2017-04-21 13:28:00,239.130,239.600,1551.000,178.000,239.00,239.05,2500.000,7500.000,239.45,239.65,799.000,53.000,238.95,239.10,7500.000,2500.000,239.40,239.70,6815.000,426.000,30000.000,22500.000,238.916,239.143,239.329,239.728,-0.525,-0.614
2017-04-21 13:29:00,238.971,239.534,105.000,155.000,239.00,239.05,5000.000,2500.000,239.45,239.55,799.000,53.000,238.95,239.10,7500.000,2500.000,239.40,239.60,5403.000,7000.000,30000.000,17500.000,238.893,239.276,239.350,239.664,-0.475,-0.595
2017-04-21 13:30:00,239.010,239.559,144.000,2711.000,239.00,239.10,5000.000,5000.000,239.45,239.60,270.000,50.000,238.95,239.15,10000.000,2500.000,239.40,239.65,4933.000,8664.000,32500.000,22500.000,238.887,239.265,239.350,239.694,-0.475,-0.603
2017-04-21 13:31:00,239.462,240.175,99.000,60.000,239.60,239.75,2500.000,2500.000,240.05,240.20,210.000,887.000,239.50,239.80,17500.000,5000.000,240.00,240.25,1435.000,7757.000,30000.000,15000.000,239.422,239.916,239.967,240.292,-0.450,-0.584
2017-04-21 13:32:00,239.275,240.012,60.000,85.000,239.30,239.45,5000.000,7500.000,239.75,239.90,357.000,312.000,239.25,239.50,12500.000,2500.000,239.70,240.15,3462.000,8179.000,40000.000,20000.000,239.155,239.610,239.641,240.106,-0.450,-0.572
2017-04-21 13:33:00,239.770,240.277,518.000,89.000,239.50,239.75,2500.000,2500.000,240.15,240.40,503.000,1001.000,239.45,239.80,5000.000,2500.000,240.10,240.45,9053.000,2792.000,20000.000,17500.000,239.364,239.859,240.037,240.514,-0.650,-0.624
2017-04-21 13:34:00,239.613,240.079,170.000,886.000,239.50,239.65,5000.000,5000.000,240.00,240.20,18.000,404.000,239.45,239.70,5000.000,5000.000,239.95,240.25,5149.000,4758.000,20000.000,22500.000,239.280,239.752,239.912,240.350,-0.525,-0.657
2017-04-21 13:35:00,239.484,240.077,429.000,178.000,239.35,239.45,2500.000,2500.000,240.00,240.10,781.000,1236.000,239.30,239.55,2500.000,2500.000,239.95,240.15,9884.000,5456.000,15000.000,17500.000,239.207,239.648,239.883,240.271,-0.650,-0.678
2017-04-21 13:36:00,239.246,239.859,3523.000,177.000,239.00,239.25,2500.000,2500.000,239.75,239.90,3929.000,364.000,238.95,239.30,5000.000,2500.000,239.70,239.95,10696.000,1990.000,22500.000,17500.000,238.936,239.373,239.644,240.050,-0.700,-0.678
2017-04-21 13:37:00,239.231,239.912,1318.000,410.000,239.00,239.20,5000.000,2500.000,239.70,239.95,4153.000,60.000,238.95,239.30,2500.000,2500.000,239.65,240.05,7860.000,1897.000,25000.000,15000.000,238.928,239.349,239.600,240.125,-0.725,-0.684
2017-04-21 13:38:00,239.034,239.800,210.000,226.000,239.00,239.10,2500.000,5000.000,239.60,239.75,952.000,404.000,238.95,239.15,5000.000,2500.000,239.55,239.90,3153.000,3828.000,35000.000,20000.000,238.874,239.224,239.464,239.938,-0.625,-0.645
2017-04-21 13:39:00,239.171,239.803,409.000,500.000,239.00,239.15,2500.000,2500.000,239.70,239.80,1436.000,312.000,238.95,239.20,2500.000,10000.000,239.65,239.90,5535.000,2066.000,25000.000,22500.000,238.880,239.245,239.565,239.939,-0.675,-0.632
2017-04-21 13:40:00,239.177,239.874,49.000,289.000,239.10,239.20,2500.000,5000.000,239.70,239.90,441.000,900.000,239.00,239.35,2500.000,2500.000,239.65,239.95,4426.000,4369.000,27500.000,20000.000,238.920,239.425,239.559,240.044,-0.650,-0.592
2017-04-21 13:41:00,239.020,239.633,1066.000,571.000,238.95,239.05,2500.000,7500.000,239.45,239.70,160.000,354.000,238.90,239.10,2500.000,2500.000,239.40,239.80,5226.000,3512.000,20000.000,17500.000,238.780,239.183,239.338,239.800,-0.575,-0.568
2017-04-21 13:42:00,238.955,239.669,49.000,241.000,239.00,239.05,5000.000,5000.000,239.50,239.70,807.000,110.000,238.95,239.10,5000.000,2500.000,239.45,239.85,1867.000,3395.000,22500.000,17500.000,238.880,239.213,239.406,239.864,-0.575,-0.506
2017-04-21 13:43:00,238.929,239.498,1216.000,246.000,238.95,239.05,2500.000,5000.000,239.35,239.55,160.000,389.000,238.90,239.10,2500.000,2500.000,239.30,239.60,3119.000,5244.000,30000.000,25000.000,238.839,239.209,239.246,239.765,-0.450,-0.495
2017-04-21 13:44:00,238.992,239.558,49.000,164.000,239.00,239.05,2500.000,2500.000,239.40,239.60,1462.000,150.000,238.95,239.10,10000.000,2500.000,239.35,239.65,2797.000,3197.000,27500.000,17500.000,238.893,239.201,239.300,239.779,-0.475,-0.489
2017-04-21 13:45:00,239.105,239.604,431.000,150.000,239.00,239.10,2500.000,2500.000,239.45,239.70,1092.000,400.000,238.95,239.15,5000.000,2500.000,239.40,239.75,3966.000,1648.000,17500.000,17500.000,238.900,239.224,239.343,239.879,-0.525,-0.505
2017-04-21 13:46:00,239.282,239.775,659.000,172.000,239.05,239.20,5000.000,5000.000,239.55,239.85,305.000,200.000,239.00,239.30,5000.000,5000.000,239.50,239.90,5017.000,1313.000,35000.000,20000.000,238.920,239.361,239.400,239.944,-0.575,-0.536
2017-04-21 13:47:00,239.190,239.591,317.000,178.000,239.00,239.10,2500.000,2500.000,239.55,239.70,1265.000,60.000,238.95,239.20,2500.000,7500.000,239.50,239.75,6275.000,1626.000,15000.000,25000.000,238.873,239.281,239.442,239.840,-0.575,-0.575
2017-04-21 13:48:00,239.198,239.712,429.000,40.000,239.00,239.05,7500.000,2500.000,239.55,239.80,1262.000,249.000,238.95,239.10,2500.000,2500.000,239.50,239.85,6290.000,916.000,25000.000,17500.000,238.877,239.251,239.445,239.914,-0.650,-0.589
2017-04-21 13:49:00,239.068,239.605,1066.000,89.000,239.00,239.05,5000.000,7500.000,239.40,239.70,1903.000,404.000,238.95,239.10,2500.000,2500.000,239.35,239.75,4396.000,1024.000,27500.000,22500.000,238.942,239.153,239.282,239.828,-0.525,-0.606
2017-04-21 13:50:00,239.023,239.602,197.000,543.000,239.00,239.05,2500.000,5000.000,239.45,239.65,1903.000,364.000,238.95,239.10,2500.000,5000.000,239.40,239.70,4146.000,3137.000,27500.000,27500.000,238.908,239.183,239.305,239.809,-0.525,-0.602
2017-04-21 13:51:00,238.948,239.598,110.000,124.000,239.00,239.10,5000.000,2500.000,239.40,239.55,1131.000,448.000,238.95,239.15,5000.000,5000.000,239.35,239.65,3641.000,8261.000,42500.000,22500.000,238.892,239.267,239.268,239.728,-0.425,-0.617
2017-04-21 13:52:00,238.982,239.576,394.000,196.000,239.00,239.05,5000.000,5000.000,239.40,239.60,1131.000,300.000,238.95,239.20,7500.000,2500.000,239.35,239.65,4028.000,6710.000,32500.000,20000.000,238.898,239.321,239.288,239.706,-0.475,-0.637
2017-04-21 13:53:00,238.946,239.531,183.000,185.000,239.00,239.05,2500.000,2500.000,239.40,239.55,1131.000,152.000,238.95,239.15,7500.000,2500.000,239.35,239.60,3604.000,7806.000,27500.000,17500.000,238.896,239.272,239.300,239.736,-0.450,-0.625
2017-04-21 13:54:00,238.945,239.566,45.000,235.000,239.00,239.05,2500.000,5000.000,239.40,239.55,1131.000,460.000,238.95,239.15,5000.000,2500.000,239.35,239.60,3466.000,8159.000,30000.000,17500.000,238.892,239.266,239.250,239.671,-0.450,-0.606
2017-04-21 13:55:00,239.047,239.609,75.000,1404.000,239.05,239.20,7500.000,2500.000,239.40,239.65,801.000,1641.000,239.00,239.25,2500.000,2500.000,239.35,239.70,4740.000,9642.000,27500.000,15000.000,238.925,239.339,239.314,239.800,-0.400,-0.567
2017-04-21 13:56:00,238.851,239.575,100.000,89.000,238.80,238.85,2500.000,7500.000,239.25,239.50,105.000,178.000,238.75,238.90,2500.000,5000.000,239.20,239.55,4365.000,3186.000,45000.000,25000.000,238.663,239.074,239.081,239.660,-0.550,-0.500
2017-04-21 13:57:00,238.585,239.279,1283.000,707.000,238.70,238.80,2500.000,7500.000,239.05,239.25,60.000,3578.000,238.55,238.85,10000.000,5000.000,239.00,239.45,4771.000,13183.000,35000.000,25000.000,238.501,238.944,238.939,239.435,-0.400,-0.465
2017-04-21 13:58:00,238.729,239.255,2684.000,288.000,238.70,238.75,2500.000,2500.000,239.15,239.25,747.000,500.000,238.60,238.80,2500.000,5000.000,239.10,239.30,8037.000,5042.000,25000.000,22500.000,238.574,238.856,239.020,239.406,-0.475,-0.430
2017-04-21 13:59:00,238.460,238.985,395.000,55.000,238.40,238.45,2500.000,2500.000,238.75,238.95,66.000,177.000,238.30,238.50,12500.000,5000.000,238.70,239.00,4869.000,3375.000,42500.000,17500.000,238.193,238.560,238.594,239.057,-0.425,-0.358
2017-04-21 14:00:00,238.539,238.906,2354.000,2055.000,238.50,238.65,7500.000,7500.000,238.75,239.00,60.000,2120.000,238.45,238.70,5000.000,2500.000,238.70,239.05,3706.000,6235.000,25000.000,17500.000,238.442,238.711,238.665,239.071,-0.300,-0.365
2017-04-21 14:01:00,238.503,238.892,921.000,1373.000,238.50,238.65,2500.000,2500.000,238.85,239.00,124.000,708.000,238.45,238.70,2500.000,5000.000,238.80,239.05,4461.000,8801.000,17500.000,27500.000,238.398,238.773,238.721,239.168,-0.350,-0.363
2017-04-21 14:02:00,238.458,238.975,215.000,93.000,238.50,238.65,2500.000,5000.000,238.80,239.00,124.000,369.000,238.45,238.70,2500.000,5000.000,238.75,239.05,1802.000,6060.000,27500.000,17500.000,238.376,238.786,238.686,239.093,-0.325,-0.329
2017-04-21 14:03:00,238.432,238.783,72.000,6.000,238.45,238.50,2500.000,2500.000,238.75,238.85,645.000,3291.000,238.40,238.60,2500.000,10000.000,238.70,238.90,3886.000,9760.000,20000.000,25000.000,238.284,238.680,238.644,238.955,-0.325,-0.349
2017-04-21 14:04:00,238.323,238.487,993.000,178.000,238.20,238.30,2500.000,2500.000,238.45,238.65,198.000,2864.000,238.05,238.40,2500.000,10000.000,238.40,238.70,11970.000,6833.000,12500.000,25000.000,238.000,238.465,238.330,238.750,-0.300,-0.401
2017-04-21 14:05:00,238.498,238.903,814.000,48.000,238.50,238.60,2500.000,2500.000,238.80,238.95,109.000,137.000,238.45,238.65,2500.000,5000.000,238.75,239.00,3997.000,5935.000,25000.000,20000.000,238.385,238.748,238.675,239.050,-0.325,-0.417
2017-04-21 14:06:00,238.316,238.693,309.000,89.000,238.30,238.35,7500.000,5000.000,238.60,238.75,100.000,60.000,238.25,238.45,2500.000,7500.000,238.55,238.80,4956.000,6454.000,30000.000,25000.000,238.162,238.551,238.508,238.870,-0.350,-0.439
2017-04-21 14:07:00,238.481,238.829,1367.000,3100.000,238.40,238.60,2500.000,2500.000,238.80,238.85,676.000,262.000,238.35,238.65,5000.000,2500.000,238.70,238.90,7711.000,10459.000,25000.000,17500.000,238.280,238.695,238.645,239.000,-0.325,-0.471
2017-04-21 14:08:00,238.451,238.903,1248.000,2.000,238.50,238.55,7500.000,2500.000,238.80,239.00,180.000,155.000,238.45,238.60,2500.000,2500.000,238.75,239.05,2753.000,3589.000,22500.000,17500.000,238.422,238.736,238.678,239.136,-0.375,-0.474
2017-04-21 14:09:00,238.611,239.033,2026.000,790.000,238.55,238.65,7500.000,2500.000,238.85,239.05,1151.000,65.000,238.50,238.70,7500.000,2500.000,238.80,239.10,6780.000,5081.000,37500.000,15000.000,238.453,238.770,238.763,239.192,-0.350,-0.472
2017-04-21 14:10:00,238.523,239.009,607.000,1164.000,238.55,238.60,5000.000,7500.000,238.85,239.00,225.000,39.000,238.50,238.65,2500.000,2500.000,238.80,239.05,2606.000,5264.000,35000.000,20000.000,238.435,238.722,238.743,239.106,-0.350,-0.467
2017-04-21 14:11:00,238.386,238.869,20.000,244.000,238.45,238.50,2500.000,5000.000,238.70,238.85,17.000,1894.000,238.35,238.55,12500.000,2500.000,238.65,238.95,3527.000,8843.000,30000.000,15000.000,238.243,238.624,238.600,238.967,-0.300,-0.478
2017-04-21 14:12:00,238.445,238.957,292.000,1225.000,238.50,238.55,2500.000,5000.000,238.75,238.90,5.000,358.000,238.45,238.60,12500.000,5000.000,238.70,239.05,2186.000,7882.000,37500.000,20000.000,238.370,238.670,238.653,239.088,-0.300,-0.438
2017-04-21 14:13:00,238.137,238.606,201.000,88.000,238.10,238.15,2500.000,2500.000,238.35,238.60,47.000,364.000,238.05,238.30,2500.000,2500.000,238.30,238.65,5141.000,6429.000,27500.000,15000.000,237.988,238.389,238.218,238.783,-0.350,-0.416
2017-04-21 14:14:00,238.091,238.503,63.000,1075.000,238.05,238.20,5000.000,5000.000,238.35,238.60,3262.000,95.000,238.00,238.25,7500.000,2500.000,238.30,238.65,4888.000,5515.000,22500.000,17500.000,237.972,238.325,238.272,238.714,-0.350,-0.427
2017-04-21 14:15:00,238.073,238.530,220.000,89.000,238.05,238.15,2500.000,5000.000,238.40,238.60,3799.000,1004.000,238.00,238.20,2500.000,5000.000,238.35,238.75,5290.000,4575.000,20000.000,30000.000,237.975,238.303,238.294,238.904,-0.400,-0.410
2017-04-21 14:16:00,238.032,238.575,116.000,643.000,238.10,238.15,2500.000,5000.000,238.30,238.45,1043.000,3143.000,238.00,238.20,5000.000,5000.000,238.25,238.70,2447.000,7040.000,35000.000,20000.000,237.908,238.237,238.175,238.700,-0.250,-0.381
2017-04-21 14:17:00,238.309,238.619,705.000,3856.000,238.25,238.50,5000.000,5000.000,238.55,238.85,467.000,938.000,238.20,238.55,12500.000,2500.000,238.50,238.90,4228.000,8943.000,25000.000,35000.000,238.127,238.589,238.475,238.982,-0.325,-0.394
2017-04-21 14:18:00,238.233,238.592,536.000,596.000,238.25,238.35,5000.000,2500.000,238.50,238.70,224.000,2683.000,238.20,238.45,2500.000,2500.000,238.45,238.75,2927.000,9721.000,15000.000,17500.000,238.117,238.501,238.417,238.886,-0.300,-0.424
2017-04-21 14:19:00,238.203,238.671,336.000,544.000,238.25,238.35,2500.000,2500.000,238.50,238.65,111.000,2839.000,238.20,238.40,5000.000,2500.000,238.45,238.70,2534.000,10434.000,25000.000,17500.000,238.104,238.469,238.385,238.871,-0.275,-0.436
2017-04-21 14:20:00,238.235,238.603,1.000,207.000,238.30,238.35,5000.000,2500.000,238.55,238.85,749.000,100.000,238.25,238.45,5000.000,2500.000,238.50,238.90,2058.000,6989.000,17500.000,27500.000,238.189,238.545,238.464,238.986,-0.375,-0.481
2017-04-21 14:21:00,238.264,238.662,658.000,503.000,238.25,238.35,5000.000,5000.000,238.60,238.85,445.000,540.000,238.20,238.45,5000.000,2500.000,238.55,238.90,4116.000,6630.000,22500.000,27500.000,238.122,238.542,238.478,238.973,-0.425,-0.515
2017-04-21 14:22:00,238.399,238.776,1373.000,387.000,238.25,238.45,2500.000,7500.000,238.65,238.95,701.000,1190.000,238.20,238.50,5000.000,7500.000,238.60,239.00,5152.000,3417.000,22500.000,30000.000,238.137,238.547,238.528,239.029,-0.450,-0.546
2017-04-21 14:23:00,238.351,238.857,567.000,55.000,238.30,238.35,2500.000,2500.000,238.75,238.95,1350.000,43.000,238.25,238.45,2500.000,7500.000,238.70,239.00,3626.000,2653.000,15000.000,20000.000,238.209,238.529,238.650,239.088,-0.525,-0.546
2017-04-21 14:24:00,238.329,238.862,31.000,90.000,238.30,238.35,5000.000,2500.000,238.75,238.95,1121.000,103.000,238.25,238.45,2500.000,7500.000,238.70,239.00,2522.000,2645.000,15000.000,17500.000,238.201,238.530,238.667,239.086,-0.525,-0.544
2017-04-21 14:25:00,238.347,238.940,258.000,78.000,238.35,238.45,5000.000,7500.000,238.80,239.00,94.000,710.000,238.30,238.50,5000.000,2500.000,238.75,239.05,2029.000,3416.000,20000.000,17500.000,238.226,238.588,238.713,239.114,-0.500,-0.517
2017-04-21 14:26:00,238.328,238.896,47.000,671.000,238.35,238.40,7500.000,7500.000,238.75,239.00,610.000,60.000,238.25,238.45,2500.000,2500.000,238.70,239.05,2029.000,2760.000,17500.000,17500.000,238.192,238.518,238.679,239.114,-0.500,-0.493
2017-04-21 14:27:00,238.338,238.869,550.000,484.000,238.35,238.55,2500.000,5000.000,238.75,238.95,351.000,1043.000,238.30,238.60,5000.000,5000.000,238.70,239.00,3188.000,8317.000,15000.000,17500.000,238.224,238.692,238.658,239.079,-0.400,-0.490
2017-04-21 14:28:00,238.424,238.927,28.000,445.000,238.50,238.55,2500.000,5000.000,238.80,238.95,887.000,743.000,238.35,238.60,7500.000,5000.000,238.75,239.00,4979.000,7919.000,20000.000,17500.000,238.264,238.696,238.688,239.079,-0.350,-0.496
2017-04-21 14:29:00,238.420,238.945,2000.000,1410.000,238.50,238.60,2500.000,2500.000,238.80,238.95,164.000,689.000,238.35,238.65,10000.000,7500.000,238.75,239.00,5095.000,10683.000,30000.000,17500.000,238.346,238.723,238.708,239.086,-0.325,-0.498
2017-04-21 14:30:00,238.531,238.989,434.000,556.000,238.60,238.65,2500.000,5000.000,238.85,239.10,1949.000,60.000,238.50,238.70,15000.000,2500.000,238.80,239.20,3331.000,5008.000,30000.000,25000.000,238.487,238.799,238.762,239.260,-0.350,-0.505
2017-04-21 14:31:00,238.575,239.022,549.000,255.000,238.60,238.65,5000.000,2500.000,238.85,239.10,304.000,60.000,238.55,238.70,12500.000,2500.000,238.80,239.15,3658.000,4706.000,40000.000,22500.000,238.499,238.812,238.762,239.272,-0.350,-0.576
2017-04-21 14:32:00,238.421,238.941,206.000,941.000,238.55,238.60,10000.000,2500.000,238.75,238.95,579.000,664.000,238.50,238.65,12500.000,7500.000,238.70,239.00,1016.000,9824.000,37500.000,17500.000,238.478,238.728,238.647,239.079,-0.275,-0.602
2017-04-21 14:33:00,238.531,239.064,776.000,93.000,238.55,238.65,5000.000,2500.000,238.90,239.10,603.000,110.000,238.50,238.70,7500.000,2500.000,238.85,239.15,3018.000,4142.000,37500.000,15000.000,238.465,238.817,238.803,239.217,-0.400,-0.632
2017-04-21 14:34:00,239.097,239.628,55.000,970.000,239.10,239.30,5000.000,2500.000,239.65,239.70,220.000,581.000,239.05,239.35,2500.000,2500.000,239.50,239.75,4294.000,10065.000,22500.000,22500.000,238.969,239.445,239.467,239.883,-0.475,-0.642
2017-04-21 14:35:00,239.061,239.555,381.000,670.000,239.00,239.15,7500.000,5000.000,239.45,239.70,9.000,145.000,238.95,239.20,12500.000,5000.000,239.40,239.75,1855.000,2401.000,27500.000,25000.000,238.871,239.257,239.377,239.845,-0.500,-0.639
2017-04-21 14:36:00,238.438,239.240,190.000,112.000,238.50,238.55,2500.000,5000.000,239.10,239.20,52.000,399.000,238.45,238.60,2500.000,2500.000,239.05,239.50,2077.000,4413.000,17500.000,20000.000,238.387,238.717,239.000,239.488,-0.625,-0.591
2017-04-21 14:37:00,238.546,239.196,142.000,119.000,238.45,238.55,5000.000,2500.000,239.05,239.20,67.000,65.000,238.40,238.60,7500.000,2500.000,239.00,239.25,4927.000,3125.000,20000.000,12500.000,238.293,238.709,238.975,239.420,-0.625,-0.581
2017-04-21 14:38:00,238.473,239.158,1214.000,193.000,238.30,238.50,2500.000,2500.000,239.00,239.10,592.000,513.000,238.25,238.55,2500.000,2500.000,238.90,239.15,5960.000,2751.000,20000.000,12500.000,238.190,238.623,238.825,239.290,-0.650,-0.555
2017-04-21 14:39:00,238.482,239.062,1377.000,168.000,238.50,238.55,5000.000,2500.000,238.95,239.10,12.000,5.000,238.45,238.60,5000.000,5000.000,238.90,239.15,2938.000,2825.000,22500.000,20000.000,238.421,238.721,238.844,239.238,-0.500,-0.537
2017-04-21 14:40:00,238.677,239.158,538.000,170.000,238.55,238.60,5000.000,7500.000,239.15,239.30,2660.000,127.000,238.50,238.75,5000.000,5000.000,239.05,239.35,5604.000,2129.000,25000.000,37500.000,238.464,238.829,239.015,239.510,-0.650,-0.543
2017-04-21 14:41:00,238.489,239.047,3104.000,456.000,238.50,238.55,2500.000,5000.000,239.00,239.15,21.000,175.000,238.45,238.60,2500.000,5000.000,238.95,239.25,4567.000,3623.000,12500.000,27500.000,238.452,238.699,238.900,239.323,-0.550,-0.539
2017-04-21 14:42:00,238.488,239.088,2133.000,25.000,238.50,238.55,7500.000,5000.000,239.00,239.15,68.000,255.000,238.45,238.60,2500.000,5000.000,238.95,239.25,4003.000,3748.000,20000.000,20000.000,238.428,238.706,238.894,239.281,-0.550,-0.488
2017-04-21 14:43:00,238.587,239.142,812.000,125.000,238.55,238.60,7500.000,5000.000,239.00,239.25,4037.000,1000.000,238.50,238.65,2500.000,2500.000,238.95,239.40,5584.000,2863.000,22500.000,22500.000,238.494,238.739,238.878,239.433,-0.550,-0.474
2017-04-21 14:44:00,238.706,239.197,379.000,861.000,238.60,238.65,5000.000,2500.000,239.10,239.30,454.000,114.000,238.55,238.75,2500.000,2500.000,239.05,239.35,6615.000,3119.000,27500.000,22500.000,238.487,238.802,238.936,239.461,-0.575,-0.465
2017-04-21 14:45:00,238.799,239.309,1055.000,10.000,238.80,239.00,5000.000,2500.000,239.25,239.50,1081.000,406.000,238.75,239.10,2500.000,2500.000,239.20,239.55,4067.000,7601.000,22500.000,32500.000,238.703,239.230,239.144,239.646,-0.475,-0.465
2017-04-21 14:46:00,238.836,239.375,546.000,24.000,238.80,238.90,2500.000,2500.000,239.20,239.45,601.000,300.000,238.75,239.00,5000.000,5000.000,239.15,239.50,4210.000,5275.000,25000.000,15000.000,238.685,239.167,239.095,239.542,-0.475,-0.455
2017-04-21 14:47:00,239.183,239.528,300.000,62.000,239.00,239.05,2500.000,5000.000,239.55,239.80,620.000,102.000,238.95,239.10,2500.000,2500.000,239.50,239.85,7178.000,642.000,12500.000,37500.000,238.837,239.202,239.450,239.947,-0.650,-0.495
2017-04-21 14:48:00,239.131,239.614,155.000,16.000,239.10,239.15,5000.000,2500.000,239.55,239.80,16.000,115.000,239.05,239.20,2500.000,5000.000,239.50,239.85,1139.000,1021.000,17500.000,27500.000,238.983,239.271,239.436,239.959,-0.550,-0.515
2017-04-21 14:49:00,239.307,239.757,503.000,10.000,239.05,239.15,2500.000,5000.000,239.65,239.90,1267.000,26.000,239.00,239.20,7500.000,2500.000,239.60,239.95,7280.000,282.000,17500.000,20000.000,238.917,239.316,239.557,240.012,-0.675,-0.561
2017-04-21 14:50:00,239.398,239.908,69.000,780.000,239.30,239.40,2500.000,2500.000,239.80,240.00,161.000,304.000,239.15,239.45,5000.000,2500.000,239.75,240.05,8341.000,4591.000,17500.000,12500.000,239.038,239.518,239.614,240.100,-0.550,-0.591
2017-04-21 14:51:00,239.413,239.900,500.000,14.000,239.30,239.35,2500.000,2500.000,239.85,240.00,67.000,7.000,239.25,239.40,5000.000,2500.000,239.80,240.05,4058.000,1523.000,17500.000,15000.000,239.137,239.504,239.714,240.142,-0.600,-0.621
2017-04-21 14:52:00,239.425,239.971,101.000,419.000,239.25,239.45,2500.000,2500.000,239.90,240.05,479.000,1424.000,239.20,239.50,2500.000,5000.000,239.85,240.10,7977.000,4258.000,15000.000,15000.000,239.125,239.556,239.767,240.142,-0.625,-0.645
2017-04-21 14:53:00,239.287,239.869,246.000,495.000,239.25,239.35,7500.000,2500.000,239.80,240.00,60.000,414.000,239.20,239.40,5000.000,5000.000,239.75,240.05,4480.000,5892.000,22500.000,22500.000,239.091,239.481,239.689,240.133,-0.600,-0.603
2017-04-21 14:54:00,239.289,239.968,128.000,407.000,239.30,239.40,2500.000,2500.000,239.85,240.10,139.000,234.000,239.25,239.45,5000.000,5000.000,239.80,240.20,2488.000,6188.000,17500.000,17500.000,239.147,239.517,239.729,240.250,-0.625,-0.556
2017-04-21 14:55:00,239.379,240.042,404.000,63.000,239.25,239.45,2500.000,2500.000,239.95,240.10,833.000,3648.000,239.20,239.50,5000.000,2500.000,239.90,240.20,7549.000,6535.000,15000.000,15000.000,239.126,239.545,239.858,240.242,-0.675,-0.508
2017-04-21 14:56:00,239.302,239.936,133.000,404.000,239.20,239.35,5000.000,7500.000,239.80,240.05,539.000,364.000,239.15,239.40,2500.000,2500.000,239.75,240.10,7464.000,7164.000,17500.000,17500.000,239.018,239.488,239.664,240.143,-0.650,-0.444
2017-04-21 14:57:00,239.219,239.888,526.000,67.000,239.20,239.25,2500.000,5000.000,239.80,240.00,616.000,238.000,239.15,239.35,5000.000,2500.000,239.75,240.05,6768.000,5602.000,15000.000,17500.000,239.028,239.484,239.700,240.093,-0.675,-0.331
2017-04-21 14:58:00,239.634,240.007,2003.000,100.000,239.60,239.65,2500.000,7500.000,239.95,240.15,1200.000,500.000,239.55,239.70,2500.000,2500.000,239.90,240.25,9266.000,6299.000,15000.000,22500.000,239.526,239.842,239.833,240.283,-0.425,-0.332
2017-04-21 14:59:00,239.738,240.180,193.000,379.000,239.70,239.80,2500.000,2500.000,240.10,240.25,864.000,716.000,239.65,239.85,5000.000,2500.000,240.05,240.30,10077.000,10939.000,20000.000,17500.000,239.539,239.967,239.988,240.379,-0.425,-0.314
2017-04-21 15:00:00,239.622,240.042,1611.000,34.000,239.60,239.80,2500.000,5000.000,239.95,240.10,414.000,2677.000,239.55,239.85,2500.000,2500.000,239.90,240.15,8380.000,12812.000,17500.000,15000.000,239.510,239.953,239.821,240.183,-0.325,-0.331
2017-04-21 15:01:00,239.815,240.129,2014.000,20.000,239.85,239.90,5000.000,5000.000,240.10,240.25,1044.000,1980.000,239.80,239.95,7500.000,10000.000,240.05,240.30,4182.000,9202.000,20000.000,27500.000,239.798,239.997,240.000,240.336,-0.300,-0.387
2017-04-21 15:02:00,240.020,240.124,1799.000,397.000,240.00,240.05,5000.000,2500.000,240.15,240.30,161.000,2707.000,239.90,240.10,2500.000,7500.000,240.10,240.35,6698.000,5952.000,15000.000,27500.000,239.831,240.166,240.033,240.414,-0.200,-0.480
2017-04-21 15:03:00,239.339,239.717,29.000,91.000,239.30,239.35,2500.000,5000.000,239.60,239.80,795.000,421.000,239.20,239.45,2500.000,7500.000,239.55,239.85,3632.000,3311.000,15000.000,22500.000,239.108,239.534,239.483,239.950,-0.375,-0.513
2017-04-21 15:04:00,239.106,239.458,4299.000,331.000,239.00,239.05,5000.000,5000.000,239.35,239.55,173.000,24.000,238.95,239.10,2500.000,7500.000,239.30,239.60,8837.000,840.000,22500.000,22500.000,238.923,239.162,239.261,239.667,-0.425,-0.557
2017-04-21 15:05:00,239.235,239.741,95.000,25.000,239.30,239.35,2500.000,2500.000,239.65,239.80,287.000,74.000,239.20,239.40,5000.000,7500.000,239.60,239.95,2947.000,5038.000,17500.000,22500.000,239.102,239.519,239.550,240.006,-0.400,-0.583
2017-04-21 15:06:00,239.223,239.818,76.000,123.000,239.25,239.30,5000.000,5000.000,239.70,239.95,122.000,7.000,239.20,239.35,2500.000,5000.000,239.65,240.00,1022.000,1762.000,20000.000,27500.000,239.109,239.453,239.600,240.145,-0.550,-0.606
2017-04-21 15:07:00,239.065,239.633,3585.000,176.000,239.00,239.05,2500.000,2500.000,239.55,239.65,660.000,824.000,238.95,239.20,5000.000,2500.000,239.50,239.70,6822.000,3948.000,15000.000,15000.000,238.937,239.245,239.458,239.850,-0.575,-0.626
2017-04-21 15:08:00,239.142,239.686,4426.000,104.000,239.00,239.05,2500.000,5000.000,239.60,239.85,888.000,7.000,238.95,239.10,7500.000,2500.000,239.55,239.90,11250.000,118.000,20000.000,25000.000,238.906,239.061,239.506,240.050,-0.700,-0.629
2017-04-21 15:09:00,239.407,239.979,244.000,60.000,239.25,239.35,5000.000,2500.000,239.90,240.10,73.000,467.000,239.15,239.40,2500.000,5000.000,239.85,240.15,13921.000,4206.000,20000.000,22500.000,239.041,239.486,239.800,240.217,-0.700,-0.646
2017-04-21 15:10:00,239.250,239.885,78.000,63.000,239.25,239.30,2500.000,5000.000,239.85,240.00,2342.000,694.000,239.20,239.35,2500.000,7500.000,239.80,240.15,5767.000,6096.000,17500.000,40000.000,239.128,239.463,239.743,240.256,-0.650,-0.632
2017-04-21 15:11:00,239.124,239.834,5703.000,147.000,239.00,239.10,2500.000,5000.000,239.65,239.90,1968.000,16.000,238.95,239.15,5000.000,2500.000,239.60,239.95,11662.000,1487.000,27500.000,20000.000,238.941,239.250,239.514,240.019,-0.725,-0.608
2017-04-21 15:12:00,239.049,239.716,3926.000,338.000,239.00,239.05,5000.000,2500.000,239.60,239.80,675.000,7.000,238.95,239.10,2500.000,5000.000,239.55,239.85,9470.000,3428.000,22500.000,17500.000,238.928,239.204,239.489,239.907,-0.675,-0.595
2017-04-21 15:13:00,239.189,239.750,3192.000,473.000,239.00,239.20,5000.000,2500.000,239.60,239.85,1002.000,234.000,238.95,239.25,5000.000,2500.000,239.55,239.90,8357.000,2298.000,25000.000,17500.000,238.926,239.320,239.490,239.957,-0.625,-0.618
2017-04-21 15:14:00,239.107,239.765,3455.000,251.000,239.00,239.05,2500.000,2500.000,239.65,239.85,1906.000,9.000,238.95,239.10,5000.000,5000.000,239.60,239.90,8570.000,461.000,22500.000,20000.000,238.934,239.110,239.533,239.950,-0.725,-0.643
2017-04-21 15:15:00,239.224,239.787,21.000,75.000,239.10,239.15,2500.000,2500.000,239.70,239.85,787.000,133.000,239.05,239.20,2500.000,5000.000,239.65,239.90,8447.000,1574.000,20000.000,20000.000,238.980,239.275,239.575,239.950,-0.650,-0.673
2017-04-21 15:16:00,239.246,239.835,563.000,269.000,239.05,239.20,2500.000,2500.000,239.75,239.85,4584.000,182.000,239.00,239.25,2500.000,2500.000,239.70,239.90,12462.000,2149.000,17500.000,15000.000,238.947,239.335,239.629,239.975,-0.675,-0.632
2017-04-21 15:17:00,239.174,239.779,210.000,16.000,239.05,239.10,5000.000,5000.000,239.65,239.85,5108.000,2.000,239.00,239.15,5000.000,2500.000,239.60,239.90,10702.000,1503.000,20000.000,15000.000,238.933,239.282,239.562,239.933,-0.675,-0.589
2017-04-21 15:18:00,239.122,239.800,137.000,107.000,239.05,239.10,5000.000,2500.000,239.70,239.85,5103.000,62.000,239.00,239.15,2500.000,2500.000,239.65,239.90,11547.000,4543.000,20000.000,15000.000,238.928,239.284,239.600,239.950,-0.700,-0.545
2017-04-21 15:19:00,239.035,239.815,6841.000,3347.000,239.00,239.05,2500.000,2500.000,239.70,239.80,510.000,516.000,238.95,239.10,2500.000,2500.000,239.65,239.85,10858.000,6600.000,20000.000,12500.000,238.947,239.126,239.575,239.920,-0.725,-0.478
2017-04-21 15:20:00,239.054,239.769,8138.000,366.000,239.00,239.05,5000.000,5000.000,239.60,239.85,545.000,526.000,238.95,239.10,5000.000,2500.000,239.55,239.90,10432.000,2080.000,27500.000,17500.000,238.970,239.194,239.477,239.950,-0.700,-0.416
2017-04-21 15:21:00,239.443,239.825,3817.000,14.000,239.30,239.35,5000.000,2500.000,239.70,239.90,61.000,639.000,239.25,239.40,2500.000,2500.000,239.65,239.95,25362.000,4804.000,22500.000,17500.000,239.053,239.490,239.589,240.014,-0.475,-0.443
2017-04-21 15:22:00,239.500,239.891,3351.000,207.000,239.45,239.50,2500.000,5000.000,239.85,240.00,61.000,7.000,239.40,239.55,2500.000,2500.000,239.80,240.05,6289.000,1926.000,17500.000,22500.000,239.354,239.643,239.750,240.122,-0.450,-0.437
2017-04-21 15:23:00,239.418,239.878,1304.000,80.000,239.45,239.50,2500.000,2500.000,239.85,239.90,72.000,207.000,239.40,239.55,2500.000,5000.000,239.80,239.95,3318.000,3497.000,20000.000,20000.000,239.335,239.645,239.738,239.994,-0.400,-0.371
2017-04-21 15:24:00,239.444,239.884,1210.000,214.000,239.55,239.60,2500.000,2500.000,239.85,239.95,63.000,59.000,239.45,239.65,2500.000,10000.000,239.80,240.00,1923.000,6466.000,22500.000,25000.000,239.465,239.724,239.739,240.055,-0.325,-0.406
2017-04-21 15:25:00,239.461,239.867,129.000,873.000,239.55,239.60,2500.000,2500.000,239.85,239.95,69.000,257.000,239.50,239.65,10000.000,5000.000,239.75,240.00,586.000,6945.000,22500.000,22500.000,239.451,239.709,239.711,240.067,-0.325,-0.365
2017-04-21 15:26:00,239.293,239.812,200.000,413.000,239.35,239.50,2500.000,10000.000,239.75,239.95,593.000,2.000,239.30,239.55,2500.000,12500.000,239.70,240.00,1519.000,4130.000,17500.000,35000.000,239.250,239.669,239.621,240.021,-0.425,-0.365
2017-04-21 15:27:00,239.380,239.741,189.000,8.000,239.30,239.40,2500.000,15000.000,239.60,239.85,60.000,15.000,239.25,239.45,7500.000,10000.000,239.55,239.90,6180.000,3792.000,32500.000,35000.000,239.080,239.591,239.500,239.904,-0.375,-0.365
2017-04-21 15:28:00,239.645,239.775,132.000,1111.000,239.40,239.70,2500.000,5000.000,239.70,239.85,86.000,200.000,239.20,239.75,2500.000,7500.000,239.60,239.90,4352.000,2470.000,30000.000,30000.000,239.076,239.782,239.525,239.954,-0.225,-0.365
2017-04-21 15:29:00,239.171,239.785,2725.000,2.000,239.05,239.10,7500.000,2500.000,239.70,239.85,19414.000,4.000,239.00,239.15,5000.000,7500.000,239.65,239.90,24730.000,1107.000,22500.000,20000.000,238.980,239.456,239.617,239.950,-0.700,-0.365
2017-04-21 15:30:00,239.434,239.633,475.000,1806.000,239.05,239.15,2500.000,7500.000,239.40,239.90,19221.000,501.000,239.00,239.50,2500.000,2500.000,239.35,239.95,19787.000,2692.000,20000.000,25000.000,239.000,239.300,239.287,240.040,-0.550,-0.365
2017-04-24 09:16:00,241.286,242.185,2397.000,2.000,241.15,241.25,5000.000,5000.000,242.05,242.25,224.000,1.000,241.10,241.30,2500.000,2500.000,242.00,242.40,4736.000,737.000,17500.000,15000.000,241.070,241.461,241.857,242.433,-0.950,-0.801
2017-04-24 09:17:00,242.021,242.920,631.000,443.000,241.90,242.05,2500.000,2500.000,242.80,243.00,2500.000,364.000,241.85,242.10,2500.000,5000.000,242.75,243.15,6380.000,3672.000,17500.000,20000.000,241.790,242.171,242.443,243.325,-0.925,-0.793
2017-04-24 09:18:00,242.943,243.471,552.000,72.000,242.75,242.85,5000.000,2500.000,243.65,243.80,2.000,304.000,242.70,242.95,2500.000,2500.000,243.40,243.85,5663.000,1519.000,17500.000,30000.000,242.616,243.029,243.343,243.946,-0.925,-0.866
2017-04-24 09:19:00,243.907,244.668,110.000,22.000,243.70,243.75,5000.000,5000.000,244.70,244.80,500.000,2.000,243.65,243.80,2500.000,2500.000,244.65,244.85,10207.000,2346.000,30000.000,25000.000,243.553,244.011,244.504,244.920,-1.025,-0.902
2017-04-24 09:20:00,243.682,244.488,2309.000,200.000,243.50,243.60,2500.000,7500.000,244.50,244.65,2820.000,572.000,243.40,243.70,2500.000,2500.000,244.45,244.70,12855.000,3352.000,12500.000,30000.000,243.332,243.748,244.380,244.792,-1.025,-0.937
2017-04-24 09:21:00,243.139,244.150,4186.000,143.000,243.00,243.05,2500.000,2500.000,244.00,244.15,100.000,51.000,242.95,243.10,7500.000,2500.000,243.85,244.25,13671.000,1099.000,25000.000,15000.000,242.863,243.174,243.675,244.392,-1.050,-0.909
2017-04-24 09:22:00,242.891,243.750,3100.000,89.000,242.65,242.75,5000.000,5000.000,243.70,243.90,1139.000,350.000,242.60,242.80,2500.000,5000.000,243.55,243.95,15301.000,554.000,15000.000,17500.000,242.539,242.829,243.517,244.007,-1.100,-0.909
2017-04-24 09:23:00,243.046,243.937,1727.000,486.000,243.00,243.10,2500.000,5000.000,243.90,244.10,1267.000,354.000,242.90,243.15,2500.000,2500.000,243.85,244.25,10019.000,6101.000,12500.000,25000.000,242.817,243.229,243.770,244.380,-0.950,-0.905
2017-04-24 09:24:00,242.593,243.533,986.000,251.000,242.50,242.65,7500.000,2500.000,243.40,243.60,75.000,50.000,242.45,242.70,2500.000,2500.000,243.35,243.70,6162.000,4486.000,22500.000,15000.000,242.320,242.794,243.261,243.792,-0.925,-0.921
2017-04-24 09:25:00,242.589,243.572,457.000,501.000,242.60,242.65,2500.000,5000.000,243.55,243.65,7.000,32.000,242.55,242.70,7500.000,7500.000,243.50,243.70,3180.000,4733.000,17500.000,22500.000,242.462,242.796,243.436,243.761,-0.975,-0.905
2017-04-24 09:26:00,242.924,243.797,3550.000,24.000,242.80,242.95,2500.000,7500.000,243.80,243.90,830.000,982.000,242.75,243.00,7500.000,2500.000,243.75,243.95,10764.000,6017.000,30000.000,45000.000,242.687,243.073,243.604,244.014,-0.975,-0.911
2017-04-24 09:27:00,243.736,244.596,902.000,1915.000,243.70,243.80,17500.000,2500.000,244.65,244.80,1852.000,40.000,243.65,243.85,25000.000,2500.000,244.60,244.85,8677.000,9195.000,50000.000,47500.000,243.572,243.945,244.580,244.947,-0.975,-0.915
2017-04-24 09:28:00,243.538,244.409,3152.000,491.000,243.50,243.60,5000.000,2500.000,244.35,244.55,401.000,150.000,243.45,243.65,2500.000,5000.000,244.15,244.60,6121.000,4187.000,22500.000,17500.000,243.439,243.795,244.122,244.643,-0.900,-0.925
2017-04-24 09:29:00,244.202,245.223,690.000,60.000,244.15,244.20,2500.000,2500.000,245.05,245.20,2500.000,376.000,244.10,244.25,47500.000,2500.000,245.00,245.30,9716.000,3551.000,65000.000,17500.000,244.061,244.355,244.917,245.343,-0.950,-0.873
2017-04-24 09:30:00,244.057,244.958,3.000,1760.000,244.00,244.10,5000.000,5000.000,244.85,245.00,110.000,246.000,243.85,244.15,2500.000,5000.000,244.80,245.20,9311.000,7764.000,20000.000,25000.000,243.741,244.207,244.756,245.210,-0.875,-0.862
2017-04-24 09:31:00,244.308,245.209,300.000,631.000,244.25,244.40,7500.000,2500.000,245.05,245.30,500.000,1356.000,244.20,244.45,12500.000,5000.000,245.00,245.35,3164.000,5152.000,32500.000,22500.000,244.100,244.490,244.973,245.461,-0.850,-0.832
2017-04-24 09:32:00,244.508,245.389,2258.000,34.000,244.35,244.50,2500.000,5000.000,245.40,245.45,2899.000,319.000,244.30,244.55,2500.000,7500.000,245.25,245.50,15309.000,4585.000,22500.000,25000.000,244.248,244.654,245.150,245.580,-1.000,-0.780
2017-04-24 09:33:00,244.513,245.437,90.000,34.000,244.55,244.60,2500.000,5000.000,245.45,245.70,439.000,263.000,244.50,244.70,5000.000,2500.000,245.30,245.80,1410.000,2765.000,20000.000,37500.000,244.446,244.807,245.219,245.863,-1.000,-0.706
2017-04-24 09:34:00,244.935,245.691,3102.000,251.000,244.70,244.85,2500.000,10000.000,245.65,245.90,5092.000,150.000,244.65,244.95,12500.000,2500.000,245.50,245.95,14212.000,2003.000,30000.000,42500.000,244.603,245.022,245.438,246.026,-1.000,-0.644
2017-04-24 09:35:00,245.058,245.906,304.000,163.000,244.85,244.95,2500.000,2500.000,245.90,246.10,1049.000,192.000,244.80,245.00,2500.000,2500.000,245.80,246.15,9733.000,858.000,17500.000,25000.000,244.721,245.107,245.743,246.245,-1.100,-0.637
2017-04-24 09:36:00,245.187,245.939,1398.000,5.000,245.00,245.20,2500.000,5000.000,245.90,246.20,200.000,3782.000,244.95,245.25,5000.000,2500.000,245.85,246.25,9243.000,5126.000,17500.000,30000.000,244.816,245.285,245.771,246.333,-0.950,-0.589
2017-04-24 09:37:00,244.868,245.486,756.000,62.000,244.75,244.85,10000.000,2500.000,245.50,245.80,462.000,400.000,244.70,244.95,5000.000,2500.000,245.40,245.85,2763.000,1324.000,27500.000,65000.000,244.664,244.998,245.391,245.987,-0.850,-0.604
2017-04-24 09:38:00,244.840,245.393,836.000,275.000,244.80,244.85,5000.000,7500.000,245.55,245.70,402.000,2398.000,244.75,244.95,2500.000,2500.000,245.50,245.80,4418.000,5426.000,15000.000,72500.000,244.692,244.986,245.450,245.955,-0.800,-0.639
2017-04-24 09:39:00,244.916,245.365,2454.000,1416.000,244.80,244.95,2500.000,2500.000,245.55,245.70,1545.000,823.000,244.75,245.00,2500.000,2500.000,245.40,245.80,6582.000,3957.000,17500.000,67500.000,244.734,245.053,245.314,245.970,-0.750,-0.697
2017-04-24 09:40:00,244.989,245.803,743.000,56.000,244.95,245.05,2500.000,5000.000,245.75,245.95,1759.000,200.000,244.90,245.10,12500.000,52500.000,245.70,246.00,8444.000,11711.000,30000.000,67500.000,244.817,245.238,245.583,246.022,-0.850,-0.691
2017-04-24 09:41:00,245.171,245.685,200.000,8506.000,245.05,245.25,2500.000,2500.000,245.80,245.90,6024.000,372.000,245.00,245.30,7500.000,5000.000,245.70,245.95,10467.000,11343.000,20000.000,55000.000,244.960,245.284,245.613,246.030,-0.700,-0.722
2017-04-24 09:42:00,244.995,245.688,3812.000,30.000,245.00,245.10,5000.000,5000.000,245.75,245.80,1538.000,290.000,244.95,245.15,2500.000,2500.000,245.70,245.95,8557.000,10866.000,20000.000,50000.000,244.934,245.239,245.594,246.002,-0.725,-0.705
2017-04-24 09:43:00,244.950,245.680,687.000,49.000,244.85,244.95,2500.000,2500.000,245.70,245.80,2683.000,1524.000,244.80,245.00,7500.000,2500.000,245.60,245.95,9342.000,5132.000,27500.000,47500.000,244.744,245.136,245.527,246.000,-0.850,-0.707
2017-04-24 09:44:00,245.026,245.762,145.000,3675.000,244.95,245.00,7500.000,2500.000,245.75,245.90,1244.000,50.000,244.90,245.05,2500.000,5000.000,245.70,245.95,6229.000,5496.000,27500.000,52500.000,244.805,245.059,245.609,246.012,-0.850,-0.728
2017-04-24 09:45:00,245.036,245.817,100.000,7339.000,244.95,245.00,2500.000,5000.000,245.80,245.95,1269.000,50.000,244.90,245.05,2500.000,45000.000,245.75,246.00,18734.000,13233.000,25000.000,62500.000,244.793,245.087,245.565,246.030,-0.900,-0.692
2017-04-24 09:46:00,244.946,245.614,3101.000,100.000,244.85,244.95,2500.000,5000.000,245.70,245.85,12115.000,759.000,244.80,245.00,2500.000,5000.000,245.55,245.90,22040.000,7265.000,32500.000,65000.000,244.780,245.172,245.488,245.979,-0.875,-0.705
2017-04-24 09:47:00,244.906,245.516,2529.000,168.000,244.85,244.90,2500.000,7500.000,245.55,245.75,10457.000,500.000,244.80,244.95,12500.000,5000.000,245.50,245.80,16766.000,6462.000,27500.000,60000.000,244.786,244.994,245.436,245.940,-0.775,-0.719
2017-04-24 09:48:00,244.851,245.589,10306.000,767.000,244.80,244.90,2500.000,7500.000,245.55,245.85,1421.000,1682.000,244.75,244.95,12500.000,10000.000,245.50,245.95,14848.000,8689.000,27500.000,67500.000,244.767,244.990,245.432,245.989,-0.850,-0.751
2017-04-24 09:49:00,244.589,245.433,60.000,543.000,244.60,244.85,2500.000,2500.000,245.20,245.45,754.000,2951.000,244.55,244.90,2500.000,2500.000,245.15,245.50,3187.000,11316.000,25000.000,12500.000,244.484,244.967,244.995,245.590,-0.600,-0.729
2017-04-24 09:50:00,244.662,245.262,150.000,740.000,244.40,244.60,5000.000,2500.000,245.15,245.35,586.000,502.000,244.35,244.65,2500.000,2500.000,245.10,245.40,14906.000,3881.000,25000.000,17500.000,244.242,244.706,244.985,245.486,-0.750,-0.767
2017-04-24 09:51:00,244.517,245.247,13.000,720.000,244.35,244.55,2500.000,2500.000,245.15,245.25,1317.000,1860.000,244.30,244.60,2500.000,2500.000,245.05,245.30,12134.000,6750.000,27500.000,15000.000,244.220,244.678,244.986,245.392,-0.750,-0.784
2017-04-24 09:52:00,244.392,245.077,562.000,909.000,244.20,244.35,7500.000,2500.000,245.00,245.15,150.000,350.000,244.15,244.40,2500.000,2500.000,244.95,245.20,13635.000,4868.000,22500.000,15000.000,244.054,244.511,244.856,245.250,-0.800,-0.807
2017-04-24 09:53:00,244.524,245.419,308.000,404.000,244.40,244.50,5000.000,2500.000,245.30,245.45,5000.000,290.000,244.35,244.55,2500.000,2500.000,245.25,245.50,9570.000,2938.000,25000.000,15000.000,244.305,244.605,245.095,245.608,-0.925,-0.771
2017-04-24 09:54:00,244.568,245.303,530.000,37.000,244.40,244.50,7500.000,2500.000,245.15,245.45,640.000,1008.000,244.35,244.60,2500.000,2500.000,245.10,245.50,7292.000,3374.000,27500.000,22500.000,244.233,244.695,245.023,245.656,-0.850,-0.783
2017-04-24 09:55:00,244.645,245.437,402.000,413.000,244.50,244.65,5000.000,2500.000,245.40,245.60,6177.000,454.000,244.45,244.70,2500.000,10000.000,245.35,245.65,8447.000,2405.000,27500.000,30000.000,244.433,244.758,245.118,245.688,-0.925,-0.799
2017-04-24 09:56:00,244.545,245.358,919.000,50.000,244.55,244.60,2500.000,2500.000,245.25,245.45,1696.000,887.000,244.50,244.70,2500.000,2500.000,245.20,245.50,3355.000,4065.000,22500.000,22500.000,244.487,244.781,245.072,245.611,-0.775,-0.819
2017-04-24 09:57:00,244.551,245.350,130.000,55.000,244.50,244.60,2500.000,7500.000,245.30,245.40,270.000,417.000,244.45,244.65,7500.000,2500.000,245.25,245.45,5660.000,4884.000,25000.000,27500.000,244.363,244.764,245.125,245.532,-0.800,-0.833
2017-04-24 09:58:00,244.755,245.472,300.000,3012.000,244.80,244.85,2500.000,5000.000,245.70,245.75,4162.000,2464.000,244.75,244.90,2500.000,2500.000,245.55,245.90,7086.000,20344.000,15000.000,80000.000,244.717,244.957,245.442,245.980,-0.900,-0.858
2017-04-24 09:59:00,245.013,245.808,14.000,110.000,244.90,245.00,7500.000,5000.000,245.80,245.95,2967.000,556.000,244.85,245.05,2500.000,2500.000,245.70,246.00,8242.000,3192.000,22500.000,27500.000,244.792,245.135,245.644,246.050,-0.925,-0.862
2017-04-24 10:00:00,244.996,245.866,3396.000,1437.000,245.00,245.10,12500.000,10000.000,245.80,245.95,560.000,704.000,244.85,245.15,2500.000,5000.000,245.75,246.00,11086.000,10087.000,30000.000,32500.000,244.844,245.227,245.692,246.038,-0.825,-0.856
2017-04-24 10:01:00,245.176,246.089,598.000,978.000,245.25,245.30,5000.000,2500.000,246.05,246.15,395.000,302.000,245.20,245.35,32500.000,2500.000,246.00,246.25,4737.000,14712.000,50000.000,30000.000,245.093,245.464,245.955,246.387,-0.825,-0.857
2017-04-24 10:02:00,245.194,246.064,1371.000,819.000,245.10,245.20,17500.000,5000.000,246.00,246.15,304.000,110.000,245.05,245.25,5000.000,2500.000,245.90,246.20,10119.000,5175.000,32500.000,20000.000,244.999,245.316,245.919,246.281,-0.925,-0.848
2017-04-24 10:03:00,245.062,245.903,137.000,210.000,245.05,245.10,10000.000,2500.000,245.85,246.05,1580.000,1289.000,245.00,245.15,2500.000,5000.000,245.75,246.10,8709.000,8309.000,22500.000,22500.000,244.875,245.228,245.750,246.172,-0.875,-0.870
2017-04-24 10:04:00,244.351,245.164,719.000,256.000,244.25,244.45,2500.000,5000.000,245.05,245.30,404.000,304.000,244.20,244.50,12500.000,7500.000,245.00,245.40,6391.000,6327.000,25000.000,27500.000,244.092,244.609,244.905,245.523,-0.825,-0.881
2017-04-24 10:05:00,244.241,245.080,500.000,77.000,244.05,244.15,10000.000,2500.000,245.00,245.25,7535.000,770.000,244.00,244.30,2500.000,12500.000,244.75,245.30,11682.000,2875.000,30000.000,27500.000,243.972,244.394,244.767,245.359,-1.025,-0.916
2017-04-24 10:06:00,244.183,245.103,50.000,945.000,244.10,244.15,5000.000,2500.000,245.00,245.15,5010.000,50.000,244.05,244.20,2500.000,5000.000,244.90,245.20,11046.000,4164.000,25000.000,20000.000,244.016,244.314,244.835,245.275,-0.950,-0.900
2017-04-24 10:07:00,244.338,245.161,904.000,72.000,244.20,244.35,12500.000,2500.000,245.00,245.25,1056.000,550.000,244.15,244.40,2500.000,5000.000,244.90,245.30,11493.000,6707.000,37500.000,20000.000,244.052,244.486,244.843,245.356,-0.850,-0.918
2017-04-24 10:08:00,244.407,245.358,243.000,154.000,244.35,244.40,2500.000,2500.000,245.25,245.35,284.000,300.000,244.30,244.45,2500.000,5000.000,245.20,245.40,7850.000,4180.000,27500.000,20000.000,244.231,244.554,245.068,245.481,-0.925,-0.923
2017-04-24 10:09:00,244.289,245.162,457.000,280.000,244.15,244.25,5000.000,2500.000,245.05,245.25,1175.000,60.000,244.10,244.30,10000.000,7500.000,245.00,245.35,13053.000,3184.000,22500.000,20000.000,244.040,244.402,244.961,245.381,-0.950,-0.927
2017-04-24 10:10:00,244.344,245.355,500.000,605.000,244.30,244.45,2500.000,2500.000,245.15,245.35,602.000,1330.000,244.25,244.50,5000.000,5000.000,245.10,245.40,5059.000,7714.000,30000.000,17500.000,244.171,244.560,245.021,245.514,-0.875,-0.922
2017-04-24 10:11:00,244.711,245.553,100.000,363.000,244.60,244.70,2500.000,2500.000,245.55,245.65,2935.000,889.000,244.55,244.80,10000.000,2500.000,245.25,245.70,7145.000,5213.000,27500.000,17500.000,244.469,244.868,245.209,245.764,-0.950,-0.946
2017-04-24 10:12:00,244.661,245.575,150.000,110.000,244.70,244.80,7500.000,2500.000,245.55,245.75,224.000,421.000,244.65,244.85,2500.000,5000.000,245.45,245.80,6863.000,13935.000,25000.000,25000.000,244.554,244.979,245.360,245.880,-0.900,-0.934
2017-04-24 10:13:00,244.805,245.780,3500.000,30.000,244.80,244.85,7500.000,5000.000,245.75,245.95,4121.000,178.000,244.75,244.90,2500.000,7500.000,245.60,246.00,12400.000,9841.000,25000.000,30000.000,244.712,245.011,245.595,246.050,-1.025,-0.913
2017-04-24 10:14:00,244.711,245.605,400.000,2546.000,244.70,244.80,2500.000,2500.000,245.60,245.75,450.000,126.000,244.65,244.85,10000.000,2500.000,245.55,245.80,11241.000,13935.000,22500.000,25000.000,244.586,244.953,245.478,245.885,-0.925,-0.897
2017-04-24 10:15:00,244.668,245.653,2060.000,441.000,244.60,244.65,2500.000,2500.000,245.60,245.70,2810.000,2265.000,244.55,244.75,2500.000,7500.000,245.55,245.75,12167.000,9661.000,22500.000,20000.000,244.479,244.812,245.478,245.787,-1.025,-0.867
2017-04-24 10:16:00,244.893,245.854,652.000,100.000,244.75,244.95,7500.000,2500.000,245.75,245.95,462.000,6917.000,244.70,245.00,2500.000,7500.000,245.70,246.00,17812.000,13552.000,27500.000,32500.000,244.618,245.054,245.605,246.112,-1.000,-0.837
2017-04-24 10:17:00,245.013,245.867,200.000,224.000,244.80,244.90,5000.000,7500.000,245.70,246.00,9.000,560.000,244.75,245.00,5000.000,7500.000,245.65,246.05,8627.000,2606.000,32500.000,32500.000,244.635,245.068,245.573,246.092,-1.000,-0.816
2017-04-24 10:18:00,245.063,245.933,1024.000,315.000,245.00,245.05,2500.000,2500.000,245.85,246.00,100.000,554.000,244.95,245.10,2500.000,5000.000,245.75,246.05,12964.000,7357.000,20000.000,17500.000,244.794,245.202,245.681,246.093,-0.900,-0.803
2017-04-24 10:19:00,245.131,245.944,602.000,39.000,245.10,245.15,2500.000,5000.000,246.00,246.10,1000.000,1337.000,245.05,245.20,2500.000,2500.000,245.90,246.20,8168.000,8082.000,17500.000,42500.000,244.947,245.292,245.843,246.285,-0.925,-0.810
2017-04-24 10:20:00,245.112,245.947,308.000,289.000,245.05,245.10,2500.000,5000.000,245.95,246.10,4680.000,1537.000,245.00,245.20,2500.000,5000.000,245.90,246.15,9253.000,6728.000,15000.000,25000.000,244.938,245.290,245.808,246.210,-0.950,-0.815
2017-04-24 10:21:00,245.141,245.954,80.000,341.000,245.10,245.15,2500.000,2500.000,245.90,246.05,3162.000,1537.000,245.05,245.20,2500.000,2500.000,245.85,246.10,11514.000,6515.000,15000.000,17500.000,244.980,245.287,245.800,246.164,-0.850,-0.832
2017-04-24 10:22:00,245.198,245.950,190.000,531.000,245.15,245.20,5000.000,10000.000,245.85,246.10,1175.000,306.000,245.10,245.25,2500.000,2500.000,245.80,246.15,8797.000,6019.000,20000.000,27500.000,245.013,245.338,245.762,246.173,-0.800,-0.858
2017-04-24 10:23:00,245.265,246.069,59.000,457.000,245.15,245.20,2500.000,2500.000,246.00,246.10,793.000,2.000,245.10,245.25,7500.000,2500.000,245.90,246.15,11460.000,3833.000,27500.000,17500.000,244.999,245.342,245.814,246.200,-0.875,-0.871
2017-04-24 10:24:00,245.137,245.981,50.000,118.000,245.05,245.10,2500.000,5000.000,245.85,246.10,5510.000,580.000,245.00,245.20,5000.000,5000.000,245.80,246.15,9916.000,4904.000,22500.000,22500.000,244.940,245.310,245.744,246.194,-0.900,-0.882
2017-04-24 10:25:00,245.069,245.933,5274.000,971.000,245.00,245.10,2500.000,2500.000,245.85,246.00,172.000,60.000,244.95,245.15,5000.000,2500.000,245.80,246.05,10710.000,6379.000,20000.000,17500.000,244.924,245.209,245.738,246.107,-0.875,-0.893
2017-04-24 10:26:00,245.063,245.962,312.000,355.000,244.95,245.00,2500.000,2500.000,245.95,246.00,3582.000,150.000,244.90,245.10,2500.000,2500.000,245.80,246.05,14585.000,6930.000,25000.000,17500.000,244.806,245.207,245.645,246.136,-1.000,-0.889
2017-04-24 10:27:00,244.983,245.863,2000.000,565.000,244.85,244.95,2500.000,2500.000,245.85,245.95,4920.000,1402.000,244.80,245.00,2500.000,2500.000,245.75,246.00,15470.000,4545.000,17500.000,20000.000,244.750,245.042,245.657,246.100,-1.000,-0.889
2017-04-24 10:28:00,244.923,245.795,1900.000,522.000,244.85,244.95,2500.000,5000.000,245.70,245.90,2527.000,1183.000,244.80,245.00,2500.000,2500.000,245.65,246.00,8435.000,5656.000,22500.000,27500.000,244.757,245.057,245.578,246.068,-0.900,-0.903
2017-04-24 10:29:00,244.961,245.856,1412.000,742.000,244.85,245.00,2500.000,2500.000,245.80,245.90,4027.000,556.000,244.80,245.05,2500.000,5000.000,245.75,246.00,11664.000,7073.000,17500.000,25000.000,244.742,245.131,245.686,246.090,-0.925,-0.890
2017-04-24 10:30:00,244.922,245.844,704.000,2128.000,244.85,245.00,2500.000,2500.000,245.75,245.95,161.000,62.000,244.80,245.05,7500.000,2500.000,245.70,246.00,7725.000,9140.000,20000.000,22500.000,244.708,245.113,245.650,246.100,-0.925,-0.902
2017-04-24 10:31:00,244.920,245.798,980.000,200.000,244.90,244.95,10000.000,5000.000,245.70,245.90,801.000,358.000,244.85,245.00,2500.000,2500.000,245.60,245.95,5396.000,5102.000,27500.000,22500.000,244.769,245.101,245.586,246.056,-0.875,-0.915
2017-04-24 10:32:00,244.850,245.726,5159.000,439.000,244.85,244.95,7500.000,5000.000,245.55,245.85,1381.000,1622.000,244.80,245.00,7500.000,2500.000,245.50,245.90,7560.000,6360.000,25000.000,17500.000,244.816,245.074,245.455,245.971,-0.800,-0.929
2017-04-24 10:33:00,244.826,245.771,3035.000,949.000,244.85,244.90,2500.000,5000.000,245.55,245.80,610.000,1871.000,244.80,245.00,12500.000,2500.000,245.50,245.85,6370.000,8372.000,32500.000,15000.000,244.761,245.068,245.385,245.900,-0.800,-0.920
2017-04-24 10:34:00,244.907,245.737,862.000,408.000,244.70,244.85,2500.000,2500.000,245.70,245.80,3117.000,3.000,244.65,244.90,10000.000,2500.000,245.60,245.90,17944.000,4554.000,22500.000,25000.000,244.552,245.003,245.567,246.060,-0.975,-0.951
2017-04-24 10:35:00,244.790,245.770,319.000,34.000,244.75,244.80,5000.000,2500.000,245.70,245.80,2673.000,370.000,244.70,244.85,2500.000,5000.000,245.55,245.85,8551.000,5105.000,22500.000,15000.000,244.627,244.984,245.511,245.908,-0.975,-0.936
2017-04-24 10:36:00,244.856,245.800,347.000,535.000,244.80,244.85,5000.000,5000.000,245.70,245.85,2500.000,87.000,244.70,244.90,2500.000,2500.000,245.60,245.90,10071.000,4481.000,25000.000,20000.000,244.638,244.991,245.525,245.988,-0.950,-0.915
2017-04-24 10:37:00,244.835,245.781,3968.000,228.000,244.75,244.80,2500.000,5000.000,245.75,245.80,2849.000,929.000,244.70,244.90,5000.000,2500.000,245.70,245.85,14056.000,6408.000,25000.000,20000.000,244.649,244.985,245.545,245.938,-1.000,-0.923
2017-04-24 10:38:00,244.890,245.790,3316.000,9.000,244.80,244.90,2500.000,5000.000,245.75,245.90,5209.000,66.000,244.75,244.95,5000.000,5000.000,245.70,246.00,15252.000,6222.000,22500.000,27500.000,244.715,245.042,245.578,246.050,-0.975,-0.915
2017-04-24 10:39:00,244.765,245.753,2500.000,3131.000,244.75,244.80,2500.000,5000.000,245.70,245.80,113.000,60.000,244.70,244.85,2500.000,2500.000,245.60,245.85,9463.000,8902.000,22500.000,22500.000,244.661,244.916,245.528,245.944,-0.975,-0.911
2017-04-24 10:40:00,244.843,245.748,1616.000,424.000,244.75,244.85,5000.000,2500.000,245.70,245.85,5088.000,20.000,244.70,244.90,2500.000,5000.000,245.60,245.90,11339.000,4068.000,25000.000,25000.000,244.673,244.992,245.545,245.975,-0.975,-0.919
2017-04-24 10:41:00,244.873,245.710,1856.000,527.000,244.75,244.95,5000.000,7500.000,245.70,245.90,2588.000,2508.000,244.70,245.00,2500.000,2500.000,245.55,245.95,9394.000,6480.000,20000.000,30000.000,244.662,245.065,245.537,246.000,-0.950,-0.948
2017-04-24 10:42:00,244.812,245.800,2500.000,462.000,244.80,244.95,5000.000,2500.000,245.70,245.90,2588.000,2359.000,244.70,245.00,2500.000,2500.000,245.60,245.95,6452.000,6766.000,27500.000,22500.000,244.716,245.074,245.541,246.022,-0.925,-0.944
2017-04-24 10:43:00,244.923,245.782,50.000,901.000,244.75,244.95,5000.000,2500.000,245.70,245.90,2907.000,2357.000,244.70,245.00,2500.000,2500.000,245.55,245.95,13709.000,8328.000,30000.000,25000.000,244.603,245.064,245.492,246.020,-0.950,-0.948
2017-04-24 10:44:00,244.768,245.735,1037.000,1413.000,244.75,244.90,5000.000,2500.000,245.70,245.85,75.000,275.000,244.70,244.95,2500.000,2500.000,245.55,245.90,4402.000,7800.000,30000.000,30000.000,244.664,245.006,245.483,246.008,-0.950,-0.944
2017-04-24 10:45:00,245.020,245.962,111.000,1596.000,245.05,245.15,5000.000,5000.000,245.90,246.15,2250.000,5642.000,245.00,245.20,2500.000,2500.000,245.85,246.20,2833.000,11509.000,25000.000,37500.000,244.983,245.229,245.775,246.297,-0.925,-0.928
2017-04-24 10:46:00,244.833,245.814,2468.000,404.000,244.75,244.90,7500.000,5000.000,245.70,245.90,690.000,503.000,244.70,244.95,2500.000,2500.000,245.55,245.95,8365.000,6753.000,32500.000,22500.000,244.641,245.077,245.512,245.994,-0.975,-0.923
2017-04-24 10:47:00,244.826,245.795,269.000,250.000,244.80,244.90,5000.000,2500.000,245.70,245.90,2750.000,796.000,244.75,244.95,2500.000,7500.000,245.60,246.00,5308.000,6317.000,25000.000,25000.000,244.707,245.014,245.545,246.065,-0.950,-0.912
2017-04-24 10:48:00,244.874,245.753,801.000,8.000,244.90,244.95,2500.000,2500.000,245.70,245.90,472.000,2744.000,244.80,245.00,2500.000,2500.000,245.60,245.95,4381.000,5227.000,17500.000,22500.000,244.773,245.063,245.536,246.011,-0.875,-0.939
2017-04-24 10:49:00,244.963,245.911,767.000,256.000,244.80,244.95,5000.000,7500.000,245.80,246.00,412.000,2774.000,244.75,245.00,10000.000,2500.000,245.75,246.05,12990.000,6372.000,25000.000,22500.000,244.653,245.059,245.715,246.083,-1.025,-0.932
2017-04-24 10:50:00,244.944,245.806,3882.000,757.000,244.80,244.85,2500.000,5000.000,245.80,245.90,250.000,250.000,244.75,244.90,7500.000,7500.000,245.75,245.95,16487.000,2420.000,17500.000,25000.000,244.670,244.951,245.693,245.995,-1.025,-0.928
2017-04-24 10:51:00,244.930,245.888,2710.000,329.000,244.85,244.90,5000.000,5000.000,245.80,246.00,2590.000,100.000,244.80,244.95,10000.000,2500.000,245.75,246.05,11228.000,3893.000,27500.000,25000.000,244.736,245.063,245.686,246.100,-1.025,-0.940
2017-04-24 10:52:00,244.984,245.898,2213.000,282.000,244.90,245.00,2500.000,7500.000,245.95,246.00,2507.000,216.000,244.85,245.05,2500.000,2500.000,245.75,246.05,22411.000,13567.000,20000.000,30000.000,244.765,245.165,245.694,246.092,-1.025,-0.928
2017-04-24 10:53:00,244.934,245.947,147.000,81.000,245.00,245.05,5000.000,5000.000,245.85,246.05,402.000,1356.000,244.95,245.10,5000.000,2500.000,245.80,246.10,4275.000,13470.000,25000.000,25000.000,244.853,245.200,245.720,246.145,-0.925,-0.932
2017-04-24 10:54:00,244.928,245.840,2387.000,218.000,244.85,245.05,5000.000,7500.000,245.75,246.05,460.000,250.000,244.80,245.10,5000.000,5000.000,245.70,246.10,9297.000,9090.000,20000.000,32500.000,244.746,245.203,245.656,246.146,-0.950,-0.947
2017-04-24 10:55:00,244.980,245.825,2349.000,395.000,244.85,244.90,2500.000,5000.000,245.75,245.95,460.000,66.000,244.80,245.00,10000.000,5000.000,245.70,246.00,8445.000,1949.000,22500.000,27500.000,244.749,245.059,245.656,246.055,-0.975,-0.960
2017-04-24 10:56:00,244.854,245.871,1517.000,203.000,244.85,244.90,12500.000,5000.000,245.70,245.95,405.000,310.000,244.80,245.05,2500.000,2500.000,245.65,246.00,5930.000,7633.000,32500.000,20000.000,244.734,245.178,245.604,246.062,-0.950,-0.938
2017-04-24 10:57:00,244.861,245.712,1066.000,155.000,244.85,244.90,2500.000,7500.000,245.65,245.90,410.000,389.000,244.80,245.00,5000.000,5000.000,245.60,245.95,3509.000,3652.000,22500.000,30000.000,244.753,245.102,245.494,246.004,-0.900,-0.936
2017-04-24 10:58:00,244.841,245.876,200.000,286.000,244.85,244.90,2500.000,2500.000,245.70,245.90,160.000,335.000,244.80,245.00,22500.000,2500.000,245.65,245.95,2507.000,4006.000,45000.000,17500.000,244.721,245.101,245.606,246.029,-0.925,-0.932
2017-04-24 10:59:00,244.836,245.824,15.000,528.000,244.85,244.90,17500.000,2500.000,245.70,245.90,157.000,635.000,244.80,245.00,5000.000,2500.000,245.60,245.95,2393.000,4544.000,37500.000,20000.000,244.712,245.091,245.607,246.062,-0.925,-0.903
2017-04-24 11:00:00,244.958,245.865,399.000,189.000,244.80,244.85,2500.000,2500.000,245.80,245.90,521.000,250.000,244.75,244.95,7500.000,5000.000,245.75,246.00,15761.000,5794.000,22500.000,20000.000,244.638,245.020,245.667,246.056,-1.025,-0.892
2017-04-24 11:01:00,244.981,245.892,249.000,21.000,244.75,244.85,10000.000,2500.000,245.80,245.95,4202.000,652.000,244.70,244.95,2500.000,2500.000,245.65,246.00,21546.000,2623.000,35000.000,25000.000,244.626,245.023,245.607,246.105,-1.075,-0.905
2017-04-24 11:02:00,244.991,245.828,5679.000,109.000,244.80,244.95,12500.000,5000.000,245.80,245.95,2580.000,885.000,244.75,245.00,2500.000,2500.000,245.75,246.00,24397.000,5050.000,22500.000,22500.000,244.689,245.100,245.728,246.067,-1.000,-0.928
2017-04-24 11:03:00,244.848,245.864,1394.000,1447.000,244.85,245.00,7500.000,2500.000,245.80,245.95,5.000,700.000,244.80,245.05,2500.000,2500.000,245.75,246.00,6287.000,12135.000,25000.000,20000.000,244.729,245.144,245.675,246.075,-0.950,-0.921
2017-04-24 11:04:00,244.775,245.618,10.000,195.000,244.75,244.80,2500.000,2500.000,245.60,245.75,1463.000,861.000,244.70,244.85,2500.000,2500.000,245.55,245.80,7854.000,5984.000,20000.000,35000.000,244.563,244.958,245.469,245.964,-0.900,-0.954
2017-04-24 11:05:00,244.970,245.822,2760.000,523.000,244.80,244.95,5000.000,7500.000,245.80,245.95,499.000,1403.000,244.75,245.00,2500.000,20000.000,245.75,246.00,17105.000,6461.000,20000.000,42500.000,244.668,245.078,245.656,246.024,-1.000,-0.976
2017-04-24 11:06:00,244.894,245.872,1150.000,2486.000,244.85,245.00,7500.000,7500.000,245.80,245.95,2735.000,1011.000,244.80,245.05,2500.000,5000.000,245.75,246.00,10967.000,13662.000,30000.000,27500.000,244.737,245.132,245.617,246.036,-0.950,-0.968
2017-04-24 11:07:00,244.848,245.800,850.000,3326.000,244.85,245.00,5000.000,10000.000,245.75,245.95,1700.000,940.000,244.80,245.05,2500.000,10000.000,245.65,246.00,6718.000,14835.000,22500.000,35000.000,244.734,245.124,245.600,246.032,-0.925,-0.955
2017-04-24 11:08:00,244.840,245.823,2175.000,623.000,244.90,244.95,2500.000,15000.000,245.75,246.00,950.000,1210.000,244.80,245.00,2500.000,5000.000,245.70,246.05,5018.000,7566.000,17500.000,37500.000,244.805,245.081,245.621,246.070,-0.950,-0.936
2017-04-24 11:09:00,244.923,245.929,779.000,916.000,244.95,245.00,2500.000,2500.000,245.80,246.00,1651.000,903.000,244.90,245.05,5000.000,2500.000,245.75,246.05,6369.000,10584.000,27500.000,20000.000,244.831,245.145,245.636,246.106,-0.925,-0.916
2017-04-24 11:10:00,244.912,245.873,229.000,588.000,244.95,245.00,2500.000,5000.000,245.80,246.00,1651.000,903.000,244.90,245.05,5000.000,5000.000,245.75,246.05,5487.000,10431.000,22500.000,27500.000,244.822,245.152,245.644,246.100,-0.925,-0.918
2017-04-24 11:11:00,244.922,245.861,209.000,29.000,244.95,245.00,5000.000,2500.000,245.80,245.95,100.000,683.000,244.90,245.05,2500.000,10000.000,245.75,246.00,5411.000,9953.000,27500.000,30000.000,244.780,245.163,245.632,246.062,-0.900,-0.917
2017-04-24 11:12:00,244.935,245.821,215.000,244.000,244.85,244.95,2500.000,5000.000,245.80,245.95,1822.000,732.000,244.80,245.00,2500.000,7500.000,245.70,246.00,9436.000,5894.000,22500.000,30000.000,244.720,245.097,245.589,246.058,-0.975,-0.926
2017-04-24 11:13:00,244.950,245.836,592.000,250.000,244.85,244.95,5000.000,2500.000,245.80,245.95,1122.000,1721.000,244.80,245.00,2500.000,7500.000,245.70,246.00,10533.000,6415.000,20000.000,25000.000,244.710,245.080,245.650,246.050,-0.975,-0.926
2017-04-24 11:14:00,244.946,245.856,165.000,1263.000,244.90,245.00,2500.000,5000.000,245.85,245.95,759.000,653.000,244.85,245.05,2500.000,7500.000,245.80,246.00,9574.000,10762.000,15000.000,27500.000,244.743,245.141,245.750,246.050,-0.950,-0.906
2017-04-24 11:15:00,244.882,245.852,35.000,1482.000,244.90,245.00,5000.000,2500.000,245.75,245.95,1592.000,823.000,244.85,245.05,5000.000,10000.000,245.70,246.00,5301.000,11179.000,30000.000,30000.000,244.768,245.137,245.596,246.050,-0.900,-0.897
2017-04-24 11:16:00,244.856,245.790,1148.000,1274.000,244.85,245.00,2500.000,5000.000,245.75,245.90,782.000,646.000,244.80,245.05,5000.000,2500.000,245.70,245.95,6147.000,11083.000,22500.000,27500.000,244.733,245.138,245.594,246.014,-0.900,-0.877
2017-04-24 11:17:00,244.897,245.827,848.000,20.000,244.85,244.90,2500.000,5000.000,245.75,245.95,842.000,810.000,244.80,245.00,5000.000,7500.000,245.70,246.00,6025.000,5249.000,25000.000,30000.000,244.726,245.099,245.585,246.054,-0.975,-0.864
2017-04-24 11:18:00,244.853,245.737,4637.000,929.000,244.85,244.90,5000.000,2500.000,245.70,245.90,862.000,796.000,244.80,244.95,2500.000,5000.000,245.60,245.95,8281.000,7032.000,27500.000,37500.000,244.796,245.017,245.527,246.013,-0.925,-0.880
2017-04-24 11:19:00,244.808,245.617,4247.000,629.000,244.85,244.90,2500.000,5000.000,245.60,245.80,857.000,956.000,244.80,244.95,7500.000,5000.000,245.50,245.90,7328.000,15356.000,20000.000,37500.000,244.800,245.010,245.456,245.957,-0.825,-0.897
2017-04-24 11:20:00,244.809,245.735,4066.000,604.000,244.85,244.90,7500.000,2500.000,245.65,245.90,532.000,796.000,244.80,244.95,5000.000,7500.000,245.60,245.95,7429.000,15979.000,30000.000,35000.000,244.793,245.010,245.529,246.000,-0.900,-0.890
2017-04-24 11:21:00,244.736,245.571,446.000,186.000,244.70,244.75,2500.000,5000.000,245.40,245.65,228.000,706.000,244.65,244.80,2500.000,2500.000,245.35,245.70,6205.000,6002.000,20000.000,15000.000,244.559,244.873,245.287,245.733,-0.800,-0.891
2017-04-24 11:22:00,244.711,245.579,709.000,137.000,244.60,244.70,5000.000,2500.000,245.30,245.55,701.000,15.000,244.55,244.75,2500.000,2500.000,245.25,245.60,6633.000,2555.000,37500.000,15000.000,244.484,244.864,245.157,245.667,-0.775,-0.884
2017-04-24 11:23:00,244.586,245.550,1351.000,625.000,244.60,244.80,2500.000,5000.000,245.50,245.65,476.000,472.000,244.55,244.85,2500.000,2500.000,245.40,245.70,9213.000,17411.000,15000.000,22500.000,244.489,244.986,245.350,245.811,-0.875,-0.871
2017-04-24 11:24:00,244.628,245.522,810.000,514.000,244.60,244.80,7500.000,2500.000,245.50,245.70,1745.000,688.000,244.55,244.85,5000.000,5000.000,245.35,245.85,12132.000,17612.000,25000.000,32500.000,244.470,244.981,245.345,245.935,-0.900,-0.862
2017-04-24 11:25:00,245.006,245.894,182.000,3.000,244.85,245.00,2500.000,2500.000,245.90,246.10,612.000,317.000,244.80,245.05,2500.000,5000.000,245.85,246.15,15749.000,6897.000,15000.000,25000.000,244.704,245.163,245.692,246.210,-1.075,-0.869
2017-04-24 11:26:00,245.005,245.846,950.000,150.000,244.80,244.95,2500.000,5000.000,245.85,246.00,175.000,502.000,244.75,245.00,2500.000,2500.000,245.80,246.05,18367.000,5287.000,12500.000,22500.000,244.638,245.120,245.720,246.111,-1.050,-0.878
2017-04-24 11:27:00,245.289,246.123,2432.000,2660.000,245.15,245.20,2500.000,2500.000,246.15,246.30,110.000,896.000,245.10,245.25,5000.000,5000.000,246.10,246.35,18849.000,5304.000,20000.000,45000.000,245.004,245.265,246.012,246.436,-1.050,-0.872
2017-04-24 11:28:00,245.083,245.981,2417.000,59.000,244.85,245.00,2500.000,7500.000,245.90,246.00,2320.000,62.000,244.80,245.05,5000.000,2500.000,245.80,246.20,20168.000,2003.000,17500.000,22500.000,244.727,245.167,245.750,246.183,-1.025,-0.839
2017-04-24 11:29:00,245.224,246.074,439.000,208.000,245.10,245.20,2500.000,5000.000,246.15,246.20,3366.000,3.000,245.05,245.25,2500.000,2500.000,246.00,246.25,12804.000,4391.000,25000.000,32500.000,244.987,245.334,245.910,246.335,-1.025,-0.843
2017-04-24 11:30:00,245.114,246.037,2730.000,620.000,244.95,245.00,2500.000,30000.000,246.05,246.10,349.000,139.000,244.90,245.10,5000.000,5000.000,245.90,246.20,21457.000,4504.000,22500.000,52500.000,244.814,245.191,245.806,246.174,-1.100,-0.830
2017-04-24 11:31:00,245.153,246.037,575.000,405.000,245.05,245.10,5000.000,5000.000,246.00,246.10,75822.000,60.000,245.00,245.15,2500.000,10000.000,245.95,246.20,85733.000,4417.000,20000.000,27500.000,244.984,245.238,245.887,246.227,-0.975,-0.833
2017-04-24 11:32:00,244.644,245.447,31.000,60.000,244.60,244.65,2500.000,2500.000,245.40,245.50,7839.000,417.000,244.50,244.70,2500.000,2500.000,245.35,245.55,13327.000,5429.000,17500.000,22500.000,244.460,244.794,245.286,245.717,-0.825,-0.864
2017-04-24 11:33:00,244.806,245.544,350.000,498.000,244.70,244.85,5000.000,7500.000,245.60,245.75,1260.000,1379.000,244.65,244.90,2500.000,12500.000,245.55,245.85,10227.000,8607.000,20000.000,57500.000,244.548,244.977,245.450,245.909,-0.900,-0.887
2017-04-24 11:34:00,245.031,245.900,1644.000,1033.000,245.00,245.05,2500.000,2500.000,245.85,246.05,250.000,364.000,244.90,245.15,2500.000,7500.000,245.80,246.10,8988.000,8287.000,17500.000,27500.000,244.829,245.225,245.743,246.164,-0.925,-0.891
2017-04-24 11:35:00,244.994,245.853,390.000,1087.000,244.90,245.00,5000.000,2500.000,245.85,246.00,509.000,1.000,244.85,245.05,2500.000,5000.000,245.80,246.10,11728.000,9947.000,15000.000,27500.000,244.742,245.198,245.742,246.182,-0.975,-0.927
2017-04-24 11:36:00,245.181,246.076,626.000,7.000,244.95,245.00,2500.000,5000.000,245.90,246.15,404.000,167.000,244.90,245.15,7500.000,2500.000,245.85,246.20,8842.000,1684.000,25000.000,17500.000,244.788,245.256,245.785,246.243,-1.050,-0.947
2017-04-24 11:37:00,244.973,245.931,690.000,502.000,245.00,245.05,2500.000,5000.000,245.85,246.00,350.000,656.000,244.95,245.10,5000.000,2500.000,245.80,246.10,3777.000,6736.000,22500.000,22500.000,244.861,245.199,245.711,246.156,-0.900,-0.969
2017-04-24 11:38:00,245.296,246.150,449.000,686.000,245.20,245.30,2500.000,5000.000,246.20,246.30,460.000,141.000,245.15,245.35,2500.000,2500.000,246.15,246.35,15881.000,10972.000,20000.000,42500.000,245.020,245.471,246.050,246.444,-1.000,-0.988
2017-04-24 11:39:00,246.075,246.962,2360.000,109.000,245.95,246.00,2500.000,2500.000,246.80,246.90,250.000,312.000,245.90,246.05,5000.000,7500.000,246.75,247.00,7631.000,1240.000,50000.000,32500.000,245.833,246.131,246.643,247.104,-0.875,-1.010
2017-04-24 11:40:00,245.705,246.745,1403.000,304.000,245.75,245.80,32500.000,2500.000,246.60,246.80,1363.000,100.000,245.70,245.85,5000.000,2500.000,246.55,246.85,6775.000,10766.000,52500.000,20000.000,245.645,245.971,246.555,246.919,-0.925,-0.998
2017-04-24 11:41:00,245.910,246.908,667.000,100.000,245.80,245.85,2500.000,2500.000,246.80,246.85,266.000,294.000,245.75,245.90,7500.000,5000.000,246.75,246.90,11968.000,4774.000,47500.000,27500.000,245.638,245.995,246.642,246.986,-1.000,-0.997
2017-04-24 11:42:00,245.825,246.891,3251.000,38.000,245.70,245.80,2500.000,2500.000,246.75,246.90,462.000,100.000,245.65,245.85,5000.000,5000.000,246.70,246.95,21474.000,7346.000,42500.000,30000.000,245.576,245.961,246.618,247.029,-1.075,-0.950
2017-04-24 11:43:00,245.801,246.752,547.000,1328.000,245.70,245.75,5000.000,2500.000,246.65,246.80,1060.000,300.000,245.65,245.80,27500.000,2500.000,246.60,246.85,10105.000,4611.000,42500.000,22500.000,245.554,245.858,246.585,246.911,-1.000,-0.935
2017-04-24 11:44:00,245.936,246.930,710.000,1.000,245.85,245.90,7500.000,5000.000,246.75,247.00,268.000,535.000,245.80,245.95,5000.000,10000.000,246.70,247.10,7402.000,4798.000,45000.000,35000.000,245.679,246.022,246.636,247.154,-1.000,-0.894
2017-04-24 11:45:00,245.743,246.726,2026.000,558.000,245.70,245.75,2500.000,2500.000,246.65,246.75,559.000,654.000,245.65,245.85,27500.000,7500.000,246.60,246.80,11129.000,10148.000,45000.000,22500.000,245.564,245.956,246.556,246.850,-0.975,-0.879
2017-04-24 11:46:00,246.086,247.076,500.000,307.000,246.10,246.15,5000.000,2500.000,246.95,247.20,1105.000,288.000,246.00,246.20,7500.000,2500.000,246.90,247.25,5344.000,5159.000,35000.000,27500.000,245.881,246.283,246.807,247.332,-0.950,-0.849
2017-04-24 11:47:00,246.216,247.050,2363.000,492.000,246.05,246.20,2500.000,5000.000,247.05,247.20,3258.000,1.000,246.00,246.25,2500.000,5000.000,247.00,247.25,12020.000,3557.000,17500.000,30000.000,245.943,246.343,246.907,247.317,-1.000,-0.860
2017-04-24 11:48:00,246.360,247.235,2377.000,529.000,246.30,246.35,20000.000,5000.000,247.25,247.40,897.000,66.000,246.25,246.45,7500.000,12500.000,247.15,247.45,8069.000,4649.000,40000.000,52500.000,246.211,246.533,247.159,247.500,-1.000,-0.863
2017-04-24 11:49:00,246.743,247.532,250.000,400.000,246.70,246.75,2500.000,7500.000,247.65,247.80,2489.000,1674.000,246.60,246.80,2500.000,7500.000,247.60,247.85,13378.000,9367.000,27500.000,145000.000,246.503,246.879,247.500,247.961,-1.000,-0.895
2017-04-24 11:50:00,246.646,247.554,2759.000,755.000,246.65,246.70,2500.000,7500.000,247.55,247.70,3641.000,65.000,246.60,246.75,10000.000,2500.000,247.50,247.75,12322.000,11267.000,25000.000,40000.000,246.561,246.860,247.455,247.825,-0.950,-0.913
2017-04-24 11:51:00,246.798,247.637,50.000,1337.000,246.85,246.90,27500.000,2500.000,247.70,247.80,275.000,930.000,246.80,246.95,5000.000,5000.000,247.65,247.85,5111.000,26532.000,47500.000,72500.000,246.713,246.998,247.634,247.957,-0.875,-0.924
2017-04-24 11:52:00,246.924,247.816,2994.000,223.000,246.85,246.90,2500.000,2500.000,247.85,247.95,2156.000,8366.000,246.80,247.00,5000.000,20000.000,247.80,248.00,13426.000,11486.000,20000.000,57500.000,246.734,247.028,247.731,248.089,-1.025,-0.916
2017-04-24 11:53:00,247.209,248.097,6.000,100.000,247.10,247.20,2500.000,2500.000,248.10,248.15,187.000,2170.000,247.05,247.25,5000.000,5000.000,248.05,248.20,6893.000,5287.000,17500.000,22500.000,246.932,247.299,248.000,248.261,-0.975,-0.945
2017-04-24 11:54:00,246.845,247.792,71.000,24.000,246.75,246.80,2500.000,2500.000,247.80,247.85,1044.000,106.000,246.70,246.85,2500.000,5000.000,247.75,248.05,15934.000,6358.000,15000.000,30000.000,246.594,246.983,247.692,248.121,-1.050,-0.953
2017-04-24 11:55:00,246.881,247.881,652.000,95.000,246.70,246.80,5000.000,2500.000,247.70,247.90,2927.000,160.000,246.65,246.90,5000.000,5000.000,247.65,247.95,13658.000,4264.000,47500.000,30000.000,246.562,247.003,247.545,247.996,-1.050,-0.944
2017-04-24 11:56:00,247.241,248.135,134.000,589.000,247.25,247.30,2500.000,5000.000,248.25,248.30,5.000,122.000,247.20,247.35,2500.000,2500.000,248.15,248.35,7127.000,11723.000,17500.000,60000.000,247.067,247.456,248.079,248.454,-1.000,-0.962
2017-04-24 11:57:00,248.260,249.112,721.000,186.000,248.20,248.25,7500.000,2500.000,249.10,249.30,1386.000,846.000,248.15,248.30,2500.000,7500.000,249.05,249.35,9684.000,7253.000,25000.000,50000.000,248.049,248.379,249.015,249.425,-0.975,-0.991
2017-04-24 11:58:00,248.367,249.400,80.000,275.000,248.30,248.45,2500.000,2500.000,249.30,249.40,250.000,1625.000,248.25,248.50,10000.000,5000.000,249.25,249.45,9297.000,10849.000,32500.000,17500.000,248.164,248.570,249.142,249.536,-0.975,-0.950
2017-04-24 11:59:00,247.904,248.888,30.000,1934.000,247.90,248.00,5000.000,2500.000,248.85,248.95,392.000,2121.000,247.80,248.05,5000.000,5000.000,248.80,249.00,6571.000,11474.000,20000.000,22500.000,247.667,248.114,248.731,249.106,-0.950,-0.937
2017-04-24 12:00:00,247.812,248.767,100.000,304.000,247.75,247.95,2500.000,5000.000,248.75,248.90,60.000,3811.000,247.70,248.00,2500.000,2500.000,248.70,248.95,6187.000,10596.000,17500.000,27500.000,247.571,248.074,248.586,249.014,-0.975,-0.915
2017-04-24 12:01:00,248.000,248.987,10554.000,1221.000,247.80,248.00,12500.000,27500.000,249.00,249.10,1857.000,179.000,247.75,248.05,2500.000,2500.000,248.75,249.15,28166.000,8489.000,30000.000,47500.000,247.695,248.148,248.812,249.161,-1.150,-0.896
2017-04-24 12:02:00,247.883,248.877,831.000,334.000,247.80,248.00,2500.000,2500.000,248.85,249.00,2893.000,312.000,247.75,248.05,2500.000,2500.000,248.80,249.05,9639.000,8789.000,25000.000,30000.000,247.688,248.168,248.630,249.108,-1.025,-0.859
2017-04-24 12:03:00,247.894,248.723,100.000,182.000,247.75,247.80,2500.000,2500.000,248.60,248.75,285.000,960.000,247.70,247.95,5000.000,2500.000,248.55,248.95,11261.000,7726.000,25000.000,30000.000,247.576,248.014,248.465,249.012,-0.900,-0.886
2017-04-24 12:04:00,247.878,248.800,1637.000,100.000,247.80,247.90,7500.000,2500.000,248.70,248.90,593.000,602.000,247.75,247.95,5000.000,2500.000,248.60,248.95,7604.000,6140.000,35000.000,27500.000,247.667,248.015,248.557,249.014,-0.950,-0.892
2017-04-24 12:05:00,247.859,248.705,670.000,508.000,247.85,247.95,2500.000,5000.000,248.70,248.80,1722.000,4705.000,247.75,248.00,2500.000,2500.000,248.65,248.90,10270.000,13662.000,17500.000,32500.000,247.669,248.063,248.579,248.977,-0.850,-0.890
2017-04-24 12:06:00,247.859,248.748,3629.000,782.000,247.85,247.90,7500.000,5000.000,248.65,248.90,345.000,926.000,247.80,247.95,5000.000,7500.000,248.60,248.95,7584.000,8236.000,30000.000,37500.000,247.767,248.005,248.550,249.003,-0.900,-0.882
2017-04-24 12:07:00,247.912,248.724,1000.000,388.000,247.90,247.95,2500.000,5000.000,248.65,248.90,252.000,5471.000,247.85,248.00,5000.000,12500.000,248.60,248.95,5641.000,8385.000,27500.000,45000.000,247.786,248.039,248.536,249.003,-0.850,-0.881
2017-04-24 12:08:00,247.525,248.483,1192.000,10.000,247.45,247.50,5000.000,2500.000,248.30,248.60,402.000,150.000,247.40,247.60,2500.000,5000.000,248.25,248.70,3641.000,1598.000,22500.000,22500.000,247.351,247.720,248.183,248.789,-0.975,-0.864
2017-04-24 12:09:00,247.458,248.411,325.000,600.000,247.50,247.60,2500.000,5000.000,248.30,248.50,310.000,250.000,247.40,247.65,5000.000,2500.000,248.25,248.55,4495.000,8063.000,22500.000,22500.000,247.305,247.757,248.189,248.633,-0.850,-0.855
2017-04-24 12:10:00,247.460,248.294,100.000,116.000,247.35,247.45,2500.000,2500.000,248.15,248.35,357.000,540.000,247.30,247.50,2500.000,5000.000,248.05,248.40,3263.000,2337.000,27500.000,17500.000,247.184,247.558,247.932,248.450,-0.850,-0.868
2017-04-24 12:11:00,247.204,248.054,495.000,874.000,247.15,247.20,5000.000,5000.000,247.85,248.15,1000.000,922.000,247.10,247.30,10000.000,2500.000,247.80,248.25,5832.000,5336.000,35000.000,25000.000,247.019,247.378,247.750,248.320,-0.825,-0.891
2017-04-24 12:12:00,247.097,247.905,466.000,881.000,246.95,247.00,2500.000,2500.000,247.90,247.95,2328.000,757.000,246.90,247.10,2500.000,2500.000,247.85,248.00,13680.000,4462.000,20000.000,27500.000,246.815,247.159,247.769,248.109,-0.950,-0.918
2017-04-24 12:13:00,246.931,247.802,90.000,782.000,246.80,246.95,5000.000,2500.000,247.70,247.85,1152.000,3497.000,246.75,247.00,2500.000,7500.000,247.65,247.90,7779.000,6311.000,45000.000,27500.000,246.644,247.035,247.489,247.973,-0.900,-0.930
2017-04-24 12:14:00,246.772,247.681,2273.000,1287.000,246.70,246.75,2500.000,2500.000,247.55,247.75,512.000,60.000,246.60,246.80,7500.000,2500.000,247.50,247.80,9923.000,5288.000,30000.000,22500.000,246.531,246.844,247.408,247.900,-0.925,-0.968
2017-04-24 12:15:00,246.853,247.755,1875.000,62.000,246.70,246.85,2500.000,5000.000,247.65,247.80,197.000,250.000,246.65,246.90,5000.000,2500.000,247.60,247.95,13355.000,6021.000,22500.000,25000.000,246.557,247.006,247.539,247.995,-0.950,-0.993
2017-04-24 12:16:00,246.968,247.931,101.000,498.000,246.90,247.00,7500.000,2500.000,247.80,247.95,2395.000,310.000,246.85,247.05,2500.000,5000.000,247.65,248.00,6247.000,5186.000,45000.000,27500.000,246.764,247.134,247.589,248.095,-0.925,-0.990
2017-04-24 12:17:00,247.053,248.000,90.000,137.000,247.05,247.10,2500.000,7500.000,247.90,248.05,1190.000,60.000,247.00,247.15,2500.000,2500.000,247.85,248.25,5320.000,5985.000,17500.000,25000.000,246.930,247.247,247.800,248.250,-0.900,-0.989
2017-04-24 12:18:00,247.238,248.170,172.000,156.000,247.05,247.20,5000.000,2500.000,248.10,248.20,1337.000,313.000,247.00,247.25,2500.000,2500.000,247.95,248.25,13472.000,4607.000,32500.000,25000.000,246.897,247.345,247.838,248.400,-1.025,-0.983
2017-04-24 12:19:00,246.942,248.040,1241.000,83.000,247.00,247.10,5000.000,2500.000,247.90,248.05,650.000,174.000,246.95,247.15,5000.000,2500.000,247.85,248.15,3267.000,8849.000,27500.000,22500.000,246.925,247.243,247.764,248.300,-0.925,-0.942
2017-04-24 12:20:00,247.255,248.283,55.000,653.000,247.20,247.35,2500.000,2500.000,248.20,248.35,186.000,140.000,247.15,247.40,5000.000,2500.000,248.15,248.40,8194.000,10471.000,22500.000,15000.000,247.023,247.507,248.000,248.450,-1.000,-0.918
2017-04-24 12:21:00,247.261,248.206,270.000,612.000,247.05,247.25,2500.000,2500.000,248.10,248.25,1185.000,402.000,247.00,247.30,5000.000,2500.000,248.00,248.40,11821.000,5209.000,22500.000,20000.000,246.900,247.354,247.900,248.456,-1.025,-0.890
2017-04-24 12:22:00,247.217,248.160,60.000,402.000,247.05,247.20,2500.000,2500.000,248.10,248.25,1753.000,1343.000,247.00,247.25,2500.000,2500.000,248.00,248.30,10229.000,4344.000,20000.000,17500.000,246.915,247.312,247.887,248.379,-1.050,-0.884
2017-04-24 12:23:00,247.313,248.214,1550.000,281.000,247.10,247.20,2500.000,2500.000,248.10,248.35,706.000,60.000,247.05,247.30,2500.000,5000.000,248.05,248.40,8432.000,1719.000,22500.000,22500.000,246.960,247.361,247.894,248.467,-1.075,-0.864
2017-04-24 12:24:00,247.207,248.100,2372.000,273.000,247.00,247.10,2500.000,5000.000,248.05,248.20,255.000,62.000,246.95,247.15,7500.000,2500.000,248.00,248.30,17009.000,1677.000,20000.000,25000.000,246.860,247.221,247.925,248.350,-1.075,-0.866
2017-04-24 12:25:00,247.112,248.018,2469.000,261.000,246.95,247.00,5000.000,5000.000,248.00,248.10,999.000,304.000,246.90,247.10,5000.000,5000.000,247.80,248.20,25771.000,5713.000,32500.000,30000.000,246.809,247.219,247.758,248.258,-1.075,-0.872
2017-04-24 12:26:00,247.340,248.147,3440.000,507.000,247.20,247.30,2500.000,2500.000,248.15,248.30,60.000,364.000,247.10,247.35,2500.000,7500.000,248.05,248.35,14022.000,3993.000,15000.000,25000.000,247.034,247.428,248.008,248.410,-0.975,-0.885
2017-04-24 12:27:00,247.310,248.223,90.000,202.000,247.20,247.30,2500.000,7500.000,248.10,248.35,404.000,1723.000,247.15,247.35,5000.000,10000.000,248.05,248.40,3842.000,2594.000,35000.000,42500.000,247.064,247.377,247.882,248.465,-0.975,-0.854
2017-04-24 12:28:00,247.180,247.981,564.000,509.000,247.00,247.15,5000.000,7500.000,247.90,248.15,790.000,1257.000,246.95,247.20,5000.000,5000.000,247.80,248.20,9059.000,4171.000,22500.000,30000.000,246.842,247.247,247.778,248.271,-0.950,-0.876
2017-04-24 12:29:00,247.217,248.124,2399.000,2.000,247.05,247.20,2500.000,5000.000,248.15,248.25,3879.000,448.000,247.00,247.25,2500.000,2500.000,248.00,248.30,16831.000,5703.000,17500.000,25000.000,246.934,247.325,247.936,248.375,-1.075,-0.848
2017-04-24 12:30:00,247.257,248.194,2001.000,195.000,247.15,247.20,2500.000,5000.000,248.15,248.25,3823.000,75.000,247.10,247.25,5000.000,2500.000,248.10,248.30,11757.000,2008.000,20000.000,20000.000,247.048,247.353,248.006,248.356,-1.025,-0.834
2017-04-24 12:31:00,247.425,248.293,1040.000,1166.000,247.40,247.50,2500.000,2500.000,248.25,248.35,1339.000,538.000,247.30,247.55,2500.000,5000.000,248.20,248.40,10613.000,8565.000,17500.000,17500.000,247.252,247.651,248.107,248.443,-0.850,-0.859
2017-04-24 12:32:00,247.504,248.263,165.000,1423.000,247.40,247.50,2500.000,5000.000,248.25,248.40,60.000,375.000,247.35,247.55,2500.000,2500.000,248.10,248.45,9449.000,6531.000,15000.000,22500.000,247.253,247.601,248.067,248.578,-0.875,-0.912
2017-04-24 12:33:00,247.489,248.400,325.000,247.000,247.50,247.60,2500.000,5000.000,248.25,248.40,2050.000,308.000,247.40,247.65,2500.000,2500.000,248.20,248.45,9068.000,11908.000,27500.000,22500.000,247.323,247.745,248.050,248.594,-0.775,-0.927
2017-04-24 12:34:00,247.742,248.506,2141.000,539.000,247.70,247.85,2500.000,5000.000,248.55,248.80,250.000,2590.000,247.65,247.90,2500.000,7500.000,248.50,248.85,8427.000,12622.000,15000.000,47500.000,247.562,247.972,248.417,248.945,-0.900,-0.976
2017-04-24 12:35:00,247.706,248.572,4626.000,294.000,247.50,247.65,2500.000,5000.000,248.50,248.65,834.000,310.000,247.45,247.75,5000.000,5000.000,248.35,248.70,11388.000,1924.000,25000.000,20000.000,247.421,247.795,248.275,248.731,-1.000,-0.979
2017-04-24 12:36:00,247.612,248.607,1075.000,138.000,247.50,247.55,2500.000,2500.000,248.50,248.60,3619.000,1635.000,247.40,247.60,2500.000,7500.000,248.45,248.75,13213.000,3546.000,17500.000,17500.000,247.318,247.668,248.329,248.771,-1.025,-0.965
2017-04-24 12:37:00,247.506,248.530,381.000,595.000,247.40,247.50,2500.000,7500.000,248.35,248.50,2839.000,834.000,247.30,247.55,2500.000,2500.000,248.30,248.60,10483.000,4111.000,40000.000,22500.000,247.249,247.597,248.066,248.622,-0.975,-0.946
2017-04-24 12:38:00,247.393,248.378,486.000,33.000,247.20,247.30,2500.000,2500.000,248.25,248.35,2966.000,75.000,247.15,247.35,5000.000,2500.000,248.10,248.40,15334.000,2515.000,42500.000,15000.000,247.045,247.482,248.000,248.500,-1.050,-0.921
2017-04-24 12:39:00,247.318,248.327,2233.000,275.000,247.25,247.30,2500.000,5000.000,248.25,248.40,330.000,916.000,247.20,247.40,7500.000,5000.000,248.05,248.45,5594.000,3439.000,40000.000,25000.000,247.153,247.454,247.994,248.505,-1.050,-0.912
2017-04-24 12:40:00,247.283,248.163,1253.000,13.000,247.05,247.25,5000.000,2500.000,248.05,248.20,2688.000,1284.000,247.00,247.30,7500.000,2500.000,248.00,248.35,11701.000,3312.000,25000.000,22500.000,246.921,247.359,247.955,248.411,-0.975,-0.930
2017-04-24 12:41:00,247.271,248.198,844.000,214.000,247.05,247.25,2500.000,2500.000,248.05,248.25,5188.000,755.000,247.00,247.30,5000.000,7500.000,248.00,248.30,13014.000,3367.000,32500.000,25000.000,246.942,247.366,247.892,248.400,-1.000,-0.931
2017-04-24 12:42:00,247.241,248.167,158.000,50.000,247.10,247.25,7500.000,5000.000,248.00,248.20,2735.000,1109.000,247.05,247.30,5000.000,2500.000,247.95,248.25,9536.000,3866.000,30000.000,15000.000,247.003,247.370,247.908,248.283,-0.925,-0.922
2017-04-24 12:43:00,247.346,248.209,1.000,408.000,247.20,247.30,2500.000,2500.000,248.10,248.25,250.000,429.000,247.15,247.35,2500.000,2500.000,248.05,248.30,13391.000,5831.000,25000.000,17500.000,247.027,247.446,247.955,248.379,-0.925,-0.930
2017-04-24 12:44:00,247.340,248.305,2577.000,10.000,247.20,247.30,2500.000,5000.000,248.15,248.35,2053.000,1053.000,247.10,247.35,5000.000,2500.000,248.10,248.40,17441.000,4444.000,32500.000,17500.000,247.040,247.417,247.965,248.450,-1.000,-0.924
2017-04-24 12:45:00,247.406,248.374,100.000,846.000,247.30,247.50,5000.000,7500.000,248.20,248.50,67.000,414.000,247.25,247.55,2500.000,5000.000,248.15,248.60,3567.000,4130.000,40000.000,37500.000,247.159,247.598,247.981,248.683,-0.950,-0.945
2017-04-24 12:46:00,247.358,248.294,1010.000,28.000,247.25,247.35,2500.000,2500.000,248.20,248.30,866.000,756.000,247.20,247.40,2500.000,2500.000,248.15,248.35,7458.000,3849.000,22500.000,17500.000,247.123,247.472,248.044,248.486,-0.950,-0.961
2017-04-24 12:47:00,247.097,247.974,759.000,1207.000,247.05,247.15,12500.000,2500.000,247.80,248.00,2325.000,679.000,247.00,247.20,5000.000,2500.000,247.75,248.05,6309.000,5983.000,40000.000,22500.000,246.956,247.259,247.709,248.122,-0.800,-0.979
2017-04-24 12:48:00,247.197,248.100,1316.000,1176.000,247.05,247.15,12500.000,10000.000,247.90,248.10,2441.000,250.000,247.00,247.30,7500.000,2500.000,247.85,248.25,9290.000,4835.000,40000.000,22500.000,246.944,247.358,247.816,248.228,-0.900,-1.004
2017-04-24 12:49:00,247.110,248.045,1307.000,46.000,247.05,247.10,2500.000,2500.000,247.90,248.05,1994.000,1842.000,247.00,247.15,5000.000,10000.000,247.85,248.10,5201.000,2546.000,27500.000,22500.000,246.974,247.175,247.791,248.178,-0.900,-1.039
2017-04-24 12:50:00,247.152,248.227,304.000,370.000,247.05,247.15,5000.000,2500.000,248.00,248.25,2006.000,260.000,247.00,247.30,12500.000,2500.000,247.95,248.35,4406.000,3443.000,37500.000,17500.000,246.951,247.381,247.900,248.421,-1.025,-1.027
2017-04-24 12:51:00,247.195,248.211,100.000,284.000,247.05,247.15,2500.000,5000.000,248.05,248.25,2206.000,614.000,247.00,247.25,2500.000,2500.000,248.00,248.30,5945.000,2910.000,25000.000,20000.000,246.926,247.313,247.880,248.375,-1.050,-1.001
2017-04-24 12:52:00,247.071,248.037,199.000,1471.000,247.00,247.10,5000.000,2500.000,247.95,248.05,20.000,797.000,246.95,247.15,5000.000,2500.000,247.85,248.20,5268.000,6145.000,27500.000,20000.000,246.821,247.207,247.814,248.250,-0.950,-0.964
2017-04-24 12:53:00,246.929,247.958,1904.000,1431.000,246.75,246.90,2500.000,2500.000,247.80,248.05,639.000,430.000,246.70,246.95,2500.000,5000.000,247.65,248.10,7834.000,3411.000,27500.000,20000.000,246.638,246.996,247.573,248.175,-1.100,-0.934
2017-04-24 12:54:00,246.763,247.872,10.000,997.000,246.75,246.80,2500.000,5000.000,247.70,247.95,807.000,250.000,246.70,246.85,5000.000,2500.000,247.65,248.00,3179.000,4146.000,25000.000,20000.000,246.624,246.911,247.545,248.081,-1.050,-0.915
2017-04-24 12:55:00,246.897,247.913,2500.000,234.000,246.80,246.90,2500.000,2500.000,247.75,247.95,2419.000,710.000,246.75,246.95,5000.000,7500.000,247.65,248.05,10029.000,5143.000,27500.000,20000.000,246.693,247.019,247.555,248.106,-1.000,-0.913
2017-04-24 12:56:00,246.838,247.721,762.000,547.000,246.70,246.80,2500.000,7500.000,247.60,247.85,2997.000,50.000,246.65,246.85,7500.000,2500.000,247.50,247.90,13207.000,4234.000,25000.000,22500.000,246.566,246.960,247.425,247.961,-0.975,-0.906
2017-04-24 12:57:00,246.940,247.721,2476.000,289.000,246.65,246.90,2500.000,2500.000,247.65,247.85,2972.000,554.000,246.60,246.95,2500.000,2500.000,247.60,248.05,15993.000,2886.000,17500.000,25000.000,246.541,246.995,247.486,248.105,-0.975,-0.945
2017-04-24 12:58:00,247.026,247.909,31.000,55.000,246.75,246.90,2500.000,2500.000,247.80,247.95,666.000,250.000,246.70,246.95,2500.000,2500.000,247.75,248.00,11457.000,1428.000,22500.000,17500.000,246.573,247.035,247.600,248.129,-1.050,-0.950
2017-04-24 12:59:00,246.560,247.573,681.000,748.000,246.50,246.65,2500.000,2500.000,247.40,247.65,91.000,515.000,246.45,246.70,2500.000,2500.000,247.35,247.70,2273.000,2883.000,20000.000,17500.000,246.395,246.744,247.269,247.793,-0.950,-0.917
2017-04-24 13:00:00,246.488,247.492,105.000,35.000,246.40,246.50,5000.000,2500.000,247.20,247.50,219.000,434.000,246.35,246.55,5000.000,2500.000,247.15,247.65,3993.000,2828.000,42500.000,20000.000,246.237,246.659,247.047,247.706,-0.900,-0.878
2017-04-24 13:01:00,246.581,247.432,877.000,497.000,246.35,246.50,2500.000,2500.000,247.35,247.50,6272.000,542.000,246.30,246.60,5000.000,2500.000,247.25,247.65,17821.000,3611.000,17500.000,17500.000,246.243,246.677,247.214,247.707,-1.000,-0.871
2017-04-24 13:02:00,246.477,247.450,5300.000,1044.000,246.40,246.45,5000.000,5000.000,247.25,247.40,1661.000,20.000,246.35,246.50,7500.000,2500.000,247.20,247.45,11371.000,2974.000,47500.000,25000.000,246.327,246.547,247.061,247.610,-0.900,-0.863
2017-04-24 13:03:00,246.563,247.473,3871.000,146.000,246.45,246.50,2500.000,2500.000,247.35,247.55,3911.000,802.000,246.40,246.60,7500.000,2500.000,247.25,247.60,13550.000,4641.000,20000.000,12500.000,246.357,246.729,247.219,247.650,-0.975,-0.842
2017-04-24 13:04:00,246.748,247.597,419.000,188.000,246.55,246.70,5000.000,2500.000,247.40,247.70,1502.000,60.000,246.50,246.75,2500.000,5000.000,247.30,247.80,9713.000,2007.000,27500.000,20000.000,246.435,246.828,247.245,247.856,-0.925,-0.841
2017-04-24 13:05:00,246.607,247.412,1394.000,456.000,246.50,246.60,5000.000,7500.000,247.30,247.60,2779.000,176.000,246.45,246.65,2500.000,2500.000,247.25,247.65,9181.000,3084.000,17500.000,25000.000,246.414,246.728,247.200,247.730,-0.900,-0.839
2017-04-24 13:06:00,246.747,247.562,1345.000,1209.000,246.55,246.75,2500.000,7500.000,247.40,247.70,694.000,1050.000,246.50,246.80,2500.000,5000.000,247.35,247.80,7132.000,3322.000,17500.000,22500.000,246.431,246.815,247.271,247.811,-0.900,-0.840
2017-04-24 13:07:00,246.755,247.692,1090.000,119.000,246.55,246.70,7500.000,2500.000,247.50,247.75,1394.000,453.000,246.50,246.75,2500.000,2500.000,247.45,247.80,8582.000,1693.000,30000.000,15000.000,246.433,246.809,247.367,247.867,-1.000,-0.836
2017-04-24 13:08:00,246.997,247.800,525.000,359.000,246.80,247.00,5000.000,2500.000,247.80,247.90,4577.000,417.000,246.75,247.05,2500.000,2500.000,247.75,248.05,12246.000,4426.000,20000.000,32500.000,246.678,247.147,247.706,248.173,-0.950,-0.828
2017-04-24 13:09:00,246.733,247.576,502.000,350.000,246.55,246.70,7500.000,2500.000,247.45,247.70,4683.000,614.000,246.50,246.75,2500.000,5000.000,247.40,247.75,10898.000,2734.000,22500.000,20000.000,246.444,246.809,247.339,247.838,-0.950,-0.819
2017-04-24 13:10:00,246.860,247.658,250.000,239.000,246.65,246.85,2500.000,5000.000,247.60,247.80,2500.000,574.000,246.60,246.90,2500.000,5000.000,247.55,247.85,12026.000,4113.000,12500.000,20000.000,246.523,246.981,247.480,247.919,-0.950,-0.816
2017-04-24 13:11:00,246.820,247.638,245.000,319.000,246.75,246.90,5000.000,2500.000,247.55,247.80,304.000,250.000,246.70,247.00,7500.000,5000.000,247.45,247.85,4456.000,5258.000,30000.000,32500.000,246.616,247.098,247.363,248.015,-0.850,-0.867
2017-04-24 13:12:00,247.022,247.942,269.000,703.000,247.00,247.05,30000.000,20000.000,247.90,248.05,1872.000,431.000,246.95,247.10,7500.000,2500.000,247.80,248.10,4821.000,4248.000,50000.000,47500.000,246.889,247.186,247.820,248.163,-0.950,-0.893
2017-04-24 13:13:00,247.086,247.847,1759.000,768.000,247.00,247.10,5000.000,2500.000,247.80,248.00,250.000,244.000,246.90,247.15,2500.000,20000.000,247.75,248.05,11741.000,6438.000,27500.000,50000.000,246.826,247.235,247.641,248.125,-0.850,-0.968
2017-04-24 13:14:00,247.058,247.855,608.000,866.000,247.00,247.10,2500.000,5000.000,247.85,248.00,646.000,244.000,246.95,247.15,2500.000,20000.000,247.80,248.05,6523.000,6615.000,20000.000,52500.000,246.863,247.219,247.688,248.121,-0.875,-1.014
2017-04-24 13:15:00,247.037,247.821,2003.000,396.000,246.95,247.00,2500.000,2500.000,247.85,248.00,962.000,30.000,246.90,247.05,5000.000,20000.000,247.80,248.05,10458.000,4557.000,17500.000,52500.000,246.819,247.130,247.721,248.131,-0.950,-1.074
2017-04-24 13:16:00,247.172,248.245,380.000,2237.000,247.25,247.35,2500.000,5000.000,248.10,248.30,250.000,349.000,247.20,247.40,10000.000,5000.000,248.05,248.35,3561.000,12021.000,32500.000,22500.000,247.096,247.475,247.985,248.400,-0.900,-1.063
2017-04-24 13:17:00,247.272,248.323,246.000,158.000,247.25,247.40,5000.000,5000.000,248.20,248.35,350.000,500.000,247.20,247.45,7500.000,2500.000,248.15,248.40,6244.000,10033.000,35000.000,20000.000,247.118,247.539,248.054,248.444,-0.950,-1.058
2017-04-24 13:18:00,247.111,248.244,450.000,2749.000,247.15,247.30,2500.000,5000.000,248.15,248.30,467.000,60.000,247.05,247.35,2500.000,2500.000,248.10,248.35,5459.000,12878.000,20000.000,20000.000,246.975,247.434,248.019,248.438,-1.000,-1.020
2017-04-24 13:19:00,247.279,248.306,472.000,5540.000,247.25,247.40,2500.000,2500.000,248.30,248.35,585.000,362.000,247.20,247.45,2500.000,2500.000,248.20,248.45,8743.000,18278.000,20000.000,22500.000,247.097,247.502,248.137,248.528,-1.000,-1.012
2017-04-24 13:20:00,247.171,248.257,464.000,718.000,247.15,247.35,7500.000,5000.000,248.15,248.40,615.000,5008.000,247.10,247.40,5000.000,2500.000,248.10,248.45,4835.000,11844.000,27500.000,27500.000,247.014,247.458,248.064,248.523,-1.025,-0.984
2017-04-24 13:21:00,247.215,248.232,2206.000,1259.000,247.20,247.35,2500.000,2500.000,248.20,248.40,888.000,1273.000,247.15,247.40,2500.000,2500.000,248.15,248.45,5030.000,7729.000,17500.000,30000.000,247.125,247.472,248.086,248.533,-1.025,-0.978
2017-04-24 13:22:00,247.007,248.033,137.000,248.000,247.00,247.05,2500.000,2500.000,248.00,248.15,265.000,574.000,246.95,247.20,2500.000,2500.000,247.90,248.20,5668.000,10085.000,15000.000,15000.000,246.855,247.301,247.825,248.283,-1.050,-0.982
2017-04-24 13:23:00,246.886,247.830,236.000,1044.000,246.80,247.00,5000.000,5000.000,247.75,247.90,560.000,252.000,246.75,247.05,2500.000,7500.000,247.65,247.95,4739.000,6464.000,30000.000,27500.000,246.660,247.101,247.554,248.023,-0.925,-0.992
2017-04-24 13:24:00,246.914,247.897,160.000,2149.000,246.85,247.00,2500.000,7500.000,247.75,248.00,4248.000,60.000,246.80,247.05,10000.000,2500.000,247.70,248.05,8372.000,8049.000,20000.000,17500.000,246.743,247.136,247.669,248.079,-0.950,-1.014
2017-04-24 13:25:00,246.971,247.921,4002.000,58.000,246.80,246.90,2500.000,5000.000,247.75,248.00,433.000,653.000,246.75,247.00,5000.000,5000.000,247.70,248.05,9769.000,1570.000,25000.000,22500.000,246.714,247.059,247.615,248.111,-1.025,-1.033
2017-04-24 13:26:00,246.791,247.775,536.000,1707.000,246.80,246.90,2500.000,2500.000,247.70,247.85,271.000,322.000,246.75,246.95,2500.000,2500.000,247.65,247.90,4521.000,11121.000,12500.000,12500.000,246.675,247.004,247.600,247.950,-0.925,-1.038
2017-04-24 13:27:00,246.821,247.869,337.000,335.000,246.80,246.90,2500.000,5000.000,247.75,247.90,757.000,60.000,246.75,246.95,2500.000,2500.000,247.70,247.95,5072.000,6323.000,17500.000,15000.000,246.670,247.046,247.600,247.992,-0.975,-1.000
2017-04-24 13:28:00,247.203,248.200,639.000,742.000,247.25,247.30,2500.000,2500.000,248.10,248.30,1396.000,551.000,247.20,247.35,2500.000,5000.000,248.05,248.35,6218.000,14030.000,27500.000,25000.000,247.129,247.444,247.927,248.445,-0.925,-0.960
2017-04-24 13:29:00,246.989,248.079,961.000,9.000,247.00,247.20,5000.000,5000.000,247.85,248.15,250.000,373.000,246.95,247.25,7500.000,2500.000,247.75,248.20,5625.000,11838.000,37500.000,22500.000,246.892,247.363,247.687,248.289,-0.900,-0.912
2017-04-24 13:30:00,247.036,248.079,3142.000,105.000,247.00,247.20,2500.000,2500.000,248.00,248.15,304.000,1806.000,246.95,247.25,5000.000,2500.000,247.85,248.20,8068.000,11510.000,20000.000,15000.000,246.901,247.349,247.806,248.300,-0.975,-0.898
2017-04-24 13:31:00,246.989,247.998,912.000,294.000,247.00,247.05,2500.000,5000.000,247.85,248.00,310.000,60.000,246.90,247.10,7500.000,2500.000,247.70,248.10,7782.000,7989.000,37500.000,20000.000,246.811,247.214,247.633,248.137,-0.900,-0.861
2017-04-24 13:32:00,246.897,247.756,1021.000,298.000,246.85,247.00,2500.000,5000.000,247.65,247.85,1965.000,663.000,246.80,247.10,10000.000,7500.000,247.60,247.90,7448.000,8705.000,32500.000,27500.000,246.743,247.217,247.481,247.964,-0.825,-0.881
2017-04-24 13:33:00,247.092,247.887,2418.000,1028.000,247.00,247.20,2500.000,2500.000,247.80,248.05,178.000,1026.000,246.95,247.25,2500.000,5000.000,247.75,248.10,7792.000,8364.000,17500.000,22500.000,246.886,247.315,247.643,248.194,-0.825,-0.942
2017-04-24 13:34:00,247.084,247.935,1203.000,1099.000,247.00,247.20,2500.000,2500.000,247.85,248.05,451.000,1027.000,246.95,247.25,2500.000,5000.000,247.80,248.10,8743.000,10433.000,20000.000,22500.000,246.872,247.321,247.669,248.183,-0.850,-0.954
2017-04-24 13:35:00,247.663,248.638,2668.000,733.000,247.55,247.65,5000.000,12500.000,248.55,248.85,250.000,137.000,247.50,247.70,17500.000,17500.000,248.50,248.90,7783.000,2424.000,35000.000,50000.000,247.470,247.752,248.436,248.925,-1.100,-0.951
2017-04-24 13:36:00,248.501,249.323,1.000,2239.000,248.40,248.50,2500.000,10000.000,249.50,249.70,3268.000,158.000,248.35,248.55,5000.000,15000.000,249.45,249.75,11169.000,6418.000,17500.000,87500.000,248.285,248.597,249.307,249.836,-1.150,-0.997
2017-04-24 13:37:00,248.239,249.198,626.000,100.000,248.15,248.20,2500.000,2500.000,249.25,249.40,110.000,400.000,248.10,248.30,2500.000,17500.000,249.15,249.50,9442.000,7031.000,15000.000,52500.000,247.989,248.451,249.050,249.540,-1.150,-1.021
2017-04-24 13:38:00,248.140,249.244,1092.000,471.000,248.10,248.15,5000.000,2500.000,249.05,249.30,146.000,1604.000,248.00,248.20,10000.000,2500.000,249.00,249.35,7156.000,4514.000,30000.000,12500.000,247.886,248.261,248.908,249.400,-1.050,-1.008
2017-04-24 13:39:00,248.212,249.120,450.000,180.000,248.15,248.35,5000.000,2500.000,249.15,249.30,2258.000,135.000,248.10,248.40,7500.000,2500.000,249.10,249.35,9935.000,11583.000,25000.000,42500.000,248.026,248.513,249.045,249.509,-0.975,-1.002
2017-04-24 13:40:00,249.331,250.291,1330.000,199.000,249.20,249.35,2500.000,5000.000,250.35,250.50,2700.000,659.000,249.15,249.40,2500.000,2500.000,250.30,250.55,14138.000,8059.000,12500.000,30000.000,249.061,249.495,250.230,250.637,-1.150,-0.997
2017-04-24 13:41:00,249.183,250.236,265.000,110.000,249.05,249.20,2500.000,2500.000,250.15,250.35,3514.000,215.000,249.00,249.25,2500.000,2500.000,250.10,250.40,8005.000,3641.000,12500.000,15000.000,248.932,249.362,250.030,250.483,-1.125,-0.977
2017-04-24 13:42:00,249.699,250.778,485.000,1640.000,249.70,249.75,10000.000,2500.000,250.80,250.95,2362.000,5465.000,249.65,249.80,5000.000,62500.000,250.75,251.00,13957.000,20907.000,30000.000,87500.000,249.569,249.872,250.683,251.030,-1.150,-0.921
2017-04-24 13:43:00,249.237,250.279,2540.000,296.000,249.15,249.25,5000.000,2500.000,250.25,250.45,1513.000,310.000,249.05,249.35,2500.000,10000.000,250.20,250.50,12944.000,6986.000,15000.000,27500.000,249.003,249.459,250.167,250.559,-1.150,-0.924
2017-04-24 13:44:00,248.821,249.700,771.000,750.000,248.80,248.95,5000.000,5000.000,249.60,249.80,750.000,4368.000,248.75,249.00,5000.000,2500.000,249.55,249.85,8454.000,16706.000,20000.000,20000.000,248.659,249.065,249.512,249.887,-0.825,-0.961
2017-04-24 13:45:00,248.639,249.573,300.000,679.000,248.75,248.80,2500.000,2500.000,249.50,249.65,1469.000,469.000,248.60,248.85,5000.000,5000.000,249.40,249.70,8253.000,18225.000,17500.000,15000.000,248.518,248.948,249.357,249.742,-0.800,-0.996
2017-04-24 13:46:00,248.808,249.759,586.000,61.000,248.70,248.75,2500.000,5000.000,249.70,249.95,165.000,401.000,248.65,248.80,2500.000,5000.000,249.65,250.00,5192.000,2671.000,15000.000,25000.000,248.552,248.942,249.558,250.045,-1.100,-1.020
2017-04-24 13:47:00,249.141,249.939,2755.000,752.000,248.95,249.15,5000.000,2500.000,250.00,250.20,850.000,1069.000,248.90,249.20,5000.000,5000.000,249.85,250.25,9217.000,3859.000,22500.000,55000.000,248.842,249.238,249.817,250.425,-1.050,-1.077
2017-04-24 13:48:00,248.720,249.780,100.000,1364.000,248.65,248.85,2500.000,7500.000,249.60,249.85,2500.000,1556.000,248.60,248.90,2500.000,5000.000,249.55,249.90,6152.000,7924.000,27500.000,22500.000,248.542,248.965,249.464,249.922,-0.975,-1.068
2017-04-24 13:49:00,248.734,249.796,2043.000,295.000,248.60,248.75,2500.000,2500.000,249.65,249.80,2167.000,110.000,248.55,248.80,2500.000,2500.000,249.60,249.85,9494.000,3371.000,20000.000,12500.000,248.513,248.904,249.531,249.920,-1.050,-1.059
2017-04-24 13:50:00,248.604,249.716,1208.000,658.000,248.45,248.50,5000.000,5000.000,249.50,249.70,429.000,250.000,248.40,248.65,2500.000,5000.000,249.40,249.75,9630.000,4702.000,45000.000,17500.000,248.296,248.713,249.333,249.793,-1.125,-1.050
2017-04-24 13:51:00,248.475,249.543,413.000,59.000,248.45,248.50,2500.000,7500.000,249.45,249.55,1597.000,889.000,248.40,248.60,5000.000,2500.000,249.30,249.60,6903.000,8195.000,30000.000,27500.000,248.311,248.703,249.238,249.768,-1.025,-0.993
2017-04-24 13:52:00,248.486,249.571,522.000,942.000,248.50,248.65,2500.000,2500.000,249.45,249.65,26.000,668.000,248.45,248.70,5000.000,5000.000,249.35,249.70,3316.000,9039.000,22500.000,20000.000,248.360,248.831,249.300,249.850,-0.975,-0.995
2017-04-24 13:53:00,248.770,249.782,130.000,592.000,248.80,248.90,2500.000,5000.000,249.75,250.00,125.000,393.000,248.70,248.95,2500.000,2500.000,249.70,250.05,4359.000,7872.000,27500.000,42500.000,248.634,249.022,249.523,250.182,-1.025,-0.969
2017-04-24 13:54:00,248.684,249.703,4373.000,395.000,248.50,248.70,2500.000,7500.000,249.55,249.85,338.000,1047.000,248.45,248.75,2500.000,2500.000,249.50,249.90,8572.000,2725.000,40000.000,37500.000,248.426,248.797,249.341,249.993,-1.100,-0.947
2017-04-24 13:55:00,248.416,249.483,3177.000,60.000,248.15,248.35,5000.000,2500.000,249.20,249.45,1105.000,652.000,248.10,248.40,2500.000,2500.000,249.15,249.50,12829.000,1309.000,45000.000,15000.000,248.046,248.462,249.025,249.575,-1.075,-0.920
2017-04-24 13:56:00,247.667,248.447,656.000,88.000,247.45,247.50,5000.000,2500.000,248.30,248.65,522.000,56.000,247.40,247.65,5000.000,2500.000,248.25,248.70,7270.000,1548.000,22500.000,27500.000,247.298,247.734,248.200,248.814,-1.000,-0.965
2017-04-24 13:57:00,247.930,249.025,309.000,2499.000,247.85,247.90,2500.000,2500.000,248.90,249.10,2561.000,20.000,247.80,247.95,2500.000,2500.000,248.85,249.15,5815.000,3101.000,20000.000,20000.000,247.764,247.925,248.700,249.250,-1.125,-0.957
2017-04-24 13:58:00,247.827,248.712,1127.000,21.000,247.65,247.70,2500.000,2500.000,248.60,248.80,400.000,200.000,247.60,247.80,2500.000,5000.000,248.50,248.95,9020.000,1734.000,15000.000,17500.000,247.510,247.870,248.442,248.979,-1.025,-0.988
2017-04-24 13:59:00,247.895,248.803,330.000,126.000,247.70,247.85,2500.000,2500.000,248.70,248.85,3640.000,32.000,247.65,247.90,2500.000,2500.000,248.50,249.00,12937.000,3059.000,22500.000,17500.000,247.571,248.010,248.450,249.086,-1.000,-1.000
2017-04-24 14:00:00,247.611,248.544,2195.000,214.000,247.55,247.60,12500.000,2500.000,248.35,248.60,3877.000,453.000,247.50,247.75,12500.000,2500.000,248.30,248.70,9851.000,6688.000,40000.000,20000.000,247.486,247.828,248.266,248.775,-0.900,-1.027
2017-04-24 14:01:00,246.963,247.969,831.000,75.000,246.85,247.00,2500.000,7500.000,247.75,247.95,1369.000,554.000,246.80,247.05,2500.000,2500.000,247.65,248.00,9490.000,5796.000,32500.000,20000.000,246.720,247.159,247.558,248.081,-0.925,-1.036
2017-04-24 14:02:00,247.503,248.556,1227.000,102.000,247.40,247.50,2500.000,2500.000,248.40,248.55,464.000,512.000,247.35,247.60,5000.000,2500.000,248.35,248.60,7895.000,4171.000,25000.000,15000.000,247.296,247.718,248.250,248.708,-1.025,-1.021
2017-04-24 14:03:00,247.435,248.475,1008.000,471.000,247.40,247.55,2500.000,2500.000,248.35,248.50,1318.000,1382.000,247.35,247.60,2500.000,2500.000,248.25,248.55,7877.000,9635.000,20000.000,15000.000,247.277,247.709,248.194,248.700,-0.950,-1.008
2017-04-24 14:04:00,247.764,248.733,250.000,6.000,247.65,247.70,5000.000,7500.000,248.65,248.80,3070.000,50.000,247.60,247.80,5000.000,2500.000,248.50,248.90,8359.000,2886.000,35000.000,25000.000,247.534,247.927,248.429,248.945,-1.050,-0.999
2017-04-24 14:05:00,247.746,248.815,684.000,300.000,247.65,247.85,5000.000,2500.000,248.70,248.90,500.000,60.000,247.60,247.90,7500.000,2500.000,248.65,248.95,6551.000,6362.000,27500.000,22500.000,247.513,248.002,248.573,249.044,-1.050,-0.978
2017-04-24 14:06:00,247.683,248.734,2147.000,1.000,247.65,247.75,5000.000,2500.000,248.60,248.85,450.000,271.000,247.60,247.85,2500.000,5000.000,248.55,248.95,5773.000,5425.000,25000.000,30000.000,247.552,247.976,248.475,249.046,-1.025,-0.948
2017-04-24 14:07:00,247.626,248.602,1109.000,52.000,247.65,247.70,2500.000,2500.000,248.55,248.75,450.000,763.000,247.60,247.85,2500.000,2500.000,248.50,248.90,4722.000,8552.000,17500.000,32500.000,247.533,247.971,248.450,248.969,-0.975,-0.938
2017-04-24 14:08:00,247.732,248.707,4811.000,117.000,247.65,247.85,2500.000,2500.000,248.60,248.75,1750.000,522.000,247.60,247.90,5000.000,5000.000,248.55,248.90,11882.000,10773.000,25000.000,30000.000,247.569,247.988,248.485,249.008,-0.925,-0.930
2017-04-24 14:09:00,248.350,249.275,221.000,381.000,248.20,248.35,2500.000,2500.000,249.25,249.35,6587.000,1982.000,248.15,248.40,5000.000,2500.000,249.20,249.40,15004.000,6917.000,25000.000,35000.000,248.084,248.454,249.105,249.550,-1.025,-0.900
2017-04-24 14:10:00,248.123,249.088,1303.000,50.000,248.05,248.10,5000.000,5000.000,249.05,249.25,476.000,147.000,248.00,248.15,2500.000,2500.000,249.00,249.30,4273.000,2402.000,20000.000,30000.000,247.940,248.278,248.887,249.429,-1.075,-0.875
2017-04-24 14:11:00,248.139,249.036,725.000,1.000,247.85,247.95,2500.000,2500.000,249.05,249.20,1041.000,130.000,247.80,248.05,2500.000,5000.000,249.00,249.30,25607.000,1580.000,20000.000,35000.000,247.684,248.126,248.850,249.404,-1.225,-0.882
2017-04-24 14:12:00,247.922,248.852,5395.000,57.000,247.80,247.90,7500.000,7500.000,248.80,249.05,2800.000,60.000,247.75,247.95,2500.000,7500.000,248.75,249.10,13627.000,2137.000,20000.000,40000.000,247.735,248.055,248.713,249.184,-1.075,-0.870
2017-04-24 14:13:00,248.042,248.974,324.000,75.000,247.85,247.95,2500.000,10000.000,248.85,249.15,6368.000,59.000,247.80,248.00,5000.000,2500.000,248.80,249.20,14519.000,1702.000,25000.000,32500.000,247.745,248.139,248.700,249.296,-1.100,-0.881
2017-04-24 14:14:00,248.171,248.950,506.000,330.000,247.95,248.00,2500.000,2500.000,249.00,249.15,339.000,112.000,247.90,248.10,2500.000,5000.000,248.95,249.30,13234.000,1505.000,15000.000,37500.000,247.790,248.137,248.817,249.373,-1.100,-0.940
2017-04-24 14:15:00,248.208,249.044,163.000,200.000,248.00,248.15,2500.000,5000.000,248.95,249.25,2819.000,863.000,247.95,248.20,5000.000,2500.000,248.85,249.35,9775.000,2598.000,27500.000,32500.000,247.859,248.253,248.750,249.431,-1.025,-0.983
2017-04-24 14:16:00,248.218,249.153,1330.000,324.000,248.20,248.25,2500.000,2500.000,249.15,249.30,2500.000,60.000,248.15,248.35,2500.000,2500.000,249.05,249.40,10764.000,9724.000,15000.000,25000.000,248.096,248.479,249.008,249.470,-1.000,-0.976
2017-04-24 14:17:00,248.186,249.056,2923.000,24.000,248.10,248.20,2500.000,2500.000,249.05,249.25,1337.000,352.000,248.05,248.25,2500.000,2500.000,249.00,249.30,10997.000,4490.000,15000.000,27500.000,248.006,248.380,248.933,249.441,-1.000,-0.991
2017-04-24 14:18:00,247.983,248.969,620.000,328.000,248.00,248.05,2500.000,5000.000,248.80,249.00,400.000,2900.000,247.95,248.10,5000.000,2500.000,248.75,249.10,8491.000,12644.000,27500.000,25000.000,247.810,248.172,248.677,249.210,-0.875,-0.975
2017-04-24 14:19:00,247.479,248.553,10.000,217.000,247.45,247.50,7500.000,2500.000,248.25,248.65,406.000,260.000,247.40,247.55,2500.000,2500.000,248.20,248.70,4856.000,4373.000,27500.000,12500.000,247.310,247.651,248.164,248.750,-0.975,-0.950
2017-04-24 14:20:00,247.512,248.559,236.000,598.000,247.50,247.60,2500.000,2500.000,248.40,248.60,61.000,560.000,247.45,247.70,2500.000,5000.000,248.35,248.75,5769.000,8796.000,20000.000,20000.000,247.363,247.813,248.294,248.831,-0.950,-0.934
2017-04-24 14:21:00,247.549,248.453,25.000,9.000,247.60,247.65,2500.000,5000.000,248.35,248.65,200.000,1159.000,247.50,247.70,5000.000,2500.000,248.30,248.75,4746.000,9655.000,15000.000,25000.000,247.386,247.834,248.258,248.835,-0.875,-0.937
2017-04-24 14:22:00,247.634,248.575,448.000,621.000,247.55,247.70,2500.000,2500.000,248.45,248.65,1354.000,465.000,247.50,247.75,2500.000,5000.000,248.40,248.70,7113.000,6629.000,22500.000,17500.000,247.416,247.830,248.300,248.750,-0.925,-0.950
2017-04-24 14:23:00,247.667,248.573,271.000,23.000,247.55,247.65,5000.000,2500.000,248.50,248.65,2626.000,2508.000,247.50,247.70,2500.000,2500.000,248.45,248.70,10148.000,5400.000,17500.000,20000.000,247.415,247.755,248.400,248.819,-0.975,-0.969
2017-04-24 14:24:00,247.663,248.613,74.000,204.000,247.60,247.65,2500.000,2500.000,248.55,248.70,3020.000,83.000,247.55,247.70,2500.000,7500.000,248.50,248.75,8775.000,3556.000,15000.000,22500.000,247.489,247.828,248.450,248.861,-1.000,-0.993
2017-04-24 14:25:00,247.731,248.702,298.000,872.000,247.65,247.75,2500.000,2500.000,248.60,248.80,172.000,826.000,247.60,247.80,5000.000,2500.000,248.50,248.85,6280.000,5262.000,30000.000,25000.000,247.510,247.859,248.346,249.020,-1.000,-1.009
2017-04-24 14:26:00,247.716,248.635,56.000,231.000,247.65,247.70,2500.000,2500.000,248.60,248.75,155.000,460.000,247.60,247.85,2500.000,2500.000,248.45,248.80,10835.000,11506.000,20000.000,22500.000,247.504,247.948,248.381,248.911,-1.000,-1.021
2017-04-24 14:27:00,247.624,248.629,2139.000,153.000,247.45,247.50,7500.000,2500.000,248.40,248.60,3319.000,60.000,247.40,247.65,7500.000,10000.000,248.30,248.90,12179.000,2366.000,42500.000,30000.000,247.349,247.729,248.265,248.938,-1.025,-0.996
2017-04-24 14:28:00,247.495,248.493,1162.000,103.000,247.45,247.50,2500.000,2500.000,248.40,248.55,3449.000,311.000,247.40,247.60,2500.000,2500.000,248.35,248.60,11984.000,9650.000,32500.000,22500.000,247.336,247.709,248.246,248.706,-1.000,-0.949
2017-04-24 14:29:00,247.433,248.506,1045.000,126.000,247.30,247.35,10000.000,2500.000,248.25,248.50,3350.000,371.000,247.25,247.40,2500.000,5000.000,248.20,248.55,8315.000,906.000,47500.000,17500.000,247.210,247.461,248.084,248.621,-1.050,-0.907
2017-04-24 14:30:00,246.902,247.953,85.000,558.000,247.00,247.05,2500.000,2500.000,247.85,248.00,250.000,754.000,246.95,247.10,7500.000,2500.000,247.75,248.10,2787.000,12805.000,22500.000,20000.000,246.878,247.207,247.700,248.213,-0.900,-0.879
2017-04-24 14:31:00,246.875,247.853,655.000,712.000,246.70,246.80,2500.000,5000.000,247.75,247.90,3946.000,10.000,246.65,246.85,5000.000,5000.000,247.70,247.95,16420.000,5319.000,22500.000,20000.000,246.556,246.991,247.644,248.006,-1.075,-0.847
2017-04-24 14:32:00,246.921,247.800,160.000,641.000,246.85,246.95,2500.000,2500.000,247.70,247.85,4402.000,3476.000,246.80,247.00,5000.000,2500.000,247.65,247.95,14199.000,10877.000,20000.000,20000.000,246.728,247.041,247.594,248.094,-0.875,-0.880
2017-04-24 14:33:00,247.163,247.926,1709.000,5058.000,247.00,247.15,2500.000,2500.000,247.80,248.00,460.000,638.000,246.90,247.20,5000.000,2500.000,247.75,248.05,16536.000,9685.000,25000.000,17500.000,246.802,247.201,247.655,248.157,-0.825,-0.919
2017-04-24 14:34:00,247.177,248.040,1633.000,342.000,247.00,247.15,5000.000,5000.000,247.90,248.20,155.000,725.000,246.95,247.20,7500.000,2500.000,247.80,248.25,12216.000,4104.000,32500.000,27500.000,246.864,247.298,247.754,248.332,-0.975,-0.957
2017-04-24 14:35:00,247.156,248.070,4769.000,88.000,247.00,247.20,5000.000,2500.000,248.00,248.25,3483.000,688.000,246.95,247.25,2500.000,2500.000,247.95,248.30,12741.000,4892.000,22500.000,35000.000,246.925,247.353,247.867,248.382,-1.025,-0.964
2017-04-24 14:36:00,247.505,248.324,100.000,21.000,247.30,247.40,2500.000,2500.000,248.40,248.65,2952.000,1037.000,247.25,247.50,5000.000,7500.000,248.35,248.70,7895.000,1846.000,17500.000,45000.000,247.176,247.539,248.207,248.778,-1.175,-1.019
2017-04-24 14:37:00,246.986,248.030,619.000,521.000,246.85,247.00,5000.000,2500.000,247.85,248.10,1342.000,670.000,246.80,247.05,5000.000,5000.000,247.75,248.15,4424.000,2480.000,40000.000,22500.000,246.737,247.090,247.616,248.239,-1.050,-0.987
2017-04-24 14:38:00,247.143,248.100,1118.000,625.000,247.00,247.15,2500.000,2500.000,247.95,248.25,400.000,704.000,246.95,247.20,2500.000,5000.000,247.90,248.30,4276.000,2383.000,22500.000,22500.000,246.878,247.237,247.822,248.378,-1.025,-0.986
2017-04-24 14:39:00,247.128,248.182,685.000,140.000,247.05,247.20,5000.000,5000.000,248.05,248.30,2026.000,532.000,247.00,247.25,7500.000,2500.000,248.00,248.35,4514.000,3263.000,27500.000,20000.000,246.964,247.342,247.895,248.406,-1.050,-0.970
2017-04-24 14:40:00,247.199,248.147,509.000,227.000,247.05,247.15,5000.000,5000.000,248.05,248.30,1606.000,1322.000,247.00,247.25,5000.000,2500.000,248.00,248.35,5730.000,2891.000,20000.000,20000.000,246.923,247.293,247.944,248.406,-1.075,-0.979
2017-04-24 14:41:00,246.917,248.007,716.000,695.000,246.85,247.00,2500.000,5000.000,247.80,248.05,877.000,1166.000,246.80,247.05,5000.000,2500.000,247.75,248.10,5256.000,5685.000,32500.000,17500.000,246.715,247.134,247.646,248.164,-1.000,-0.932
2017-04-24 14:42:00,247.081,247.964,420.000,982.000,246.85,247.05,2500.000,5000.000,247.85,248.15,1527.000,462.000,246.80,247.10,2500.000,5000.000,247.80,248.20,5772.000,2043.000,22500.000,32500.000,246.719,247.101,247.689,248.277,-1.050,-0.946
2017-04-24 14:43:00,247.118,248.074,349.000,110.000,246.95,247.00,2500.000,5000.000,247.90,248.15,210.000,62.000,246.90,247.15,2500.000,5000.000,247.85,248.25,8805.000,3378.000,25000.000,27500.000,246.795,247.276,247.730,248.318,-1.050,-0.961
2017-04-24 14:44:00,247.113,248.083,8354.000,403.000,247.05,247.20,5000.000,2500.000,248.00,248.15,1041.000,222.000,247.00,247.25,2500.000,2500.000,247.95,248.20,12552.000,9378.000,22500.000,22500.000,247.003,247.316,247.889,248.317,-0.950,-0.951
2017-04-24 14:45:00,246.900,247.894,300.000,352656.000,246.90,247.00,7500.000,2500.000,247.80,248.00,633.000,60.000,246.85,247.05,5000.000,7500.000,247.70,248.10,7098.000,361937.000,22500.000,22500.000,246.780,247.005,247.694,248.167,-0.950,-0.936
2017-04-24 14:46:00,247.008,247.867,733.000,214.000,247.00,247.05,10000.000,5000.000,247.80,248.05,384.000,650.000,246.90,247.10,2500.000,2500.000,247.65,248.15,9447.000,8622.000,22500.000,22500.000,246.816,247.190,247.650,248.194,-0.900,-0.970
2017-04-24 14:47:00,247.079,248.032,3104.000,188.000,247.00,247.10,5000.000,2500.000,247.95,248.15,374.000,400.000,246.95,247.25,2500.000,2500.000,247.90,248.20,10247.000,10360.000,25000.000,30000.000,246.890,247.318,247.850,248.321,-1.000,-0.938
2017-04-24 14:48:00,247.073,248.104,441.000,227.000,247.05,247.20,7500.000,2500.000,248.00,248.15,3347.000,1057.000,247.00,247.25,2500.000,10000.000,247.95,248.30,8362.000,11935.000,30000.000,32500.000,246.933,247.347,247.892,248.350,-0.950,-0.921
2017-04-24 14:49:00,246.984,247.902,2339.000,11.000,247.00,247.05,5000.000,5000.000,247.85,248.05,70.000,1180.000,246.95,247.10,7500.000,5000.000,247.80,248.10,7645.000,11163.000,27500.000,32500.000,246.880,247.193,247.677,248.192,-0.925,-0.934
2017-04-24 14:50:00,247.024,247.942,810.000,115.000,247.00,247.05,7500.000,10000.000,247.85,248.10,593.000,402.000,246.95,247.10,7500.000,2500.000,247.80,248.20,7601.000,6996.000,30000.000,32500.000,246.861,247.205,247.692,248.231,-0.950,-0.938
2017-04-24 14:51:00,247.044,248.076,200.000,608.000,247.15,247.25,5000.000,2500.000,247.95,248.20,600.000,1260.000,247.05,247.30,5000.000,2500.000,247.90,248.25,2762.000,13141.000,27500.000,25000.000,246.996,247.374,247.818,248.310,-0.875,-0.929
2017-04-24 14:52:00,247.126,247.918,2412.000,613.000,247.00,247.05,5000.000,2500.000,247.90,248.15,970.000,15.000,246.95,247.10,5000.000,7500.000,247.85,248.20,8140.000,1219.000,25000.000,37500.000,246.894,247.121,247.765,248.277,-1.000,-0.967
2017-04-24 14:53:00,246.944,247.891,89.000,544.000,247.00,247.05,2500.000,2500.000,247.85,248.05,60.000,25.000,246.95,247.10,7500.000,7500.000,247.80,248.10,5504.000,12504.000,22500.000,35000.000,246.849,247.219,247.728,248.186,-0.925,-0.968
2017-04-24 14:54:00,247.041,248.024,2541.000,136.000,247.00,247.15,7500.000,2500.000,247.90,248.15,500.000,361.000,246.95,247.20,7500.000,2500.000,247.85,248.20,9561.000,10608.000,27500.000,20000.000,246.889,247.307,247.791,248.262,-0.950,-0.960
2017-04-24 14:55:00,247.139,248.074,2087.000,185.000,247.00,247.05,2500.000,5000.000,248.00,248.20,653.000,48.000,246.95,247.10,2500.000,5000.000,247.95,248.25,10508.000,1201.000,22500.000,35000.000,246.884,247.148,247.878,248.325,-1.075,-0.957
2017-04-24 14:56:00,246.761,247.750,304.000,200.000,246.70,246.75,7500.000,2500.000,247.60,247.80,2333.000,500.000,246.65,246.85,10000.000,2500.000,247.50,247.85,13097.000,11322.000,30000.000,12500.000,246.545,246.961,247.467,247.900,-0.975,-0.933
2017-04-24 14:57:00,246.687,247.670,2096.000,68.000,246.65,246.75,2500.000,2500.000,247.55,247.70,460.000,900.000,246.60,246.80,7500.000,5000.000,247.50,247.80,10853.000,10503.000,27500.000,22500.000,246.527,246.904,247.391,247.911,-0.925,-0.934
2017-04-24 14:58:00,246.521,247.472,80.000,2500.000,246.65,246.70,2500.000,5000.000,247.35,247.60,50.000,2902.000,246.50,246.75,7500.000,2500.000,247.25,247.65,3274.000,17684.000,22500.000,22500.000,246.394,246.805,247.178,247.756,-0.800,-0.928
2017-04-24 14:59:00,246.631,247.574,998.000,105.000,246.55,246.75,5000.000,2500.000,247.45,247.75,983.000,525.000,246.50,246.80,7500.000,2500.000,247.40,247.80,7267.000,7392.000,25000.000,22500.000,246.423,246.911,247.340,247.878,-0.950,-0.911
2017-04-24 15:00:00,246.625,247.546,821.000,100.000,246.60,246.70,5000.000,5000.000,247.50,247.75,1055.000,810.000,246.55,246.80,5000.000,2500.000,247.45,247.85,4271.000,6742.000,20000.000,37500.000,246.496,246.863,247.406,247.927,-0.975,-0.907
2017-04-24 15:01:00,246.889,247.757,9.000,2056.000,246.95,247.00,2500.000,2500.000,247.75,247.90,50.000,3657.000,246.90,247.05,2500.000,2500.000,247.70,247.95,5807.000,21910.000,12500.000,25000.000,246.770,247.139,247.650,248.055,-0.850,-0.908
2017-04-24 15:02:00,246.769,247.754,3.000,430.000,246.80,246.95,2500.000,2500.000,247.70,247.85,321.000,6864.000,246.75,247.00,2500.000,2500.000,247.60,247.90,5063.000,18347.000,15000.000,15000.000,246.653,247.072,247.542,247.950,-0.900,-0.884
2017-04-24 15:03:00,246.923,247.848,127.000,268.000,246.95,247.00,2500.000,12500.000,247.85,248.00,402.000,1.000,246.90,247.05,2500.000,7500.000,247.80,248.10,6515.000,11562.000,15000.000,47500.000,246.791,247.161,247.733,248.137,-0.950,-0.884
2017-04-24 15:04:00,246.915,247.774,207.000,2432.000,247.00,247.10,2500.000,12500.000,247.85,248.00,6.000,2804.000,246.95,247.15,2500.000,2500.000,247.75,248.05,2378.000,21933.000,12500.000,45000.000,246.846,247.221,247.690,248.106,-0.875,-0.903
2017-04-24 15:05:00,246.907,247.805,12.000,3492.000,246.95,247.00,2500.000,2500.000,247.90,247.95,3484.000,10.000,246.90,247.05,2500.000,12500.000,247.80,248.00,7337.000,18260.000,12500.000,37500.000,246.843,247.123,247.750,248.067,-0.950,-0.893
2017-04-24 15:06:00,246.947,247.821,616.000,203.000,247.00,247.05,2500.000,7500.000,247.85,248.00,973.000,2658.000,246.95,247.10,7500.000,5000.000,247.80,248.05,6257.000,15560.000,17500.000,35000.000,246.896,247.186,247.729,248.107,-0.900,-0.890
2017-04-24 15:07:00,247.002,247.866,11.000,5584.000,247.05,247.10,2500.000,2500.000,247.90,247.95,481.000,2605.000,247.00,247.15,17500.000,17500.000,247.80,248.00,4394.000,22544.000,27500.000,35000.000,246.901,247.196,247.768,248.039,-0.850,-0.873
2017-04-24 15:08:00,246.718,247.641,489.000,282.000,246.75,246.90,7500.000,12500.000,247.60,247.80,1773.000,2393.000,246.70,246.95,5000.000,2500.000,247.55,247.85,4712.000,16974.000,27500.000,45000.000,246.644,247.012,247.505,247.933,-0.875,-0.886
2017-04-24 15:09:00,246.853,247.809,311.000,2064.000,246.90,246.95,5000.000,2500.000,247.75,247.85,507.000,5632.000,246.85,247.00,2500.000,10000.000,247.70,247.95,4610.000,16163.000,30000.000,40000.000,246.773,247.061,247.608,248.025,-0.875,-0.877
2017-04-24 15:10:00,246.961,247.808,347.000,447.000,246.95,247.00,5000.000,2500.000,247.80,247.90,1194.000,500.000,246.90,247.05,2500.000,2500.000,247.75,247.95,9151.000,10834.000,22500.000,25000.000,246.802,247.147,247.617,248.060,-0.875,-0.884
2017-04-24 15:11:00,246.786,247.646,311.000,2984.000,246.90,246.95,2500.000,10000.000,247.65,247.80,232.000,8228.000,246.75,247.00,2500.000,5000.000,247.60,247.85,6955.000,27029.000,17500.000,47500.000,246.666,247.053,247.514,247.958,-0.800,-0.873
2017-04-24 15:12:00,246.916,247.693,139.000,9497.000,246.95,247.00,7500.000,7500.000,247.70,247.80,413.000,2650.000,246.90,247.05,7500.000,2500.000,247.65,247.85,3648.000,25742.000,22500.000,35000.000,246.788,247.069,247.622,247.961,-0.775,-0.920
2017-04-24 15:13:00,246.796,247.784,619.000,50.000,246.80,246.95,7500.000,5000.000,247.75,247.80,745.000,2236.000,246.75,247.00,2500.000,2500.000,247.70,247.85,9238.000,21032.000,27500.000,27500.000,246.667,247.080,247.618,247.982,-0.900,-0.950
2017-04-24 15:14:00,246.717,247.629,265.000,3998.000,246.80,246.85,2500.000,5000.000,247.55,247.70,222.000,4673.000,246.75,246.90,12500.000,2500.000,247.50,247.75,5306.000,40624.000,25000.000,22500.000,246.675,246.967,247.450,247.794,-0.800,-0.975
2017-04-24 15:15:00,246.849,247.731,70.000,5930.000,246.80,247.00,5000.000,2500.000,247.70,247.85,1612.000,2804.000,246.75,247.05,2500.000,2500.000,247.65,247.90,9241.000,19484.000,20000.000,32500.000,246.671,247.084,247.588,247.981,-0.875,-1.007
2017-04-24 15:16:00,246.850,247.657,263.000,467.000,246.90,246.95,2500.000,2500.000,247.70,247.80,5.000,11417.000,246.80,247.00,7500.000,5000.000,247.60,247.85,7262.000,21218.000,20000.000,30000.000,246.715,247.032,247.556,247.925,-0.825,-1.029
2017-04-24 15:17:00,246.479,247.488,1226.000,25.000,246.50,246.60,2500.000,2500.000,247.45,247.55,1974.000,7294.000,246.45,246.75,2500.000,2500.000,247.40,247.60,6982.000,22152.000,15000.000,17500.000,246.400,246.816,247.333,247.664,-0.950,-1.034
2017-04-24 15:18:00,246.291,247.430,562.000,577.000,246.25,246.55,5000.000,2500.000,247.30,247.45,1530.000,1475.000,246.20,246.60,2500.000,2500.000,247.25,247.50,9026.000,17992.000,22500.000,15000.000,246.124,246.703,247.189,247.583,-0.975,-1.021
2017-04-24 15:19:00,246.339,247.375,196.000,245.000,246.50,246.55,7500.000,5000.000,247.30,247.45,1300.000,404.000,246.30,246.60,5000.000,12500.000,247.25,247.50,6518.000,16288.000,27500.000,32500.000,246.213,246.705,247.205,247.565,-0.850,-1.017
2017-04-24 15:20:00,246.340,247.383,311.000,94.000,246.45,246.50,7500.000,2500.000,247.30,247.40,1025.000,1061.000,246.30,246.55,12500.000,7500.000,247.25,247.45,6210.000,14138.000,35000.000,22500.000,246.215,246.642,247.214,247.494,-0.875,-1.032
2017-04-24 15:21:00,246.535,247.455,1430.000,342.000,246.60,246.65,2500.000,2500.000,247.30,247.60,115.000,2509.000,246.55,246.75,7500.000,5000.000,247.25,247.65,3937.000,14551.000,25000.000,25000.000,246.522,246.825,247.190,247.700,-0.825,-1.054
2017-04-24 15:22:00,246.490,247.524,323.000,1.000,246.50,246.60,2500.000,7500.000,247.40,247.55,639.000,4286.000,246.40,246.65,2500.000,2500.000,247.35,247.60,6456.000,10842.000,30000.000,22500.000,246.309,246.712,247.238,247.639,-0.925,-1.026
2017-04-24 15:23:00,246.319,247.393,87.000,570.000,246.40,246.45,5000.000,2500.000,247.35,247.45,823.000,1752.000,246.25,246.50,7500.000,5000.000,247.30,247.50,3563.000,6253.000,30000.000,27500.000,246.196,246.576,247.258,247.568,-0.975,-0.985
2017-04-24 15:24:00,246.437,247.450,69.000,1085.000,246.35,246.45,2500.000,7500.000,247.35,247.50,2302.000,742.000,246.30,246.50,2500.000,2500.000,247.30,247.55,10536.000,5616.000,25000.000,20000.000,246.249,246.576,247.250,247.588,-1.025,-0.971
2017-04-24 15:25:00,246.528,247.648,472.000,726.000,246.65,246.75,2500.000,2500.000,247.45,247.65,354.000,400.000,246.50,246.80,2500.000,2500.000,247.40,247.70,4954.000,16143.000,35000.000,17500.000,246.445,246.940,247.304,247.750,-0.850,-0.971
2017-04-24 15:26:00,246.501,247.527,2496.000,827.000,246.60,246.65,2500.000,2500.000,247.50,247.60,881.000,189.000,246.50,246.70,5000.000,7500.000,247.45,247.65,5695.000,7937.000,25000.000,35000.000,246.482,246.817,247.380,247.711,-0.925,-0.971
2017-04-24 15:27:00,246.661,247.558,618.000,125.000,246.75,246.80,5000.000,15000.000,247.50,247.60,1668.000,1141.000,246.60,246.85,7500.000,2500.000,247.40,247.65,9410.000,15078.000,30000.000,30000.000,246.532,246.954,247.350,247.667,-0.775,-0.971
2017-04-24 15:28:00,246.562,247.433,311.000,425.000,246.55,246.60,7500.000,2500.000,247.35,247.45,970.000,439.000,246.50,246.65,7500.000,10000.000,247.30,247.50,2945.000,2869.000,30000.000,20000.000,246.445,246.734,247.267,247.537,-0.825,-0.971
2017-04-24 15:29:00,246.472,247.417,1069.000,3046.000,246.50,246.60,2500.000,5000.000,247.40,247.45,170.000,2670.000,246.45,246.70,7500.000,10000.000,247.35,247.50,3107.000,12855.000,20000.000,25000.000,246.396,246.730,247.306,247.535,-0.875,-0.971
2017-04-24 15:30:00,246.535,247.653,300.000,212.000,246.50,246.60,5000.000,7500.000,247.55,247.60,6817.000,200.000,246.25,246.65,10000.000,2500.000,247.50,247.80,12999.000,7005.000,40000.000,37500.000,246.190,246.776,247.441,247.887,-1.025,-0.971
2017-04-25 09:16:00,249.334,249.575,527.000,100.000,249.40,249.50,5000.000,2500.000,249.55,249.80,3.000,954.000,249.25,249.55,2500.000,2500.000,249.40,249.85,3407.000,8404.000,15000.000,20000.000,249.156,249.634,249.400,249.919,-0.225,-0.446
2017-04-25 09:17:00,249.437,249.877,395.000,3525.000,249.50,249.75,2500.000,25000.000,249.80,250.00,400.000,3698.000,249.45,249.80,2500.000,2500.000,249.60,250.20,1217.000,15793.000,15000.000,35000.000,249.443,249.870,249.575,250.086,-0.275,-0.456
2017-04-25 09:18:00,249.036,249.465,60.000,727.000,248.90,248.95,10000.000,5000.000,249.50,249.60,304.000,20.000,248.85,249.00,20000.000,2500.000,249.40,249.65,6544.000,1857.000,40000.000,42500.000,248.757,249.015,249.375,249.700,-0.625,-0.462
2017-04-25 09:19:00,248.845,249.292,844.000,7.000,248.70,248.80,2500.000,2500.000,249.20,249.40,550.000,2543.000,248.65,248.85,2500.000,2500.000,249.15,249.45,7206.000,4341.000,17500.000,15000.000,248.546,248.924,249.050,249.508,-0.550,-0.467
2017-04-25 09:20:00,248.063,248.492,1492.000,491.000,248.00,248.10,2500.000,7500.000,248.45,248.50,1000.000,346.000,247.90,248.15,2500.000,5000.000,248.35,248.75,7840.000,5410.000,17500.000,27500.000,247.831,248.231,248.250,248.741,-0.425,-0.422
2017-04-25 09:21:00,247.674,248.157,411.000,362.000,247.65,247.85,7500.000,2500.000,248.00,248.25,417.000,347.000,247.60,247.90,2500.000,2500.000,247.95,248.30,3872.000,7137.000,22500.000,12500.000,247.510,247.998,247.828,248.350,-0.375,-0.379
2017-04-25 09:22:00,247.061,247.550,3.000,1923.000,247.05,247.25,5000.000,2500.000,247.40,247.65,1996.000,340.000,247.00,247.30,2500.000,2500.000,247.30,247.70,3059.000,7490.000,15000.000,12500.000,246.961,247.352,247.283,247.820,-0.375,-0.356
2017-04-25 09:23:00,247.246,247.704,499.000,110.000,247.30,247.50,10000.000,5000.000,247.55,247.85,53.000,1096.000,247.25,247.55,2500.000,2500.000,247.45,247.90,1037.000,4978.000,20000.000,15000.000,247.234,247.621,247.450,247.942,-0.300,-0.334
2017-04-25 09:24:00,247.685,248.161,365.000,6.000,247.65,247.75,2500.000,5000.000,248.10,248.20,1422.000,301.000,247.60,247.80,2500.000,2500.000,248.05,248.30,7742.000,8610.000,22500.000,22500.000,247.526,247.968,247.956,248.389,-0.450,-0.333
2017-04-25 09:25:00,248.410,248.615,824.000,5.000,248.20,248.30,2500.000,2500.000,248.60,248.75,360.000,62.000,248.15,248.40,5000.000,2500.000,248.55,248.95,9748.000,1515.000,15000.000,27500.000,248.027,248.509,248.458,249.005,-0.425,-0.358
2017-04-25 09:26:00,248.310,248.576,1640.000,577.000,248.20,248.45,5000.000,15000.000,248.45,248.60,372.000,4457.000,248.15,248.50,7500.000,2500.000,248.40,248.80,7944.000,10677.000,25000.000,27500.000,248.060,248.549,248.335,248.732,-0.200,-0.406
2017-04-25 09:27:00,247.853,248.230,43.000,98.000,247.90,248.05,2500.000,15000.000,248.15,248.40,694.000,8356.000,247.85,248.10,2500.000,2500.000,248.10,248.50,2939.000,17012.000,17500.000,32500.000,247.777,248.153,248.014,248.546,-0.300,-0.423
2017-04-25 09:28:00,247.241,247.588,304.000,1909.000,247.15,247.25,5000.000,2500.000,247.20,247.65,500.000,869.000,247.10,247.30,2500.000,2500.000,247.15,247.70,3854.000,3709.000,27500.000,15000.000,247.000,247.304,247.100,247.858,-0.225,-0.471
2017-04-25 09:29:00,246.912,247.383,50.000,211.000,246.85,246.90,2500.000,2500.000,247.20,247.35,1008.000,1236.000,246.80,247.00,2500.000,2500.000,247.15,247.40,4030.000,3214.000,32500.000,12500.000,246.739,247.070,247.085,247.480,-0.400,-0.469
2017-04-25 09:30:00,246.834,247.163,1897.000,999.000,246.80,246.90,15000.000,2500.000,247.10,247.25,200.000,50.000,246.75,246.95,5000.000,7500.000,247.05,247.30,4387.000,4987.000,35000.000,30000.000,246.703,247.008,247.036,247.371,-0.325,-0.509
2017-04-25 09:31:00,246.688,247.194,880.000,962.000,246.60,246.80,5000.000,7500.000,247.05,247.30,880.000,110.000,246.55,246.85,2500.000,5000.000,246.85,247.40,7327.000,6940.000,20000.000,20000.000,246.490,246.946,246.838,247.438,-0.475,-0.475
2017-04-25 09:32:00,246.596,247.062,99.000,466.000,246.60,246.65,2500.000,2500.000,247.00,247.25,1465.000,129.000,246.50,246.70,2500.000,7500.000,246.95,247.30,3859.000,4723.000,12500.000,20000.000,246.441,246.811,246.840,247.394,-0.500,-0.479
2017-04-25 09:33:00,246.850,247.435,50.000,14.000,246.70,246.75,2500.000,2500.000,247.35,247.65,2670.000,1207.000,246.65,246.90,2500.000,2500.000,247.30,247.75,7026.000,3480.000,12500.000,20000.000,246.583,246.974,247.250,247.831,-0.775,-0.445
2017-04-25 09:34:00,247.157,247.618,115.000,300.000,247.05,247.10,2500.000,5000.000,247.50,247.85,980.000,9.000,247.00,247.20,2500.000,7500.000,247.45,247.90,1813.000,666.000,12500.000,22500.000,246.964,247.228,247.400,247.956,-0.600,-0.444
2017-04-25 09:35:00,247.183,247.714,20.000,247.000,247.25,247.30,2500.000,5000.000,247.55,247.85,406.000,642.000,247.20,247.35,2500.000,2500.000,247.50,247.90,945.000,3960.000,12500.000,15000.000,247.127,247.515,247.450,247.983,-0.425,-0.449
2017-04-25 09:36:00,246.748,247.082,71.000,213.000,246.85,246.90,17500.000,5000.000,247.00,247.20,71.000,921.000,246.80,246.95,2500.000,5000.000,246.95,247.25,874.000,6029.000,27500.000,20000.000,246.728,247.041,246.909,247.369,-0.225,-0.518
2017-04-25 09:37:00,247.151,247.638,1.000,53.000,247.15,247.20,5000.000,2500.000,247.50,247.70,490.000,60.000,247.10,247.35,2500.000,2500.000,247.45,247.75,2848.000,5487.000,25000.000,17500.000,247.015,247.445,247.310,247.850,-0.425,-0.487
2017-04-25 09:38:00,247.843,248.258,1126.000,252.000,247.70,247.80,5000.000,2500.000,248.00,248.30,354.000,7.000,247.65,247.85,2500.000,2500.000,247.95,248.35,9797.000,3769.000,30000.000,17500.000,247.541,247.958,247.871,248.464,-0.400,-0.481
2017-04-25 09:39:00,247.012,247.468,90.000,59.000,247.10,247.15,5000.000,5000.000,247.35,247.55,71.000,1003.000,247.05,247.20,2500.000,2500.000,247.25,247.60,1055.000,5396.000,20000.000,15000.000,246.970,247.290,247.156,247.633,-0.325,-0.530
2017-04-25 09:40:00,247.156,247.708,527.000,1.000,247.00,247.05,5000.000,2500.000,247.50,247.75,151.000,88.000,246.95,247.20,2500.000,2500.000,247.25,247.95,4161.000,1696.000,27500.000,17500.000,246.857,247.300,247.186,248.000,-0.600,-0.531
2017-04-25 09:41:00,247.618,248.300,3.000,647.000,247.65,247.80,5000.000,2500.000,247.95,248.35,375.000,300.000,247.60,247.85,2500.000,2500.000,247.85,248.40,2586.000,6295.000,30000.000,17500.000,247.520,247.961,247.775,248.564,-0.425,-0.472
2017-04-25 09:42:00,247.166,247.496,9.000,617.000,247.10,247.15,2500.000,7500.000,247.40,247.65,1001.000,272.000,247.05,247.20,2500.000,5000.000,247.35,247.70,3101.000,1750.000,22500.000,37500.000,246.995,247.240,247.261,247.750,-0.400,-0.501
2017-04-25 09:43:00,247.363,247.750,3.000,69.000,247.35,247.40,2500.000,7500.000,247.65,247.90,558.000,464.000,247.30,247.45,2500.000,2500.000,247.60,247.95,1697.000,1792.000,15000.000,20000.000,247.222,247.543,247.533,248.000,-0.400,-0.508
2017-04-25 09:44:00,247.369,248.067,512.000,286.000,247.35,247.55,2500.000,2500.000,247.70,247.90,1214.000,345.000,247.30,247.60,2500.000,5000.000,247.65,247.95,4830.000,7504.000,37500.000,15000.000,247.230,247.725,247.547,248.100,-0.350,-0.449
2017-04-25 09:45:00,247.476,248.033,23.000,1005.000,247.50,247.55,2500.000,2500.000,247.75,247.95,435.000,611.000,247.45,247.60,2500.000,2500.000,247.70,248.15,2025.000,4104.000,30000.000,15000.000,247.372,247.674,247.613,248.175,-0.325,-0.456
2017-04-25 09:46:00,247.636,248.023,71.000,575.000,247.60,247.70,2500.000,2500.000,247.95,248.15,59.000,861.000,247.55,247.75,2500.000,10000.000,247.80,248.20,2668.000,4627.000,17500.000,20000.000,247.415,247.807,247.743,248.244,-0.400,-0.497
2017-04-25 09:47:00,247.700,248.177,642.000,740.000,247.60,247.65,2500.000,2500.000,248.05,248.35,227.000,546.000,247.55,247.75,22500.000,2500.000,248.00,248.40,4370.000,3150.000,35000.000,25000.000,247.465,247.766,247.943,248.480,-0.575,-0.500
2017-04-25 09:48:00,247.641,248.060,71.000,1104.000,247.60,247.65,12500.000,5000.000,248.00,248.35,70.000,600.000,247.55,247.75,2500.000,5000.000,247.85,248.40,2510.000,4254.000,22500.000,30000.000,247.440,247.775,247.900,248.488,-0.550,-0.539
2017-04-25 09:49:00,247.594,247.997,125.000,797.000,247.60,247.65,2500.000,2500.000,247.95,248.10,662.000,888.000,247.55,247.75,2500.000,5000.000,247.80,248.30,3226.000,7149.000,17500.000,22500.000,247.478,247.802,247.757,248.361,-0.400,-0.557
2017-04-25 09:50:00,247.538,248.133,50.000,1606.000,247.60,247.80,2500.000,5000.000,248.00,248.25,60.000,249.000,247.55,247.85,2500.000,2500.000,247.95,248.30,1989.000,9412.000,15000.000,15000.000,247.424,247.954,247.858,248.333,-0.425,-0.498
2017-04-25 09:51:00,247.591,248.182,20.000,7.000,247.70,247.75,2500.000,2500.000,248.05,248.30,60.000,1085.000,247.65,247.80,2500.000,2500.000,248.00,248.40,1504.000,9166.000,22500.000,20000.000,247.555,247.961,247.839,248.469,-0.450,-0.455
2017-04-25 09:52:00,247.562,248.056,60.000,763.000,247.65,247.75,2500.000,2500.000,247.95,248.15,184.000,1292.000,247.60,247.80,2500.000,7500.000,247.85,248.20,531.000,4953.000,20000.000,20000.000,247.557,247.868,247.787,248.275,-0.350,-0.432
2017-04-25 09:53:00,247.692,248.307,76.000,235.000,247.75,247.90,5000.000,5000.000,248.05,248.30,533.000,729.000,247.70,247.95,2500.000,2500.000,248.00,248.45,1899.000,8349.000,37500.000,20000.000,247.627,248.033,247.920,248.463,-0.350,-0.432
2017-04-25 09:54:00,247.788,248.276,71.000,2441.000,247.85,247.90,7500.000,5000.000,248.05,248.25,683.000,1200.000,247.80,247.95,2500.000,2500.000,248.00,248.30,3427.000,14037.000,52500.000,32500.000,247.731,248.019,247.936,248.477,-0.275,-0.407
2017-04-25 09:55:00,247.833,248.133,62.000,50.000,247.70,247.75,2500.000,7500.000,247.95,248.15,46.000,1500.000,247.65,247.80,15000.000,5000.000,247.80,248.20,7723.000,3393.000,47500.000,20000.000,247.508,247.864,247.739,248.219,-0.325,-0.438
2017-04-25 09:56:00,247.586,247.964,121.000,462.000,247.55,247.60,5000.000,2500.000,247.85,248.05,6665.000,586.000,247.50,247.65,12500.000,7500.000,247.75,248.10,9576.000,5934.000,52500.000,35000.000,247.468,247.740,247.702,248.171,-0.375,-0.415
2017-04-25 09:57:00,247.365,247.745,341.000,140.000,247.30,247.35,5000.000,7500.000,247.65,247.80,135.000,92.000,247.25,247.40,5000.000,5000.000,247.60,247.95,5067.000,3283.000,35000.000,37500.000,247.149,247.495,247.514,247.977,-0.400,-0.386
2017-04-25 09:58:00,247.618,248.231,510.000,364.000,247.65,247.75,5000.000,2500.000,248.10,248.25,500.000,575.000,247.60,247.80,5000.000,2500.000,248.05,248.45,3438.000,7402.000,25000.000,20000.000,247.560,247.885,247.935,248.481,-0.475,-0.312
2017-04-25 09:59:00,248.007,248.368,1.000,200.000,248.00,248.10,5000.000,7500.000,248.20,248.45,1611.000,277.000,247.90,248.15,2500.000,2500.000,248.15,248.50,8633.000,9257.000,25000.000,22500.000,247.824,248.248,248.080,248.572,-0.275,-0.303
2017-04-25 10:00:00,248.252,248.709,202.000,650.000,248.35,248.40,2500.000,2500.000,248.50,248.65,61.000,2937.000,248.30,248.45,10000.000,2500.000,248.45,248.80,1220.000,20488.000,37500.000,17500.000,248.220,248.515,248.380,248.857,-0.200,-0.261
2017-04-25 10:01:00,247.780,248.042,3.000,84.000,247.90,247.95,2500.000,10000.000,248.05,248.25,120.000,201.000,247.80,248.00,12500.000,20000.000,247.90,248.30,2754.000,10843.000,27500.000,52500.000,247.683,248.106,247.873,248.331,-0.225,-0.278
2017-04-25 10:02:00,248.022,248.259,344.000,1563.000,247.95,248.00,2500.000,10000.000,248.20,248.35,1340.000,2739.000,247.90,248.15,2500.000,17500.000,248.15,248.40,9918.000,12722.000,25000.000,47500.000,247.807,248.186,248.075,248.447,-0.300,-0.302
2017-04-25 10:03:00,247.673,247.914,674.000,304.000,247.60,247.75,2500.000,7500.000,247.75,248.00,501.000,490.000,247.55,247.80,2500.000,2500.000,247.70,248.05,3956.000,3968.000,25000.000,20000.000,247.482,247.871,247.635,248.088,-0.200,-0.309
2017-04-25 10:04:00,247.494,247.814,452.000,100.000,247.55,247.75,7500.000,5000.000,247.65,247.95,891.000,304.000,247.50,247.80,7500.000,5000.000,247.60,248.00,1974.000,7310.000,27500.000,25000.000,247.474,247.896,247.568,248.080,-0.150,-0.327
2017-04-25 10:05:00,247.431,247.678,512.000,2.000,247.30,247.50,2500.000,5000.000,247.55,247.80,1159.000,160.000,247.25,247.55,7500.000,7500.000,247.50,247.85,8042.000,5836.000,22500.000,22500.000,247.159,247.659,247.456,247.889,-0.275,-0.382
2017-04-25 10:06:00,247.645,247.989,100.000,221.000,247.70,247.75,7500.000,5000.000,247.85,248.10,522.000,253.000,247.65,247.80,2500.000,7500.000,247.80,248.15,4458.000,8253.000,25000.000,22500.000,247.589,247.973,247.760,248.183,-0.250,-0.403
2017-04-25 10:07:00,247.755,248.113,101.000,39.000,247.80,247.85,2500.000,2500.000,247.95,248.30,1.000,461.000,247.75,247.90,2500.000,5000.000,247.90,248.35,1804.000,3673.000,22500.000,25000.000,247.615,247.966,247.839,248.405,-0.300,-0.434
2017-04-25 10:08:00,247.756,248.034,500.000,78.000,247.75,247.80,2500.000,2500.000,247.95,248.20,100.000,952.000,247.65,247.85,2500.000,5000.000,247.90,248.25,5661.000,5939.000,17500.000,22500.000,247.532,247.951,247.786,248.311,-0.300,-0.541
2017-04-25 10:09:00,247.354,247.759,1201.000,269.000,247.30,247.35,2500.000,2500.000,247.60,247.85,159.000,560.000,247.25,247.40,5000.000,5000.000,247.55,247.90,6455.000,4236.000,22500.000,17500.000,247.182,247.470,247.494,247.943,-0.400,-0.616
2017-04-25 10:10:00,247.469,247.992,661.000,400.000,247.45,247.55,5000.000,2500.000,247.80,248.00,160.000,60.000,247.40,247.65,5000.000,7500.000,247.75,248.15,3811.000,6161.000,27500.000,20000.000,247.307,247.742,247.682,248.181,-0.400,-0.676
2017-04-25 10:11:00,247.255,247.706,1000.000,615.000,247.25,247.30,5000.000,7500.000,247.70,247.95,100.000,1000.000,247.20,247.35,2500.000,7500.000,247.55,248.00,5549.000,6335.000,25000.000,42500.000,247.138,247.432,247.525,248.076,-0.550,-0.721
2017-04-25 10:12:00,247.206,247.721,296.000,500.000,247.25,247.30,2500.000,5000.000,247.80,247.95,100.000,1534.000,247.20,247.35,2500.000,5000.000,247.70,248.00,4373.000,10882.000,15000.000,50000.000,247.122,247.433,247.642,248.115,-0.600,-0.721
2017-04-25 10:13:00,247.190,248.002,404.000,1816.000,247.15,247.30,5000.000,10000.000,247.80,248.05,2056.000,2100.000,247.10,247.35,7500.000,10000.000,247.75,248.10,10163.000,15245.000,37500.000,27500.000,247.026,247.415,247.613,248.118,-0.700,-0.665
2017-04-25 10:14:00,246.638,247.415,2499.000,60.000,246.55,246.75,5000.000,2500.000,247.30,247.55,193.000,502.000,246.50,246.80,2500.000,2500.000,247.25,247.60,6826.000,6376.000,17500.000,15000.000,246.440,246.900,247.179,247.667,-0.775,-0.609
2017-04-25 10:15:00,246.890,247.713,55.000,304.000,246.90,247.05,5000.000,2500.000,247.60,247.75,100.000,374.000,246.85,247.10,2500.000,2500.000,247.55,247.80,4076.000,8693.000,50000.000,30000.000,246.767,247.198,247.500,247.867,-0.700,-0.545
2017-04-25 10:16:00,247.177,247.856,102.000,520.000,247.10,247.20,5000.000,2500.000,247.65,247.90,2321.000,20.000,247.05,247.25,2500.000,2500.000,247.60,247.95,5318.000,3427.000,22500.000,20000.000,247.003,247.393,247.539,248.169,-0.625,-0.497
2017-04-25 10:17:00,247.593,248.107,397.000,514.000,247.50,247.65,2500.000,2500.000,247.90,248.20,250.000,304.000,247.45,247.70,2500.000,2500.000,247.85,248.25,6344.000,5853.000,20000.000,15000.000,247.353,247.778,247.787,248.350,-0.475,-0.505
2017-04-25 10:18:00,247.255,247.783,1.000,159.000,247.20,247.35,2500.000,2500.000,247.60,247.85,100.000,904.000,247.15,247.40,5000.000,2500.000,247.55,247.90,2304.000,3522.000,22500.000,15000.000,247.033,247.467,247.483,247.967,-0.450,-0.506
2017-04-25 10:19:00,247.449,247.950,19.000,815.000,247.35,247.45,2500.000,2500.000,247.70,247.90,500.000,790.000,247.30,247.50,5000.000,2500.000,247.65,247.95,3209.000,2699.000,40000.000,17500.000,247.206,247.523,247.566,248.100,-0.400,-0.502
2017-04-25 10:20:00,247.522,248.024,3.000,1352.000,247.45,247.50,2500.000,2500.000,247.70,247.90,50.000,24.000,247.40,247.55,2500.000,5000.000,247.65,247.95,1442.000,1819.000,35000.000,17500.000,247.285,247.542,247.557,248.121,-0.325,-0.498
2017-04-25 10:21:00,247.254,247.692,8.000,5.000,247.05,247.10,2500.000,2500.000,247.55,247.80,261.000,70.000,247.00,247.15,2500.000,5000.000,247.50,247.85,3463.000,253.000,12500.000,17500.000,246.872,247.228,247.450,248.007,-0.600,-0.494
2017-04-25 10:22:00,247.139,247.693,444.000,11.000,247.15,247.20,5000.000,2500.000,247.50,247.80,437.000,327.000,247.05,247.25,5000.000,2500.000,247.45,247.85,2862.000,2309.000,20000.000,17500.000,247.012,247.356,247.394,248.021,-0.475,-0.488
2017-04-25 10:23:00,247.196,247.731,50.000,303.000,247.20,247.25,2500.000,2500.000,247.55,247.80,529.000,100.000,247.10,247.30,2500.000,2500.000,247.50,247.85,2765.000,2751.000,20000.000,20000.000,247.025,247.391,247.425,248.037,-0.450,-0.467
2017-04-25 10:24:00,247.344,247.823,15.000,5.000,247.30,247.35,2500.000,2500.000,247.65,247.90,703.000,707.000,247.25,247.50,2500.000,2500.000,247.60,247.95,2931.000,3798.000,15000.000,12500.000,247.162,247.594,247.533,248.030,-0.450,-0.478
2017-04-25 10:25:00,247.291,247.777,1084.000,31.000,247.25,247.35,2500.000,5000.000,247.65,247.95,635.000,84.000,247.20,247.40,2500.000,5000.000,247.60,248.00,3893.000,3536.000,15000.000,22500.000,247.152,247.506,247.533,248.089,-0.500,-0.473
2017-04-25 10:26:00,247.373,247.791,3.000,67.000,247.30,247.45,2500.000,2500.000,247.70,247.90,179.000,562.000,247.25,247.50,2500.000,2500.000,247.65,247.95,2128.000,2639.000,12500.000,15000.000,247.130,247.577,247.600,248.017,-0.425,-0.498
2017-04-25 10:27:00,247.152,247.676,863.000,60.000,247.10,247.25,2500.000,5000.000,247.55,247.75,432.000,857.000,247.05,247.30,2500.000,2500.000,247.40,247.80,3570.000,3875.000,22500.000,20000.000,247.002,247.378,247.344,247.900,-0.475,-0.485
2017-04-25 10:28:00,247.233,247.659,1282.000,12.000,247.10,247.15,2500.000,2500.000,247.60,247.75,446.000,155.000,247.05,247.35,2500.000,2500.000,247.55,247.80,9552.000,5718.000,22500.000,20000.000,246.972,247.458,247.394,247.887,-0.550,-0.507
2017-04-25 10:29:00,247.180,247.714,82.000,74.000,247.25,247.30,2500.000,2500.000,247.60,247.80,48.000,600.000,247.20,247.35,2500.000,2500.000,247.55,247.85,1299.000,4073.000,22500.000,22500.000,247.102,247.455,247.428,247.950,-0.425,-0.503
2017-04-25 10:30:00,247.406,247.870,1256.000,555.000,247.40,247.45,2500.000,2500.000,247.75,247.90,789.000,1043.000,247.35,247.50,2500.000,5000.000,247.70,248.00,3645.000,4052.000,20000.000,17500.000,247.318,247.557,247.600,248.079,-0.400,-0.524
2017-04-25 10:31:00,247.448,247.988,661.000,2205.000,247.50,247.60,7500.000,2500.000,247.80,248.00,98.000,172.000,247.45,247.65,7500.000,5000.000,247.75,248.10,3612.000,13680.000,35000.000,17500.000,247.385,247.722,247.718,248.164,-0.350,-0.530
2017-04-25 10:32:00,247.620,248.081,103.000,901.000,247.60,247.65,5000.000,2500.000,248.00,248.15,386.000,4798.000,247.55,247.70,2500.000,5000.000,247.95,248.25,3124.000,6680.000,17500.000,22500.000,247.459,247.709,247.907,248.378,-0.450,-0.555
2017-04-25 10:33:00,247.779,248.316,180.000,289.000,247.65,247.70,2500.000,2500.000,248.20,248.40,713.000,52.000,247.60,247.75,2500.000,2500.000,248.15,248.45,6462.000,1437.000,22500.000,17500.000,247.519,247.801,248.039,248.529,-0.625,-0.549
2017-04-25 10:34:00,247.851,248.365,2466.000,471.000,247.90,247.95,5000.000,2500.000,248.30,248.50,229.000,1040.000,247.85,248.00,5000.000,2500.000,248.20,248.60,4019.000,4494.000,20000.000,22500.000,247.830,248.079,248.169,248.672,-0.475,-0.551
2017-04-25 10:35:00,247.879,248.450,1866.000,852.000,247.75,247.95,2500.000,2500.000,248.30,248.50,2266.000,1829.000,247.70,248.00,5000.000,2500.000,248.25,248.55,8046.000,5799.000,20000.000,12500.000,247.647,248.061,248.194,248.600,-0.550,-0.565
2017-04-25 10:36:00,247.661,248.231,464.000,161.000,247.60,247.75,7500.000,5000.000,248.00,248.30,480.000,103.000,247.55,247.80,5000.000,2500.000,247.95,248.45,3044.000,2776.000,27500.000,17500.000,247.491,247.907,247.877,248.471,-0.475,-0.571
2017-04-25 10:37:00,247.767,248.350,2.000,680.000,247.80,247.85,5000.000,2500.000,248.15,248.35,160.000,339.000,247.65,247.90,5000.000,2500.000,248.10,248.40,5372.000,6614.000,25000.000,12500.000,247.538,247.993,248.050,248.500,-0.425,-0.571
2017-04-25 10:38:00,247.780,248.289,66.000,492.000,247.60,247.75,2500.000,5000.000,248.10,248.30,172.000,539.000,247.55,247.80,5000.000,2500.000,248.05,248.45,5537.000,2237.000,20000.000,15000.000,247.462,247.835,247.994,248.450,-0.525,-0.573
2017-04-25 10:39:00,247.765,248.286,202.000,426.000,247.65,247.70,5000.000,2500.000,248.15,248.40,3012.000,478.000,247.60,247.75,2500.000,2500.000,248.10,248.45,7867.000,1420.000,15000.000,12500.000,247.551,247.773,248.067,248.500,-0.600,-0.584
2017-04-25 10:40:00,247.742,248.384,100.000,598.000,247.70,247.75,7500.000,2500.000,248.25,248.35,332.000,69.000,247.65,247.80,2500.000,2500.000,248.20,248.50,8998.000,10114.000,25000.000,15000.000,247.525,247.959,248.155,248.575,-0.575,-0.572
2017-04-25 10:41:00,247.544,248.146,2.000,475.000,247.60,247.65,2500.000,5000.000,248.05,248.20,100.000,839.000,247.55,247.70,2500.000,2500.000,248.00,248.25,1327.000,4760.000,17500.000,15000.000,247.447,247.778,247.950,248.283,-0.500,-0.558
2017-04-25 10:42:00,247.614,248.194,1059.000,61.000,247.65,247.70,2500.000,2500.000,248.10,248.25,20.000,160.000,247.60,247.75,5000.000,7500.000,248.05,248.30,2343.000,3715.000,25000.000,20000.000,247.566,247.842,247.970,248.363,-0.500,-0.557
2017-04-25 10:43:00,247.646,248.167,875.000,405.000,247.50,247.65,2500.000,7500.000,248.10,248.30,100.000,160.000,247.45,247.70,2500.000,2500.000,248.05,248.35,8366.000,3992.000,17500.000,27500.000,247.369,247.788,248.000,248.382,-0.625,-0.546
2017-04-25 10:44:00,247.724,248.300,136.000,7.000,247.60,247.65,5000.000,5000.000,248.15,248.40,100.000,56.000,247.55,247.70,5000.000,2500.000,248.10,248.45,4129.000,1387.000,22500.000,17500.000,247.435,247.798,248.044,248.500,-0.650,-0.541
2017-04-25 10:45:00,247.684,248.262,64.000,61.000,247.65,247.70,2500.000,2500.000,248.15,248.30,2533.000,412.000,247.60,247.75,5000.000,5000.000,248.10,248.35,4421.000,3295.000,22500.000,17500.000,247.550,247.822,248.028,248.421,-0.550,-0.551
2017-04-25 10:46:00,247.644,248.177,245.000,13.000,247.65,247.70,5000.000,2500.000,248.05,248.25,2202.000,1144.000,247.60,247.75,10000.000,5000.000,248.00,248.30,4094.000,5150.000,22500.000,15000.000,247.558,247.824,247.978,248.342,-0.475,-0.575
2017-04-25 10:47:00,247.629,248.204,2128.000,5055.000,247.60,247.75,2500.000,5000.000,248.05,248.25,60.000,818.000,247.55,247.80,7500.000,2500.000,248.00,248.30,4543.000,9702.000,20000.000,15000.000,247.525,247.813,247.919,248.383,-0.475,-0.591
2017-04-25 10:48:00,247.759,248.226,35.000,2570.000,247.70,247.75,2500.000,10000.000,248.10,248.40,189.000,942.000,247.65,247.80,2500.000,7500.000,248.05,248.45,3731.000,4395.000,17500.000,25000.000,247.574,247.789,247.993,248.460,-0.525,-0.631
2017-04-25 10:49:00,247.629,248.179,1438.000,2321.000,247.60,247.75,2500.000,5000.000,248.10,248.30,60.000,3869.000,247.55,247.80,5000.000,2500.000,248.05,248.35,4302.000,9147.000,17500.000,17500.000,247.501,247.824,247.979,248.393,-0.525,-0.642
2017-04-25 10:50:00,247.660,248.288,71.000,1814.000,247.65,247.75,5000.000,5000.000,248.15,248.40,1506.000,3992.000,247.60,247.80,2500.000,2500.000,248.10,248.45,3462.000,8014.000,17500.000,15000.000,247.541,247.827,248.043,248.483,-0.575,-0.639
2017-04-25 10:51:00,247.756,248.410,42.000,3366.000,247.70,247.75,7500.000,2500.000,248.20,248.45,135.000,2495.000,247.65,247.80,5000.000,2500.000,248.15,248.50,7905.000,9663.000,25000.000,12500.000,247.524,247.832,248.105,248.570,-0.600,-0.627
2017-04-25 10:52:00,247.733,248.389,1177.000,1.000,247.60,247.70,7500.000,2500.000,248.20,248.45,415.000,449.000,247.55,247.75,5000.000,2500.000,248.15,248.50,12385.000,5427.000,22500.000,12500.000,247.448,247.838,248.117,248.570,-0.675,-0.612
2017-04-25 10:53:00,247.725,248.393,167.000,174.000,247.65,247.70,5000.000,2500.000,248.25,248.40,2846.000,37.000,247.60,247.75,10000.000,2500.000,248.20,248.55,9559.000,4766.000,22500.000,15000.000,247.523,247.830,248.178,248.633,-0.650,-0.606
2017-04-25 10:54:00,247.745,248.350,2549.000,453.000,247.60,247.75,2500.000,5000.000,248.20,248.40,160.000,3215.000,247.55,247.80,2500.000,2500.000,248.15,248.45,14147.000,7756.000,17500.000,15000.000,247.464,247.861,248.071,248.492,-0.625,-0.623
2017-04-25 10:55:00,247.746,248.358,890.000,114.000,247.70,247.75,5000.000,2500.000,248.25,248.40,1385.000,4087.000,247.65,247.80,5000.000,5000.000,248.20,248.50,8983.000,8338.000,17500.000,15000.000,247.559,247.859,248.171,248.550,-0.600,-0.614
2017-04-25 10:56:00,247.715,248.308,568.000,5361.000,247.70,247.80,2500.000,2500.000,248.25,248.30,1779.000,621.000,247.60,247.85,2500.000,5000.000,248.20,248.40,10009.000,14711.000,15000.000,15000.000,247.518,247.903,248.133,248.433,-0.525,-0.599
2017-04-25 10:57:00,247.754,248.338,845.000,412.000,247.60,247.65,7500.000,5000.000,248.20,248.40,330.000,104.000,247.55,247.75,2500.000,5000.000,248.15,248.45,11576.000,4182.000,22500.000,17500.000,247.445,247.811,248.083,248.493,-0.675,-0.591
2017-04-25 10:58:00,247.714,248.350,235.000,5.000,247.70,247.75,2500.000,7500.000,248.20,248.40,1599.000,1447.000,247.65,247.80,2500.000,2500.000,248.15,248.50,5720.000,5733.000,15000.000,20000.000,247.576,247.896,248.083,248.588,-0.575,-0.562
2017-04-25 10:59:00,247.866,248.556,2546.000,104.000,247.80,247.90,5000.000,2500.000,248.40,248.60,575.000,1000.000,247.75,247.95,5000.000,2500.000,248.35,248.70,6845.000,5061.000,22500.000,17500.000,247.695,248.021,248.306,248.800,-0.650,-0.535
2017-04-25 11:00:00,247.926,248.491,148.000,462.000,247.75,247.90,2500.000,2500.000,248.40,248.55,512.000,947.000,247.70,248.00,5000.000,2500.000,248.30,248.60,8172.000,4595.000,20000.000,20000.000,247.602,248.074,248.256,248.800,-0.650,-0.503
2017-04-25 11:01:00,248.022,248.542,22.000,275.000,248.10,248.15,7500.000,2500.000,248.55,248.75,25.000,818.000,248.05,248.20,5000.000,2500.000,248.50,248.85,1710.000,6784.000,20000.000,40000.000,247.977,248.291,248.481,248.959,-0.525,-0.514
2017-04-25 11:02:00,247.996,248.541,78.000,759.000,248.05,248.15,2500.000,2500.000,248.55,248.75,1967.000,463.000,248.00,248.20,5000.000,2500.000,248.50,248.85,2569.000,7038.000,17500.000,40000.000,247.979,248.286,248.450,248.959,-0.550,-0.528
2017-04-25 11:03:00,248.050,248.540,925.000,980.000,248.10,248.15,5000.000,5000.000,248.55,248.75,113.000,453.000,248.05,248.20,5000.000,2500.000,248.50,248.85,3303.000,6292.000,22500.000,42500.000,248.020,248.294,248.439,248.947,-0.525,-0.547
2017-04-25 11:04:00,248.266,248.823,1.000,659.000,248.30,248.35,7500.000,2500.000,248.75,248.95,777.000,1452.000,248.25,248.40,2500.000,25000.000,248.70,249.00,1841.000,5081.000,20000.000,35000.000,248.200,248.451,248.644,249.036,-0.525,-0.539
2017-04-25 11:05:00,248.226,248.630,53.000,453.000,248.20,248.30,2500.000,2500.000,248.65,248.85,102.000,812.000,248.15,248.35,5000.000,2500.000,248.60,248.90,5838.000,8620.000,17500.000,40000.000,248.015,248.450,248.521,248.984,-0.500,-0.577
2017-04-25 11:06:00,248.264,248.839,80.000,2584.000,248.30,248.35,10000.000,27500.000,248.75,249.00,122.000,1402.000,248.25,248.40,2500.000,5000.000,248.70,249.10,1984.000,8057.000,25000.000,45000.000,248.166,248.440,248.645,249.072,-0.550,-0.561
2017-04-25 11:07:00,248.239,248.850,232.000,124.000,248.30,248.35,2500.000,2500.000,248.80,248.95,164.000,1299.000,248.25,248.40,5000.000,12500.000,248.75,249.00,2119.000,7022.000,15000.000,25000.000,248.180,248.481,248.708,249.050,-0.550,-0.552
2017-04-25 11:08:00,248.136,248.722,563.000,1.000,248.10,248.20,5000.000,2500.000,248.65,248.85,1051.000,408.000,248.05,248.25,2500.000,2500.000,248.60,248.90,4799.000,3932.000,22500.000,27500.000,248.005,248.358,248.522,248.982,-0.600,-0.559
2017-04-25 11:09:00,248.058,248.576,895.000,1.000,248.00,248.05,2500.000,5000.000,248.55,248.75,1.000,169.000,247.95,248.20,5000.000,2500.000,248.50,248.80,3019.000,2454.000,15000.000,27500.000,247.880,248.315,248.458,248.918,-0.625,-0.552
2017-04-25 11:10:00,247.934,248.529,3.000,58.000,248.05,248.10,2500.000,5000.000,248.45,248.65,867.000,671.000,248.00,248.15,2500.000,5000.000,248.40,248.70,944.000,8072.000,17500.000,30000.000,247.989,248.243,248.321,248.879,-0.475,-0.548
2017-04-25 11:11:00,247.970,248.465,3.000,1.000,247.80,247.85,2500.000,7500.000,248.35,248.50,62.000,208.000,247.75,247.95,7500.000,2500.000,248.30,248.55,9738.000,4660.000,20000.000,22500.000,247.620,248.082,248.256,248.728,-0.600,-0.554
2017-04-25 11:12:00,247.951,248.516,13.000,11.000,247.85,247.90,2500.000,7500.000,248.30,248.50,60.000,427.000,247.75,247.95,7500.000,2500.000,248.25,248.70,8253.000,3841.000,22500.000,17500.000,247.614,248.040,248.183,248.671,-0.525,-0.547
2017-04-25 11:13:00,247.901,248.522,10.000,975.000,247.85,247.95,5000.000,2500.000,248.25,248.45,132.000,1580.000,247.75,248.00,10000.000,10000.000,248.20,248.50,7628.000,8131.000,42500.000,20000.000,247.610,248.080,248.135,248.619,-0.450,-0.549
2017-04-25 11:14:00,247.940,248.424,61.000,989.000,247.85,247.90,2500.000,2500.000,248.30,248.45,23.000,609.000,247.75,247.95,5000.000,10000.000,248.25,248.50,8358.000,5300.000,22500.000,20000.000,247.612,248.002,248.200,248.575,-0.500,-0.554
2017-04-25 11:15:00,247.940,248.514,86.000,665.000,247.85,247.90,2500.000,10000.000,248.35,248.50,157.000,161.000,247.75,247.95,10000.000,2500.000,248.30,248.75,8579.000,4930.000,25000.000,27500.000,247.617,248.015,248.260,248.745,-0.550,-0.535
2017-04-25 11:16:00,247.897,248.424,510.000,589.000,247.80,247.85,5000.000,7500.000,248.30,248.50,264.000,960.000,247.75,247.90,7500.000,2500.000,248.25,248.75,8509.000,4929.000,20000.000,27500.000,247.625,247.975,248.225,248.786,-0.575,-0.543
2017-04-25 11:17:00,247.903,248.431,195.000,25.000,247.80,247.85,2500.000,12500.000,248.30,248.50,264.000,558.000,247.75,247.90,7500.000,2500.000,248.25,248.75,7822.000,4108.000,20000.000,32500.000,247.614,247.999,248.206,248.742,-0.575,-0.526
2017-04-25 11:18:00,247.739,248.372,3.000,1.000,247.65,247.70,2500.000,2500.000,248.25,248.40,7161.000,50.000,247.60,247.85,7500.000,12500.000,248.20,248.50,12992.000,7556.000,20000.000,25000.000,247.553,247.983,248.156,248.615,-0.650,-0.515
2017-04-25 11:19:00,247.797,248.303,200.000,44.000,247.70,247.85,5000.000,2500.000,248.25,248.40,94.000,363.000,247.65,247.90,7500.000,7500.000,248.20,248.50,11926.000,9247.000,20000.000,30000.000,247.566,247.995,248.175,248.625,-0.550,-0.551
2017-04-25 11:20:00,247.895,248.375,49.000,339.000,247.75,247.90,7500.000,10000.000,248.25,248.50,79.000,34.000,247.70,247.95,5000.000,2500.000,248.20,248.75,8109.000,4925.000,20000.000,30000.000,247.594,248.020,248.181,248.762,-0.550,-0.603
2017-04-25 11:21:00,247.880,248.447,2.000,7.000,247.70,247.75,2500.000,10000.000,248.30,248.50,100.000,43.000,247.65,247.80,5000.000,5000.000,248.25,248.75,13919.000,708.000,17500.000,25000.000,247.555,247.852,248.200,248.690,-0.675,-0.600
2017-04-25 11:22:00,247.837,248.281,5123.000,312.000,247.60,247.85,7500.000,5000.000,248.20,248.40,1721.000,600.000,247.55,247.90,2500.000,2500.000,248.15,248.45,14035.000,3851.000,17500.000,22500.000,247.519,247.956,248.129,248.511,-0.575,-0.603
2017-04-25 11:23:00,247.526,248.105,1697.000,87.000,247.35,247.40,5000.000,2500.000,248.00,248.15,310.000,213.000,247.30,247.50,5000.000,5000.000,247.95,248.35,7603.000,672.000,22500.000,25000.000,247.238,247.553,247.906,248.410,-0.700,-0.606
2017-04-25 11:24:00,247.299,247.982,1680.000,21.000,247.15,247.20,2500.000,2500.000,247.95,248.05,624.000,115.000,247.10,247.25,5000.000,12500.000,247.90,248.15,8594.000,366.000,17500.000,32500.000,247.040,247.309,247.843,248.181,-0.825,-0.563
2017-04-25 11:25:00,247.231,247.974,3.000,98.000,247.35,247.40,5000.000,5000.000,247.90,248.10,150.000,497.000,247.20,247.45,5000.000,5000.000,247.85,248.25,1364.000,3248.000,17500.000,25000.000,247.106,247.553,247.814,248.325,-0.625,-0.513
2017-04-25 11:26:00,247.694,248.243,2.000,715.000,247.60,247.70,2500.000,7500.000,248.15,248.40,35.000,371.000,247.55,247.75,5000.000,10000.000,248.10,248.45,3901.000,3505.000,20000.000,32500.000,247.411,247.823,248.044,248.504,-0.625,-0.541
2017-04-25 11:27:00,247.592,248.050,14.000,91.000,247.45,247.50,10000.000,7500.000,248.00,248.25,474.000,2.000,247.40,247.55,2500.000,2500.000,247.95,248.35,3179.000,1170.000,22500.000,30000.000,247.296,247.689,247.889,248.408,-0.650,-0.568
2017-04-25 11:28:00,247.583,248.181,696.000,665.000,247.55,247.70,5000.000,2500.000,248.15,248.30,722.000,300.000,247.50,247.75,5000.000,5000.000,248.10,248.35,4734.000,6332.000,17500.000,27500.000,247.424,247.849,248.071,248.464,-0.600,-0.580
2017-04-25 11:29:00,247.875,248.342,148.000,164.000,247.70,247.75,2500.000,5000.000,248.30,248.45,304.000,100.000,247.65,247.80,2500.000,15000.000,248.20,248.50,8130.000,989.000,15000.000,30000.000,247.540,247.864,248.142,248.558,-0.650,-0.611
2017-04-25 11:30:00,247.669,248.161,24.000,387.000,247.70,247.75,2500.000,7500.000,248.15,248.35,8.000,6711.000,247.65,247.80,2500.000,2500.000,248.10,248.40,2631.000,10901.000,12500.000,32500.000,247.511,247.847,248.040,248.462,-0.525,-0.654
2017-04-25 11:31:00,247.394,248.082,3.000,2.000,247.50,247.55,7500.000,5000.000,248.00,248.10,100.000,173.000,247.45,247.60,2500.000,2500.000,247.95,248.15,1722.000,8230.000,20000.000,15000.000,247.355,247.719,247.900,248.217,-0.525,-0.660
2017-04-25 11:32:00,247.627,248.219,363.000,370.000,247.65,247.70,2500.000,2500.000,248.25,248.30,939.000,1029.000,247.60,247.75,2500.000,2500.000,248.15,248.35,5575.000,11025.000,20000.000,40000.000,247.531,247.821,248.081,248.481,-0.600,-0.673
2017-04-25 11:33:00,247.638,248.300,600.000,360.000,247.55,247.75,2500.000,5000.000,248.20,248.40,2299.000,6196.000,247.50,247.80,2500.000,5000.000,248.15,248.45,5251.000,7284.000,20000.000,30000.000,247.457,247.809,248.088,248.517,-0.650,-0.680
2017-04-25 11:34:00,247.591,248.210,562.000,106.000,247.45,247.55,5000.000,2500.000,248.15,248.30,3560.000,112.000,247.40,247.60,5000.000,7500.000,248.10,248.40,8173.000,2034.000,22500.000,30000.000,247.339,247.691,248.056,248.454,-0.725,-0.698
2017-04-25 11:35:00,247.538,248.246,10.000,5.000,247.55,247.65,7500.000,5000.000,248.20,248.40,361.000,320.000,247.50,247.70,5000.000,7500.000,248.15,248.45,5032.000,9302.000,22500.000,40000.000,247.407,247.810,248.117,248.506,-0.700,-0.707
2017-04-25 11:36:00,247.652,248.371,3.000,182.000,247.70,247.75,2500.000,7500.000,248.30,248.45,152.000,6862.000,247.60,247.80,2500.000,12500.000,248.25,248.50,2750.000,8832.000,15000.000,32500.000,247.507,247.824,248.183,248.619,-0.650,-0.717
2017-04-25 11:37:00,247.659,248.318,2.000,169.000,247.70,247.75,2500.000,5000.000,248.30,248.45,250.000,5043.000,247.60,247.80,2500.000,12500.000,248.20,248.50,2811.000,7451.000,15000.000,32500.000,247.502,247.832,248.150,248.546,-0.650,-0.723
2017-04-25 11:38:00,247.506,248.203,600.000,33.000,247.55,247.60,2500.000,2500.000,248.20,248.35,2309.000,107.000,247.50,247.65,5000.000,2500.000,248.15,248.45,4618.000,5589.000,15000.000,32500.000,247.468,247.790,248.108,248.523,-0.700,-0.736
2017-04-25 11:39:00,247.560,248.269,543.000,14.000,247.55,247.60,5000.000,5000.000,248.15,248.40,2408.000,17.000,247.50,247.70,2500.000,5000.000,248.10,248.45,5597.000,7054.000,17500.000,22500.000,247.446,247.790,248.064,248.517,-0.700,-0.714
2017-04-25 11:40:00,247.452,248.205,2127.000,302.000,247.50,247.65,5000.000,5000.000,248.10,248.25,61.000,304.000,247.45,247.70,5000.000,5000.000,248.05,248.30,4309.000,11606.000,25000.000,27500.000,247.430,247.798,247.995,248.418,-0.600,-0.680
2017-04-25 11:41:00,247.395,248.164,20.000,130.000,247.50,247.60,2500.000,7500.000,248.05,248.20,61.000,1286.000,247.45,247.65,7500.000,5000.000,248.00,248.40,2294.000,11559.000,22500.000,30000.000,247.364,247.772,247.944,248.421,-0.575,-0.689
2017-04-25 11:42:00,247.369,248.058,3.000,217.000,247.40,247.50,7500.000,5000.000,247.90,248.05,140.000,1489.000,247.30,247.55,2500.000,7500.000,247.85,248.20,4299.000,8687.000,27500.000,22500.000,247.201,247.620,247.791,248.222,-0.525,-0.662
2017-04-25 11:43:00,247.357,248.117,2.000,3659.000,247.50,247.55,2500.000,2500.000,248.00,248.10,68.000,2168.000,247.35,247.60,7500.000,2500.000,247.95,248.20,3325.000,20546.000,22500.000,15000.000,247.236,247.669,247.906,248.267,-0.525,-0.614
2017-04-25 11:44:00,247.475,248.074,250.000,14.000,247.20,247.25,5000.000,5000.000,247.95,248.15,3100.000,150.000,247.15,247.40,5000.000,5000.000,247.90,248.25,14612.000,810.000,22500.000,25000.000,247.051,247.477,247.850,248.360,-0.825,-0.609
2017-04-25 11:45:00,247.445,248.030,195.000,449.000,247.30,247.35,2500.000,5000.000,247.95,248.15,1548.000,96.000,247.25,247.40,5000.000,7500.000,247.90,248.20,7007.000,1272.000,20000.000,30000.000,247.163,247.440,247.850,248.246,-0.725,-0.600
2017-04-25 11:46:00,247.398,248.213,12.000,116.000,247.45,247.50,2500.000,2500.000,248.10,248.25,21.000,329.000,247.40,247.55,5000.000,5000.000,248.05,248.35,3656.000,8221.000,25000.000,22500.000,247.264,247.680,247.995,248.433,-0.700,-0.555
2017-04-25 11:47:00,247.442,247.995,11.000,417.000,247.20,247.40,5000.000,2500.000,247.90,248.10,3255.000,404.000,247.15,247.45,2500.000,7500.000,247.85,248.20,14065.000,3943.000,20000.000,27500.000,247.054,247.528,247.806,248.332,-0.700,-0.553
2017-04-25 11:48:00,247.267,247.784,491.000,20.000,247.20,247.25,7500.000,2500.000,247.75,247.85,1515.000,747.000,247.15,247.30,2500.000,7500.000,247.70,248.00,10193.000,5957.000,20000.000,27500.000,247.055,247.402,247.644,248.077,-0.575,-0.536
2017-04-25 11:49:00,247.241,247.817,776.000,476.000,247.25,247.30,7500.000,2500.000,247.75,247.85,1776.000,579.000,247.10,247.35,2500.000,5000.000,247.70,247.90,12296.000,9595.000,20000.000,17500.000,247.039,247.441,247.644,248.014,-0.525,-0.514
2017-04-25 11:50:00,247.288,247.829,3.000,1073.000,247.20,247.25,5000.000,2500.000,247.75,247.85,686.000,909.000,247.15,247.35,2500.000,2500.000,247.70,247.90,11727.000,9774.000,17500.000,17500.000,247.030,247.425,247.657,248.057,-0.575,-0.509
2017-04-25 11:51:00,247.258,247.846,402.000,2.000,247.15,247.25,5000.000,5000.000,247.75,247.85,1788.000,618.000,247.10,247.35,2500.000,2500.000,247.70,247.90,10952.000,7387.000,17500.000,15000.000,247.022,247.441,247.657,247.983,-0.600,-0.453
2017-04-25 11:52:00,247.312,247.854,39.000,47.000,247.30,247.35,2500.000,5000.000,247.75,247.95,20.000,93.000,247.25,247.40,2500.000,2500.000,247.70,248.00,4529.000,5032.000,15000.000,20000.000,247.130,247.526,247.617,248.113,-0.525,-0.432
2017-04-25 11:53:00,247.335,247.767,17.000,667.000,247.30,247.35,2500.000,5000.000,247.70,247.85,20.000,193.000,247.25,247.40,2500.000,2500.000,247.65,247.95,4507.000,5873.000,12500.000,17500.000,247.129,247.458,247.580,248.029,-0.450,-0.442
2017-04-25 11:54:00,247.313,247.781,673.000,3593.000,247.15,247.35,2500.000,2500.000,247.60,247.70,2328.000,1897.000,247.10,247.40,2500.000,5000.000,247.55,247.80,12568.000,9056.000,22500.000,17500.000,247.020,247.420,247.472,247.936,-0.400,-0.465
2017-04-25 11:55:00,247.314,247.827,3.000,62.000,247.30,247.35,2500.000,5000.000,247.65,247.85,2.000,169.000,247.25,247.40,2500.000,2500.000,247.60,247.90,2814.000,3969.000,22500.000,15000.000,247.108,247.498,247.528,247.975,-0.425,-0.487
2017-04-25 11:56:00,247.415,247.725,3.000,126.000,247.30,247.35,2500.000,5000.000,247.60,247.75,128.000,2450.000,247.15,247.40,17500.000,7500.000,247.55,247.80,12099.000,4211.000,30000.000,20000.000,247.030,247.441,247.517,247.844,-0.350,-0.537
2017-04-25 11:57:00,247.375,247.813,209.000,16.000,247.30,247.35,2500.000,7500.000,247.65,247.75,660.000,2152.000,247.20,247.40,2500.000,5000.000,247.60,247.85,6312.000,3608.000,27500.000,20000.000,247.105,247.438,247.509,247.863,-0.375,-0.636
2017-04-25 11:58:00,247.305,247.785,939.000,44.000,247.20,247.30,2500.000,5000.000,247.70,247.75,377.000,2209.000,247.15,247.35,2500.000,2500.000,247.65,247.80,12730.000,8599.000,27500.000,15000.000,247.038,247.426,247.573,247.833,-0.475,-0.721
2017-04-25 11:59:00,247.303,247.887,455.000,140.000,247.25,247.35,5000.000,2500.000,247.80,247.90,1195.000,231.000,247.20,247.40,2500.000,7500.000,247.75,247.95,4889.000,3490.000,22500.000,17500.000,247.137,247.520,247.678,247.986,-0.550,-0.784
2017-04-25 12:00:00,247.284,247.905,764.000,114.000,247.30,247.50,5000.000,2500.000,247.85,248.00,850.000,262.000,247.25,247.55,10000.000,2500.000,247.80,248.05,5279.000,12194.000,27500.000,22500.000,247.172,247.665,247.741,248.139,-0.525,-0.858
2017-04-25 12:01:00,247.354,247.917,20.000,48.000,247.35,247.40,2500.000,2500.000,247.90,248.00,197.000,86.000,247.30,247.45,5000.000,5000.000,247.85,248.05,2359.000,2461.000,22500.000,27500.000,247.205,247.578,247.806,248.127,-0.575,-0.909
2017-04-25 12:02:00,248.954,249.887,2500.000,39.000,248.75,248.80,2500.000,5000.000,249.80,249.95,4298.000,117.000,248.65,248.95,5000.000,2500.000,249.75,250.00,28902.000,5972.000,17500.000,20000.000,248.557,249.054,249.693,250.100,-1.100,-0.891
2017-04-25 12:03:00,248.368,249.274,194.000,25.000,248.25,248.30,5000.000,5000.000,249.10,249.45,150.000,118.000,248.20,248.35,2500.000,2500.000,249.05,249.50,2025.000,953.000,22500.000,25000.000,248.091,248.502,248.994,249.595,-1.000,-0.900
2017-04-25 12:04:00,248.231,249.130,97.000,148.000,248.30,248.45,2500.000,10000.000,249.15,249.30,96.000,1479.000,248.25,248.50,2500.000,2500.000,249.05,249.35,1214.000,6040.000,15000.000,40000.000,248.154,248.592,248.992,249.438,-0.850,-0.914
2017-04-25 12:05:00,248.226,249.219,150.000,256.000,248.35,248.40,7500.000,10000.000,249.10,249.25,1428.000,501.000,248.25,248.45,5000.000,2500.000,249.00,249.30,2576.000,8074.000,35000.000,32500.000,248.214,248.559,248.954,249.392,-0.800,-0.891
2017-04-25 12:06:00,248.256,249.075,412.000,19.000,248.25,248.30,2500.000,5000.000,248.95,249.15,160.000,439.000,248.15,248.45,5000.000,2500.000,248.90,249.20,4914.000,7951.000,25000.000,25000.000,248.041,248.529,248.840,249.255,-0.775,-0.904
2017-04-25 12:07:00,248.270,249.109,412.000,637.000,248.30,248.40,2500.000,2500.000,249.05,249.15,1980.000,500.000,248.25,248.45,7500.000,7500.000,248.95,249.20,5716.000,11047.000,30000.000,27500.000,248.204,248.547,248.892,249.255,-0.750,-0.902
2017-04-25 12:08:00,249.202,250.155,3.000,669.000,249.10,249.25,5000.000,2500.000,250.05,250.20,406.000,200.000,249.05,249.30,52500.000,7500.000,250.00,250.30,4549.000,4323.000,75000.000,40000.000,248.931,249.375,249.953,250.406,-0.950,-0.875
2017-04-25 12:09:00,248.741,249.707,72.000,9.000,248.75,248.80,5000.000,5000.000,249.60,249.95,100.000,364.000,248.65,248.95,5000.000,10000.000,249.55,250.00,1373.000,2532.000,27500.000,45000.000,248.539,249.031,249.500,250.083,-1.000,-0.860
2017-04-25 12:10:00,248.465,249.340,393.000,80.000,248.35,248.50,7500.000,10000.000,249.20,249.40,506.000,1686.000,248.30,248.55,5000.000,10000.000,249.15,249.50,3559.000,2717.000,25000.000,27500.000,248.232,248.587,249.125,249.518,-0.875,-0.865
2017-04-25 12:11:00,248.607,249.493,58.000,60.000,248.65,248.70,2500.000,5000.000,249.40,249.65,278.000,104.000,248.60,248.75,2500.000,12500.000,249.35,249.70,800.000,1922.000,20000.000,32500.000,248.533,248.852,249.281,249.727,-0.850,-0.864
2017-04-25 12:12:00,248.715,249.544,24.000,123.000,248.75,248.80,2500.000,2500.000,249.55,249.70,416.000,570.000,248.70,248.85,10000.000,2500.000,249.50,249.75,1610.000,4590.000,22500.000,45000.000,248.624,248.964,249.467,249.825,-0.850,-0.870
2017-04-25 12:13:00,248.695,249.511,161.000,209.000,248.65,248.75,12500.000,2500.000,249.45,249.65,186.000,52.000,248.60,248.80,7500.000,10000.000,249.40,249.70,5051.000,5885.000,30000.000,37500.000,248.492,248.968,249.383,249.753,-0.850,-0.883
2017-04-25 12:14:00,248.785,249.679,912.000,4740.000,248.70,249.00,5000.000,5000.000,249.60,249.75,1173.000,179.000,248.65,249.05,2500.000,10000.000,249.55,249.80,7947.000,14386.000,22500.000,30000.000,248.567,249.108,249.483,249.863,-0.825,-0.873
2017-04-25 12:15:00,249.011,249.911,21.000,445.000,249.10,249.20,2500.000,5000.000,249.80,250.05,16.000,309.000,249.05,249.25,2500.000,5000.000,249.75,250.10,1060.000,10992.000,25000.000,30000.000,248.956,249.321,249.675,250.158,-0.775,-0.844
2017-04-25 12:16:00,248.764,249.642,82.000,3.000,248.75,248.80,2500.000,2500.000,249.55,249.75,404.000,120.000,248.70,248.85,5000.000,2500.000,249.50,249.80,6344.000,9368.000,22500.000,25000.000,248.601,248.992,249.456,249.910,-0.875,-0.857
2017-04-25 12:17:00,248.650,249.509,369.000,51.000,248.55,248.70,7500.000,5000.000,249.40,249.60,3329.000,160.000,248.50,248.75,2500.000,2500.000,249.35,249.65,6915.000,4386.000,20000.000,20000.000,248.446,248.843,249.312,249.756,-0.875,-0.850
2017-04-25 12:18:00,248.824,249.709,749.000,361.000,248.80,248.90,2500.000,2500.000,249.60,249.75,24.000,361.000,248.75,248.95,5000.000,5000.000,249.55,249.90,2390.000,3540.000,27500.000,30000.000,248.677,249.010,249.468,249.975,-0.825,-0.847
2017-04-25 12:19:00,248.921,249.762,97.000,222.000,248.85,248.95,5000.000,5000.000,249.65,249.90,488.000,81.000,248.80,249.05,2500.000,5000.000,249.60,249.95,4844.000,4473.000,25000.000,27500.000,248.710,249.162,249.545,250.009,-0.875,-0.843
2017-04-25 12:20:00,249.068,249.826,3.000,36.000,248.90,248.95,2500.000,2500.000,249.70,249.95,512.000,265.000,248.85,249.00,2500.000,5000.000,249.65,250.00,6600.000,1243.000,25000.000,32500.000,248.729,249.067,249.575,250.131,-0.900,-0.854
2017-04-25 12:21:00,248.912,249.855,349.000,206.000,249.00,249.05,2500.000,5000.000,249.75,249.90,16.000,653.000,248.95,249.10,2500.000,2500.000,249.70,249.95,1824.000,8144.000,22500.000,30000.000,248.868,249.198,249.622,250.104,-0.800,-0.814
2017-04-25 12:22:00,248.821,249.647,244.000,124.000,248.75,248.85,5000.000,2500.000,249.50,249.70,329.000,149.000,248.65,248.90,2500.000,2500.000,249.45,249.80,5131.000,3318.000,27500.000,20000.000,248.548,249.015,249.391,249.875,-0.800,-0.822
2017-04-25 12:23:00,248.801,249.666,681.000,142.000,248.70,248.90,2500.000,2500.000,249.50,249.70,1025.000,601.000,248.65,248.95,2500.000,2500.000,249.45,249.75,7399.000,7203.000,27500.000,20000.000,248.564,249.041,249.377,249.844,-0.800,-0.823
2017-04-25 12:24:00,248.755,249.579,1090.000,11.000,248.80,248.85,2500.000,5000.000,249.45,249.65,2100.000,60.000,248.70,248.90,7500.000,2500.000,249.40,249.70,8128.000,9108.000,27500.000,25000.000,248.644,249.031,249.336,249.825,-0.725,-0.823
2017-04-25 12:25:00,248.781,249.590,300.000,189.000,248.75,248.80,2500.000,5000.000,249.45,249.65,1194.000,114.000,248.70,248.90,7500.000,2500.000,249.40,249.70,6312.000,6301.000,27500.000,25000.000,248.613,249.022,249.350,249.825,-0.775,-0.835
2017-04-25 12:26:00,248.772,249.514,117.000,110.000,248.70,248.75,5000.000,2500.000,249.40,249.55,409.000,141.000,248.65,248.80,2500.000,5000.000,249.35,249.60,7290.000,3592.000,25000.000,20000.000,248.554,248.931,249.295,249.713,-0.750,-0.860
2017-04-25 12:27:00,248.635,249.502,842.000,501.000,248.60,248.65,5000.000,2500.000,249.30,249.50,610.000,459.000,248.55,248.70,10000.000,2500.000,249.25,249.55,4223.000,3333.000,37500.000,17500.000,248.486,248.779,249.190,249.636,-0.775,-0.856
2017-04-25 12:28:00,248.516,249.387,3.000,210.000,248.60,248.65,7500.000,2500.000,249.25,249.45,414.000,314.000,248.55,248.70,2500.000,7500.000,249.20,249.50,1943.000,6077.000,27500.000,20000.000,248.476,248.817,249.159,249.569,-0.725,-0.874
2017-04-25 12:29:00,248.487,249.314,614.000,528.000,248.50,248.60,2500.000,5000.000,249.15,249.35,162.000,243.000,248.40,248.65,15000.000,7500.000,249.10,249.40,4963.000,7676.000,32500.000,22500.000,248.299,248.742,249.058,249.489,-0.700,-0.915
2017-04-25 12:30:00,248.424,249.293,546.000,113.000,248.50,248.55,5000.000,7500.000,249.20,249.35,60.000,1215.000,248.45,248.60,2500.000,5000.000,249.15,249.40,2629.000,7201.000,25000.000,27500.000,248.379,248.716,249.095,249.495,-0.750,-0.900
2017-04-25 12:31:00,248.329,249.192,187.000,1045.000,248.30,248.40,2500.000,2500.000,249.05,249.20,760.000,100.000,248.25,248.45,5000.000,5000.000,249.00,249.25,4384.000,4889.000,30000.000,20000.000,248.179,248.544,248.929,249.338,-0.775,-0.892
2017-04-25 12:32:00,248.272,249.123,111.000,829.000,248.25,248.30,2500.000,5000.000,248.95,249.15,500.000,100.000,248.20,248.40,2500.000,5000.000,248.90,249.20,2715.000,3451.000,27500.000,22500.000,248.122,248.477,248.841,249.300,-0.775,-0.901
2017-04-25 12:33:00,248.220,249.177,163.000,1034.000,248.25,248.30,2500.000,5000.000,249.00,249.10,100.000,282.000,248.20,248.35,2500.000,2500.000,248.95,249.15,4360.000,8538.000,22500.000,15000.000,248.076,248.460,248.867,249.258,-0.775,-0.887
2017-04-25 12:34:00,248.218,249.252,23.000,104.000,248.30,248.35,2500.000,2500.000,249.00,249.20,1000.000,60.000,248.25,248.40,7500.000,5000.000,248.95,249.35,2138.000,5846.000,32500.000,17500.000,248.202,248.516,248.881,249.400,-0.775,-0.863
2017-04-25 12:35:00,248.401,249.195,658.000,4.000,248.20,248.25,2500.000,2500.000,249.00,249.20,266.000,40.000,248.15,248.35,7500.000,5000.000,248.95,249.30,10509.000,1245.000,30000.000,20000.000,248.051,248.480,248.896,249.381,-0.875,-0.879
2017-04-25 12:36:00,248.397,249.223,483.000,6.000,248.20,248.30,2500.000,5000.000,249.00,249.20,425.000,30.000,248.15,248.35,7500.000,7500.000,248.95,249.30,10879.000,1636.000,32500.000,22500.000,248.048,248.473,248.892,249.372,-0.850,-0.894
2017-04-25 12:37:00,248.332,249.227,47.000,30.000,248.35,248.40,2500.000,5000.000,249.00,249.20,319.000,415.000,248.30,248.45,7500.000,5000.000,248.95,249.30,9276.000,10757.000,30000.000,20000.000,248.245,248.567,248.896,249.381,-0.725,-0.878
2017-04-25 12:38:00,248.283,249.167,24.000,274.000,248.30,248.45,5000.000,5000.000,249.00,249.20,135.000,675.000,248.25,248.50,7500.000,2500.000,248.95,249.25,3557.000,10477.000,30000.000,20000.000,248.127,248.582,248.900,249.325,-0.725,-0.877
2017-04-25 12:39:00,248.294,249.210,3.000,198.000,248.40,248.45,2500.000,5000.000,249.05,249.25,1725.000,675.000,248.35,248.50,10000.000,5000.000,249.00,249.30,2430.000,11285.000,32500.000,20000.000,248.316,248.608,248.954,249.369,-0.725,-0.866
2017-04-25 12:40:00,248.254,249.126,3.000,168.000,248.40,248.45,10000.000,2500.000,249.00,249.20,500.000,1029.000,248.35,248.50,10000.000,2500.000,248.95,249.25,1687.000,9849.000,32500.000,20000.000,248.239,248.607,248.935,249.375,-0.675,-0.863
2017-04-25 12:41:00,248.352,249.255,3.000,509.000,248.40,248.45,2500.000,2500.000,249.10,249.25,329.000,1049.000,248.35,248.50,2500.000,5000.000,249.05,249.30,3179.000,7534.000,25000.000,22500.000,248.253,248.602,248.960,249.433,-0.750,-0.875
2017-04-25 12:42:00,248.424,249.239,71.000,21.000,248.40,248.45,2500.000,7500.000,249.10,249.30,202.000,647.000,248.35,248.50,2500.000,2500.000,249.05,249.35,2739.000,2822.000,25000.000,22500.000,248.252,248.594,248.970,249.422,-0.775,-0.890
2017-04-25 12:43:00,248.233,249.110,192.000,379.000,248.35,248.40,7500.000,2500.000,249.00,249.15,147.000,122.000,248.30,248.45,5000.000,5000.000,248.95,249.20,1528.000,9632.000,37500.000,25000.000,248.215,248.564,248.893,249.285,-0.700,-0.874
2017-04-25 12:44:00,248.367,249.230,56.000,136.000,248.30,248.35,5000.000,2500.000,249.05,249.25,853.000,222.000,248.20,248.45,7500.000,5000.000,249.00,249.30,6482.000,3947.000,30000.000,20000.000,248.123,248.545,248.958,249.450,-0.825,-0.858
2017-04-25 12:45:00,248.310,249.167,88.000,66.000,248.35,248.40,5000.000,2500.000,249.00,249.20,3.000,168.000,248.25,248.45,2500.000,2500.000,248.95,249.25,4736.000,6338.000,32500.000,17500.000,248.149,248.572,248.896,249.336,-0.725,-0.872
2017-04-25 12:46:00,248.158,249.118,3.000,601.000,248.25,248.30,2500.000,5000.000,249.00,249.10,612.000,100.000,248.20,248.35,2500.000,2500.000,248.95,249.20,2333.000,8668.000,22500.000,20000.000,248.108,248.468,248.878,249.262,-0.775,-0.870
2017-04-25 12:47:00,248.066,248.960,175.000,1223.000,248.05,248.25,2500.000,5000.000,248.90,249.00,3975.000,2908.000,248.00,248.30,2500.000,5000.000,248.85,249.05,6240.000,10689.000,17500.000,20000.000,247.955,248.357,248.793,249.125,-0.800,-0.857
2017-04-25 12:48:00,248.151,248.947,1265.000,261.000,248.10,248.15,2500.000,2500.000,248.90,249.00,60.000,960.000,248.05,248.25,5000.000,2500.000,248.85,249.05,8730.000,7030.000,20000.000,20000.000,247.977,248.351,248.794,249.144,-0.825,-0.863
2017-04-25 12:49:00,248.110,248.891,590.000,130.000,248.05,248.15,2500.000,2500.000,248.90,248.95,3975.000,492.000,248.00,248.20,2500.000,17500.000,248.85,249.00,8420.000,5418.000,12500.000,30000.000,247.944,248.318,248.800,249.050,-0.825,-0.858
2017-04-25 12:50:00,248.026,248.953,304.000,206.000,248.05,248.20,2500.000,12500.000,248.80,249.00,1906.000,375.000,248.00,248.25,2500.000,2500.000,248.75,249.05,3177.000,5878.000,22500.000,25000.000,247.968,248.363,248.672,249.095,-0.775,-0.840
2017-04-25 12:51:00,247.968,248.918,674.000,1034.000,248.00,248.10,5000.000,2500.000,248.70,248.90,119.000,568.000,247.95,248.15,2500.000,5000.000,248.65,248.95,4190.000,8146.000,30000.000,17500.000,247.829,248.236,248.583,249.071,-0.750,-0.836
2017-04-25 12:52:00,247.567,248.394,223.000,150.000,247.70,247.75,5000.000,5000.000,248.30,248.50,234.000,778.000,247.60,247.80,2500.000,2500.000,248.25,248.55,1840.000,10414.000,20000.000,22500.000,247.529,247.888,248.206,248.617,-0.675,-0.839
2017-04-25 12:53:00,247.773,248.603,71.000,64.000,247.70,247.75,2500.000,2500.000,248.45,248.60,100.000,318.000,247.60,247.80,2500.000,2500.000,248.40,248.65,6846.000,2578.000,25000.000,17500.000,247.526,247.898,248.310,248.729,-0.800,-0.857
2017-04-25 12:54:00,247.743,248.500,471.000,32.000,247.75,247.80,2500.000,2500.000,248.40,248.60,500.000,1292.000,247.65,247.85,2500.000,2500.000,248.35,248.65,8241.000,9730.000,15000.000,20000.000,247.531,247.950,248.283,248.762,-0.725,-0.884
2017-04-25 12:55:00,247.763,248.597,659.000,55.000,247.75,247.80,2500.000,2500.000,248.50,248.65,464.000,118.000,247.65,247.85,7500.000,7500.000,248.45,248.70,9696.000,6909.000,20000.000,22500.000,247.568,247.980,248.406,248.856,-0.800,-0.899
2017-04-25 12:56:00,247.900,248.831,841.000,923.000,247.80,247.90,2500.000,2500.000,248.60,248.85,851.000,32.000,247.75,247.95,5000.000,2500.000,248.55,248.95,7064.000,3412.000,25000.000,15000.000,247.696,248.015,248.485,249.008,-0.875,-0.870
2017-04-25 12:57:00,247.944,248.785,2902.000,710.000,247.75,247.95,2500.000,7500.000,248.65,248.95,741.000,621.000,247.70,248.00,2500.000,2500.000,248.60,249.10,6230.000,1999.000,20000.000,30000.000,247.671,248.022,248.531,249.129,-0.950,-0.892
2017-04-25 12:58:00,247.509,248.432,3.000,159.000,247.55,247.60,2500.000,5000.000,248.30,248.50,1390.000,1872.000,247.50,247.65,2500.000,2500.000,248.25,248.55,4753.000,10010.000,17500.000,17500.000,247.430,247.742,248.179,248.600,-0.825,-0.882
2017-04-25 12:59:00,247.497,248.385,474.000,9.000,247.50,247.55,5000.000,5000.000,248.30,248.45,2500.000,169.000,247.40,247.60,2500.000,2500.000,248.25,248.50,8314.000,6877.000,20000.000,22500.000,247.315,247.734,248.206,248.683,-0.850,-0.893
2017-04-25 13:00:00,247.510,248.419,397.000,64.000,247.60,247.65,2500.000,2500.000,248.35,248.50,276.000,202.000,247.50,247.70,2500.000,5000.000,248.30,248.55,4093.000,8914.000,15000.000,25000.000,247.454,247.802,248.242,248.765,-0.800,-0.889
2017-04-25 13:01:00,247.713,248.500,2.000,323.000,247.70,247.75,2500.000,5000.000,248.50,248.65,16.000,88.000,247.65,247.80,2500.000,2500.000,248.45,248.70,5268.000,5072.000,15000.000,35000.000,247.557,247.924,248.400,248.896,-0.850,-0.907
2017-04-25 13:02:00,247.474,248.429,2300.000,237.000,247.35,247.40,5000.000,5000.000,248.25,248.40,210.000,2.000,247.30,247.50,2500.000,2500.000,248.15,248.50,8114.000,3317.000,32500.000,20000.000,247.236,247.637,248.081,248.613,-0.950,-0.876
2017-04-25 13:03:00,247.521,248.393,2197.000,690.000,247.40,247.55,2500.000,12500.000,248.30,248.55,177.000,464.000,247.35,247.65,5000.000,2500.000,248.25,248.70,8142.000,4868.000,17500.000,32500.000,247.307,247.736,248.200,248.704,-0.950,-0.864
2017-04-25 13:04:00,247.436,248.381,3.000,166.000,247.50,247.60,2500.000,2500.000,248.30,248.45,1548.000,970.000,247.40,247.65,7500.000,7500.000,248.25,248.50,5331.000,11633.000,20000.000,20000.000,247.301,247.758,248.206,248.606,-0.825,-0.840
2017-04-25 13:05:00,247.449,248.334,312.000,158.000,247.45,247.50,5000.000,2500.000,248.30,248.35,2600.000,143.000,247.35,247.55,2500.000,7500.000,248.25,248.40,8693.000,6790.000,17500.000,22500.000,247.289,247.663,248.214,248.522,-0.850,-0.837
2017-04-25 13:06:00,247.461,248.340,188.000,80.000,247.50,247.55,35000.000,70000.000,248.35,248.40,3500.000,513.000,247.45,247.60,5000.000,5000.000,248.30,248.45,7226.000,11275.000,50000.000,132500.000,247.397,247.713,248.315,248.450,-0.850,-0.838
2017-04-25 13:07:00,247.507,248.306,3499.000,151.000,247.45,247.50,10000.000,100000.000,248.35,248.40,829.000,513.000,247.40,247.60,5000.000,60000.000,248.25,248.45,14491.000,10682.000,27500.000,215000.000,247.320,247.710,248.241,248.442,-0.900,-0.847
2017-04-25 13:08:00,247.672,248.483,68.000,60.000,247.70,247.75,5000.000,7500.000,248.40,248.65,49.000,1076.000,247.65,247.80,5000.000,2500.000,248.35,248.75,3096.000,6349.000,25000.000,35000.000,247.511,247.908,248.310,248.818,-0.800,-0.861
2017-04-25 13:09:00,247.779,248.605,14.000,45.000,247.70,247.75,5000.000,2500.000,248.45,248.65,17.000,60.000,247.65,247.80,2500.000,2500.000,248.40,248.80,4888.000,2801.000,25000.000,22500.000,247.530,247.916,248.350,248.856,-0.825,-0.880
2017-04-25 13:10:00,247.710,248.582,200.000,94.000,247.75,247.80,2500.000,10000.000,248.50,248.70,130.000,893.000,247.70,247.85,5000.000,5000.000,248.40,248.75,3914.000,7223.000,25000.000,30000.000,247.612,247.964,248.340,248.796,-0.825,-0.892
2017-04-25 13:11:00,247.502,248.382,263.000,39.000,247.50,247.55,5000.000,7500.000,248.25,248.45,379.000,79.000,247.45,247.60,5000.000,2500.000,248.20,248.50,4595.000,4706.000,25000.000,25000.000,247.355,247.737,248.145,248.580,-0.825,-0.894
2017-04-25 13:12:00,247.555,248.400,3.000,175.000,247.50,247.60,7500.000,7500.000,248.25,248.50,304.000,404.000,247.40,247.65,7500.000,2500.000,248.20,248.60,5381.000,3866.000,22500.000,20000.000,247.312,247.753,248.183,248.606,-0.825,-0.896
2017-04-25 13:13:00,247.430,248.309,377.000,233.000,247.30,247.35,2500.000,2500.000,248.25,248.40,2981.000,31.000,247.25,247.40,5000.000,5000.000,248.20,248.45,9509.000,1837.000,17500.000,22500.000,247.173,247.466,248.143,248.533,-1.000,-0.901
2017-04-25 13:14:00,247.391,248.311,2372.000,11.000,247.30,247.40,2500.000,5000.000,248.20,248.40,41.000,1227.000,247.25,247.45,2500.000,7500.000,248.15,248.45,6858.000,3644.000,20000.000,25000.000,247.198,247.518,248.081,248.505,-0.950,-0.907
2017-04-25 13:15:00,247.126,248.058,3381.000,3.000,247.00,247.15,10000.000,5000.000,247.85,248.10,760.000,102.000,246.95,247.20,5000.000,5000.000,247.80,248.15,8182.000,3049.000,30000.000,20000.000,246.916,247.315,247.775,248.256,-0.900,-0.876
2017-04-25 13:16:00,246.889,247.784,100.000,18.000,246.70,246.85,2500.000,7500.000,247.55,247.80,60.000,163.000,246.65,246.90,5000.000,5000.000,247.50,247.95,6983.000,2557.000,20000.000,20000.000,246.529,247.020,247.438,247.994,-0.900,-0.856
2017-04-25 13:17:00,246.846,247.700,25.000,89.000,246.80,246.90,5000.000,2500.000,247.65,247.75,335.000,404.000,246.70,246.95,2500.000,2500.000,247.60,247.80,9471.000,7588.000,15000.000,15000.000,246.608,247.050,247.567,247.867,-0.850,-0.848
2017-04-25 13:18:00,246.734,247.639,938.000,90.000,246.75,246.80,5000.000,5000.000,247.50,247.70,256.000,502.000,246.70,246.85,2500.000,2500.000,247.45,247.85,7045.000,7595.000,22500.000,22500.000,246.552,246.977,247.406,247.911,-0.825,-0.826
2017-04-25 13:19:00,246.815,247.762,43.000,72.000,246.80,246.90,5000.000,5000.000,247.55,247.75,1155.000,101.000,246.75,246.95,2500.000,2500.000,247.50,247.90,4732.000,6264.000,25000.000,17500.000,246.663,247.053,247.440,247.943,-0.800,-0.767
2017-04-25 13:20:00,246.901,247.680,480.000,84.000,246.75,246.90,2500.000,2500.000,247.60,247.80,60.000,160.000,246.70,246.95,2500.000,2500.000,247.55,247.85,6030.000,2877.000,17500.000,20000.000,246.602,247.056,247.486,247.925,-0.875,-0.796
2017-04-25 13:21:00,246.976,247.769,2.000,31.000,246.70,246.80,7500.000,5000.000,247.60,247.85,382.000,191.000,246.65,246.90,5000.000,2500.000,247.55,247.95,14095.000,799.000,22500.000,17500.000,246.552,246.967,247.517,248.000,-0.975,-0.779
2017-04-25 13:22:00,246.967,247.784,12.000,44.000,246.85,246.90,7500.000,5000.000,247.65,247.85,26.000,175.000,246.80,247.00,5000.000,2500.000,247.60,247.90,7256.000,4536.000,22500.000,17500.000,246.656,247.117,247.567,247.993,-0.875,-0.778
2017-04-25 13:23:00,247.071,247.866,1.000,59.000,247.00,247.15,2500.000,5000.000,247.80,248.00,160.000,304.000,246.95,247.25,5000.000,7500.000,247.75,248.10,5826.000,7533.000,17500.000,37500.000,246.822,247.365,247.700,248.293,-0.825,-0.781
2017-04-25 13:24:00,247.297,247.944,369.000,564.000,247.10,247.30,5000.000,5000.000,247.90,248.15,351.000,875.000,247.05,247.35,2500.000,2500.000,247.85,248.20,4544.000,2669.000,15000.000,27500.000,246.942,247.378,247.817,248.314,-0.825,-0.847
2017-04-25 13:25:00,246.953,247.876,706.000,334.000,246.90,247.00,2500.000,2500.000,247.70,247.85,360.000,17.000,246.85,247.05,10000.000,2500.000,247.65,247.90,8033.000,8617.000,27500.000,15000.000,246.752,247.218,247.586,248.058,-0.825,-0.827
2017-04-25 13:26:00,247.382,248.090,120.000,95.000,247.20,247.25,2500.000,2500.000,248.05,248.25,542.000,157.000,247.15,247.40,2500.000,10000.000,247.95,248.30,7361.000,2562.000,22500.000,30000.000,247.046,247.510,247.900,248.363,-0.925,-0.855
2017-04-25 13:27:00,246.795,247.609,26.000,219.000,246.80,246.85,2500.000,2500.000,247.50,247.70,160.000,169.000,246.70,246.90,7500.000,2500.000,247.45,247.75,4891.000,4956.000,22500.000,20000.000,246.597,247.013,247.400,247.831,-0.775,-0.864
2017-04-25 13:28:00,246.829,247.642,879.000,3.000,246.65,246.70,10000.000,2500.000,247.50,247.75,500.000,257.000,246.55,246.85,2500.000,5000.000,247.45,247.85,15211.000,3624.000,25000.000,20000.000,246.471,246.981,247.420,247.906,-0.950,-0.874
2017-04-25 13:29:00,246.590,247.564,10.000,319.000,246.70,246.80,2500.000,2500.000,247.45,247.65,500.000,1125.000,246.65,246.85,7500.000,7500.000,247.40,247.70,2053.000,12280.000,27500.000,25000.000,246.544,246.971,247.314,247.775,-0.800,-0.844
2017-04-25 13:30:00,246.647,247.470,2518.000,176.000,246.60,246.70,5000.000,5000.000,247.35,247.55,250.000,241.000,246.50,246.75,7500.000,2500.000,247.30,247.60,9881.000,7101.000,30000.000,25000.000,246.441,246.848,247.250,247.675,-0.800,-0.846
2017-04-25 13:31:00,245.929,246.779,3142.000,2351.000,245.75,245.90,2500.000,2500.000,246.75,246.80,2246.000,160.000,245.70,245.95,2500.000,2500.000,246.70,246.85,16297.000,6011.000,15000.000,15000.000,245.624,245.984,246.633,246.908,-0.950,-0.830
2017-04-25 13:32:00,246.094,246.953,21.000,163.000,246.05,246.15,2500.000,2500.000,246.90,247.00,119.000,639.000,246.00,246.20,2500.000,10000.000,246.85,247.05,6725.000,7699.000,17500.000,27500.000,245.878,246.306,246.786,247.177,-0.850,-0.816
2017-04-25 13:33:00,246.107,246.971,398.000,1002.000,246.20,246.25,2500.000,5000.000,246.90,247.05,1987.000,479.000,246.05,246.30,5000.000,2500.000,246.85,247.10,6062.000,10172.000,20000.000,22500.000,245.970,246.378,246.800,247.189,-0.750,-0.796
2017-04-25 13:34:00,246.675,247.500,13.000,1850.000,246.80,246.90,5000.000,2500.000,247.40,247.60,364.000,2808.000,246.65,246.95,5000.000,2500.000,247.35,247.65,2797.000,15314.000,20000.000,17500.000,246.551,247.005,247.306,247.721,-0.650,-0.775
2017-04-25 13:35:00,246.592,247.426,13.000,1441.000,246.80,246.85,5000.000,7500.000,247.35,247.55,33.000,414.000,246.60,246.90,2500.000,5000.000,247.30,247.60,2161.000,13616.000,17500.000,25000.000,246.509,246.987,247.257,247.660,-0.625,-0.748
2017-04-25 13:36:00,246.560,247.331,3.000,2961.000,246.65,246.80,2500.000,7500.000,247.30,247.50,100.000,414.000,246.60,246.85,2500.000,5000.000,247.25,247.55,2072.000,16380.000,15000.000,30000.000,246.469,246.943,247.158,247.596,-0.675,-0.742
2017-04-25 13:37:00,246.559,247.347,3.000,30.000,246.70,246.75,2500.000,5000.000,247.30,247.50,50.000,1717.000,246.60,246.80,2500.000,2500.000,247.25,247.55,687.000,6012.000,15000.000,22500.000,246.510,246.879,247.158,247.611,-0.675,-0.756
2017-04-25 13:38:00,246.586,247.350,16.000,2136.000,246.70,246.75,2500.000,5000.000,247.25,247.45,250.000,452.000,246.65,246.80,2500.000,2500.000,247.20,247.50,516.000,9469.000,15000.000,17500.000,246.585,246.856,247.133,247.536,-0.625,-0.789
2017-04-25 13:39:00,246.533,247.253,580.000,2372.000,246.60,246.70,2500.000,5000.000,247.20,247.40,110.000,419.000,246.50,246.75,2500.000,2500.000,247.15,247.45,2642.000,10701.000,17500.000,27500.000,246.427,246.819,247.079,247.518,-0.650,-0.808
2017-04-25 13:40:00,246.563,247.261,58.000,1409.000,246.65,246.70,2500.000,2500.000,247.25,247.40,208.000,50.000,246.60,246.75,2500.000,5000.000,247.20,247.45,1492.000,7080.000,17500.000,27500.000,246.468,246.805,247.100,247.527,-0.650,-0.819
2017-04-25 13:41:00,246.790,247.530,60.000,4636.000,246.75,247.00,2500.000,5000.000,247.50,247.70,404.000,354.000,246.70,247.05,5000.000,5000.000,247.45,247.75,5340.000,13847.000,22500.000,35000.000,246.598,247.099,247.394,247.818,-0.725,-0.817
2017-04-25 13:42:00,246.856,247.714,15.000,534.000,246.95,247.00,2500.000,5000.000,247.60,247.75,460.000,2500.000,246.80,247.05,2500.000,5000.000,247.55,247.80,5991.000,11797.000,22500.000,22500.000,246.711,247.142,247.467,247.872,-0.700,-0.806
2017-04-25 13:43:00,246.791,247.721,182.000,150.000,246.95,247.00,5000.000,2500.000,247.55,247.75,31.000,2352.000,246.90,247.05,5000.000,10000.000,247.50,247.80,393.000,11494.000,22500.000,20000.000,246.860,247.146,247.456,247.894,-0.675,-0.802
2017-04-25 13:44:00,246.810,247.625,12.000,1912.000,246.90,246.95,2500.000,2500.000,247.50,247.65,20.000,561.000,246.80,247.00,2500.000,5000.000,247.45,247.70,3803.000,10361.000,22500.000,22500.000,246.619,247.079,247.400,247.867,-0.650,-0.831
2017-04-25 13:45:00,246.744,247.500,200.000,33.000,246.70,246.80,2500.000,2500.000,247.45,247.55,260.000,1885.000,246.65,246.85,5000.000,5000.000,247.40,247.60,8057.000,8558.000,17500.000,20000.000,246.540,246.959,247.350,247.688,-0.750,-0.846
2017-04-25 13:46:00,246.625,247.356,100.000,1888.000,246.70,246.75,2500.000,5000.000,247.25,247.45,100.000,366.000,246.65,246.80,2500.000,5000.000,247.20,247.50,698.000,6872.000,20000.000,25000.000,246.567,246.851,247.125,247.580,-0.625,-0.876
2017-04-25 13:47:00,246.680,247.479,56.000,2980.000,246.75,246.90,5000.000,5000.000,247.40,247.60,60.000,1544.000,246.70,246.95,2500.000,2500.000,247.35,247.65,1096.000,12165.000,22500.000,30000.000,246.628,247.001,247.306,247.746,-0.675,-0.907
2017-04-25 13:48:00,246.497,247.407,60.000,100.000,246.50,246.65,2500.000,2500.000,247.25,247.40,404.000,2902.000,246.45,246.70,5000.000,2500.000,247.20,247.45,4335.000,9153.000,22500.000,12500.000,246.359,246.792,247.128,247.520,-0.750,-0.880
2017-04-25 13:49:00,246.607,247.566,230.000,2227.000,246.70,246.80,5000.000,2500.000,247.35,247.50,160.000,1217.000,246.55,246.85,62500.000,2500.000,247.30,247.65,5028.000,13417.000,80000.000,22500.000,246.475,246.930,247.284,247.706,-0.675,-0.840
2017-04-25 13:50:00,246.957,247.790,3.000,291.000,246.90,247.00,2500.000,5000.000,247.60,247.80,65.000,364.000,246.80,247.05,2500.000,2500.000,247.55,247.85,3074.000,2622.000,22500.000,15000.000,246.704,247.119,247.478,247.917,-0.750,-0.825
2017-04-25 13:51:00,246.854,247.732,5.000,24.000,246.80,246.95,2500.000,5000.000,247.50,247.75,100.000,228.000,246.75,247.00,2500.000,2500.000,247.45,247.80,2831.000,3523.000,25000.000,17500.000,246.610,247.125,247.380,247.907,-0.750,-0.828
2017-04-25 13:52:00,246.776,247.730,562.000,726.000,246.75,247.00,2500.000,2500.000,247.45,247.70,158.000,617.000,246.70,247.05,7500.000,2500.000,247.40,247.75,3528.000,8549.000,25000.000,12500.000,246.593,247.131,247.335,247.900,-0.700,-0.812
2017-04-25 13:53:00,246.907,247.683,480.000,460.000,246.90,247.00,2500.000,2500.000,247.55,247.75,215.000,468.000,246.85,247.15,7500.000,5000.000,247.50,247.80,4005.000,10751.000,25000.000,20000.000,246.711,247.214,247.440,247.894,-0.700,-0.826
2017-04-25 13:54:00,246.962,247.718,60.000,323.000,246.85,246.95,7500.000,2500.000,247.55,247.75,158.000,101.000,246.80,247.00,7500.000,5000.000,247.50,247.85,3304.000,2125.000,30000.000,17500.000,246.670,247.101,247.458,247.900,-0.750,-0.857
2017-04-25 13:55:00,246.885,247.645,3.000,293.000,246.80,246.90,2500.000,5000.000,247.55,247.70,153.000,455.000,246.75,246.95,5000.000,5000.000,247.50,247.75,4598.000,3505.000,25000.000,27500.000,246.664,247.013,247.430,247.882,-0.775,-0.867
2017-04-25 13:56:00,246.902,247.795,13.000,294.000,247.05,247.15,2500.000,5000.000,247.65,247.90,10.000,661.000,247.00,247.20,5000.000,2500.000,247.60,247.95,419.000,7995.000,25000.000,25000.000,246.891,247.319,247.525,248.040,-0.675,-0.858
2017-04-25 13:57:00,246.616,247.490,339.000,833.000,246.60,246.80,2500.000,5000.000,247.35,247.50,160.000,444.000,246.55,246.85,10000.000,5000.000,247.30,247.55,5355.000,10888.000,37500.000,22500.000,246.474,246.936,247.207,247.583,-0.725,-0.843
2017-04-25 13:58:00,246.583,247.428,100.000,117.000,246.70,246.75,5000.000,5000.000,247.30,247.50,60.000,1478.000,246.60,246.80,2500.000,5000.000,247.25,247.55,2681.000,10203.000,22500.000,17500.000,246.515,246.897,247.161,247.579,-0.675,-0.836
2017-04-25 13:59:00,246.658,247.574,60.000,109.000,246.75,246.95,5000.000,2500.000,247.45,247.65,439.000,1806.000,246.70,247.00,5000.000,5000.000,247.40,247.70,1297.000,14003.000,25000.000,17500.000,246.647,247.078,247.275,247.743,-0.700,-0.817
2017-04-25 14:00:00,246.914,247.722,48.000,1491.000,246.95,247.00,5000.000,7500.000,247.70,247.80,339.000,3000.000,246.90,247.10,2500.000,5000.000,247.60,247.85,4352.000,14340.000,22500.000,27500.000,246.777,247.174,247.561,247.886,-0.775,-0.826
2017-04-25 14:01:00,246.860,247.709,302.000,289.000,246.90,247.00,2500.000,5000.000,247.70,247.75,60.000,2913.000,246.85,247.10,2500.000,2500.000,247.60,247.80,4163.000,14846.000,20000.000,22500.000,246.764,247.180,247.537,247.844,-0.775,-0.829
2017-04-25 14:02:00,246.913,247.709,3.000,450.000,246.95,247.00,2500.000,5000.000,247.70,247.75,302.000,200.000,246.90,247.05,2500.000,5000.000,247.60,247.80,4284.000,10872.000,20000.000,22500.000,246.771,247.142,247.537,247.844,-0.750,-0.842
2017-04-25 14:03:00,246.907,247.718,138.000,351.000,246.95,247.00,2500.000,2500.000,247.70,247.80,282.000,719.000,246.90,247.05,2500.000,5000.000,247.65,247.85,3148.000,8792.000,17500.000,25000.000,246.785,247.136,247.564,247.915,-0.775,-0.868
2017-04-25 14:04:00,246.851,247.673,100.000,253.000,246.95,247.00,5000.000,7500.000,247.60,247.80,782.000,719.000,246.90,247.05,7500.000,7500.000,247.55,247.85,2729.000,8748.000,22500.000,27500.000,246.797,247.138,247.517,247.886,-0.725,-0.893
2017-04-25 14:05:00,246.742,247.597,63.000,607.000,246.85,246.90,5000.000,2500.000,247.55,247.70,245.000,324.000,246.70,246.95,5000.000,5000.000,247.50,247.75,3722.000,8886.000,17500.000,20000.000,246.578,247.054,247.471,247.812,-0.750,-0.921
2017-04-25 14:06:00,246.687,247.548,9.000,755.000,246.85,246.90,5000.000,5000.000,247.40,247.60,1085.000,3638.000,246.70,246.95,2500.000,5000.000,247.35,247.65,2104.000,15449.000,30000.000,22500.000,246.635,247.013,247.267,247.700,-0.625,-0.957
2017-04-25 14:07:00,246.746,247.607,60.000,189.000,246.85,246.90,10000.000,5000.000,247.45,247.65,222.000,2405.000,246.75,246.95,2500.000,2500.000,247.40,247.70,3039.000,11683.000,35000.000,20000.000,246.632,247.039,247.318,247.756,-0.675,-0.983
2017-04-25 14:08:00,247.116,248.060,502.000,490.000,247.10,247.30,2500.000,5000.000,247.90,248.25,629.000,60.000,247.05,247.40,2500.000,2500.000,247.85,248.30,2309.000,4974.000,17500.000,20000.000,247.003,247.478,247.793,248.350,-0.875,-0.998
2017-04-25 14:09:00,247.119,248.062,3.000,195.000,247.10,247.15,2500.000,2500.000,247.85,248.05,121.000,851.000,247.00,247.20,2500.000,2500.000,247.80,248.10,3632.000,3861.000,30000.000,20000.000,246.859,247.292,247.692,248.213,-0.825,-1.015
2017-04-25 14:10:00,246.875,247.873,20.000,494.000,246.95,247.00,2500.000,5000.000,247.70,247.90,61.000,1046.000,246.85,247.10,12500.000,2500.000,247.65,247.95,3577.000,10127.000,32500.000,22500.000,246.729,247.197,247.592,248.106,-0.825,-1.017
2017-04-25 14:11:00,246.895,247.932,568.000,306.000,246.80,246.95,2500.000,7500.000,247.70,247.85,203.000,1162.000,246.75,247.00,12500.000,5000.000,247.65,248.20,6440.000,4307.000,25000.000,22500.000,246.704,247.082,247.615,248.122,-0.900,-1.003
2017-04-25 14:12:00,246.878,247.870,204.000,219.000,246.75,246.95,12500.000,7500.000,247.65,247.80,160.000,2025.000,246.70,247.00,7500.000,5000.000,247.60,248.15,6022.000,5263.000,32500.000,22500.000,246.608,247.067,247.581,248.094,-0.875,-0.975
2017-04-25 14:13:00,246.834,247.856,900.000,1306.000,246.80,247.00,2500.000,2500.000,247.65,247.80,215.000,448.000,246.75,247.05,7500.000,2500.000,247.60,248.05,4359.000,7489.000,25000.000,17500.000,246.683,247.131,247.540,248.100,-0.825,-0.954
2017-04-25 14:14:00,246.811,247.838,13.000,940.000,246.90,247.00,5000.000,5000.000,247.60,247.80,3.000,1749.000,246.85,247.05,5000.000,2500.000,247.55,248.10,2001.000,8778.000,22500.000,17500.000,246.721,247.128,247.500,248.071,-0.750,-0.940
2017-04-25 14:15:00,246.780,247.789,16.000,90.000,246.90,246.95,2500.000,2500.000,247.55,247.75,160.000,934.000,246.70,247.00,2500.000,5000.000,247.50,247.90,3760.000,7395.000,25000.000,20000.000,246.574,247.098,247.380,247.994,-0.725,-0.922
2017-04-25 14:16:00,246.695,247.659,1039.000,279.000,246.65,246.90,5000.000,2500.000,247.45,247.60,301.000,375.000,246.60,246.95,2500.000,5000.000,247.40,247.65,5524.000,10567.000,27500.000,15000.000,246.533,247.023,247.314,247.758,-0.750,-0.917
2017-04-25 14:17:00,246.765,247.618,396.000,303.000,246.75,246.95,5000.000,5000.000,247.45,247.60,210.000,4861.000,246.65,247.00,2500.000,2500.000,247.40,247.65,5210.000,11788.000,27500.000,20000.000,246.539,247.041,247.336,247.812,-0.675,-0.944
2017-04-25 14:18:00,246.748,247.662,584.000,332.000,246.70,246.90,5000.000,5000.000,247.45,247.65,616.000,392.000,246.65,246.95,2500.000,2500.000,247.40,247.70,6080.000,9635.000,25000.000,17500.000,246.549,247.044,247.325,247.836,-0.750,-0.958
2017-04-25 14:19:00,246.728,247.687,835.000,90.000,246.75,246.95,2500.000,5000.000,247.50,247.70,1103.000,1326.000,246.70,247.00,5000.000,7500.000,247.45,247.95,3674.000,8512.000,20000.000,27500.000,246.662,247.106,247.387,247.991,-0.750,-0.953
2017-04-25 14:20:00,246.733,247.653,144.000,318.000,246.75,246.90,2500.000,2500.000,247.45,247.60,503.000,545.000,246.70,246.95,2500.000,2500.000,247.40,247.65,2927.000,8326.000,27500.000,17500.000,246.626,247.019,247.314,247.843,-0.700,-0.951
2017-04-25 14:21:00,246.811,247.750,3.000,1474.000,246.90,247.00,2500.000,5000.000,247.50,247.70,462.000,399.000,246.80,247.05,5000.000,2500.000,247.45,247.95,2478.000,10390.000,22500.000,20000.000,246.717,247.123,247.378,247.981,-0.650,-0.941
2017-04-25 14:22:00,246.785,247.772,71.000,370.000,246.95,247.00,2500.000,2500.000,247.50,247.70,141.000,399.000,246.80,247.05,5000.000,5000.000,247.45,247.95,1670.000,9282.000,25000.000,20000.000,246.699,247.136,247.365,248.019,-0.625,-0.932
2017-04-25 14:23:00,246.753,247.738,20.000,335.000,246.85,247.00,2500.000,2500.000,247.50,247.70,141.000,399.000,246.80,247.05,7500.000,5000.000,247.45,247.75,1019.000,9267.000,25000.000,15000.000,246.724,247.138,247.395,247.900,-0.675,-0.943
2017-04-25 14:24:00,246.834,247.769,68.000,1106.000,246.95,247.00,7500.000,5000.000,247.55,247.75,110.000,304.000,246.85,247.10,5000.000,5000.000,247.50,247.80,1917.000,11141.000,27500.000,17500.000,246.748,247.179,247.455,247.914,-0.675,-0.948
2017-04-25 14:25:00,246.858,247.765,60.000,338.000,246.90,247.00,5000.000,5000.000,247.60,247.80,644.000,700.000,246.85,247.10,2500.000,2500.000,247.55,247.85,4010.000,11755.000,22500.000,20000.000,246.756,247.205,247.506,248.012,-0.750,-0.967
2017-04-25 14:26:00,246.876,247.769,71.000,749.000,246.95,247.00,5000.000,5000.000,247.60,247.80,402.000,700.000,246.90,247.10,2500.000,5000.000,247.55,247.85,2738.000,11863.000,25000.000,20000.000,246.796,247.196,247.490,247.969,-0.725,-0.992
2017-04-25 14:27:00,246.805,247.744,13.000,950.000,246.95,247.00,2500.000,2500.000,247.55,247.75,69.000,833.000,246.85,247.10,10000.000,5000.000,247.50,247.80,1257.000,13729.000,27500.000,17500.000,246.733,247.183,247.418,247.950,-0.675,-0.988
2017-04-25 14:28:00,246.854,247.893,60.000,269.000,246.90,247.00,5000.000,2500.000,247.65,247.85,268.000,171.000,246.85,247.15,5000.000,2500.000,247.60,248.00,3370.000,11188.000,25000.000,12500.000,246.761,247.259,247.540,248.050,-0.800,-0.995
2017-04-25 14:29:00,246.726,247.685,54.000,81.000,246.85,246.95,2500.000,5000.000,247.55,247.80,100.000,449.000,246.80,247.00,7500.000,2500.000,247.50,247.85,468.000,3603.000,22500.000,20000.000,246.770,247.113,247.461,247.894,-0.775,-0.996
2017-04-25 14:30:00,246.694,247.700,573.000,606.000,246.65,246.90,2500.000,2500.000,247.50,247.65,61.000,404.000,246.60,246.95,2500.000,5000.000,247.45,247.85,6008.000,11333.000,22500.000,22500.000,246.515,247.037,247.361,247.933,-0.800,-0.983
2017-04-25 14:31:00,246.675,247.691,440.000,102.000,246.80,246.90,2500.000,2500.000,247.45,247.65,50.000,589.000,246.75,246.95,5000.000,2500.000,247.40,247.80,1106.000,9661.000,27500.000,12500.000,246.716,247.045,247.345,247.830,-0.700,-0.970
2017-04-25 14:32:00,246.827,247.747,4.000,949.000,246.95,247.00,5000.000,5000.000,247.55,247.80,52.000,1477.000,246.85,247.15,5000.000,2500.000,247.50,247.85,1310.000,13456.000,22500.000,17500.000,246.738,247.212,247.444,247.929,-0.700,-0.941
2017-04-25 14:33:00,246.704,247.781,665.000,643.000,246.75,247.00,2500.000,5000.000,247.50,247.75,240.000,159.000,246.70,247.05,2500.000,2500.000,247.45,247.85,2535.000,9138.000,27500.000,17500.000,246.652,247.155,247.359,247.914,-0.750,-0.946
2017-04-25 14:34:00,246.769,247.729,59.000,913.000,246.95,247.00,7500.000,5000.000,247.55,247.75,514.000,166.000,246.75,247.05,5000.000,2500.000,247.50,247.85,2647.000,9214.000,25000.000,17500.000,246.665,247.152,247.465,247.914,-0.675,-0.929
2017-04-25 14:35:00,246.796,247.739,57.000,513.000,246.80,246.95,2500.000,5000.000,247.55,247.80,354.000,1058.000,246.75,247.00,5000.000,2500.000,247.50,247.85,2236.000,5388.000,27500.000,17500.000,246.674,247.071,247.432,247.957,-0.800,-0.923
2017-04-25 14:36:00,246.696,247.644,1152.000,159.000,246.65,246.85,2500.000,2500.000,247.45,247.65,364.000,590.000,246.60,246.95,5000.000,2500.000,247.40,247.70,6197.000,11028.000,27500.000,12500.000,246.513,247.040,247.323,247.750,-0.800,-0.910
2017-04-25 14:37:00,247.037,247.813,112.000,277.000,246.95,247.00,2500.000,10000.000,247.65,247.90,100.000,195.000,246.80,247.05,5000.000,5000.000,247.60,247.95,4370.000,2055.000,25000.000,22500.000,246.669,247.137,247.545,247.994,-0.800,-0.939
2017-04-25 14:38:00,246.708,247.811,31.000,511.000,246.95,247.00,5000.000,7500.000,247.60,247.85,200.000,364.000,246.85,247.10,7500.000,2500.000,247.55,247.95,543.000,11996.000,25000.000,20000.000,246.764,247.216,247.500,248.025,-0.750,-0.887
2017-04-25 14:39:00,247.710,248.584,90.000,1932.000,247.80,247.85,5000.000,2500.000,248.50,248.55,1190.000,3776.000,247.75,247.90,7500.000,2500.000,248.45,248.65,4723.000,20504.000,25000.000,15000.000,247.638,247.965,248.410,248.742,-0.700,-0.900
2017-04-25 14:40:00,247.686,248.597,3400.000,64.000,247.55,247.60,5000.000,5000.000,248.45,248.75,539.000,179.000,247.50,247.70,2500.000,2500.000,248.40,248.80,8035.000,663.000,20000.000,20000.000,247.470,247.780,248.344,248.863,-1.025,-0.915
2017-04-25 14:41:00,247.623,248.507,573.000,2.000,247.55,247.65,2500.000,2500.000,248.40,248.60,3502.000,61.000,247.50,247.70,5000.000,2500.000,248.35,248.65,8092.000,3745.000,20000.000,17500.000,247.446,247.819,248.294,248.721,-0.900,-0.908
2017-04-25 14:42:00,247.655,248.575,2.000,425.000,247.75,247.80,5000.000,2500.000,248.45,248.65,2.000,189.000,247.70,247.85,2500.000,5000.000,248.40,248.75,3561.000,9581.000,20000.000,20000.000,247.523,247.968,248.338,248.794,-0.775,-0.893
2017-04-25 14:43:00,247.725,248.569,382.000,43.000,247.75,247.80,2500.000,2500.000,248.50,248.65,1397.000,134.000,247.70,247.85,2500.000,2500.000,248.45,248.70,6142.000,7608.000,15000.000,17500.000,247.630,247.982,248.392,248.786,-0.800,-0.887
2017-04-25 14:44:00,247.511,248.455,213.000,8.000,247.55,247.65,5000.000,2500.000,248.25,248.45,301.000,171.000,247.45,247.70,2500.000,7500.000,248.20,248.60,5456.000,8121.000,27500.000,25000.000,247.379,247.814,248.123,248.740,-0.750,-0.858
2017-04-25 14:45:00,247.345,248.329,1.000,1006.000,247.45,247.50,2500.000,2500.000,248.10,248.30,427.000,567.000,247.40,247.55,5000.000,2500.000,248.05,248.40,713.000,7331.000,22500.000,12500.000,247.357,247.629,247.983,248.470,-0.725,-0.823
2017-04-25 14:46:00,247.274,248.126,154.000,318.000,247.25,247.35,5000.000,5000.000,247.90,248.10,197.000,1605.000,247.15,247.40,2500.000,2500.000,247.85,248.15,10932.000,13654.000,32500.000,15000.000,247.009,247.492,247.762,248.200,-0.700,-0.814
2017-04-25 14:47:00,247.188,248.030,12.000,31.000,247.25,247.30,5000.000,7500.000,247.90,248.00,619.000,512.000,247.20,247.35,2500.000,2500.000,247.85,248.05,4038.000,13441.000,35000.000,20000.000,247.084,247.446,247.771,248.081,-0.675,-0.812
2017-04-25 14:48:00,247.245,248.061,25.000,227.000,247.25,247.30,2500.000,2500.000,247.95,248.10,232.000,1245.000,247.20,247.40,2500.000,2500.000,247.90,248.15,6511.000,11895.000,20000.000,15000.000,247.082,247.503,247.838,248.208,-0.750,-0.843
2017-04-25 14:49:00,247.226,248.026,518.000,60.000,247.25,247.35,7500.000,5000.000,247.85,248.05,101.000,582.000,247.20,247.40,5000.000,2500.000,247.80,248.10,5166.000,12408.000,27500.000,15000.000,247.093,247.491,247.759,248.167,-0.650,-0.822
2017-04-25 14:50:00,247.336,248.144,494.000,31.000,247.25,247.35,2500.000,7500.000,247.95,248.25,100.000,364.000,247.20,247.40,2500.000,2500.000,247.90,248.30,5945.000,3434.000,20000.000,20000.000,247.115,247.522,247.825,248.350,-0.800,-0.830
2017-04-25 14:51:00,247.399,248.203,13.000,798.000,247.45,247.50,7500.000,7500.000,248.05,248.30,2482.000,958.000,247.30,247.55,7500.000,2500.000,248.00,248.35,6436.000,8619.000,25000.000,17500.000,247.225,247.630,247.970,248.371,-0.700,-0.845
2017-04-25 14:52:00,247.377,248.208,154.000,52.000,247.25,247.35,5000.000,7500.000,248.00,248.30,225.000,260.000,247.20,247.40,2500.000,5000.000,247.95,248.40,7570.000,3270.000,22500.000,22500.000,247.100,247.506,247.894,248.478,-0.850,-0.845
2017-04-25 14:53:00,247.256,248.226,13.000,1153.000,247.30,247.40,2500.000,5000.000,248.05,248.20,896.000,2217.000,247.20,247.45,7500.000,2500.000,248.00,248.35,6071.000,12912.000,25000.000,22500.000,247.118,247.528,247.935,248.450,-0.775,-0.824
2017-04-25 14:54:00,247.241,247.940,597.000,564.000,247.10,247.20,2500.000,5000.000,247.85,248.10,10797.000,60.000,247.05,247.25,2500.000,5000.000,247.80,248.15,20152.000,3296.000,15000.000,22500.000,247.013,247.338,247.742,248.200,-0.825,-0.858
2017-04-25 14:55:00,246.980,247.825,500.000,364.000,247.00,247.10,2500.000,2500.000,247.70,247.90,5.000,640.000,246.95,247.15,2500.000,7500.000,247.65,248.00,4641.000,10010.000,22500.000,22500.000,246.845,247.247,247.600,248.050,-0.750,-0.863
2017-04-25 14:56:00,246.906,247.785,134.000,1060.000,246.90,247.00,2500.000,7500.000,247.65,247.80,75.000,404.000,246.85,247.05,2500.000,5000.000,247.60,247.85,3892.000,6654.000,25000.000,25000.000,246.749,247.137,247.500,247.945,-0.775,-0.849
2017-04-25 14:57:00,246.846,247.679,780.000,202.000,246.80,246.95,2500.000,7500.000,247.55,247.75,288.000,2109.000,246.75,247.00,5000.000,5000.000,247.50,247.80,5657.000,7831.000,25000.000,22500.000,246.661,247.079,247.440,247.822,-0.775,-0.851
2017-04-25 14:58:00,246.839,247.703,570.000,155.000,246.85,246.95,2500.000,5000.000,247.55,247.70,619.000,952.000,246.80,247.00,5000.000,2500.000,247.50,247.75,5079.000,9641.000,25000.000,20000.000,246.703,247.096,247.435,247.831,-0.725,-0.849
2017-04-25 14:59:00,246.791,247.662,272.000,395.000,246.75,246.90,2500.000,5000.000,247.50,247.65,100.000,1462.000,246.70,246.95,2500.000,5000.000,247.45,247.75,7475.000,10378.000,22500.000,20000.000,246.609,247.039,247.389,247.812,-0.750,-0.828
2017-04-25 15:00:00,246.639,247.511,14.000,901.000,246.70,246.85,2500.000,10000.000,247.35,247.55,27.000,364.000,246.65,246.90,5000.000,5000.000,247.30,247.60,3223.000,15604.000,25000.000,22500.000,246.576,246.980,247.225,247.628,-0.675,-0.820
2017-04-25 15:01:00,246.741,247.550,175.000,50.000,246.85,246.90,2500.000,5000.000,247.50,247.65,581.000,1198.000,246.80,246.95,2500.000,5000.000,247.45,247.70,1274.000,11025.000,12500.000,20000.000,246.762,247.038,247.400,247.738,-0.700,-0.817
2017-04-25 15:02:00,246.711,247.553,398.000,80.000,246.75,246.80,2500.000,2500.000,247.50,247.65,1302.000,1012.000,246.70,246.85,5000.000,5000.000,247.40,247.70,4344.000,8056.000,20000.000,20000.000,246.651,247.000,247.350,247.756,-0.800,-0.808
2017-04-25 15:03:00,246.813,247.666,1260.000,1309.000,246.85,247.00,7500.000,5000.000,247.50,247.75,741.000,10.000,246.80,247.05,7500.000,5000.000,247.45,247.80,3896.000,9269.000,25000.000,22500.000,246.768,247.149,247.430,247.944,-0.700,-0.809
2017-04-25 15:04:00,246.870,247.635,267.000,1382.000,246.85,247.00,5000.000,2500.000,247.50,247.75,251.000,153.000,246.80,247.05,2500.000,7500.000,247.45,247.80,4676.000,7858.000,20000.000,22500.000,246.707,247.142,247.387,247.956,-0.700,-0.813
2017-04-25 15:05:00,246.562,247.395,1222.000,181.000,246.60,246.75,7500.000,5000.000,247.20,247.40,128.000,2979.000,246.55,246.85,2500.000,7500.000,247.15,247.45,5448.000,15961.000,32500.000,20000.000,246.498,246.950,247.085,247.500,-0.625,-0.819
2017-04-25 15:06:00,246.619,247.413,11.000,539.000,246.55,246.60,2500.000,2500.000,247.25,247.40,304.000,461.000,246.50,246.65,2500.000,5000.000,247.20,247.50,4644.000,3880.000,20000.000,17500.000,246.371,246.722,247.125,247.579,-0.750,-0.837
2017-04-25 15:07:00,246.615,247.409,38.000,233.000,246.60,246.70,5000.000,5000.000,247.25,247.45,619.000,1405.000,246.55,246.75,5000.000,5000.000,247.20,247.50,4664.000,7120.000,22500.000,20000.000,246.450,246.840,247.161,247.606,-0.700,-0.846
2017-04-25 15:08:00,246.558,247.418,966.000,648.000,246.60,246.80,2500.000,5000.000,247.30,247.40,1030.000,4773.000,246.55,246.85,2500.000,2500.000,247.25,247.45,7109.000,23004.000,20000.000,15000.000,246.476,246.955,247.181,247.517,-0.650,-0.839
2017-04-25 15:09:00,246.666,247.450,38.000,349.000,246.70,246.75,2500.000,5000.000,247.35,247.50,246.000,921.000,246.65,246.80,5000.000,5000.000,247.30,247.55,3293.000,6705.000,17500.000,17500.000,246.523,246.912,247.250,247.600,-0.700,-0.842
2017-04-25 15:10:00,246.579,247.442,158.000,21.000,246.40,246.45,2500.000,7500.000,247.20,247.40,220.000,11.000,246.35,246.55,2500.000,2500.000,247.15,247.45,8719.000,1167.000,30000.000,17500.000,246.274,246.666,247.058,247.507,-0.875,-0.829
2017-04-25 15:11:00,246.337,247.223,49.000,11.000,246.35,246.40,15000.000,10000.000,247.00,247.25,1374.000,1810.000,246.30,246.65,5000.000,2500.000,246.95,247.30,4075.000,13026.000,35000.000,20000.000,246.220,246.735,246.900,247.344,-0.750,-0.811
2017-04-25 15:12:00,245.724,246.559,25.000,55.000,245.80,245.85,2500.000,2500.000,246.45,246.55,186.000,529.000,245.70,245.90,2500.000,5000.000,246.40,246.60,3960.000,9877.000,25000.000,15000.000,245.585,245.993,246.325,246.650,-0.675,-0.793
2017-04-25 15:13:00,245.699,246.527,460.000,333.000,245.60,245.85,2500.000,12500.000,246.40,246.55,450.000,152.000,245.55,245.90,7500.000,2500.000,246.35,246.65,8627.000,10007.000,30000.000,30000.000,245.476,245.987,246.279,246.683,-0.750,-0.731
2017-04-25 15:14:00,245.932,246.732,658.000,921.000,245.90,246.00,2500.000,2500.000,246.70,246.80,781.000,1793.000,245.85,246.10,2500.000,5000.000,246.65,246.85,7834.000,10815.000,15000.000,20000.000,245.774,246.188,246.600,246.925,-0.800,-0.688
2017-04-25 15:15:00,246.250,247.047,398.000,996.000,246.10,246.25,2500.000,12500.000,247.00,247.15,2804.000,291.000,246.05,246.30,2500.000,2500.000,246.90,247.25,9853.000,3969.000,15000.000,27500.000,245.987,246.380,246.850,247.273,-0.900,-0.662
2017-04-25 15:16:00,246.064,246.861,406.000,464.000,246.00,246.15,2500.000,2500.000,246.75,246.85,325.000,1282.000,245.90,246.20,7500.000,5000.000,246.70,246.95,6814.000,7220.000,20000.000,15000.000,245.796,246.268,246.650,247.000,-0.725,-0.644
2017-04-25 15:17:00,246.340,247.084,239.000,555.000,246.45,246.50,2500.000,7500.000,247.00,247.15,280.000,1657.000,246.40,246.55,5000.000,2500.000,246.95,247.20,1386.000,8758.000,20000.000,20000.000,246.344,246.634,246.900,247.231,-0.600,-0.660
2017-04-25 15:18:00,246.460,246.975,670.000,5079.000,246.50,246.55,2500.000,5000.000,246.80,247.00,551.000,311.000,246.45,246.60,5000.000,5000.000,246.75,247.05,2541.000,8828.000,30000.000,20000.000,246.397,246.618,246.692,247.106,-0.375,-0.747
2017-04-25 15:19:00,246.321,246.908,502.000,60.000,246.15,246.35,5000.000,7500.000,246.75,246.95,905.000,2422.000,246.10,246.40,5000.000,2500.000,246.70,247.00,9028.000,5099.000,27500.000,20000.000,246.026,246.452,246.650,247.044,-0.600,-0.805
2017-04-25 15:20:00,246.408,247.075,655.000,385.000,246.35,246.40,2500.000,2500.000,247.05,247.15,2753.000,13.000,246.30,246.50,5000.000,5000.000,247.00,247.20,6108.000,3467.000,15000.000,20000.000,246.277,246.579,246.958,247.250,-0.725,-0.823
2017-04-25 15:21:00,246.085,246.789,552.000,552.000,246.00,246.05,5000.000,5000.000,246.65,246.80,100.000,505.000,245.95,246.20,2500.000,15000.000,246.60,246.85,5969.000,5477.000,37500.000,30000.000,245.881,246.245,246.503,246.883,-0.700,-0.859
2017-04-25 15:22:00,246.035,246.864,25.000,84.000,246.10,246.15,2500.000,2500.000,246.70,246.85,601.000,227.000,245.95,246.20,7500.000,5000.000,246.65,246.90,2930.000,4205.000,35000.000,17500.000,245.859,246.296,246.571,246.957,-0.650,-0.868
2017-04-25 15:23:00,245.745,246.695,887.000,1497.000,245.65,245.90,5000.000,2500.000,246.55,246.70,2799.000,364.000,245.60,245.95,15000.000,5000.000,246.50,246.75,7053.000,7086.000,37500.000,15000.000,245.565,246.043,246.460,246.792,-0.850,-0.881
2017-04-25 15:24:00,246.381,247.257,1397.000,8.000,246.35,246.45,2500.000,5000.000,247.10,247.30,95.000,400.000,246.30,246.60,2500.000,2500.000,247.05,247.40,4481.000,6655.000,35000.000,35000.000,246.208,246.748,246.964,247.468,-0.800,-0.895
2017-04-25 15:25:00,246.857,247.614,18.000,138.000,246.90,246.95,2500.000,2500.000,247.55,247.60,841.000,9932.000,246.85,247.00,5000.000,7500.000,247.50,247.65,2367.000,13571.000,27500.000,25000.000,246.808,247.018,247.427,247.725,-0.650,-0.911
2017-04-25 15:26:00,246.529,247.410,161.000,1124.000,246.70,246.80,7500.000,5000.000,247.40,247.60,20.000,1145.000,246.60,246.85,2500.000,10000.000,247.30,247.65,2417.000,13781.000,22500.000,37500.000,246.427,246.962,247.278,247.713,-0.750,-0.911
2017-04-25 15:27:00,246.571,247.447,25.000,100.000,246.60,246.75,10000.000,2500.000,247.40,247.50,86.000,38.000,246.50,246.80,5000.000,2500.000,247.35,247.60,2600.000,4411.000,25000.000,22500.000,246.404,246.922,247.330,247.667,-0.775,-0.911
2017-04-25 15:28:00,246.505,247.521,40.000,100.000,246.55,246.75,2500.000,5000.000,247.55,247.60,233.000,74.000,246.50,246.80,2500.000,7500.000,247.35,247.65,3723.000,12502.000,20000.000,22500.000,246.374,246.984,247.306,247.683,-0.925,-0.911
2017-04-25 15:29:00,246.592,247.537,30.000,400.000,246.70,246.80,2500.000,7500.000,247.45,247.65,278.000,131.000,246.65,246.85,2500.000,2500.000,247.35,247.70,2845.000,11790.000,17500.000,20000.000,246.513,247.010,247.300,247.725,-0.800,-0.911
2017-04-25 15:30:00,246.458,247.298,33.000,280.000,246.70,246.75,5000.000,2500.000,247.30,247.70,317.000,100.000,246.60,246.85,2500.000,7500.000,247.00,247.75,1887.000,11528.000,20000.000,30000.000,246.460,246.978,247.025,247.892,-0.775,-0.911
2017-04-26 09:16:00,247.540,247.950,49.000,47.000,247.35,247.50,2500.000,2500.000,247.75,248.00,654.000,50.000,247.30,247.60,5000.000,2500.000,247.70,248.15,6521.000,2419.000,15000.000,12500.000,247.140,247.677,247.642,248.230,-0.450,-0.566
2017-04-26 09:17:00,247.312,247.865,3315.000,8.000,247.20,247.40,2500.000,2500.000,247.75,247.95,450.000,400.000,247.15,247.45,2500.000,5000.000,247.70,248.00,7047.000,4474.000,15000.000,17500.000,247.114,247.561,247.633,248.143,-0.550,-0.572
2017-04-26 09:18:00,247.011,247.562,255.000,356.000,247.00,247.10,2500.000,5000.000,247.35,247.70,50.000,253.000,246.90,247.15,5000.000,2500.000,247.30,247.75,2283.000,2606.000,15000.000,15000.000,246.734,247.215,247.250,247.858,-0.475,-0.583
2017-04-26 09:19:00,247.217,247.764,2187.000,107.000,247.00,247.20,7500.000,2500.000,247.60,247.95,304.000,709.000,246.95,247.25,2500.000,2500.000,247.45,248.00,5510.000,1470.000,20000.000,15000.000,246.866,247.299,247.400,248.117,-0.675,-0.586
2017-04-26 09:20:00,247.199,247.813,361.000,563.000,247.20,247.25,5000.000,7500.000,247.70,248.00,304.000,354.000,247.05,247.35,2500.000,2500.000,247.50,248.15,5490.000,4357.000,17500.000,20000.000,246.967,247.446,247.493,248.150,-0.625,-0.613
2017-04-26 09:21:00,246.858,247.420,100.000,929.000,246.90,247.00,2500.000,2500.000,247.35,247.40,1134.000,1901.000,246.80,247.05,2500.000,2500.000,247.15,247.60,3276.000,6459.000,20000.000,17500.000,246.702,247.103,247.081,247.693,-0.425,-0.633
2017-04-26 09:22:00,247.007,247.589,464.000,186.000,246.85,246.95,5000.000,5000.000,247.40,247.70,409.000,10.000,246.80,247.00,2500.000,5000.000,247.25,247.95,3041.000,1049.000,17500.000,17500.000,246.727,247.130,247.171,247.943,-0.650,-0.654
2017-04-26 09:23:00,246.818,247.426,250.000,60.000,246.80,246.85,5000.000,5000.000,247.10,247.50,504.000,128.000,246.75,246.90,2500.000,2500.000,247.05,247.55,1614.000,1479.000,27500.000,20000.000,246.700,246.977,246.945,247.756,-0.475,-0.656
2017-04-26 09:24:00,246.855,247.416,100.000,50.000,246.75,246.90,2500.000,7500.000,247.25,247.50,168.000,130.000,246.70,246.95,2500.000,2500.000,247.15,247.70,2538.000,2189.000,17500.000,22500.000,246.606,247.014,247.079,247.706,-0.550,-0.700
2017-04-26 09:25:00,246.624,247.372,194.000,46.000,246.80,246.85,2500.000,5000.000,247.15,247.40,125.000,150.000,246.75,246.90,2500.000,2500.000,247.10,247.55,1225.000,4786.000,22500.000,17500.000,246.594,247.022,247.011,247.557,-0.450,-0.705
2017-04-26 09:26:00,247.094,247.759,14.000,10.000,247.15,247.20,5000.000,5000.000,247.60,247.80,25.000,662.000,247.10,247.25,2500.000,2500.000,247.45,247.85,1246.000,2477.000,25000.000,15000.000,246.944,247.352,247.370,247.908,-0.525,-0.702
2017-04-26 09:27:00,247.302,247.987,45.000,100.000,247.35,247.40,2500.000,2500.000,247.95,248.10,339.000,301.000,247.30,247.45,2500.000,5000.000,247.90,248.20,1921.000,4572.000,15000.000,22500.000,247.236,247.537,247.767,248.267,-0.650,-0.711
2017-04-26 09:28:00,247.098,247.718,2.000,102.000,247.00,247.10,2500.000,5000.000,247.60,247.80,554.000,497.000,246.90,247.20,2500.000,2500.000,247.45,247.85,6104.000,4672.000,22500.000,25000.000,246.788,247.281,247.367,247.995,-0.650,-0.740
2017-04-26 09:29:00,246.737,247.521,750.000,24.000,246.85,246.90,2500.000,5000.000,247.30,247.65,500.000,367.000,246.80,247.10,5000.000,2500.000,247.25,247.80,2059.000,6581.000,15000.000,15000.000,246.763,247.224,247.208,247.800,-0.600,-0.716
2017-04-26 09:30:00,246.801,247.572,1.000,5.000,246.90,246.95,2500.000,5000.000,247.45,247.75,50.000,7.000,246.85,247.00,2500.000,2500.000,247.40,247.90,750.000,3614.000,15000.000,25000.000,246.738,247.233,247.333,247.935,-0.675,-0.681
2017-04-26 09:31:00,247.181,247.832,318.000,710.000,247.25,247.35,2500.000,2500.000,247.80,247.95,40.000,644.000,247.10,247.40,5000.000,2500.000,247.55,248.00,3468.000,7029.000,20000.000,15000.000,247.016,247.483,247.488,248.117,-0.575,-0.693
2017-04-26 09:32:00,247.373,248.103,651.000,1.000,247.30,247.35,2500.000,2500.000,248.05,248.15,614.000,115.000,247.25,247.40,7500.000,2500.000,248.00,248.20,6673.000,3108.000,22500.000,20000.000,247.166,247.515,247.944,248.269,-0.775,-0.668
2017-04-26 09:33:00,247.262,248.027,181.000,802.000,247.25,247.35,5000.000,2500.000,247.90,248.15,1150.000,302.000,247.20,247.40,5000.000,2500.000,247.85,248.20,3126.000,4310.000,17500.000,15000.000,247.140,247.481,247.814,248.267,-0.725,-0.656
2017-04-26 09:34:00,247.429,248.094,738.000,1634.000,247.40,247.50,7500.000,2500.000,248.00,248.15,393.000,1279.000,247.35,247.55,2500.000,7500.000,247.90,248.20,4637.000,6869.000,25000.000,17500.000,247.298,247.587,247.865,248.236,-0.625,-0.670
2017-04-26 09:35:00,248.023,248.616,304.000,1130.000,247.85,248.00,2500.000,2500.000,248.55,248.70,689.000,78.000,247.80,248.05,5000.000,5000.000,248.50,248.85,8209.000,3893.000,20000.000,27500.000,247.695,248.106,248.425,248.914,-0.700,-0.719
2017-04-26 09:36:00,248.203,248.915,180.000,132.000,248.10,248.20,2500.000,7500.000,248.80,249.00,2516.000,520.000,248.05,248.25,7500.000,2500.000,248.75,249.05,5918.000,2647.000,20000.000,22500.000,247.993,248.330,248.675,249.200,-0.750,-0.740
2017-04-26 09:37:00,248.602,249.208,1126.000,389.000,248.50,248.65,7500.000,2500.000,249.15,249.40,304.000,589.000,248.40,248.70,5000.000,2500.000,249.10,249.45,6433.000,4308.000,27500.000,50000.000,248.311,248.795,249.041,249.595,-0.700,-0.774
2017-04-26 09:38:00,248.656,249.360,250.000,828.000,248.60,248.65,2500.000,2500.000,249.25,249.45,2908.000,694.000,248.55,248.70,7500.000,25000.000,249.20,249.50,8910.000,4869.000,30000.000,42500.000,248.473,248.764,249.108,249.594,-0.725,-0.708
2017-04-26 09:39:00,248.164,248.900,329.000,94.000,248.20,248.25,2500.000,2500.000,248.70,248.95,60.000,50.000,248.15,248.30,5000.000,2500.000,248.65,249.00,2040.000,3988.000,20000.000,12500.000,248.053,248.406,248.588,249.070,-0.600,-0.646
2017-04-26 09:40:00,247.811,248.647,133.000,34.000,247.80,247.85,5000.000,2500.000,248.45,248.70,483.000,416.000,247.75,247.90,5000.000,5000.000,248.40,248.80,1966.000,2793.000,25000.000,20000.000,247.665,247.985,248.345,248.881,-0.750,-0.569
2017-04-26 09:41:00,247.675,248.491,164.000,577.000,247.65,247.85,5000.000,5000.000,248.25,248.60,460.000,828.000,247.60,247.90,2500.000,2500.000,248.20,248.65,2619.000,5176.000,22500.000,20000.000,247.505,247.987,248.133,248.756,-0.675,-0.473
2017-04-26 09:42:00,247.586,248.363,60.000,1111.000,247.65,247.85,5000.000,2500.000,248.20,248.45,250.000,3073.000,247.60,247.90,2500.000,2500.000,248.15,248.50,1254.000,11070.000,17500.000,12500.000,247.515,247.959,248.100,248.550,-0.575,-0.416
2017-04-26 09:43:00,248.172,248.547,609.000,115.000,248.05,248.20,2500.000,2500.000,248.45,248.65,1982.000,627.000,248.00,248.25,5000.000,2500.000,248.35,248.70,4911.000,2600.000,20000.000,22500.000,247.948,248.323,248.287,248.872,-0.425,-0.440
2017-04-26 09:44:00,248.416,248.843,1053.000,100.000,248.20,248.40,2500.000,2500.000,248.70,248.90,456.000,50.000,248.15,248.45,2500.000,2500.000,248.65,248.95,6785.000,2224.000,20000.000,15000.000,248.065,248.548,248.537,249.017,-0.500,-0.488
2017-04-26 09:45:00,248.469,248.921,1.000,747.000,248.40,248.50,2500.000,7500.000,248.80,248.95,6.000,290.000,248.35,248.55,2500.000,5000.000,248.65,249.00,4130.000,3984.000,22500.000,20000.000,248.246,248.622,248.578,249.044,-0.425,-0.448
2017-04-26 09:46:00,248.303,248.637,25.000,25.000,248.20,248.25,2500.000,2500.000,248.55,248.75,570.000,570.000,248.15,248.30,2500.000,7500.000,248.50,248.80,2842.000,1489.000,12500.000,17500.000,248.033,248.362,248.450,248.857,-0.425,-0.459
2017-04-26 09:47:00,248.062,248.555,725.000,171.000,248.00,248.10,2500.000,7500.000,248.30,248.55,110.000,968.000,247.95,248.15,5000.000,5000.000,248.20,248.70,2320.000,2071.000,27500.000,22500.000,247.897,248.196,248.127,248.767,-0.375,-0.442
2017-04-26 09:48:00,247.828,248.322,1881.000,553.000,247.65,247.80,5000.000,2500.000,248.20,248.40,1294.000,1166.000,247.60,247.85,2500.000,5000.000,248.15,248.45,11575.000,4413.000,25000.000,20000.000,247.519,247.890,248.095,248.506,-0.575,-0.366
2017-04-26 09:49:00,248.308,248.973,99.000,350.000,248.35,248.40,7500.000,2500.000,248.70,248.95,170.000,60.000,248.25,248.45,5000.000,2500.000,248.65,249.15,1806.000,3289.000,25000.000,12500.000,248.156,248.528,248.620,249.200,-0.450,-0.286
2017-04-26 09:50:00,247.850,248.106,50.000,249.000,247.95,248.00,2500.000,5000.000,248.05,248.30,100.000,323.000,247.90,248.05,7500.000,2500.000,248.00,248.35,563.000,6478.000,17500.000,25000.000,247.840,248.122,247.957,248.420,-0.200,-0.296
2017-04-26 09:51:00,247.968,248.357,51.000,211.000,248.00,248.05,5000.000,2500.000,248.20,248.40,384.000,538.000,247.95,248.10,7500.000,2500.000,248.15,248.45,2302.000,4945.000,32500.000,17500.000,247.845,248.191,248.104,248.500,-0.275,-0.305
2017-04-26 09:52:00,247.946,248.353,200.000,510.000,248.00,248.05,2500.000,5000.000,248.30,248.45,334.000,432.000,247.95,248.10,7500.000,7500.000,248.20,248.50,2126.000,5077.000,20000.000,22500.000,247.872,248.201,248.156,248.533,-0.350,-0.325
2017-04-26 09:53:00,247.475,247.586,339.000,368.000,247.20,247.40,2500.000,2500.000,247.55,247.75,1267.000,287.000,247.15,247.45,5000.000,5000.000,247.50,247.85,13938.000,3031.000,15000.000,30000.000,247.040,247.516,247.425,247.892,-0.350,-0.410
2017-04-26 09:54:00,247.524,247.789,577.000,271.000,247.35,247.45,2500.000,15000.000,247.75,247.90,1368.000,724.000,247.30,247.50,2500.000,5000.000,247.70,247.95,8165.000,1518.000,15000.000,32500.000,247.244,247.518,247.633,247.965,-0.425,-0.459
2017-04-26 09:55:00,247.306,247.613,100.000,43.000,247.15,247.20,2500.000,2500.000,247.50,247.65,989.000,250.000,247.10,247.25,2500.000,7500.000,247.45,247.70,11494.000,1545.000,20000.000,17500.000,247.006,247.326,247.363,247.736,-0.400,-0.498
2017-04-26 09:56:00,247.267,247.702,1000.000,556.000,247.30,247.40,5000.000,5000.000,247.60,247.85,40.000,304.000,247.25,247.45,2500.000,22500.000,247.55,247.90,1733.000,3404.000,22500.000,35000.000,247.203,247.503,247.494,247.925,-0.375,-0.515
2017-04-26 09:57:00,247.267,247.770,182.000,351.000,247.25,247.40,7500.000,2500.000,247.65,247.80,110.000,339.000,247.15,247.45,5000.000,12500.000,247.60,247.85,4954.000,7539.000,30000.000,25000.000,247.023,247.540,247.546,247.900,-0.400,-0.500
2017-04-26 09:58:00,247.384,247.923,5.000,454.000,247.45,247.55,2500.000,10000.000,247.75,248.00,60.000,464.000,247.35,247.60,7500.000,5000.000,247.70,248.05,1398.000,3905.000,30000.000,25000.000,247.245,247.686,247.613,248.085,-0.375,-0.492
2017-04-26 09:59:00,247.446,247.957,172.000,50.000,247.40,247.60,5000.000,2500.000,247.90,248.00,454.000,464.000,247.35,247.65,2500.000,2500.000,247.85,248.05,4915.000,7090.000,20000.000,15000.000,247.261,247.757,247.812,248.117,-0.450,-0.514
2017-04-26 10:00:00,247.591,248.094,160.000,900.000,247.50,247.70,2500.000,5000.000,248.00,248.15,354.000,130.000,247.45,247.75,5000.000,5000.000,247.95,248.20,2109.000,2742.000,20000.000,20000.000,247.375,247.789,247.900,248.244,-0.475,-0.542
2017-04-26 10:01:00,247.463,247.981,10.000,250.000,247.45,247.50,2500.000,5000.000,247.85,248.05,250.000,1410.000,247.30,247.60,7500.000,7500.000,247.80,248.10,4403.000,4484.000,20000.000,20000.000,247.201,247.672,247.750,248.144,-0.475,-0.561
2017-04-26 10:02:00,247.740,248.169,178.000,427.000,247.55,247.60,2500.000,5000.000,248.10,248.25,538.000,621.000,247.50,247.65,2500.000,5000.000,248.05,248.35,4901.000,1792.000,20000.000,25000.000,247.391,247.717,247.969,248.400,-0.600,-0.591
2017-04-26 10:03:00,247.664,248.162,50.000,217.000,247.45,247.55,2500.000,5000.000,248.05,248.20,689.000,527.000,247.40,247.60,5000.000,5000.000,248.00,248.35,7736.000,2064.000,20000.000,22500.000,247.292,247.676,247.931,248.383,-0.625,-0.629
2017-04-26 10:04:00,247.594,248.218,2746.000,421.000,247.50,247.55,2500.000,2500.000,248.10,248.25,162.000,550.000,247.45,247.60,5000.000,2500.000,248.05,248.40,7103.000,3438.000,25000.000,25000.000,247.411,247.745,247.980,248.510,-0.650,-0.637
2017-04-26 10:05:00,247.489,248.132,2550.000,776.000,247.35,247.55,2500.000,5000.000,248.05,248.20,3099.000,1889.000,247.30,247.60,2500.000,7500.000,248.00,248.25,10831.000,6038.000,20000.000,27500.000,247.271,247.662,247.925,248.350,-0.675,-0.629
2017-04-26 10:06:00,247.467,248.076,260.000,554.000,247.30,247.50,2500.000,5000.000,247.95,248.15,60.000,304.000,247.25,247.55,5000.000,10000.000,247.90,248.20,5211.000,3269.000,22500.000,25000.000,247.161,247.606,247.844,248.245,-0.650,-0.637
2017-04-26 10:07:00,247.131,247.713,400.000,47.000,247.05,247.10,2500.000,10000.000,247.60,247.85,1852.000,242.000,247.00,247.15,2500.000,2500.000,247.55,247.90,5835.000,1978.000,15000.000,22500.000,246.909,247.230,247.492,247.944,-0.650,-0.709
2017-04-26 10:08:00,247.294,247.981,587.000,499.000,247.15,247.20,7500.000,10000.000,247.85,248.05,2904.000,530.000,247.10,247.25,2500.000,2500.000,247.75,248.15,10439.000,1335.000,20000.000,20000.000,247.031,247.249,247.738,248.162,-0.775,-0.724
2017-04-26 10:09:00,247.510,248.174,905.000,37.000,247.30,247.40,5000.000,2500.000,247.95,248.15,488.000,250.000,247.25,247.55,7500.000,2500.000,247.90,248.20,7194.000,1869.000,30000.000,12500.000,247.192,247.620,247.850,248.310,-0.700,-0.764
2017-04-26 10:10:00,247.134,247.738,568.000,500.000,247.05,247.10,2500.000,5000.000,247.65,247.80,1493.000,810.000,247.00,247.15,2500.000,5000.000,247.60,247.85,6581.000,3196.000,20000.000,32500.000,246.925,247.203,247.525,247.965,-0.650,-0.816
2017-04-26 10:11:00,246.949,247.597,1386.000,175.000,246.80,246.90,5000.000,2500.000,247.50,247.75,587.000,634.000,246.75,246.95,5000.000,2500.000,247.45,247.80,9164.000,2381.000,22500.000,25000.000,246.679,247.028,247.394,247.885,-0.775,-0.821
2017-04-26 10:12:00,247.224,248.165,663.000,275.000,247.30,247.35,7500.000,2500.000,247.95,248.15,354.000,1409.000,247.25,247.40,7500.000,2500.000,247.90,248.25,2717.000,9902.000,37500.000,12500.000,247.224,247.481,247.857,248.300,-0.725,-0.794
2017-04-26 10:13:00,247.214,247.977,1215.000,1500.000,247.10,247.25,2500.000,2500.000,247.95,248.00,1981.000,489.000,247.05,247.35,2500.000,2500.000,247.85,248.05,10985.000,7736.000,15000.000,12500.000,247.000,247.432,247.792,248.100,-0.800,-0.804
2017-04-26 10:14:00,247.331,248.198,349.000,847.000,247.20,247.25,2500.000,2500.000,248.10,248.25,5149.000,3.000,247.15,247.30,2500.000,5000.000,248.05,248.30,18732.000,2842.000,22500.000,30000.000,247.079,247.379,247.994,248.471,-0.950,-0.795
2017-04-26 10:15:00,247.230,248.091,813.000,1.000,247.10,247.20,2500.000,2500.000,248.10,248.20,7823.000,694.000,247.05,247.25,2500.000,5000.000,248.05,248.25,17919.000,4512.000,15000.000,25000.000,247.000,247.350,247.967,248.350,-1.000,-0.799
2017-04-26 10:16:00,247.509,248.184,109.000,859.000,247.25,247.50,2500.000,2500.000,248.10,248.30,3543.000,325.000,247.20,247.55,2500.000,5000.000,248.05,248.35,12354.000,4631.000,20000.000,27500.000,247.100,247.616,247.963,248.400,-0.825,-0.804
2017-04-26 10:17:00,247.454,248.260,2692.000,656.000,247.30,247.35,2500.000,2500.000,248.20,248.30,99.000,634.000,247.25,247.40,7500.000,2500.000,248.10,248.35,20251.000,2772.000,22500.000,15000.000,247.162,247.446,248.028,248.400,-0.925,-0.785
2017-04-26 10:18:00,247.212,248.024,1239.000,3.000,247.05,247.10,7500.000,2500.000,247.95,248.15,26.000,898.000,247.00,247.20,2500.000,10000.000,247.90,248.20,14836.000,2568.000,22500.000,30000.000,246.933,247.285,247.861,248.304,-0.975,-0.738
2017-04-26 10:19:00,247.388,248.209,122.000,24.000,247.20,247.25,2500.000,5000.000,248.10,248.25,2560.000,110.000,247.15,247.40,2500.000,5000.000,248.05,248.30,20341.000,6914.000,20000.000,20000.000,247.048,247.495,247.981,248.363,-0.950,-0.692
2017-04-26 10:20:00,247.608,248.486,851.000,2024.000,247.60,247.75,7500.000,2500.000,248.35,248.50,750.000,3804.000,247.55,247.80,2500.000,2500.000,248.30,248.70,3929.000,9890.000,20000.000,15000.000,247.509,247.835,248.238,248.733,-0.750,-0.632
2017-04-26 10:21:00,247.884,248.588,2550.000,485.000,247.80,247.95,5000.000,2500.000,248.60,248.80,602.000,3689.000,247.75,248.00,2500.000,2500.000,248.55,248.85,9148.000,8721.000,25000.000,35000.000,247.680,248.060,248.455,248.946,-0.825,-0.610
2017-04-26 10:22:00,247.943,248.656,697.000,837.000,248.00,248.05,2500.000,5000.000,248.65,248.75,2000.000,920.000,247.95,248.10,2500.000,5000.000,248.60,248.80,4631.000,10074.000,17500.000,27500.000,247.909,248.198,248.529,248.864,-0.675,-0.565
2017-04-26 10:23:00,248.058,248.634,480.000,1427.000,248.10,248.15,5000.000,5000.000,248.65,248.80,177.000,773.000,248.00,248.20,2500.000,5000.000,248.60,248.85,3749.000,6783.000,15000.000,32500.000,247.954,248.261,248.558,248.915,-0.600,-0.557
2017-04-26 10:24:00,248.087,248.678,20.000,126.000,248.10,248.15,5000.000,5000.000,248.60,248.75,21.000,706.000,248.05,248.20,2500.000,15000.000,248.55,248.80,5187.000,8333.000,30000.000,32500.000,247.953,248.293,248.450,248.835,-0.550,-0.517
2017-04-26 10:25:00,247.837,248.415,451.000,531.000,247.70,247.90,2500.000,2500.000,248.35,248.45,406.000,297.000,247.65,247.95,2500.000,2500.000,248.30,248.50,11266.000,8708.000,17500.000,15000.000,247.565,248.019,248.200,248.550,-0.600,-0.442
2017-04-26 10:26:00,247.936,248.529,1.000,544.000,247.90,247.95,5000.000,2500.000,248.45,248.55,632.000,1947.000,247.85,248.00,5000.000,2500.000,248.40,248.60,7958.000,8604.000,30000.000,17500.000,247.740,248.075,248.329,248.657,-0.575,-0.391
2017-04-26 10:27:00,248.207,248.694,887.000,29.000,248.15,248.20,5000.000,2500.000,248.70,248.85,110.000,86.000,248.10,248.25,2500.000,12500.000,248.65,248.90,9493.000,11181.000,20000.000,40000.000,247.991,248.448,248.569,248.959,-0.600,-0.349
2017-04-26 10:28:00,248.475,249.011,703.000,1156.000,248.45,248.50,2500.000,7500.000,248.90,249.00,628.000,3438.000,248.40,248.55,2500.000,2500.000,248.85,249.10,6929.000,10779.000,25000.000,20000.000,248.287,248.595,248.780,249.113,-0.475,-0.293
2017-04-26 10:29:00,248.690,249.080,1.000,1195.000,248.70,248.75,7500.000,2500.000,249.10,249.20,25.000,560.000,248.60,248.80,2500.000,2500.000,249.05,249.25,7591.000,10578.000,22500.000,35000.000,248.493,248.872,249.011,249.354,-0.425,-0.282
2017-04-26 10:30:00,249.124,249.326,30.000,97.000,249.00,249.10,2500.000,2500.000,249.40,249.55,566.000,1694.000,248.95,249.15,7500.000,2500.000,249.35,249.60,7777.000,3488.000,17500.000,45000.000,248.874,249.204,249.300,249.744,-0.425,-0.326
2017-04-26 10:31:00,249.153,249.490,264.000,911.000,249.20,249.30,2500.000,2500.000,249.50,249.60,4471.000,3265.000,249.15,249.35,5000.000,2500.000,249.45,249.65,8030.000,18457.000,35000.000,50000.000,249.075,249.432,249.382,249.770,-0.300,-0.326
2017-04-26 10:32:00,249.220,249.498,295.000,237.000,249.20,249.25,10000.000,5000.000,249.50,249.70,528.000,372.000,249.15,249.30,2500.000,2500.000,249.45,249.75,4232.000,4413.000,20000.000,52500.000,249.055,249.398,249.438,249.802,-0.375,-0.352
2017-04-26 10:33:00,249.404,249.660,455.000,1025.000,249.30,249.40,7500.000,5000.000,249.70,249.80,2165.000,83.000,249.25,249.45,5000.000,2500.000,249.65,249.85,11841.000,6378.000,30000.000,60000.000,249.189,249.495,249.600,249.960,-0.400,-0.402
2017-04-26 10:34:00,249.652,249.991,2011.000,299.000,249.60,249.65,2500.000,10000.000,249.95,250.00,110.000,2340.000,249.55,249.70,2500.000,2500.000,249.90,250.05,11659.000,7528.000,20000.000,22500.000,249.478,249.784,249.825,250.078,-0.350,-0.446
2017-04-26 10:35:00,249.690,250.110,4498.000,186.000,249.60,249.75,5000.000,5000.000,250.10,250.30,3848.000,939.000,249.55,249.80,5000.000,2500.000,250.05,250.35,15232.000,9112.000,27500.000,37500.000,249.532,249.875,249.968,250.440,-0.525,-0.468
2017-04-26 10:36:00,250.697,251.036,1007.000,635.000,250.80,250.85,2500.000,2500.000,251.05,251.25,217.000,1809.000,250.75,250.90,2500.000,5000.000,251.00,251.30,7476.000,24098.000,17500.000,37500.000,250.673,250.991,250.936,251.377,-0.325,-0.511
2017-04-26 10:37:00,250.124,250.530,672.000,1135.000,250.00,250.15,2500.000,2500.000,250.50,250.60,2045.000,508.000,249.95,250.20,2500.000,2500.000,250.45,250.65,4600.000,2779.000,15000.000,22500.000,249.911,250.215,250.367,250.722,-0.475,-0.539
2017-04-26 10:38:00,250.234,250.741,6.000,299.000,250.20,250.25,2500.000,2500.000,250.65,250.80,60.000,2393.000,250.10,250.30,5000.000,2500.000,250.60,250.85,3849.000,4389.000,22500.000,20000.000,249.978,250.335,250.522,250.919,-0.500,-0.552
2017-04-26 10:39:00,250.350,250.907,639.000,632.000,250.15,250.30,10000.000,10000.000,250.80,251.00,725.000,169.000,250.10,250.35,7500.000,2500.000,250.75,251.05,14623.000,3624.000,27500.000,25000.000,250.018,250.432,250.727,251.075,-0.675,-0.545
2017-04-26 10:40:00,250.070,250.597,2231.000,1037.000,250.00,250.10,7500.000,5000.000,250.50,250.70,110.000,172.000,249.85,250.15,2500.000,2500.000,250.45,250.75,11629.000,6138.000,22500.000,22500.000,249.808,250.214,250.422,250.811,-0.550,-0.542
2017-04-26 10:41:00,249.555,250.111,645.000,150.000,249.50,249.60,10000.000,2500.000,250.00,250.20,110.000,60.000,249.45,249.65,2500.000,5000.000,249.95,250.25,3543.000,2877.000,25000.000,22500.000,249.376,249.753,249.920,250.333,-0.550,-0.554
2017-04-26 10:42:00,249.482,250.031,77.000,702.000,249.30,249.50,2500.000,5000.000,250.00,250.10,2600.000,222.000,249.25,249.55,2500.000,2500.000,249.90,250.15,8516.000,4305.000,17500.000,22500.000,249.167,249.616,249.843,250.211,-0.650,-0.575
2017-04-26 10:43:00,249.375,249.945,243.000,239.000,249.25,249.30,10000.000,2500.000,249.80,250.00,450.000,493.000,249.20,249.40,2500.000,2500.000,249.75,250.05,6738.000,3982.000,27500.000,22500.000,249.076,249.471,249.700,250.156,-0.625,-0.581
2017-04-26 10:44:00,249.126,249.650,966.000,272.000,248.95,249.05,10000.000,5000.000,249.55,249.75,628.000,428.000,248.90,249.10,2500.000,5000.000,249.50,249.80,11487.000,2881.000,22500.000,20000.000,248.796,249.186,249.456,249.838,-0.650,-0.608
2017-04-26 10:45:00,248.954,249.468,70.000,409.000,248.80,248.95,2500.000,5000.000,249.35,249.50,50.000,596.000,248.75,249.00,7500.000,2500.000,249.30,249.55,4965.000,3363.000,25000.000,17500.000,248.624,249.051,249.190,249.586,-0.550,-0.637
2017-04-26 10:46:00,248.636,249.250,50.000,419.000,248.50,248.60,7500.000,2500.000,249.10,249.30,4540.000,449.000,248.45,248.70,7500.000,2500.000,249.05,249.35,12327.000,5714.000,32500.000,17500.000,248.387,248.783,248.996,249.464,-0.650,-0.672
2017-04-26 10:47:00,248.723,249.375,2.000,1100.000,248.70,248.75,2500.000,2500.000,249.25,249.45,90.000,704.000,248.60,248.80,5000.000,5000.000,249.20,249.50,5264.000,5243.000,20000.000,20000.000,248.492,248.874,249.106,249.588,-0.625,-0.677
2017-04-26 10:48:00,248.773,249.372,294.000,618.000,248.60,248.70,2500.000,5000.000,249.20,249.40,166.000,612.000,248.55,248.75,5000.000,2500.000,249.15,249.45,6637.000,2291.000,22500.000,17500.000,248.438,248.784,249.072,249.543,-0.650,-0.684
2017-04-26 10:49:00,248.401,249.062,463.000,645.000,248.50,248.60,2500.000,2500.000,248.90,249.20,103.000,552.000,248.45,248.65,7500.000,5000.000,248.85,249.25,1304.000,10087.000,17500.000,15000.000,248.405,248.737,248.807,249.292,-0.500,-0.703
2017-04-26 10:50:00,248.777,249.438,120.000,1030.000,248.75,248.85,2500.000,2500.000,249.30,249.45,50.000,304.000,248.65,248.90,5000.000,5000.000,249.25,249.50,9951.000,11309.000,25000.000,17500.000,248.532,248.989,249.170,249.579,-0.575,-0.690
2017-04-26 10:51:00,248.654,249.441,43.000,89.000,248.75,248.80,2500.000,2500.000,249.30,249.45,127.000,1025.000,248.70,248.85,5000.000,5000.000,249.25,249.50,2619.000,10260.000,22500.000,17500.000,248.580,248.976,249.178,249.593,-0.600,-0.667
2017-04-26 10:52:00,248.639,249.318,100.000,10.000,248.65,248.70,2500.000,2500.000,249.20,249.35,1878.000,500.000,248.60,248.75,2500.000,2500.000,249.15,249.40,7253.000,9297.000,20000.000,15000.000,248.502,248.874,249.081,249.483,-0.600,-0.653
2017-04-26 10:53:00,248.667,249.303,8.000,374.000,248.70,248.75,5000.000,5000.000,249.20,249.40,2183.000,496.000,248.60,248.80,2500.000,2500.000,249.15,249.45,7700.000,9951.000,17500.000,20000.000,248.519,248.900,249.114,249.569,-0.575,-0.675
2017-04-26 10:54:00,248.583,249.334,761.000,388.000,248.65,248.70,2500.000,5000.000,249.15,249.35,1508.000,354.000,248.60,248.75,2500.000,2500.000,249.10,249.40,3867.000,8958.000,25000.000,15000.000,248.567,248.853,249.005,249.458,-0.575,-0.669
2017-04-26 10:55:00,248.642,249.240,1.000,500.000,248.45,248.50,2500.000,2500.000,249.10,249.25,4039.000,461.000,248.40,248.60,2500.000,2500.000,249.05,249.30,11402.000,1787.000,22500.000,15000.000,248.318,248.604,248.972,249.392,-0.700,-0.702
2017-04-26 10:56:00,248.517,249.186,111.000,489.000,248.45,248.50,5000.000,2500.000,249.05,249.25,173.000,711.000,248.35,248.60,5000.000,2500.000,249.00,249.30,9187.000,5430.000,20000.000,15000.000,248.278,248.695,248.963,249.375,-0.675,-0.732
2017-04-26 10:57:00,248.553,249.164,9.000,4.000,248.50,248.55,2500.000,2500.000,249.10,249.25,808.000,713.000,248.45,248.60,2500.000,2500.000,249.05,249.30,5921.000,4849.000,17500.000,27500.000,248.326,248.707,248.986,249.541,-0.650,-0.772
2017-04-26 10:58:00,248.723,249.469,316.000,516.000,248.60,248.65,5000.000,2500.000,249.40,249.50,78.000,10.000,248.55,248.70,10000.000,2500.000,249.35,249.55,15503.000,4633.000,25000.000,15000.000,248.450,248.784,249.325,249.608,-0.825,-0.791
2017-04-26 10:59:00,248.777,249.496,2.000,5.000,248.65,248.70,5000.000,2500.000,249.45,249.50,3.000,269.000,248.60,248.75,5000.000,2500.000,249.40,249.55,15993.000,4471.000,17500.000,12500.000,248.497,248.844,249.371,249.630,-0.800,-0.819
2017-04-26 11:00:00,248.466,249.232,110.000,241.000,248.45,248.50,7500.000,5000.000,249.10,249.30,629.000,414.000,248.40,248.55,7500.000,2500.000,249.05,249.35,3248.000,3915.000,27500.000,20000.000,248.326,248.614,248.995,249.475,-0.725,-0.789
2017-04-26 11:01:00,248.619,249.437,887.000,291.000,248.50,248.55,5000.000,5000.000,249.30,249.45,111.000,983.000,248.45,248.60,5000.000,2500.000,249.25,249.50,17443.000,5648.000,22500.000,15000.000,248.341,248.709,249.194,249.575,-0.850,-0.807
2017-04-26 11:02:00,248.404,249.216,3.000,822.000,248.45,248.55,5000.000,2500.000,249.10,249.30,375.000,1037.000,248.35,248.60,5000.000,5000.000,249.05,249.40,3100.000,8815.000,20000.000,20000.000,248.244,248.711,249.012,249.531,-0.700,-0.795
2017-04-26 11:03:00,248.478,249.319,326.000,404.000,248.50,248.55,5000.000,7500.000,249.20,249.40,528.000,548.000,248.45,248.60,2500.000,2500.000,249.15,249.45,4104.000,5613.000,20000.000,20000.000,248.382,248.711,249.100,249.506,-0.775,-0.805
2017-04-26 11:04:00,248.720,249.579,126.000,449.000,248.75,248.90,7500.000,2500.000,249.45,249.65,622.000,579.000,248.70,248.95,2500.000,2500.000,249.40,249.70,1675.000,5779.000,17500.000,12500.000,248.645,249.012,249.379,249.780,-0.725,-0.778
2017-04-26 11:05:00,248.853,249.471,167.000,50.000,248.75,248.85,2500.000,2500.000,249.35,249.60,2.000,334.000,248.70,248.90,2500.000,2500.000,249.30,249.65,10812.000,6909.000,15000.000,15000.000,248.506,249.001,249.192,249.783,-0.675,-0.789
2017-04-26 11:06:00,248.764,249.668,1.000,78.000,248.85,248.90,2500.000,5000.000,249.50,249.75,255.000,359.000,248.75,248.95,5000.000,2500.000,249.40,249.85,1763.000,4714.000,17500.000,17500.000,248.647,249.045,249.350,249.921,-0.750,-0.773
2017-04-26 11:07:00,249.293,250.046,3.000,1186.000,249.40,249.50,5000.000,2500.000,249.85,250.15,46.000,292.000,249.30,249.55,5000.000,2500.000,249.80,250.20,805.000,5326.000,17500.000,12500.000,249.219,249.619,249.721,250.360,-0.550,-0.770
2017-04-26 11:08:00,248.823,249.717,176.000,923.000,248.95,249.00,2500.000,2500.000,249.50,249.80,124.000,409.000,248.85,249.10,2500.000,2500.000,249.45,249.85,1488.000,6797.000,17500.000,12500.000,248.812,249.196,249.364,249.940,-0.675,-0.719
2017-04-26 11:09:00,248.916,249.637,854.000,2324.000,248.95,249.00,7500.000,2500.000,249.50,249.75,758.000,748.000,248.90,249.10,5000.000,2500.000,249.45,249.80,3658.000,8550.000,22500.000,17500.000,248.868,249.158,249.400,250.000,-0.650,-0.722
2017-04-26 11:10:00,248.987,249.662,2269.000,1750.000,248.95,249.00,2500.000,2500.000,249.55,249.80,989.000,513.000,248.90,249.05,2500.000,5000.000,249.50,249.85,5030.000,3547.000,15000.000,17500.000,248.892,249.064,249.442,249.957,-0.700,-0.731
2017-04-26 11:11:00,248.843,249.666,122.000,14.000,248.90,248.95,2500.000,5000.000,249.55,249.85,600.000,1135.000,248.85,249.00,5000.000,5000.000,249.45,250.10,2251.000,6160.000,17500.000,30000.000,248.790,249.193,249.379,250.121,-0.775,-0.709
2017-04-26 11:12:00,248.822,249.559,1.000,3540.000,248.85,248.90,2500.000,12500.000,249.40,249.65,512.000,375.000,248.80,248.95,2500.000,2500.000,249.35,249.80,1336.000,8025.000,17500.000,22500.000,248.740,248.959,249.257,249.750,-0.650,-0.694
2017-04-26 11:13:00,248.946,249.586,63.000,2764.000,248.80,248.90,5000.000,10000.000,249.60,249.65,2247.000,11.000,248.75,248.95,2500.000,2500.000,249.40,249.80,15850.000,6515.000,22500.000,30000.000,248.666,248.966,249.350,249.850,-0.775,-0.704
2017-04-26 11:14:00,248.652,249.388,1.000,760.000,248.70,248.80,2500.000,2500.000,249.30,249.45,12.000,760.000,248.65,248.85,2500.000,2500.000,249.25,249.50,3528.000,11268.000,22500.000,20000.000,248.529,248.948,249.094,249.606,-0.625,-0.710
2017-04-26 11:15:00,248.705,249.423,125.000,36.000,248.70,248.80,2500.000,5000.000,249.30,249.60,12.000,439.000,248.65,248.85,2500.000,10000.000,249.25,249.65,3704.000,7066.000,15000.000,22500.000,248.532,248.933,249.183,249.672,-0.700,-0.738
2017-04-26 11:16:00,248.737,249.450,416.000,95.000,248.75,248.80,5000.000,2500.000,249.30,249.60,125.000,439.000,248.70,248.85,5000.000,12500.000,249.25,249.65,2947.000,5612.000,22500.000,25000.000,248.601,248.924,249.211,249.710,-0.675,-0.759
2017-04-26 11:17:00,248.633,249.298,123.000,3884.000,248.60,248.65,5000.000,2500.000,249.25,249.50,406.000,313.000,248.55,248.75,2500.000,2500.000,249.20,249.55,4867.000,7962.000,17500.000,32500.000,248.464,248.765,249.150,249.615,-0.750,-0.776
2017-04-26 11:18:00,248.623,249.312,1.000,3889.000,248.60,248.65,5000.000,2500.000,249.25,249.50,202.000,313.000,248.55,248.70,2500.000,5000.000,249.20,249.55,4202.000,7865.000,22500.000,30000.000,248.461,248.764,249.111,249.621,-0.750,-0.789
2017-04-26 11:19:00,248.504,249.270,121.000,280.000,248.50,248.55,5000.000,2500.000,249.15,249.40,122.000,50.000,248.45,248.60,2500.000,7500.000,249.05,249.45,2191.000,4009.000,20000.000,17500.000,248.368,248.643,249.025,249.486,-0.750,-0.802
2017-04-26 11:20:00,248.879,249.738,1588.000,934.000,248.80,248.85,7500.000,2500.000,249.60,249.80,3654.000,2647.000,248.75,248.90,2500.000,2500.000,249.55,249.85,17617.000,9061.000,22500.000,17500.000,248.678,248.952,249.506,249.929,-0.875,-0.794
2017-04-26 11:21:00,248.883,249.703,1249.000,3956.000,248.85,248.90,2500.000,5000.000,249.55,249.80,95.000,31.000,248.80,248.95,7500.000,10000.000,249.50,249.85,4175.000,7071.000,22500.000,25000.000,248.719,248.954,249.456,249.940,-0.800,-0.784
2017-04-26 11:22:00,249.069,249.818,1.000,1707.000,248.95,249.00,2500.000,2500.000,249.75,249.80,60.000,60.000,248.85,249.05,2500.000,5000.000,249.65,249.95,13162.000,4122.000,17500.000,17500.000,248.757,249.089,249.579,250.007,-0.800,-0.802
2017-04-26 11:23:00,249.134,249.886,2904.000,564.000,248.95,249.00,2500.000,5000.000,249.70,249.95,50.000,224.000,248.90,249.05,5000.000,2500.000,249.65,250.00,13517.000,1027.000,20000.000,15000.000,248.798,249.054,249.600,250.067,-0.850,-0.832
2017-04-26 11:24:00,248.949,249.778,3.000,404.000,248.90,248.95,2500.000,2500.000,249.65,249.85,100.000,3146.000,248.80,249.00,2500.000,7500.000,249.60,249.90,5796.000,6263.000,17500.000,22500.000,248.700,249.057,249.493,250.017,-0.825,-0.850
2017-04-26 11:25:00,248.912,249.731,181.000,233.000,248.95,249.00,2500.000,2500.000,249.65,249.85,12.000,327.000,248.90,249.10,5000.000,2500.000,249.60,249.90,2542.000,5766.000,20000.000,25000.000,248.782,249.220,249.544,249.995,-0.775,-0.828
2017-04-26 11:26:00,249.205,249.975,100.000,273.000,249.10,249.15,2500.000,2500.000,249.90,250.00,5.000,420.000,249.05,249.20,5000.000,7500.000,249.85,250.05,10028.000,4484.000,22500.000,22500.000,248.936,249.287,249.756,250.183,-0.825,-0.877
2017-04-26 11:27:00,249.244,250.083,2.000,1011.000,249.30,249.35,5000.000,2500.000,249.90,250.05,104.000,1051.000,249.25,249.40,10000.000,2500.000,249.85,250.15,1256.000,6943.000,30000.000,15000.000,249.145,249.453,249.808,250.225,-0.650,-0.859
2017-04-26 11:28:00,249.697,250.598,2532.000,485.000,249.75,249.80,12500.000,5000.000,250.50,250.70,2912.000,500.000,249.70,249.85,2500.000,2500.000,250.45,250.75,16921.000,21884.000,30000.000,27500.000,249.591,249.981,250.425,250.795,-0.825,-0.865
2017-04-26 11:29:00,249.761,250.682,52.000,1459.000,249.75,249.90,2500.000,2500.000,250.55,250.75,2932.000,424.000,249.70,249.95,10000.000,5000.000,250.50,250.80,7526.000,18165.000,27500.000,20000.000,249.618,250.001,250.445,250.856,-0.825,-0.863
2017-04-26 11:30:00,249.736,250.444,72.000,178.000,249.60,249.65,2500.000,12500.000,250.40,250.60,159.000,150.000,249.55,249.70,2500.000,2500.000,250.30,250.65,8999.000,2343.000,15000.000,30000.000,249.394,249.767,250.242,250.675,-0.875,-0.896
2017-04-26 11:31:00,249.489,250.506,363.000,118.000,249.60,249.65,7500.000,2500.000,250.30,250.55,327.000,2610.000,249.50,249.70,7500.000,2500.000,250.25,250.65,1412.000,6879.000,37500.000,22500.000,249.481,249.762,250.143,250.744,-0.800,-0.863
2017-04-26 11:32:00,249.820,250.569,1405.000,405.000,249.70,249.75,10000.000,2500.000,250.50,250.65,3562.000,235.000,249.65,249.80,5000.000,2500.000,250.40,250.70,17362.000,3970.000,27500.000,17500.000,249.568,249.901,250.395,250.779,-0.850,-0.868
2017-04-26 11:33:00,249.583,250.511,181.000,697.000,249.70,249.80,5000.000,2500.000,250.40,250.60,3427.000,598.000,249.65,249.85,7500.000,2500.000,250.35,250.65,4660.000,21756.000,25000.000,20000.000,249.621,249.980,250.305,250.706,-0.750,-0.850
2017-04-26 11:34:00,249.857,250.768,1015.000,543.000,249.75,249.90,2500.000,2500.000,250.65,250.85,5435.000,475.000,249.70,249.95,10000.000,5000.000,250.60,250.90,23945.000,16644.000,35000.000,27500.000,249.649,250.000,250.543,250.973,-0.925,-0.844
2017-04-26 11:35:00,249.794,250.671,81.000,266.000,249.85,249.90,5000.000,5000.000,250.50,250.70,317.000,602.000,249.80,249.95,2500.000,7500.000,250.45,250.75,3571.000,20198.000,27500.000,20000.000,249.678,250.005,250.368,250.794,-0.725,-0.804
2017-04-26 11:36:00,249.775,250.626,1711.000,11.000,249.75,249.80,2500.000,5000.000,250.50,250.70,255.000,744.000,249.70,249.95,2500.000,5000.000,250.45,250.75,9852.000,17435.000,22500.000,20000.000,249.627,250.005,250.372,250.781,-0.825,-0.807
2017-04-26 11:37:00,249.678,250.450,757.000,186.000,249.75,249.85,5000.000,2500.000,250.35,250.50,136.000,1087.000,249.70,249.90,2500.000,2500.000,250.30,250.55,5747.000,22360.000,17500.000,12500.000,249.638,249.995,250.257,250.620,-0.625,-0.815
2017-04-26 11:38:00,249.593,250.431,558.000,19.000,249.70,249.75,2500.000,2500.000,250.30,250.50,120.000,174.000,249.65,249.80,5000.000,2500.000,250.25,250.55,1369.000,4342.000,17500.000,15000.000,249.612,249.935,250.171,250.683,-0.675,-0.792
2017-04-26 11:39:00,249.312,250.194,2.000,98.000,249.45,249.55,5000.000,7500.000,250.10,250.30,165.000,150.000,249.40,249.60,2500.000,2500.000,250.05,250.35,698.000,6581.000,22500.000,22500.000,249.315,249.728,249.989,250.406,-0.700,-0.764
2017-04-26 11:40:00,249.492,250.168,108.000,445.000,249.40,249.45,2500.000,5000.000,250.15,250.25,89.000,813.000,249.30,249.50,2500.000,2500.000,250.10,250.30,8597.000,4171.000,17500.000,25000.000,249.180,249.580,250.036,250.395,-0.775,-0.783
2017-04-26 11:41:00,249.136,250.003,705.000,104.000,249.15,249.20,2500.000,2500.000,249.90,250.00,166.000,50.000,249.10,249.25,2500.000,5000.000,249.80,250.15,3186.000,4737.000,20000.000,17500.000,249.035,249.407,249.744,250.221,-0.775,-0.768
2017-04-26 11:42:00,248.830,249.643,69.000,254.000,248.90,249.05,2500.000,2500.000,249.55,249.75,672.000,1190.000,248.80,249.10,2500.000,10000.000,249.50,249.80,3055.000,8557.000,15000.000,22500.000,248.714,249.199,249.417,249.878,-0.675,-0.755
2017-04-26 11:43:00,248.855,249.577,537.000,50.000,248.85,248.90,2500.000,2500.000,249.45,249.65,1369.000,1786.000,248.80,249.00,5000.000,10000.000,249.40,249.70,3955.000,5430.000,25000.000,25000.000,248.749,249.082,249.320,249.750,-0.675,-0.762
2017-04-26 11:44:00,248.720,249.463,1.000,2025.000,248.80,248.85,2500.000,5000.000,249.35,249.55,60.000,304.000,248.75,248.90,5000.000,7500.000,249.30,249.60,2213.000,11556.000,25000.000,25000.000,248.683,248.978,249.255,249.680,-0.625,-0.758
2017-04-26 11:45:00,248.822,249.594,1.000,1046.000,248.80,248.85,2500.000,2500.000,249.50,249.65,1747.000,70.000,248.70,248.95,2500.000,5000.000,249.45,249.75,6353.000,7503.000,17500.000,22500.000,248.612,249.010,249.350,249.811,-0.750,-0.766
2017-04-26 11:46:00,248.942,249.731,726.000,3632.000,248.95,249.00,5000.000,7500.000,249.65,249.80,237.000,60.000,248.90,249.05,5000.000,2500.000,249.60,249.85,2722.000,6416.000,20000.000,20000.000,248.872,249.065,249.562,249.875,-0.750,-0.758
2017-04-26 11:47:00,248.957,249.709,278.000,555.000,248.90,249.00,2500.000,15000.000,249.60,249.80,875.000,414.000,248.80,249.05,2500.000,2500.000,249.55,249.90,4916.000,3846.000,15000.000,25000.000,248.721,249.123,249.500,249.885,-0.750,-0.749
2017-04-26 11:48:00,248.964,249.719,119.000,245.000,248.95,249.00,2500.000,10000.000,249.60,249.80,741.000,354.000,248.80,249.05,2500.000,2500.000,249.55,249.90,4769.000,3537.000,17500.000,22500.000,248.708,249.137,249.486,249.928,-0.725,-0.753
2017-04-26 11:49:00,248.935,249.656,44.000,58.000,248.95,249.00,2500.000,5000.000,249.55,249.75,519.000,414.000,248.90,249.05,5000.000,10000.000,249.50,249.80,2093.000,3348.000,17500.000,22500.000,248.821,249.136,249.457,249.850,-0.675,-0.748
2017-04-26 11:50:00,248.917,249.729,599.000,246.000,248.95,249.00,2500.000,5000.000,249.65,249.75,287.000,1260.000,248.90,249.10,5000.000,10000.000,249.60,249.80,4277.000,8891.000,20000.000,22500.000,248.811,249.209,249.550,249.850,-0.725,-0.720
2017-04-26 11:51:00,249.088,249.838,3.000,355.000,249.05,249.10,2500.000,5000.000,249.75,249.90,382.000,110.000,248.95,249.15,5000.000,5000.000,249.70,249.95,5498.000,4456.000,20000.000,20000.000,248.826,249.245,249.631,250.019,-0.750,-0.710
2017-04-26 11:52:00,249.141,249.850,1025.000,53.000,248.95,249.00,2500.000,2500.000,249.75,249.90,287.000,25.000,248.90,249.05,5000.000,2500.000,249.70,249.95,14234.000,1352.000,20000.000,15000.000,248.776,249.159,249.650,250.050,-0.850,-0.711
2017-04-26 11:53:00,248.911,249.685,1.000,652.000,248.85,248.95,5000.000,2500.000,249.50,249.70,1259.000,844.000,248.80,249.00,5000.000,2500.000,249.45,249.80,4001.000,4102.000,27500.000,15000.000,248.712,249.062,249.377,249.850,-0.700,-0.713
2017-04-26 11:54:00,248.898,249.593,96.000,374.000,248.85,248.90,7500.000,2500.000,249.50,249.70,167.000,461.000,248.75,248.95,2500.000,7500.000,249.45,249.75,2939.000,2273.000,17500.000,17500.000,248.661,248.995,249.429,249.786,-0.725,-0.722
2017-04-26 11:55:00,248.921,249.592,109.000,110.000,248.95,249.00,2500.000,2500.000,249.55,249.70,108.000,354.000,248.90,249.05,2500.000,2500.000,249.50,249.85,1596.000,2610.000,12500.000,20000.000,248.760,249.127,249.450,249.925,-0.650,-0.743
2017-04-26 11:56:00,248.872,249.571,96.000,3201.000,248.95,249.00,2500.000,5000.000,249.50,249.75,107.000,305.000,248.90,249.10,2500.000,5000.000,249.45,249.80,1238.000,10501.000,12500.000,22500.000,248.820,249.149,249.400,249.861,-0.650,-0.737
2017-04-26 11:57:00,248.835,249.547,71.000,993.000,248.90,248.95,2500.000,7500.000,249.40,249.60,120.000,1400.000,248.85,249.00,5000.000,2500.000,249.35,249.65,1630.000,9300.000,22500.000,17500.000,248.772,249.057,249.283,249.671,-0.575,-0.737
2017-04-26 11:58:00,248.767,249.553,10.000,195.000,248.80,248.85,5000.000,5000.000,249.40,249.65,103.000,643.000,248.75,248.95,2500.000,5000.000,249.35,249.70,2185.000,6228.000,20000.000,17500.000,248.652,249.030,249.294,249.729,-0.700,-0.738
2017-04-26 11:59:00,248.848,249.590,56.000,483.000,248.90,248.95,5000.000,5000.000,249.45,249.65,395.000,480.000,248.85,249.00,5000.000,2500.000,249.40,249.70,1145.000,4981.000,22500.000,15000.000,248.768,249.056,249.328,249.733,-0.625,-0.738
2017-04-26 12:00:00,248.856,249.630,57.000,380.000,248.95,249.00,2500.000,5000.000,249.50,249.65,1.000,2500.000,248.90,249.05,2500.000,2500.000,249.45,249.70,495.000,7749.000,22500.000,15000.000,248.794,249.114,249.339,249.733,-0.600,-0.704
2017-04-26 12:01:00,248.705,249.377,206.000,68.000,248.70,248.80,2500.000,2500.000,249.25,249.45,1.000,454.000,248.60,248.85,5000.000,7500.000,249.20,249.50,7629.000,8246.000,20000.000,17500.000,248.524,248.951,249.137,249.536,-0.600,-0.683
2017-04-26 12:02:00,248.706,249.415,292.000,98.000,248.75,248.80,5000.000,5000.000,249.25,249.50,1.000,50.000,248.70,248.85,5000.000,2500.000,249.20,249.55,2322.000,5762.000,25000.000,17500.000,248.583,248.950,249.155,249.614,-0.600,-0.677
2017-04-26 12:03:00,248.669,249.460,2312.000,46.000,248.55,248.70,2500.000,5000.000,249.25,249.45,4862.000,432.000,248.50,248.80,2500.000,7500.000,249.20,249.50,10664.000,6457.000,32500.000,20000.000,248.472,248.875,249.077,249.537,-0.725,-0.671
2017-04-26 12:04:00,248.699,249.444,111.000,393.000,248.75,248.80,2500.000,2500.000,249.30,249.45,174.000,406.000,248.65,248.85,7500.000,10000.000,249.25,249.50,6656.000,11475.000,25000.000,20000.000,248.531,248.960,249.185,249.569,-0.600,-0.654
2017-04-26 12:05:00,248.704,249.307,1.000,3084.000,248.70,248.75,2500.000,2500.000,249.20,249.35,29.000,826.000,248.65,248.80,5000.000,2500.000,249.15,249.40,3461.000,8567.000,30000.000,25000.000,248.520,248.837,249.075,249.515,-0.550,-0.668
2017-04-26 12:06:00,248.684,249.250,3.000,3111.000,248.65,248.70,2500.000,2500.000,249.15,249.25,1046.000,564.000,248.55,248.75,7500.000,2500.000,249.10,249.30,7318.000,8061.000,30000.000,15000.000,248.471,248.766,249.046,249.358,-0.525,-0.661
2017-04-26 12:07:00,248.509,249.189,1.000,186.000,248.55,248.60,5000.000,2500.000,249.10,249.20,415.000,20.000,248.50,248.65,5000.000,7500.000,249.05,249.25,3331.000,8809.000,32500.000,25000.000,248.390,248.735,248.988,249.370,-0.575,-0.659
2017-04-26 12:08:00,248.465,249.224,582.000,244.000,248.50,248.55,5000.000,2500.000,249.15,249.20,60.000,121.000,248.45,248.60,5000.000,5000.000,249.10,249.25,5472.000,9136.000,30000.000,22500.000,248.371,248.713,249.033,249.383,-0.650,-0.639
2017-04-26 12:09:00,247.875,248.538,1981.000,42.000,247.85,247.90,2500.000,5000.000,248.45,248.60,558.000,4.000,247.80,248.00,2500.000,5000.000,248.40,248.65,5540.000,4792.000,15000.000,17500.000,247.746,248.111,248.333,248.686,-0.650,-0.621
2017-04-26 12:10:00,247.967,248.637,2109.000,65.000,247.80,247.85,2500.000,2500.000,248.60,248.70,260.000,217.000,247.75,248.00,10000.000,2500.000,248.50,248.75,9378.000,2341.000,22500.000,17500.000,247.679,248.109,248.467,248.814,-0.825,-0.626
2017-04-26 12:11:00,247.993,248.523,3.000,409.000,247.90,247.95,2500.000,2500.000,248.40,248.65,722.000,569.000,247.80,248.00,5000.000,5000.000,248.35,248.70,4109.000,2024.000,17500.000,20000.000,247.692,248.048,248.300,248.756,-0.600,-0.669
2017-04-26 12:12:00,247.956,248.625,1.000,24.000,248.05,248.15,5000.000,2500.000,248.55,248.75,76.000,2666.000,248.00,248.25,5000.000,5000.000,248.50,248.80,324.000,8062.000,20000.000,20000.000,247.942,248.308,248.425,248.869,-0.550,-0.662
2017-04-26 12:13:00,248.597,249.256,813.000,7.000,248.60,248.65,2500.000,2500.000,249.10,249.35,648.000,5.000,248.55,248.70,2500.000,5000.000,249.05,249.40,3851.000,3723.000,22500.000,20000.000,248.508,248.802,248.961,249.525,-0.600,-0.681
2017-04-26 12:14:00,248.585,249.163,3.000,150.000,248.50,248.70,2500.000,5000.000,249.10,249.30,456.000,3029.000,248.45,248.80,2500.000,5000.000,249.05,249.35,2719.000,4691.000,15000.000,22500.000,248.384,248.826,249.000,249.394,-0.600,-0.713
2017-04-26 12:15:00,248.517,249.213,1.000,90.000,248.55,248.60,2500.000,5000.000,249.10,249.25,787.000,62.000,248.50,248.65,2500.000,2500.000,249.05,249.30,2863.000,5212.000,22500.000,17500.000,248.421,248.750,248.972,249.350,-0.600,-0.686
2017-04-26 12:16:00,248.459,249.200,1244.000,32.000,248.50,248.60,2500.000,5000.000,249.10,249.25,339.000,160.000,248.45,248.65,2500.000,2500.000,249.05,249.30,3406.000,5706.000,20000.000,17500.000,248.417,248.775,248.994,249.343,-0.625,-0.672
2017-04-26 12:17:00,248.603,249.237,360.000,15.000,248.50,248.55,7500.000,2500.000,249.10,249.30,199.000,1.000,248.45,248.60,2500.000,2500.000,249.05,249.35,2614.000,680.000,22500.000,15000.000,248.381,248.701,249.022,249.425,-0.675,-0.679
2017-04-26 12:18:00,248.468,249.225,71.000,20.000,248.55,248.60,7500.000,5000.000,249.10,249.25,743.000,242.000,248.50,248.65,2500.000,2500.000,249.05,249.30,1537.000,5739.000,25000.000,15000.000,248.435,248.749,249.010,249.342,-0.600,-0.660
2017-04-26 12:19:00,248.418,249.153,153.000,11.000,248.50,248.55,5000.000,2500.000,249.10,249.20,60.000,184.000,248.40,248.60,2500.000,2500.000,249.05,249.25,4504.000,9119.000,20000.000,17500.000,248.287,248.729,249.012,249.343,-0.625,-0.635
2017-04-26 12:20:00,248.386,248.950,166.000,304.000,248.45,248.50,5000.000,7500.000,248.80,249.05,12.000,4922.000,248.40,248.55,2500.000,5000.000,248.75,249.10,988.000,7673.000,22500.000,22500.000,248.346,248.580,248.667,249.178,-0.450,-0.637
2017-04-26 12:21:00,248.604,249.275,741.000,77.000,248.65,248.70,2500.000,5000.000,249.10,249.30,76.000,2899.000,248.60,248.80,10000.000,2500.000,249.05,249.35,1420.000,5279.000,27500.000,17500.000,248.585,248.846,248.991,249.421,-0.525,-0.628
2017-04-26 12:22:00,248.505,249.171,13.000,7.000,248.60,248.65,5000.000,2500.000,249.05,249.25,112.000,81.000,248.55,248.70,2500.000,2500.000,249.00,249.30,830.000,4025.000,20000.000,15000.000,248.463,248.803,248.950,249.367,-0.525,-0.629
2017-04-26 12:23:00,248.490,249.154,29.000,286.000,248.60,248.65,2500.000,2500.000,249.05,249.25,95.000,474.000,248.55,248.70,2500.000,5000.000,249.00,249.30,956.000,7596.000,15000.000,20000.000,248.447,248.799,248.942,249.375,-0.525,-0.627
2017-04-26 12:24:00,248.506,249.118,148.000,5.000,248.55,248.60,2500.000,5000.000,249.05,249.25,215.000,443.000,248.50,248.65,5000.000,5000.000,249.00,249.30,1718.000,4068.000,20000.000,22500.000,248.407,248.743,248.919,249.344,-0.575,-0.635
2017-04-26 12:25:00,248.551,249.125,41.000,10.000,248.65,248.70,5000.000,2500.000,249.05,249.20,116.000,2600.000,248.60,248.75,5000.000,2500.000,249.00,249.25,453.000,7544.000,22500.000,17500.000,248.543,248.815,248.956,249.307,-0.450,-0.672
2017-04-26 12:26:00,248.654,249.279,830.000,48.000,248.65,248.80,2500.000,2500.000,249.20,249.30,266.000,7091.000,248.60,248.85,2500.000,2500.000,249.15,249.35,5750.000,13703.000,20000.000,15000.000,248.519,248.912,249.075,249.417,-0.525,-0.723
2017-04-26 12:27:00,248.705,249.374,162.000,2079.000,248.75,248.85,5000.000,5000.000,249.30,249.45,596.000,610.000,248.70,248.90,2500.000,5000.000,249.25,249.50,2433.000,10400.000,20000.000,22500.000,248.639,248.955,249.200,249.533,-0.575,-0.738
2017-04-26 12:28:00,248.695,249.353,1.000,2452.000,248.80,248.85,2500.000,2500.000,249.25,249.40,385.000,620.000,248.75,248.90,2500.000,5000.000,249.20,249.45,3082.000,13600.000,22500.000,17500.000,248.541,248.951,249.122,249.500,-0.500,-0.766
2017-04-26 12:29:00,248.722,249.370,42.000,1882.000,248.80,248.85,2500.000,5000.000,249.30,249.45,161.000,625.000,248.75,248.90,5000.000,2500.000,249.25,249.50,2453.000,11769.000,17500.000,20000.000,248.582,248.962,249.200,249.537,-0.550,-0.750
2017-04-26 12:30:00,248.684,249.446,1.000,538.000,248.80,248.85,2500.000,2500.000,249.30,249.45,50.000,725.000,248.65,248.90,5000.000,2500.000,249.25,249.50,4823.000,13278.000,20000.000,12500.000,248.540,248.988,249.162,249.570,-0.550,-0.727
2017-04-26 12:31:00,248.558,249.435,108.000,106.000,248.65,248.70,5000.000,5000.000,249.25,249.50,925.000,160.000,248.60,248.85,5000.000,2500.000,249.20,249.55,2047.000,7520.000,25000.000,17500.000,248.549,248.982,249.145,249.614,-0.700,-0.688
2017-04-26 12:32:00,248.591,249.335,417.000,311.000,248.65,248.70,2500.000,2500.000,249.25,249.40,975.000,260.000,248.60,248.80,2500.000,2500.000,249.20,249.45,2265.000,5256.000,22500.000,20000.000,248.564,248.907,249.133,249.519,-0.650,-0.686
2017-04-26 12:33:00,248.561,249.362,248.000,76.000,248.65,248.70,2500.000,2500.000,249.25,249.35,975.000,60.000,248.60,248.75,2500.000,5000.000,249.20,249.50,1962.000,4885.000,20000.000,22500.000,248.557,248.882,249.119,249.567,-0.625,-0.645
2017-04-26 12:34:00,248.454,249.022,104.000,273.000,248.45,248.50,2500.000,2500.000,248.95,249.05,94.000,50.000,248.40,248.55,2500.000,5000.000,248.90,249.20,4517.000,6387.000,17500.000,22500.000,248.281,248.649,248.843,249.306,-0.525,-0.651
2017-04-26 12:35:00,248.447,249.090,889.000,66.000,248.45,248.50,2500.000,2500.000,249.00,249.15,815.000,125.000,248.40,248.60,5000.000,2500.000,248.95,249.20,5994.000,8497.000,20000.000,17500.000,248.316,248.716,248.894,249.250,-0.600,-0.641
2017-04-26 12:36:00,248.559,249.243,622.000,38.000,248.60,248.70,2500.000,2500.000,249.10,249.30,110.000,154.000,248.55,248.80,2500.000,2500.000,249.05,249.35,2077.000,7562.000,20000.000,17500.000,248.497,248.867,248.963,249.436,-0.550,-0.636
2017-04-26 12:37:00,248.570,249.303,95.000,14.000,248.65,248.70,5000.000,2500.000,249.10,249.35,217.000,50.000,248.60,248.80,5000.000,2500.000,249.05,249.45,1920.000,6311.000,27500.000,17500.000,248.524,248.922,248.991,249.500,-0.550,-0.602
2017-04-26 12:38:00,248.541,249.142,1.000,53.000,248.55,248.65,5000.000,7500.000,249.00,249.20,213.000,2987.000,248.50,248.70,5000.000,2500.000,248.95,249.25,1801.000,6497.000,25000.000,20000.000,248.399,248.731,248.905,249.312,-0.500,-0.619
2017-04-26 12:39:00,248.587,249.184,2.000,143.000,248.65,248.70,7500.000,2500.000,249.05,249.20,1.000,5527.000,248.60,248.75,5000.000,2500.000,249.00,249.25,352.000,7203.000,27500.000,12500.000,248.508,248.776,248.964,249.310,-0.450,-0.631
2017-04-26 12:40:00,248.593,249.184,210.000,60.000,248.55,248.70,2500.000,2500.000,249.05,249.20,153.000,5006.000,248.50,248.75,5000.000,2500.000,249.00,249.25,3159.000,6588.000,25000.000,15000.000,248.403,248.778,248.950,249.358,-0.500,-0.645
2017-04-26 12:41:00,248.754,249.415,2.000,158.000,248.85,248.90,2500.000,7500.000,249.25,249.50,653.000,70.000,248.75,248.95,5000.000,7500.000,249.20,249.55,2272.000,8713.000,25000.000,25000.000,248.679,249.016,249.135,249.605,-0.500,-0.648
2017-04-26 12:42:00,248.764,249.324,119.000,2498.000,248.80,248.85,5000.000,5000.000,249.20,249.35,78.000,2591.000,248.75,248.90,5000.000,2500.000,249.15,249.40,1455.000,8743.000,27500.000,20000.000,248.642,248.926,249.100,249.475,-0.450,-0.679
2017-04-26 12:43:00,248.681,249.368,96.000,67.000,248.75,248.80,5000.000,2500.000,249.20,249.40,126.000,6.000,248.70,248.85,5000.000,7500.000,249.15,249.50,3044.000,8080.000,27500.000,20000.000,248.586,248.975,249.095,249.537,-0.525,-0.680
2017-04-26 12:44:00,248.649,249.307,1.000,306.000,248.75,248.85,2500.000,2500.000,249.20,249.40,60.000,637.000,248.70,248.90,5000.000,10000.000,249.15,249.50,992.000,11917.000,22500.000,32500.000,248.600,248.980,249.089,249.650,-0.500,-0.677
2017-04-26 12:45:00,248.667,249.328,383.000,44.000,248.65,248.80,5000.000,5000.000,249.25,249.45,766.000,300.000,248.60,248.85,2500.000,5000.000,249.20,249.50,6163.000,8185.000,17500.000,27500.000,248.518,248.983,249.150,249.636,-0.625,-0.684
2017-04-26 12:46:00,248.666,249.339,484.000,285.000,248.75,248.85,7500.000,5000.000,249.25,249.45,299.000,1937.000,248.60,248.90,2500.000,5000.000,249.20,249.50,5275.000,12413.000,20000.000,27500.000,248.525,248.971,249.162,249.618,-0.550,-0.711
2017-04-26 12:47:00,248.869,249.582,871.000,2531.000,248.95,249.00,2500.000,2500.000,249.50,249.65,99.000,405.000,248.85,249.10,2500.000,2500.000,249.45,249.75,4240.000,12785.000,17500.000,25000.000,248.793,249.177,249.350,249.900,-0.600,-0.704
2017-04-26 12:48:00,248.836,249.532,725.000,2268.000,248.95,249.00,5000.000,5000.000,249.40,249.65,99.000,229.000,248.85,249.05,2500.000,5000.000,249.35,249.75,1615.000,8879.000,20000.000,27500.000,248.840,249.122,249.287,249.864,-0.550,-0.704
2017-04-26 12:49:00,248.934,249.576,340.000,2180.000,248.95,249.00,2500.000,2500.000,249.55,249.70,320.000,241.000,248.85,249.10,2500.000,5000.000,249.45,249.75,6204.000,9480.000,17500.000,25000.000,248.768,249.178,249.400,249.890,-0.650,-0.701
2017-04-26 12:50:00,248.877,249.570,85.000,364.000,248.85,248.90,5000.000,2500.000,249.40,249.65,120.000,352.000,248.80,248.95,2500.000,5000.000,249.35,249.70,2118.000,3224.000,22500.000,15000.000,248.685,248.995,249.256,249.742,-0.650,-0.689
2017-04-26 12:51:00,248.768,249.578,9.000,56.000,248.85,248.90,2500.000,2500.000,249.50,249.60,1281.000,387.000,248.70,248.95,2500.000,5000.000,249.45,249.75,4485.000,7050.000,17500.000,27500.000,248.630,249.087,249.371,249.882,-0.675,-0.639
2017-04-26 12:52:00,248.831,249.508,83.000,327.000,248.85,248.95,2500.000,5000.000,249.40,249.65,109.000,1952.000,248.75,249.00,2500.000,5000.000,249.35,249.70,2500.000,4630.000,20000.000,25000.000,248.659,249.063,249.256,249.810,-0.625,-0.603
2017-04-26 12:53:00,248.744,249.443,103.000,193.000,248.90,248.95,2500.000,2500.000,249.40,249.60,81.000,1952.000,248.85,249.00,2500.000,5000.000,249.35,249.65,1009.000,9111.000,12500.000,25000.000,248.727,249.105,249.300,249.805,-0.575,-0.549
2017-04-26 12:54:00,248.690,249.315,100.000,257.000,248.80,248.85,2500.000,2500.000,249.25,249.40,109.000,324.000,248.75,248.90,2500.000,2500.000,249.20,249.45,596.000,12529.000,12500.000,20000.000,248.710,248.971,249.150,249.656,-0.500,-0.525
2017-04-26 12:55:00,248.615,249.247,37.000,264.000,248.60,248.70,2500.000,5000.000,249.10,249.30,60.000,2804.000,248.55,248.80,2500.000,5000.000,249.05,249.50,3247.000,7959.000,17500.000,20000.000,248.448,248.851,248.964,249.506,-0.550,-0.497
2017-04-26 12:56:00,248.360,248.921,85.000,2342.000,248.40,248.50,2500.000,2500.000,248.85,249.05,209.000,574.000,248.35,248.55,2500.000,5000.000,248.80,249.10,1394.000,9604.000,12500.000,17500.000,248.258,248.581,248.750,249.143,-0.500,-0.477
2017-04-26 12:57:00,248.273,248.770,1.000,2847.000,248.30,248.40,2500.000,15000.000,248.70,248.90,79.000,2599.000,248.25,248.45,2500.000,2500.000,248.65,248.95,752.000,7076.000,17500.000,37500.000,248.151,248.456,248.586,249.003,-0.450,-0.453
2017-04-26 12:58:00,248.082,248.513,69.000,1422.000,248.05,248.10,2500.000,5000.000,248.45,248.60,1120.000,160.000,248.00,248.20,5000.000,5000.000,248.40,248.65,3172.000,4994.000,22500.000,25000.000,247.919,248.229,248.356,248.700,-0.450,-0.467
2017-04-26 12:59:00,248.358,248.861,3.000,106.000,248.35,248.40,5000.000,2500.000,248.75,248.95,110.000,70.000,248.30,248.50,2500.000,2500.000,248.70,249.00,1425.000,1966.000,22500.000,22500.000,248.204,248.611,248.628,249.089,-0.475,-0.428
2017-04-26 13:00:00,248.357,248.847,20.000,15.000,248.40,248.50,2500.000,2500.000,248.75,248.95,295.000,554.000,248.35,248.60,2500.000,7500.000,248.70,249.00,2179.000,6583.000,20000.000,22500.000,248.248,248.707,248.619,249.100,-0.400,-0.390
2017-04-26 13:01:00,248.477,248.941,136.000,672.000,248.50,248.55,2500.000,2500.000,248.85,249.00,61.000,2369.000,248.45,248.70,5000.000,7500.000,248.80,249.05,1750.000,7722.000,20000.000,20000.000,248.365,248.732,248.731,249.100,-0.400,-0.343
2017-04-26 13:02:00,248.325,248.705,20.000,496.000,248.25,248.35,2500.000,25000.000,248.60,248.80,110.000,708.000,248.15,248.40,5000.000,5000.000,248.55,248.85,6440.000,5043.000,27500.000,42500.000,248.039,248.468,248.477,248.859,-0.400,-0.323
2017-04-26 13:03:00,247.863,248.364,656.000,7.000,247.95,248.00,2500.000,2500.000,248.30,248.50,60.000,354.000,247.85,248.10,2500.000,7500.000,248.25,248.55,2220.000,4299.000,15000.000,20000.000,247.813,248.228,248.183,248.613,-0.425,-0.278
2017-04-26 13:04:00,248.126,248.430,20.000,27.000,248.00,248.10,7500.000,2500.000,248.35,248.55,406.000,50.000,247.95,248.15,2500.000,5000.000,248.30,248.60,2659.000,1092.000,17500.000,20000.000,247.854,248.268,248.271,248.681,-0.400,-0.285
2017-04-26 13:05:00,248.142,248.442,199.000,667.000,248.05,248.20,2500.000,7500.000,248.45,248.60,100.000,404.000,248.00,248.25,2500.000,5000.000,248.40,248.65,3141.000,3286.000,12500.000,35000.000,247.895,248.312,248.340,248.693,-0.400,-0.316
2017-04-26 13:06:00,247.982,248.212,315.000,42.000,247.90,247.95,2500.000,2500.000,248.20,248.35,63.000,110.000,247.80,248.00,2500.000,7500.000,248.15,248.45,3093.000,1489.000,17500.000,25000.000,247.693,248.090,247.971,248.490,-0.350,-0.334
2017-04-26 13:07:00,247.845,248.124,114.000,17.000,247.75,247.80,2500.000,5000.000,248.10,248.30,705.000,384.000,247.70,247.90,5000.000,7500.000,248.05,248.35,3583.000,2527.000,17500.000,35000.000,247.604,247.967,247.971,248.429,-0.425,-0.340
2017-04-26 13:08:00,247.798,248.076,1.000,119.000,247.75,247.80,7500.000,12500.000,248.00,248.25,598.000,50.000,247.70,247.90,2500.000,5000.000,247.95,248.30,1632.000,1605.000,17500.000,30000.000,247.629,247.975,247.929,248.317,-0.350,-0.347
2017-04-26 13:09:00,247.726,248.066,63.000,121.000,247.65,247.70,10000.000,5000.000,248.00,248.20,493.000,142.000,247.60,247.85,2500.000,15000.000,247.95,248.25,4546.000,4209.000,20000.000,27500.000,247.512,247.948,247.912,248.277,-0.425,-0.349
2017-04-26 13:10:00,247.485,247.936,146.000,50.000,247.40,247.60,5000.000,2500.000,247.80,248.00,374.000,464.000,247.35,247.65,2500.000,2500.000,247.75,248.10,3004.000,3548.000,17500.000,17500.000,247.250,247.740,247.714,248.221,-0.400,-0.343
2017-04-26 13:11:00,248.069,248.394,239.000,11.000,248.00,248.05,2500.000,2500.000,248.30,248.50,51.000,309.000,247.95,248.20,7500.000,10000.000,248.25,248.55,1594.000,1607.000,20000.000,20000.000,247.857,248.287,248.169,248.581,-0.375,-0.349
2017-04-26 13:12:00,248.243,248.550,114.000,23.000,248.15,248.20,2500.000,5000.000,248.50,248.65,505.000,1.000,248.10,248.25,5000.000,2500.000,248.45,248.70,7515.000,4099.000,15000.000,20000.000,248.004,248.418,248.408,248.744,-0.400,-0.344
2017-04-26 13:13:00,248.142,248.455,104.000,1277.000,248.05,248.10,5000.000,2500.000,248.35,248.55,958.000,541.000,247.90,248.15,5000.000,5000.000,248.30,248.60,6461.000,3421.000,27500.000,25000.000,247.789,248.173,248.255,248.655,-0.375,-0.339
2017-04-26 13:14:00,247.832,248.182,1.000,748.000,247.75,247.90,2500.000,2500.000,248.10,248.25,172.000,172.000,247.70,247.95,2500.000,2500.000,248.05,248.30,1902.000,2248.000,27500.000,20000.000,247.614,247.990,247.950,248.369,-0.350,-0.335
2017-04-26 13:15:00,247.661,248.084,3.000,106.000,247.80,247.85,5000.000,2500.000,247.95,248.15,1.000,479.000,247.75,247.90,5000.000,5000.000,247.90,248.20,441.000,3909.000,30000.000,25000.000,247.561,247.989,247.842,248.305,-0.225,-0.333
2017-04-26 13:16:00,247.727,248.079,235.000,41.000,247.75,247.80,5000.000,5000.000,248.00,248.20,168.000,7.000,247.70,247.85,2500.000,7500.000,247.95,248.25,2268.000,3582.000,17500.000,25000.000,247.608,247.959,247.900,248.305,-0.325,-0.353
2017-04-26 13:17:00,248.023,248.305,100.000,366.000,247.95,248.00,7500.000,2500.000,248.20,248.40,154.000,50.000,247.90,248.05,2500.000,7500.000,248.15,248.45,4271.000,3472.000,27500.000,27500.000,247.791,248.197,248.105,248.527,-0.325,-0.368
2017-04-26 13:18:00,248.087,248.374,41.000,66.000,248.05,248.10,7500.000,5000.000,248.25,248.45,1395.000,60.000,248.00,248.15,2500.000,5000.000,248.20,248.50,2758.000,1740.000,27500.000,20000.000,247.941,248.257,248.159,248.531,-0.275,-0.371
2017-04-26 13:19:00,248.344,248.678,2072.000,20.000,248.25,248.35,7500.000,2500.000,248.65,248.70,1319.000,502.000,248.20,248.40,2500.000,7500.000,248.60,248.75,7351.000,3460.000,25000.000,25000.000,248.165,248.449,248.515,248.870,-0.375,-0.364
2017-04-26 13:20:00,248.315,248.725,97.000,342.000,248.35,248.40,10000.000,2500.000,248.65,248.80,95.000,113.000,248.30,248.45,5000.000,5000.000,248.60,248.85,2346.000,4746.000,22500.000,17500.000,248.208,248.548,248.583,248.893,-0.350,-0.349
2017-04-26 13:21:00,248.303,248.756,166.000,76.000,248.35,248.40,5000.000,2500.000,248.70,248.80,1.000,113.000,248.30,248.45,10000.000,2500.000,248.65,248.85,2006.000,4480.000,25000.000,17500.000,248.202,248.557,248.595,248.914,-0.375,-0.306
2017-04-26 13:22:00,248.366,248.723,94.000,476.000,248.35,248.40,5000.000,5000.000,248.65,248.75,122.000,113.000,248.30,248.45,2500.000,5000.000,248.55,248.80,2304.000,2735.000,20000.000,17500.000,248.201,248.538,248.500,248.843,-0.325,-0.299
2017-04-26 13:23:00,248.096,248.400,160.000,45.000,248.05,248.10,5000.000,2500.000,248.35,248.55,153.000,321.000,248.00,248.30,2500.000,5000.000,248.30,248.60,2317.000,3641.000,17500.000,22500.000,247.900,248.389,248.250,248.672,-0.375,-0.323
2017-04-26 13:24:00,248.120,248.418,50.000,2.000,248.05,248.10,5000.000,2500.000,248.25,248.45,153.000,6.000,248.00,248.15,7500.000,2500.000,248.20,248.50,1590.000,900.000,35000.000,20000.000,247.902,248.258,248.150,248.625,-0.275,-0.327
2017-04-26 13:25:00,248.114,248.446,20.000,430.000,248.10,248.15,5000.000,2500.000,248.40,248.50,188.000,104.000,248.05,248.20,5000.000,2500.000,248.35,248.55,2452.000,3107.000,17500.000,15000.000,247.968,248.347,248.321,248.608,-0.325,-0.327
2017-04-26 13:26:00,247.982,248.221,200.000,101.000,247.90,247.95,5000.000,2500.000,248.20,248.30,515.000,60.000,247.85,248.05,2500.000,2500.000,248.10,248.35,3212.000,2076.000,20000.000,22500.000,247.763,248.151,248.062,248.517,-0.325,-0.341
2017-04-26 13:27:00,248.162,248.486,41.000,18.000,248.10,248.15,5000.000,5000.000,248.40,248.60,532.000,5.000,248.05,248.20,2500.000,7500.000,248.35,248.65,2748.000,1175.000,20000.000,25000.000,247.989,248.320,248.300,248.685,-0.375,-0.336
2017-04-26 13:28:00,248.073,248.497,173.000,774.000,248.15,248.30,2500.000,2500.000,248.40,248.50,797.000,738.000,248.10,248.35,5000.000,2500.000,248.30,248.55,3826.000,17508.000,30000.000,12500.000,248.012,248.457,248.250,248.600,-0.225,-0.338
2017-04-26 13:29:00,248.050,248.365,332.000,47.000,248.05,248.10,2500.000,2500.000,248.25,248.40,196.000,2216.000,248.00,248.15,5000.000,7500.000,248.20,248.45,1686.000,3652.000,25000.000,25000.000,247.915,248.186,248.120,248.525,-0.250,-0.361
2017-04-26 13:30:00,248.013,248.347,1064.000,1397.000,248.00,248.05,2500.000,2500.000,248.30,248.40,60.000,1154.000,247.95,248.10,7500.000,5000.000,248.25,248.45,3889.000,5065.000,22500.000,20000.000,247.888,248.151,248.200,248.506,-0.325,-0.358
2017-04-26 13:31:00,248.078,248.386,1282.000,7.000,248.00,248.05,2500.000,5000.000,248.35,248.50,50.000,60.000,247.95,248.15,5000.000,5000.000,248.30,248.55,5160.000,2830.000,17500.000,27500.000,247.885,248.250,248.250,248.636,-0.400,-0.388
2017-04-26 13:32:00,248.058,248.356,633.000,297.000,248.05,248.10,5000.000,5000.000,248.30,248.45,1248.000,431.000,248.00,248.15,2500.000,2500.000,248.25,248.50,4083.000,5298.000,20000.000,22500.000,247.930,248.216,248.206,248.561,-0.300,-0.432
2017-04-26 13:33:00,248.157,248.592,406.000,83.000,248.05,248.10,7500.000,2500.000,248.40,248.55,1028.000,781.000,248.00,248.15,5000.000,7500.000,248.35,248.60,4748.000,1760.000,90000.000,17500.000,247.915,248.202,248.304,248.636,-0.400,-0.409
2017-04-26 13:34:00,248.365,248.794,973.000,503.000,248.40,248.45,2500.000,7500.000,248.70,248.90,99.000,1955.000,248.35,248.50,7500.000,7500.000,248.65,248.95,2995.000,6021.000,20000.000,25000.000,248.293,248.580,248.600,248.970,-0.375,-0.388
2017-04-26 13:35:00,248.503,248.822,422.000,47.000,248.50,248.55,7500.000,2500.000,248.80,248.95,167.000,1013.000,248.45,248.60,2500.000,5000.000,248.75,249.00,3600.000,4327.000,17500.000,22500.000,248.373,248.691,248.714,249.083,-0.350,-0.400
2017-04-26 13:36:00,248.501,248.960,537.000,234.000,248.40,248.45,7500.000,7500.000,248.75,248.95,550.000,699.000,248.35,248.50,2500.000,10000.000,248.70,249.00,5378.000,2011.000,45000.000,30000.000,248.272,248.557,248.567,249.071,-0.425,-0.364
2017-04-26 13:37:00,248.468,248.988,1083.000,57.000,248.45,248.50,7500.000,7500.000,248.75,248.95,265.000,364.000,248.35,248.60,5000.000,5000.000,248.70,249.00,4274.000,3578.000,47500.000,27500.000,248.298,248.701,248.571,249.118,-0.375,-0.325
2017-04-26 13:38:00,248.489,248.805,377.000,41.000,248.40,248.45,2500.000,5000.000,248.75,248.90,50.000,188.000,248.35,248.50,7500.000,7500.000,248.70,248.95,4111.000,1585.000,20000.000,30000.000,248.269,248.601,248.656,249.046,-0.400,-0.342
2017-04-26 13:39:00,248.480,248.805,2808.000,8.000,248.40,248.45,2500.000,2500.000,248.75,248.90,140.000,205.000,248.35,248.50,15000.000,5000.000,248.70,248.95,5715.000,1169.000,25000.000,27500.000,248.323,248.599,248.675,249.014,-0.400,-0.381
2017-04-26 13:40:00,248.563,248.945,205.000,908.000,248.55,248.60,2500.000,5000.000,248.75,248.95,60.000,250.000,248.45,248.70,17500.000,7500.000,248.70,249.00,2537.000,3475.000,52500.000,27500.000,248.362,248.751,248.640,249.082,-0.275,-0.384
2017-04-26 13:41:00,248.774,249.052,113.000,239.000,248.65,248.75,5000.000,2500.000,248.90,249.10,111.000,96.000,248.60,248.80,2500.000,10000.000,248.85,249.15,3243.000,1795.000,32500.000,22500.000,248.480,248.890,248.727,249.183,-0.300,-0.422
2017-04-26 13:42:00,248.715,249.038,49.000,176.000,248.65,248.70,2500.000,2500.000,248.85,249.05,326.000,73.000,248.60,248.75,12500.000,10000.000,248.80,249.10,2449.000,1830.000,50000.000,25000.000,248.485,248.835,248.730,249.160,-0.275,-0.442
2017-04-26 13:43:00,248.695,249.095,200.000,33.000,248.70,248.80,2500.000,2500.000,248.95,249.15,124.000,524.000,248.65,248.85,2500.000,7500.000,248.90,249.20,4383.000,6852.000,30000.000,22500.000,248.538,248.975,248.838,249.250,-0.300,-0.446
2017-04-26 13:44:00,248.654,249.175,28.000,485.000,248.75,248.80,5000.000,5000.000,249.00,249.15,555.000,36.000,248.65,248.85,2500.000,5000.000,248.95,249.20,3862.000,8745.000,35000.000,20000.000,248.554,248.977,248.864,249.244,-0.300,-0.396
2017-04-26 13:45:00,248.637,249.035,104.000,1915.000,248.60,248.70,10000.000,2500.000,248.90,249.05,304.000,143.000,248.55,248.80,12500.000,7500.000,248.85,249.10,1995.000,3961.000,40000.000,27500.000,248.474,248.808,248.806,249.245,-0.325,-0.387
2017-04-26 13:46:00,248.606,249.072,3.000,124.000,248.60,248.65,2500.000,2500.000,248.85,249.00,332.000,1773.000,248.50,248.70,2500.000,5000.000,248.80,249.05,3140.000,4018.000,52500.000,20000.000,248.392,248.754,248.705,249.144,-0.300,-0.356
2017-04-26 13:47:00,248.650,249.075,2.000,91.000,248.65,248.70,5000.000,5000.000,248.90,249.10,304.000,750.000,248.55,248.75,5000.000,2500.000,248.85,249.15,1899.000,2256.000,37500.000,17500.000,248.460,248.812,248.777,249.186,-0.325,-0.358
2017-04-26 13:48:00,248.633,249.050,51.000,12.000,248.70,248.75,5000.000,5000.000,248.90,249.10,73.000,600.000,248.65,248.80,2500.000,5000.000,248.85,249.15,1134.000,2692.000,27500.000,20000.000,248.506,248.890,248.773,249.194,-0.275,-0.348
2017-04-26 13:49:00,248.760,249.034,1.000,61.000,248.70,248.75,2500.000,7500.000,248.95,249.10,1025.000,785.000,248.65,248.80,5000.000,7500.000,248.90,249.15,3770.000,2825.000,22500.000,25000.000,248.546,248.882,248.839,249.175,-0.300,-0.386
2017-04-26 13:50:00,248.626,248.977,72.000,94.000,248.70,248.75,2500.000,2500.000,248.95,249.10,285.000,785.000,248.65,248.80,2500.000,2500.000,248.90,249.15,3476.000,11558.000,12500.000,20000.000,248.523,248.975,248.850,249.262,-0.300,-0.419
2017-04-26 13:51:00,248.680,248.991,12.000,711.000,248.60,248.65,2500.000,5000.000,248.90,249.00,279.000,565.000,248.55,248.75,2500.000,5000.000,248.80,249.05,4100.000,3721.000,30000.000,27500.000,248.461,248.786,248.704,249.209,-0.325,-0.457
2017-04-26 13:52:00,248.620,249.056,1.000,488.000,248.60,248.65,2500.000,2500.000,248.85,249.00,228.000,415.000,248.55,248.75,2500.000,2500.000,248.80,249.05,1988.000,3514.000,42500.000,17500.000,248.453,248.801,248.726,249.157,-0.300,-0.465
2017-04-26 13:53:00,248.626,248.993,170.000,426.000,248.60,248.65,2500.000,2500.000,248.85,249.00,660.000,509.000,248.50,248.75,2500.000,2500.000,248.80,249.05,3336.000,3949.000,22500.000,15000.000,248.412,248.803,248.728,249.117,-0.300,-0.483
2017-04-26 13:54:00,248.456,248.922,280.000,74.000,248.50,248.60,2500.000,2500.000,248.75,248.85,176.000,440.000,248.45,248.65,22500.000,2500.000,248.70,248.95,1978.000,5086.000,45000.000,17500.000,248.369,248.751,248.647,249.007,-0.250,-0.479
2017-04-26 13:55:00,248.443,248.959,1392.000,20.000,248.50,248.55,5000.000,2500.000,248.75,248.95,50.000,422.000,248.45,248.65,7500.000,10000.000,248.70,249.00,3078.000,7375.000,32500.000,25000.000,248.411,248.751,248.638,249.135,-0.325,-0.460
2017-04-26 13:56:00,248.509,249.008,1025.000,177.000,248.50,248.65,2500.000,5000.000,248.85,249.00,422.000,60.000,248.45,248.70,5000.000,7500.000,248.80,249.05,4024.000,6227.000,30000.000,30000.000,248.402,248.795,248.713,249.171,-0.350,-0.444
2017-04-26 13:57:00,248.543,249.021,1455.000,193.000,248.55,248.60,7500.000,7500.000,248.75,249.00,210.000,811.000,248.50,248.65,10000.000,7500.000,248.70,249.05,3747.000,5703.000,57500.000,32500.000,248.449,248.771,248.641,249.173,-0.300,-0.441
2017-04-26 13:58:00,248.378,248.835,69.000,69.000,248.35,248.45,5000.000,5000.000,248.70,248.85,397.000,604.000,248.30,248.55,2500.000,7500.000,248.65,248.90,3082.000,5179.000,35000.000,25000.000,248.201,248.633,248.579,248.945,-0.375,-0.443
2017-04-26 13:59:00,248.317,248.759,106.000,521.000,248.30,248.45,7500.000,2500.000,248.60,248.75,1474.000,10.000,248.25,248.50,12500.000,2500.000,248.55,248.80,3242.000,5876.000,52500.000,20000.000,248.197,248.564,248.495,248.881,-0.300,-0.449
2017-04-26 14:00:00,248.473,248.897,2241.000,18.000,248.55,248.60,5000.000,2500.000,248.80,248.90,110.000,268.000,248.45,248.65,5000.000,7500.000,248.75,249.00,3809.000,7006.000,25000.000,22500.000,248.466,248.731,248.695,249.056,-0.275,-0.455
2017-04-26 14:01:00,248.523,248.940,213.000,1050.000,248.55,248.60,5000.000,2500.000,248.70,248.90,60.000,824.000,248.40,248.65,7500.000,5000.000,248.65,248.95,3981.000,6450.000,55000.000,20000.000,248.281,248.699,248.584,249.019,-0.225,-0.486
2017-04-26 14:02:00,248.356,248.821,121.000,11.000,248.40,248.45,5000.000,2500.000,248.65,248.75,414.000,100.000,248.30,248.50,5000.000,2500.000,248.60,248.80,3253.000,4778.000,55000.000,17500.000,248.240,248.584,248.509,248.886,-0.275,-0.489
2017-04-26 14:03:00,248.343,248.809,3.000,68.000,248.35,248.40,5000.000,2500.000,248.65,248.80,160.000,100.000,248.30,248.45,7500.000,10000.000,248.60,248.85,3035.000,3640.000,42500.000,27500.000,248.188,248.589,248.535,248.995,-0.350,-0.473
2017-04-26 14:04:00,248.342,248.816,1330.000,324.000,248.35,248.40,5000.000,2500.000,248.65,248.80,110.000,719.000,248.30,248.50,7500.000,7500.000,248.60,248.85,4137.000,6505.000,45000.000,25000.000,248.236,248.587,248.533,249.005,-0.350,-0.462
2017-04-26 14:05:00,248.349,248.803,683.000,146.000,248.40,248.45,5000.000,2500.000,248.60,248.75,8.000,734.000,248.35,248.50,10000.000,2500.000,248.55,248.80,2993.000,6289.000,60000.000,15000.000,248.221,248.573,248.479,248.858,-0.250,-0.456
2017-04-26 14:06:00,248.298,248.867,158.000,182.000,248.40,248.45,2500.000,2500.000,248.65,248.80,218.000,1575.000,248.25,248.50,5000.000,2500.000,248.60,248.85,3147.000,7250.000,37500.000,15000.000,248.175,248.578,248.523,248.950,-0.300,-0.420
2017-04-26 14:07:00,248.420,248.904,1271.000,110.000,248.50,248.55,5000.000,7500.000,248.70,248.90,183.000,894.000,248.45,248.60,7500.000,2500.000,248.65,248.95,2583.000,8043.000,42500.000,27500.000,248.429,248.694,248.582,249.077,-0.275,-0.417
2017-04-26 14:08:00,248.517,248.903,1502.000,66.000,248.45,248.50,7500.000,5000.000,248.75,248.95,544.000,90.000,248.40,248.55,2500.000,2500.000,248.70,249.00,5761.000,2829.000,27500.000,22500.000,248.330,248.641,248.650,249.150,-0.375,-0.400
2017-04-26 14:09:00,248.481,248.902,105.000,865.000,248.45,248.50,5000.000,5000.000,248.75,248.85,2296.000,27.000,248.40,248.55,5000.000,2500.000,248.65,248.95,6231.000,5853.000,40000.000,30000.000,248.316,248.632,248.581,249.104,-0.325,-0.367
2017-04-26 14:10:00,248.468,248.889,2944.000,58.000,248.45,248.50,5000.000,2500.000,248.80,248.90,522.000,146.000,248.40,248.60,2500.000,2500.000,248.75,249.00,7572.000,7201.000,22500.000,25000.000,248.350,248.704,248.689,249.180,-0.375,-0.339
2017-04-26 14:11:00,248.544,248.935,1.000,682.000,248.55,248.65,10000.000,2500.000,248.85,249.00,2372.000,550.000,248.50,248.70,2500.000,5000.000,248.80,249.05,3110.000,5073.000,22500.000,20000.000,248.472,248.769,248.778,249.175,-0.325,-0.303
2017-04-26 14:12:00,248.377,248.842,1855.000,160.000,248.45,248.50,5000.000,2500.000,248.70,248.85,51.000,163.000,248.40,248.55,5000.000,2500.000,248.65,248.90,2530.000,5821.000,30000.000,17500.000,248.408,248.644,248.588,248.964,-0.300,-0.279
2017-04-26 14:13:00,247.889,248.192,6.000,237.000,247.95,248.05,2500.000,5000.000,248.10,248.25,60.000,3776.000,247.90,248.10,2500.000,2500.000,248.05,248.30,4490.000,18395.000,22500.000,22500.000,247.777,248.193,247.961,248.422,-0.175,-0.259
2017-04-26 14:14:00,247.874,248.128,1399.000,2044.000,247.90,248.05,2500.000,5000.000,248.10,248.20,223.000,3020.000,247.85,248.10,7500.000,2500.000,248.05,248.25,6946.000,20996.000,20000.000,25000.000,247.787,248.172,248.000,248.380,-0.175,-0.259
2017-04-26 14:15:00,247.731,248.016,6.000,50.000,247.85,247.90,5000.000,5000.000,247.90,248.10,680.000,169.000,247.75,247.95,5000.000,2500.000,247.85,248.15,3363.000,12087.000,20000.000,20000.000,247.653,248.057,247.819,248.275,-0.125,-0.240
2017-04-26 14:16:00,247.525,247.732,468.000,789.000,247.30,247.50,2500.000,10000.000,247.55,247.85,1389.000,50.000,247.25,247.55,2500.000,2500.000,247.50,247.90,8204.000,2607.000,20000.000,22500.000,247.180,247.577,247.400,247.939,-0.300,-0.229
2017-04-26 14:17:00,247.286,247.631,270.000,422.000,247.25,247.30,2500.000,2500.000,247.45,247.65,68.000,479.000,247.10,247.35,2500.000,5000.000,247.40,247.70,6968.000,4719.000,22500.000,17500.000,246.982,247.448,247.283,247.807,-0.275,-0.191
2017-04-26 14:18:00,247.302,247.503,510.000,49.000,247.25,247.30,2500.000,5000.000,247.50,247.70,121.000,6.000,247.20,247.35,5000.000,2500.000,247.45,247.75,2291.000,1173.000,15000.000,27500.000,247.142,247.456,247.383,247.868,-0.325,-0.206
2017-04-26 14:19:00,247.360,247.617,6.000,879.000,247.45,247.55,2500.000,2500.000,247.55,247.80,200.000,1293.000,247.30,247.60,2500.000,5000.000,247.50,247.85,2249.000,6014.000,12500.000,25000.000,247.199,247.683,247.440,247.990,-0.175,-0.212
2017-04-26 14:20:00,247.348,247.538,104.000,375.000,247.15,247.25,2500.000,5000.000,247.45,247.65,1626.000,110.000,247.10,247.35,5000.000,2500.000,247.40,247.70,9680.000,2808.000,20000.000,22500.000,247.000,247.444,247.350,247.794,-0.350,-0.236
2017-04-26 14:21:00,247.372,247.525,1.000,685.000,247.20,247.35,2500.000,5000.000,247.40,247.65,31.000,420.000,247.15,247.40,7500.000,5000.000,247.35,247.75,5421.000,2794.000,20000.000,25000.000,247.039,247.449,247.312,247.820,-0.250,-0.282
2017-04-26 14:22:00,247.482,247.636,56.000,258.000,247.25,247.40,2500.000,10000.000,247.50,247.70,1174.000,351.000,247.15,247.45,2500.000,2500.000,247.40,247.75,12459.000,2503.000,25000.000,20000.000,247.036,247.531,247.340,247.762,-0.275,-0.337
2017-04-26 14:23:00,247.197,247.472,500.000,2.000,247.10,247.15,2500.000,7500.000,247.25,247.50,710.000,404.000,247.05,247.20,2500.000,2500.000,247.20,247.65,4652.000,1300.000,27500.000,22500.000,246.998,247.249,247.073,247.650,-0.250,-0.371
2017-04-26 14:24:00,247.141,247.431,487.000,1179.000,247.05,247.10,2500.000,2500.000,247.20,247.45,1468.000,150.000,247.00,247.20,5000.000,2500.000,247.15,247.50,3486.000,2359.000,30000.000,15000.000,246.946,247.192,247.067,247.583,-0.250,-0.405
2017-04-26 14:25:00,246.505,246.813,311.000,30.000,246.40,246.50,2500.000,5000.000,246.70,246.85,50.000,1118.000,246.35,246.60,2500.000,5000.000,246.65,246.90,6425.000,5126.000,20000.000,17500.000,246.234,246.706,246.569,246.929,-0.325,-0.442
2017-04-26 14:26:00,246.009,246.392,464.000,10.000,245.85,245.90,5000.000,2500.000,246.25,246.50,92.000,175.000,245.80,245.95,2500.000,10000.000,246.20,246.55,5894.000,627.000,25000.000,22500.000,245.713,245.998,246.150,246.589,-0.500,-0.386
2017-04-26 14:27:00,245.914,246.344,700.000,44.000,245.90,245.95,5000.000,10000.000,246.30,246.45,55.000,514.000,245.85,246.00,2500.000,2500.000,246.25,246.50,3154.000,2968.000,17500.000,25000.000,245.781,246.101,246.214,246.540,-0.450,-0.383
2017-04-26 14:28:00,245.961,246.404,195.000,750.000,245.95,246.00,2500.000,2500.000,246.35,246.50,216.000,449.000,245.90,246.10,2500.000,2500.000,246.30,246.55,4268.000,6310.000,15000.000,20000.000,245.794,246.197,246.233,246.688,-0.450,-0.342
2017-04-26 14:29:00,246.253,246.714,2.000,452.000,246.25,246.35,7500.000,2500.000,246.60,246.80,51.000,639.000,246.15,246.40,2500.000,2500.000,246.55,246.95,3304.000,4822.000,22500.000,22500.000,246.055,246.468,246.467,247.061,-0.400,-0.277
2017-04-26 14:30:00,245.904,246.397,121.000,27.000,245.85,245.95,5000.000,2500.000,246.20,246.45,160.000,1164.000,245.80,246.00,2500.000,5000.000,246.15,246.50,2040.000,2937.000,25000.000,15000.000,245.688,246.093,246.100,246.558,-0.425,-0.252
2017-04-26 14:31:00,245.310,245.412,550.000,54.000,245.20,245.30,2500.000,2500.000,245.55,245.65,90.000,414.000,245.15,245.40,2500.000,2500.000,245.45,245.80,10189.000,7900.000,15000.000,55000.000,245.033,245.503,245.392,245.964,-0.350,-0.302
2017-04-26 14:32:00,244.923,245.342,119.000,443.000,244.85,245.00,5000.000,2500.000,245.15,245.35,1083.000,110.000,244.80,245.05,2500.000,2500.000,245.10,245.40,6149.000,4898.000,20000.000,12500.000,244.737,245.166,244.981,245.520,-0.325,-0.306
2017-04-26 14:33:00,244.956,245.193,6.000,297.000,244.85,244.90,2500.000,2500.000,245.10,245.30,24.000,51.000,244.70,244.95,5000.000,2500.000,245.05,245.35,2901.000,1058.000,15000.000,20000.000,244.585,245.022,245.008,245.525,-0.325,-0.337
2017-04-26 14:34:00,244.355,244.491,239.000,454.000,244.35,244.50,5000.000,2500.000,244.50,244.75,101.000,404.000,244.25,244.55,10000.000,2500.000,244.40,244.80,2428.000,4420.000,30000.000,72500.000,244.169,244.604,244.325,245.003,-0.200,-0.424
2017-04-26 14:35:00,244.431,244.797,1663.000,289.000,244.20,244.40,5000.000,2500.000,244.65,244.85,312.000,50.000,244.15,244.45,2500.000,2500.000,244.60,244.90,7786.000,2273.000,27500.000,12500.000,244.063,244.531,244.500,244.950,-0.450,-0.437
2017-04-26 14:36:00,243.713,244.067,735.000,210.000,243.50,243.60,2500.000,5000.000,244.00,244.20,402.000,110.000,243.40,243.70,2500.000,2500.000,243.95,244.25,8607.000,2012.000,12500.000,17500.000,243.293,243.792,243.860,244.300,-0.550,-0.493
2017-04-26 14:37:00,244.357,244.795,2652.000,364.000,244.20,244.35,2500.000,2500.000,244.75,244.85,4000.000,667.000,244.10,244.40,2500.000,2500.000,244.70,244.90,16638.000,4453.000,12500.000,15000.000,244.062,244.481,244.650,244.983,-0.525,-0.515
2017-04-26 14:38:00,244.556,244.944,600.000,498.000,244.50,244.60,2500.000,2500.000,244.90,245.10,70.000,404.000,244.40,244.65,5000.000,5000.000,244.85,245.15,3958.000,3801.000,17500.000,25000.000,244.296,244.716,244.786,245.270,-0.450,-0.544
2017-04-26 14:39:00,244.697,245.271,1756.000,340.000,244.70,244.75,5000.000,2500.000,245.20,245.30,1000.000,778.000,244.60,244.80,7500.000,2500.000,245.15,245.45,7772.000,7172.000,25000.000,27500.000,244.566,244.866,245.115,245.495,-0.525,-0.533
2017-04-26 14:40:00,244.328,244.757,413.000,14.000,244.10,244.20,2500.000,2500.000,244.80,245.05,3760.000,50.000,244.05,244.40,5000.000,2500.000,244.75,245.10,9122.000,2464.000,15000.000,40000.000,244.007,244.523,244.658,245.269,-0.775,-0.532
2017-04-26 14:41:00,243.669,244.303,822.000,199.000,243.65,243.75,2500.000,2500.000,244.25,244.45,50.000,422.000,243.60,243.85,2500.000,2500.000,244.20,244.50,6356.000,8357.000,15000.000,27500.000,243.530,243.965,244.133,244.591,-0.650,-0.484
2017-04-26 14:42:00,243.779,244.326,590.000,422.000,243.75,243.90,2500.000,2500.000,244.35,244.50,1323.000,1700.000,243.70,243.95,2500.000,2500.000,244.30,244.55,5216.000,8554.000,15000.000,32500.000,243.641,244.012,244.242,244.654,-0.600,-0.439
2017-04-26 14:43:00,243.840,244.376,281.000,50.000,243.75,243.85,2500.000,5000.000,244.35,244.55,804.000,27.000,243.70,243.95,5000.000,2500.000,244.30,244.60,7223.000,5530.000,17500.000,30000.000,243.609,244.069,244.179,244.650,-0.650,-0.412
2017-04-26 14:44:00,243.915,244.436,4052.000,49.000,243.80,244.00,5000.000,5000.000,244.40,244.60,310.000,110.000,243.75,244.05,2500.000,20000.000,244.35,244.70,8573.000,5240.000,15000.000,37500.000,243.724,244.149,244.300,244.737,-0.600,-0.399
2017-04-26 14:45:00,243.432,243.853,50.000,419.000,243.40,243.65,2500.000,5000.000,243.70,244.00,404.000,389.000,243.35,243.70,12500.000,5000.000,243.65,244.05,2802.000,5746.000,25000.000,22500.000,243.275,243.786,243.585,244.156,-0.325,-0.412
2017-04-26 14:46:00,243.865,244.261,654.000,199.000,243.85,243.95,5000.000,5000.000,244.25,244.45,360.000,624.000,243.80,244.00,2500.000,2500.000,244.20,244.50,3616.000,5580.000,17500.000,37500.000,243.718,244.197,244.114,244.597,-0.450,-0.415
2017-04-26 14:47:00,243.727,244.050,364.000,757.000,243.55,243.70,2500.000,2500.000,244.00,244.20,626.000,50.000,243.50,243.80,5000.000,5000.000,243.95,244.25,5031.000,2899.000,25000.000,30000.000,243.399,243.856,243.785,244.325,-0.475,-0.444
2017-04-26 14:48:00,243.906,244.305,1251.000,448.000,243.70,243.80,2500.000,2500.000,244.30,244.40,1854.000,504.000,243.65,243.90,7500.000,7500.000,244.25,244.45,15399.000,2837.000,17500.000,37500.000,243.578,243.974,244.214,244.507,-0.600,-0.409
2017-04-26 14:49:00,244.408,244.865,300.000,10.000,244.20,244.30,7500.000,7500.000,244.80,244.95,381.000,100.000,244.15,244.40,5000.000,7500.000,244.75,245.00,12466.000,2422.000,20000.000,22500.000,244.069,244.510,244.725,245.017,-0.625,-0.394
2017-04-26 14:50:00,244.506,244.988,571.000,662.000,244.40,244.50,2500.000,2500.000,244.95,245.05,412.000,110.000,244.35,244.55,7500.000,2500.000,244.85,245.10,6906.000,3683.000,17500.000,15000.000,244.271,244.625,244.814,245.192,-0.550,-0.325
2017-04-26 14:51:00,244.087,244.500,10.000,110.000,244.00,244.15,5000.000,5000.000,244.40,244.60,112.000,304.000,243.90,244.20,2500.000,2500.000,244.35,244.65,4195.000,3715.000,15000.000,15000.000,243.771,244.288,244.300,244.700,-0.425,-0.308
2017-04-26 14:52:00,243.603,244.069,100.000,10.000,243.60,243.75,5000.000,5000.000,244.00,244.20,475.000,148.000,243.55,243.80,2500.000,5000.000,243.95,244.25,2586.000,4405.000,17500.000,22500.000,243.473,243.908,243.864,244.289,-0.425,-0.292
2017-04-26 14:53:00,243.987,244.212,762.000,380.000,243.85,244.00,2500.000,7500.000,244.25,244.45,1043.000,50.000,243.80,244.05,2500.000,2500.000,244.20,244.50,4842.000,2387.000,15000.000,27500.000,243.735,244.124,244.025,244.564,-0.425,-0.351
2017-04-26 14:54:00,244.275,244.660,449.000,65.000,244.25,244.40,2500.000,2500.000,244.65,244.70,1292.000,1126.000,244.20,244.45,2500.000,2500.000,244.60,244.80,4644.000,8685.000,17500.000,20000.000,244.129,244.507,244.536,244.869,-0.350,-0.377
2017-04-26 14:55:00,244.398,244.536,514.000,100.000,244.15,244.30,2500.000,17500.000,244.55,244.75,452.000,54.000,244.10,244.35,5000.000,2500.000,244.50,244.80,6804.000,709.000,15000.000,37500.000,244.012,244.432,244.375,244.833,-0.425,-0.434
2017-04-26 14:56:00,244.345,244.672,267.000,2147.000,244.35,244.40,2500.000,7500.000,244.65,244.75,6.000,2695.000,244.30,244.45,7500.000,2500.000,244.60,244.85,3366.000,8900.000,17500.000,22500.000,244.198,244.484,244.486,244.861,-0.325,-0.456
2017-04-26 14:57:00,244.559,244.943,704.000,406.000,244.40,244.50,25000.000,2500.000,244.85,245.00,454.000,190.000,244.35,244.55,2500.000,2500.000,244.80,245.05,8470.000,2116.000,45000.000,22500.000,244.272,244.614,244.797,245.150,-0.475,-0.455
2017-04-26 14:58:00,244.683,245.206,54.000,776.000,244.70,244.80,10000.000,2500.000,245.10,245.20,200.000,669.000,244.65,244.85,2500.000,5000.000,245.05,245.25,4531.000,10285.000,67500.000,42500.000,244.520,244.948,244.974,245.347,-0.400,-0.418
2017-04-26 14:59:00,244.726,245.238,862.000,453.000,244.75,244.80,5000.000,5000.000,245.10,245.25,1191.000,669.000,244.70,244.85,5000.000,10000.000,245.05,245.30,2897.000,3721.000,62500.000,42500.000,244.681,244.935,244.970,245.353,-0.400,-0.360
2017-04-26 15:00:00,245.164,245.587,454.000,271.000,245.10,245.20,15000.000,2500.000,245.50,245.65,364.000,339.000,245.05,245.30,2500.000,7500.000,245.45,245.70,6113.000,5641.000,32500.000,25000.000,244.966,245.418,245.431,245.745,-0.425,-0.330
2017-04-26 15:01:00,245.798,246.238,354.000,5.000,245.80,245.85,10000.000,2500.000,246.20,246.30,2182.000,414.000,245.75,245.90,2500.000,2500.000,246.15,246.35,3861.000,3373.000,22500.000,20000.000,245.720,246.004,246.133,246.406,-0.425,-0.286
2017-04-26 15:02:00,245.635,246.009,2.000,144.000,245.65,245.70,2500.000,7500.000,245.95,246.15,489.000,343.000,245.60,245.75,5000.000,7500.000,245.90,246.20,3622.000,4613.000,15000.000,25000.000,245.497,245.916,245.842,246.220,-0.375,-0.261
2017-04-26 15:03:00,245.922,246.260,124.000,1568.000,246.05,246.15,2500.000,2500.000,246.20,246.35,479.000,889.000,246.00,246.20,7500.000,2500.000,246.15,246.40,1109.000,14446.000,20000.000,17500.000,245.965,246.302,246.056,246.464,-0.175,-0.241
2017-04-26 15:04:00,246.193,246.416,26.000,8.000,246.20,246.25,2500.000,5000.000,246.40,246.60,115.000,928.000,246.15,246.40,5000.000,7500.000,246.35,246.65,3643.000,8272.000,15000.000,25000.000,246.019,246.506,246.242,246.690,-0.275,-0.238
2017-04-26 15:05:00,246.593,246.866,411.000,374.000,246.60,246.65,10000.000,5000.000,246.75,246.95,400.000,40.000,246.55,246.70,2500.000,5000.000,246.70,247.00,3495.000,3868.000,22500.000,17500.000,246.475,246.822,246.672,247.029,-0.225,-0.238
2017-04-26 15:06:00,246.712,246.936,3.000,918.000,246.85,246.90,2500.000,7500.000,246.90,247.10,46.000,2700.000,246.80,246.95,5000.000,5000.000,246.85,247.15,401.000,16987.000,20000.000,42500.000,246.723,247.046,246.706,247.279,-0.125,-0.243
2017-04-26 15:07:00,246.324,246.571,6.000,401.000,246.40,246.45,5000.000,10000.000,246.50,246.75,114.000,50.000,246.35,246.55,2500.000,7500.000,246.45,246.80,2037.000,6630.000,15000.000,27500.000,246.245,246.674,246.400,246.814,-0.200,-0.242
2017-04-26 15:08:00,246.363,246.603,74.000,5398.000,246.45,246.50,10000.000,5000.000,246.50,246.70,875.000,887.000,246.40,246.55,5000.000,7500.000,246.45,246.75,3976.000,17316.000,25000.000,22500.000,246.278,246.618,246.415,246.783,-0.125,-0.249
2017-04-26 15:09:00,246.554,246.760,516.000,110.000,246.60,246.70,12500.000,10000.000,246.75,246.95,75.000,120.000,246.55,246.75,5000.000,2500.000,246.70,247.00,3448.000,9440.000,27500.000,35000.000,246.470,246.847,246.641,247.104,-0.200,-0.289
2017-04-26 15:10:00,246.517,246.791,2.000,522.000,246.60,246.65,7500.000,7500.000,246.70,246.90,77.000,812.000,246.55,246.70,2500.000,5000.000,246.65,246.95,2354.000,9343.000,17500.000,22500.000,246.453,246.803,246.614,247.017,-0.175,-0.307
2017-04-26 15:11:00,246.525,246.773,901.000,513.000,246.60,246.65,2500.000,2500.000,246.75,246.80,136.000,2452.000,246.55,246.70,10000.000,5000.000,246.70,246.85,4577.000,15758.000,20000.000,17500.000,246.502,246.790,246.662,246.893,-0.150,-0.315
2017-04-26 15:12:00,246.300,246.544,49.000,368.000,246.40,246.45,10000.000,7500.000,246.45,246.65,54.000,1593.000,246.35,246.50,2500.000,5000.000,246.40,246.70,2957.000,14030.000,20000.000,22500.000,246.238,246.616,246.387,246.744,-0.125,-0.320
2017-04-26 15:13:00,246.216,246.490,41.000,893.000,246.35,246.40,7500.000,2500.000,246.45,246.60,77.000,564.000,246.30,246.45,2500.000,5000.000,246.40,246.65,1284.000,12470.000,17500.000,20000.000,246.206,246.568,246.364,246.719,-0.150,-0.311
2017-04-26 15:14:00,246.783,247.188,36.000,1311.000,246.80,246.85,5000.000,2500.000,247.15,247.40,588.000,103.000,246.75,246.90,5000.000,5000.000,247.10,247.45,3048.000,5008.000,20000.000,30000.000,246.675,246.970,247.056,247.579,-0.450,-0.289
2017-04-26 15:15:00,246.884,247.246,77.000,793.000,246.95,247.00,2500.000,2500.000,247.15,247.25,74.000,587.000,246.90,247.05,5000.000,2500.000,247.10,247.35,973.000,4461.000,17500.000,15000.000,246.843,247.114,247.050,247.458,-0.225,-0.267
2017-04-26 15:16:00,246.900,247.191,574.000,102.000,246.90,246.95,2500.000,2500.000,247.10,247.25,570.000,2592.000,246.85,247.00,2500.000,2500.000,247.05,247.30,3199.000,5926.000,15000.000,12500.000,246.786,247.082,247.000,247.350,-0.250,-0.249
2017-04-26 15:17:00,246.968,247.238,37.000,1375.000,246.95,247.00,5000.000,2500.000,247.10,247.35,378.000,151.000,246.90,247.10,7500.000,2500.000,247.05,247.40,2952.000,4554.000,25000.000,17500.000,246.812,247.158,247.005,247.457,-0.250,-0.240
2017-04-26 15:18:00,247.069,247.293,130.000,330.000,246.95,247.00,7500.000,7500.000,247.15,247.40,422.000,38.000,246.90,247.05,5000.000,2500.000,247.10,247.45,5835.000,2019.000,20000.000,17500.000,246.791,247.141,247.075,247.493,-0.300,-0.269
2017-04-26 15:19:00,246.860,247.158,2.000,265.000,247.00,247.05,2500.000,2500.000,247.10,247.20,68.000,339.000,246.90,247.10,2500.000,2500.000,247.05,247.25,2520.000,13091.000,15000.000,15000.000,246.784,247.210,247.000,247.317,-0.125,-0.294
2017-04-26 15:20:00,246.764,247.013,69.000,273.000,246.90,246.95,2500.000,2500.000,246.95,247.05,399.000,1381.000,246.85,247.00,5000.000,2500.000,246.90,247.15,2354.000,16315.000,17500.000,20000.000,246.704,247.091,246.850,247.250,-0.075,-0.329
2017-04-26 15:21:00,246.685,246.885,13.000,1492.000,246.65,246.70,5000.000,2500.000,246.85,247.05,2324.000,241.000,246.55,246.75,5000.000,5000.000,246.80,247.10,5976.000,3845.000,17500.000,25000.000,246.477,246.795,246.764,247.190,-0.275,-0.436
2017-04-26 15:22:00,246.502,246.730,71.000,3440.000,246.45,246.50,5000.000,2500.000,246.70,246.90,1922.000,69.000,246.40,246.55,2500.000,2500.000,246.65,246.95,4304.000,4403.000,17500.000,20000.000,246.320,246.536,246.543,247.025,-0.325,-0.527
2017-04-26 15:23:00,246.218,246.587,2.000,1467.000,246.30,246.35,2500.000,7500.000,246.50,246.65,6.000,154.000,246.25,246.40,2500.000,5000.000,246.45,246.70,588.000,5788.000,15000.000,22500.000,246.147,246.532,246.400,246.789,-0.250,-0.607
2017-04-26 15:24:00,246.128,246.550,2861.000,942.000,246.00,246.05,7500.000,2500.000,246.50,246.55,538.000,147.000,245.90,246.15,2500.000,2500.000,246.45,246.60,9295.000,1735.000,20000.000,12500.000,245.846,246.125,246.419,246.670,-0.500,-0.622
2017-04-26 15:25:00,246.058,246.484,112.000,478.000,245.95,246.00,5000.000,10000.000,246.35,246.60,479.000,265.000,245.90,246.05,2500.000,2500.000,246.30,246.65,4290.000,4306.000,17500.000,22500.000,245.798,246.200,246.250,246.689,-0.500,-0.639
2017-04-26 15:26:00,244.935,245.671,2.000,1418.000,244.90,245.00,5000.000,2500.000,245.55,245.70,437.000,624.000,244.80,245.15,5000.000,2500.000,245.50,245.80,3057.000,5382.000,20000.000,15000.000,244.715,245.178,245.463,245.892,-0.675,-0.639
2017-04-26 15:27:00,244.996,245.679,7.000,403.000,244.95,245.00,2500.000,7500.000,245.40,245.60,786.000,50.000,244.90,245.05,2500.000,2500.000,245.35,245.65,3561.000,3168.000,25000.000,17500.000,244.756,245.135,245.255,245.750,-0.525,-0.639
2017-04-26 15:28:00,244.884,245.654,30.000,541.000,244.90,245.00,5000.000,2500.000,245.55,245.75,110.000,50.000,244.85,245.35,2500.000,2500.000,245.45,245.80,432.000,2090.000,20000.000,15000.000,244.812,245.338,245.406,245.858,-0.700,-0.639
2017-04-26 15:29:00,245.720,246.214,9.000,100.000,245.65,245.80,7500.000,2500.000,246.10,246.40,1239.000,38.000,245.60,245.85,2500.000,7500.000,246.05,246.45,6265.000,9023.000,17500.000,17500.000,245.280,246.015,245.950,246.507,-0.525,-0.639
2017-04-26 15:30:00,245.644,246.154,300.000,860.000,245.80,245.90,5000.000,2500.000,245.80,246.50,2510.000,200.000,245.70,246.15,2500.000,5000.000,245.75,246.60,3433.000,6330.000,17500.000,15000.000,245.635,246.282,245.507,246.675,-0.300,-0.639
2017-04-27 09:16:00,245.369,245.273,390.000,2416.000,245.20,245.50,5000.000,2500.000,245.10,245.50,253.000,183.000,245.15,245.55,2500.000,2500.000,244.95,245.55,1960.000,3722.000,15000.000,12500.000,245.074,245.613,244.917,245.620,0.050,-0.144
2017-04-27 09:17:00,245.450,245.481,309.000,2024.000,245.30,245.45,5000.000,2500.000,245.45,245.65,582.000,60.000,245.25,245.50,2500.000,2500.000,245.40,245.75,5232.000,3186.000,17500.000,22500.000,245.177,245.503,245.321,245.833,-0.175,-0.194
2017-04-27 09:18:00,245.490,245.647,458.000,517.000,245.40,245.45,5000.000,5000.000,245.60,245.80,1208.000,50.000,245.35,245.60,5000.000,5000.000,245.55,245.85,5371.000,3181.000,20000.000,25000.000,245.312,245.678,245.475,245.895,-0.275,-0.204
2017-04-27 09:19:00,245.246,245.424,307.000,124.000,245.10,245.25,5000.000,2500.000,245.35,245.55,336.000,440.000,245.05,245.35,5000.000,2500.000,245.05,245.65,3581.000,1924.000,25000.000,17500.000,245.007,245.400,245.050,245.743,-0.275,-0.214
2017-04-27 09:20:00,245.530,245.720,105.000,150.000,245.45,245.60,5000.000,2500.000,245.55,245.75,50.000,50.000,245.40,245.65,7500.000,5000.000,245.50,245.90,3223.000,3611.000,22500.000,15000.000,245.271,245.742,245.417,245.933,-0.125,-0.227
2017-04-27 09:21:00,245.748,245.911,99.000,545.000,245.60,245.75,5000.000,2500.000,245.75,245.95,66.000,390.000,245.50,245.80,2500.000,2500.000,245.50,246.00,4064.000,2453.000,20000.000,15000.000,245.380,245.850,245.500,246.233,-0.175,-0.227
2017-04-27 09:22:00,246.013,246.296,642.000,44.000,245.85,245.95,2500.000,5000.000,246.10,246.30,690.000,22.000,245.80,246.00,2500.000,2500.000,246.05,246.45,6979.000,2069.000,15000.000,15000.000,245.732,246.158,245.933,246.558,-0.300,-0.217
2017-04-27 09:23:00,246.449,246.655,590.000,35.000,246.30,246.50,2500.000,2500.000,246.45,246.75,390.000,254.000,246.25,246.55,2500.000,2500.000,246.40,246.95,3113.000,1631.000,12500.000,12500.000,246.142,246.644,246.330,246.980,-0.200,-0.220
2017-04-27 09:24:00,246.647,246.873,304.000,636.000,246.60,246.80,2500.000,2500.000,246.80,247.00,397.000,652.000,246.55,246.85,2500.000,2500.000,246.75,247.10,4811.000,8034.000,15000.000,17500.000,246.455,246.931,246.633,247.157,-0.200,-0.181
2017-04-27 09:25:00,246.627,246.883,2096.000,131.000,246.55,246.70,2500.000,2500.000,246.80,247.00,442.000,3093.000,246.50,246.85,2500.000,2500.000,246.75,247.05,6024.000,7913.000,15000.000,15000.000,246.447,246.905,246.667,247.142,-0.275,-0.224
2017-04-27 09:26:00,246.050,246.215,223.000,514.000,245.90,246.10,2500.000,5000.000,246.15,246.35,304.000,390.000,245.85,246.15,5000.000,2500.000,246.10,246.45,5592.000,3851.000,15000.000,17500.000,245.764,246.221,245.983,246.493,-0.250,-0.233
2017-04-27 09:27:00,245.938,246.171,4.000,674.000,245.95,246.05,2500.000,12500.000,246.10,246.20,205.000,729.000,245.90,246.10,2500.000,2500.000,245.90,246.35,3190.000,6785.000,22500.000,30000.000,245.765,246.201,245.839,246.379,-0.150,-0.222
2017-04-27 09:28:00,246.378,246.596,628.000,98.000,246.30,246.40,2500.000,2500.000,246.40,246.60,714.000,490.000,246.25,246.45,5000.000,5000.000,246.35,246.65,3253.000,1822.000,40000.000,17500.000,246.206,246.530,246.272,246.707,-0.150,-0.208
2017-04-27 09:29:00,246.159,246.192,100.000,624.000,246.10,246.20,2500.000,2500.000,246.10,246.30,61.000,651.000,246.05,246.25,2500.000,10000.000,246.05,246.35,5386.000,5602.000,17500.000,27500.000,245.947,246.328,245.971,246.459,-0.050,-0.254
2017-04-27 09:30:00,245.590,246.061,263.000,51.000,245.55,245.75,2500.000,7500.000,245.80,246.15,150.000,304.000,245.50,245.85,2500.000,2500.000,245.75,246.30,2411.000,4088.000,17500.000,17500.000,245.419,245.957,245.614,246.307,-0.325,-0.195
2017-04-27 09:31:00,246.151,246.363,68.000,863.000,246.10,246.25,10000.000,5000.000,246.20,246.40,1650.000,3093.000,246.05,246.30,2500.000,2500.000,246.15,246.50,6808.000,10131.000,35000.000,22500.000,245.974,246.351,246.093,246.556,-0.125,-0.175
2017-04-27 09:32:00,245.921,246.097,300.000,464.000,245.95,246.00,10000.000,2500.000,245.90,246.15,655.000,2159.000,245.90,246.05,7500.000,2500.000,245.85,246.20,3178.000,6979.000,27500.000,12500.000,245.840,246.162,245.827,246.260,-0.050,-0.203
2017-04-27 09:33:00,245.629,245.779,200.000,157.000,245.75,245.80,2500.000,5000.000,245.65,245.95,450.000,150.000,245.70,245.85,2500.000,2500.000,245.60,246.05,1661.000,6888.000,17500.000,25000.000,245.608,245.941,245.543,246.120,-0.025,-0.241
2017-04-27 09:34:00,245.629,245.890,80.000,30.000,245.65,245.70,2500.000,5000.000,245.80,245.95,783.000,150.000,245.60,245.80,2500.000,2500.000,245.70,246.00,4936.000,8028.000,20000.000,17500.000,245.517,245.926,245.594,246.050,-0.200,-0.242
2017-04-27 09:35:00,245.572,245.750,2312.000,962.000,245.45,245.50,5000.000,2500.000,245.70,245.85,3191.000,55.000,245.40,245.65,2500.000,5000.000,245.60,245.90,9024.000,3370.000,20000.000,17500.000,245.365,245.684,245.537,245.950,-0.300,-0.283
2017-04-27 09:36:00,245.392,245.504,40.000,174.000,245.25,245.35,2500.000,2500.000,245.45,245.65,25.000,60.000,245.20,245.40,2500.000,2500.000,245.30,245.70,7511.000,2731.000,17500.000,17500.000,245.029,245.518,245.257,245.764,-0.250,-0.334
2017-04-27 09:37:00,244.890,245.204,122.000,60.000,244.90,244.95,2500.000,2500.000,245.10,245.25,154.000,1460.000,244.85,245.00,2500.000,2500.000,245.05,245.35,2820.000,4630.000,15000.000,15000.000,244.744,245.092,244.958,245.400,-0.250,-0.344
2017-04-27 09:38:00,244.639,244.981,39.000,391.000,244.50,244.60,5000.000,5000.000,244.70,245.00,1.000,150.000,244.40,244.65,2500.000,2500.000,244.65,245.15,3380.000,1550.000,25000.000,15000.000,244.280,244.710,244.580,245.150,-0.300,-0.347
2017-04-27 09:39:00,244.975,245.238,150.000,684.000,244.80,244.90,2500.000,2500.000,245.15,245.40,2764.000,100.000,244.75,244.95,5000.000,2500.000,245.05,245.45,8281.000,1684.000,22500.000,20000.000,244.633,244.987,244.972,245.525,-0.425,-0.361
2017-04-27 09:40:00,244.527,244.911,2913.000,624.000,244.45,244.50,2500.000,5000.000,244.75,245.05,2600.000,15.000,244.40,244.55,2500.000,2500.000,244.70,245.10,7230.000,1155.000,17500.000,17500.000,244.398,244.578,244.636,245.143,-0.425,-0.340
2017-04-27 09:41:00,244.589,244.958,2750.000,202.000,244.50,244.55,2500.000,2500.000,244.85,245.05,150.000,300.000,244.45,244.60,2500.000,2500.000,244.80,245.10,6015.000,1630.000,17500.000,15000.000,244.428,244.713,244.700,245.150,-0.425,-0.330
2017-04-27 09:42:00,244.097,244.461,1999.000,761.000,244.10,244.15,2500.000,2500.000,244.30,244.60,56.000,94.000,244.05,244.20,2500.000,5000.000,244.25,244.65,4467.000,3508.000,22500.000,22500.000,244.014,244.285,244.183,244.744,-0.325,-0.310
2017-04-27 09:43:00,244.547,244.900,11.000,636.000,244.50,244.60,5000.000,5000.000,244.80,245.00,93.000,555.000,244.40,244.65,5000.000,5000.000,244.75,245.05,5156.000,5367.000,17500.000,20000.000,244.274,244.729,244.721,245.125,-0.350,-0.300
2017-04-27 09:44:00,244.692,245.026,854.000,231.000,244.60,244.70,5000.000,5000.000,244.90,245.20,1178.000,170.000,244.55,244.85,5000.000,5000.000,244.85,245.25,6480.000,5117.000,22500.000,25000.000,244.490,244.963,244.817,245.305,-0.400,-0.289
2017-04-27 09:45:00,244.676,244.953,952.000,44.000,244.60,244.70,2500.000,2500.000,244.85,245.15,1499.000,160.000,244.55,244.80,2500.000,2500.000,244.80,245.20,4647.000,3060.000,17500.000,30000.000,244.498,244.923,244.736,245.304,-0.350,-0.298
2017-04-27 09:46:00,244.680,245.003,540.000,128.000,244.65,244.80,2500.000,2500.000,244.90,245.15,1309.000,186.000,244.60,244.85,2500.000,2500.000,244.85,245.20,3806.000,4577.000,17500.000,22500.000,244.533,244.967,244.786,245.261,-0.300,-0.299
2017-04-27 09:47:00,244.994,245.256,150.000,117.000,244.85,245.00,2500.000,2500.000,245.15,245.45,797.000,60.000,244.80,245.05,2500.000,7500.000,245.10,245.50,6108.000,3821.000,17500.000,25000.000,244.691,245.223,245.029,245.580,-0.375,-0.296
2017-04-27 09:48:00,245.260,245.562,2485.000,499.000,245.15,245.20,5000.000,5000.000,245.45,245.65,2735.000,452.000,245.10,245.25,5000.000,2500.000,245.35,245.75,9873.000,1711.000,25000.000,25000.000,245.056,245.288,245.315,245.845,-0.375,-0.278
2017-04-27 09:49:00,245.156,245.438,1888.000,1105.000,245.00,245.25,2500.000,2500.000,245.35,245.50,364.000,1068.000,244.95,245.30,2500.000,2500.000,245.25,245.60,5884.000,4326.000,20000.000,20000.000,244.906,245.350,245.175,245.650,-0.300,-0.272
2017-04-27 09:50:00,245.151,245.474,1000.000,390.000,245.10,245.25,2500.000,2500.000,245.35,245.50,111.000,553.000,245.05,245.30,2500.000,2500.000,245.25,245.55,3881.000,4138.000,22500.000,20000.000,245.000,245.386,245.172,245.675,-0.250,-0.282
2017-04-27 09:51:00,245.117,245.444,583.000,21.000,245.10,245.15,2500.000,7500.000,245.35,245.50,453.000,60.000,245.05,245.25,2500.000,2500.000,245.25,245.55,2794.000,2631.000,20000.000,22500.000,245.005,245.361,245.181,245.628,-0.300,-0.268
2017-04-27 09:52:00,245.118,245.362,742.000,35.000,245.10,245.15,7500.000,7500.000,245.20,245.50,454.000,203.000,245.05,245.25,2500.000,2500.000,245.15,245.55,2085.000,1678.000,25000.000,27500.000,245.025,245.354,245.110,245.632,-0.225,-0.289
2017-04-27 09:53:00,245.074,245.289,239.000,953.000,244.90,245.20,2500.000,5000.000,245.25,245.45,2477.000,360.000,244.85,245.25,2500.000,7500.000,245.15,245.50,9757.000,7210.000,22500.000,32500.000,244.786,245.350,245.089,245.562,-0.300,-0.307
2017-04-27 09:54:00,245.168,245.421,424.000,164.000,244.95,245.10,5000.000,5000.000,245.25,245.50,2623.000,440.000,244.90,245.15,2500.000,2500.000,245.20,245.55,10603.000,2711.000,25000.000,17500.000,244.812,245.276,245.135,245.586,-0.350,-0.341
2017-04-27 09:55:00,244.972,245.344,2387.000,330.000,244.95,245.00,2500.000,2500.000,245.25,245.45,300.000,60.000,244.90,245.10,2500.000,7500.000,245.20,245.50,5469.000,4336.000,17500.000,22500.000,244.856,245.214,245.143,245.578,-0.375,-0.334
2017-04-27 09:56:00,244.980,245.240,1604.000,174.000,244.70,244.90,5000.000,2500.000,245.10,245.30,786.000,60.000,244.65,244.95,5000.000,7500.000,245.05,245.45,12194.000,1592.000,17500.000,20000.000,244.566,245.033,245.021,245.519,-0.400,-0.332
2017-04-27 09:57:00,244.772,245.118,2203.000,749.000,244.75,244.80,2500.000,2500.000,245.00,245.15,510.000,530.000,244.70,244.85,2500.000,2500.000,244.95,245.20,10844.000,5819.000,20000.000,15000.000,244.567,244.953,244.881,245.258,-0.300,-0.309
2017-04-27 09:58:00,244.408,244.716,556.000,104.000,244.35,244.55,2500.000,2500.000,244.60,244.80,451.000,418.000,244.30,244.60,5000.000,2500.000,244.55,244.90,4912.000,5921.000,22500.000,25000.000,244.209,244.727,244.483,245.010,-0.250,-0.288
2017-04-27 09:59:00,244.844,245.262,910.000,191.000,244.75,245.00,2500.000,2500.000,245.10,245.35,896.000,15.000,244.70,245.10,5000.000,2500.000,245.05,245.45,5083.000,5608.000,22500.000,20000.000,244.641,245.232,244.983,245.512,-0.350,-0.242
2017-04-27 10:00:00,244.995,245.334,2500.000,984.000,244.90,245.00,2500.000,5000.000,245.25,245.35,60.000,304.000,244.85,245.15,5000.000,5000.000,245.20,245.40,8316.000,6845.000,20000.000,20000.000,244.799,245.203,245.125,245.463,-0.350,-0.240
2017-04-27 10:01:00,244.713,244.963,50.000,270.000,244.60,244.75,7500.000,2500.000,244.85,245.05,14.000,690.000,244.55,244.80,2500.000,7500.000,244.80,245.10,4915.000,3617.000,20000.000,17500.000,244.453,244.887,244.769,245.157,-0.275,-0.228
2017-04-27 10:02:00,244.758,244.986,565.000,63.000,244.60,244.65,5000.000,2500.000,244.90,245.05,2564.000,25.000,244.55,244.75,5000.000,7500.000,244.85,245.10,8091.000,1234.000,17500.000,17500.000,244.495,244.827,244.821,245.164,-0.350,-0.229
2017-04-27 10:03:00,244.889,245.097,250.000,14.000,244.70,244.80,5000.000,7500.000,245.00,245.20,263.000,481.000,244.65,244.95,2500.000,2500.000,244.95,245.25,8200.000,3840.000,20000.000,20000.000,244.560,245.025,244.900,245.287,-0.350,-0.224
2017-04-27 10:04:00,244.887,245.075,533.000,111.000,244.75,244.80,5000.000,2500.000,245.00,245.20,723.000,186.000,244.70,244.95,5000.000,2500.000,244.95,245.25,6727.000,3742.000,20000.000,20000.000,244.608,245.025,244.906,245.325,-0.325,-0.241
2017-04-27 10:05:00,244.625,244.950,673.000,310.000,244.70,244.80,7500.000,7500.000,244.85,245.00,2110.000,186.000,244.60,244.85,2500.000,2500.000,244.80,245.05,4713.000,9389.000,25000.000,20000.000,244.558,244.965,244.750,245.088,-0.175,-0.233
2017-04-27 10:06:00,244.778,244.969,2081.000,21.000,244.60,244.70,2500.000,10000.000,244.85,245.00,64.000,690.000,244.55,244.80,2500.000,2500.000,244.80,245.15,6915.000,1877.000,20000.000,25000.000,244.479,244.861,244.731,245.170,-0.275,-0.246
2017-04-27 10:07:00,244.731,244.966,2571.000,477.000,244.60,244.70,2500.000,7500.000,244.85,245.00,64.000,404.000,244.55,244.80,2500.000,2500.000,244.80,245.05,7884.000,3488.000,20000.000,20000.000,244.486,244.874,244.731,245.131,-0.275,-0.240
2017-04-27 10:08:00,244.228,244.406,1057.000,120.000,244.10,244.20,5000.000,5000.000,244.35,244.55,152.000,60.000,244.05,244.25,2500.000,2500.000,244.30,244.60,4646.000,1298.000,17500.000,22500.000,243.994,244.351,244.264,244.672,-0.300,-0.244
2017-04-27 10:09:00,243.951,244.226,649.000,337.000,243.75,244.00,2500.000,2500.000,244.15,244.30,3378.000,364.000,243.70,244.05,2500.000,7500.000,244.10,244.35,8140.000,3612.000,22500.000,30000.000,243.649,244.135,244.039,244.475,-0.350,-0.252
2017-04-27 10:10:00,244.053,244.338,205.000,60.000,244.00,244.20,2500.000,2500.000,244.30,244.50,60.000,1528.000,243.95,244.25,2500.000,2500.000,244.25,244.55,2578.000,4458.000,12500.000,20000.000,243.853,244.317,244.200,244.625,-0.300,-0.244
2017-04-27 10:11:00,244.639,244.897,255.000,920.000,244.55,244.65,2500.000,5000.000,244.80,245.00,60.000,100.000,244.45,244.70,2500.000,5000.000,244.75,245.05,3059.000,2269.000,17500.000,20000.000,244.366,244.733,244.614,245.113,-0.300,-0.233
2017-04-27 10:12:00,244.546,244.750,225.000,624.000,244.55,244.60,2500.000,5000.000,244.65,244.85,52.000,644.000,244.50,244.70,5000.000,5000.000,244.60,244.90,3520.000,5202.000,20000.000,22500.000,244.279,244.761,244.525,244.950,-0.175,-0.220
2017-04-27 10:13:00,244.627,244.825,88.000,384.000,244.50,244.55,5000.000,2500.000,244.70,244.90,364.000,405.000,244.40,244.60,2500.000,2500.000,244.65,244.95,4870.000,2327.000,22500.000,17500.000,244.277,244.714,244.583,245.021,-0.275,-0.237
2017-04-27 10:14:00,244.557,244.872,490.000,223.000,244.55,244.75,5000.000,5000.000,244.80,245.00,475.000,400.000,244.45,244.80,5000.000,2500.000,244.75,245.05,3839.000,5267.000,20000.000,20000.000,244.398,244.915,244.706,245.113,-0.250,-0.210
2017-04-27 10:15:00,244.589,244.837,296.000,185.000,244.50,244.60,5000.000,5000.000,244.75,244.95,364.000,390.000,244.45,244.70,5000.000,5000.000,244.70,245.00,2162.000,1962.000,17500.000,20000.000,244.374,244.754,244.671,245.062,-0.300,-0.210
2017-04-27 10:16:00,244.699,244.900,278.000,44.000,244.50,244.70,5000.000,7500.000,244.80,245.00,100.000,10.000,244.45,244.75,5000.000,2500.000,244.75,245.05,3783.000,1478.000,20000.000,20000.000,244.361,244.860,244.719,245.100,-0.300,-0.233
2017-04-27 10:17:00,244.907,245.047,60.000,645.000,244.70,244.90,2500.000,2500.000,245.00,245.15,376.000,1244.000,244.65,245.00,5000.000,5000.000,244.95,245.20,7188.000,4594.000,17500.000,22500.000,244.538,245.057,244.893,245.267,-0.275,-0.263
2017-04-27 10:18:00,244.829,245.111,365.000,700.000,244.75,244.80,2500.000,5000.000,244.95,245.15,300.000,128.000,244.60,244.85,5000.000,2500.000,244.90,245.30,5272.000,2374.000,17500.000,17500.000,244.508,244.915,244.843,245.314,-0.275,-0.286
2017-04-27 10:19:00,244.987,245.166,525.000,80.000,244.75,244.85,2500.000,5000.000,245.05,245.35,1000.000,15.000,244.70,244.90,5000.000,2500.000,245.00,245.45,5294.000,957.000,17500.000,22500.000,244.613,245.070,244.929,245.489,-0.400,-0.317
2017-04-27 10:20:00,245.180,245.429,2500.000,155.000,245.05,245.20,2500.000,2500.000,245.40,245.50,2419.000,204.000,245.00,245.25,5000.000,2500.000,245.35,245.55,8249.000,3113.000,20000.000,22500.000,244.969,245.339,245.275,245.661,-0.325,-0.341
2017-04-27 10:21:00,245.404,245.720,2701.000,50.000,245.20,245.30,5000.000,2500.000,245.55,245.75,1482.000,618.000,245.15,245.40,7500.000,2500.000,245.50,245.80,12378.000,1862.000,25000.000,12500.000,245.086,245.474,245.460,245.870,-0.400,-0.314
2017-04-27 10:22:00,245.352,245.641,4.000,973.000,245.35,245.40,2500.000,2500.000,245.60,245.75,706.000,204.000,245.30,245.45,2500.000,5000.000,245.55,245.80,2376.000,3017.000,17500.000,22500.000,245.193,245.501,245.500,245.872,-0.300,-0.289
2017-04-27 10:23:00,245.409,245.803,1032.000,719.000,245.35,245.60,2500.000,5000.000,245.70,245.80,753.000,161.000,245.30,245.65,5000.000,2500.000,245.65,245.85,8317.000,12444.000,20000.000,17500.000,245.239,245.743,245.600,245.971,-0.275,-0.264
2017-04-27 10:24:00,245.702,246.036,2560.000,165.000,245.55,245.65,2500.000,2500.000,245.90,246.05,2474.000,125.000,245.50,245.70,5000.000,2500.000,245.85,246.10,8627.000,1258.000,20000.000,15000.000,245.467,245.813,245.794,246.250,-0.375,-0.211
2017-04-27 10:25:00,246.040,246.411,2319.000,330.000,246.00,246.20,2500.000,7500.000,246.30,246.50,60.000,20.000,245.95,246.25,2500.000,2500.000,246.25,246.60,5146.000,6121.000,20000.000,25000.000,245.920,246.422,246.169,246.635,-0.300,-0.208
2017-04-27 10:26:00,245.964,246.146,2451.000,175.000,245.75,245.95,5000.000,5000.000,246.05,246.25,651.000,541.000,245.70,246.00,5000.000,2500.000,246.00,246.30,7151.000,1627.000,17500.000,17500.000,245.662,246.062,245.971,246.350,-0.300,-0.194
2017-04-27 10:27:00,246.156,246.319,842.000,137.000,246.00,246.10,2500.000,7500.000,246.25,246.45,515.000,120.000,245.85,246.15,2500.000,5000.000,246.20,246.50,6392.000,991.000,17500.000,22500.000,245.799,246.232,246.093,246.528,-0.300,-0.207
2017-04-27 10:28:00,246.129,246.400,2500.000,276.000,246.10,246.15,2500.000,2500.000,246.35,246.45,18.000,60.000,246.05,246.30,2500.000,5000.000,246.30,246.50,5857.000,4456.000,17500.000,17500.000,246.026,246.415,246.243,246.557,-0.275,-0.198
2017-04-27 10:29:00,246.160,246.228,353.000,32.000,246.00,246.10,2500.000,2500.000,246.20,246.35,175.000,457.000,245.85,246.15,5000.000,5000.000,246.15,246.40,7166.000,1432.000,15000.000,25000.000,245.770,246.216,246.108,246.470,-0.225,-0.218
2017-04-27 10:30:00,245.745,246.100,773.000,429.000,245.75,245.95,2500.000,5000.000,246.05,246.25,679.000,1813.000,245.70,246.00,2500.000,10000.000,246.00,246.30,3117.000,8076.000,15000.000,27500.000,245.658,246.069,245.950,246.336,-0.300,-0.188
2017-04-27 10:31:00,246.168,246.282,153.000,2115.000,245.95,246.10,5000.000,2500.000,246.25,246.35,729.000,284.000,245.90,246.15,5000.000,2500.000,246.20,246.40,8981.000,3438.000,20000.000,22500.000,245.780,246.149,246.162,246.456,-0.275,-0.212
2017-04-27 10:32:00,246.518,246.746,1001.000,1010.000,246.50,246.60,2500.000,10000.000,246.70,246.90,60.000,60.000,246.45,246.65,5000.000,5000.000,246.65,246.95,2181.000,2958.000,20000.000,37500.000,246.409,246.710,246.562,246.977,-0.250,-0.233
2017-04-27 10:33:00,246.470,246.692,350.000,110.000,246.50,246.60,2500.000,7500.000,246.65,246.85,130.000,344.000,246.40,246.65,5000.000,7500.000,246.60,246.90,3293.000,4823.000,20000.000,40000.000,246.301,246.775,246.525,246.950,-0.200,-0.244
2017-04-27 10:34:00,246.557,246.727,1196.000,23.000,246.55,246.60,7500.000,2500.000,246.70,246.85,304.000,60.000,246.45,246.65,2500.000,7500.000,246.65,246.90,3237.000,1798.000,22500.000,37500.000,246.435,246.772,246.611,246.990,-0.200,-0.269
2017-04-27 10:35:00,246.572,246.777,482.000,113.000,246.55,246.60,7500.000,10000.000,246.70,246.90,730.000,335.000,246.40,246.70,5000.000,10000.000,246.65,246.95,6726.000,5446.000,25000.000,40000.000,246.293,246.824,246.605,246.978,-0.225,-0.290
2017-04-27 10:36:00,246.685,246.922,876.000,196.000,246.60,246.75,5000.000,2500.000,246.90,247.05,702.000,600.000,246.55,246.80,5000.000,2500.000,246.85,247.10,5689.000,4164.000,22500.000,22500.000,246.499,246.893,246.772,247.172,-0.300,-0.287
2017-04-27 10:37:00,246.773,247.105,129.000,41.000,246.90,246.95,7500.000,2500.000,246.95,247.15,416.000,2075.000,246.75,247.00,5000.000,10000.000,246.90,247.20,1821.000,5443.000,30000.000,20000.000,246.667,247.084,246.838,247.231,-0.125,-0.279
2017-04-27 10:38:00,246.512,246.789,851.000,24.000,246.50,246.60,7500.000,2500.000,246.70,246.90,490.000,60.000,246.45,246.70,2500.000,2500.000,246.65,246.95,3425.000,3814.000,22500.000,25000.000,246.410,246.832,246.600,247.010,-0.250,-0.284
2017-04-27 10:39:00,246.526,246.820,100.000,300.000,246.60,246.70,2500.000,2500.000,246.75,246.90,499.000,232.000,246.50,246.75,5000.000,2500.000,246.70,246.95,2025.000,4910.000,22500.000,27500.000,246.422,246.853,246.594,247.009,-0.175,-0.291
2017-04-27 10:40:00,246.637,246.947,195.000,353.000,246.65,246.70,7500.000,12500.000,246.85,247.00,301.000,160.000,246.55,246.80,10000.000,2500.000,246.80,247.05,4449.000,5694.000,27500.000,22500.000,246.460,246.911,246.764,247.056,-0.250,-0.304
2017-04-27 10:41:00,247.134,247.353,818.000,474.000,247.15,247.20,5000.000,2500.000,247.30,247.40,200.000,450.000,247.05,247.25,10000.000,10000.000,247.25,247.45,4023.000,4226.000,25000.000,22500.000,247.013,247.327,247.215,247.483,-0.175,-0.335
2017-04-27 10:42:00,247.317,247.610,457.000,52.000,247.25,247.30,2500.000,2500.000,247.60,247.75,3740.000,90.000,247.20,247.35,2500.000,5000.000,247.55,247.80,6133.000,1658.000,17500.000,32500.000,247.175,247.447,247.493,247.931,-0.400,-0.297
2017-04-27 10:43:00,247.180,247.486,200.000,413.000,247.05,247.20,7500.000,2500.000,247.35,247.55,3163.000,390.000,247.00,247.25,5000.000,5000.000,247.30,247.60,6641.000,3199.000,20000.000,15000.000,246.941,247.336,247.275,247.700,-0.325,-0.276
2017-04-27 10:44:00,247.574,247.900,493.000,1298.000,247.35,247.50,7500.000,15000.000,247.80,248.00,729.000,8.000,247.30,247.55,5000.000,2500.000,247.75,248.05,9216.000,1487.000,25000.000,32500.000,247.236,247.519,247.700,248.177,-0.475,-0.241
2017-04-27 10:45:00,247.846,248.221,2500.000,1267.000,247.90,247.95,10000.000,2500.000,248.15,248.30,2235.000,4722.000,247.75,248.00,5000.000,7500.000,248.10,248.35,5978.000,9210.000,25000.000,22500.000,247.789,248.044,248.085,248.389,-0.300,-0.203
2017-04-27 10:46:00,248.792,249.169,500.000,798.000,248.75,248.90,2500.000,5000.000,249.05,249.30,1187.000,405.000,248.70,248.95,10000.000,5000.000,249.00,249.35,4302.000,7224.000,22500.000,22500.000,248.628,248.994,248.961,249.400,-0.350,-0.181
2017-04-27 10:47:00,248.467,248.568,630.000,323.000,248.20,248.40,2500.000,7500.000,248.45,248.70,201.000,30.000,248.15,248.45,5000.000,7500.000,248.40,248.75,5327.000,1118.000,22500.000,25000.000,248.053,248.515,248.333,248.775,-0.275,-0.216
2017-04-27 10:48:00,247.754,247.956,1396.000,120.000,247.65,247.85,2500.000,7500.000,247.85,248.05,1211.000,305.000,247.60,247.95,2500.000,2500.000,247.80,248.10,8025.000,8203.000,20000.000,20000.000,247.542,248.036,247.750,248.137,-0.200,-0.229
2017-04-27 10:49:00,247.471,247.622,157.000,259.000,247.50,247.55,5000.000,10000.000,247.60,247.80,110.000,202.000,247.35,247.60,2500.000,7500.000,247.55,247.85,2859.000,2794.000,27500.000,45000.000,247.274,247.703,247.477,247.922,-0.175,-0.234
2017-04-27 10:50:00,247.327,247.511,400.000,458.000,247.40,247.50,10000.000,2500.000,247.45,247.65,100.000,1.000,247.35,247.55,5000.000,7500.000,247.40,247.70,1446.000,5778.000,27500.000,30000.000,247.298,247.642,247.364,247.792,-0.100,-0.239
2017-04-27 10:51:00,247.562,247.827,10.000,9.000,247.60,247.70,5000.000,10000.000,247.75,247.95,401.000,2493.000,247.55,247.75,7500.000,15000.000,247.70,248.00,3342.000,11049.000,25000.000,35000.000,247.469,247.852,247.650,248.018,-0.200,-0.223
2017-04-27 10:52:00,247.972,248.250,202.000,154.000,248.00,248.15,2500.000,2500.000,248.15,248.30,390.000,510.000,247.95,248.20,5000.000,5000.000,248.10,248.35,2737.000,8202.000,22500.000,20000.000,247.869,248.281,248.039,248.431,-0.150,-0.203
2017-04-27 10:53:00,248.057,248.326,2.000,4.000,247.90,247.95,2500.000,12500.000,248.15,248.30,201.000,349.000,247.85,248.00,2500.000,7500.000,248.10,248.35,4874.000,1332.000,25000.000,27500.000,247.758,248.133,248.010,248.391,-0.300,-0.197
2017-04-27 10:54:00,247.878,248.050,50.000,268.000,247.75,247.85,5000.000,5000.000,247.95,248.15,300.000,63.000,247.70,247.90,2500.000,5000.000,247.90,248.20,4985.000,2973.000,20000.000,22500.000,247.585,248.006,247.850,248.278,-0.250,-0.233
2017-04-27 10:55:00,247.831,248.044,174.000,306.000,247.70,247.85,2500.000,2500.000,247.95,248.05,1000.000,1114.000,247.65,247.90,2500.000,2500.000,247.90,248.10,9009.000,6176.000,25000.000,15000.000,247.545,247.973,247.825,248.158,-0.225,-0.257
2017-04-27 10:56:00,247.941,248.123,235.000,919.000,247.85,247.90,2500.000,2500.000,248.00,248.20,2571.000,61.000,247.70,247.95,2500.000,2500.000,247.95,248.25,7569.000,2390.000,17500.000,15000.000,247.635,247.993,247.886,248.300,-0.225,-0.276
2017-04-27 10:57:00,247.919,248.100,535.000,931.000,247.80,247.90,2500.000,2500.000,248.05,248.20,831.000,1.000,247.75,247.95,2500.000,5000.000,248.00,248.25,7604.000,3825.000,15000.000,20000.000,247.672,247.996,247.950,248.300,-0.275,-0.310
2017-04-27 10:58:00,247.970,248.208,1189.000,2693.000,247.90,248.00,2500.000,2500.000,248.15,248.35,450.000,300.000,247.85,248.10,7500.000,5000.000,248.10,248.40,5428.000,6009.000,20000.000,27500.000,247.790,248.120,248.062,248.486,-0.300,-0.339
2017-04-27 10:59:00,248.158,248.511,2032.000,195.000,248.20,248.25,2500.000,2500.000,248.40,248.55,341.000,4321.000,248.15,248.30,5000.000,2500.000,248.35,248.60,6030.000,8399.000,27500.000,20000.000,248.018,248.361,248.268,248.656,-0.250,-0.336
2017-04-27 11:00:00,248.102,248.432,104.000,135.000,248.10,248.20,2500.000,2500.000,248.35,248.50,750.000,126.000,248.00,248.25,5000.000,2500.000,248.30,248.55,4230.000,6211.000,22500.000,20000.000,247.906,248.315,248.250,248.631,-0.275,-0.342
2017-04-27 11:01:00,248.165,248.444,550.000,200.000,248.20,248.25,2500.000,2500.000,248.40,248.50,250.000,3221.000,248.10,248.30,2500.000,2500.000,248.35,248.55,3820.000,7393.000,20000.000,20000.000,248.012,248.385,248.294,248.619,-0.225,-0.326
2017-04-27 11:02:00,248.075,248.425,250.000,324.000,248.10,248.20,2500.000,5000.000,248.35,248.45,60.000,5688.000,248.05,248.30,2500.000,5000.000,248.30,248.50,3606.000,12302.000,22500.000,22500.000,247.965,248.388,248.211,248.539,-0.250,-0.313
2017-04-27 11:03:00,247.970,248.357,406.000,25.000,248.00,248.10,5000.000,2500.000,248.25,248.40,304.000,147.000,247.95,248.15,5000.000,2500.000,248.20,248.45,4626.000,8291.000,32500.000,20000.000,247.864,248.278,248.115,248.519,-0.275,-0.289
2017-04-27 11:04:00,248.041,248.378,1340.000,192.000,248.00,248.15,5000.000,2500.000,248.25,248.40,141.000,325.000,247.95,248.20,2500.000,2500.000,248.20,248.45,4942.000,6448.000,27500.000,17500.000,247.885,248.281,248.123,248.507,-0.250,-0.281
2017-04-27 11:05:00,247.863,248.222,84.000,1399.000,247.85,248.00,2500.000,7500.000,248.10,248.30,1148.000,573.000,247.80,248.15,5000.000,7500.000,248.05,248.35,6025.000,14580.000,30000.000,27500.000,247.710,248.232,247.988,248.405,-0.275,-0.270
2017-04-27 11:06:00,247.971,248.167,665.000,8.000,247.85,247.90,2500.000,10000.000,248.00,248.20,147.000,100.000,247.80,247.95,5000.000,5000.000,247.95,248.25,5155.000,1251.000,27500.000,22500.000,247.664,248.035,247.873,248.272,-0.225,-0.280
2017-04-27 11:07:00,247.798,248.083,69.000,234.000,247.80,247.90,5000.000,5000.000,247.90,248.10,74.000,197.000,247.70,247.95,2500.000,10000.000,247.85,248.15,5273.000,6998.000,35000.000,22500.000,247.607,248.038,247.775,248.194,-0.150,-0.284
2017-04-27 11:08:00,247.315,247.581,269.000,156.000,247.30,247.50,5000.000,5000.000,247.50,247.65,309.000,2932.000,247.25,247.60,5000.000,5000.000,247.45,247.70,3899.000,9958.000,20000.000,20000.000,247.163,247.678,247.412,247.750,-0.175,-0.284
2017-04-27 11:09:00,247.339,247.641,839.000,230.000,247.20,247.40,2500.000,2500.000,247.50,247.65,1604.000,390.000,247.15,247.45,2500.000,5000.000,247.45,247.70,10377.000,6896.000,22500.000,17500.000,247.058,247.566,247.383,247.821,-0.275,-0.273
2017-04-27 11:10:00,247.224,247.525,111.000,174.000,247.10,247.20,2500.000,2500.000,247.40,247.55,509.000,60.000,247.05,247.35,5000.000,2500.000,247.35,247.60,5034.000,3370.000,25000.000,15000.000,246.980,247.460,247.285,247.658,-0.325,-0.275
2017-04-27 11:11:00,247.310,247.557,11.000,66.000,247.15,247.20,5000.000,2500.000,247.45,247.65,3078.000,60.000,247.10,247.35,2500.000,5000.000,247.40,247.70,8768.000,3012.000,20000.000,17500.000,247.023,247.476,247.338,247.743,-0.375,-0.280
2017-04-27 11:12:00,247.249,247.555,187.000,215.000,247.20,247.30,5000.000,7500.000,247.45,247.60,95.000,592.000,247.15,247.35,5000.000,2500.000,247.40,247.65,4929.000,5457.000,25000.000,22500.000,247.021,247.458,247.345,247.683,-0.275,-0.277
2017-04-27 11:13:00,247.280,247.544,70.000,154.000,247.20,247.30,5000.000,5000.000,247.50,247.60,240.000,60.000,247.15,247.35,2500.000,2500.000,247.45,247.65,6202.000,4824.000,20000.000,22500.000,247.025,247.472,247.406,247.700,-0.300,-0.285
2017-04-27 11:14:00,247.313,247.559,12.000,1499.000,247.30,247.35,2500.000,2500.000,247.50,247.60,2534.000,870.000,247.20,247.40,2500.000,5000.000,247.45,247.65,4693.000,5458.000,20000.000,20000.000,247.137,247.451,247.387,247.706,-0.225,-0.275
2017-04-27 11:15:00,246.955,247.268,340.000,148.000,246.80,247.00,2500.000,2500.000,247.15,247.35,558.000,262.000,246.75,247.10,5000.000,5000.000,247.10,247.40,4616.000,3210.000,17500.000,17500.000,246.674,247.207,247.043,247.464,-0.350,-0.244
2017-04-27 11:16:00,246.897,247.167,536.000,1347.000,246.70,246.90,2500.000,2500.000,247.05,247.25,954.000,60.000,246.65,246.95,5000.000,5000.000,247.00,247.30,6872.000,3447.000,20000.000,17500.000,246.564,246.982,246.938,247.371,-0.350,-0.228
2017-04-27 11:17:00,246.889,247.179,2289.000,1198.000,246.80,246.90,5000.000,2500.000,247.10,247.30,199.000,1366.000,246.75,247.00,5000.000,2500.000,247.05,247.35,4648.000,3447.000,17500.000,17500.000,246.722,246.997,247.021,247.421,-0.350,-0.225
2017-04-27 11:18:00,247.138,247.443,1.000,652.000,247.15,247.20,5000.000,2500.000,247.30,247.50,304.000,428.000,247.00,247.25,2500.000,2500.000,247.25,247.55,2121.000,2505.000,22500.000,12500.000,246.912,247.307,247.167,247.600,-0.225,-0.219
2017-04-27 11:19:00,247.400,247.600,1936.000,26.000,247.35,247.40,2500.000,5000.000,247.50,247.65,592.000,38.000,247.25,247.45,7500.000,5000.000,247.45,247.70,4673.000,1374.000,25000.000,22500.000,247.246,247.556,247.410,247.817,-0.200,-0.249
2017-04-27 11:20:00,247.475,247.630,647.000,30.000,247.30,247.45,2500.000,2500.000,247.55,247.70,910.000,9.000,247.25,247.50,5000.000,2500.000,247.50,247.75,4511.000,1192.000,20000.000,17500.000,247.191,247.591,247.438,247.893,-0.250,-0.281
2017-04-27 11:21:00,247.335,247.526,408.000,230.000,247.25,247.35,7500.000,5000.000,247.40,247.60,304.000,440.000,247.15,247.40,2500.000,5000.000,247.35,247.65,4596.000,2808.000,25000.000,17500.000,247.061,247.480,247.285,247.686,-0.200,-0.286
2017-04-27 11:22:00,247.700,247.973,201.000,10.000,247.70,247.75,2500.000,2500.000,247.90,248.00,616.000,5.000,247.65,247.85,2500.000,2500.000,247.85,248.05,4020.000,5517.000,15000.000,12500.000,247.557,247.975,247.800,248.120,-0.225,-0.307
2017-04-27 11:23:00,247.988,248.265,207.000,3225.000,248.00,248.15,2500.000,5000.000,248.05,248.20,160.000,710.000,247.90,248.20,12500.000,2500.000,248.00,248.25,4885.000,13346.000,47500.000,17500.000,247.782,248.245,247.932,248.314,-0.050,-0.344
2017-04-27 11:24:00,247.935,248.283,101.000,244.000,247.90,247.95,5000.000,2500.000,248.05,248.30,202.000,2066.000,247.85,248.00,5000.000,5000.000,248.00,248.35,3754.000,5465.000,40000.000,20000.000,247.768,248.137,247.900,248.419,-0.250,-0.334
2017-04-27 11:25:00,247.887,248.204,183.000,324.000,247.90,248.00,2500.000,5000.000,248.05,248.25,2.000,60.000,247.85,248.05,7500.000,10000.000,248.00,248.30,2194.000,4169.000,35000.000,25000.000,247.766,248.144,247.936,248.330,-0.200,-0.345
2017-04-27 11:26:00,248.100,248.317,312.000,113.000,247.95,248.00,2500.000,2500.000,248.25,248.40,4289.000,146.000,247.90,248.20,2500.000,2500.000,248.20,248.45,9187.000,4830.000,17500.000,20000.000,247.838,248.294,248.143,248.525,-0.350,-0.400
2017-04-27 11:27:00,248.079,248.457,120.000,131.000,248.15,248.20,2500.000,5000.000,248.35,248.50,979.000,170.000,248.00,248.25,2500.000,5000.000,248.30,248.55,2895.000,4947.000,20000.000,17500.000,247.943,248.309,248.206,248.586,-0.250,-0.408
2017-04-27 11:28:00,247.945,248.409,100.000,132.000,248.00,248.10,2500.000,2500.000,248.25,248.45,305.000,577.000,247.95,248.15,10000.000,2500.000,248.20,248.50,2166.000,5829.000,27500.000,15000.000,247.847,248.269,248.132,248.558,-0.300,-0.403
2017-04-27 11:29:00,248.119,248.414,2190.000,839.000,248.10,248.20,7500.000,2500.000,248.30,248.50,408.000,175.000,248.00,248.25,5000.000,5000.000,248.25,248.55,5890.000,6399.000,25000.000,20000.000,247.968,248.305,248.225,248.662,-0.250,-0.441
2017-04-27 11:30:00,247.958,248.330,100.000,3.000,248.00,248.10,2500.000,7500.000,248.25,248.35,1.000,1118.000,247.95,248.15,5000.000,2500.000,248.20,248.40,3296.000,8602.000,20000.000,17500.000,247.844,248.257,248.137,248.421,-0.250,-0.447
2017-04-27 11:31:00,247.979,248.471,3039.000,54.000,248.00,248.05,2500.000,5000.000,248.35,248.55,378.000,23.000,247.95,248.10,2500.000,2500.000,248.30,248.60,5194.000,4583.000,22500.000,20000.000,247.940,248.287,248.239,248.688,-0.425,-0.430
2017-04-27 11:32:00,248.040,248.457,322.000,413.000,247.95,248.15,2500.000,2500.000,248.35,248.50,1093.000,166.000,247.90,248.20,5000.000,2500.000,248.30,248.55,6050.000,7037.000,22500.000,15000.000,247.806,248.279,248.256,248.600,-0.375,-0.426
2017-04-27 11:33:00,248.026,248.468,2500.000,174.000,248.00,248.10,7500.000,2500.000,248.35,248.55,364.000,125.000,247.95,248.20,5000.000,2500.000,248.30,248.60,5015.000,4894.000,27500.000,20000.000,247.933,248.292,248.268,248.675,-0.400,-0.402
2017-04-27 11:34:00,247.942,248.428,210.000,954.000,247.85,248.10,2500.000,2500.000,248.30,248.50,3256.000,1229.000,247.80,248.15,7500.000,5000.000,248.25,248.55,8546.000,9239.000,27500.000,22500.000,247.754,248.243,248.191,248.611,-0.425,-0.348
2017-04-27 11:35:00,247.989,248.389,2500.000,348.000,247.90,248.00,7500.000,5000.000,248.25,248.45,197.000,350.000,247.85,248.05,5000.000,2500.000,248.20,248.50,6253.000,2262.000,27500.000,17500.000,247.833,248.127,248.168,248.536,-0.400,-0.319
2017-04-27 11:36:00,248.072,248.476,2806.000,77.000,248.00,248.10,2500.000,2500.000,248.35,248.50,173.000,1365.000,247.95,248.20,5000.000,2500.000,248.30,248.55,9980.000,8194.000,27500.000,15000.000,247.903,248.274,248.241,248.600,-0.375,-0.281
2017-04-27 11:37:00,248.131,248.528,2000.000,556.000,248.05,248.20,5000.000,7500.000,248.40,248.60,2756.000,125.000,248.00,248.25,5000.000,5000.000,248.35,248.65,9178.000,6776.000,27500.000,22500.000,247.974,248.315,248.305,248.678,-0.375,-0.257
2017-04-27 11:38:00,248.416,248.742,1174.000,639.000,248.35,248.40,5000.000,10000.000,248.70,248.90,215.000,70.000,248.30,248.45,2500.000,5000.000,248.65,248.95,5613.000,2472.000,20000.000,40000.000,248.258,248.506,248.575,249.028,-0.425,-0.243
2017-04-27 11:39:00,248.606,248.821,400.000,28.000,248.50,248.55,10000.000,12500.000,248.80,249.00,115.000,883.000,248.45,248.60,2500.000,5000.000,248.75,249.05,4570.000,1991.000,22500.000,37500.000,248.358,248.643,248.722,249.103,-0.375,-0.243
2017-04-27 11:40:00,248.263,248.517,15.000,613.000,248.20,248.30,2500.000,2500.000,248.45,248.55,3000.000,870.000,248.10,248.35,2500.000,2500.000,248.40,248.60,11977.000,7662.000,20000.000,17500.000,248.023,248.447,248.325,248.664,-0.250,-0.251
2017-04-27 11:41:00,248.263,248.476,1000.000,254.000,248.15,248.25,2500.000,7500.000,248.35,248.55,2247.000,98.000,248.05,248.30,5000.000,2500.000,248.30,248.60,9035.000,2489.000,22500.000,20000.000,248.009,248.394,248.228,248.656,-0.250,-0.250
2017-04-27 11:42:00,248.197,248.474,926.000,231.000,248.15,248.25,5000.000,7500.000,248.30,248.50,150.000,179.000,248.10,248.30,5000.000,2500.000,248.25,248.55,5015.000,4424.000,30000.000,17500.000,248.034,248.393,248.179,248.579,-0.200,-0.227
2017-04-27 11:43:00,248.312,248.569,199.000,78.000,248.25,248.30,5000.000,2500.000,248.50,248.65,310.000,110.000,248.20,248.35,2500.000,2500.000,248.45,248.70,4507.000,3877.000,20000.000,20000.000,248.100,248.497,248.381,248.762,-0.300,-0.227
2017-04-27 11:44:00,248.120,248.336,829.000,215.000,248.15,248.20,2500.000,5000.000,248.25,248.35,5.000,2793.000,248.10,248.25,5000.000,5000.000,248.20,248.40,3931.000,7607.000,25000.000,20000.000,248.041,248.328,248.140,248.444,-0.125,-0.237
2017-04-27 11:45:00,248.223,248.514,886.000,174.000,248.15,248.20,5000.000,5000.000,248.35,248.55,369.000,5.000,248.10,248.25,2500.000,2500.000,248.30,248.60,6961.000,3135.000,20000.000,15000.000,248.026,248.419,248.256,248.683,-0.275,-0.242
2017-04-27 11:46:00,248.265,248.473,976.000,415.000,248.15,248.30,2500.000,2500.000,248.40,248.50,70.000,468.000,248.10,248.35,2500.000,5000.000,248.35,248.60,7096.000,4546.000,15000.000,17500.000,248.023,248.439,248.292,248.650,-0.225,-0.272
2017-04-27 11:47:00,248.417,248.581,60.000,558.000,248.20,248.30,5000.000,2500.000,248.50,248.65,349.000,125.000,248.15,248.35,2500.000,2500.000,248.45,248.70,9649.000,1397.000,17500.000,15000.000,248.037,248.404,248.414,248.750,-0.325,-0.307
2017-04-27 11:48:00,248.271,248.523,2500.000,103.000,248.10,248.25,5000.000,2500.000,248.45,248.60,1592.000,436.000,248.05,248.30,2500.000,2500.000,248.40,248.65,11101.000,2220.000,20000.000,17500.000,248.017,248.387,248.338,248.714,-0.350,-0.306
2017-04-27 11:49:00,248.309,248.575,843.000,241.000,248.30,248.35,5000.000,5000.000,248.50,248.70,100.000,266.000,248.25,248.40,5000.000,5000.000,248.45,248.75,2617.000,2295.000,20000.000,25000.000,248.221,248.478,248.419,248.790,-0.275,-0.303
2017-04-27 11:50:00,248.065,248.385,225.000,266.000,248.00,248.05,5000.000,2500.000,248.20,248.35,65.000,201.000,247.90,248.15,2500.000,7500.000,248.15,248.40,4371.000,3719.000,42500.000,17500.000,247.782,248.224,248.071,248.443,-0.250,-0.272
2017-04-27 11:51:00,248.091,248.450,226.000,328.000,247.90,248.05,5000.000,5000.000,248.20,248.40,972.000,60.000,247.85,248.15,5000.000,2500.000,248.15,248.45,7851.000,3403.000,40000.000,15000.000,247.768,248.227,248.072,248.508,-0.325,-0.247
2017-04-27 11:52:00,248.361,248.696,2837.000,20.000,248.20,248.25,2500.000,2500.000,248.65,248.75,2837.000,125.000,248.15,248.30,2500.000,5000.000,248.60,248.80,14398.000,425.000,15000.000,17500.000,248.081,248.345,248.533,248.850,-0.475,-0.255
2017-04-27 11:53:00,248.296,248.544,1000.000,388.000,248.10,248.25,2500.000,7500.000,248.45,248.65,2209.000,530.000,248.05,248.30,2500.000,5000.000,248.40,248.70,10717.000,2438.000,20000.000,22500.000,247.985,248.358,248.319,248.733,-0.375,-0.258
2017-04-27 11:54:00,248.312,248.562,2282.000,180.000,248.15,248.25,2500.000,2500.000,248.55,248.60,2367.000,231.000,248.10,248.30,5000.000,2500.000,248.50,248.65,14326.000,1758.000,15000.000,15000.000,248.054,248.362,248.458,248.717,-0.375,-0.252
2017-04-27 11:55:00,248.356,248.525,421.000,400.000,248.15,248.25,2500.000,2500.000,248.45,248.60,149.000,334.000,248.10,248.30,2500.000,2500.000,248.40,248.65,10420.000,2077.000,17500.000,17500.000,247.982,248.355,248.343,248.707,-0.325,-0.271
2017-04-27 11:56:00,248.297,248.531,178.000,5.000,248.15,248.20,2500.000,5000.000,248.45,248.60,149.000,1116.000,248.10,248.25,2500.000,2500.000,248.40,248.65,10037.000,2805.000,20000.000,20000.000,247.978,248.322,248.306,248.700,-0.350,-0.266
2017-04-27 11:57:00,248.081,248.454,66.000,1075.000,248.15,248.20,2500.000,5000.000,248.30,248.45,149.000,384.000,248.10,248.25,2500.000,2500.000,248.25,248.50,431.000,3483.000,20000.000,15000.000,248.052,248.296,248.181,248.575,-0.200,-0.230
2017-04-27 11:58:00,248.070,248.335,700.000,1171.000,247.90,248.00,5000.000,2500.000,248.20,248.35,4000.000,60.000,247.85,248.05,2500.000,2500.000,248.15,248.40,13761.000,3032.000,20000.000,12500.000,247.770,248.099,248.088,248.460,-0.325,-0.234
2017-04-27 11:59:00,248.216,248.437,40.000,414.000,248.05,248.15,5000.000,2500.000,248.30,248.45,2201.000,160.000,248.00,248.20,5000.000,2500.000,248.25,248.50,6763.000,1992.000,25000.000,12500.000,247.903,248.260,248.160,248.560,-0.275,-0.225
2017-04-27 12:00:00,248.094,248.359,75.000,421.000,248.15,248.20,2500.000,5000.000,248.25,248.45,149.000,180.000,248.10,248.25,2500.000,2500.000,248.20,248.50,889.000,2321.000,12500.000,15000.000,247.969,248.314,248.150,248.567,-0.175,-0.206
2017-04-27 12:01:00,248.003,248.208,1500.000,264.000,247.85,247.90,2500.000,2500.000,248.05,248.20,1060.000,364.000,247.80,248.00,10000.000,2500.000,248.00,248.25,8883.000,2044.000,30000.000,17500.000,247.723,248.073,247.938,248.336,-0.250,-0.200
2017-04-27 12:02:00,247.948,248.143,1081.000,264.000,247.85,247.90,2500.000,2500.000,248.05,248.20,1005.000,150.000,247.80,247.95,5000.000,2500.000,248.00,248.25,7754.000,2689.000,20000.000,17500.000,247.727,248.019,247.950,248.314,-0.250,-0.199
2017-04-27 12:03:00,247.882,248.167,18.000,183.000,247.80,247.85,5000.000,2500.000,248.05,248.15,70.000,48.000,247.75,247.90,2500.000,2500.000,248.00,248.20,4732.000,1936.000,22500.000,15000.000,247.679,247.987,247.939,248.300,-0.275,-0.197
2017-04-27 12:04:00,247.908,248.083,500.000,174.000,247.70,247.85,5000.000,2500.000,248.00,248.10,514.000,143.000,247.65,247.90,5000.000,5000.000,247.95,248.15,14495.000,3821.000,27500.000,17500.000,247.550,247.990,247.886,248.200,-0.275,-0.216
2017-04-27 12:05:00,247.972,248.141,27.000,256.000,247.70,247.75,7500.000,10000.000,248.00,248.20,191.000,45.000,247.65,247.90,5000.000,2500.000,247.95,248.25,13699.000,1266.000,30000.000,27500.000,247.542,247.949,247.879,248.345,-0.375,-0.234
2017-04-27 12:06:00,247.841,248.018,494.000,154.000,247.70,247.75,2500.000,2500.000,247.95,248.00,2990.000,699.000,247.65,247.80,7500.000,2500.000,247.90,248.05,12879.000,2137.000,27500.000,15000.000,247.528,247.854,247.836,248.108,-0.250,-0.269
2017-04-27 12:07:00,247.951,248.139,2561.000,629.000,247.70,247.90,5000.000,7500.000,248.00,248.20,568.000,606.000,247.65,247.95,5000.000,5000.000,247.95,248.25,13253.000,3140.000,25000.000,22500.000,247.566,247.998,247.880,248.294,-0.300,-0.256
2017-04-27 12:08:00,247.755,248.029,1738.000,376.000,247.70,247.85,5000.000,2500.000,247.95,248.10,160.000,935.000,247.65,247.90,7500.000,5000.000,247.90,248.15,6401.000,6929.000,22500.000,20000.000,247.577,247.996,247.861,248.200,-0.250,-0.223
2017-04-27 12:09:00,247.644,247.916,200.000,1564.000,247.50,247.65,2500.000,5000.000,247.85,247.95,219.000,137.000,247.45,247.70,5000.000,7500.000,247.80,248.00,10330.000,6240.000,22500.000,25000.000,247.351,247.762,247.733,248.040,-0.325,-0.202
2017-04-27 12:10:00,247.521,247.782,1002.000,229.000,247.40,247.55,5000.000,10000.000,247.65,247.85,1339.000,552.000,247.30,247.60,2500.000,5000.000,247.60,247.90,7907.000,4080.000,20000.000,27500.000,247.221,247.699,247.544,247.991,-0.275,-0.195
2017-04-27 12:11:00,247.461,247.812,586.000,488.000,247.40,247.50,5000.000,7500.000,247.65,247.85,60.000,402.000,247.35,247.60,2500.000,5000.000,247.60,247.90,3491.000,3515.000,25000.000,25000.000,247.274,247.687,247.530,247.980,-0.300,-0.174
2017-04-27 12:12:00,247.592,247.713,100.000,469.000,247.35,247.40,2500.000,10000.000,247.65,247.85,1138.000,124.000,247.30,247.55,2500.000,2500.000,247.60,247.90,7976.000,1635.000,12500.000,25000.000,247.185,247.575,247.550,247.995,-0.375,-0.179
2017-04-27 12:13:00,247.707,247.815,174.000,81.000,247.45,247.65,2500.000,2500.000,247.80,247.90,2412.000,644.000,247.40,247.70,2500.000,2500.000,247.75,247.95,13899.000,3308.000,15000.000,17500.000,247.306,247.759,247.642,248.007,-0.300,-0.178
2017-04-27 12:14:00,247.650,247.818,690.000,122.000,247.55,247.60,2500.000,2500.000,247.75,247.95,385.000,417.000,247.45,247.70,2500.000,5000.000,247.70,248.00,4792.000,1844.000,15000.000,20000.000,247.394,247.775,247.650,248.094,-0.275,-0.175
2017-04-27 12:15:00,247.413,247.639,250.000,1926.000,247.35,247.50,5000.000,5000.000,247.50,247.70,1135.000,660.000,247.30,247.55,5000.000,2500.000,247.45,247.75,6369.000,7222.000,25000.000,20000.000,247.233,247.617,247.400,247.800,-0.175,-0.156
2017-04-27 12:16:00,247.386,247.629,3626.000,3686.000,247.30,247.50,2500.000,2500.000,247.55,247.70,240.000,340.000,247.25,247.55,2500.000,10000.000,247.50,247.75,7583.000,7768.000,20000.000,22500.000,247.232,247.593,247.419,247.783,-0.225,-0.155
2017-04-27 12:17:00,247.311,247.460,985.000,3384.000,247.30,247.35,5000.000,7500.000,247.40,247.55,51.000,742.000,247.20,247.40,2500.000,7500.000,247.35,247.60,10782.000,12518.000,27500.000,37500.000,247.119,247.453,247.277,247.647,-0.150,-0.169
2017-04-27 12:18:00,247.261,247.366,60.000,5348.000,247.15,247.30,5000.000,7500.000,247.30,247.50,4111.000,1365.000,247.10,247.35,5000.000,10000.000,247.25,247.55,15306.000,11997.000,25000.000,37500.000,247.034,247.386,247.205,247.587,-0.175,-0.190
2017-04-27 12:19:00,247.179,247.330,2495.000,348.000,247.10,247.15,7500.000,2500.000,247.20,247.40,3200.000,2500.000,247.00,247.20,5000.000,5000.000,247.15,247.45,11028.000,3278.000,37500.000,30000.000,246.978,247.209,247.073,247.517,-0.175,-0.197
2017-04-27 12:20:00,247.077,247.211,364.000,20.000,247.00,247.05,2500.000,7500.000,247.10,247.30,200.000,190.000,246.95,247.10,10000.000,2500.000,247.05,247.35,12104.000,4731.000,40000.000,30000.000,246.803,247.239,246.975,247.408,-0.175,-0.197
2017-04-27 12:21:00,247.120,247.359,495.000,155.000,247.10,247.15,5000.000,2500.000,247.20,247.35,390.000,212.000,247.05,247.25,2500.000,2500.000,247.15,247.40,4832.000,6166.000,27500.000,12500.000,246.969,247.340,247.073,247.450,-0.150,-0.176
2017-04-27 12:22:00,247.117,247.333,1.000,20.000,247.05,247.10,10000.000,5000.000,247.15,247.35,800.000,522.000,247.00,247.25,2500.000,2500.000,247.10,247.40,5099.000,5378.000,32500.000,20000.000,246.903,247.351,247.035,247.519,-0.175,-0.147
2017-04-27 12:23:00,247.156,247.366,60.000,3163.000,247.05,247.20,2500.000,10000.000,247.20,247.40,8847.000,390.000,247.00,247.25,2500.000,5000.000,247.15,247.45,13744.000,8110.000,30000.000,25000.000,246.969,247.308,247.042,247.465,-0.175,-0.136
2017-04-27 12:24:00,247.155,247.341,167.000,2256.000,247.10,247.20,5000.000,5000.000,247.25,247.40,4976.000,60.000,247.05,247.25,5000.000,5000.000,247.20,247.45,13173.000,8866.000,22500.000,20000.000,247.013,247.342,247.156,247.481,-0.175,-0.116
2017-04-27 12:25:00,247.139,247.272,4928.000,1364.000,247.05,247.20,2500.000,2500.000,247.25,247.40,7113.000,60.000,247.00,247.25,2500.000,2500.000,247.20,247.45,15890.000,7793.000,15000.000,25000.000,246.991,247.355,247.150,247.575,-0.200,-0.103
2017-04-27 12:26:00,247.396,247.531,25.000,14.000,247.25,247.30,5000.000,5000.000,247.30,247.55,1029.000,997.000,247.20,247.35,17500.000,5000.000,247.25,247.60,6073.000,1789.000,45000.000,20000.000,247.085,247.390,247.203,247.675,-0.150,-0.087
2017-04-27 12:27:00,247.290,247.359,522.000,21.000,247.15,247.25,5000.000,17500.000,247.25,247.45,724.000,190.000,247.10,247.30,2500.000,7500.000,247.20,247.50,12646.000,4273.000,25000.000,32500.000,247.007,247.415,247.140,247.496,-0.150,-0.128
2017-04-27 12:28:00,247.369,247.526,277.000,828.000,247.25,247.55,2500.000,2500.000,247.40,247.60,2639.000,3149.000,247.20,247.60,7500.000,5000.000,247.35,247.65,9489.000,11374.000,30000.000,22500.000,247.140,247.674,247.308,247.706,-0.100,-0.136
2017-04-27 12:29:00,247.316,247.402,1994.000,333.000,247.20,247.25,5000.000,2500.000,247.30,247.50,1100.000,61.000,247.15,247.40,5000.000,5000.000,247.25,247.55,10125.000,5419.000,27500.000,25000.000,247.079,247.480,247.191,247.625,-0.175,-0.142
2017-04-27 12:30:00,247.344,247.411,1421.000,4.000,247.20,247.25,5000.000,5000.000,247.35,247.50,1000.000,1.000,247.15,247.30,5000.000,5000.000,247.30,247.55,9513.000,770.000,22500.000,25000.000,247.081,247.408,247.256,247.605,-0.200,-0.155
2017-04-27 12:31:00,247.378,247.436,72.000,689.000,247.25,247.30,2500.000,5000.000,247.35,247.55,1353.000,300.000,247.20,247.40,5000.000,7500.000,247.30,247.60,11252.000,4095.000,20000.000,25000.000,247.064,247.487,247.244,247.640,-0.175,-0.173
2017-04-27 12:32:00,247.326,247.600,4600.000,410.000,247.25,247.40,5000.000,2500.000,247.50,247.70,2119.000,290.000,247.20,247.50,2500.000,5000.000,247.45,247.75,10179.000,7166.000,20000.000,20000.000,247.187,247.645,247.387,247.794,-0.275,-0.153
2017-04-27 12:33:00,247.353,247.550,4124.000,450.000,247.25,247.45,2500.000,7500.000,247.45,247.65,2514.000,1182.000,247.20,247.50,2500.000,5000.000,247.40,247.70,10098.000,6798.000,22500.000,25000.000,247.184,247.589,247.350,247.740,-0.200,-0.157
2017-04-27 12:34:00,247.390,247.503,3638.000,12.000,247.25,247.35,2500.000,2500.000,247.40,247.60,270.000,343.000,247.20,247.40,10000.000,10000.000,247.35,247.65,9064.000,1511.000,22500.000,25000.000,247.165,247.481,247.317,247.750,-0.200,-0.183
2017-04-27 12:35:00,247.280,247.415,3283.000,174.000,247.25,247.30,2500.000,2500.000,247.35,247.55,270.000,60.000,247.20,247.35,12500.000,5000.000,247.30,247.60,7282.000,3783.000,22500.000,27500.000,247.173,247.457,247.272,247.659,-0.175,-0.190
2017-04-27 12:36:00,247.390,247.538,2983.000,365.000,247.25,247.35,5000.000,2500.000,247.45,247.60,2525.000,293.000,247.20,247.40,2500.000,5000.000,247.40,247.65,9521.000,1620.000,22500.000,20000.000,247.168,247.456,247.344,247.700,-0.225,-0.198
2017-04-27 12:37:00,247.383,247.553,2870.000,380.000,247.25,247.35,2500.000,7500.000,247.45,247.60,2727.000,293.000,247.20,247.40,2500.000,5000.000,247.40,247.65,9406.000,1940.000,22500.000,22500.000,247.168,247.454,247.333,247.683,-0.225,-0.203
2017-04-27 12:38:00,247.326,247.548,3178.000,140.000,247.30,247.35,2500.000,5000.000,247.45,247.60,1091.000,60.000,247.25,247.45,7500.000,5000.000,247.40,247.65,8106.000,6248.000,27500.000,22500.000,247.231,247.589,247.332,247.711,-0.200,-0.199
2017-04-27 12:39:00,247.293,247.532,538.000,474.000,247.30,247.35,2500.000,5000.000,247.45,247.60,1050.000,300.000,247.25,247.45,7500.000,7500.000,247.40,247.65,5377.000,6589.000,25000.000,25000.000,247.201,247.568,247.335,247.685,-0.200,-0.186
2017-04-27 12:40:00,247.249,247.418,370.000,408.000,247.20,247.30,2500.000,7500.000,247.35,247.55,60.000,262.000,247.15,247.40,2500.000,5000.000,247.30,247.60,7482.000,8449.000,15000.000,27500.000,247.052,247.517,247.242,247.650,-0.200,-0.172
2017-04-27 12:41:00,247.358,247.547,2081.000,1236.000,247.30,247.45,5000.000,5000.000,247.40,247.60,925.000,160.000,247.20,247.50,7500.000,2500.000,247.35,247.65,8543.000,7330.000,30000.000,17500.000,247.164,247.572,247.317,247.686,-0.125,-0.169
2017-04-27 12:42:00,247.342,247.539,3346.000,426.000,247.25,247.45,2500.000,5000.000,247.50,247.60,1174.000,361.000,247.20,247.50,2500.000,7500.000,247.45,247.65,8619.000,7032.000,20000.000,27500.000,247.172,247.586,247.381,247.700,-0.200,-0.152
2017-04-27 12:43:00,247.320,247.518,1866.000,1007.000,247.30,247.40,2500.000,5000.000,247.45,247.60,132.000,642.000,247.25,247.45,7500.000,10000.000,247.40,247.65,7845.000,7876.000,25000.000,30000.000,247.203,247.557,247.355,247.696,-0.175,-0.143
2017-04-27 12:44:00,247.384,247.563,5.000,133.000,247.30,247.35,2500.000,7500.000,247.45,247.65,132.000,443.000,247.25,247.40,2500.000,5000.000,247.40,247.70,4373.000,1969.000,22500.000,25000.000,247.179,247.459,247.344,247.750,-0.225,-0.160
2017-04-27 12:45:00,247.345,247.441,745.000,132.000,247.20,247.30,5000.000,2500.000,247.35,247.55,5000.000,60.000,247.15,247.35,7500.000,10000.000,247.30,247.60,13313.000,2641.000,25000.000,30000.000,247.093,247.465,247.265,247.662,-0.200,-0.187
2017-04-27 12:46:00,247.376,247.550,2394.000,3.000,247.25,247.35,5000.000,7500.000,247.45,247.60,3861.000,20.000,247.20,247.40,2500.000,2500.000,247.40,247.65,8019.000,903.000,20000.000,20000.000,247.195,247.485,247.344,247.694,-0.225,-0.189
2017-04-27 12:47:00,247.417,247.529,1866.000,173.000,247.25,247.35,2500.000,10000.000,247.45,247.60,3522.000,20.000,247.20,247.40,2500.000,5000.000,247.40,247.65,10555.000,1073.000,17500.000,25000.000,247.154,247.467,247.336,247.680,-0.225,-0.204
2017-04-27 12:48:00,247.296,247.450,1735.000,173.000,247.25,247.30,5000.000,5000.000,247.35,247.55,520.000,287.000,247.20,247.35,7500.000,7500.000,247.30,247.60,7551.000,3697.000,25000.000,27500.000,247.154,247.457,247.265,247.655,-0.175,-0.200
2017-04-27 12:49:00,247.114,247.376,1907.000,1121.000,247.10,247.25,5000.000,7500.000,247.25,247.45,70.000,173.000,247.05,247.30,12500.000,5000.000,247.20,247.50,6294.000,7929.000,30000.000,22500.000,247.019,247.408,247.133,247.533,-0.175,-0.174
2017-04-27 12:50:00,247.178,247.409,875.000,145.000,247.10,247.15,2500.000,7500.000,247.30,247.45,2411.000,161.000,247.05,247.25,2500.000,2500.000,247.25,247.50,5812.000,2272.000,20000.000,22500.000,247.022,247.356,247.194,247.567,-0.250,-0.147
2017-04-27 12:51:00,247.277,247.461,875.000,514.000,247.20,247.30,2500.000,5000.000,247.40,247.55,2712.000,150.000,247.15,247.35,7500.000,5000.000,247.35,247.60,9703.000,5576.000,22500.000,22500.000,247.086,247.461,247.283,247.644,-0.225,-0.134
2017-04-27 12:52:00,247.256,247.445,279.000,553.000,247.20,247.30,7500.000,7500.000,247.35,247.55,4356.000,250.000,247.10,247.35,7500.000,5000.000,247.30,247.60,10059.000,5782.000,25000.000,25000.000,247.044,247.461,247.270,247.630,-0.200,-0.112
2017-04-27 12:53:00,247.562,247.697,2663.000,36.000,247.40,247.50,5000.000,2500.000,247.65,247.80,592.000,10.000,247.35,247.55,5000.000,2500.000,247.60,247.85,8964.000,1863.000,22500.000,20000.000,247.284,247.726,247.556,247.925,-0.275,-0.093
2017-04-27 12:54:00,247.377,247.510,2500.000,1066.000,247.25,247.45,7500.000,2500.000,247.45,247.60,1897.000,3479.000,247.20,247.50,2500.000,2500.000,247.40,247.65,10469.000,8367.000,25000.000,25000.000,247.150,247.539,247.360,247.720,-0.175,-0.104
2017-04-27 12:55:00,247.418,247.512,2151.000,173.000,247.25,247.40,5000.000,5000.000,247.45,247.65,1897.000,450.000,247.20,247.45,5000.000,5000.000,247.40,247.70,8832.000,2246.000,20000.000,30000.000,247.158,247.519,247.363,247.746,-0.225,-0.100
2017-04-27 12:56:00,247.328,247.448,1454.000,2903.000,247.25,247.40,7500.000,2500.000,247.45,247.60,2199.000,390.000,247.20,247.45,5000.000,5000.000,247.40,247.65,8562.000,7815.000,20000.000,35000.000,247.152,247.508,247.381,247.729,-0.200,-0.099
2017-04-27 12:57:00,247.421,247.500,2550.000,403.000,247.25,247.40,2500.000,2500.000,247.50,247.65,1239.000,60.000,247.20,247.45,5000.000,5000.000,247.45,247.70,8708.000,2086.000,17500.000,35000.000,247.159,247.519,247.400,247.804,-0.250,-0.113
2017-04-27 12:58:00,247.553,247.590,2092.000,424.000,247.30,247.50,7500.000,7500.000,247.55,247.75,723.000,70.000,247.25,247.55,10000.000,7500.000,247.50,247.80,8594.000,1506.000,25000.000,35000.000,247.181,247.625,247.465,247.896,-0.250,-0.146
2017-04-27 12:59:00,247.418,247.606,3092.000,150.000,247.30,247.35,2500.000,5000.000,247.55,247.70,2390.000,61.000,247.25,247.50,5000.000,12500.000,247.50,247.75,10979.000,4372.000,25000.000,35000.000,247.203,247.659,247.335,247.779,-0.300,-0.131
2017-04-27 13:00:00,247.413,247.491,73.000,471.000,247.35,247.45,7500.000,5000.000,247.45,247.65,2040.000,2501.000,247.25,247.50,5000.000,7500.000,247.40,247.70,9626.000,6963.000,20000.000,35000.000,247.168,247.573,247.381,247.746,-0.150,-0.143
2017-04-27 13:01:00,247.402,247.514,2017.000,112.000,247.30,247.50,2500.000,2500.000,247.55,247.70,4572.000,314.000,247.25,247.55,2500.000,10000.000,247.50,247.75,10265.000,7234.000,15000.000,37500.000,247.224,247.702,247.433,247.857,-0.225,-0.150
2017-04-27 13:02:00,247.424,247.576,6940.000,223.000,247.30,247.50,5000.000,5000.000,247.55,247.70,4417.000,314.000,247.25,247.55,2500.000,7500.000,247.50,247.75,15064.000,7202.000,20000.000,27500.000,247.248,247.697,247.394,247.795,-0.225,-0.167
2017-04-27 13:03:00,247.383,247.585,5657.000,2728.000,247.30,247.50,2500.000,7500.000,247.55,247.70,4242.000,314.000,247.25,247.55,2500.000,10000.000,247.50,247.75,13114.000,11888.000,17500.000,32500.000,247.245,247.640,247.393,247.777,-0.225,-0.138
2017-04-27 13:04:00,247.424,247.535,5513.000,2768.000,247.30,247.50,7500.000,7500.000,247.50,247.70,2951.000,374.000,247.25,247.55,2500.000,12500.000,247.45,247.75,11679.000,7004.000,20000.000,40000.000,247.241,247.601,247.425,247.822,-0.200,-0.138
2017-04-27 13:05:00,247.401,247.539,250.000,234.000,247.35,247.45,2500.000,2500.000,247.50,247.65,4812.000,2493.000,247.30,247.50,2500.000,7500.000,247.45,247.70,9084.000,6559.000,17500.000,30000.000,247.271,247.576,247.386,247.750,-0.175,-0.165
2017-04-27 13:06:00,247.246,247.391,180.000,2571.000,247.20,247.30,2500.000,2500.000,247.25,247.45,100.000,174.000,247.15,247.35,17500.000,2500.000,247.20,247.50,5915.000,8389.000,35000.000,20000.000,247.031,247.411,247.125,247.556,-0.100,-0.188
2017-04-27 13:07:00,247.373,247.610,450.000,174.000,247.25,247.40,2500.000,2500.000,247.40,247.60,696.000,379.000,247.20,247.50,2500.000,2500.000,247.35,247.65,6141.000,4570.000,35000.000,15000.000,247.128,247.586,247.286,247.733,-0.175,-0.172
2017-04-27 13:08:00,247.468,247.524,322.000,149.000,247.30,247.40,7500.000,5000.000,247.45,247.65,262.000,40.000,247.25,247.45,2500.000,2500.000,247.40,247.70,6563.000,1382.000,22500.000,25000.000,247.166,247.548,247.333,247.835,-0.200,-0.209
2017-04-27 13:09:00,247.331,247.442,123.000,888.000,247.20,247.30,2500.000,5000.000,247.35,247.55,600.000,475.000,247.15,247.45,2500.000,5000.000,247.30,247.60,7962.000,6648.000,15000.000,17500.000,247.061,247.504,247.233,247.636,-0.200,-0.235
2017-04-27 13:10:00,247.402,247.678,2126.000,87.000,247.25,247.35,7500.000,5000.000,247.50,247.70,1231.000,714.000,247.20,247.40,2500.000,2500.000,247.45,247.75,6454.000,1061.000,25000.000,20000.000,247.161,247.422,247.365,247.887,-0.300,-0.188
2017-04-27 13:11:00,247.416,247.679,125.000,564.000,247.35,247.50,2500.000,2500.000,247.55,247.75,1650.000,450.000,247.30,247.55,2500.000,7500.000,247.50,247.80,6330.000,6185.000,27500.000,25000.000,247.230,247.703,247.414,247.850,-0.225,-0.165
2017-04-27 13:12:00,247.311,247.466,1750.000,334.000,247.20,247.30,5000.000,2500.000,247.35,247.55,304.000,202.000,247.15,247.35,7500.000,2500.000,247.30,247.60,9123.000,4254.000,22500.000,17500.000,247.082,247.503,247.261,247.657,-0.200,-0.172
2017-04-27 13:13:00,247.372,247.615,500.000,314.000,247.30,247.50,2500.000,2500.000,247.50,247.70,2500.000,1000.000,247.25,247.55,5000.000,2500.000,247.45,247.75,5062.000,5197.000,32500.000,25000.000,247.207,247.642,247.362,247.805,-0.200,-0.165
2017-04-27 13:14:00,247.155,247.392,3255.000,486.000,247.10,247.30,2500.000,2500.000,247.30,247.45,2804.000,60.000,247.05,247.35,2500.000,2500.000,247.25,247.50,10344.000,9661.000,17500.000,15000.000,247.036,247.468,247.193,247.567,-0.175,-0.135
2017-04-27 13:15:00,247.491,247.536,1258.000,1448.000,247.30,247.45,5000.000,5000.000,247.55,247.70,1424.000,72.000,247.25,247.50,2500.000,2500.000,247.50,247.75,8355.000,2835.000,17500.000,35000.000,247.176,247.503,247.450,247.850,-0.250,-0.163
2017-04-27 13:16:00,247.483,247.628,4647.000,174.000,247.40,247.55,5000.000,2500.000,247.60,247.75,1979.000,360.000,247.35,247.60,2500.000,7500.000,247.55,247.80,9977.000,5432.000,15000.000,25000.000,247.338,247.704,247.517,247.845,-0.200,-0.167
2017-04-27 13:17:00,247.539,247.730,1692.000,129.000,247.45,247.50,2500.000,2500.000,247.70,247.80,300.000,53.000,247.40,247.55,5000.000,2500.000,247.65,247.85,6265.000,2310.000,17500.000,20000.000,247.323,247.652,247.593,247.925,-0.275,-0.151
2017-04-27 13:18:00,247.395,247.600,70.000,174.000,247.35,247.45,2500.000,2500.000,247.55,247.65,2610.000,390.000,247.30,247.50,10000.000,5000.000,247.50,247.70,6505.000,5043.000,22500.000,20000.000,247.237,247.621,247.456,247.762,-0.200,-0.141
2017-04-27 13:19:00,247.513,247.603,118.000,174.000,247.30,247.40,7500.000,2500.000,247.50,247.70,2198.000,81.000,247.25,247.50,2500.000,2500.000,247.45,247.75,8278.000,1835.000,22500.000,17500.000,247.156,247.594,247.411,247.843,-0.250,-0.149
2017-04-27 13:20:00,247.413,247.594,4695.000,45.000,247.30,247.40,7500.000,2500.000,247.50,247.65,2218.000,470.000,247.25,247.50,2500.000,5000.000,247.45,247.70,12863.000,4934.000,25000.000,20000.000,247.209,247.624,247.405,247.762,-0.225,-0.146
2017-04-27 13:21:00,247.451,247.617,3787.000,800.000,247.30,247.50,2500.000,5000.000,247.55,247.75,1278.000,448.000,247.25,247.60,7500.000,5000.000,247.50,247.80,11354.000,6890.000,20000.000,25000.000,247.198,247.697,247.450,247.870,-0.250,-0.142
2017-04-27 13:22:00,247.411,247.525,607.000,865.000,247.30,247.45,2500.000,2500.000,247.50,247.65,2803.000,637.000,247.25,247.50,2500.000,5000.000,247.45,247.70,9188.000,5977.000,15000.000,25000.000,247.172,247.595,247.392,247.840,-0.200,-0.160
2017-04-27 13:23:00,247.410,247.563,359.000,189.000,247.35,247.40,2500.000,5000.000,247.50,247.65,23.000,435.000,247.30,247.50,2500.000,2500.000,247.45,247.70,5869.000,4367.000,17500.000,20000.000,247.222,247.610,247.386,247.762,-0.200,-0.161
2017-04-27 13:24:00,247.369,247.497,253.000,2249.000,247.30,247.45,2500.000,7500.000,247.50,247.65,2814.000,1765.000,247.25,247.50,2500.000,5000.000,247.45,247.70,9523.000,10427.000,12500.000,35000.000,247.168,247.575,247.400,247.807,-0.200,-0.177
2017-04-27 13:25:00,247.350,247.518,1457.000,358.000,247.30,247.40,2500.000,7500.000,247.45,247.60,71.000,1808.000,247.25,247.45,5000.000,5000.000,247.40,247.65,7926.000,8221.000,20000.000,27500.000,247.169,247.524,247.338,247.686,-0.175,-0.184
2017-04-27 13:26:00,247.240,247.387,415.000,187.000,247.20,247.25,5000.000,2500.000,247.30,247.45,33.000,450.000,247.15,247.35,2500.000,7500.000,247.25,247.50,8868.000,8726.000,20000.000,20000.000,247.058,247.461,247.194,247.550,-0.150,-0.186
2017-04-27 13:27:00,247.150,247.353,2219.000,837.000,247.10,247.25,5000.000,5000.000,247.25,247.45,212.000,364.000,247.05,247.35,5000.000,7500.000,247.20,247.50,9549.000,10618.000,22500.000,22500.000,247.009,247.452,247.139,247.528,-0.175,-0.167
2017-04-27 13:28:00,247.222,247.382,1569.000,615.000,247.10,247.20,10000.000,2500.000,247.25,247.45,10.000,378.000,247.05,247.25,5000.000,7500.000,247.20,247.50,7217.000,2192.000,25000.000,17500.000,247.009,247.304,247.160,247.550,-0.200,-0.137
2017-04-27 13:29:00,247.209,247.417,2047.000,1001.000,247.10,247.20,5000.000,5000.000,247.30,247.45,2294.000,244.000,247.05,247.25,5000.000,2500.000,247.25,247.50,8345.000,2534.000,22500.000,15000.000,247.029,247.294,247.211,247.550,-0.225,-0.119
2017-04-27 13:30:00,247.421,247.621,3699.000,53.000,247.30,247.40,5000.000,5000.000,247.55,247.70,2318.000,750.000,247.25,247.45,7500.000,2500.000,247.50,247.75,10715.000,3856.000,22500.000,20000.000,247.216,247.519,247.461,247.825,-0.275,-0.116
2017-04-27 13:31:00,247.577,247.736,1271.000,1201.000,247.50,247.60,5000.000,5000.000,247.70,247.85,2702.000,60.000,247.45,247.70,5000.000,2500.000,247.65,247.90,7024.000,4982.000,20000.000,25000.000,247.416,247.771,247.606,247.965,-0.225,-0.122
2017-04-27 13:32:00,247.402,247.511,200.000,1038.000,247.30,247.50,2500.000,5000.000,247.45,247.60,839.000,759.000,247.25,247.55,5000.000,5000.000,247.40,247.65,8152.000,9139.000,15000.000,20000.000,247.166,247.604,247.358,247.700,-0.125,-0.123
2017-04-27 13:33:00,247.536,247.544,3.000,621.000,247.45,247.50,7500.000,7500.000,247.50,247.70,60.000,60.000,247.35,247.55,2500.000,5000.000,247.45,247.75,10471.000,5086.000,17500.000,27500.000,247.227,247.652,247.414,247.786,-0.125,-0.153
2017-04-27 13:34:00,247.369,247.486,4983.000,1135.000,247.20,247.40,5000.000,5000.000,247.40,247.60,2996.000,803.000,247.15,247.45,5000.000,7500.000,247.35,247.65,16541.000,6859.000,20000.000,25000.000,247.106,247.533,247.319,247.690,-0.200,-0.146
2017-04-27 13:35:00,247.327,247.512,6811.000,74.000,247.20,247.40,2500.000,7500.000,247.45,247.60,967.000,160.000,247.15,247.45,2500.000,2500.000,247.40,247.65,14321.000,7145.000,17500.000,22500.000,247.120,247.579,247.343,247.689,-0.225,-0.124
2017-04-27 13:36:00,247.321,247.509,6059.000,764.000,247.20,247.40,2500.000,7500.000,247.45,247.60,967.000,160.000,247.15,247.45,7500.000,5000.000,247.40,247.65,13669.000,7935.000,17500.000,22500.000,247.115,247.562,247.357,247.672,-0.225,-0.104
2017-04-27 13:37:00,247.241,247.356,1573.000,517.000,247.20,247.30,5000.000,5000.000,247.30,247.50,1747.000,378.000,247.10,247.35,2500.000,7500.000,247.25,247.55,9733.000,6116.000,17500.000,27500.000,247.063,247.459,247.193,247.586,-0.150,-0.132
2017-04-27 13:38:00,247.213,247.369,1598.000,1147.000,247.10,247.30,2500.000,10000.000,247.30,247.50,2696.000,378.000,247.05,247.35,5000.000,5000.000,247.25,247.55,9340.000,6016.000,17500.000,27500.000,247.018,247.449,247.179,247.582,-0.200,-0.146
2017-04-27 13:39:00,247.339,247.424,5.000,1560.000,247.25,247.30,2500.000,5000.000,247.35,247.50,5000.000,744.000,247.15,247.40,5000.000,5000.000,247.30,247.55,12422.000,6499.000,20000.000,22500.000,247.090,247.442,247.256,247.628,-0.150,-0.168
2017-04-27 13:40:00,247.659,247.734,5.000,606.000,247.60,247.75,5000.000,2500.000,247.65,247.85,60.000,741.000,247.50,247.80,7500.000,5000.000,247.60,247.90,5965.000,6746.000,20000.000,20000.000,247.400,247.858,247.562,247.944,-0.075,-0.176
2017-04-27 13:41:00,247.581,247.673,5.000,646.000,247.55,247.65,5000.000,5000.000,247.60,247.80,60.000,25.000,247.45,247.70,5000.000,2500.000,247.55,247.85,3872.000,4308.000,25000.000,25000.000,247.348,247.775,247.465,247.910,-0.100,-0.201
2017-04-27 13:42:00,247.640,247.894,5.000,1447.000,247.70,247.80,12500.000,2500.000,247.75,247.95,304.000,133.000,247.55,247.85,2500.000,2500.000,247.70,248.00,8278.000,12702.000,27500.000,15000.000,247.486,247.949,247.664,248.067,-0.100,-0.171
2017-04-27 13:43:00,247.713,247.938,5.000,100.000,247.70,247.80,2500.000,2500.000,247.85,248.00,3139.000,201.000,247.60,247.85,7500.000,2500.000,247.80,248.05,9444.000,8529.000,22500.000,17500.000,247.527,247.970,247.750,248.121,-0.175,-0.145
2017-04-27 13:44:00,247.777,247.974,5.000,2511.000,247.80,247.90,7500.000,2500.000,247.90,248.10,1831.000,383.000,247.65,247.95,2500.000,5000.000,247.85,248.15,5526.000,9235.000,20000.000,22500.000,247.566,248.003,247.800,248.206,-0.150,-0.129
2017-04-27 13:45:00,248.063,248.181,5.000,50.000,247.95,248.00,2500.000,5000.000,248.15,248.30,2499.000,364.000,247.90,248.15,2500.000,5000.000,248.10,248.35,9289.000,5652.000,12500.000,20000.000,247.813,248.271,248.030,248.387,-0.250,-0.140
2017-04-27 13:46:00,248.116,248.332,3226.000,51.000,248.05,248.15,2500.000,2500.000,248.30,248.35,3178.000,170.000,248.00,248.20,2500.000,2500.000,248.20,248.45,10386.000,4633.000,17500.000,17500.000,247.979,248.319,248.143,248.493,-0.225,-0.130
2017-04-27 13:47:00,247.970,248.073,5.000,10.000,247.95,248.00,2500.000,10000.000,248.00,248.20,60.000,364.000,247.85,248.05,2500.000,5000.000,247.95,248.25,5838.000,4254.000,15000.000,22500.000,247.754,248.172,247.867,248.267,-0.125,-0.129
2017-04-27 13:48:00,247.897,247.987,5.000,614.000,247.80,247.95,5000.000,7500.000,247.90,248.10,2465.000,1453.000,247.65,248.00,2500.000,2500.000,247.85,248.15,9282.000,6026.000,25000.000,22500.000,247.560,248.060,247.790,248.194,-0.125,-0.156
2017-04-27 13:49:00,247.810,247.929,5.000,100.000,247.70,247.75,5000.000,2500.000,247.80,248.00,318.000,2500.000,247.65,247.80,2500.000,5000.000,247.75,248.05,6403.000,3602.000,30000.000,22500.000,247.538,247.820,247.662,248.200,-0.175,-0.162
2017-04-27 13:50:00,247.787,247.959,5.000,2500.000,247.75,247.85,7500.000,2500.000,247.85,248.05,2511.000,161.000,247.60,247.90,5000.000,5000.000,247.80,248.10,9041.000,7555.000,25000.000,17500.000,247.530,247.966,247.730,248.143,-0.150,-0.160
2017-04-27 13:51:00,247.495,247.663,5.000,1004.000,247.40,247.50,2500.000,5000.000,247.55,247.70,3101.000,951.000,247.30,247.60,5000.000,5000.000,247.50,247.75,12170.000,8389.000,27500.000,20000.000,247.219,247.674,247.432,247.787,-0.175,-0.175
2017-04-27 13:52:00,247.436,247.534,5.000,60.000,247.35,247.45,2500.000,5000.000,247.45,247.65,104.000,1017.000,247.25,247.50,7500.000,5000.000,247.40,247.70,8156.000,4843.000,17500.000,22500.000,247.145,247.600,247.364,247.761,-0.150,-0.158
2017-04-27 13:53:00,247.771,247.994,5.000,201.000,247.75,247.85,7500.000,2500.000,247.90,248.10,1375.000,61.000,247.65,247.90,5000.000,2500.000,247.85,248.15,5403.000,5624.000,22500.000,17500.000,247.557,247.993,247.789,248.214,-0.200,-0.135
2017-04-27 13:54:00,247.535,247.686,6.000,811.000,247.55,247.65,5000.000,2500.000,247.60,247.80,500.000,5216.000,247.45,247.70,5000.000,2500.000,247.55,247.85,5483.000,10424.000,17500.000,17500.000,247.305,247.737,247.514,247.950,-0.100,-0.131
2017-04-27 13:55:00,247.489,247.650,5.000,2368.000,247.45,247.50,5000.000,10000.000,247.55,247.75,60.000,449.000,247.35,247.60,5000.000,5000.000,247.50,247.80,7814.000,8811.000,20000.000,25000.000,247.239,247.657,247.438,247.860,-0.175,-0.144
2017-04-27 13:56:00,247.247,247.488,5.000,340.000,247.30,247.35,2500.000,5000.000,247.35,247.45,2654.000,836.000,247.20,247.40,2500.000,2500.000,247.30,247.50,6901.000,10337.000,27500.000,15000.000,247.099,247.459,247.227,247.558,-0.075,-0.109
2017-04-27 13:57:00,247.407,247.423,5.000,1052.000,247.35,247.45,2500.000,2500.000,247.30,247.50,527.000,3864.000,247.20,247.50,5000.000,2500.000,247.25,247.55,6221.000,6489.000,15000.000,12500.000,247.078,247.515,247.208,247.620,-0.000,-0.145
2017-04-27 13:58:00,247.413,247.521,20.000,64.000,247.40,247.45,2500.000,5000.000,247.40,247.60,50.000,1323.000,247.25,247.50,7500.000,2500.000,247.35,247.65,7100.000,5467.000,20000.000,15000.000,247.140,247.594,247.300,247.683,-0.075,-0.161
2017-04-27 13:59:00,247.423,247.553,5.000,304.000,247.35,247.45,2500.000,2500.000,247.45,247.65,1947.000,877.000,247.20,247.50,2500.000,5000.000,247.40,247.70,4917.000,2578.000,20000.000,20000.000,247.137,247.555,247.325,247.800,-0.150,-0.172
2017-04-27 14:00:00,247.444,247.671,5.000,58.000,247.45,247.50,2500.000,2500.000,247.60,247.75,6.000,329.000,247.40,247.60,2500.000,2500.000,247.55,247.80,4463.000,6870.000,17500.000,17500.000,247.309,247.716,247.450,247.857,-0.200,-0.152
2017-04-27 14:01:00,247.512,247.576,5.000,253.000,247.35,247.45,5000.000,5000.000,247.50,247.70,1765.000,79.000,247.25,247.50,2500.000,2500.000,247.45,247.75,6004.000,1433.000,17500.000,25000.000,247.161,247.567,247.400,247.845,-0.200,-0.146
2017-04-27 14:02:00,247.489,247.683,5.000,1500.000,247.50,247.60,2500.000,2500.000,247.65,247.80,2585.000,575.000,247.40,247.65,2500.000,5000.000,247.60,247.85,7094.000,10650.000,15000.000,22500.000,247.316,247.731,247.542,247.917,-0.175,-0.143
2017-04-27 14:03:00,247.431,247.620,5.000,676.000,247.40,247.50,2500.000,5000.000,247.45,247.65,150.000,592.000,247.25,247.55,5000.000,2500.000,247.40,247.70,7494.000,5710.000,35000.000,15000.000,247.167,247.647,247.321,247.733,-0.100,-0.140
2017-04-27 14:04:00,247.407,247.593,266.000,268.000,247.40,247.45,7500.000,2500.000,247.40,247.60,364.000,357.000,247.25,247.50,7500.000,2500.000,247.35,247.65,5429.000,4073.000,37500.000,12500.000,247.154,247.608,247.303,247.700,-0.075,-0.132
2017-04-27 14:05:00,247.433,247.561,5.000,218.000,247.40,247.50,5000.000,2500.000,247.45,247.60,274.000,382.000,247.25,247.55,2500.000,2500.000,247.40,247.65,6519.000,5057.000,22500.000,12500.000,247.165,247.631,247.289,247.700,-0.075,-0.141
2017-04-27 14:06:00,247.414,247.446,5.000,747.000,247.30,247.40,7500.000,5000.000,247.35,247.55,225.000,950.000,247.20,247.45,2500.000,5000.000,247.30,247.60,11838.000,6298.000,17500.000,17500.000,247.049,247.555,247.279,247.629,-0.100,-0.166
2017-04-27 14:07:00,247.538,247.718,5.000,2734.000,247.50,247.60,2500.000,2500.000,247.65,247.80,2412.000,3192.000,247.40,247.65,5000.000,5000.000,247.60,247.85,6219.000,8700.000,22500.000,25000.000,247.314,247.669,247.511,247.905,-0.175,-0.173
2017-04-27 14:08:00,247.427,247.603,5.000,202.000,247.40,247.50,7500.000,2500.000,247.50,247.70,60.000,364.000,247.30,247.55,2500.000,2500.000,247.45,247.75,7416.000,8054.000,25000.000,17500.000,247.199,247.631,247.415,247.829,-0.150,-0.183
2017-04-27 14:09:00,247.457,247.600,5.000,567.000,247.40,247.50,7500.000,2500.000,247.50,247.70,600.000,3294.000,247.30,247.55,2500.000,2500.000,247.45,247.75,6053.000,6071.000,22500.000,17500.000,247.206,247.584,247.417,247.814,-0.150,-0.178
2017-04-27 14:10:00,247.412,247.588,5.000,202.000,247.40,247.45,5000.000,2500.000,247.45,247.65,103.000,521.000,247.30,247.50,7500.000,2500.000,247.40,247.70,5188.000,6118.000,32500.000,20000.000,247.182,247.565,247.292,247.800,-0.125,-0.150
2017-04-27 14:11:00,247.387,247.542,5.000,149.000,247.35,247.40,2500.000,2500.000,247.45,247.65,1443.000,1191.000,247.25,247.45,7500.000,5000.000,247.40,247.70,8746.000,6504.000,22500.000,22500.000,247.162,247.517,247.350,247.800,-0.175,-0.145
2017-04-27 14:12:00,247.364,247.577,5.000,751.000,247.35,247.40,5000.000,5000.000,247.50,247.65,1551.000,602.000,247.25,247.45,5000.000,5000.000,247.45,247.70,5698.000,6178.000,25000.000,25000.000,247.157,247.508,247.400,247.775,-0.200,-0.140
2017-04-27 14:13:00,247.510,247.739,5.000,793.000,247.45,247.50,7500.000,5000.000,247.60,247.80,2820.000,554.000,247.35,247.60,7500.000,2500.000,247.55,247.85,8781.000,5251.000,32500.000,22500.000,247.240,247.682,247.504,247.922,-0.225,-0.121
2017-04-27 14:14:00,247.477,247.594,5.000,702.000,247.40,247.45,5000.000,5000.000,247.55,247.70,1487.000,1002.000,247.30,247.50,2500.000,5000.000,247.50,247.75,7318.000,3634.000,17500.000,25000.000,247.214,247.552,247.464,247.840,-0.200,-0.112
2017-04-27 14:15:00,247.648,247.685,5.000,100.000,247.45,247.50,2500.000,2500.000,247.60,247.80,1097.000,56.000,247.40,247.60,7500.000,2500.000,247.55,247.85,9639.000,1693.000,22500.000,20000.000,247.291,247.694,247.472,247.931,-0.225,-0.133
2017-04-27 14:16:00,247.493,247.623,5.000,385.000,247.40,247.45,10000.000,7500.000,247.55,247.75,2753.000,750.000,247.30,247.50,5000.000,2500.000,247.50,247.80,9056.000,2909.000,22500.000,27500.000,247.228,247.557,247.489,247.895,-0.225,-0.116
2017-04-27 14:17:00,247.437,247.627,5.000,1640.000,247.40,247.50,2500.000,5000.000,247.55,247.70,1570.000,201.000,247.30,247.55,2500.000,5000.000,247.50,247.75,6929.000,7530.000,15000.000,17500.000,247.218,247.652,247.442,247.779,-0.175,-0.088
2017-04-27 14:18:00,247.384,247.513,5.000,701.000,247.40,247.45,2500.000,5000.000,247.45,247.60,206.000,945.000,247.35,247.50,2500.000,2500.000,247.40,247.65,2838.000,5856.000,17500.000,20000.000,247.221,247.586,247.314,247.694,-0.100,-0.070
2017-04-27 14:19:00,247.336,247.408,5.000,825.000,247.25,247.35,2500.000,5000.000,247.35,247.50,429.000,868.000,247.15,247.40,2500.000,2500.000,247.30,247.55,11053.000,6149.000,20000.000,25000.000,247.070,247.480,247.188,247.610,-0.125,-0.063
2017-04-27 14:20:00,247.494,247.639,5.000,478.000,247.40,247.45,2500.000,2500.000,247.60,247.70,2178.000,600.000,247.35,247.50,7500.000,5000.000,247.55,247.75,6110.000,2529.000,17500.000,17500.000,247.278,247.544,247.507,247.800,-0.225,-0.049
2017-04-27 14:21:00,247.523,247.563,5.000,392.000,247.35,247.45,2500.000,5000.000,247.45,247.65,797.000,867.000,247.25,247.50,5000.000,5000.000,247.40,247.70,10339.000,2099.000,22500.000,25000.000,247.167,247.530,247.311,247.800,-0.150,-0.081
2017-04-27 14:22:00,247.384,247.437,5.000,502.000,247.35,247.40,7500.000,7500.000,247.35,247.55,354.000,953.000,247.25,247.45,2500.000,5000.000,247.30,247.60,10694.000,7900.000,22500.000,25000.000,247.138,247.561,247.239,247.630,-0.075,-0.094
2017-04-27 14:23:00,247.464,247.502,5.000,370.000,247.30,247.35,2500.000,7500.000,247.40,247.60,1496.000,1280.000,247.25,247.45,5000.000,7500.000,247.35,247.65,9473.000,2840.000,22500.000,30000.000,247.163,247.476,247.261,247.708,-0.175,-0.095
2017-04-27 14:24:00,247.592,247.631,5.000,426.000,247.50,247.65,2500.000,2500.000,247.45,247.80,1100.000,1442.000,247.30,247.70,5000.000,2500.000,247.40,247.85,9519.000,5451.000,22500.000,22500.000,247.205,247.775,247.294,247.961,-0.050,-0.106
2017-04-27 14:25:00,247.394,247.470,5.000,1046.000,247.35,247.40,2500.000,2500.000,247.40,247.50,122.000,1209.000,247.30,247.45,2500.000,5000.000,247.35,247.65,8738.000,11639.000,17500.000,20000.000,247.176,247.519,247.171,247.794,-0.075,-0.118
2017-04-27 14:26:00,247.191,247.391,1784.000,637.000,247.10,247.25,2500.000,5000.000,247.25,247.45,543.000,729.000,247.05,247.30,2500.000,7500.000,247.20,247.55,8025.000,4927.000,20000.000,20000.000,247.017,247.390,247.037,247.594,-0.175,-0.097
2017-04-27 14:27:00,246.758,246.873,5.000,218.000,246.65,246.75,2500.000,2500.000,246.70,246.95,190.000,862.000,246.55,246.80,5000.000,2500.000,246.65,247.00,5677.000,2597.000,22500.000,15000.000,246.474,246.853,246.550,247.050,-0.125,-0.081
2017-04-27 14:28:00,246.849,246.897,10.000,615.000,246.70,246.75,5000.000,2500.000,246.65,246.90,300.000,202.000,246.60,246.90,2500.000,2500.000,246.60,247.05,7234.000,5306.000,25000.000,15000.000,246.481,246.970,246.505,247.117,-0.050,-0.141
2017-04-27 14:29:00,246.802,246.893,452.000,111.000,246.65,246.80,7500.000,2500.000,246.70,246.95,1300.000,203.000,246.60,246.95,5000.000,2500.000,246.65,247.00,7251.000,7285.000,22500.000,15000.000,246.513,247.101,246.606,247.158,-0.100,-0.181
2017-04-27 14:30:00,247.034,247.167,10.000,3175.000,246.95,247.00,5000.000,2500.000,246.95,247.15,10.000,360.000,246.90,247.10,15000.000,5000.000,246.85,247.25,5890.000,6695.000,35000.000,15000.000,246.709,247.102,246.818,247.317,-0.075,-0.208
2017-04-27 14:31:00,247.062,247.159,10.000,2636.000,246.95,247.00,7500.000,2500.000,246.95,247.15,20.000,160.000,246.90,247.10,2500.000,5000.000,246.90,247.25,7859.000,6006.000,27500.000,15000.000,246.717,247.113,246.809,247.317,-0.075,-0.245
2017-04-27 14:32:00,247.063,247.095,16.000,1419.000,246.90,246.95,7500.000,7500.000,246.90,247.20,50.000,1622.000,246.85,247.00,2500.000,5000.000,246.85,247.25,7976.000,6045.000,27500.000,27500.000,246.694,247.114,246.745,247.400,-0.125,-0.276
2017-04-27 14:33:00,247.157,247.506,649.000,285.000,247.15,247.35,2500.000,2500.000,247.30,247.50,790.000,397.000,247.10,247.40,5000.000,2500.000,247.25,247.60,4150.000,7104.000,30000.000,12500.000,247.033,247.523,247.196,247.640,-0.150,-0.241
2017-04-27 14:34:00,247.206,247.500,56.000,1141.000,247.25,247.40,5000.000,5000.000,247.35,247.65,784.000,390.000,247.10,247.45,2500.000,5000.000,247.20,247.70,4229.000,7690.000,22500.000,20000.000,247.021,247.537,247.178,247.775,-0.175,-0.234
2017-04-27 14:35:00,247.141,247.409,1183.000,660.000,247.05,247.30,5000.000,5000.000,247.20,247.50,3325.000,775.000,247.00,247.40,2500.000,2500.000,247.15,247.55,9220.000,10416.000,22500.000,20000.000,246.956,247.518,247.033,247.656,-0.175,-0.216
2017-04-27 14:36:00,247.044,247.325,2192.000,1152.000,247.00,247.15,2500.000,2500.000,247.15,247.30,15.000,1145.000,246.95,247.20,2500.000,2500.000,247.10,247.35,5274.000,5622.000,22500.000,12500.000,246.931,247.269,246.967,247.450,-0.150,-0.233
2017-04-27 14:37:00,247.201,247.391,810.000,513.000,247.00,247.20,2500.000,5000.000,247.25,247.45,757.000,347.000,246.95,247.25,2500.000,5000.000,247.10,247.50,4156.000,1365.000,20000.000,20000.000,246.910,247.269,247.037,247.606,-0.250,-0.231
2017-04-27 14:38:00,247.268,247.439,307.000,37.000,247.10,247.30,2500.000,5000.000,247.30,247.50,1789.000,544.000,247.05,247.35,5000.000,10000.000,247.15,247.55,6034.000,2304.000,25000.000,22500.000,247.018,247.433,247.065,247.622,-0.200,-0.248
2017-04-27 14:39:00,247.354,247.613,2331.000,77.000,247.25,247.45,5000.000,5000.000,247.50,247.75,398.000,2480.000,247.20,247.50,5000.000,2500.000,247.45,247.80,8638.000,8521.000,22500.000,25000.000,247.141,247.553,247.394,247.915,-0.275,-0.217
2017-04-27 14:40:00,247.361,247.542,1395.000,194.000,247.25,247.45,5000.000,10000.000,247.50,247.75,1048.000,3907.000,247.20,247.50,2500.000,5000.000,247.45,247.80,7306.000,7385.000,15000.000,32500.000,247.133,247.542,247.417,247.881,-0.275,-0.220
2017-04-27 14:41:00,247.201,247.567,1990.000,16.000,247.15,247.30,7500.000,5000.000,247.35,247.65,485.000,1039.000,247.10,247.35,2500.000,2500.000,247.30,247.70,6187.000,5966.000,27500.000,17500.000,247.046,247.460,247.241,247.736,-0.275,-0.151
2017-04-27 14:42:00,247.329,247.509,1940.000,1046.000,247.15,247.45,5000.000,7500.000,247.40,247.65,443.000,4184.000,247.10,247.50,2500.000,7500.000,247.35,247.75,9091.000,8392.000,17500.000,25000.000,247.030,247.531,247.307,247.765,-0.225,-0.122
2017-04-27 14:43:00,247.270,247.527,144.000,546.000,247.15,247.35,2500.000,2500.000,247.35,247.60,435.000,575.000,247.10,247.40,2500.000,10000.000,247.30,247.75,5319.000,4969.000,17500.000,20000.000,247.003,247.472,247.229,247.775,-0.225,-0.113
2017-04-27 14:44:00,247.564,247.667,875.000,100.000,247.35,247.50,2500.000,2500.000,247.60,247.85,668.000,2810.000,247.30,247.60,2500.000,2500.000,247.55,247.90,9511.000,4173.000,20000.000,25000.000,247.207,247.619,247.456,247.975,-0.300,-0.135
2017-04-27 14:45:00,248.177,248.374,2861.000,748.000,248.00,248.25,5000.000,2500.000,248.25,248.55,8.000,79.000,247.95,248.30,2500.000,7500.000,248.15,248.65,6100.000,2859.000,20000.000,22500.000,247.906,248.381,248.113,248.706,-0.275,-0.150
2017-04-27 14:46:00,248.643,248.662,603.000,688.000,248.45,248.75,2500.000,7500.000,248.60,248.80,1050.000,1390.000,248.40,248.80,2500.000,15000.000,248.55,248.90,10479.000,7568.000,20000.000,40000.000,248.258,248.855,248.481,248.928,-0.100,-0.199
2017-04-27 14:47:00,249.007,249.042,510.000,640.000,248.85,249.00,2500.000,2500.000,249.00,249.15,500.000,2501.000,248.80,249.05,5000.000,5000.000,248.90,249.20,8369.000,4053.000,22500.000,27500.000,248.731,249.074,248.844,249.305,-0.150,-0.236
2017-04-27 14:48:00,248.244,248.456,575.000,1500.000,248.15,248.40,2500.000,5000.000,248.25,248.55,1399.000,603.000,248.10,248.45,2500.000,2500.000,248.20,248.70,5187.000,7306.000,20000.000,20000.000,248.035,248.498,248.131,248.744,-0.125,-0.245
2017-04-27 14:49:00,248.354,248.566,4.000,111.000,248.30,248.45,5000.000,2500.000,248.40,248.65,59.000,1530.000,248.25,248.50,2500.000,2500.000,248.35,248.70,2761.000,5067.000,22500.000,17500.000,248.140,248.596,248.294,248.807,-0.150,-0.257
2017-04-27 14:50:00,248.191,248.460,762.000,9.000,248.15,248.30,25000.000,2500.000,248.35,248.50,1061.000,2450.000,248.10,248.35,2500.000,2500.000,248.20,248.55,6553.000,8463.000,40000.000,12500.000,248.034,248.434,248.262,248.600,-0.200,-0.257
2017-04-27 14:51:00,248.295,248.564,76.000,696.000,248.30,248.40,2500.000,5000.000,248.45,248.70,604.000,775.000,248.20,248.45,2500.000,2500.000,248.40,248.75,4929.000,6635.000,12500.000,15000.000,248.122,248.533,248.350,248.783,-0.225,-0.239
2017-04-27 14:52:00,248.422,248.638,390.000,247.000,248.45,248.50,5000.000,5000.000,248.50,248.90,639.000,500.000,248.40,248.55,7500.000,2500.000,248.45,248.95,1853.000,4419.000,22500.000,30000.000,248.365,248.597,248.422,249.037,-0.225,-0.226
2017-04-27 14:53:00,248.548,248.808,14.000,1499.000,248.55,248.70,2500.000,2500.000,248.80,248.90,85.000,88.000,248.50,248.75,2500.000,2500.000,248.70,249.00,3013.000,7041.000,12500.000,17500.000,248.407,248.828,248.660,249.057,-0.225,-0.213
2017-04-27 14:54:00,248.687,248.956,145.000,559.000,248.65,248.90,2500.000,2500.000,248.85,249.00,2008.000,2158.000,248.60,248.95,2500.000,2500.000,248.80,249.15,3970.000,9472.000,20000.000,22500.000,248.544,248.997,248.725,249.211,-0.150,-0.181
2017-04-27 14:55:00,248.725,248.994,2012.000,5.000,248.75,248.80,5000.000,2500.000,248.85,249.10,1203.000,300.000,248.70,248.85,5000.000,2500.000,248.80,249.15,7051.000,8986.000,25000.000,20000.000,248.649,248.963,248.750,249.213,-0.200,-0.166
2017-04-27 14:56:00,248.402,248.581,721.000,2500.000,248.30,248.50,2500.000,2500.000,248.45,248.75,603.000,603.000,248.25,248.60,2500.000,5000.000,248.40,248.80,3066.000,4548.000,20000.000,25000.000,248.204,248.576,248.331,248.915,-0.200,-0.147
2017-04-27 14:57:00,248.434,248.591,686.000,692.000,248.25,248.50,7500.000,2500.000,248.40,248.65,45.000,500.000,248.20,248.55,2500.000,2500.000,248.35,248.70,5321.000,4450.000,25000.000,15000.000,248.112,248.648,248.305,248.800,-0.150,-0.120
2017-04-27 14:58:00,248.391,248.586,79.000,352.000,248.30,248.45,2500.000,2500.000,248.45,248.70,274.000,499.000,248.25,248.50,7500.000,2500.000,248.35,248.75,2377.000,2402.000,27500.000,17500.000,248.174,248.541,248.264,248.807,-0.200,-0.122
2017-04-27 14:59:00,248.562,248.670,331.000,230.000,248.35,248.50,5000.000,2500.000,248.50,248.75,2588.000,539.000,248.30,248.55,10000.000,2500.000,248.40,248.80,5706.000,1379.000,25000.000,12500.000,248.244,248.572,248.385,248.850,-0.200,-0.080
2017-04-27 15:00:00,248.471,248.666,4.000,744.000,248.30,248.45,5000.000,5000.000,248.45,248.75,758.000,488.000,248.25,248.50,5000.000,2500.000,248.40,248.80,4237.000,1870.000,25000.000,15000.000,248.174,248.516,248.355,248.833,-0.225,-0.024
2017-04-27 15:01:00,248.666,248.748,178.000,68.000,248.70,248.80,2500.000,5000.000,248.70,248.85,390.000,2904.000,248.65,248.90,5000.000,12500.000,248.65,249.00,2151.000,9392.000,22500.000,42500.000,248.579,248.952,248.589,249.050,-0.025,0.004
2017-04-27 15:02:00,249.101,249.123,178.000,34.000,249.15,249.25,5000.000,7500.000,249.10,249.30,500.000,162.000,249.10,249.30,5000.000,2500.000,249.00,249.40,2545.000,5392.000,20000.000,35000.000,249.014,249.434,248.975,249.450,-0.000,0.002
2017-04-27 15:03:00,249.148,249.352,390.000,1260.000,249.25,249.50,5000.000,5000.000,249.25,249.40,572.000,1179.000,249.20,249.55,5000.000,2500.000,249.20,249.45,1168.000,8418.000,30000.000,20000.000,249.186,249.628,249.104,249.506,0.050,0.059
2017-04-27 15:04:00,249.436,249.332,179.000,1724.000,249.40,249.45,5000.000,5000.000,249.25,249.50,299.000,1811.000,249.35,249.50,2500.000,2500.000,249.20,249.55,3331.000,5426.000,27500.000,35000.000,249.196,249.505,249.082,249.614,0.050,0.058
2017-04-27 15:05:00,249.602,249.520,4.000,3087.000,249.70,249.90,2500.000,15000.000,249.60,249.75,618.000,6688.000,249.60,249.95,5000.000,2500.000,249.55,249.80,2470.000,32449.000,15000.000,85000.000,249.560,249.982,249.508,249.931,0.125,0.067
2017-04-27 15:06:00,249.691,249.628,625.000,117.000,249.80,249.85,5000.000,5000.000,249.55,249.65,394.000,757.000,249.75,249.90,17500.000,5000.000,249.50,249.70,3233.000,33153.000,50000.000,30000.000,249.682,249.986,249.435,249.792,0.225,0.108
2017-04-27 15:07:00,249.654,249.688,178.000,105.000,249.75,249.85,2500.000,5000.000,249.60,249.70,711.000,1831.000,249.70,249.90,5000.000,2500.000,249.55,249.75,5212.000,41776.000,40000.000,25000.000,249.629,249.986,249.475,249.830,0.150,0.199
2017-04-27 15:08:00,249.680,249.600,179.000,4902.000,249.75,249.85,7500.000,2500.000,249.55,249.75,1167.000,2300.000,249.70,249.90,15000.000,2500.000,249.50,249.80,8298.000,42674.000,52500.000,60000.000,249.620,249.978,249.460,249.910,0.150,0.254
2017-04-27 15:09:00,249.800,249.699,1676.000,3104.000,249.85,249.90,2500.000,5000.000,249.70,249.80,4.000,1753.000,249.80,249.95,5000.000,5000.000,249.65,249.85,6333.000,32737.000,50000.000,80000.000,249.712,249.996,249.565,249.948,0.125,0.263
2017-04-27 15:10:00,249.985,249.861,432.000,430.000,250.00,250.20,7500.000,7500.000,249.75,249.90,225.000,1036.000,249.95,250.25,7500.000,7500.000,249.70,249.95,2387.000,6246.000,57500.000,45000.000,249.881,250.342,249.633,249.989,0.275,0.238
2017-04-27 15:11:00,250.172,249.904,625.000,64.000,250.05,250.20,2500.000,15000.000,249.85,250.00,1172.000,821.000,250.00,250.25,5000.000,5000.000,249.80,250.05,5463.000,3400.000,37500.000,55000.000,249.919,250.334,249.713,250.105,0.200,0.156
2017-04-27 15:12:00,250.440,250.016,500.000,1568.000,250.35,250.55,10000.000,5000.000,249.95,250.10,342.000,225.000,250.30,250.60,20000.000,2500.000,249.90,250.20,4978.000,5392.000,52500.000,50000.000,250.222,250.680,249.869,250.295,0.425,0.051
2017-04-27 15:13:00,250.292,249.937,1346.000,512.000,250.20,250.30,2500.000,15000.000,249.90,250.00,765.000,2532.000,250.15,250.35,25000.000,2500.000,249.85,250.05,8654.000,5921.000,47500.000,47500.000,250.087,250.386,249.821,250.105,0.300,-0.081
2017-04-27 15:14:00,249.999,249.853,505.000,2109.000,249.95,250.00,2500.000,5000.000,249.80,249.90,1.000,375.000,249.90,250.05,5000.000,12500.000,249.75,249.95,6238.000,5983.000,55000.000,62500.000,249.817,250.091,249.670,250.002,0.125,-0.189
2017-04-27 15:15:00,249.801,249.805,1039.000,881.000,249.85,249.90,2500.000,5000.000,249.75,249.85,3017.000,2913.000,249.80,249.95,17500.000,7500.000,249.70,249.90,6844.000,26181.000,72500.000,67500.000,249.783,249.992,249.629,249.972,0.075,-0.260
2017-04-27 15:16:00,249.543,249.682,239.000,100.000,249.65,249.70,7500.000,7500.000,249.60,249.80,1338.000,5048.000,249.55,249.80,12500.000,20000.000,249.55,249.85,2690.000,11854.000,82500.000,85000.000,249.533,249.870,249.502,249.928,-0.025,-0.301
2017-04-27 15:17:00,249.495,249.597,307.000,847.000,249.50,249.55,50000.000,15000.000,249.50,249.70,54.000,249.000,249.45,249.60,17500.000,15000.000,249.45,249.75,3395.000,5759.000,85000.000,65000.000,249.347,249.677,249.457,249.792,-0.075,-0.346
2017-04-27 15:18:00,249.310,249.616,1137.000,3521.000,249.35,249.45,30000.000,7500.000,249.50,249.65,337.000,140.000,249.30,249.50,15000.000,20000.000,249.45,249.70,2220.000,8195.000,102500.000,55000.000,249.292,249.544,249.426,249.736,-0.175,-0.382
2017-04-27 15:19:00,249.101,249.497,4334.000,2642.000,249.10,249.20,52500.000,2500.000,249.40,249.55,2683.000,2028.000,249.05,249.25,15000.000,20000.000,249.35,249.60,11264.000,17498.000,112500.000,60000.000,249.049,249.296,249.346,249.654,-0.325,-0.367
2017-04-27 15:20:00,249.113,249.469,625.000,5526.000,249.10,249.25,32500.000,5000.000,249.40,249.50,2680.000,6580.000,249.05,249.30,15000.000,30000.000,249.35,249.60,6775.000,17724.000,95000.000,75000.000,249.013,249.322,249.333,249.643,-0.275,-0.371
2017-04-27 15:21:00,249.150,249.497,20.000,7235.000,249.20,249.25,22500.000,5000.000,249.40,249.55,145.000,6143.000,249.15,249.30,10000.000,35000.000,249.35,249.60,4290.000,20936.000,110000.000,80000.000,249.022,249.330,249.316,249.642,-0.250,-0.370
2017-04-27 15:22:00,249.152,249.476,1460.000,583.000,249.15,249.20,30000.000,7500.000,249.40,249.50,2739.000,4589.000,249.10,249.25,10000.000,5000.000,249.35,249.55,7491.000,12078.000,125000.000,70000.000,249.071,249.277,249.320,249.609,-0.275,-0.381
2017-04-27 15:23:00,248.967,249.452,1770.000,3783.000,249.00,249.25,30000.000,10000.000,249.40,249.50,892.000,6810.000,248.95,249.30,15000.000,2500.000,249.35,249.55,2837.000,15317.000,97500.000,72500.000,248.975,249.340,249.329,249.607,-0.325,-0.431
2017-04-27 15:24:00,249.166,249.487,555.000,3036.000,249.15,249.20,2500.000,7500.000,249.45,249.50,2500.000,5642.000,249.10,249.25,35000.000,5000.000,249.40,249.55,7076.000,13195.000,95000.000,67500.000,249.048,249.257,249.362,249.606,-0.300,-0.419
2017-04-27 15:25:00,249.117,249.497,2192.000,2642.000,249.10,249.20,15000.000,2500.000,249.45,249.50,2500.000,6641.000,249.05,249.25,35000.000,7500.000,249.40,249.55,6973.000,13795.000,130000.000,67500.000,249.036,249.258,249.369,249.615,-0.325,-0.343
2017-04-27 15:26:00,249.199,249.539,100.000,9646.000,249.20,249.25,12500.000,7500.000,249.50,249.55,2500.000,2088.000,249.10,249.30,5000.000,27500.000,249.45,249.60,6413.000,14472.000,75000.000,67500.000,249.066,249.294,249.397,249.637,-0.300,-0.343
2017-04-27 15:27:00,249.110,249.488,602.000,156.000,248.90,249.15,90000.000,5000.000,249.40,249.50,100.000,765.000,248.85,249.20,50000.000,35000.000,249.35,249.55,7133.000,4024.000,212500.000,125000.000,248.746,249.258,249.323,249.591,-0.425,-0.343
2017-04-27 15:28:00,248.869,249.605,178.000,270.000,248.85,249.00,25000.000,20000.000,249.40,249.55,1608.000,1433.000,248.80,249.10,50000.000,7500.000,249.35,249.60,5391.000,11194.000,147500.000,42500.000,248.730,249.175,249.289,249.632,-0.550,-0.343
2017-04-27 15:29:00,249.334,249.595,60.000,2406.000,249.15,249.80,15000.000,2500.000,249.45,249.55,3111.000,2389.000,249.05,249.85,10000.000,20000.000,249.40,249.60,7010.000,10981.000,102500.000,35000.000,249.001,249.914,249.327,249.636,-0.025,-0.343
2017-04-27 15:30:00,249.596,249.594,56.000,1000.000,249.65,249.85,22500.000,27500.000,249.45,249.60,650.000,274.000,249.50,249.90,115000.000,2500.000,249.40,249.65,5400.000,7893.000,150000.000,50000.000,249.356,249.980,249.398,249.695,0.225,-0.343
2017-04-28 09:16:00,248.551,250.250,66.000,126.000,248.35,248.40,2500.000,2500.000,250.20,250.45,2500.000,14.000,248.25,248.45,2500.000,2500.000,250.05,250.50,13809.000,253.000,15000.000,17500.000,248.181,248.478,249.925,250.700,-1.950,-1.704
2017-04-28 09:17:00,248.372,250.028,104.000,1041.000,248.25,248.35,52500.000,10000.000,250.00,250.05,2306.000,799.000,248.20,248.40,2500.000,2500.000,249.70,250.25,11244.000,6521.000,67500.000,25000.000,248.113,248.459,249.913,250.250,-1.725,-1.705
2017-04-28 09:18:00,247.239,248.819,1193.000,154.000,247.05,247.15,2500.000,5000.000,248.90,249.00,3299.000,354.000,247.00,247.35,2500.000,2500.000,248.65,249.15,11088.000,5126.000,15000.000,17500.000,246.931,247.462,248.525,249.171,-1.850,-1.673
2017-04-28 09:19:00,247.059,248.815,3250.000,62.000,246.90,246.95,2500.000,10000.000,248.75,249.00,50.000,82.000,246.85,247.00,5000.000,15000.000,248.70,249.05,11140.000,1038.000,22500.000,42500.000,246.799,247.123,248.533,249.088,-1.950,-1.676
2017-04-28 09:20:00,246.855,248.681,969.000,341.000,246.80,246.95,5000.000,5000.000,248.60,248.85,4078.000,1795.000,246.75,247.00,2500.000,12500.000,248.55,248.95,7781.000,6319.000,25000.000,42500.000,246.727,247.117,248.460,248.994,-1.850,-1.631
2017-04-28 09:21:00,246.917,248.618,2116.000,60.000,247.00,247.05,2500.000,2500.000,248.60,248.80,50.000,141.000,246.90,247.10,2500.000,12500.000,248.55,248.85,3944.000,5638.000,20000.000,35000.000,246.893,247.235,248.381,248.932,-1.675,-1.597
2017-04-28 09:22:00,247.107,248.768,91.000,336.000,247.10,247.20,2500.000,7500.000,248.70,249.00,186.000,382.000,247.00,247.25,5000.000,2500.000,248.65,249.15,1426.000,2183.000,17500.000,37500.000,246.903,247.311,248.564,249.200,-1.700,-1.546
2017-04-28 09:23:00,246.955,248.375,1093.000,614.000,246.65,246.90,5000.000,7500.000,248.35,248.55,725.000,889.000,246.60,246.95,2500.000,5000.000,248.25,248.60,14954.000,3318.000,17500.000,27500.000,246.508,246.988,248.214,248.677,-1.675,-1.556
2017-04-28 09:24:00,246.749,248.518,2882.000,500.000,246.60,246.75,5000.000,2500.000,248.45,248.65,2500.000,419.000,246.55,246.85,2500.000,5000.000,248.35,248.75,13667.000,5536.000,22500.000,27500.000,246.518,246.950,248.278,248.841,-1.875,-1.510
2017-04-28 09:25:00,247.423,249.025,34.000,10.000,247.45,247.50,2500.000,2500.000,248.90,249.15,27.000,135.000,247.40,247.55,2500.000,2500.000,248.85,249.20,700.000,982.000,15000.000,15000.000,247.257,247.644,248.767,249.283,-1.550,-1.495
2017-04-28 09:26:00,247.685,249.215,62.000,460.000,247.60,247.65,2500.000,2500.000,249.15,249.30,260.000,294.000,247.55,247.70,5000.000,7500.000,249.05,249.35,5106.000,1908.000,27500.000,22500.000,247.499,247.756,249.000,249.394,-1.600,-1.515
2017-04-28 09:27:00,247.475,248.883,2165.000,689.000,247.50,247.60,2500.000,2500.000,248.80,248.90,5.000,46.000,247.40,247.65,2500.000,5000.000,248.75,248.95,5323.000,8124.000,20000.000,17500.000,247.354,247.738,248.644,249.029,-1.300,-1.542
2017-04-28 09:28:00,247.516,248.985,528.000,178.000,247.30,247.50,12500.000,2500.000,248.90,249.15,1545.000,76.000,247.25,247.55,2500.000,5000.000,248.85,249.20,6930.000,2469.000,22500.000,20000.000,247.183,247.692,248.794,249.319,-1.625,-1.555
2017-04-28 09:29:00,247.351,248.893,81.000,804.000,247.30,247.50,2500.000,2500.000,248.75,248.95,210.000,351.000,247.20,247.55,2500.000,5000.000,248.70,249.00,2662.000,4095.000,20000.000,17500.000,247.097,247.607,248.588,249.107,-1.450,-1.557
2017-04-28 09:30:00,247.038,248.564,689.000,506.000,246.80,247.00,5000.000,2500.000,248.40,248.60,240.000,93.000,246.75,247.05,2500.000,2500.000,248.35,248.70,8013.000,2127.000,20000.000,15000.000,246.664,247.130,248.300,248.783,-1.600,-1.588
2017-04-28 09:31:00,246.966,248.596,350.000,158.000,247.05,247.10,2500.000,2500.000,248.45,248.65,101.000,362.000,247.00,247.15,2500.000,2500.000,248.40,248.75,1550.000,4940.000,15000.000,15000.000,246.885,247.233,248.333,248.858,-1.475,-1.592
2017-04-28 09:32:00,247.000,248.543,100.000,55.000,246.95,247.00,2500.000,2500.000,248.40,248.60,831.000,419.000,246.80,247.05,2500.000,2500.000,248.35,248.70,5428.000,2978.000,17500.000,17500.000,246.693,247.141,248.279,248.771,-1.525,-1.605
2017-04-28 09:33:00,247.281,248.818,579.000,4.000,247.15,247.20,47500.000,2500.000,248.70,248.90,389.000,68.000,247.10,247.25,2500.000,2500.000,248.55,248.95,9108.000,3618.000,57500.000,17500.000,246.966,247.489,248.652,249.057,-1.625,-1.640
2017-04-28 09:34:00,246.860,248.412,71.000,1436.000,246.90,247.00,2500.000,5000.000,248.35,248.55,120.000,401.000,246.85,247.05,2500.000,10000.000,248.30,248.60,1724.000,6632.000,20000.000,32500.000,246.754,247.114,248.225,248.650,-1.500,-1.653
2017-04-28 09:35:00,246.807,248.485,63.000,563.000,246.80,246.95,5000.000,2500.000,248.25,248.50,99.000,1272.000,246.75,247.00,2500.000,5000.000,248.20,248.55,3131.000,6642.000,37500.000,20000.000,246.656,247.078,248.097,248.606,-1.500,-1.633
2017-04-28 09:36:00,246.920,248.573,21.000,110.000,247.00,247.05,2500.000,2500.000,248.45,248.65,50.000,83.000,246.90,247.10,2500.000,5000.000,248.40,248.70,3460.000,6318.000,17500.000,20000.000,246.800,247.235,248.336,248.819,-1.525,-1.647
2017-04-28 09:37:00,246.970,248.576,38.000,75.000,247.00,247.05,5000.000,2500.000,248.40,248.60,60.000,766.000,246.90,247.10,2500.000,2500.000,248.35,248.65,4120.000,8691.000,25000.000,17500.000,246.772,247.221,248.285,248.779,-1.475,-1.638
2017-04-28 09:38:00,246.903,248.617,741.000,213.000,247.00,247.05,2500.000,2500.000,248.50,248.60,100.000,409.000,246.95,247.10,2500.000,2500.000,248.45,248.65,2467.000,10377.000,22500.000,15000.000,246.888,247.208,248.339,248.767,-1.525,-1.621
2017-04-28 09:39:00,246.965,248.579,2904.000,1030.000,247.00,247.05,2500.000,2500.000,248.45,248.60,1.000,52.000,246.95,247.10,7500.000,5000.000,248.40,248.70,6132.000,9159.000,25000.000,17500.000,246.929,247.189,248.320,248.764,-1.500,-1.626
2017-04-28 09:40:00,247.109,248.685,318.000,392.000,247.00,247.15,2500.000,2500.000,248.60,248.70,313.000,616.000,246.95,247.20,2500.000,2500.000,248.55,248.80,4653.000,3605.000,20000.000,22500.000,246.850,247.288,248.494,248.950,-1.575,-1.627
2017-04-28 09:41:00,246.995,248.720,325.000,97.000,247.00,247.15,2500.000,2500.000,248.60,248.75,187.000,124.000,246.95,247.20,5000.000,2500.000,248.55,248.80,3466.000,6111.000,35000.000,20000.000,246.855,247.325,248.464,248.925,-1.600,-1.608
2017-04-28 09:42:00,247.085,248.647,2788.000,424.000,247.00,247.05,2500.000,7500.000,248.50,248.70,100.000,50.000,246.90,247.10,2500.000,5000.000,248.45,248.80,10634.000,3770.000,20000.000,20000.000,246.836,247.181,248.381,248.800,-1.575,-1.643
2017-04-28 09:43:00,246.897,248.525,250.000,263.000,246.90,247.00,2500.000,2500.000,248.40,248.55,433.000,167.000,246.80,247.05,2500.000,5000.000,248.35,248.60,6067.000,8349.000,25000.000,20000.000,246.715,247.128,248.270,248.700,-1.525,-1.664
2017-04-28 09:44:00,246.849,248.489,2889.000,60.000,246.75,246.95,2500.000,2500.000,248.35,248.55,614.000,461.000,246.70,247.00,5000.000,2500.000,248.30,248.60,7547.000,5560.000,25000.000,20000.000,246.658,247.113,248.245,248.700,-1.600,-1.699
2017-04-28 09:45:00,246.804,248.382,209.000,448.000,246.70,246.75,2500.000,2500.000,248.20,248.40,100.000,1231.000,246.65,246.80,2500.000,2500.000,248.15,248.45,5117.000,3237.000,30000.000,17500.000,246.531,246.829,248.054,248.500,-1.575,-1.723
2017-04-28 09:46:00,246.650,248.283,1811.000,889.000,246.50,246.55,2500.000,5000.000,248.15,248.35,215.000,198.000,246.45,246.60,2500.000,2500.000,248.10,248.40,9268.000,2046.000,25000.000,20000.000,246.352,246.621,248.000,248.463,-1.725,-1.729
2017-04-28 09:47:00,246.448,248.184,4270.000,641.000,246.50,246.55,2500.000,15000.000,248.10,248.20,215.000,2000.000,246.45,246.60,2500.000,2500.000,248.05,248.30,5809.000,10072.000,27500.000,27500.000,246.457,246.686,247.968,248.286,-1.625,-1.735
2017-04-28 09:48:00,245.798,247.530,2500.000,58.000,245.70,245.80,2500.000,2500.000,247.55,247.60,312.000,60.000,245.65,245.85,5000.000,2500.000,247.40,247.70,13507.000,6415.000,17500.000,20000.000,245.570,245.980,247.357,247.756,-1.825,-1.744
2017-04-28 09:49:00,245.722,247.538,225.000,100.000,245.60,245.70,2500.000,2500.000,247.40,247.55,4284.000,305.000,245.50,245.80,5000.000,7500.000,247.30,247.65,14761.000,6257.000,27500.000,25000.000,245.436,245.964,247.209,247.730,-1.825,-1.714
2017-04-28 09:50:00,245.805,247.500,1290.000,370.000,245.65,245.85,2500.000,7500.000,247.40,247.65,60.000,1296.000,245.60,245.90,2500.000,2500.000,247.35,247.70,8633.000,5621.000,20000.000,27500.000,245.515,245.972,247.275,247.750,-1.775,-1.700
2017-04-28 09:51:00,245.960,247.625,490.000,273.000,245.75,245.90,2500.000,7500.000,247.55,247.75,1570.000,358.000,245.70,245.95,2500.000,10000.000,247.50,247.80,13307.000,3083.000,12500.000,27500.000,245.613,246.024,247.430,247.868,-1.825,-1.698
2017-04-28 09:52:00,246.099,247.864,63.000,125.000,245.90,246.00,2500.000,2500.000,247.75,248.00,3069.000,106.000,245.85,246.05,5000.000,7500.000,247.70,248.10,12200.000,815.000,15000.000,20000.000,245.779,246.129,247.642,248.169,-1.925,-1.690
2017-04-28 09:53:00,245.781,247.558,90.000,811.000,245.70,245.80,12500.000,10000.000,247.50,247.70,77.000,214.000,245.65,245.85,2500.000,10000.000,247.45,247.80,7909.000,5622.000,27500.000,35000.000,245.547,245.962,247.377,247.818,-1.850,-1.638
2017-04-28 09:54:00,245.848,247.517,60.000,424.000,245.55,245.75,5000.000,2500.000,247.30,247.70,304.000,389.000,245.50,245.80,2500.000,5000.000,247.20,247.75,10051.000,1425.000,25000.000,20000.000,245.398,245.834,247.150,247.806,-1.850,-1.639
2017-04-28 09:55:00,245.821,247.445,50.000,224.000,245.60,245.85,2500.000,15000.000,247.30,247.50,160.000,250.000,245.55,245.90,2500.000,2500.000,247.20,247.65,9549.000,5059.000,22500.000,30000.000,245.438,245.989,247.133,247.637,-1.675,-1.612
2017-04-28 09:56:00,246.134,247.792,158.000,4.000,246.15,246.30,5000.000,2500.000,247.80,248.00,50.000,278.000,246.10,246.35,2500.000,2500.000,247.60,248.20,3121.000,6535.000,17500.000,27500.000,245.991,246.471,247.607,248.282,-1.675,-1.607
2017-04-28 09:57:00,246.241,247.964,1390.000,560.000,246.05,246.30,2500.000,2500.000,247.90,248.10,3836.000,142.000,246.00,246.35,2500.000,2500.000,247.75,248.15,14075.000,6236.000,17500.000,17500.000,245.952,246.463,247.686,248.214,-1.825,-1.600
2017-04-28 09:58:00,246.680,248.197,101.000,42.000,246.50,246.55,2500.000,2500.000,248.30,248.40,259.000,93.000,246.45,246.60,2500.000,2500.000,248.15,248.45,8700.000,1938.000,17500.000,30000.000,246.342,246.760,248.064,248.554,-1.825,-1.642
2017-04-28 09:59:00,246.739,248.412,432.000,306.000,246.70,246.75,2500.000,2500.000,248.30,248.60,52.000,106.000,246.65,246.90,2500.000,5000.000,248.25,248.65,2632.000,3756.000,17500.000,22500.000,246.559,246.968,248.129,248.733,-1.725,-1.647
2017-04-28 10:00:00,247.054,248.545,70.000,467.000,246.85,246.95,2500.000,5000.000,248.65,248.75,639.000,123.000,246.80,247.00,5000.000,2500.000,248.55,248.85,14445.000,1978.000,20000.000,32500.000,246.699,247.089,248.394,248.931,-1.800,-1.674
2017-04-28 10:01:00,246.765,248.395,6.000,613.000,246.70,246.75,5000.000,2500.000,248.30,248.50,170.000,804.000,246.65,246.80,5000.000,7500.000,248.20,248.55,5515.000,4699.000,30000.000,25000.000,246.541,246.854,248.158,248.605,-1.675,-1.674
2017-04-28 10:02:00,246.532,248.218,1.000,212.000,246.55,246.65,5000.000,5000.000,248.15,248.30,739.000,400.000,246.50,246.70,2500.000,7500.000,248.10,248.35,5009.000,8590.000,20000.000,27500.000,246.411,246.818,248.044,248.400,-1.625,-1.672
2017-04-28 10:03:00,246.574,248.303,304.000,21.000,246.40,246.50,5000.000,2500.000,248.20,248.40,537.000,103.000,246.35,246.55,2500.000,2500.000,248.15,248.45,11238.000,3503.000,20000.000,20000.000,246.259,246.736,248.088,248.506,-1.850,-1.660
2017-04-28 10:04:00,246.646,248.347,463.000,16.000,246.50,246.65,5000.000,2500.000,248.20,248.45,70.000,1145.000,246.45,246.80,5000.000,2500.000,248.15,248.50,5069.000,4571.000,22500.000,17500.000,246.337,246.890,248.094,248.571,-1.750,-1.659
2017-04-28 10:05:00,246.564,248.188,1513.000,189.000,246.40,246.60,5000.000,2500.000,248.10,248.30,464.000,2001.000,246.35,246.65,2500.000,2500.000,248.05,248.35,10100.000,6029.000,22500.000,20000.000,246.266,246.721,247.972,248.456,-1.700,-1.658
2017-04-28 10:06:00,246.673,248.305,559.000,94.000,246.50,246.65,2500.000,2500.000,248.20,248.40,304.000,40.000,246.45,246.75,2500.000,7500.000,248.10,248.45,5960.000,2622.000,25000.000,25000.000,246.390,246.828,248.025,248.525,-1.725,-1.665
2017-04-28 10:07:00,246.633,248.309,54.000,189.000,246.55,246.60,2500.000,7500.000,248.15,248.40,150.000,85.000,246.50,246.65,7500.000,5000.000,248.10,248.45,2155.000,953.000,35000.000,22500.000,246.417,246.745,247.982,248.500,-1.700,-1.681
2017-04-28 10:08:00,246.589,248.255,100.000,592.000,246.60,246.70,2500.000,2500.000,248.15,248.30,452.000,511.000,246.55,246.75,7500.000,2500.000,248.10,248.35,3022.000,6066.000,35000.000,20000.000,246.439,246.847,247.989,248.463,-1.575,-1.690
2017-04-28 10:09:00,246.557,248.255,900.000,274.000,246.30,246.50,5000.000,2500.000,248.10,248.35,3387.000,50.000,246.25,246.60,2500.000,10000.000,248.05,248.45,15049.000,3591.000,25000.000,22500.000,246.190,246.707,247.975,248.506,-1.825,-1.670
2017-04-28 10:10:00,246.568,248.186,70.000,145.000,246.35,246.60,2500.000,2500.000,248.10,248.30,1849.000,702.000,246.30,246.65,2500.000,2500.000,248.05,248.35,7604.000,3691.000,25000.000,20000.000,246.213,246.729,247.945,248.425,-1.725,-1.680
2017-04-28 10:11:00,246.723,248.392,60.000,115.000,246.50,246.60,2500.000,2500.000,248.20,248.45,439.000,9.000,246.45,246.65,5000.000,5000.000,248.15,248.50,6120.000,789.000,25000.000,22500.000,246.329,246.747,248.065,248.589,-1.775,-1.691
2017-04-28 10:12:00,246.629,248.385,500.000,813.000,246.60,246.80,2500.000,5000.000,248.25,248.50,423.000,208.000,246.55,246.85,7500.000,5000.000,248.15,248.55,4926.000,7045.000,22500.000,20000.000,246.404,246.957,248.094,248.581,-1.675,-1.692
2017-04-28 10:13:00,246.678,248.387,1869.000,86.000,246.70,246.75,5000.000,2500.000,248.30,248.50,161.000,308.000,246.65,246.80,2500.000,5000.000,248.25,248.60,3171.000,2564.000,17500.000,20000.000,246.610,246.908,248.186,248.688,-1.675,-1.727
2017-04-28 10:14:00,246.806,248.403,50.000,73.000,246.60,246.70,2500.000,2500.000,248.30,248.50,389.000,24.000,246.55,246.75,2500.000,5000.000,248.25,248.60,7188.000,1095.000,17500.000,20000.000,246.438,246.862,248.186,248.688,-1.750,-1.738
2017-04-28 10:15:00,246.666,248.334,341.000,675.000,246.45,246.50,2500.000,2500.000,248.30,248.45,3539.000,601.000,246.40,246.70,2500.000,2500.000,248.25,248.50,16622.000,5882.000,17500.000,22500.000,246.310,246.759,248.164,248.611,-1.900,-1.729
2017-04-28 10:16:00,246.602,248.328,517.000,563.000,246.45,246.50,2500.000,2500.000,248.20,248.35,500.000,501.000,246.40,246.55,5000.000,5000.000,248.15,248.45,15329.000,2903.000,25000.000,20000.000,246.296,246.627,248.070,248.512,-1.800,-1.741
2017-04-28 10:17:00,246.480,248.238,492.000,138.000,246.30,246.35,2500.000,2500.000,248.10,248.25,25.000,3.000,246.25,246.40,2500.000,2500.000,248.05,248.35,17344.000,1405.000,27500.000,15000.000,246.143,246.506,247.927,248.433,-1.850,-1.730
2017-04-28 10:18:00,245.976,247.863,28.000,22.000,245.85,246.00,2500.000,2500.000,247.60,247.85,110.000,361.000,245.80,246.05,5000.000,2500.000,247.55,247.95,6956.000,4607.000,35000.000,12500.000,245.691,246.149,247.461,247.990,-1.800,-1.692
2017-04-28 10:19:00,245.978,247.630,1843.000,112.000,246.00,246.05,5000.000,5000.000,247.55,247.85,2346.000,362.000,245.80,246.10,12500.000,5000.000,247.50,247.90,8337.000,5870.000,27500.000,40000.000,245.773,246.183,247.473,247.969,-1.675,-1.723
2017-04-28 10:20:00,245.993,247.615,200.000,107.000,245.90,245.95,12500.000,2500.000,247.50,247.75,1648.000,1155.000,245.75,246.00,5000.000,25000.000,247.45,247.80,11441.000,4808.000,30000.000,35000.000,245.637,246.050,247.400,247.825,-1.700,-1.738
2017-04-28 10:21:00,246.170,247.958,934.000,268.000,245.85,246.00,5000.000,5000.000,247.70,247.95,3139.000,2.000,245.80,246.05,2500.000,2500.000,247.60,248.00,23103.000,970.000,30000.000,17500.000,245.717,246.170,247.521,248.143,-1.900,-1.687
2017-04-28 10:22:00,245.994,247.695,2073.000,216.000,245.90,246.00,2500.000,5000.000,247.60,247.70,205.000,394.000,245.85,246.05,2500.000,2500.000,247.55,247.75,5114.000,2306.000,30000.000,20000.000,245.808,246.123,247.483,247.838,-1.700,-1.665
2017-04-28 10:23:00,246.162,247.862,60.000,95.000,246.05,246.20,2500.000,22500.000,247.75,247.90,190.000,445.000,246.00,246.25,2500.000,2500.000,247.65,247.95,3163.000,2939.000,27500.000,35000.000,245.885,246.385,247.550,247.961,-1.700,-1.650
2017-04-28 10:24:00,246.313,248.116,600.000,25.000,246.40,246.55,2500.000,2500.000,247.95,248.20,50.000,395.000,246.35,246.60,2500.000,5000.000,247.90,248.30,1653.000,6384.000,20000.000,20000.000,246.290,246.727,247.812,248.344,-1.600,-1.583
2017-04-28 10:25:00,246.352,248.050,1020.000,92.000,246.40,246.55,5000.000,5000.000,247.95,248.20,60.000,357.000,246.35,246.65,2500.000,5000.000,247.90,248.25,3567.000,11422.000,20000.000,22500.000,246.279,246.758,247.819,248.294,-1.600,-1.556
2017-04-28 10:26:00,246.636,248.167,159.000,62.000,246.45,246.55,5000.000,2500.000,248.05,248.30,1367.000,39.000,246.40,246.60,2500.000,2500.000,248.00,248.35,7882.000,1546.000,20000.000,17500.000,246.296,246.714,247.894,248.414,-1.675,-1.562
2017-04-28 10:27:00,246.535,248.126,25.000,737.000,246.60,246.70,2500.000,2500.000,248.10,248.30,50.000,654.000,246.50,246.75,2500.000,5000.000,248.05,248.35,4148.000,9782.000,20000.000,22500.000,246.387,246.858,247.856,248.411,-1.550,-1.616
2017-04-28 10:28:00,246.658,248.284,473.000,4.000,246.50,246.60,5000.000,2500.000,248.15,248.40,462.000,716.000,246.45,246.70,2500.000,5000.000,248.10,248.50,5704.000,2182.000,20000.000,20000.000,246.386,246.756,248.044,248.556,-1.725,-1.625
2017-04-28 10:29:00,246.538,248.004,2.000,57.000,246.45,246.55,5000.000,2500.000,248.00,248.20,343.000,63.000,246.40,246.65,2500.000,2500.000,247.70,248.25,5910.000,5442.000,17500.000,17500.000,246.269,246.776,247.729,248.386,-1.600,-1.697
2017-04-28 10:30:00,246.678,248.243,1005.000,110.000,246.45,246.65,5000.000,2500.000,248.15,248.35,1715.000,1259.000,246.40,246.70,5000.000,2500.000,248.10,248.40,11758.000,4081.000,20000.000,17500.000,246.300,246.774,248.056,248.486,-1.700,-1.729
2017-04-28 10:31:00,246.495,248.057,20.000,171.000,246.40,246.45,2500.000,2500.000,248.00,248.15,60.000,215.000,246.35,246.50,2500.000,2500.000,247.90,248.20,3364.000,2188.000,17500.000,17500.000,246.226,246.636,247.800,248.314,-1.650,-1.750
2017-04-28 10:32:00,246.212,248.074,1557.000,5.000,246.05,246.10,2500.000,2500.000,247.80,248.05,1800.000,212.000,246.00,246.20,2500.000,5000.000,247.70,248.10,8012.000,904.000,30000.000,17500.000,245.945,246.280,247.558,248.186,-1.850,-1.719
2017-04-28 10:33:00,246.024,247.695,1186.000,367.000,245.75,246.00,2500.000,2500.000,247.65,247.80,3399.000,249.000,245.70,246.05,2500.000,2500.000,247.55,247.85,16967.000,3607.000,30000.000,25000.000,245.640,246.132,247.483,247.960,-1.850,-1.704
2017-04-28 10:34:00,246.030,247.853,76.000,246.000,246.05,246.15,2500.000,5000.000,247.70,247.90,2439.000,213.000,246.00,246.20,2500.000,2500.000,247.60,247.95,2813.000,4798.000,27500.000,17500.000,245.990,246.276,247.527,247.986,-1.700,-1.665
2017-04-28 10:35:00,246.233,247.959,2321.000,535.000,246.00,246.25,2500.000,10000.000,247.75,248.00,502.000,76.000,245.95,246.30,5000.000,7500.000,247.70,248.10,9412.000,3459.000,27500.000,27500.000,245.879,246.391,247.573,248.114,-1.750,-1.618
2017-04-28 10:36:00,246.119,247.790,136.000,559.000,246.05,246.15,5000.000,2500.000,247.75,247.80,2520.000,734.000,246.00,246.20,5000.000,2500.000,247.70,247.85,7505.000,7109.000,35000.000,25000.000,245.907,246.265,247.539,247.955,-1.675,-1.591
2017-04-28 10:37:00,246.462,248.166,381.000,172.000,246.20,246.40,5000.000,2500.000,248.00,248.15,304.000,354.000,246.15,246.45,2500.000,2500.000,247.75,248.20,13636.000,3915.000,37500.000,17500.000,246.027,246.528,247.613,248.357,-1.775,-1.562
2017-04-28 10:38:00,246.456,248.050,60.000,210.000,246.30,246.45,2500.000,2500.000,248.10,248.20,285.000,736.000,246.25,246.50,2500.000,5000.000,248.00,248.25,6656.000,3412.000,17500.000,25000.000,246.146,246.584,247.807,248.445,-1.775,-1.582
2017-04-28 10:39:00,246.612,248.243,10.000,125.000,246.50,246.70,2500.000,5000.000,248.20,248.45,187.000,323.000,246.45,246.75,2500.000,5000.000,248.15,248.50,2916.000,2449.000,12500.000,25000.000,246.376,246.841,248.050,248.535,-1.725,-1.613
2017-04-28 10:40:00,246.599,248.088,594.000,138.000,246.40,246.55,2500.000,5000.000,248.05,248.30,60.000,117.000,246.35,246.60,2500.000,7500.000,248.00,248.35,3196.000,952.000,12500.000,30000.000,246.254,246.675,247.950,248.425,-1.700,-1.676
2017-04-28 10:41:00,246.697,248.234,160.000,497.000,246.50,246.70,2500.000,5000.000,248.15,248.45,515.000,826.000,246.45,246.75,2500.000,7500.000,248.10,248.50,6967.000,3598.000,15000.000,25000.000,246.312,246.794,248.033,248.565,-1.700,-1.694
2017-04-28 10:42:00,246.515,248.074,100.000,454.000,246.50,246.55,2500.000,5000.000,248.10,248.35,753.000,587.000,246.40,246.60,5000.000,2500.000,248.00,248.40,2171.000,2130.000,15000.000,27500.000,246.341,246.645,247.925,248.486,-1.700,-1.706
2017-04-28 10:43:00,246.703,248.394,2890.000,54.000,246.45,246.65,2500.000,2500.000,248.25,248.50,1791.000,335.000,246.40,246.70,5000.000,2500.000,248.20,248.60,16747.000,3006.000,25000.000,20000.000,246.326,246.792,248.040,248.662,-1.825,-1.686
2017-04-28 10:44:00,246.629,248.418,4423.000,306.000,246.45,246.50,2500.000,5000.000,248.35,248.50,3962.000,114.000,246.40,246.55,7500.000,2500.000,248.30,248.60,24326.000,1083.000,17500.000,17500.000,246.341,246.624,248.229,248.629,-1.950,-1.656
2017-04-28 10:45:00,246.119,247.922,75.000,588.000,246.25,246.30,2500.000,10000.000,247.85,248.05,394.000,515.000,246.20,246.35,5000.000,2500.000,247.80,248.15,751.000,7489.000,17500.000,27500.000,246.169,246.458,247.750,248.182,-1.675,-1.672
2017-04-28 10:46:00,246.258,247.886,581.000,168.000,246.20,246.30,2500.000,7500.000,247.85,248.00,100.000,355.000,246.15,246.35,2500.000,10000.000,247.80,248.05,7026.000,6973.000,12500.000,32500.000,246.020,246.464,247.750,248.146,-1.675,-1.706
2017-04-28 10:47:00,246.279,247.895,541.000,116.000,246.10,246.25,2500.000,7500.000,247.85,248.00,100.000,617.000,246.05,246.30,5000.000,10000.000,247.80,248.05,10412.000,2995.000,17500.000,32500.000,245.985,246.370,247.750,248.142,-1.750,-1.745
2017-04-28 10:48:00,246.380,247.972,413.000,427.000,246.20,246.35,5000.000,10000.000,247.90,248.05,43.000,585.000,246.15,246.40,2500.000,2500.000,247.85,248.20,10468.000,5276.000,17500.000,27500.000,246.013,246.480,247.800,248.223,-1.700,-1.785
2017-04-28 10:49:00,246.339,247.981,567.000,318.000,246.05,246.25,2500.000,10000.000,247.85,248.05,5248.000,341.000,246.00,246.30,2500.000,5000.000,247.80,248.20,16164.000,1762.000,15000.000,25000.000,245.919,246.343,247.742,248.210,-1.800,-1.782
2017-04-28 10:50:00,246.064,247.948,250.000,161.000,246.15,246.20,2500.000,2500.000,247.70,247.95,140.000,912.000,246.10,246.25,2500.000,12500.000,247.65,248.05,710.000,2535.000,32500.000,22500.000,246.039,246.321,247.554,248.083,-1.650,-1.742
2017-04-28 10:51:00,246.076,247.871,109.000,249.000,246.15,246.20,5000.000,2500.000,247.75,248.00,96.000,225.000,246.10,246.25,2500.000,10000.000,247.70,248.05,366.000,1452.000,20000.000,22500.000,246.070,246.326,247.650,248.083,-1.700,-1.734
2017-04-28 10:52:00,245.967,247.779,90.000,14.000,246.05,246.10,2500.000,2500.000,247.65,247.85,385.000,209.000,246.00,246.15,12500.000,2500.000,247.60,247.90,889.000,3778.000,42500.000,27500.000,245.944,246.239,247.529,247.991,-1.675,-1.674
2017-04-28 10:53:00,246.052,247.847,609.000,298.000,246.00,246.05,2500.000,5000.000,247.65,247.95,60.000,313.000,245.95,246.10,7500.000,12500.000,247.60,248.00,3498.000,1976.000,42500.000,35000.000,245.893,246.185,247.512,248.032,-1.775,-1.658
2017-04-28 10:54:00,246.103,247.729,831.000,433.000,245.90,246.00,5000.000,2500.000,247.60,247.80,70.000,126.000,245.85,246.05,2500.000,7500.000,247.55,247.90,11147.000,2124.000,40000.000,37500.000,245.736,246.117,247.472,248.000,-1.750,-1.692
2017-04-28 10:55:00,246.167,247.852,381.000,133.000,246.10,246.15,5000.000,2500.000,247.75,247.95,98.000,314.000,246.00,246.20,2500.000,7500.000,247.60,248.00,3274.000,2385.000,32500.000,25000.000,245.908,246.287,247.546,248.040,-1.725,-1.675
2017-04-28 10:56:00,245.966,247.720,1210.000,111.000,245.80,245.85,5000.000,2500.000,247.60,247.75,2850.000,2.000,245.75,245.90,5000.000,5000.000,247.55,247.80,18445.000,273.000,37500.000,25000.000,245.680,245.954,247.497,247.920,-1.850,-1.681
2017-04-28 10:57:00,246.324,247.834,17.000,253.000,245.95,246.20,2500.000,10000.000,247.85,248.00,2600.000,488.000,245.90,246.25,2500.000,10000.000,247.80,248.05,15652.000,1748.000,12500.000,35000.000,245.805,246.322,247.690,248.111,-1.850,-1.747
2017-04-28 10:58:00,246.049,247.764,304.000,123.000,245.85,245.95,5000.000,2500.000,247.65,247.80,505.000,670.000,245.80,246.10,5000.000,2500.000,247.60,247.85,13484.000,5394.000,32500.000,30000.000,245.702,246.213,247.538,248.004,-1.825,-1.741
2017-04-28 10:59:00,245.911,247.709,118.000,177.000,246.00,246.05,5000.000,5000.000,247.60,247.85,5.000,82.000,245.95,246.10,2500.000,5000.000,247.55,247.90,1067.000,3495.000,32500.000,35000.000,245.875,246.220,247.492,247.971,-1.700,-1.699
2017-04-28 11:00:00,246.011,247.608,69.000,352.000,245.80,245.90,17500.000,5000.000,247.50,247.75,308.000,1330.000,245.75,246.00,7500.000,5000.000,247.40,247.80,9156.000,2743.000,42500.000,32500.000,245.649,246.032,247.376,247.908,-1.775,-1.697
2017-04-28 11:01:00,245.664,247.447,5513.000,281.000,245.50,245.55,5000.000,5000.000,247.25,247.55,3209.000,60.000,245.45,245.70,5000.000,5000.000,247.20,247.60,16498.000,1955.000,27500.000,22500.000,245.420,245.749,247.145,247.672,-1.875,-1.607
2017-04-28 11:02:00,245.735,247.573,120.000,159.000,245.65,245.70,2500.000,7500.000,247.25,247.50,250.000,364.000,245.55,245.75,7500.000,2500.000,247.20,247.60,8424.000,2664.000,60000.000,17500.000,245.481,245.834,247.062,247.600,-1.700,-1.509
2017-04-28 11:03:00,245.697,247.385,250.000,870.000,245.60,245.65,2500.000,7500.000,247.25,247.45,169.000,1271.000,245.55,245.70,5000.000,2500.000,247.20,247.50,10251.000,3977.000,27500.000,22500.000,245.482,245.736,247.136,247.533,-1.725,-1.446
2017-04-28 11:04:00,245.119,246.706,1467.000,44.000,245.00,245.05,5000.000,2500.000,246.65,246.80,160.000,69.000,244.95,245.10,2500.000,5000.000,246.55,246.85,5196.000,1231.000,20000.000,20000.000,244.891,245.258,246.494,246.956,-1.700,-1.415
2017-04-28 11:05:00,245.120,246.709,949.000,805.000,245.00,245.15,2500.000,5000.000,246.65,246.80,121.000,1193.000,244.95,245.20,2500.000,5000.000,246.60,246.85,3827.000,3103.000,20000.000,22500.000,244.880,245.216,246.531,246.906,-1.650,-1.415
2017-04-28 11:06:00,245.027,246.362,602.000,101.000,245.00,245.05,7500.000,2500.000,246.20,246.45,110.000,110.000,244.95,245.15,2500.000,2500.000,246.15,246.50,3155.000,3161.000,25000.000,17500.000,244.861,245.273,246.115,246.614,-1.300,-1.490
2017-04-28 11:07:00,245.241,246.589,135.000,4260.000,245.10,245.20,2500.000,2500.000,246.45,246.50,951.000,89.000,245.05,245.25,5000.000,5000.000,246.35,246.65,10831.000,4951.000,40000.000,17500.000,244.988,245.213,246.281,246.693,-1.325,-1.530
2017-04-28 11:08:00,245.394,246.765,1300.000,10.000,245.20,245.30,2500.000,5000.000,246.60,246.85,2949.000,1.000,245.15,245.35,2500.000,12500.000,246.55,246.90,10905.000,478.000,27500.000,32500.000,245.060,245.458,246.473,246.977,-1.475,-1.568
2017-04-28 11:09:00,245.339,246.774,500.000,600.000,245.25,245.40,7500.000,2500.000,246.65,246.85,2151.000,110.000,245.20,245.45,2500.000,10000.000,246.60,246.90,5959.000,5129.000,35000.000,27500.000,245.144,245.505,246.546,246.955,-1.425,-1.609
2017-04-28 11:10:00,245.306,246.893,257.000,1310.000,245.20,245.40,2500.000,2500.000,246.70,246.80,1987.000,831.000,245.15,245.45,5000.000,10000.000,246.60,246.90,10440.000,10448.000,57500.000,27500.000,245.053,245.534,246.524,246.982,-1.450,-1.625
2017-04-28 11:11:00,245.313,247.021,610.000,420.000,245.25,245.35,2500.000,5000.000,246.85,246.90,1736.000,103.000,245.20,245.40,5000.000,5000.000,246.75,247.00,9195.000,6061.000,50000.000,20000.000,245.147,245.499,246.650,247.056,-1.575,-1.621
2017-04-28 11:12:00,245.506,247.057,1437.000,14.000,245.40,245.50,7500.000,2500.000,247.05,247.25,3120.000,21.000,245.35,245.55,5000.000,5000.000,247.00,247.30,12194.000,5700.000,20000.000,32500.000,245.287,245.622,246.963,247.415,-1.700,-1.650
2017-04-28 11:13:00,245.541,247.102,127.000,42.000,245.50,245.55,10000.000,2500.000,247.05,247.25,500.000,4204.000,245.40,245.60,5000.000,5000.000,247.00,247.30,9079.000,7465.000,27500.000,32500.000,245.303,245.651,246.941,247.415,-1.625,-1.666
2017-04-28 11:14:00,245.496,247.136,2555.000,61.000,245.40,245.55,7500.000,5000.000,247.10,247.30,3649.000,4987.000,245.35,245.60,7500.000,2500.000,247.05,247.35,12419.000,8776.000,25000.000,30000.000,245.318,245.645,247.020,247.429,-1.725,-1.693
2017-04-28 11:15:00,245.462,247.125,2229.000,71.000,245.40,245.45,5000.000,2500.000,247.05,247.25,1005.000,547.000,245.35,245.55,5000.000,5000.000,247.00,247.30,9233.000,6172.000,17500.000,17500.000,245.314,245.606,246.950,247.350,-1.725,-1.702
2017-04-28 11:16:00,245.415,247.103,2982.000,161.000,245.40,245.45,5000.000,2500.000,247.05,247.15,5.000,988.000,245.35,245.50,10000.000,2500.000,247.00,247.20,8914.000,7186.000,25000.000,17500.000,245.318,245.580,246.945,247.279,-1.675,-1.700
2017-04-28 11:17:00,245.392,247.091,130.000,236.000,245.35,245.45,10000.000,2500.000,247.00,247.20,713.000,706.000,245.30,245.50,2500.000,7500.000,246.90,247.25,6137.000,6612.000,22500.000,20000.000,245.218,245.583,246.900,247.300,-1.700,-1.702
2017-04-28 11:18:00,245.408,247.050,1894.000,64.000,245.30,245.40,10000.000,2500.000,247.00,247.20,2366.000,323.000,245.25,245.50,2500.000,2500.000,246.90,247.25,10704.000,6304.000,20000.000,22500.000,245.187,245.590,246.912,247.322,-1.750,-1.723
2017-04-28 11:19:00,245.404,247.176,100.000,114.000,245.40,245.45,7500.000,10000.000,247.05,247.30,1665.000,204.000,245.35,245.50,32500.000,2500.000,247.00,247.35,5922.000,5783.000,47500.000,30000.000,245.303,245.592,246.979,247.408,-1.750,-1.715
2017-04-28 11:20:00,245.527,247.234,73.000,117.000,245.50,245.55,27500.000,5000.000,247.10,247.35,500.000,4867.000,245.45,245.60,5000.000,2500.000,247.05,247.40,4747.000,7808.000,52500.000,32500.000,245.326,245.643,247.033,247.473,-1.700,-1.689
2017-04-28 11:21:00,245.482,247.163,701.000,689.000,245.40,245.50,20000.000,2500.000,247.10,247.30,200.000,515.000,245.35,245.55,2500.000,5000.000,247.05,247.35,8105.000,6688.000,35000.000,32500.000,245.272,245.596,247.043,247.419,-1.750,-1.650
2017-04-28 11:22:00,245.556,247.263,320.000,264.000,245.50,245.55,5000.000,10000.000,247.15,247.40,480.000,3683.000,245.40,245.60,22500.000,2500.000,247.10,247.45,7027.000,5669.000,42500.000,42500.000,245.300,245.627,247.068,247.494,-1.750,-1.594
2017-04-28 11:23:00,245.725,247.472,1425.000,100.000,245.60,245.75,2500.000,2500.000,247.25,247.45,400.000,179.000,245.55,245.80,5000.000,2500.000,247.20,247.50,3773.000,1717.000,40000.000,22500.000,245.514,245.868,247.113,247.628,-1.675,-1.529
2017-04-28 11:24:00,245.837,247.570,775.000,194.000,245.70,245.95,2500.000,2500.000,247.30,247.50,1827.000,3129.000,245.65,246.00,5000.000,2500.000,247.25,247.60,8928.000,8266.000,42500.000,20000.000,245.569,246.077,247.144,247.681,-1.575,-1.472
2017-04-28 11:25:00,246.102,247.680,157.000,383.000,246.10,246.20,2500.000,5000.000,247.55,247.70,475.000,252.000,246.05,246.25,2500.000,2500.000,247.50,247.80,2701.000,3933.000,32500.000,22500.000,245.987,246.342,247.373,247.828,-1.475,-1.458
2017-04-28 11:26:00,246.207,247.693,511.000,254.000,246.25,246.35,12500.000,2500.000,247.65,247.85,221.000,739.000,246.20,246.40,2500.000,2500.000,247.60,247.95,2084.000,5575.000,50000.000,87500.000,246.151,246.496,247.540,248.030,-1.450,-1.475
2017-04-28 11:27:00,246.420,247.845,442.000,2549.000,246.35,246.55,5000.000,2500.000,247.80,247.90,687.000,2080.000,246.30,246.60,5000.000,10000.000,247.75,248.00,6046.000,9079.000,42500.000,65000.000,246.224,246.652,247.671,248.067,-1.400,-1.505
2017-04-28 11:28:00,246.326,247.751,150.000,527.000,246.35,246.40,12500.000,5000.000,247.70,247.90,638.000,1134.000,246.30,246.45,15000.000,2500.000,247.65,247.95,2455.000,4999.000,55000.000,70000.000,246.243,246.513,247.607,248.039,-1.425,-1.525
2017-04-28 11:29:00,246.329,247.774,54.000,1598.000,246.30,246.40,2500.000,2500.000,247.75,247.90,1543.000,218.000,246.25,246.45,2500.000,2500.000,247.70,247.95,4088.000,5010.000,37500.000,57500.000,246.188,246.520,247.613,248.048,-1.475,-1.587
2017-04-28 11:30:00,246.366,247.878,439.000,256.000,246.30,246.45,5000.000,2500.000,247.80,248.00,2721.000,818.000,246.25,246.50,12500.000,27500.000,247.75,248.05,5211.000,4941.000,40000.000,50000.000,246.218,246.618,247.688,248.080,-1.525,-1.629
2017-04-28 11:31:00,246.512,248.078,150.000,1399.000,246.40,246.45,7500.000,10000.000,248.00,248.10,304.000,836.000,246.35,246.50,2500.000,2500.000,247.95,248.25,6445.000,2905.000,20000.000,25000.000,246.263,246.507,247.912,248.250,-1.625,-1.679
2017-04-28 11:32:00,246.794,248.373,153.000,330.000,246.75,246.90,5000.000,2500.000,248.35,248.50,275.000,33.000,246.70,246.95,2500.000,5000.000,248.30,248.70,3982.000,6466.000,22500.000,32500.000,246.611,247.007,248.206,248.804,-1.600,-1.729
2017-04-28 11:33:00,246.889,248.411,1.000,63.000,246.70,246.85,2500.000,2500.000,248.40,248.60,616.000,818.000,246.65,246.90,2500.000,2500.000,248.30,248.65,8030.000,2920.000,15000.000,20000.000,246.550,246.967,248.225,248.725,-1.725,-1.794
2017-04-28 11:34:00,246.636,248.392,969.000,524.000,246.50,246.65,2500.000,2500.000,248.20,248.50,148.000,484.000,246.45,246.70,2500.000,5000.000,248.15,248.55,4694.000,2445.000,25000.000,22500.000,246.395,246.741,248.070,248.617,-1.775,-1.809
2017-04-28 11:35:00,246.445,248.169,176.000,255.000,246.25,246.40,2500.000,2500.000,248.10,248.20,1674.000,570.000,246.20,246.45,7500.000,2500.000,248.05,248.30,9940.000,2883.000,20000.000,20000.000,246.115,246.512,247.988,248.387,-1.825,-1.796
2017-04-28 11:36:00,246.518,248.331,250.000,239.000,246.55,246.60,2500.000,2500.000,248.20,248.35,317.000,370.000,246.40,246.65,2500.000,2500.000,248.15,248.40,5198.000,6143.000,20000.000,12500.000,246.281,246.752,248.056,248.480,-1.700,-1.772
2017-04-28 11:37:00,246.526,248.357,100.000,389.000,246.50,246.65,2500.000,2500.000,248.30,248.50,746.000,309.000,246.45,246.70,2500.000,7500.000,248.25,248.55,2678.000,4000.000,25000.000,27500.000,246.374,246.792,248.090,248.627,-1.825,-1.729
2017-04-28 11:38:00,246.688,248.533,724.000,56.000,246.55,246.65,2500.000,5000.000,248.50,248.70,2243.000,106.000,246.50,246.70,2500.000,5000.000,248.40,248.75,11539.000,3322.000,25000.000,32500.000,246.427,246.809,248.285,248.819,-2.000,-1.683
2017-04-28 11:39:00,246.579,248.414,2434.000,34.000,246.50,246.55,2500.000,2500.000,248.40,248.50,339.000,95.000,246.45,246.65,2500.000,2500.000,248.35,248.55,7979.000,3736.000,25000.000,27500.000,246.400,246.746,248.260,248.614,-1.925,-1.635
2017-04-28 11:40:00,246.736,248.391,176.000,339.000,246.65,246.70,7500.000,2500.000,248.35,248.50,200.000,958.000,246.60,246.75,12500.000,7500.000,248.25,248.60,6657.000,3976.000,27500.000,27500.000,246.494,246.816,248.250,248.668,-1.750,-1.611
2017-04-28 11:41:00,246.735,248.428,725.000,1154.000,246.65,246.70,10000.000,2500.000,248.35,248.55,1183.000,553.000,246.55,246.75,12500.000,5000.000,248.25,248.60,7003.000,2991.000,37500.000,30000.000,246.483,246.789,248.240,248.671,-1.775,-1.545
2017-04-28 11:42:00,246.766,248.385,147.000,375.000,246.70,246.75,7500.000,2500.000,248.35,248.40,356.000,973.000,246.60,246.80,12500.000,2500.000,248.25,248.45,6301.000,3905.000,37500.000,22500.000,246.501,246.855,248.190,248.594,-1.650,-1.514
2017-04-28 11:43:00,246.626,248.238,718.000,134.000,246.65,246.70,15000.000,2500.000,248.15,248.40,787.000,1362.000,246.60,246.75,5000.000,2500.000,248.10,248.45,2765.000,4146.000,32500.000,30000.000,246.569,246.828,248.081,248.537,-1.600,-1.518
2017-04-28 11:44:00,246.602,248.197,131.000,1167.000,246.60,246.65,7500.000,5000.000,248.15,248.30,444.000,133.000,246.55,246.70,2500.000,5000.000,248.05,248.40,2131.000,3883.000,20000.000,22500.000,246.469,246.746,248.044,248.439,-1.600,-1.540
2017-04-28 11:45:00,246.381,247.914,258.000,334.000,246.40,246.45,5000.000,92500.000,247.90,248.00,433.000,282.000,246.30,246.50,5000.000,2500.000,247.80,248.15,3971.000,4663.000,17500.000,105000.000,246.209,246.605,247.764,248.026,-1.525,-1.542
2017-04-28 11:46:00,246.053,247.419,1028.000,56.000,246.00,246.10,5000.000,7500.000,247.55,247.80,175.000,394.000,245.95,246.15,2500.000,10000.000,247.45,247.90,2126.000,1638.000,20000.000,120000.000,245.921,246.211,247.387,247.979,-1.625,-1.599
2017-04-28 11:47:00,246.089,247.551,920.000,561.000,245.95,246.00,2500.000,2500.000,247.70,247.85,1339.000,100.000,245.90,246.10,2500.000,2500.000,247.60,247.90,7407.000,2549.000,12500.000,110000.000,245.810,246.177,247.550,247.994,-1.800,-1.629
2017-04-28 11:48:00,245.930,247.564,3.000,149.000,246.05,246.10,5000.000,2500.000,247.60,247.80,149.000,405.000,246.00,246.15,2500.000,2500.000,247.55,247.90,1039.000,5109.000,20000.000,35000.000,245.860,246.239,247.425,247.975,-1.625,-1.638
2017-04-28 11:49:00,246.060,247.765,1.000,274.000,246.10,246.20,5000.000,5000.000,247.75,247.95,60.000,1309.000,246.05,246.25,2500.000,15000.000,247.70,248.00,1566.000,4931.000,17500.000,40000.000,245.966,246.326,247.636,248.066,-1.700,-1.596
2017-04-28 11:50:00,245.973,247.518,291.000,207.000,245.80,246.00,2500.000,2500.000,247.55,247.70,1461.000,200.000,245.75,246.05,5000.000,17500.000,247.40,247.75,6426.000,3117.000,17500.000,30000.000,245.676,246.138,247.343,247.783,-1.725,-1.643
2017-04-28 11:51:00,245.911,247.561,179.000,205.000,245.80,245.90,2500.000,17500.000,247.50,247.75,759.000,1.000,245.75,245.95,2500.000,5000.000,247.45,247.80,3458.000,1797.000,20000.000,50000.000,245.673,246.070,247.381,247.890,-1.775,-1.650
2017-04-28 11:52:00,245.871,247.482,1978.000,103.000,245.80,245.90,2500.000,2500.000,247.50,247.70,65.000,10.000,245.75,245.95,2500.000,17500.000,247.45,247.75,3767.000,1976.000,15000.000,40000.000,245.722,246.032,247.350,247.803,-1.750,-1.665
2017-04-28 11:53:00,245.960,247.642,31.000,320.000,245.85,246.00,2500.000,15000.000,247.60,247.75,357.000,500.000,245.80,246.05,2500.000,2500.000,247.50,247.80,3478.000,2874.000,17500.000,27500.000,245.691,246.132,247.407,247.809,-1.750,-1.675
2017-04-28 11:54:00,245.419,246.914,50.000,123.000,245.20,245.25,2500.000,2500.000,246.85,247.05,436.000,10.000,245.15,245.30,2500.000,2500.000,246.80,247.10,8303.000,372.000,17500.000,17500.000,245.017,245.338,246.664,247.164,-1.725,-1.724
2017-04-28 11:55:00,245.825,247.605,2367.000,64.000,245.70,245.75,10000.000,7500.000,247.40,247.70,2000.000,500.000,245.60,245.80,2500.000,2500.000,247.35,247.75,12631.000,1524.000,30000.000,22500.000,245.548,245.877,247.308,247.806,-1.825,-1.713
2017-04-28 11:56:00,245.867,247.550,221.000,266.000,245.80,245.85,5000.000,2500.000,247.55,247.65,816.000,502.000,245.75,245.90,5000.000,2500.000,247.40,247.75,7709.000,5009.000,20000.000,22500.000,245.647,245.992,247.387,247.806,-1.775,-1.733
2017-04-28 11:57:00,245.636,247.323,44.000,526.000,245.65,245.70,2500.000,2500.000,247.25,247.50,1589.000,627.000,245.60,245.75,5000.000,2500.000,247.20,247.55,2233.000,3650.000,15000.000,22500.000,245.573,245.801,247.150,247.600,-1.700,-1.732
2017-04-28 11:58:00,245.311,247.039,16.000,965.000,245.30,245.35,5000.000,5000.000,246.90,247.15,2633.000,30.000,245.25,245.40,2500.000,2500.000,246.85,247.20,3969.000,3536.000,25000.000,20000.000,245.220,245.472,246.790,247.256,-1.700,-1.739
2017-04-28 11:59:00,245.283,247.025,36.000,2042.000,245.30,245.35,2500.000,2500.000,246.95,247.10,545.000,717.000,245.25,245.40,2500.000,2500.000,246.90,247.15,4500.000,9349.000,12500.000,12500.000,245.174,245.460,246.850,247.200,-1.700,-1.734
2017-04-28 12:00:00,245.424,247.150,2290.000,29.000,245.30,245.35,2500.000,2500.000,247.05,247.25,487.000,736.000,245.25,245.50,7500.000,2500.000,247.00,247.30,7081.000,2857.000,20000.000,20000.000,245.186,245.594,246.956,247.406,-1.825,-1.700
2017-04-28 12:01:00,245.378,247.160,142.000,155.000,245.40,245.45,2500.000,2500.000,247.05,247.25,1410.000,1373.000,245.35,245.50,7500.000,5000.000,247.00,247.30,2648.000,4248.000,20000.000,17500.000,245.301,245.579,246.956,247.350,-1.725,-1.634
2017-04-28 12:02:00,245.244,246.925,846.000,512.000,245.30,245.35,2500.000,7500.000,246.85,247.10,630.000,985.000,245.25,245.40,2500.000,2500.000,246.80,247.15,2294.000,5409.000,17500.000,27500.000,245.231,245.480,246.714,247.205,-1.650,-1.609
2017-04-28 12:03:00,245.159,246.924,4880.000,421.000,245.00,245.20,2500.000,2500.000,246.70,246.85,90.000,577.000,244.95,245.25,2500.000,10000.000,246.55,246.90,8139.000,2876.000,80000.000,22500.000,244.939,245.331,246.405,246.961,-1.675,-1.571
2017-04-28 12:04:00,245.074,246.790,5348.000,50.000,245.00,245.05,2500.000,7500.000,246.55,246.80,60.000,1.000,244.95,245.15,20000.000,5000.000,246.50,246.85,7610.000,1191.000,67500.000,35000.000,244.952,245.274,246.404,246.896,-1.650,-1.580
2017-04-28 12:05:00,245.061,246.616,65.000,217.000,245.05,245.10,20000.000,2500.000,246.50,246.60,5347.000,678.000,245.00,245.15,22500.000,10000.000,246.40,246.70,8482.000,6037.000,70000.000,30000.000,244.940,245.229,246.387,246.771,-1.475,-1.593
2017-04-28 12:06:00,245.038,246.489,928.000,706.000,245.00,245.05,5000.000,2500.000,246.40,246.60,10.000,585.000,244.90,245.10,20000.000,2500.000,246.30,246.65,8270.000,6842.000,32500.000,25000.000,244.785,245.186,246.292,246.720,-1.475,-1.667
2017-04-28 12:07:00,245.071,246.628,1373.000,60.000,245.00,245.05,5000.000,2500.000,246.45,246.65,110.000,792.000,244.90,245.10,10000.000,7500.000,246.40,246.70,9606.000,4854.000,42500.000,25000.000,244.798,245.204,246.341,246.780,-1.525,-1.710
2017-04-28 12:08:00,245.159,246.735,605.000,1149.000,245.00,245.05,7500.000,5000.000,246.50,246.70,1061.000,93.000,244.90,245.10,5000.000,2500.000,246.45,246.80,11226.000,2430.000,52500.000,22500.000,244.788,245.121,246.364,246.839,-1.575,-1.772
2017-04-28 12:09:00,245.397,247.156,2137.000,9.000,245.30,245.35,2500.000,2500.000,247.00,247.15,30.000,112.000,245.25,245.40,2500.000,2500.000,246.95,247.25,7505.000,1920.000,27500.000,15000.000,245.184,245.523,246.773,247.308,-1.750,-1.760
2017-04-28 12:10:00,245.307,246.929,500.000,4571.000,245.20,245.30,5000.000,2500.000,246.85,247.00,1685.000,186.000,245.15,245.35,5000.000,2500.000,246.80,247.05,8574.000,7329.000,20000.000,15000.000,245.052,245.357,246.731,247.108,-1.675,-1.797
2017-04-28 12:11:00,245.199,247.021,243.000,616.000,245.10,245.15,5000.000,2500.000,246.80,247.00,630.000,355.000,245.05,245.20,2500.000,2500.000,246.65,247.05,8993.000,3591.000,52500.000,17500.000,244.961,245.276,246.548,247.114,-1.775,-1.788
2017-04-28 12:12:00,245.208,246.978,2727.000,54.000,245.15,245.25,5000.000,5000.000,246.70,246.95,455.000,484.000,245.10,245.30,2500.000,2500.000,246.65,247.00,6888.000,3572.000,50000.000,17500.000,245.063,245.407,246.540,247.050,-1.625,-1.811
2017-04-28 12:13:00,245.142,247.030,571.000,198.000,245.25,245.30,5000.000,5000.000,246.75,247.05,170.000,140.000,245.20,245.40,10000.000,2500.000,246.60,247.10,1195.000,5484.000,65000.000,17500.000,245.197,245.508,246.513,247.136,-1.625,-1.814
2017-04-28 12:14:00,245.351,247.048,729.000,230.000,245.25,245.40,5000.000,7500.000,246.85,247.15,344.000,501.000,245.20,245.45,2500.000,2500.000,246.80,247.20,5752.000,4590.000,32500.000,20000.000,245.053,245.515,246.704,247.231,-1.675,-1.841
2017-04-28 12:15:00,245.302,247.112,350.000,232.000,245.25,245.30,5000.000,5000.000,246.85,247.15,674.000,160.000,245.15,245.35,15000.000,5000.000,246.70,247.20,5686.000,3331.000,62500.000,20000.000,245.042,245.471,246.582,247.238,-1.725,-1.820
2017-04-28 12:16:00,245.339,247.114,1015.000,81.000,245.20,245.25,5000.000,7500.000,246.95,247.25,530.000,551.000,245.15,245.40,2500.000,7500.000,246.90,247.30,9765.000,4964.000,27500.000,27500.000,245.056,245.493,246.755,247.355,-1.875,-1.821
2017-04-28 12:17:00,245.212,247.098,300.000,115.000,245.25,245.30,2500.000,2500.000,247.00,247.10,387.000,110.000,245.20,245.35,27500.000,7500.000,246.80,247.20,2884.000,3978.000,60000.000,22500.000,245.137,245.484,246.721,247.239,-1.775,-1.781
2017-04-28 12:18:00,245.343,247.246,60.000,440.000,245.30,245.45,2500.000,7500.000,246.95,247.25,1178.000,2644.000,245.25,245.50,2500.000,5000.000,246.90,247.30,4078.000,6020.000,50000.000,20000.000,245.184,245.559,246.792,247.319,-1.725,-1.738
2017-04-28 12:19:00,245.331,247.163,1797.000,139.000,245.20,245.30,2500.000,2500.000,246.95,247.15,300.000,123.000,245.15,245.35,30000.000,7500.000,246.90,247.20,10102.000,3854.000,57500.000,20000.000,245.050,245.482,246.839,247.262,-1.800,-1.693
2017-04-28 12:20:00,245.034,246.737,6.000,781.000,244.95,245.00,5000.000,7500.000,246.45,246.75,50.000,1340.000,244.90,245.05,10000.000,5000.000,246.40,246.85,4371.000,5112.000,55000.000,22500.000,244.756,245.108,246.316,246.856,-1.625,-1.676
2017-04-28 12:21:00,245.097,246.880,1043.000,195.000,245.15,245.20,10000.000,2500.000,246.55,246.80,489.000,242.000,245.05,245.25,2500.000,2500.000,246.50,246.90,6087.000,7308.000,55000.000,12500.000,245.017,245.366,246.386,246.940,-1.500,-1.652
2017-04-28 12:22:00,245.043,246.728,2418.000,57.000,245.00,245.10,10000.000,2500.000,246.40,246.70,60.000,20.000,244.90,245.15,5000.000,2500.000,246.35,246.75,7643.000,5232.000,67500.000,12500.000,244.839,245.275,246.256,246.800,-1.500,-1.642
2017-04-28 12:23:00,245.175,246.863,682.000,59.000,245.05,245.10,2500.000,2500.000,246.65,246.85,2660.000,2401.000,245.00,245.20,5000.000,2500.000,246.50,246.90,7171.000,3278.000,52500.000,17500.000,244.930,245.221,246.371,246.971,-1.675,-1.618
2017-04-28 12:24:00,245.184,246.793,1078.000,158.000,245.05,245.20,5000.000,7500.000,246.60,246.90,2955.000,513.000,245.00,245.25,5000.000,2500.000,246.55,246.95,6163.000,2357.000,30000.000,25000.000,244.964,245.330,246.471,246.990,-1.625,-1.620
2017-04-28 12:25:00,245.197,246.812,352.000,64.000,245.05,245.20,7500.000,7500.000,246.65,246.95,2955.000,158.000,245.00,245.25,5000.000,2500.000,246.60,247.00,5632.000,1901.000,22500.000,20000.000,244.948,245.366,246.572,247.031,-1.675,-1.606
2017-04-28 12:26:00,245.166,246.829,2603.000,228.000,245.00,245.15,5000.000,5000.000,246.70,246.95,611.000,278.000,244.95,245.20,5000.000,5000.000,246.65,247.00,6893.000,1842.000,22500.000,25000.000,244.910,245.258,246.606,247.070,-1.750,-1.564
2017-04-28 12:27:00,245.253,246.889,1448.000,431.000,245.05,245.30,5000.000,5000.000,246.80,247.00,6156.000,612.000,245.00,245.35,2500.000,7500.000,246.75,247.10,12353.000,5081.000,20000.000,27500.000,244.955,245.442,246.694,247.136,-1.725,-1.543
2017-04-28 12:28:00,245.161,246.729,604.000,82.000,245.05,245.10,5000.000,7500.000,246.70,246.90,4806.000,148.000,245.00,245.20,5000.000,2500.000,246.65,246.95,8150.000,2336.000,17500.000,30000.000,244.960,245.302,246.607,247.000,-1.725,-1.542
2017-04-28 12:29:00,245.345,246.963,1686.000,71.000,245.15,245.30,5000.000,7500.000,246.90,247.00,1135.000,128.000,245.10,245.35,5000.000,2500.000,246.80,247.10,16549.000,3952.000,27500.000,22500.000,245.019,245.467,246.736,247.117,-1.725,-1.534
2017-04-28 12:30:00,245.288,246.835,80.000,633.000,245.20,245.30,5000.000,2500.000,246.80,246.90,345.000,125.000,245.15,245.35,2500.000,2500.000,246.75,246.95,8012.000,6264.000,20000.000,22500.000,245.018,245.459,246.706,247.050,-1.600,-1.538
2017-04-28 12:31:00,245.334,246.782,40.000,153.000,245.15,245.20,5000.000,5000.000,246.70,246.95,567.000,394.000,245.10,245.30,5000.000,7500.000,246.65,247.00,9051.000,1848.000,17500.000,25000.000,245.005,245.364,246.621,247.040,-1.650,-1.545
2017-04-28 12:32:00,245.291,246.822,680.000,104.000,245.10,245.25,5000.000,7500.000,246.70,247.00,625.000,48.000,245.05,245.30,5000.000,2500.000,246.65,247.05,8652.000,1686.000,17500.000,22500.000,244.996,245.381,246.621,247.078,-1.675,-1.548
2017-04-28 12:33:00,245.278,246.843,5828.000,181.000,245.15,245.20,2500.000,2500.000,246.75,246.90,910.000,104.000,245.10,245.25,5000.000,2500.000,246.70,247.00,14411.000,1825.000,17500.000,20000.000,245.063,245.395,246.657,247.081,-1.650,-1.540
2017-04-28 12:34:00,245.287,246.863,156.000,222.000,245.20,245.25,2500.000,2500.000,246.75,246.90,591.000,118.000,245.15,245.35,5000.000,2500.000,246.70,247.00,7817.000,5508.000,20000.000,20000.000,245.029,245.472,246.631,247.081,-1.600,-1.527
2017-04-28 12:35:00,245.282,246.850,526.000,99.000,245.15,245.20,2500.000,2500.000,246.75,246.85,44.000,142.000,245.10,245.25,5000.000,2500.000,246.70,247.00,9382.000,3373.000,17500.000,15000.000,245.004,245.423,246.657,247.042,-1.625,-1.560
2017-04-28 12:36:00,245.371,246.857,155.000,55.000,245.20,245.25,2500.000,5000.000,246.75,247.00,832.000,68.000,245.15,245.35,5000.000,2500.000,246.70,247.05,7635.000,2195.000,17500.000,20000.000,245.028,245.476,246.657,247.100,-1.650,-1.567
2017-04-28 12:37:00,245.295,246.838,1057.000,62.000,245.15,245.20,2500.000,7500.000,246.75,247.00,119.000,549.000,245.10,245.35,5000.000,2500.000,246.70,247.05,8990.000,3867.000,17500.000,25000.000,245.014,245.456,246.657,247.090,-1.700,-1.565
2017-04-28 12:38:00,245.371,246.900,707.000,63.000,245.15,245.35,2500.000,5000.000,246.75,247.00,559.000,82.000,245.10,245.40,5000.000,5000.000,246.70,247.10,7533.000,2197.000,17500.000,20000.000,245.018,245.491,246.657,247.144,-1.625,-1.573
2017-04-28 12:39:00,245.347,246.856,434.000,55.000,245.15,245.25,5000.000,5000.000,246.75,246.95,3.000,8.000,245.10,245.30,5000.000,5000.000,246.70,247.00,6679.000,795.000,20000.000,22500.000,245.006,245.402,246.669,247.089,-1.650,-1.617
2017-04-28 12:40:00,245.060,246.791,4222.000,741.000,245.00,245.10,5000.000,2500.000,246.55,246.75,50.000,473.000,244.95,245.15,2500.000,7500.000,246.50,246.80,6761.000,4008.000,52500.000,17500.000,244.944,245.203,246.374,246.836,-1.600,-1.595
2017-04-28 12:41:00,245.390,246.912,91.000,51.000,245.20,245.25,2500.000,5000.000,246.75,247.00,233.000,5.000,245.15,245.30,5000.000,10000.000,246.70,247.10,7633.000,737.000,17500.000,22500.000,245.029,245.382,246.643,247.144,-1.650,-1.635
2017-04-28 12:42:00,245.260,246.792,148.000,80.000,245.15,245.20,2500.000,7500.000,246.70,246.95,1605.000,57.000,245.10,245.25,5000.000,2500.000,246.60,247.05,7317.000,1748.000,20000.000,27500.000,245.022,245.372,246.556,247.077,-1.650,-1.663
2017-04-28 12:43:00,245.227,246.798,1642.000,84.000,245.10,245.20,2500.000,7500.000,246.70,246.95,121.000,52.000,245.05,245.25,2500.000,7500.000,246.60,247.05,7638.000,1647.000,20000.000,30000.000,245.013,245.348,246.537,247.062,-1.675,-1.710
2017-04-28 12:44:00,245.050,246.777,138.000,859.000,245.00,245.05,5000.000,2500.000,246.55,246.80,293.000,58.000,244.90,245.10,5000.000,2500.000,246.50,246.85,4019.000,3113.000,47500.000,27500.000,244.780,245.185,246.376,246.950,-1.650,-1.704
2017-04-28 12:45:00,245.153,246.778,294.000,32.000,245.00,245.10,2500.000,2500.000,246.70,246.90,319.000,367.000,244.95,245.20,2500.000,2500.000,246.65,246.95,2977.000,1274.000,20000.000,25000.000,244.878,245.262,246.569,247.025,-1.750,-1.764
2017-04-28 12:46:00,245.141,246.861,337.000,82.000,245.00,245.05,2500.000,5000.000,246.65,246.95,248.000,25.000,244.95,245.10,2500.000,2500.000,246.60,247.00,2264.000,385.000,27500.000,20000.000,244.865,245.163,246.495,247.044,-1.775,-1.750
2017-04-28 12:47:00,245.103,246.777,432.000,183.000,245.00,245.05,5000.000,5000.000,246.55,246.80,150.000,611.000,244.90,245.10,7500.000,7500.000,246.50,246.85,7313.000,3120.000,50000.000,25000.000,244.776,245.192,246.382,246.895,-1.650,-1.771
2017-04-28 12:48:00,245.090,246.897,1429.000,41.000,245.00,245.05,2500.000,2500.000,246.70,246.95,612.000,2.000,244.95,245.10,2500.000,7500.000,246.65,247.00,3178.000,479.000,25000.000,20000.000,244.925,245.187,246.565,247.062,-1.800,-1.738
2017-04-28 12:49:00,245.132,246.827,423.000,34.000,245.05,245.10,2500.000,2500.000,246.75,246.95,1335.000,255.000,245.00,245.15,2500.000,2500.000,246.70,247.00,3383.000,1171.000,15000.000,22500.000,244.940,245.244,246.633,247.094,-1.775,-1.738
2017-04-28 12:50:00,244.960,246.885,903.000,159.000,245.00,245.05,2500.000,2500.000,246.70,246.90,50.000,8.000,244.95,245.10,2500.000,2500.000,246.65,246.95,2104.000,3431.000,27500.000,15000.000,244.903,245.204,246.550,247.017,-1.775,-1.706
2017-04-28 12:51:00,245.460,247.107,96.000,62.000,245.25,245.35,2500.000,2500.000,247.00,247.30,611.000,51.000,245.20,245.40,2500.000,2500.000,246.95,247.35,5822.000,811.000,17500.000,20000.000,245.092,245.486,246.836,247.425,-1.850,-1.715
2017-04-28 12:52:00,245.458,247.239,1576.000,205.000,245.50,245.55,5000.000,2500.000,247.10,247.35,164.000,83.000,245.40,245.60,2500.000,2500.000,247.05,247.40,3481.000,3860.000,20000.000,15000.000,245.383,245.709,246.988,247.458,-1.700,-1.691
2017-04-28 12:53:00,245.377,247.019,1144.000,177.000,245.25,245.35,2500.000,7500.000,246.90,247.25,131.000,390.000,245.20,245.40,2500.000,5000.000,246.85,247.30,2928.000,1169.000,15000.000,25000.000,245.140,245.430,246.783,247.340,-1.775,-1.670
2017-04-28 12:54:00,245.197,246.893,501.000,742.000,245.10,245.20,2500.000,2500.000,246.85,247.00,1838.000,449.000,245.05,245.25,5000.000,2500.000,246.70,247.10,7423.000,3814.000,27500.000,30000.000,244.999,245.307,246.591,247.204,-1.775,-1.630
2017-04-28 12:55:00,245.120,246.882,809.000,192.000,245.00,245.15,2500.000,2500.000,246.70,246.90,295.000,304.000,244.85,245.20,5000.000,2500.000,246.65,246.95,6160.000,2945.000,30000.000,20000.000,244.787,245.263,246.562,247.044,-1.725,-1.594
2017-04-28 12:56:00,245.170,246.860,61.000,117.000,245.10,245.15,5000.000,5000.000,246.65,246.90,42.000,62.000,245.05,245.20,2500.000,2500.000,246.60,246.95,1589.000,791.000,32500.000,17500.000,244.973,245.248,246.512,246.993,-1.650,-1.574
2017-04-28 12:57:00,245.217,246.879,3455.000,235.000,245.10,245.30,2500.000,2500.000,246.75,247.00,82.000,324.000,245.05,245.35,2500.000,2500.000,246.70,247.05,6582.000,3386.000,15000.000,15000.000,245.043,245.455,246.650,247.133,-1.675,-1.556
2017-04-28 12:58:00,245.307,246.847,1315.000,150.000,245.15,245.25,2500.000,5000.000,246.80,247.00,809.000,259.000,245.10,245.30,2500.000,5000.000,246.75,247.10,7728.000,1241.000,15000.000,27500.000,245.053,245.347,246.692,247.159,-1.700,-1.583
2017-04-28 12:59:00,245.617,247.114,412.000,203.000,245.40,245.50,5000.000,2500.000,247.00,247.25,414.000,85.000,245.35,245.55,2500.000,2500.000,246.90,247.30,9316.000,1320.000,20000.000,15000.000,245.235,245.616,246.800,247.358,-1.675,-1.610
2017-04-28 13:00:00,245.565,247.146,60.000,129.000,245.40,245.50,5000.000,5000.000,247.00,247.25,320.000,48.000,245.35,245.55,2500.000,2500.000,246.95,247.30,4605.000,1219.000,17500.000,17500.000,245.258,245.624,246.900,247.364,-1.675,-1.634
2017-04-28 13:01:00,245.383,246.971,1047.000,385.000,245.30,245.35,2500.000,2500.000,246.85,247.10,300.000,815.000,245.25,245.40,5000.000,2500.000,246.70,247.15,3696.000,1961.000,20000.000,15000.000,245.188,245.414,246.662,247.200,-1.650,-1.670
2017-04-28 13:02:00,245.282,246.856,149.000,234.000,245.10,245.25,5000.000,5000.000,246.75,247.00,472.000,110.000,245.05,245.30,5000.000,2500.000,246.70,247.05,9301.000,2235.000,20000.000,22500.000,244.994,245.376,246.669,247.150,-1.700,-1.699
2017-04-28 13:03:00,245.397,247.070,76.000,229.000,245.30,245.35,2500.000,2500.000,246.85,247.15,708.000,881.000,245.20,245.40,7500.000,5000.000,246.80,247.20,5048.000,2466.000,30000.000,20000.000,245.092,245.436,246.742,247.294,-1.675,-1.697
2017-04-28 13:04:00,245.459,247.095,1003.000,231.000,245.20,245.35,5000.000,2500.000,247.00,247.15,2652.000,803.000,245.15,245.40,2500.000,5000.000,246.95,247.20,26652.000,2367.000,27500.000,22500.000,245.060,245.447,246.845,247.311,-1.800,-1.714
2017-04-28 13:05:00,245.374,247.074,1164.000,43.000,245.15,245.30,2500.000,2500.000,246.90,247.15,5016.000,295.000,245.10,245.35,2500.000,5000.000,246.85,247.20,23101.000,2972.000,25000.000,17500.000,245.028,245.445,246.780,247.257,-1.800,-1.720
2017-04-28 13:06:00,245.530,247.300,833.000,642.000,245.35,245.60,2500.000,2500.000,247.15,247.40,361.000,5.000,245.30,245.65,2500.000,5000.000,247.10,247.45,6322.000,4637.000,17500.000,15000.000,245.197,245.725,247.029,247.492,-1.800,-1.703
2017-04-28 13:07:00,245.591,247.307,1175.000,9.000,245.40,245.45,5000.000,5000.000,247.15,247.50,4793.000,682.000,245.25,245.55,2500.000,2500.000,247.10,247.55,16987.000,1994.000,17500.000,20000.000,245.166,245.609,247.057,247.594,-1.900,-1.680
2017-04-28 13:08:00,245.468,247.130,1744.000,832.000,245.20,245.35,2500.000,2500.000,247.05,247.20,1.000,550.000,245.15,245.40,5000.000,2500.000,247.00,247.35,35998.000,4231.000,17500.000,20000.000,245.038,245.454,246.921,247.394,-1.850,-1.692
2017-04-28 13:09:00,245.348,247.069,1450.000,298.000,245.25,245.30,2500.000,2500.000,247.00,247.15,125.000,587.000,245.20,245.35,2500.000,7500.000,246.90,247.20,9910.000,4149.000,20000.000,20000.000,245.105,245.435,246.831,247.244,-1.800,-1.690
2017-04-28 13:10:00,245.326,247.055,2398.000,350.000,245.15,245.20,5000.000,7500.000,246.90,247.15,4917.000,874.000,245.10,245.30,5000.000,2500.000,246.85,247.25,25343.000,2998.000,27500.000,27500.000,245.037,245.347,246.795,247.273,-1.850,-1.706
2017-04-28 13:11:00,245.408,247.094,962.000,263.000,245.20,245.30,2500.000,2500.000,247.00,247.15,2007.000,611.000,245.15,245.35,2500.000,7500.000,246.90,247.25,27350.000,4179.000,22500.000,22500.000,245.040,245.436,246.828,247.283,-1.825,-1.697
2017-04-28 13:12:00,245.408,247.006,646.000,910.000,245.20,245.35,5000.000,5000.000,246.85,247.10,6182.000,1213.000,245.10,245.40,2500.000,2500.000,246.80,247.15,21494.000,3966.000,22500.000,17500.000,245.033,245.433,246.756,247.186,-1.700,-1.696
2017-04-28 13:13:00,245.405,247.128,214.000,51.000,245.20,245.25,5000.000,2500.000,247.00,247.25,1888.000,48.000,245.15,245.30,5000.000,5000.000,246.95,247.35,28984.000,282.000,22500.000,22500.000,245.042,245.365,246.911,247.417,-1.900,-1.681
2017-04-28 13:14:00,245.289,247.002,242.000,2334.000,245.15,245.20,2500.000,2500.000,246.90,247.05,6258.000,60.000,245.10,245.25,7500.000,5000.000,246.85,247.15,23246.000,4296.000,25000.000,25000.000,245.021,245.275,246.790,247.195,-1.800,-1.669
2017-04-28 13:15:00,245.317,247.124,264.000,119.000,245.15,245.20,5000.000,5000.000,246.95,247.20,5538.000,3.000,245.10,245.25,2500.000,2500.000,246.90,247.25,22616.000,227.000,25000.000,17500.000,245.031,245.270,246.835,247.300,-1.900,-1.632
2017-04-28 13:16:00,245.505,247.150,686.000,155.000,245.30,245.45,2500.000,2500.000,247.15,247.25,2680.000,1291.000,245.25,245.50,2500.000,5000.000,247.00,247.35,13880.000,4071.000,15000.000,22500.000,245.155,245.551,246.950,247.433,-1.825,-1.644
2017-04-28 13:17:00,245.440,247.031,1050.000,231.000,245.20,245.25,5000.000,2500.000,246.90,247.10,62.000,7.000,245.15,245.35,7500.000,10000.000,246.85,247.20,24774.000,1883.000,27500.000,25000.000,245.028,245.438,246.800,247.245,-1.775,-1.677
2017-04-28 13:18:00,245.494,247.142,943.000,144.000,245.25,245.40,2500.000,2500.000,247.00,247.25,999.000,111.000,245.20,245.45,5000.000,2500.000,246.95,247.35,13446.000,1784.000,22500.000,22500.000,245.103,245.559,246.889,247.417,-1.800,-1.658
2017-04-28 13:19:00,245.569,247.222,389.000,562.000,245.50,245.55,2500.000,2500.000,247.20,247.30,715.000,4.000,245.40,245.60,2500.000,2500.000,247.10,247.40,7823.000,3862.000,17500.000,22500.000,245.301,245.708,247.036,247.467,-1.725,-1.677
2017-04-28 13:20:00,245.490,247.114,60.000,509.000,245.35,245.55,2500.000,5000.000,247.10,247.30,278.000,774.000,245.30,245.60,2500.000,2500.000,247.00,247.35,6289.000,4847.000,12500.000,22500.000,245.194,245.690,246.960,247.406,-1.750,-1.687
2017-04-28 13:21:00,245.503,247.207,383.000,90.000,245.30,245.35,2500.000,2500.000,247.10,247.30,683.000,46.000,245.25,245.40,5000.000,5000.000,247.05,247.35,14825.000,2083.000,20000.000,17500.000,245.144,245.543,247.006,247.407,-1.875,-1.715
2017-04-28 13:22:00,245.601,247.357,2050.000,35.000,245.45,245.55,2500.000,5000.000,247.30,247.50,1500.000,56.000,245.40,245.60,2500.000,10000.000,247.25,247.55,12956.000,2883.000,22500.000,30000.000,245.326,245.725,247.183,247.596,-1.900,-1.712
2017-04-28 13:23:00,245.407,246.960,102.000,1263.000,245.30,245.35,5000.000,10000.000,246.85,247.10,110.000,1125.000,245.25,245.40,2500.000,2500.000,246.80,247.15,6772.000,3893.000,22500.000,30000.000,245.143,245.419,246.756,247.204,-1.650,-1.731
2017-04-28 13:24:00,245.510,247.260,1710.000,22.000,245.30,245.35,7500.000,2500.000,247.10,247.30,794.000,27.000,245.25,245.45,2500.000,2500.000,247.05,247.40,15280.000,910.000,22500.000,15000.000,245.161,245.585,247.000,247.475,-1.875,-1.713
2017-04-28 13:25:00,245.323,246.994,680.000,5316.000,245.15,245.25,2500.000,7500.000,246.90,247.05,3549.000,75.000,245.10,245.30,2500.000,5000.000,246.85,247.10,23116.000,7133.000,20000.000,25000.000,245.011,245.289,246.775,247.155,-1.775,-1.709
2017-04-28 13:26:00,245.039,246.884,612.000,134.000,244.90,245.00,5000.000,2500.000,246.70,246.90,364.000,2.000,244.85,245.05,7500.000,2500.000,246.65,246.95,8699.000,2348.000,32500.000,15000.000,244.775,245.180,246.585,247.000,-1.850,-1.682
2017-04-28 13:27:00,245.060,246.803,829.000,1722.000,244.95,245.00,2500.000,5000.000,246.75,246.80,2452.000,84.000,244.85,245.05,5000.000,5000.000,246.65,246.85,14447.000,4382.000,25000.000,25000.000,244.768,245.106,246.570,246.920,-1.800,-1.668
2017-04-28 13:28:00,245.202,246.848,339.000,104.000,245.15,245.25,5000.000,7500.000,246.80,247.10,839.000,617.000,245.10,245.30,2500.000,2500.000,246.75,247.15,2808.000,2340.000,17500.000,35000.000,245.047,245.378,246.714,247.221,-1.750,-1.670
2017-04-28 13:29:00,245.154,246.815,783.000,506.000,244.95,245.00,2500.000,2500.000,246.75,246.90,110.000,446.000,244.90,245.15,5000.000,2500.000,246.70,246.95,14411.000,3947.000,30000.000,27500.000,244.803,245.205,246.583,247.027,-1.850,-1.675
2017-04-28 13:30:00,245.212,246.863,2355.000,60.000,245.00,245.15,2500.000,7500.000,246.80,247.00,466.000,612.000,244.95,245.20,2500.000,2500.000,246.75,247.05,10764.000,1796.000,20000.000,27500.000,244.885,245.251,246.662,247.100,-1.825,-1.693
2017-04-28 13:31:00,245.412,247.120,389.000,25.000,245.30,245.40,5000.000,15000.000,247.05,247.30,439.000,225.000,245.25,245.45,5000.000,2500.000,247.00,247.35,7231.000,2937.000,22500.000,32500.000,245.181,245.552,246.917,247.377,-1.825,-1.713
2017-04-28 13:32:00,245.497,247.172,663.000,193.000,245.40,245.45,2500.000,12500.000,247.15,247.30,50.000,415.000,245.30,245.50,2500.000,2500.000,247.10,247.35,8664.000,3791.000,15000.000,30000.000,245.196,245.558,247.033,247.383,-1.800,-1.731
2017-04-28 13:33:00,245.423,247.077,2231.000,140.000,245.20,245.35,2500.000,5000.000,247.05,247.20,516.000,146.000,245.15,245.40,5000.000,2500.000,247.00,247.25,17140.000,3231.000,15000.000,22500.000,245.055,245.508,246.958,247.317,-1.850,-1.715
2017-04-28 13:34:00,245.587,247.276,175.000,737.000,245.60,245.70,2500.000,2500.000,247.20,247.40,300.000,8.000,245.55,245.75,2500.000,5000.000,247.10,247.45,975.000,2379.000,20000.000,22500.000,245.525,245.791,247.037,247.494,-1.650,-1.658
2017-04-28 13:35:00,245.404,247.144,407.000,30.000,245.30,245.35,5000.000,2500.000,247.05,247.20,866.000,25.000,245.25,245.40,10000.000,2500.000,247.00,247.25,5958.000,1648.000,25000.000,17500.000,245.175,245.579,246.955,247.300,-1.800,-1.607
2017-04-28 13:36:00,245.482,247.286,2391.000,1104.000,245.45,245.50,2500.000,5000.000,247.15,247.30,1982.000,6.000,245.40,245.60,7500.000,2500.000,247.10,247.40,7107.000,5015.000,30000.000,25000.000,245.374,245.688,247.042,247.470,-1.750,-1.585
2017-04-28 13:37:00,246.046,247.812,349.000,435.000,246.05,246.15,7500.000,2500.000,247.70,247.85,309.000,2708.000,246.00,246.25,5000.000,5000.000,247.65,247.90,2359.000,6706.000,30000.000,20000.000,245.928,246.296,247.596,247.950,-1.675,-1.571
2017-04-28 13:38:00,246.233,247.807,125.000,443.000,246.05,246.25,2500.000,2500.000,247.70,247.90,1946.000,318.000,246.00,246.30,5000.000,2500.000,247.65,248.00,4727.000,2272.000,17500.000,17500.000,245.928,246.357,247.579,248.050,-1.650,-1.577
2017-04-28 13:39:00,246.384,247.789,87.000,633.000,246.25,246.30,2500.000,7500.000,247.80,248.00,510.000,338.000,246.20,246.40,5000.000,5000.000,247.70,248.05,3795.000,2065.000,15000.000,32500.000,246.091,246.429,247.650,248.096,-1.625,-1.642
2017-04-28 13:40:00,246.098,247.582,1291.000,372.000,246.00,246.15,2500.000,5000.000,247.60,247.80,464.000,115.000,245.95,246.20,5000.000,2500.000,247.50,247.85,5833.000,4256.000,15000.000,27500.000,245.892,246.271,247.450,247.918,-1.625,-1.683
2017-04-28 13:41:00,245.934,247.629,22.000,402.000,246.00,246.05,5000.000,5000.000,247.50,247.70,100.000,336.000,245.95,246.10,12500.000,5000.000,247.40,247.75,1032.000,3620.000,37500.000,22500.000,245.846,246.193,247.333,247.783,-1.575,-1.688
2017-04-28 13:42:00,245.989,247.682,772.000,305.000,245.85,245.90,7500.000,5000.000,247.50,247.70,1369.000,28.000,245.80,245.95,2500.000,2500.000,247.45,247.80,6608.000,582.000,32500.000,22500.000,245.742,245.982,247.400,247.867,-1.725,-1.677
2017-04-28 13:43:00,246.119,247.726,1024.000,208.000,245.95,246.00,7500.000,2500.000,247.70,247.85,828.000,5.000,245.90,246.10,5000.000,5000.000,247.60,247.90,11269.000,2298.000,25000.000,27500.000,245.808,246.212,247.580,247.968,-1.800,-1.676
2017-04-28 13:44:00,246.072,247.800,770.000,104.000,246.00,246.10,12500.000,5000.000,247.70,247.90,512.000,138.000,245.95,246.15,2500.000,7500.000,247.65,247.95,6876.000,4909.000,30000.000,27500.000,245.852,246.274,247.617,248.000,-1.750,-1.664
2017-04-28 13:45:00,246.127,247.816,149.000,341.000,246.00,246.10,10000.000,5000.000,247.70,247.90,509.000,1918.000,245.95,246.25,5000.000,5000.000,247.60,247.95,6757.000,6863.000,32500.000,22500.000,245.844,246.291,247.573,248.000,-1.750,-1.645
2017-04-28 13:46:00,245.895,247.618,228.000,1136.000,245.70,245.85,2500.000,5000.000,247.45,247.65,714.000,85.000,245.65,245.90,15000.000,5000.000,247.40,247.70,7033.000,2842.000,37500.000,25000.000,245.538,245.945,247.340,247.765,-1.775,-1.652
2017-04-28 13:47:00,245.475,247.114,692.000,623.000,245.25,245.45,2500.000,5000.000,247.05,247.20,1250.000,797.000,245.20,245.50,5000.000,2500.000,247.00,247.25,8488.000,2941.000,17500.000,17500.000,245.118,245.534,246.914,247.300,-1.775,-1.655
2017-04-28 13:48:00,245.488,247.089,900.000,25.000,245.25,245.35,2500.000,2500.000,247.00,247.20,1194.000,117.000,245.15,245.45,2500.000,2500.000,246.95,247.30,12362.000,1674.000,15000.000,20000.000,245.055,245.529,246.883,247.381,-1.800,-1.681
2017-04-28 13:49:00,245.373,247.042,124.000,220.000,245.15,245.35,5000.000,2500.000,247.00,247.10,3925.000,350.000,245.10,245.40,2500.000,2500.000,246.90,247.15,13772.000,3639.000,27500.000,20000.000,245.032,245.484,246.795,247.231,-1.800,-1.685
2017-04-28 13:50:00,245.358,246.950,151.000,247.000,245.20,245.25,2500.000,2500.000,246.90,247.05,650.000,83.000,245.15,245.30,2500.000,5000.000,246.85,247.10,8969.000,1770.000,15000.000,20000.000,245.034,245.386,246.800,247.150,-1.750,-1.685
2017-04-28 13:51:00,245.056,246.814,2572.000,607.000,245.00,245.05,2500.000,2500.000,246.75,246.85,51.000,608.000,244.95,245.10,2500.000,2500.000,246.70,246.90,9121.000,5387.000,20000.000,15000.000,244.877,245.193,246.588,246.967,-1.775,-1.670
2017-04-28 13:52:00,245.403,247.059,180.000,417.000,245.40,245.45,2500.000,2500.000,247.00,247.15,896.000,480.000,245.30,245.50,2500.000,5000.000,246.95,247.20,2227.000,2087.000,17500.000,22500.000,245.268,245.548,246.886,247.272,-1.650,-1.656
2017-04-28 13:53:00,245.348,247.076,165.000,80.000,245.25,245.30,5000.000,5000.000,247.00,247.15,496.000,30.000,245.20,245.35,2500.000,5000.000,246.95,247.20,2267.000,791.000,17500.000,25000.000,245.151,245.494,246.900,247.290,-1.800,-1.675
2017-04-28 13:54:00,245.149,246.840,4499.000,330.000,245.00,245.10,15000.000,2500.000,246.70,246.90,384.000,125.000,244.95,245.15,2500.000,5000.000,246.65,246.95,10356.000,1429.000,32500.000,20000.000,244.918,245.187,246.615,246.994,-1.750,-1.696
2017-04-28 13:55:00,245.436,247.029,1605.000,85.000,245.20,245.30,2500.000,2500.000,247.00,247.15,279.000,7.000,245.15,245.35,10000.000,5000.000,246.90,247.20,10786.000,597.000,20000.000,22500.000,245.042,245.452,246.875,247.256,-1.825,-1.692
2017-04-28 13:56:00,245.368,247.047,2720.000,9.000,245.20,245.30,2500.000,2500.000,247.00,247.10,399.000,62.000,245.15,245.35,2500.000,2500.000,246.90,247.20,11583.000,2394.000,22500.000,22500.000,245.061,245.478,246.772,247.256,-1.800,-1.706
2017-04-28 13:57:00,245.520,247.109,136.000,375.000,245.35,245.50,5000.000,7500.000,247.05,247.30,688.000,647.000,245.30,245.55,2500.000,5000.000,247.00,247.35,4417.000,1650.000,17500.000,25000.000,245.193,245.570,246.907,247.395,-1.750,-1.739
2017-04-28 13:58:00,245.455,247.278,450.000,108.000,245.30,245.35,2500.000,2500.000,247.15,247.40,522.000,1.000,245.25,245.40,7500.000,5000.000,247.10,247.45,8828.000,1194.000,20000.000,20000.000,245.155,245.488,247.050,247.519,-1.950,-1.791
2017-04-28 13:59:00,245.513,247.308,423.000,7.000,245.35,245.40,2500.000,5000.000,247.20,247.40,607.000,87.000,245.30,245.45,2500.000,2500.000,247.15,247.45,10812.000,1306.000,22500.000,25000.000,245.199,245.552,247.078,247.525,-1.925,-1.799
2017-04-28 14:00:00,245.866,247.441,20.000,104.000,245.65,245.75,5000.000,2500.000,247.30,247.55,534.000,29.000,245.60,245.80,2500.000,5000.000,247.25,247.60,2760.000,312.000,20000.000,20000.000,245.498,245.854,247.188,247.656,-1.725,-1.852
2017-04-28 14:01:00,245.243,246.993,121.000,725.000,245.05,245.10,2500.000,2500.000,246.85,247.10,5019.000,549.000,245.00,245.20,5000.000,5000.000,246.80,247.15,13206.000,2154.000,27500.000,25000.000,244.910,245.220,246.727,247.210,-1.900,-1.852
2017-04-28 14:02:00,245.306,247.060,1084.000,180.000,245.05,245.25,5000.000,2500.000,246.90,247.15,3087.000,515.000,245.00,245.30,2500.000,2500.000,246.85,247.20,11851.000,2283.000,27500.000,25000.000,244.920,245.378,246.773,247.310,-1.875,-1.845
2017-04-28 14:03:00,244.914,246.996,272.000,203.000,244.80,244.85,5000.000,5000.000,246.75,247.00,6234.000,30.000,244.75,244.90,7500.000,2500.000,246.70,247.05,10389.000,594.000,40000.000,25000.000,244.724,244.945,246.616,247.145,-2.050,-1.782
2017-04-28 14:04:00,244.954,246.791,1156.000,96.000,244.85,244.90,2500.000,2500.000,246.65,246.80,2219.000,125.000,244.80,244.95,7500.000,5000.000,246.60,246.85,7711.000,1672.000,25000.000,15000.000,244.742,245.043,246.545,246.908,-1.850,-1.759
2017-04-28 14:05:00,245.084,246.924,3713.000,902.000,245.00,245.05,2500.000,2500.000,246.80,246.95,3782.000,21.000,244.95,245.10,5000.000,7500.000,246.75,247.00,10809.000,3394.000,25000.000,17500.000,244.923,245.189,246.680,247.036,-1.850,-1.739
2017-04-28 14:06:00,244.984,246.732,1835.000,1006.000,244.90,244.95,2500.000,7500.000,246.65,246.80,1137.000,812.000,244.85,245.00,7500.000,7500.000,246.60,246.85,7491.000,2385.000,25000.000,30000.000,244.822,245.006,246.545,246.896,-1.800,-1.730
2017-04-28 14:07:00,245.144,246.864,1458.000,987.000,245.05,245.10,2500.000,5000.000,246.80,246.95,1633.000,42.000,245.00,245.15,2500.000,7500.000,246.75,247.00,6455.000,1299.000,20000.000,35000.000,244.980,245.131,246.669,247.129,-1.800,-1.727
2017-04-28 14:08:00,244.897,246.664,5497.000,652.000,244.80,244.85,7500.000,10000.000,246.60,246.75,3255.000,907.000,244.75,244.90,10000.000,5000.000,246.50,246.80,13708.000,2462.000,32500.000,30000.000,244.723,244.920,246.481,246.833,-1.850,-1.752
2017-04-28 14:09:00,245.177,246.900,178.000,127.000,245.00,245.05,2500.000,7500.000,246.80,247.00,3222.000,23.000,244.95,245.10,2500.000,5000.000,246.75,247.05,10086.000,363.000,17500.000,25000.000,244.833,245.148,246.679,247.085,-1.875,-1.793
2017-04-28 14:10:00,245.025,246.764,318.000,618.000,244.90,244.95,5000.000,2500.000,246.60,246.80,638.000,90.000,244.85,245.00,2500.000,12500.000,246.55,246.90,5328.000,1826.000,27500.000,25000.000,244.749,245.046,246.482,246.975,-1.775,-1.824
2017-04-28 14:11:00,245.066,246.769,483.000,742.000,245.00,245.15,2500.000,2500.000,246.65,246.85,1050.000,933.000,244.90,245.20,5000.000,2500.000,246.60,246.90,7120.000,7145.000,25000.000,20000.000,244.815,245.261,246.520,246.969,-1.675,-1.871
2017-04-28 14:12:00,244.967,246.672,852.000,1993.000,244.90,244.95,5000.000,12500.000,246.55,246.80,750.000,1136.000,244.80,245.00,12500.000,5000.000,246.50,246.85,4578.000,3823.000,27500.000,30000.000,244.756,245.006,246.473,246.867,-1.750,-1.907
2017-04-28 14:13:00,244.601,246.491,406.000,81.000,244.50,244.55,2500.000,7500.000,246.35,246.45,2683.000,1590.000,244.45,244.60,5000.000,2500.000,246.30,246.50,9972.000,3363.000,35000.000,20000.000,244.375,244.670,246.225,246.550,-1.875,-1.919
2017-04-28 14:14:00,244.502,246.430,2370.000,14.000,244.35,244.40,25000.000,2500.000,246.20,246.30,449.000,13.000,244.30,244.45,2500.000,7500.000,246.15,246.40,13565.000,1354.000,60000.000,22500.000,244.220,244.531,246.096,246.489,-1.875,-1.909
2017-04-28 14:15:00,244.201,246.096,698.000,5188.000,244.10,244.15,7500.000,7500.000,245.80,246.00,1274.000,273.000,244.05,244.20,112500.000,7500.000,245.75,246.10,17484.000,6595.000,205000.000,25000.000,244.002,244.175,245.687,246.105,-1.775,-1.887
2017-04-28 14:16:00,244.402,246.338,685.000,1764.000,244.25,244.40,7500.000,7500.000,246.00,246.25,70.000,814.000,244.20,244.45,5000.000,7500.000,245.95,246.40,5775.000,3497.000,70000.000,25000.000,244.122,244.458,245.855,246.390,-1.800,-1.855
2017-04-28 14:17:00,244.172,246.057,6615.000,3458.000,244.00,244.15,15000.000,12500.000,245.85,246.00,1491.000,1382.000,243.95,244.20,30000.000,7500.000,245.80,246.10,15545.000,5784.000,117500.000,32500.000,243.923,244.195,245.761,246.100,-1.850,-1.784
2017-04-28 14:18:00,244.099,246.051,350.000,163.000,244.00,244.05,20000.000,2500.000,245.75,245.95,1563.000,129.000,243.95,244.10,30000.000,10000.000,245.70,246.00,5087.000,1063.000,132500.000,27500.000,243.905,244.170,245.638,246.086,-1.825,-1.725
2017-04-28 14:19:00,244.240,246.116,60.000,425.000,244.10,244.15,2500.000,2500.000,245.90,246.05,6680.000,91.000,244.05,244.20,2500.000,7500.000,245.85,246.10,14932.000,2197.000,57500.000,22500.000,243.996,244.328,245.741,246.144,-1.850,-1.705
2017-04-28 14:20:00,244.207,245.993,124.000,541.000,244.10,244.15,7500.000,5000.000,245.80,245.95,1101.000,2165.000,244.05,244.20,15000.000,5000.000,245.75,246.00,7789.000,3380.000,107500.000,27500.000,243.968,244.214,245.653,246.050,-1.750,-1.707
2017-04-28 14:21:00,244.171,245.949,36.000,1390.000,244.05,244.10,22500.000,2500.000,245.85,245.90,6523.000,125.000,244.00,244.15,12500.000,7500.000,245.75,245.95,13825.000,3882.000,97500.000,27500.000,243.925,244.172,245.710,246.018,-1.800,-1.680
2017-04-28 14:22:00,244.671,246.200,204.000,922.000,244.50,244.65,5000.000,2500.000,246.10,246.30,497.000,460.000,244.45,244.70,7500.000,5000.000,246.00,246.35,4947.000,2670.000,35000.000,30000.000,244.347,244.722,245.932,246.417,-1.625,-1.698
2017-04-28 14:23:00,244.578,246.238,2831.000,1954.000,244.40,244.50,2500.000,10000.000,246.20,246.30,5354.000,15.000,244.35,244.55,2500.000,10000.000,246.15,246.35,18140.000,2723.000,20000.000,30000.000,244.289,244.539,246.062,246.367,-1.800,-1.712
2017-04-28 14:24:00,244.247,246.020,1824.000,7148.000,244.10,244.20,2500.000,2500.000,245.90,245.95,7350.000,1902.000,244.05,244.25,10000.000,7500.000,245.85,246.00,30988.000,10097.000,85000.000,25000.000,243.996,244.228,245.768,246.040,-1.775,-1.691
2017-04-28 14:25:00,244.275,246.069,2437.000,4897.000,244.15,244.20,5000.000,7500.000,245.90,246.00,6435.000,921.000,244.10,244.25,25000.000,10000.000,245.85,246.05,32258.000,6911.000,77500.000,32500.000,244.040,244.237,245.774,246.100,-1.775,-1.691
2017-04-28 14:26:00,244.832,246.478,555.000,476.000,244.65,244.80,5000.000,2500.000,246.45,246.60,7066.000,4.000,244.60,244.85,5000.000,2500.000,246.40,246.65,15434.000,3424.000,22500.000,22500.000,244.542,244.964,246.339,246.739,-1.800,-1.705
2017-04-28 14:27:00,244.843,246.460,550.000,1272.000,244.65,244.75,5000.000,2500.000,246.40,246.55,450.000,359.000,244.60,244.80,2500.000,7500.000,246.35,246.60,12102.000,2020.000,17500.000,20000.000,244.505,244.786,246.314,246.644,-1.775,-1.720
2017-04-28 14:28:00,244.583,246.313,3319.000,650.000,244.40,244.50,2500.000,5000.000,246.25,246.40,6450.000,142.000,244.35,244.55,7500.000,5000.000,246.20,246.50,19694.000,1218.000,20000.000,27500.000,244.302,244.569,246.156,246.555,-1.875,-1.707
2017-04-28 14:29:00,244.712,246.378,4.000,680.000,244.60,244.65,2500.000,2500.000,246.30,246.50,500.000,1923.000,244.55,244.70,7500.000,7500.000,246.20,246.55,7282.000,3640.000,20000.000,20000.000,244.450,244.713,246.169,246.588,-1.775,-1.707
2017-04-28 14:30:00,244.490,246.284,7730.000,1654.000,244.25,244.50,2500.000,5000.000,246.10,246.30,1987.000,689.000,244.20,244.55,2500.000,7500.000,246.05,246.35,18804.000,5051.000,57500.000,30000.000,244.169,244.600,245.941,246.408,-1.825,-1.656
2017-04-28 14:31:00,244.435,246.154,616.000,1069.000,244.35,244.40,2500.000,2500.000,246.10,246.20,3693.000,1318.000,244.25,244.45,30000.000,5000.000,246.00,246.25,11219.000,4231.000,40000.000,20000.000,244.185,244.497,245.978,246.331,-1.775,-1.594
2017-04-28 14:32:00,244.699,246.388,131.000,485.000,244.60,244.65,2500.000,2500.000,246.35,246.50,3001.000,392.000,244.50,244.70,5000.000,5000.000,246.30,246.55,10863.000,2865.000,17500.000,25000.000,244.435,244.765,246.243,246.605,-1.800,-1.582
2017-04-28 14:33:00,244.540,246.207,5417.000,442.000,244.30,244.50,2500.000,5000.000,246.10,246.30,5656.000,895.000,244.25,244.55,30000.000,2500.000,246.00,246.35,18175.000,2355.000,55000.000,32500.000,244.220,244.564,245.945,246.415,-1.800,-1.559
2017-04-28 14:34:00,244.714,246.376,103.000,95.000,244.60,244.65,2500.000,10000.000,246.35,246.50,749.000,775.000,244.55,244.75,2500.000,2500.000,246.30,246.55,10665.000,5682.000,22500.000,35000.000,244.474,244.794,246.167,246.586,-1.800,-1.542
2017-04-28 14:35:00,244.848,246.391,873.000,314.000,244.65,244.75,2500.000,5000.000,246.30,246.45,1150.000,1319.000,244.60,244.80,2500.000,22500.000,246.20,246.50,12419.000,2636.000,40000.000,40000.000,244.492,244.832,246.041,246.528,-1.675,-1.557
2017-04-28 14:36:00,244.800,246.210,144.000,200.000,244.55,244.70,5000.000,2500.000,246.20,246.35,1968.000,130.000,244.50,244.75,7500.000,2500.000,246.10,246.40,11891.000,1909.000,30000.000,35000.000,244.395,244.797,246.054,246.504,-1.650,-1.624
2017-04-28 14:37:00,244.753,246.380,150.000,1425.000,244.75,244.80,2500.000,15000.000,246.30,246.50,1009.000,250.000,244.70,244.85,2500.000,5000.000,246.25,246.55,3217.000,4268.000,22500.000,35000.000,244.638,244.917,246.150,246.564,-1.625,-1.656
2017-04-28 14:38:00,245.585,247.138,60.000,175.000,245.35,245.45,2500.000,2500.000,247.05,247.25,354.000,1632.000,245.30,245.55,5000.000,5000.000,247.00,247.30,11049.000,2481.000,20000.000,22500.000,245.196,245.570,246.944,247.367,-1.750,-1.692
2017-04-28 14:39:00,245.147,246.723,1071.000,927.000,245.00,245.05,2500.000,7500.000,246.75,246.90,2888.000,9.000,244.95,245.10,2500.000,5000.000,246.70,246.95,12422.000,1055.000,25000.000,67500.000,244.889,245.068,246.575,246.998,-1.800,-1.716
2017-04-28 14:40:00,245.196,246.812,593.000,42.000,245.00,245.15,2500.000,2500.000,246.75,246.95,480.000,4.000,244.95,245.20,5000.000,2500.000,246.70,247.00,10436.000,2503.000,17500.000,22500.000,244.862,245.337,246.650,247.133,-1.775,-1.736
2017-04-28 14:41:00,245.131,246.879,250.000,724.000,244.90,245.10,2500.000,2500.000,246.70,246.90,6047.000,263.000,244.85,245.15,2500.000,2500.000,246.65,246.95,14891.000,3365.000,25000.000,17500.000,244.791,245.212,246.570,247.021,-1.800,-1.725
2017-04-28 14:42:00,245.077,246.864,250.000,1168.000,244.90,245.00,5000.000,10000.000,246.70,246.90,6581.000,240.000,244.85,245.05,2500.000,2500.000,246.65,246.95,15540.000,2100.000,25000.000,20000.000,244.793,245.041,246.590,246.981,-1.850,-1.736
2017-04-28 14:43:00,245.094,246.826,214.000,1471.000,245.00,245.05,2500.000,12500.000,246.75,246.90,2500.000,315.000,244.95,245.10,5000.000,2500.000,246.70,246.95,12495.000,3719.000,17500.000,25000.000,244.897,245.152,246.650,246.985,-1.800,-1.724
2017-04-28 14:44:00,245.162,246.860,216.000,152.000,245.00,245.10,2500.000,2500.000,246.80,246.95,4183.000,388.000,244.95,245.15,5000.000,2500.000,246.70,247.00,12159.000,2506.000,20000.000,17500.000,244.876,245.236,246.631,247.064,-1.825,-1.733
2017-04-28 14:45:00,244.894,246.609,1248.000,986.000,244.80,244.85,2500.000,2500.000,246.60,246.70,5000.000,732.000,244.75,244.90,7500.000,7500.000,246.50,246.75,12508.000,4114.000,20000.000,20000.000,244.693,244.948,246.431,246.812,-1.825,-1.734
2017-04-28 14:46:00,244.915,246.609,4773.000,17.000,244.75,244.80,2500.000,5000.000,246.60,246.75,1360.000,1126.000,244.70,244.85,5000.000,2500.000,246.50,246.80,26210.000,1814.000,17500.000,25000.000,244.617,244.894,246.421,246.915,-1.900,-1.709
2017-04-28 14:47:00,245.053,246.894,1051.000,63.000,244.90,244.95,2500.000,5000.000,246.70,246.90,4453.000,39.000,244.85,245.00,5000.000,10000.000,246.65,247.00,14587.000,834.000,22500.000,22500.000,244.780,245.101,246.556,247.072,-1.875,-1.680
2017-04-28 14:48:00,244.927,246.597,5153.000,4499.000,244.85,244.90,2500.000,2500.000,246.60,246.70,830.000,612.000,244.80,244.95,5000.000,7500.000,246.50,246.75,12943.000,6197.000,17500.000,22500.000,244.773,244.926,246.436,246.811,-1.775,-1.686
2017-04-28 14:49:00,244.786,246.528,4481.000,5555.000,244.65,244.75,2500.000,7500.000,246.50,246.60,7931.000,671.000,244.60,244.85,5000.000,2500.000,246.40,246.70,20982.000,9500.000,17500.000,22500.000,244.561,244.837,246.321,246.739,-1.850,-1.675
2017-04-28 14:50:00,244.769,246.492,11827.000,1556.000,244.60,244.75,2500.000,2500.000,246.45,246.55,1074.000,110.000,244.55,244.80,2500.000,7500.000,246.40,246.60,19187.000,2481.000,15000.000,17500.000,244.553,244.798,246.300,246.636,-1.825,-1.669
2017-04-28 14:51:00,244.903,246.469,389.000,398.000,244.65,244.90,2500.000,2500.000,246.40,246.50,6022.000,502.000,244.60,244.95,5000.000,2500.000,246.35,246.55,16240.000,4340.000,17500.000,15000.000,244.553,245.001,246.293,246.642,-1.675,-1.693
2017-04-28 14:52:00,244.724,246.425,1533.000,3510.000,244.60,244.70,2500.000,10000.000,246.30,246.50,911.000,217.000,244.55,244.75,10000.000,5000.000,246.25,246.55,11338.000,7152.000,27500.000,22500.000,244.478,244.809,246.205,246.561,-1.750,-1.667
2017-04-28 14:53:00,244.979,246.675,319.000,155.000,244.85,245.00,2500.000,5000.000,246.60,246.80,1112.000,213.000,244.80,245.05,5000.000,2500.000,246.55,246.85,8020.000,3350.000,25000.000,30000.000,244.754,245.151,246.495,246.917,-1.775,-1.656
2017-04-28 14:54:00,244.971,246.659,1639.000,763.000,244.75,244.90,5000.000,2500.000,246.55,246.75,3003.000,1190.000,244.70,244.95,7500.000,10000.000,246.50,246.80,11717.000,2276.000,22500.000,20000.000,244.627,244.945,246.472,246.831,-1.825,-1.645
2017-04-28 14:55:00,244.873,246.568,1941.000,524.000,244.65,244.80,5000.000,2500.000,246.50,246.65,1152.000,1155.000,244.60,244.90,2500.000,7500.000,246.40,246.70,13250.000,3548.000,22500.000,20000.000,244.533,244.942,246.361,246.744,-1.850,-1.648
2017-04-28 14:56:00,244.900,246.584,2789.000,1302.000,244.70,244.80,5000.000,10000.000,246.50,246.70,3817.000,101.000,244.65,244.90,7500.000,2500.000,246.40,246.75,16018.000,2718.000,22500.000,25000.000,244.593,244.909,246.372,246.770,-1.850,-1.663
2017-04-28 14:57:00,245.048,246.618,577.000,1128.000,244.90,244.95,5000.000,5000.000,246.55,246.75,10.000,282.000,244.85,245.00,2500.000,5000.000,246.50,246.80,8706.000,2861.000,17500.000,25000.000,244.722,245.046,246.457,246.840,-1.725,-1.710
2017-04-28 14:58:00,244.996,246.637,640.000,1942.000,244.90,244.95,2500.000,5000.000,246.55,246.75,10.000,1396.000,244.85,245.00,2500.000,10000.000,246.50,246.80,6730.000,4688.000,17500.000,22500.000,244.740,245.019,246.400,246.822,-1.725,-1.694
2017-04-28 14:59:00,244.848,246.484,311.000,791.000,244.70,244.75,2500.000,2500.000,246.45,246.60,1533.000,1043.000,244.65,244.85,7500.000,10000.000,246.40,246.65,13331.000,4201.000,25000.000,37500.000,244.567,244.911,246.315,246.703,-1.800,-1.695
2017-04-28 15:00:00,244.672,246.381,1000.000,185.000,244.60,244.70,5000.000,5000.000,246.30,246.50,910.000,414.000,244.55,244.75,5000.000,10000.000,246.25,246.55,8241.000,5565.000,32500.000,40000.000,244.472,244.859,246.181,246.613,-1.750,-1.717
2017-04-28 15:01:00,244.679,246.437,2754.000,1311.000,244.50,244.65,2500.000,12500.000,246.35,246.50,1591.000,1419.000,244.45,244.70,5000.000,2500.000,246.30,246.55,17721.000,6547.000,22500.000,25000.000,244.360,244.769,246.244,246.565,-1.850,-1.737
2017-04-28 15:02:00,244.523,246.326,1008.000,802.000,244.35,244.45,2500.000,7500.000,246.15,246.35,7365.000,240.000,244.30,244.50,5000.000,7500.000,246.10,246.40,17961.000,1972.000,27500.000,25000.000,244.250,244.524,246.032,246.480,-1.850,-1.708
2017-04-28 15:03:00,244.943,246.506,439.000,9.000,244.75,244.85,2500.000,2500.000,246.50,246.65,917.000,1799.000,244.70,245.00,2500.000,2500.000,246.45,246.70,11408.000,4815.000,15000.000,27500.000,244.618,245.076,246.367,246.805,-1.775,-1.696
2017-04-28 15:04:00,244.552,246.193,104.000,2796.000,244.40,244.55,5000.000,2500.000,246.10,246.30,544.000,779.000,244.35,244.60,5000.000,5000.000,246.05,246.35,11939.000,7622.000,30000.000,27500.000,244.255,244.622,245.992,246.409,-1.725,-1.681
2017-04-28 15:05:00,245.304,247.122,1433.000,354.000,245.15,245.20,42500.000,5000.000,247.00,247.10,1794.000,113.000,245.10,245.25,5000.000,7500.000,246.90,247.15,18250.000,2162.000,135000.000,37500.000,245.014,245.323,246.882,247.230,-1.875,-1.667
2017-04-28 15:06:00,245.290,247.151,5480.000,451.000,245.15,245.30,32500.000,7500.000,247.00,247.10,369.000,467.000,245.10,245.35,2500.000,15000.000,246.90,247.20,23943.000,9593.000,122500.000,35000.000,245.039,245.459,246.872,247.211,-1.825,-1.625
2017-04-28 15:07:00,245.821,247.479,391.000,2190.000,245.70,245.80,27500.000,5000.000,247.50,247.55,6312.000,154.000,245.65,245.90,2500.000,7500.000,247.40,247.60,20468.000,14246.000,40000.000,32500.000,245.560,245.964,247.428,247.638,-1.775,-1.656
2017-04-28 15:08:00,245.807,247.311,5.000,609.000,245.75,245.90,2500.000,7500.000,247.35,247.55,3620.000,3339.000,245.65,245.95,5000.000,5000.000,247.30,247.60,10667.000,10922.000,15000.000,32500.000,245.571,246.012,247.200,247.700,-1.625,-1.697
2017-04-28 15:09:00,245.457,247.022,710.000,403.000,245.35,245.45,2500.000,5000.000,247.05,247.15,389.000,1082.000,245.30,245.50,5000.000,52500.000,247.00,247.20,7061.000,5152.000,15000.000,77500.000,245.200,245.540,246.950,247.235,-1.700,-1.730
2017-04-28 15:10:00,245.615,247.361,2550.000,375.000,245.50,245.60,7500.000,5000.000,247.30,247.50,2229.000,610.000,245.45,245.65,2500.000,7500.000,247.25,247.55,13401.000,5196.000,25000.000,30000.000,245.378,245.760,247.185,247.600,-1.850,-1.720
2017-04-28 15:11:00,245.779,247.433,1657.000,239.000,245.55,245.70,5000.000,2500.000,247.40,247.55,3158.000,981.000,245.50,245.75,5000.000,5000.000,247.35,247.60,19184.000,2917.000,20000.000,30000.000,245.419,245.814,247.306,247.658,-1.850,-1.729
2017-04-28 15:12:00,245.450,247.259,3168.000,1270.000,245.40,245.45,5000.000,2500.000,247.15,247.30,2351.000,90.000,245.35,245.50,2500.000,2500.000,247.10,247.35,7550.000,3020.000,22500.000,17500.000,245.344,245.542,247.039,247.429,-1.800,-1.717
2017-04-28 15:13:00,245.431,247.139,890.000,524.000,245.30,245.40,2500.000,5000.000,247.10,247.20,1561.000,1382.000,245.25,245.50,5000.000,15000.000,247.05,247.30,7099.000,4093.000,17500.000,30000.000,245.174,245.553,246.993,247.338,-1.800,-1.734
2017-04-28 15:14:00,245.139,246.874,4828.000,752.000,245.05,245.10,2500.000,5000.000,246.90,246.95,2877.000,243.000,245.00,245.15,5000.000,12500.000,246.80,247.00,15942.000,4883.000,15000.000,27500.000,244.945,245.227,246.767,247.041,-1.850,-1.755
2017-04-28 15:15:00,245.805,247.496,154.000,205.000,245.85,245.90,2500.000,2500.000,247.60,247.65,876.000,3242.000,245.80,245.95,7500.000,5000.000,247.50,247.75,2476.000,8913.000,17500.000,52500.000,245.757,245.997,247.471,247.848,-1.750,-1.762
2017-04-28 15:16:00,245.772,247.471,1.000,1916.000,245.85,245.95,5000.000,2500.000,247.40,247.60,178.000,1045.000,245.80,246.00,2500.000,2500.000,247.35,247.65,1053.000,11970.000,17500.000,17500.000,245.727,246.055,247.286,247.721,-1.600,-1.768
2017-04-28 15:17:00,246.521,248.273,258.000,497.000,246.50,246.65,2500.000,2500.000,248.20,248.40,50.000,433.000,246.40,246.70,2500.000,2500.000,248.15,248.45,5598.000,7343.000,17500.000,20000.000,246.292,246.803,248.086,248.537,-1.725,-1.754
2017-04-28 15:18:00,246.501,248.295,799.000,430.000,246.55,246.60,2500.000,2500.000,248.25,248.50,20.000,426.000,246.50,246.65,2500.000,5000.000,248.20,248.55,1770.000,3431.000,17500.000,32500.000,246.464,246.745,248.136,248.627,-1.800,-1.747
2017-04-28 15:19:00,246.034,247.870,86.000,606.000,246.10,246.15,5000.000,2500.000,247.80,247.95,29.000,720.000,246.05,246.20,2500.000,5000.000,247.75,248.00,545.000,5119.000,17500.000,20000.000,245.956,246.244,247.700,248.075,-1.750,-1.699
2017-04-28 15:20:00,246.976,248.705,339.000,374.000,247.00,247.15,2500.000,2500.000,248.70,248.90,309.000,25.000,246.90,247.20,2500.000,2500.000,248.65,248.95,4444.000,8685.000,22500.000,50000.000,246.786,247.301,248.539,249.020,-1.725,-1.693
2017-04-28 15:21:00,246.934,248.662,479.000,1457.000,247.00,247.15,2500.000,2500.000,248.70,248.80,50.000,897.000,246.85,247.20,7500.000,7500.000,248.65,248.90,3385.000,9106.000,17500.000,52500.000,246.786,247.259,248.614,248.974,-1.675,-1.701
2017-04-28 15:22:00,246.647,248.328,50.000,1245.000,246.60,246.70,2500.000,5000.000,248.35,248.60,23.000,60.000,246.55,246.75,5000.000,5000.000,248.30,248.65,1367.000,2383.000,20000.000,65000.000,246.444,246.774,248.213,248.798,-1.825,-1.720
2017-04-28 15:23:00,246.426,248.187,35.000,560.000,246.40,246.45,5000.000,10000.000,248.05,248.30,103.000,242.000,246.30,246.50,22500.000,2500.000,248.00,248.35,3049.000,2424.000,42500.000,35000.000,246.223,246.554,247.965,248.404,-1.750,-1.693
2017-04-28 15:24:00,246.870,248.468,597.000,103.000,246.80,246.90,5000.000,5000.000,248.40,248.65,10.000,709.000,246.75,246.95,2500.000,2500.000,248.35,248.70,5905.000,5926.000,37500.000,65000.000,246.644,247.016,248.263,248.765,-1.675,-1.709
2017-04-28 15:25:00,246.445,248.140,350.000,507.000,246.45,246.55,2500.000,5000.000,248.05,248.20,125.000,1350.000,246.40,246.60,27500.000,2500.000,248.00,248.25,5312.000,8183.000,45000.000,27500.000,246.259,246.679,247.975,248.332,-1.625,-1.727
2017-04-28 15:26:00,246.596,248.366,114.000,226.000,246.60,246.70,7500.000,2500.000,248.35,248.50,718.000,233.000,246.55,246.75,5000.000,2500.000,248.30,248.55,5430.000,6407.000,30000.000,47500.000,246.499,246.877,248.254,248.629,-1.775,-1.727
2017-04-28 15:27:00,246.660,248.438,3257.000,1059.000,246.75,246.80,5000.000,7500.000,248.50,248.60,658.000,1025.000,246.70,246.85,7500.000,12500.000,248.40,248.65,6442.000,17725.000,32500.000,80000.000,246.698,246.960,248.335,248.733,-1.775,-1.727
2017-04-28 15:28:00,246.043,247.666,480.000,50.000,246.00,246.15,5000.000,5000.000,247.65,247.75,50.000,3534.000,245.95,246.20,10000.000,7500.000,247.60,247.80,3110.000,8095.000,25000.000,22500.000,245.875,246.501,247.530,247.839,-1.625,-1.727
2017-04-28 15:29:00,245.755,247.432,100.000,98.000,245.70,245.75,2500.000,2500.000,247.30,247.50,250.000,48.000,245.65,245.90,2500.000,7500.000,247.25,247.55,4340.000,8888.000,22500.000,20000.000,245.488,246.080,247.167,247.594,-1.675,-1.727
2017-04-28 15:30:00,245.033,246.820,37.000,62.000,244.85,245.00,2500.000,22500.000,246.60,247.00,50.000,2500.000,244.80,245.80,5000.000,2500.000,246.55,247.25,3251.000,7800.000,20000.000,37500.000,244.548,245.928,246.481,247.167,-1.875,-1.727
